scenario,policy,seed,time_s,tx_total,tx_per_node_per_min,rmse_m
none_moving,baseline,1043,0,0,,40.425794479498926
none_moving,baseline,1043,1,0,0,40.425794479498926
none_moving,baseline,1043,2,32,96,40.453846815259936
none_moving,baseline,1043,3,39,78,40.326229627041265
none_moving,baseline,1043,4,72,108,40.22166328980591
none_moving,baseline,1043,5,78,93.60000000000001,40.14263357369914
none_moving,baseline,1043,6,111,110.99999999999999,40.082854908151155
none_moving,baseline,1043,7,117,100.28571428571428,40.05267428308275
none_moving,baseline,1043,8,150,112.5,40.03362486835538
none_moving,baseline,1043,9,156,104,40.02023880779668
none_moving,baseline,1043,10,190,114,40.01073805047424
none_moving,baseline,1043,11,196,106.90909090909092,40.00726650044169
none_moving,baseline,1043,12,230,115,40.00491872292286
none_moving,baseline,1043,13,234,107.99999999999999,40.001755165822075
none_moving,baseline,1043,14,268,114.85714285714286,40.000503789367926
none_moving,baseline,1043,15,275,110,40.00110615956738
none_moving,baseline,1043,16,308,115.5,40.002382405440244
none_moving,baseline,1043,17,315,111.17647058823529,40.00052782405486
none_moving,baseline,1043,18,349,116.33333333333333,39.99727174293733
none_moving,baseline,1043,19,356,112.42105263157896,39.99327122744965
none_moving,baseline,1043,20,389,116.7,39.99144194666502
none_moving,baseline,1043,21,395,112.85714285714286,39.99085852796405
none_moving,baseline,1043,22,429,117,39.98941462222041
none_moving,baseline,1043,23,436,113.73913043478261,39.98831709781215
none_moving,baseline,1043,24,469,117.24999999999999,39.985416847852456
none_moving,baseline,1043,25,476,114.24,39.978362381121016
none_moving,baseline,1043,26,510,117.6923076923077,39.97369807652858
none_moving,baseline,1043,27,517,114.88888888888889,39.96818998814113
none_moving,baseline,1043,28,551,118.07142857142857,39.96187711650103
none_moving,baseline,1043,29,558,115.44827586206895,39.963173122570765
none_moving,baseline,1043,30,590,118,39.965957511170046
none_moving,baseline,1043,31,598,115.74193548387095,39.98382672066548
none_moving,baseline,1043,32,630,118.125,40.001342207431975
none_moving,baseline,1043,33,636,115.63636363636363,39.999434491202635
none_moving,baseline,1043,34,668,117.88235294117646,39.99741557237908
none_moving,baseline,1043,35,675,115.71428571428571,40.005380145597584
none_moving,baseline,1043,36,712,118.66666666666667,40.01090007315928
none_moving,baseline,1043,37,718,116.43243243243242,40.01097445604056
none_moving,baseline,1043,38,752,118.73684210526316,40.01134649221259
none_moving,baseline,1043,39,759,116.76923076923077,40.000286705306976
none_moving,baseline,1043,40,793,118.95,39.99150433405826
none_moving,baseline,1043,41,803,117.51219512195121,39.98992844565509
none_moving,baseline,1043,42,837,119.57142857142858,39.98647185285321
none_moving,baseline,1043,43,843,117.62790697674419,39.989613028672814
none_moving,baseline,1043,44,875,119.31818181818183,39.99385532725104
none_moving,baseline,1043,45,880,117.33333333333333,40.00401983805616
none_moving,baseline,1043,46,917,119.6086956521739,40.01256113889683
none_moving,baseline,1043,47,923,117.82978723404256,40.014683802967866
none_moving,baseline,1043,48,956,119.49999999999999,40.0128702178218
none_moving,baseline,1043,49,963,117.91836734693878,40.02439179225293
none_moving,baseline,1043,50,995,119.39999999999999,40.03225670979163
none_moving,baseline,1043,51,1005,118.23529411764706,40.02773523270265
none_moving,baseline,1043,52,1038,119.76923076923076,40.023102274630894
none_moving,baseline,1043,53,1044,118.18867924528303,40.02153895807514
none_moving,baseline,1043,54,1077,119.66666666666667,40.02179845765047
none_moving,baseline,1043,55,1084,118.25454545454546,40.0152047895881
none_moving,baseline,1043,56,1120,120,40.00953806514824
none_moving,baseline,1043,57,1127,118.63157894736842,40.004847053497606
none_moving,baseline,1043,58,1161,120.10344827586206,39.99913531273622
none_moving,baseline,1043,59,1168,118.77966101694916,39.99643112838658
none_moving,baseline,1043,60,1200,120,39.99693174699312
none_moving,baseline,1043,61,1210,119.01639344262296,39.99550872834789
none_moving,baseline,1043,62,1242,120.19354838709677,39.99379237206994
none_moving,baseline,1043,63,1248,118.85714285714285,40.00893686572255
none_moving,baseline,1043,64,1281,120.09375,40.01849784371743
none_moving,baseline,1043,65,1287,118.8,40.01294576688667
none_moving,baseline,1043,66,1323,120.27272727272727,40.01177008749433
none_moving,baseline,1043,67,1330,119.1044776119403,40.01543322654486
none_moving,baseline,1043,68,1362,120.17647058823529,40.01929499506093
none_moving,baseline,1043,69,1368,118.95652173913045,40.022605591976316
none_moving,baseline,1043,70,1401,120.08571428571427,40.027365802412206
none_moving,baseline,1043,71,1411,119.2394366197183,40.03238829823142
none_moving,baseline,1043,72,1445,120.41666666666667,40.03865897054672
none_moving,baseline,1043,73,1452,119.34246575342466,40.04440033336007
none_moving,baseline,1043,74,1485,120.4054054054054,40.04873551572416
none_moving,baseline,1043,75,1491,119.28,40.04762495193228
none_moving,baseline,1043,76,1527,120.55263157894737,40.047237313500794
none_moving,baseline,1043,77,1534,119.53246753246752,40.049877827379056
none_moving,baseline,1043,78,1567,120.53846153846152,40.050116193653366
none_moving,baseline,1043,79,1574,119.54430379746836,40.04768459550468
none_moving,baseline,1043,80,1608,120.60000000000001,40.04368925498435
none_moving,baseline,1043,81,1618,119.85185185185185,40.04224894307411
none_moving,baseline,1043,82,1650,120.73170731707317,40.039414960364844
none_moving,baseline,1043,83,1656,119.71084337349397,40.03012124310135
none_moving,baseline,1043,84,1690,120.71428571428572,40.025356675394235
none_moving,baseline,1043,85,1697,119.78823529411763,40.02513308895814
none_moving,baseline,1043,86,1734,120.97674418604652,40.02727969669903
none_moving,baseline,1043,87,1740,120,40.0190085887559
none_moving,baseline,1043,88,1773,120.88636363636365,40.01137057958205
none_moving,baseline,1043,89,1779,119.93258426966293,40.015333614781596
none_moving,baseline,1043,90,1813,120.86666666666667,40.02042923132577
none_moving,baseline,1043,91,1822,120.13186813186813,40.02766304661284
none_moving,baseline,1043,92,1853,120.84782608695652,40.03447539937297
none_moving,baseline,1043,93,1860,120,40.01719146863428
none_moving,baseline,1043,94,1894,120.8936170212766,40.0065650547342
none_moving,baseline,1043,95,1901,120.06315789473685,39.99217362458792
none_moving,baseline,1043,96,1937,121.06249999999999,39.979544548704496
none_moving,baseline,1043,97,1943,120.18556701030928,39.98228318569573
none_moving,baseline,1043,98,1977,121.0408163265306,39.98344389102931
none_moving,baseline,1043,99,1983,120.1818181818182,39.975785834660485
none_moving,baseline,1043,100,2017,121.01999999999998,39.971414048578595
none_moving,baseline,1043,101,2025,120.29702970297029,39.96724248327666
none_moving,baseline,1043,102,2059,121.11764705882354,39.96515294963319
none_moving,baseline,1043,103,2065,120.29126213592234,39.95865180632526
none_moving,baseline,1043,104,2098,121.03846153846155,39.95489464061365
none_moving,baseline,1043,105,2105,120.28571428571429,39.96123059496734
none_moving,baseline,1043,106,2140,121.13207547169812,39.9658883449928
none_moving,baseline,1043,107,2146,120.33644859813083,39.97922434924823
none_moving,baseline,1043,108,2179,121.05555555555556,39.98619661287794
none_moving,baseline,1043,109,2186,120.3302752293578,39.97048042396656
none_moving,baseline,1043,110,2219,121.03636363636365,39.95995621060118
none_moving,baseline,1043,111,2229,120.48648648648648,39.961916811373925
none_moving,baseline,1043,112,2263,121.23214285714286,39.964664154630775
none_moving,baseline,1043,113,2268,120.42477876106196,39.979039306303925
none_moving,baseline,1043,114,2302,121.15789473684211,39.992647540448594
none_moving,baseline,1043,115,2308,120.41739130434783,39.974775460568324
none_moving,baseline,1043,116,2344,121.24137931034483,39.960533898402396
none_moving,baseline,1043,117,2351,120.56410256410257,39.970204837397894
none_moving,baseline,1043,118,2385,121.27118644067798,39.978472608763575
none_moving,baseline,1043,119,2390,120.50420168067227,39.987459864850834
none_moving,baseline,1043,120,2423,121.15,39.99270928716585
none_moving,baseline,1043,121,2432,120.59504132231405,39.98993024224484
none_moving,baseline,1043,122,2466,121.27868852459017,39.98536246153909
none_moving,baseline,1043,123,2473,120.63414634146343,39.977350107550166
none_moving,baseline,1043,124,2507,121.3064516129032,39.96902784364584
none_moving,baseline,1043,125,2513,120.624,39.969012944741316
none_moving,baseline,1043,126,2549,121.38095238095238,39.96892969967836
none_moving,baseline,1043,127,2556,120.75590551181102,39.96496336928541
none_moving,baseline,1043,128,2588,121.3125,39.96499968272618
none_moving,baseline,1043,129,2595,120.69767441860466,39.97434195966282
none_moving,baseline,1043,130,2629,121.33846153846153,39.97930842670535
none_moving,baseline,1043,131,2638,120.82442748091604,39.972463827179396
none_moving,baseline,1043,132,2672,121.45454545454544,39.968195895095675
none_moving,baseline,1043,133,2678,120.81203007518796,39.961384917410534
none_moving,baseline,1043,134,2711,121.38805970149255,39.9580042845493
none_moving,baseline,1043,135,2716,120.71111111111112,39.948061768411605
none_moving,baseline,1043,136,2753,121.45588235294119,39.941010844514224
none_moving,baseline,1043,137,2759,120.83211678832116,39.94750255979575
none_moving,baseline,1043,138,2792,121.3913043478261,39.95465149408678
none_moving,baseline,1043,139,2798,120.77697841726618,39.95604310756227
none_moving,baseline,1043,140,2829,121.24285714285712,39.95708930253988
none_moving,baseline,1043,141,2838,120.76595744680851,39.96393918062135
none_moving,baseline,1043,142,2872,121.35211267605634,39.97009175747713
none_moving,baseline,1043,143,2879,120.79720279720279,39.98156046144287
none_moving,baseline,1043,144,2912,121.33333333333333,39.99349386288342
none_moving,baseline,1043,145,2917,120.70344827586207,39.99572837009225
none_moving,baseline,1043,146,2953,121.35616438356166,39.99489379986214
none_moving,baseline,1043,147,2958,120.73469387755101,39.986302800037954
none_moving,baseline,1043,148,2990,121.21621621621621,39.98104784029808
none_moving,baseline,1043,149,2996,120.64429530201343,39.9947863868593
none_moving,baseline,1043,150,3029,121.16,40.00669964816793
none_moving,baseline,1043,151,3038,120.71523178807948,40.0087279230389
none_moving,baseline,1043,152,3072,121.26315789473685,40.005124746042846
none_moving,baseline,1043,153,3078,120.70588235294119,39.984402567401055
none_moving,baseline,1043,154,3110,121.16883116883116,39.971664588572146
none_moving,baseline,1043,155,3117,120.65806451612902,39.970414633978734
none_moving,baseline,1043,156,3154,121.30769230769229,39.97104375315235
none_moving,baseline,1043,157,3159,120.72611464968152,39.97532330458261
none_moving,baseline,1043,158,3192,121.21518987341771,39.978535164794394
none_moving,baseline,1043,159,3199,120.71698113207546,39.99516637220203
none_moving,baseline,1043,160,3232,121.2,40.00517680639281
none_moving,baseline,1043,161,3241,120.78260869565219,40.00881899020964
none_moving,baseline,1043,162,3275,121.29629629629629,40.01609867158934
none_moving,baseline,1043,163,3282,120.80981595092024,40.02802607064773
none_moving,baseline,1043,164,3316,121.31707317073172,40.03903255702366
none_moving,baseline,1043,165,3323,120.83636363636364,40.02382471846801
none_moving,baseline,1043,166,3359,121.40963855421685,40.011726539910406
none_moving,baseline,1043,167,3365,120.89820359281438,40.0121676761858
none_moving,baseline,1043,168,3399,121.39285714285714,40.01369812339181
none_moving,baseline,1043,169,3405,120.88757396449704,40.009001067458264
none_moving,baseline,1043,170,3439,121.37647058823528,40.00520452558514
none_moving,baseline,1043,171,3447,120.94736842105263,40.019162476885185
none_moving,baseline,1043,172,3481,121.43023255813954,40.032406352988986
none_moving,baseline,1043,173,3486,120.90173410404626,40.02805295128378
none_moving,baseline,1043,174,3519,121.34482758620689,40.027905684229644
none_moving,baseline,1043,175,3525,120.85714285714286,40.01565303863562
none_moving,baseline,1043,176,3561,121.3977272727273,40.00599570725359
none_moving,baseline,1043,177,3567,120.91525423728812,40.013277374927426
none_moving,baseline,1043,178,3600,121.34831460674157,40.02218367462698
none_moving,baseline,1043,179,3607,120.90502793296089,40.01956944074474
none_moving,baseline,1043,180,3641,121.36666666666667,40.015644263270914
none_moving,baseline,1043,181,3649,120.96132596685082,40.02338854338104
none_moving,baseline,1043,182,3683,121.41758241758242,40.02915669494456
none_moving,baseline,1043,183,3689,120.95081967213115,40.035529068589916
none_moving,baseline,1043,184,3723,121.40217391304347,40.036316090184904
none_moving,baseline,1043,185,3730,120.97297297297297,40.036805656043775
none_moving,baseline,1043,186,3767,121.51612903225806,40.03646402822858
none_moving,baseline,1043,187,3774,121.09090909090908,40.029366796564105
none_moving,baseline,1043,188,3807,121.5,40.024577008635184
none_moving,baseline,1043,189,3813,121.04761904761905,40.014956294834775
none_moving,baseline,1043,190,3846,121.45263157894738,40.00675108685326
none_moving,baseline,1043,191,3856,121.13089005235604,39.99018694617582
none_moving,baseline,1043,192,3888,121.5,39.977803130310186
none_moving,baseline,1043,193,3894,121.05699481865284,40.00027394371742
none_moving,baseline,1043,194,3927,121.45360824742268,40.0164958114693
none_moving,baseline,1043,195,3934,121.04615384615384,40.03035908089323
none_moving,baseline,1043,196,3970,121.53061224489797,40.03964712296354
none_moving,baseline,1043,197,3976,121.09644670050763,40.04412738381298
none_moving,baseline,1043,198,4009,121.48484848484848,40.04863052499375
none_moving,baseline,1043,199,4016,121.08542713567839,40.04381371988813
none_moving,baseline,1043,200,4049,121.46999999999998,40.03791308897728
none_moving,baseline,1043,201,4059,121.1641791044776,40.020691548754726
none_moving,baseline,1043,202,4093,121.57425742574257,40.00624158328381
none_moving,baseline,1043,203,4098,121.12315270935962,39.99897361247018
none_moving,baseline,1043,204,4132,121.52941176470588,39.99369134076305
none_moving,baseline,1043,205,4139,121.14146341463415,39.98373840913003
none_moving,baseline,1043,206,4176,121.63106796116506,39.97958284666527
none_moving,baseline,1043,207,4182,121.21739130434781,39.98138285012897
none_moving,baseline,1043,208,4216,121.61538461538461,39.983664332574726
none_moving,baseline,1043,209,4223,121.23444976076556,39.991240335078366
none_moving,baseline,1043,210,4256,121.60000000000001,40.00048732666761
none_moving,baseline,1043,211,4265,121.27962085308057,39.99793176953411
none_moving,baseline,1043,212,4298,121.64150943396227,39.99137753425363
none_moving,baseline,1043,213,4305,121.26760563380282,39.98813936879126
none_moving,baseline,1043,214,4337,121.59813084112149,39.985547515672344
none_moving,baseline,1043,215,4344,121.22790697674418,39.97904367026157
none_moving,baseline,1043,216,4381,121.69444444444444,39.97215760680924
none_moving,baseline,1043,217,4387,121.2995391705069,39.97688419869402
none_moving,baseline,1043,218,4420,121.65137614678899,39.98209143506186
none_moving,baseline,1043,219,4426,121.26027397260275,39.992939706329956
none_moving,baseline,1043,220,4460,121.63636363636364,39.99842523774197
none_moving,baseline,1043,221,4468,121.30316742081449,39.9928848258122
none_moving,baseline,1043,222,4501,121.64864864864865,39.990967707709295
none_moving,baseline,1043,223,4508,121.2914798206278,39.991919951854875
none_moving,baseline,1043,224,4542,121.66071428571428,39.99029945574616
none_moving,baseline,1043,225,4549,121.30666666666666,39.998385071007306
none_moving,baseline,1043,226,4585,121.72566371681417,40.0021244594534
none_moving,baseline,1043,227,4591,121.34801762114539,39.99497833060887
none_moving,baseline,1043,228,4623,121.65789473684211,39.99050718548006
none_moving,baseline,1043,229,4629,121.2838427947598,39.98380583017648
none_moving,baseline,1043,230,4662,121.61739130434782,39.978045264143034
none_moving,baseline,1043,231,4672,121.35064935064935,39.9840030106447
none_moving,baseline,1043,232,4705,121.68103448275862,39.98568685732853
none_moving,baseline,1043,233,4710,121.28755364806867,39.98229311934341
none_moving,baseline,1043,234,4744,121.64102564102564,39.980433030806616
none_moving,baseline,1043,235,4751,121.30212765957448,39.98665671904468
none_moving,baseline,1043,236,4788,121.72881355932205,39.994372309361566
none_moving,baseline,1043,237,4793,121.34177215189874,40.00182026002957
none_moving,baseline,1043,238,4827,121.68907563025209,40.00584626888669
none_moving,baseline,1043,239,4832,121.30543933054393,40.003099044824836
none_moving,baseline,1043,240,4865,121.625,39.997906039689475
none_moving,baseline,1043,241,4875,121.36929460580913,39.99365426273819
none_moving,baseline,1043,242,4909,121.7107438016529,39.99177567437426
none_moving,baseline,1043,243,4916,121.38271604938272,39.991504901700154
none_moving,baseline,1043,244,4950,121.72131147540985,39.991878341842785
none_moving,baseline,1043,245,4955,121.34693877551021,39.97855314945849
none_moving,baseline,1043,246,4991,121.73170731707319,39.967362583457025
none_moving,baseline,1043,247,4998,121.40890688259111,39.96894589595425
none_moving,baseline,1043,248,5032,121.74193548387095,39.97181228809028
none_moving,baseline,1043,249,5037,121.3734939759036,39.97134066179548
none_moving,baseline,1043,250,5068,121.63199999999999,39.96854722584764
none_moving,baseline,1043,251,5078,121.38645418326693,39.97538013348601
none_moving,baseline,1043,252,5112,121.71428571428571,39.97885031994426
none_moving,baseline,1043,253,5117,121.35177865612647,39.97151642345657
none_moving,baseline,1043,254,5149,121.62992125984252,39.96597754316903
none_moving,baseline,1043,255,5155,121.29411764705883,39.975335008623375
none_moving,baseline,1043,256,5192,121.68750000000001,39.98211417790752
none_moving,baseline,1043,257,5199,121.37743190661479,39.987455003556654
none_moving,baseline,1043,258,5232,121.67441860465118,39.992494657842194
none_moving,baseline,1043,259,5239,121.36679536679537,39.98645630932363
none_moving,baseline,1043,260,5273,121.68461538461538,39.982982270336855
none_moving,baseline,1043,261,5283,121.44827586206897,39.96986827897068
none_moving,baseline,1043,262,5317,121.76335877862597,39.95576212844002
none_moving,baseline,1043,263,5323,121.43726235741443,39.939492811912615
none_moving,baseline,1043,264,5356,121.72727272727272,39.93085862509879
none_moving,baseline,1043,265,5363,121.4264150943396,39.93478021754733
none_moving,baseline,1043,266,5399,121.78195488721803,39.93230440545224
none_moving,baseline,1043,267,5405,121.46067415730337,39.93727812543946
none_moving,baseline,1043,268,5438,121.74626865671641,39.939142476439386
none_moving,baseline,1043,269,5445,121.44981412639405,39.9354347472736
none_moving,baseline,1043,270,5477,121.71111111111112,39.93221259112908
none_moving,baseline,1043,271,5487,121.48339483394835,39.94031813722989
none_moving,baseline,1043,272,5521,121.78676470588236,39.95083322212153
none_moving,baseline,1043,273,5528,121.49450549450549,39.96818322458967
none_moving,baseline,1043,274,5562,121.79562043795622,39.978252189512254
none_moving,baseline,1043,275,5569,121.50545454545455,39.97552358416972
none_moving,baseline,1043,276,5605,121.84782608695653,39.972899689062174
none_moving,baseline,1043,277,5612,121.55956678700363,39.98609195077106
none_moving,baseline,1043,278,5646,121.85611510791367,39.995837770544924
none_moving,baseline,1043,279,5650,121.50537634408602,39.99305273601533
none_moving,baseline,1043,280,5682,121.75714285714285,39.989071085049794
none_moving,baseline,1043,281,5692,121.53736654804271,39.98000311442269
none_moving,baseline,1043,282,5725,121.80851063829786,39.971455160909805
none_moving,baseline,1043,283,5732,121.52650176678446,39.97756592253314
none_moving,baseline,1043,284,5766,121.8169014084507,39.981876462786126
none_moving,baseline,1043,285,5769,121.45263157894736,39.967781500350256
none_moving,baseline,1043,286,5806,121.80419580419581,39.956384248407765
none_moving,baseline,1043,287,5813,121.52613240418118,39.955658438172605
none_moving,baseline,1043,288,5845,121.77083333333334,39.95665861648138
none_moving,baseline,1043,289,5852,121.49480968858133,39.94508738130189
none_moving,baseline,1043,290,5885,121.75862068965517,39.936572060016864
none_moving,baseline,1043,291,5895,121.54639175257734,39.937350535663725
none_moving,baseline,1043,292,5928,121.8082191780822,39.936553219333305
none_moving,baseline,1043,293,5935,121.5358361774744,39.93150730063989
none_moving,baseline,1043,294,5969,121.81632653061223,39.92368284425493
none_moving,baseline,1043,295,5975,121.52542372881355,39.922246340817786
none_moving,baseline,1043,296,6011,121.8445945945946,39.92045937830347
none_moving,baseline,1043,297,6016,121.53535353535354,39.92046788270833
none_moving,baseline,1043,298,6048,121.7718120805369,39.92033634829129
none_moving,baseline,1043,299,6054,121.48494983277591,39.9322516760267
none_moving,baseline,1043,300,6087,121.74000000000001,39.942216472770205
none_moving,icum,1044,0,0,,40.425794479498926
none_moving,icum,1044,1,31,186,40.45957011782828
none_moving,icum,1044,2,71,213,40.324384683670715
none_moving,icum,1044,3,110,220,40.22428586307036
none_moving,icum,1044,4,147,220.5,40.13908490953419
none_moving,icum,1044,5,187,224.4,40.07307915136148
none_moving,icum,1044,6,222,221.99999999999997,40.0379919938553
none_moving,icum,1044,7,228,195.42857142857144,39.99072595964795
none_moving,icum,1044,8,228,171,39.95465410002261
none_moving,icum,1044,9,228,152,39.926887666974466
none_moving,icum,1044,10,228,136.8,39.905344987237406
none_moving,icum,1044,11,228,124.36363636363637,39.88851153353767
none_moving,icum,1044,12,228,114,39.87527433753446
none_moving,icum,1044,13,228,105.23076923076923,39.8648071774476
none_moving,icum,1044,14,228,97.71428571428572,39.856490501897596
none_moving,icum,1044,15,228,91.2,39.84985518893848
none_moving,icum,1044,16,228,85.5,39.84454272910524
none_moving,icum,1044,17,228,80.47058823529412,39.84027678607797
none_moving,icum,1044,18,228,76,39.83684268953887
none_moving,icum,1044,19,228,72,39.83407249904746
none_moving,icum,1044,20,231,69.30000000000001,39.83183401309448
none_moving,icum,1044,21,245,70,39.83411723781709
none_moving,icum,1044,22,245,66.81818181818183,39.87776091716601
none_moving,icum,1044,23,245,63.91304347826087,39.913795674360536
none_moving,icum,1044,24,245,61.25,39.94346821599337
none_moving,icum,1044,25,245,58.8,39.967849830409506
none_moving,icum,1044,26,245,56.53846153846153,39.98784994960781
none_moving,icum,1044,27,257,57.11111111111111,39.993524241846835
none_moving,icum,1044,28,268,57.42857142857143,40.00189559825154
none_moving,icum,1044,29,277,57.310344827586206,40.002701311368455
none_moving,icum,1044,30,287,57.4,39.9928177685879
none_moving,icum,1044,31,303,58.64516129032258,39.983988891005176
none_moving,icum,1044,32,313,58.6875,39.97889255524583
none_moving,icum,1044,33,313,56.90909090909091,39.97539131103189
none_moving,icum,1044,34,313,55.23529411764706,39.9725565170327
none_moving,icum,1044,35,316,54.17142857142857,39.97025883440921
none_moving,icum,1044,36,329,54.833333333333336,39.970556024494016
none_moving,icum,1044,37,329,53.35135135135135,39.978807367706054
none_moving,icum,1044,38,329,51.94736842105263,39.985567388824705
none_moving,icum,1044,39,329,50.61538461538461,39.99109949447688
none_moving,icum,1044,40,329,49.35,39.995622688157205
none_moving,icum,1044,41,332,48.58536585365854,39.999318303749185
none_moving,icum,1044,42,332,47.42857142857144,40.00233599716912
none_moving,icum,1044,43,332,46.32558139534884,40.00479896246965
none_moving,icum,1044,44,332,45.27272727272728,40.00680840289594
none_moving,icum,1044,45,332,44.26666666666667,40.00844732003222
none_moving,icum,1044,46,335,43.69565217391304,40.0097836978083
none_moving,icum,1044,47,339,43.27659574468085,40.00320087233822
none_moving,icum,1044,48,339,42.37499999999999,39.99734914579664
none_moving,icum,1044,49,339,41.51020408163265,39.99266277473761
none_moving,icum,1044,50,342,41.04,39.988898720305635
none_moving,icum,1044,51,355,41.76470588235294,39.985102191372356
none_moving,icum,1044,52,355,40.96153846153846,39.983836043112674
none_moving,icum,1044,53,355,40.18867924528302,39.98286768847474
none_moving,icum,1044,54,355,39.44444444444444,39.98212071039774
none_moving,icum,1044,55,355,38.72727272727273,39.98153999334702
none_moving,icum,1044,56,358,38.357142857142854,39.9810853740783
none_moving,icum,1044,57,362,38.10526315789474,39.97134965254196
none_moving,icum,1044,58,367,37.96551724137931,39.96804493068336
none_moving,icum,1044,59,372,37.83050847457628,39.975070227432596
none_moving,icum,1044,60,377,37.7,39.97749052455693
none_moving,icum,1044,61,384,37.77049180327869,39.9697862616296
none_moving,icum,1044,62,393,38.03225806451612,39.962856477099415
none_moving,icum,1044,63,397,37.80952380952381,39.95237862892367
none_moving,icum,1044,64,397,37.21875,39.94298868525461
none_moving,icum,1044,65,400,36.92307692307693,39.93535752259018
none_moving,icum,1044,66,411,37.36363636363636,39.92880097651228
none_moving,icum,1044,67,411,36.80597014925373,39.92340288720899
none_moving,icum,1044,68,411,36.26470588235294,39.91905146700073
none_moving,icum,1044,69,411,35.73913043478261,39.91553730897195
none_moving,icum,1044,70,411,35.22857142857143,39.912694980217395
none_moving,icum,1044,71,414,34.985915492957744,39.910393140327564
none_moving,icum,1044,72,420,35,39.90846807040425
none_moving,icum,1044,73,426,35.01369863013699,39.905011553761064
none_moving,icum,1044,74,432,35.027027027027025,39.905610228274426
none_moving,icum,1044,75,438,35.04,39.906141445130366
none_moving,icum,1044,76,447,35.28947368421053,39.90605187278623
none_moving,icum,1044,77,454,35.37662337662337,39.904046307472754
none_moving,icum,1044,78,456,35.07692307692308,39.90462906340005
none_moving,icum,1044,79,456,34.63291139240506,39.905381556659854
none_moving,icum,1044,80,459,34.425000000000004,39.90600462933722
none_moving,icum,1044,81,470,34.81481481481481,39.904533910376045
none_moving,icum,1044,82,470,34.390243902439025,39.89634277140268
none_moving,icum,1044,83,470,33.975903614457835,39.88968584612035
none_moving,icum,1044,84,470,33.57142857142858,39.884273568193464
none_moving,icum,1044,85,470,33.17647058823529,39.879871757660716
none_moving,icum,1044,86,473,33,39.87629078485703
none_moving,icum,1044,87,473,32.62068965517241,39.873376933115665
none_moving,icum,1044,88,473,32.25,39.87100548908371
none_moving,icum,1044,89,473,31.887640449438198,39.86907519808698
none_moving,icum,1044,90,473,31.53333333333333,39.86750380334888
none_moving,icum,1044,91,476,31.384615384615387,39.86622444941759
none_moving,icum,1044,92,480,31.304347826086953,39.86538497231663
none_moving,icum,1044,93,482,31.096774193548388,39.85567787788917
none_moving,icum,1044,94,482,30.765957446808514,39.84528583260395
none_moving,icum,1044,95,485,30.63157894736842,39.83684232241139
none_moving,icum,1044,96,496,31,39.83485317339532
none_moving,icum,1044,97,496,30.68041237113402,39.847576895657696
none_moving,icum,1044,98,496,30.367346938775512,39.857960681436325
none_moving,icum,1044,99,496,30.060606060606062,39.866431753179086
none_moving,icum,1044,100,496,29.759999999999998,39.87334038698264
none_moving,icum,1044,101,499,29.643564356435643,39.87897340903363
none_moving,icum,1044,102,505,29.705882352941178,39.88412270207284
none_moving,icum,1044,103,511,29.76699029126214,39.886418939703624
none_moving,icum,1044,104,517,29.826923076923077,39.89486167257548
none_moving,icum,1044,105,521,29.771428571428572,39.90270274715128
none_moving,icum,1044,106,530,30,39.90449654798227
none_moving,icum,1044,107,538,30.168224299065418,39.9133294762666
none_moving,icum,1044,108,540,30,39.93187765578099
none_moving,icum,1044,109,540,29.724770642201836,39.949809542126374
none_moving,icum,1044,110,543,29.618181818181817,39.964461439974656
none_moving,icum,1044,111,554,29.945945945945944,39.97564132953094
none_moving,icum,1044,112,559,29.94642857142857,39.98561335653596
none_moving,icum,1044,113,564,29.946902654867255,39.99088769163148
none_moving,icum,1044,114,569,29.947368421052634,39.98777569113592
none_moving,icum,1044,115,574,29.94782608695652,39.98442824474265
none_moving,icum,1044,116,582,30.10344827586207,39.9826283596676
none_moving,icum,1044,117,587,30.102564102564106,39.9699331323373
none_moving,icum,1044,118,587,29.847457627118647,39.96753607081644
none_moving,icum,1044,119,587,29.596638655462186,39.96558658247374
none_moving,icum,1044,120,587,29.35,39.96400065829957
none_moving,icum,1044,121,590,29.25619834710744,39.96271020449572
none_moving,icum,1044,122,594,29.213114754098363,39.96609135068377
none_moving,icum,1044,123,596,29.07317073170732,39.97165127881299
none_moving,icum,1044,124,596,28.838709677419352,39.976109773031446
none_moving,icum,1044,125,599,28.752,39.979747211534416
none_moving,icum,1044,126,608,28.95238095238095,39.98343122089541
none_moving,icum,1044,127,608,28.724409448818896,39.98707023335663
none_moving,icum,1044,128,608,28.5,39.990039811974746
none_moving,icum,1044,129,608,28.27906976744186,39.992462253517964
none_moving,icum,1044,130,608,28.06153846153846,39.99443780229374
none_moving,icum,1044,131,611,27.984732824427486,39.996048527570295
none_moving,icum,1044,132,618,28.090909090909086,39.99948012187482
none_moving,icum,1044,133,622,28.06015037593985,40.00783542643011
none_moving,icum,1044,134,627,28.074626865671643,40.01332524923676
none_moving,icum,1044,135,632,28.08888888888889,40.01598881013777
none_moving,icum,1044,136,639,28.191176470588236,40.02001377182235
none_moving,icum,1044,137,648,28.37956204379562,40.02594701629844
none_moving,icum,1044,138,654,28.434782608695656,40.03587043831837
none_moving,icum,1044,139,658,28.402877697841724,40.03625295655829
none_moving,icum,1044,140,666,28.542857142857137,40.04413887549393
none_moving,icum,1044,141,678,28.851063829787233,40.05819715811345
none_moving,icum,1044,142,687,29.028169014084508,40.06472116331084
none_moving,icum,1044,143,696,29.2027972027972,40.06258918082754
none_moving,icum,1044,144,700,29.166666666666668,40.058353734272295
none_moving,icum,1044,145,704,29.131034482758626,40.05098053284307
none_moving,icum,1044,146,711,29.21917808219178,40.046801992135336
none_moving,icum,1044,147,717,29.26530612244898,40.04437089162067
none_moving,icum,1044,148,717,29.06756756756757,40.04590289758082
none_moving,icum,1044,149,717,28.87248322147651,40.047174274580726
none_moving,icum,1044,150,717,28.68,40.04822544018971
none_moving,icum,1044,151,720,28.60927152317881,40.049091983676185
none_moving,icum,1044,152,726,28.657894736842103,40.044549071988634
none_moving,icum,1044,153,726,28.470588235294116,40.03890131121588
none_moving,icum,1044,154,726,28.28571428571428,40.034329603372605
none_moving,icum,1044,155,729,28.219354838709677,40.03062478543478
none_moving,icum,1044,156,734,28.230769230769234,40.02761970813218
none_moving,icum,1044,157,734,28.05095541401274,40.024098235269165
none_moving,icum,1044,158,736,27.949367088607595,40.02341828858896
none_moving,icum,1044,159,736,27.773584905660375,40.02352701571512
none_moving,icum,1044,160,736,27.599999999999998,40.023620808587566
none_moving,icum,1044,161,739,27.540372670807457,40.02370067575222
none_moving,icum,1044,162,743,27.518518518518515,40.02325232989839
none_moving,icum,1044,163,748,27.53374233128834,40.02222159343014
none_moving,icum,1044,164,752,27.51219512195122,40.016785033831475
none_moving,icum,1044,165,757,27.527272727272727,40.021021252898336
none_moving,icum,1044,166,765,27.650602409638555,40.02831961760408
none_moving,icum,1044,167,775,27.84431137724551,40.03156273675782
none_moving,icum,1044,168,786,28.071428571428573,40.02432840014278
none_moving,icum,1044,169,796,28.260355029585796,40.02447465953694
none_moving,icum,1044,170,810,28.588235294117645,40.02911987555658
none_moving,icum,1044,171,820,28.771929824561404,40.025235966694794
none_moving,icum,1044,172,825,28.77906976744186,40.026006047602614
none_moving,icum,1044,173,832,28.85549132947977,40.0234326863854
none_moving,icum,1044,174,832,28.689655172413794,40.01981464396971
none_moving,icum,1044,175,832,28.525714285714287,40.01695913107148
none_moving,icum,1044,176,835,28.465909090909093,40.014693951291335
none_moving,icum,1044,177,837,28.372881355932204,40.01256127268146
none_moving,icum,1044,178,837,28.213483146067414,40.00996575478351
none_moving,icum,1044,179,837,28.05586592178771,40.007873419395914
none_moving,icum,1044,180,837,27.900000000000002,40.00618361767522
none_moving,icum,1044,181,840,27.845303867403317,40.004816830389764
none_moving,icum,1044,182,844,27.82417582417583,40.00480202875161
none_moving,icum,1044,183,844,27.672131147540988,40.006132630495344
none_moving,icum,1044,184,844,27.52173913043478,40.007227681791285
none_moving,icum,1044,185,849,27.535135135135135,40.003351596474985
none_moving,icum,1044,186,854,27.548387096774196,39.987267381546474
none_moving,icum,1044,187,854,27.40106951871658,39.97416651949518
none_moving,icum,1044,188,858,27.382978723404253,39.96060425410324
none_moving,icum,1044,189,858,27.238095238095237,39.94923235310848
none_moving,icum,1044,190,858,27.094736842105263,39.93998651072807
none_moving,icum,1044,191,861,27.047120418848166,39.932466762779754
none_moving,icum,1044,192,863,26.968749999999996,39.92617967971891
none_moving,icum,1044,193,868,26.98445595854922,39.9260849053251
none_moving,icum,1044,194,873,27,39.92733707485974
none_moving,icum,1044,195,878,27.015384615384615,39.925022607035594
none_moving,icum,1044,196,885,27.091836734693878,39.91918216194694
none_moving,icum,1044,197,894,27.22842639593909,39.91790308281185
none_moving,icum,1044,198,899,27.242424242424246,39.92143252299596
none_moving,icum,1044,199,899,27.105527638190956,39.926216529329544
none_moving,icum,1044,200,902,27.06,39.93012380979686
none_moving,icum,1044,201,907,27.074626865671643,39.93331339566097
none_moving,icum,1044,202,916,27.207920792079207,39.93377906312624
none_moving,icum,1044,203,929,27.458128078817737,39.9350537733546
none_moving,icum,1044,204,940,27.647058823529413,39.937056651339866
none_moving,icum,1044,205,951,27.834146341463413,39.937358871742404
none_moving,icum,1044,206,965,28.106796116504857,39.93544717404604
none_moving,icum,1044,207,978,28.34782608695652,39.93903624467936
none_moving,icum,1044,208,988,28.499999999999996,39.94209571538103
none_moving,icum,1044,209,988,28.363636363636363,39.94592053677484
none_moving,icum,1044,210,988,28.228571428571428,39.949076556299644
none_moving,icum,1044,211,991,28.180094786729857,39.95167413446047
none_moving,icum,1044,212,995,28.160377358490567,39.95008576163137
none_moving,icum,1044,213,997,28.084507042253524,39.956111384107984
none_moving,icum,1044,214,997,27.95327102803738,39.970001216866784
none_moving,icum,1044,215,1000,27.906976744186046,39.98133645573128
none_moving,icum,1044,216,1003,27.86111111111111,39.990583583924014
none_moving,icum,1044,217,1003,27.732718894009217,39.9981250439716
none_moving,icum,1044,218,1005,27.660550458715598,40.00876369036757
none_moving,icum,1044,219,1005,27.534246575342465,40.018782514002176
none_moving,icum,1044,220,1005,27.40909090909091,40.02694562010992
none_moving,icum,1044,221,1008,27.366515837104075,40.03359631889537
none_moving,icum,1044,222,1010,27.297297297297295,40.03896889245937
none_moving,icum,1044,223,1019,27.417040358744394,40.04473017048385
none_moving,icum,1044,224,1024,27.42857142857143,40.04374803493133
none_moving,icum,1044,225,1029,27.44,40.04885038719304
none_moving,icum,1044,226,1037,27.530973451327434,40.049045824836405
none_moving,icum,1044,227,1044,27.59471365638767,40.03909568707001
none_moving,icum,1044,228,1051,27.657894736842106,40.04217945964879
none_moving,icum,1044,229,1057,27.694323144104803,40.053900044167015
none_moving,icum,1044,230,1065,27.782608695652172,40.0665326367488
none_moving,icum,1044,231,1073,27.87012987012987,40.07961268114127
none_moving,icum,1044,232,1079,27.905172413793103,40.09076842168519
none_moving,icum,1044,233,1087,27.991416309012877,40.09149969828875
none_moving,icum,1044,234,1092,28,40.09151050302947
none_moving,icum,1044,235,1092,27.880851063829788,40.09149530575436
none_moving,icum,1044,236,1095,27.83898305084746,40.09149340019938
none_moving,icum,1044,237,1097,27.772151898734176,40.091877374034574
none_moving,icum,1044,238,1099,27.705882352941178,40.09322583979249
none_moving,icum,1044,239,1099,27.589958158995817,40.09316635094618
none_moving,icum,1044,240,1099,27.475,40.0931237598543
none_moving,icum,1044,241,1102,27.435684647302907,40.09309295875417
none_moving,icum,1044,242,1104,27.371900826446282,40.09410014497175
none_moving,icum,1044,243,1108,27.358024691358025,40.09285570389262
none_moving,icum,1044,244,1108,27.245901639344265,40.08970507820526
none_moving,icum,1044,245,1111,27.208163265306123,40.08718172089139
none_moving,icum,1044,246,1114,27.170731707317078,40.08515486161572
none_moving,icum,1044,247,1114,27.060728744939276,40.083522836697675
none_moving,icum,1044,248,1116,26.999999999999996,40.08211038386159
none_moving,icum,1044,249,1118,26.939759036144576,40.08051130044049
none_moving,icum,1044,250,1118,26.831999999999997,40.07886768474597
none_moving,icum,1044,251,1121,26.79681274900398,40.07757044634366
none_moving,icum,1044,252,1123,26.738095238095237,40.07606732684394
none_moving,icum,1044,253,1129,26.774703557312254,40.068063402992344
none_moving,icum,1044,254,1139,26.905511811023622,40.05956253101228
none_moving,icum,1044,255,1148,27.011764705882353,40.05651385160639
none_moving,icum,1044,256,1161,27.2109375,40.05104129249075
none_moving,icum,1044,257,1173,27.3852140077821,40.03950498189371
none_moving,icum,1044,258,1183,27.511627906976745,40.032064863495705
none_moving,icum,1044,259,1192,27.613899613899616,40.02293193133211
none_moving,icum,1044,260,1195,27.57692307692308,40.017224107374076
none_moving,icum,1044,261,1198,27.540229885057474,40.012597211527215
none_moving,icum,1044,262,1198,27.435114503816795,40.00884328413311
none_moving,icum,1044,263,1200,27.376425855513304,40.00394296911113
none_moving,icum,1044,264,1202,27.318181818181817,40.000453275053026
none_moving,icum,1044,265,1202,27.21509433962264,39.998819401273984
none_moving,icum,1044,266,1205,27.18045112781955,39.997528889628036
none_moving,icum,1044,267,1207,27.123595505617978,39.99649698850772
none_moving,icum,1044,268,1207,27.02238805970149,39.99565397970775
none_moving,icum,1044,269,1207,26.92193308550186,39.99497919822204
none_moving,icum,1044,270,1207,26.822222222222223,39.99443744937367
none_moving,icum,1044,271,1210,26.789667896678967,39.99400140949418
none_moving,icum,1044,272,1212,26.73529411764706,39.99184228267522
none_moving,icum,1044,273,1214,26.681318681318682,39.988795323313454
none_moving,icum,1044,274,1218,26.67153284671533,39.9834431769957
none_moving,icum,1044,275,1221,26.64,39.97583835960383
none_moving,icum,1044,276,1224,26.608695652173918,39.96965853798234
none_moving,icum,1044,277,1224,26.512635379061376,39.96463455899425
none_moving,icum,1044,278,1227,26.48201438848921,39.95629618388447
none_moving,icum,1044,279,1234,26.53763440860215,39.94838708367538
none_moving,icum,1044,280,1238,26.528571428571425,39.9493752956641
none_moving,icum,1044,281,1246,26.60498220640569,39.934706828109846
none_moving,icum,1044,282,1253,26.659574468085104,39.92788915153394
none_moving,icum,1044,283,1258,26.67137809187279,39.925451965318636
none_moving,icum,1044,284,1262,26.661971830985916,39.92302205145537
none_moving,icum,1044,285,1262,26.568421052631578,39.923529389023756
none_moving,icum,1044,286,1265,26.53846153846154,39.92395015989735
none_moving,icum,1044,287,1267,26.48780487804878,39.92430036541355
none_moving,icum,1044,288,1269,26.437500000000004,39.919982161864766
none_moving,icum,1044,289,1273,26.429065743944637,39.91421817009894
none_moving,icum,1044,290,1276,26.400000000000002,39.91459865607194
none_moving,icum,1044,291,1279,26.37113402061856,39.91493530888301
none_moving,icum,1044,292,1283,26.36301369863014,39.91614739947361
none_moving,icum,1044,293,1288,26.37542662116041,39.919230406459455
none_moving,icum,1044,294,1295,26.428571428571427,39.91509149369543
none_moving,icum,1044,295,1300,26.440677966101692,39.91112881111982
none_moving,icum,1044,296,1308,26.513513513513516,39.91092493610058
none_moving,icum,1044,297,1315,26.565656565656564,39.90976753957257
none_moving,icum,1044,298,1320,26.57718120805369,39.91001186617948
none_moving,icum,1044,299,1322,26.52842809364548,39.90102429635272
none_moving,icum,1044,300,1322,26.439999999999998,39.89110208574911
few_moving,baseline,1012,0,0,,40.425794479498926
few_moving,baseline,1012,1,0,0,40.425794479498926
few_moving,baseline,1012,2,32,96,40.45372015854297
few_moving,baseline,1012,3,38,75.99999999999999,40.298357166608156
few_moving,baseline,1012,4,72,108,40.17006539827157
few_moving,baseline,1012,5,79,94.80000000000001,40.08147207478834
few_moving,baseline,1012,6,113,113,40.01399570661839
few_moving,baseline,1012,7,119,102,39.9756214975673
few_moving,baseline,1012,8,153,114.75,39.94558920834691
few_moving,baseline,1012,9,159,106,39.92852030155134
few_moving,baseline,1012,10,192,115.2,39.91668023794788
few_moving,baseline,1012,11,199,108.54545454545455,39.908402685450625
few_moving,baseline,1012,12,232,115.99999999999999,39.90174688944024
few_moving,baseline,1012,13,239,110.30769230769229,39.879170621235104
few_moving,baseline,1012,14,272,116.57142857142857,39.86392429413542
few_moving,baseline,1012,15,278,111.2,39.85184934019252
few_moving,baseline,1012,16,312,117,39.84190313329717
few_moving,baseline,1012,17,319,112.58823529411765,39.85316005695235
few_moving,baseline,1012,18,353,117.66666666666666,39.86299007894707
few_moving,baseline,1012,19,360,113.6842105263158,39.86593963144808
few_moving,baseline,1012,20,394,118.2,39.86509059189856
few_moving,baseline,1012,21,400,114.28571428571429,39.86056368986714
few_moving,baseline,1012,22,432,117.81818181818183,39.8583275922755
few_moving,baseline,1012,23,439,114.52173913043477,39.87375474443769
few_moving,baseline,1012,24,472,118,39.89073180676642
few_moving,baseline,1012,25,479,114.96,39.88364409098861
few_moving,baseline,1012,26,513,118.38461538461537,39.87571014481971
few_moving,baseline,1012,27,518,115.1111111111111,39.86582960491436
few_moving,baseline,1012,28,552,118.28571428571429,39.85268968501128
few_moving,baseline,1012,29,557,115.24137931034483,39.84764406801084
few_moving,baseline,1012,30,591,118.2,39.844874863256756
few_moving,baseline,1012,31,599,115.93548387096773,39.83150117644098
few_moving,baseline,1012,32,633,118.6875,39.82254885725158
few_moving,baseline,1012,33,639,116.18181818181817,39.82391951443464
few_moving,baseline,1012,34,673,118.76470588235294,39.822533978657916
few_moving,baseline,1012,35,678,116.22857142857141,39.83040284121446
few_moving,baseline,1012,36,715,119.16666666666667,39.839638408688025
few_moving,baseline,1012,37,722,117.08108108108108,39.830630889428356
few_moving,baseline,1012,38,756,119.36842105263158,39.82373178503209
few_moving,baseline,1012,39,763,117.38461538461537,39.82102122947616
few_moving,baseline,1012,40,795,119.25,39.81620717787511
few_moving,baseline,1012,41,804,117.65853658536587,39.82054895471039
few_moving,baseline,1012,42,837,119.57142857142858,39.824634675304324
few_moving,baseline,1012,43,844,117.76744186046513,39.8149803044534
few_moving,baseline,1012,44,878,119.72727272727273,39.810282791480994
few_moving,baseline,1012,45,885,118,39.82275703600327
few_moving,baseline,1012,46,921,120.13043478260867,39.83574823220884
few_moving,baseline,1012,47,928,118.46808510638297,39.85163255413655
few_moving,baseline,1012,48,962,120.25,39.86674606113465
few_moving,baseline,1012,49,968,118.53061224489795,39.8623338878084
few_moving,baseline,1012,50,1000,120,39.861652612617554
few_moving,baseline,1012,51,1010,118.82352941176471,39.848601057646945
few_moving,baseline,1012,52,1044,120.46153846153847,39.83967213256956
few_moving,baseline,1012,53,1050,118.86792452830188,39.81403812696368
few_moving,baseline,1012,54,1084,120.44444444444444,39.797093695383616
few_moving,baseline,1012,55,1091,119.01818181818182,39.79459313319634
few_moving,baseline,1012,56,1128,120.85714285714285,39.79550441185558
few_moving,baseline,1012,57,1135,119.47368421052632,39.79448765139855
few_moving,baseline,1012,58,1166,120.62068965517241,39.79455498914681
few_moving,baseline,1012,59,1172,119.1864406779661,39.79063869882061
few_moving,baseline,1012,60,1202,120.2,39.78704829653599
few_moving,baseline,1012,61,1211,119.11475409836066,39.782277122591324
few_moving,baseline,1012,62,1245,120.48387096774192,39.777391685294056
few_moving,baseline,1012,63,1251,119.14285714285714,39.77836425780888
few_moving,baseline,1012,64,1285,120.46875,39.77811448608528
few_moving,baseline,1012,65,1292,119.26153846153846,39.78267835478978
few_moving,baseline,1012,66,1327,120.63636363636361,39.78514218167898
few_moving,baseline,1012,67,1334,119.46268656716418,39.78231585507496
few_moving,baseline,1012,68,1368,120.70588235294119,39.780185219183885
few_moving,baseline,1012,69,1375,119.56521739130436,39.78695510665313
few_moving,baseline,1012,70,1409,120.77142857142857,39.788824147800895
few_moving,baseline,1012,71,1419,119.91549295774648,39.79605336713725
few_moving,baseline,1012,72,1452,121,39.80255939438285
few_moving,baseline,1012,73,1459,119.9178082191781,39.80479314528324
few_moving,baseline,1012,74,1493,121.05405405405406,39.80504260256702
few_moving,baseline,1012,75,1500,120,39.8096895021614
few_moving,baseline,1012,76,1537,121.34210526315789,39.81260670991859
few_moving,baseline,1012,77,1543,120.23376623376623,39.80650995285233
few_moving,baseline,1012,78,1577,121.30769230769229,39.80194556688484
few_moving,baseline,1012,79,1583,120.22784810126583,39.80569579885668
few_moving,baseline,1012,80,1617,121.27499999999999,39.80966874759776
few_moving,baseline,1012,81,1625,120.37037037037037,39.81581934945413
few_moving,baseline,1012,82,1659,121.39024390243902,39.81551804157147
few_moving,baseline,1012,83,1666,120.43373493975903,39.81482194275804
few_moving,baseline,1012,84,1699,121.35714285714288,39.81710206319148
few_moving,baseline,1012,85,1706,120.42352941176469,39.80803298956646
few_moving,baseline,1012,86,1743,121.6046511627907,39.80030991410243
few_moving,baseline,1012,87,1750,120.6896551724138,39.7973935456573
few_moving,baseline,1012,88,1784,121.63636363636365,39.794520222450295
few_moving,baseline,1012,89,1791,120.74157303370785,39.78766683170938
few_moving,baseline,1012,90,1825,121.66666666666667,39.78223509872857
few_moving,baseline,1012,91,1834,120.92307692307693,39.77865321373139
few_moving,baseline,1012,92,1868,121.82608695652173,39.77969210882016
few_moving,baseline,1012,93,1874,120.90322580645162,39.775665739215185
few_moving,baseline,1012,94,1906,121.6595744680851,39.76912884164135
few_moving,baseline,1012,95,1912,120.7578947368421,39.76575955908398
few_moving,baseline,1012,96,1947,121.68749999999999,39.76085967027558
few_moving,baseline,1012,97,1954,120.8659793814433,39.76658398610985
few_moving,baseline,1012,98,1987,121.65306122448979,39.767126672658556
few_moving,baseline,1012,99,1992,120.72727272727273,39.779377424521265
few_moving,baseline,1012,100,2025,121.5,39.78860220993485
few_moving,baseline,1012,101,2034,120.83168316831683,39.78634554021498
few_moving,baseline,1012,102,2067,121.58823529411764,39.787038666112466
few_moving,baseline,1012,103,2073,120.75728155339807,39.78669907054613
few_moving,baseline,1012,104,2104,121.38461538461539,39.788399265629096
few_moving,baseline,1012,105,2110,120.57142857142857,39.80465961974561
few_moving,baseline,1012,106,2145,121.41509433962264,39.81497947405899
few_moving,baseline,1012,107,2152,120.67289719626167,39.80889510121831
few_moving,baseline,1012,108,2185,121.38888888888889,39.79892063441027
few_moving,baseline,1012,109,2190,120.55045871559633,39.78425926065933
few_moving,baseline,1012,110,2224,121.30909090909091,39.77232615999429
few_moving,baseline,1012,111,2233,120.70270270270271,39.77370895467163
few_moving,baseline,1012,112,2266,121.39285714285714,39.77588466547005
few_moving,baseline,1012,113,2272,120.63716814159292,39.786501297235596
few_moving,baseline,1012,114,2305,121.31578947368422,39.79566411277339
few_moving,baseline,1012,115,2311,120.57391304347826,39.79512821652541
few_moving,baseline,1012,116,2348,121.44827586206897,39.79511195736017
few_moving,baseline,1012,117,2355,120.76923076923077,39.80322361654872
few_moving,baseline,1012,118,2389,121.47457627118645,39.811188623942705
few_moving,baseline,1012,119,2395,120.7563025210084,39.78833543836353
few_moving,baseline,1012,120,2428,121.4,39.77002148535602
few_moving,baseline,1012,121,2437,120.84297520661157,39.84381297794427
few_moving,baseline,1012,122,2470,121.47540983606558,39.92124114247509
few_moving,baseline,1012,123,2475,120.73170731707319,39.98189931439955
few_moving,baseline,1012,124,2509,121.4032258064516,40.044782392863816
few_moving,baseline,1012,125,2515,120.71999999999998,40.09609343154666
few_moving,baseline,1012,126,2552,121.52380952380952,40.15595646064421
few_moving,baseline,1012,127,2557,120.8031496062992,40.22871772550479
few_moving,baseline,1012,128,2589,121.35937499999999,40.30298063327561
few_moving,baseline,1012,129,2595,120.69767441860466,40.37839157348173
few_moving,baseline,1012,130,2629,121.33846153846153,40.44983503689556
few_moving,baseline,1012,131,2639,120.87022900763358,40.50707846634351
few_moving,baseline,1012,132,2673,121.5,40.519845234882276
few_moving,baseline,1012,133,2680,120.90225563909773,40.50218286627996
few_moving,baseline,1012,134,2713,121.47761194029852,40.49094281616303
few_moving,baseline,1012,135,2719,120.84444444444443,40.496470663744944
few_moving,baseline,1012,136,2754,121.5,40.498334841640215
few_moving,baseline,1012,137,2759,120.83211678832116,40.49955742658439
few_moving,baseline,1012,138,2791,121.34782608695654,40.51989143342919
few_moving,baseline,1012,139,2796,120.69064748201438,40.54854532102646
few_moving,baseline,1012,140,2827,121.15714285714284,40.579148562509204
few_moving,baseline,1012,141,2836,120.68085106382979,40.59685632140264
few_moving,baseline,1012,142,2867,121.14084507042253,40.613115232592335
few_moving,baseline,1012,143,2870,120.41958041958043,40.63488456649439
few_moving,baseline,1012,144,2901,120.87500000000001,40.66147983732119
few_moving,baseline,1012,145,2905,120.20689655172414,40.72398450669635
few_moving,baseline,1012,146,2940,120.82191780821918,40.78065835557771
few_moving,baseline,1012,147,2945,120.20408163265306,40.78401941522521
few_moving,baseline,1012,148,2976,120.64864864864865,40.78611495774251
few_moving,baseline,1012,149,2980,120,40.82480775911325
few_moving,baseline,1012,150,3010,120.4,40.85831389368528
few_moving,baseline,1012,151,3016,119.84105960264903,40.912413507807095
few_moving,baseline,1012,152,3046,120.23684210526318,40.9638101196881
few_moving,baseline,1012,153,3049,119.56862745098039,41.01163954407922
few_moving,baseline,1012,154,3077,119.88311688311687,41.05448742140988
few_moving,baseline,1012,155,3081,119.26451612903226,41.09636016543863
few_moving,baseline,1012,156,3113,119.73076923076923,41.13211092906563
few_moving,baseline,1012,157,3115,119.04458598726114,41.133920196669955
few_moving,baseline,1012,158,3143,119.35443037974684,41.1134239130158
few_moving,baseline,1012,159,3146,118.71698113207549,41.10441575966829
few_moving,baseline,1012,160,3175,119.0625,41.09987024958514
few_moving,baseline,1012,161,3182,118.58385093167702,41.10315361756688
few_moving,baseline,1012,162,3211,118.92592592592592,41.107762032016204
few_moving,baseline,1012,163,3215,118.34355828220859,41.11893911759022
few_moving,baseline,1012,164,3244,118.68292682926828,41.12478551382735
few_moving,baseline,1012,165,3249,118.14545454545454,41.14769494826096
few_moving,baseline,1012,166,3280,118.55421686746988,41.16597824154307
few_moving,baseline,1012,167,3283,117.95209580838325,41.167677873019706
few_moving,baseline,1012,168,3312,118.28571428571429,41.171894055882866
few_moving,baseline,1012,169,3316,117.72781065088758,41.204029644092465
few_moving,baseline,1012,170,3346,118.09411764705882,41.236568958353494
few_moving,baseline,1012,171,3353,117.64912280701755,41.233633747449765
few_moving,baseline,1012,172,3384,118.04651162790697,41.174653389303366
few_moving,baseline,1012,173,3389,117.53757225433526,41.080422203337285
few_moving,baseline,1012,174,3423,118.0344827586207,41.0040899417735
few_moving,baseline,1012,175,3430,117.60000000000001,41.002602746090574
few_moving,baseline,1012,176,3464,118.0909090909091,41.03931649218628
few_moving,baseline,1012,177,3470,117.62711864406779,41.0729943334773
few_moving,baseline,1012,178,3503,118.07865168539325,41.13477369672644
few_moving,baseline,1012,179,3507,117.55307262569832,41.20305387321854
few_moving,baseline,1012,180,3541,118.03333333333335,41.270773326050666
few_moving,baseline,1012,181,3547,117.58011049723757,41.23440244947853
few_moving,baseline,1012,182,3581,118.05494505494507,41.206114645472844
few_moving,baseline,1012,183,3586,117.57377049180329,41.19465555114762
few_moving,baseline,1012,184,3620,118.04347826086956,41.192463821962455
few_moving,baseline,1012,185,3626,117.60000000000001,41.170109826524666
few_moving,baseline,1012,186,3661,118.09677419354838,41.14819175501996
few_moving,baseline,1012,187,3666,117.62566844919786,41.150602275636544
few_moving,baseline,1012,188,3698,118.02127659574468,41.15023077719641
few_moving,baseline,1012,189,3704,117.58730158730158,41.1775383483716
few_moving,baseline,1012,190,3738,118.04210526315791,41.19842111376767
few_moving,baseline,1012,191,3745,117.64397905759164,41.218955301656734
few_moving,baseline,1012,192,3778,118.0625,41.236988590750634
few_moving,baseline,1012,193,3784,117.63730569948186,41.23157266753905
few_moving,baseline,1012,194,3817,118.05154639175257,41.2228441116113
few_moving,baseline,1012,195,3823,117.63076923076923,41.2327499070551
few_moving,baseline,1012,196,3859,118.13265306122449,41.23307785902455
few_moving,baseline,1012,197,3864,117.68527918781726,41.251850866047754
few_moving,baseline,1012,198,3898,118.12121212121212,41.26723910020705
few_moving,baseline,1012,199,3904,117.70854271356782,41.24347385407902
few_moving,baseline,1012,200,3938,118.14,41.2267937295819
few_moving,baseline,1012,201,3945,117.76119402985074,41.26384185466325
few_moving,baseline,1012,202,3979,118.18811881188118,41.28906748853988
few_moving,baseline,1012,203,3983,117.72413793103449,41.2747815496733
few_moving,baseline,1012,204,4017,118.1470588235294,41.26204172629771
few_moving,baseline,1012,205,4023,117.74634146341464,41.30093697200973
few_moving,baseline,1012,206,4059,118.2233009708738,41.33356306134884
few_moving,baseline,1012,207,4064,117.79710144927535,41.32136915982112
few_moving,baseline,1012,208,4097,118.1826923076923,41.316916243394004
few_moving,baseline,1012,209,4102,117.76076555023923,41.28416680337297
few_moving,baseline,1012,210,4136,118.17142857142858,41.266081905115556
few_moving,baseline,1012,211,4144,117.8388625592417,41.28801287326099
few_moving,baseline,1012,212,4177,118.21698113207547,41.30702670884846
few_moving,baseline,1012,213,4183,117.83098591549296,41.27597479161436
few_moving,baseline,1012,214,4217,118.23364485981307,41.2665482838976
few_moving,baseline,1012,215,4223,117.85116279069767,41.2583304756388
few_moving,baseline,1012,216,4259,118.30555555555554,41.24714941395529
few_moving,baseline,1012,217,4265,117.92626728110599,41.256767982151004
few_moving,baseline,1012,218,4297,118.26605504587155,41.25640453067304
few_moving,baseline,1012,219,4302,117.86301369863014,41.24976333876761
few_moving,baseline,1012,220,4336,118.25454545454546,41.2494921883254
few_moving,baseline,1012,221,4343,117.90950226244345,41.22635567320135
few_moving,baseline,1012,222,4377,118.29729729729729,41.20666381218363
few_moving,baseline,1012,223,4383,117.92825112107623,41.14959199918823
few_moving,baseline,1012,224,4417,118.3125,41.10762201449665
few_moving,baseline,1012,225,4423,117.94666666666667,41.077954294623815
few_moving,baseline,1012,226,4458,118.35398230088497,41.064427190244515
few_moving,baseline,1012,227,4464,117.99118942731278,41.06648779838955
few_moving,baseline,1012,228,4497,118.34210526315789,41.07018312448918
few_moving,baseline,1012,229,4502,117.95633187772926,41.025289590240035
few_moving,baseline,1012,230,4535,118.30434782608695,40.99968025218123
few_moving,baseline,1012,231,4542,117.97402597402596,41.04356177283896
few_moving,baseline,1012,232,4575,118.31896551724138,41.07016821611699
few_moving,baseline,1012,233,4581,117.9656652360515,41.06020016646857
few_moving,baseline,1012,234,4615,118.33333333333334,41.047816332722604
few_moving,baseline,1012,235,4621,117.98297872340427,41.06813134218768
few_moving,baseline,1012,236,4657,118.39830508474577,41.07853476650815
few_moving,baseline,1012,237,4663,118.0506329113924,41.11130535148044
few_moving,baseline,1012,238,4697,118.41176470588235,41.13337763657334
few_moving,baseline,1012,239,4702,118.04184100418409,41.13587736481644
few_moving,baseline,1012,240,4734,118.35,41.12851124638923
few_moving,baseline,1012,241,4742,118.05809128630705,41.11179928438983
few_moving,baseline,1012,242,4776,118.41322314049587,41.095703230716474
few_moving,baseline,1012,243,4782,118.07407407407408,41.11613077827316
few_moving,baseline,1012,244,4815,118.4016393442623,41.1328173951781
few_moving,baseline,1012,245,4821,118.06530612244899,41.12974318505104
few_moving,baseline,1012,246,4856,118.43902439024392,41.128610337832775
few_moving,baseline,1012,247,4860,118.05668016194333,41.13283492148749
few_moving,baseline,1012,248,4892,118.35483870967741,41.14315062765937
few_moving,baseline,1012,249,4898,118.02409638554217,41.11695758883502
few_moving,baseline,1012,250,4932,118.368,41.094320941368565
few_moving,baseline,1012,251,4938,118.0398406374502,41.1188289238663
few_moving,baseline,1012,252,4972,118.38095238095238,41.13724526057797
few_moving,baseline,1012,253,4978,118.05533596837945,41.17594165678405
few_moving,baseline,1012,254,5012,118.39370078740157,41.20466251455282
few_moving,baseline,1012,255,5017,118.04705882352941,41.23558772909305
few_moving,baseline,1012,256,5053,118.4296875,41.252828940680246
few_moving,baseline,1012,257,5059,118.10894941634241,41.22493001164291
few_moving,baseline,1012,258,5092,118.4186046511628,41.202374137043236
few_moving,baseline,1012,259,5096,118.05405405405406,41.22849790410029
few_moving,baseline,1012,260,5129,118.36153846153846,41.24449253692163
few_moving,baseline,1012,261,5136,118.0689655172414,41.26432629127028
few_moving,baseline,1012,262,5169,118.37404580152672,41.284734000837645
few_moving,baseline,1012,263,5174,118.0380228136882,41.309886508285295
few_moving,baseline,1012,264,5207,118.3409090909091,41.32609216509564
few_moving,baseline,1012,265,5212,118.00754716981132,41.28847062915829
few_moving,baseline,1012,266,5248,118.37593984962405,41.26726157943349
few_moving,baseline,1012,267,5252,118.02247191011236,41.27042896530882
few_moving,baseline,1012,268,5284,118.29850746268656,41.26855125457428
few_moving,baseline,1012,269,5290,117.99256505576209,41.32130778770587
few_moving,baseline,1012,270,5324,118.3111111111111,41.36295145370067
few_moving,baseline,1012,271,5332,118.05166051660518,41.37069399268758
few_moving,baseline,1012,272,5364,118.32352941176471,41.38186582470208
few_moving,baseline,1012,273,5369,118,41.43832263800044
few_moving,baseline,1012,274,5402,118.29197080291972,41.4845640058391
few_moving,baseline,1012,275,5408,117.99272727272727,41.499135241562776
few_moving,baseline,1012,276,5443,118.32608695652173,41.5107005826333
few_moving,baseline,1012,277,5449,118.028880866426,41.514789924487154
few_moving,baseline,1012,278,5482,118.31654676258992,41.527520452441294
few_moving,baseline,1012,279,5486,117.9784946236559,41.56617076889701
few_moving,baseline,1012,280,5520,118.28571428571428,41.58988243503583
few_moving,baseline,1012,281,5528,118.03558718861208,41.597953208792376
few_moving,baseline,1012,282,5562,118.3404255319149,41.60219694232129
few_moving,baseline,1012,283,5566,118.00706713780919,41.60469969053638
few_moving,baseline,1012,284,5600,118.30985915492957,41.61051488446635
few_moving,baseline,1012,285,5605,118,41.617315012832364
few_moving,baseline,1012,286,5641,118.34265734265735,41.619489542394746
few_moving,baseline,1012,287,5646,118.03484320557492,41.666865167451775
few_moving,baseline,1012,288,5680,118.33333333333334,41.702134454359495
few_moving,baseline,1012,289,5685,118.02768166089966,41.71047168622487
few_moving,baseline,1012,290,5718,118.30344827586207,41.72039942058238
few_moving,baseline,1012,291,5725,118.04123711340208,41.72314970021736
few_moving,baseline,1012,292,5757,118.29452054794523,41.71326223685107
few_moving,baseline,1012,293,5761,117.97269624573379,41.69976599447531
few_moving,baseline,1012,294,5794,118.24489795918366,41.69535973151771
few_moving,baseline,1012,295,5799,117.94576271186439,41.659420884105955
few_moving,baseline,1012,296,5833,118.23648648648647,41.62371041914483
few_moving,baseline,1012,297,5838,117.93939393939392,41.64342945678803
few_moving,baseline,1012,298,5871,118.20805369127517,41.65715963842529
few_moving,baseline,1012,299,5876,117.91304347826087,41.64055703537496
few_moving,baseline,1012,300,5909,118.17999999999999,41.62991803609183
few_moving,icum,1013,0,0,,40.425794479498926
few_moving,icum,1013,1,32,192,40.45906591792815
few_moving,icum,1013,2,71,213,40.317005383423236
few_moving,icum,1013,3,110,220,40.18767580805991
few_moving,icum,1013,4,148,222,40.10527781288014
few_moving,icum,1013,5,189,226.79999999999998,40.053366382783246
few_moving,icum,1013,6,221,221,40.007102881318374
few_moving,icum,1013,7,227,194.57142857142856,39.988003557708225
few_moving,icum,1013,8,227,170.25,39.97506689779911
few_moving,icum,1013,9,227,151.33333333333334,39.96626971882895
few_moving,icum,1013,10,227,136.20000000000002,39.96025937520765
few_moving,icum,1013,11,227,123.81818181818183,39.95613052931512
few_moving,icum,1013,12,227,113.49999999999999,39.95327631026312
few_moving,icum,1013,13,227,104.76923076923076,39.95128912187071
few_moving,icum,1013,14,227,97.28571428571428,39.94989454360796
few_moving,icum,1013,15,227,90.8,39.94890727249551
few_moving,icum,1013,16,227,85.125,39.94820174012575
few_moving,icum,1013,17,227,80.11764705882354,39.94769250047728
few_moving,icum,1013,18,227,75.66666666666667,39.947321124850056
few_moving,icum,1013,19,227,71.6842105263158,39.947047432506125
few_moving,icum,1013,20,230,69,39.946843612257105
few_moving,icum,1013,21,244,69.71428571428571,39.947496700710445
few_moving,icum,1013,22,244,66.54545454545455,39.94759764683424
few_moving,icum,1013,23,244,63.65217391304347,39.9479385813822
few_moving,icum,1013,24,244,60.99999999999999,39.94838790624825
few_moving,icum,1013,25,244,58.559999999999995,39.948867744275994
few_moving,icum,1013,26,244,56.3076923076923,39.949334109776444
few_moving,icum,1013,27,244,54.222222222222214,39.94976407672113
few_moving,icum,1013,28,244,52.285714285714285,39.95014752996133
few_moving,icum,1013,29,244,50.48275862068965,39.95048190812132
few_moving,icum,1013,30,244,48.8,39.950768891328885
few_moving,icum,1013,31,250,48.387096774193544,39.95101234664546
few_moving,icum,1013,32,250,46.875,39.95121708136342
few_moving,icum,1013,33,250,45.45454545454545,39.95138811066305
few_moving,icum,1013,34,250,44.11764705882353,39.9515302489213
few_moving,icum,1013,35,253,43.37142857142857,39.95164790141795
few_moving,icum,1013,36,270,45,39.94995336481549
few_moving,icum,1013,37,270,43.78378378378378,39.936992288555125
few_moving,icum,1013,38,270,42.631578947368425,39.926586216329895
few_moving,icum,1013,39,270,41.53846153846154,39.91821053229596
few_moving,icum,1013,40,270,40.5,39.911454953943846
few_moving,icum,1013,41,273,39.951219512195124,39.90599661253961
few_moving,icum,1013,42,279,39.857142857142854,39.91197994843245
few_moving,icum,1013,43,284,39.627906976744185,39.91895181670549
few_moving,icum,1013,44,289,39.40909090909091,39.9257117941751
few_moving,icum,1013,45,294,39.199999999999996,39.94284796908283
few_moving,icum,1013,46,301,39.26086956521739,39.956562806866174
few_moving,icum,1013,47,306,39.06382978723404,39.97411573244202
few_moving,icum,1013,48,306,38.25,39.990299209459934
few_moving,icum,1013,49,306,37.46938775510204,40.00350334535831
few_moving,icum,1013,50,309,37.08,40.01427317000132
few_moving,icum,1013,51,324,38.11764705882353,40.021967523160264
few_moving,icum,1013,52,324,37.38461538461538,40.03574122254416
few_moving,icum,1013,53,324,36.679245283018865,40.04713007108596
few_moving,icum,1013,54,324,36,40.05651909934283
few_moving,icum,1013,55,324,35.345454545454544,40.06424126225379
few_moving,icum,1013,56,327,35.035714285714285,40.070580567680736
few_moving,icum,1013,57,327,34.42105263157895,40.075776831875025
few_moving,icum,1013,58,327,33.827586206896555,40.080031013141195
few_moving,icum,1013,59,327,33.2542372881356,40.08351052270029
few_moving,icum,1013,60,327,32.7,40.08635419042263
few_moving,icum,1013,61,330,32.459016393442624,40.08867673335997
few_moving,icum,1013,62,332,32.12903225806451,40.07993099344425
few_moving,icum,1013,63,332,31.61904761904762,40.0693833602819
few_moving,icum,1013,64,332,31.125000000000004,40.06082096851774
few_moving,icum,1013,65,335,30.923076923076927,40.05386591364986
few_moving,icum,1013,66,350,31.818181818181817,40.05024872213739
few_moving,icum,1013,67,350,31.34328358208955,40.04604640724445
few_moving,icum,1013,68,350,30.88235294117647,40.04266116006113
few_moving,icum,1013,69,350,30.434782608695656,40.03992878258668
few_moving,icum,1013,70,350,29.999999999999996,40.037719784914955
few_moving,icum,1013,71,353,29.830985915492956,40.035931517891896
few_moving,icum,1013,72,362,30.16666666666667,40.032299349335794
few_moving,icum,1013,73,371,30.49315068493151,40.03205319997909
few_moving,icum,1013,74,381,30.89189189189189,40.0343784699579
few_moving,icum,1013,75,391,31.28,40.03696712624214
few_moving,icum,1013,76,403,31.81578947368421,40.03873234095889
few_moving,icum,1013,77,415,32.33766233766234,40.05288792823097
few_moving,icum,1013,78,415,31.923076923076923,40.06810378765642
few_moving,icum,1013,79,415,31.518987341772153,40.080543275643656
few_moving,icum,1013,80,418,31.349999999999998,40.09070585486416
few_moving,icum,1013,81,429,31.777777777777775,40.09724883846268
few_moving,icum,1013,82,429,31.39024390243902,40.10729937752087
few_moving,icum,1013,83,429,31.012048192771083,40.11550693910027
few_moving,icum,1013,84,429,30.642857142857142,40.122206194373945
few_moving,icum,1013,85,429,30.28235294117647,40.12767215902788
few_moving,icum,1013,86,432,30.13953488372093,40.1321304412841
few_moving,icum,1013,87,432,29.793103448275865,40.135765865049436
few_moving,icum,1013,88,432,29.454545454545457,40.13872967628527
few_moving,icum,1013,89,432,29.123595505617978,40.14114553367682
few_moving,icum,1013,90,432,28.8,40.143114468254375
few_moving,icum,1013,91,435,28.681318681318682,40.14471897616924
few_moving,icum,1013,92,441,28.76086956521739,40.14261462975294
few_moving,icum,1013,93,441,28.451612903225808,40.13935793851789
few_moving,icum,1013,94,441,28.148936170212767,40.13673749619725
few_moving,icum,1013,95,444,28.042105263157897,40.134624464777886
few_moving,icum,1013,96,455,28.4375,40.13720251075428
few_moving,icum,1013,97,464,28.70103092783505,40.1478781011692
few_moving,icum,1013,98,475,29.081632653061224,40.15779996089558
few_moving,icum,1013,99,485,29.393939393939394,40.165259433668155
few_moving,icum,1013,100,496,29.759999999999998,40.16422337191331
few_moving,icum,1013,101,510,30.297029702970296,40.16558399175759
few_moving,icum,1013,102,526,30.941176470588236,40.16177913188821
few_moving,icum,1013,103,533,31.04854368932039,40.1623761764678
few_moving,icum,1013,104,538,31.038461538461537,40.16754586934236
few_moving,icum,1013,105,542,30.97142857142857,40.17235805672658
few_moving,icum,1013,106,550,31.132075471698116,40.17057310380385
few_moving,icum,1013,107,557,31.233644859813083,40.16457310336784
few_moving,icum,1013,108,557,30.944444444444446,40.15994205914405
few_moving,icum,1013,109,557,30.660550458715598,40.156180227936915
few_moving,icum,1013,110,560,30.545454545454547,40.15312295061413
few_moving,icum,1013,111,569,30.756756756756754,40.15112440006233
few_moving,icum,1013,112,569,30.482142857142858,40.157616156449905
few_moving,icum,1013,113,569,30.212389380530972,40.162913254060626
few_moving,icum,1013,114,569,29.947368421052634,40.16723408736838
few_moving,icum,1013,115,569,29.686956521739127,40.17075762069946
few_moving,icum,1013,116,572,29.586206896551726,40.17363033801572
few_moving,icum,1013,117,581,29.794871794871796,40.17361574486953
few_moving,icum,1013,118,585,29.74576271186441,40.17306425942419
few_moving,icum,1013,119,590,29.747899159663863,40.17224772133287
few_moving,icum,1013,120,595,29.75,40.17163962057135
few_moving,icum,1013,121,612,30.347107438016533,40.233833838776
few_moving,icum,1013,122,624,30.688524590163937,40.29084928577036
few_moving,icum,1013,123,633,30.878048780487806,40.357865080959904
few_moving,icum,1013,124,641,31.016129032258057,40.418696292045475
few_moving,icum,1013,125,653,31.343999999999998,40.494916646740776
few_moving,icum,1013,126,668,31.809523809523807,40.574199882075284
few_moving,icum,1013,127,677,31.984251968503937,40.64425109272708
few_moving,icum,1013,128,686,32.15625,40.72467027580056
few_moving,icum,1013,129,694,32.27906976744186,40.8089290548965
few_moving,icum,1013,130,703,32.44615384615385,40.89489871479293
few_moving,icum,1013,131,715,32.74809160305344,40.9246044178181
few_moving,icum,1013,132,728,33.090909090909086,40.9265025842814
few_moving,icum,1013,133,737,33.24812030075188,40.91829690421051
few_moving,icum,1013,134,746,33.40298507462686,40.9160702668783
few_moving,icum,1013,135,754,33.51111111111111,40.91918809460711
few_moving,icum,1013,136,764,33.70588235294118,40.92713088243188
few_moving,icum,1013,137,773,33.85401459854015,40.92373257508903
few_moving,icum,1013,138,780,33.913043478260875,40.93971412678726
few_moving,icum,1013,139,787,33.97122302158273,40.95314577192861
few_moving,icum,1013,140,797,34.15714285714286,40.971844071235175
few_moving,icum,1013,141,811,34.51063829787233,40.97651253260547
few_moving,icum,1013,142,818,34.56338028169014,41.00883870228293
few_moving,icum,1013,143,825,34.61538461538461,41.038773955013305
few_moving,icum,1013,144,832,34.66666666666667,41.05962718855837
few_moving,icum,1013,145,839,34.71724137931035,41.067080234464456
few_moving,icum,1013,146,849,34.89041095890411,41.078969292124405
few_moving,icum,1013,147,860,35.10204081632653,41.115537690432426
few_moving,icum,1013,148,866,35.108108108108105,41.14748566510064
few_moving,icum,1013,149,872,35.11409395973154,41.170336268080234
few_moving,icum,1013,150,878,35.12,41.19497299882012
few_moving,icum,1013,151,887,35.24503311258278,41.22126007683314
few_moving,icum,1013,152,895,35.328947368421055,41.24708488775266
few_moving,icum,1013,153,901,35.333333333333336,41.27419718361895
few_moving,icum,1013,154,911,35.49350649350649,41.30203583825688
few_moving,icum,1013,155,929,35.961290322580645,41.32211525022941
few_moving,icum,1013,156,950,36.53846153846154,41.34893583048763
few_moving,icum,1013,157,966,36.917197452229296,41.373317249226325
few_moving,icum,1013,158,980,37.21518987341772,41.35812710769261
few_moving,icum,1013,159,994,37.509433962264154,41.35096010015572
few_moving,icum,1013,160,1004,37.650000000000006,41.34810249906482
few_moving,icum,1013,161,1012,37.714285714285715,41.34665116106617
few_moving,icum,1013,162,1017,37.666666666666664,41.346083485365064
few_moving,icum,1013,163,1022,37.61963190184049,41.34638700223195
few_moving,icum,1013,164,1027,37.573170731707314,41.347558666748974
few_moving,icum,1013,165,1033,37.56363636363636,41.34960034292988
few_moving,icum,1013,166,1039,37.55421686746988,41.35251611710764
few_moving,icum,1013,167,1044,37.50898203592815,41.359031556636715
few_moving,icum,1013,168,1046,37.357142857142854,41.36679736420795
few_moving,icum,1013,169,1052,37.349112426035504,41.3750762785881
few_moving,icum,1013,170,1062,37.48235294117647,41.38167176285242
few_moving,icum,1013,171,1073,37.64912280701754,41.39196197446461
few_moving,icum,1013,172,1084,37.81395348837209,41.3128850005658
few_moving,icum,1013,173,1096,38.01156069364162,41.21978109325664
few_moving,icum,1013,174,1110,38.275862068965516,41.15523531277033
few_moving,icum,1013,175,1126,38.605714285714285,41.156076990641
few_moving,icum,1013,176,1139,38.82954545454546,41.17726605207099
few_moving,icum,1013,177,1151,39.01694915254237,41.23189217497055
few_moving,icum,1013,178,1163,39.20224719101123,41.2667861799363
few_moving,icum,1013,179,1176,39.418994413407816,41.30289614775698
few_moving,icum,1013,180,1188,39.6,41.35958283793094
few_moving,icum,1013,181,1191,39.48066298342541,41.383058725225055
few_moving,icum,1013,182,1193,39.32967032967033,41.40260535802114
few_moving,icum,1013,183,1193,39.114754098360656,41.41899228124414
few_moving,icum,1013,184,1193,38.90217391304348,41.43274757778804
few_moving,icum,1013,185,1195,38.75675675675676,41.44422178570591
few_moving,icum,1013,186,1199,38.67741935483871,41.45374685974029
few_moving,icum,1013,187,1199,38.470588235294116,41.461181036644625
few_moving,icum,1013,188,1199,38.265957446808514,41.46731956916554
few_moving,icum,1013,189,1203,38.19047619047619,41.47237471281038
few_moving,icum,1013,190,1205,38.05263157894737,41.47644897147758
few_moving,icum,1013,191,1207,37.91623036649215,41.47972002626567
few_moving,icum,1013,192,1212,37.875,41.483996973842785
few_moving,icum,1013,193,1217,37.83419689119171,41.487606879029414
few_moving,icum,1013,194,1226,37.91752577319588,41.49684621198216
few_moving,icum,1013,195,1240,38.15384615384615,41.48026756256206
few_moving,icum,1013,196,1252,38.3265306122449,41.440250396731706
few_moving,icum,1013,197,1262,38.43654822335026,41.42607782219094
few_moving,icum,1013,198,1266,38.36363636363637,41.413324061641674
few_moving,icum,1013,199,1270,38.291457286432156,41.393875441881306
few_moving,icum,1013,200,1276,38.279999999999994,41.38747385051227
few_moving,icum,1013,201,1285,38.35820895522388,41.394225124758734
few_moving,icum,1013,202,1288,38.25742574257426,41.409293129345954
few_moving,icum,1013,203,1293,38.21674876847291,41.400801117175384
few_moving,icum,1013,204,1299,38.20588235294118,41.400901856827474
few_moving,icum,1013,205,1304,38.16585365853659,41.41854734148777
few_moving,icum,1013,206,1306,38.03883495145631,41.427335742687184
few_moving,icum,1013,207,1306,37.85507246376811,41.43460561688166
few_moving,icum,1013,208,1306,37.67307692307692,41.44060101719982
few_moving,icum,1013,209,1306,37.49282296650718,41.445533407845375
few_moving,icum,1013,210,1310,37.42857142857143,41.45569987608429
few_moving,icum,1013,211,1312,37.30805687203791,41.46583581184707
few_moving,icum,1013,212,1316,37.24528301886792,41.472967508325105
few_moving,icum,1013,213,1316,37.070422535211264,41.47827883113005
few_moving,icum,1013,214,1318,36.953271028037385,41.484738219288126
few_moving,icum,1013,215,1320,36.83720930232558,41.495766647770644
few_moving,icum,1013,216,1324,36.77777777777778,41.50475642441673
few_moving,icum,1013,217,1324,36.60829493087558,41.51096671083292
few_moving,icum,1013,218,1324,36.440366972477065,41.51603396610664
few_moving,icum,1013,219,1326,36.32876712328767,41.52016720476305
few_moving,icum,1013,220,1332,36.32727272727273,41.520310040262586
few_moving,icum,1013,221,1338,36.325791855203626,41.500521005201556
few_moving,icum,1013,222,1342,36.27027027027027,41.499657440133255
few_moving,icum,1013,223,1346,36.2152466367713,41.51414420771193
few_moving,icum,1013,224,1350,36.160714285714285,41.50156012994543
few_moving,icum,1013,225,1358,36.21333333333334,41.48409404116664
few_moving,icum,1013,226,1360,36.10619469026549,41.47340791566724
few_moving,icum,1013,227,1364,36.05286343612335,41.46195831056885
few_moving,icum,1013,228,1364,35.89473684210527,41.4520355468778
few_moving,icum,1013,229,1364,35.737991266375545,41.44399228602962
few_moving,icum,1013,230,1366,35.63478260869565,41.43746681691879
few_moving,icum,1013,231,1370,35.58441558441558,41.43216891735862
few_moving,icum,1013,232,1370,35.43103448275862,41.427796861371235
few_moving,icum,1013,233,1370,35.27896995708154,41.424244084494134
few_moving,icum,1013,234,1372,35.179487179487175,41.42500833884877
few_moving,icum,1013,235,1374,35.08085106382979,41.42923118337497
few_moving,icum,1013,236,1376,34.983050847457626,41.433481521635485
few_moving,icum,1013,237,1381,34.962025316455694,41.43516116152184
few_moving,icum,1013,238,1386,34.94117647058823,41.43616903526147
few_moving,icum,1013,239,1389,34.87029288702929,41.43852917764082
few_moving,icum,1013,240,1401,35.025,41.47241226019222
few_moving,icum,1013,241,1412,35.15352697095435,41.496366380327885
few_moving,icum,1013,242,1422,35.256198347107436,41.52311905965089
few_moving,icum,1013,243,1426,35.20987654320988,41.54602367464655
few_moving,icum,1013,244,1430,35.16393442622951,41.56067662292871
few_moving,icum,1013,245,1436,35.16734693877551,41.545982113588174
few_moving,icum,1013,246,1443,35.19512195121952,41.561996828274665
few_moving,icum,1013,247,1443,35.05263157894738,41.57557261292055
few_moving,icum,1013,248,1443,34.91129032258065,41.58663751660276
few_moving,icum,1013,249,1445,34.81927710843373,41.59565481685753
few_moving,icum,1013,250,1447,34.727999999999994,41.59265530382223
few_moving,icum,1013,251,1449,34.63745019920319,41.570562394937
few_moving,icum,1013,252,1449,34.5,41.55266398917097
few_moving,icum,1013,253,1449,34.36363636363637,41.53814966780172
few_moving,icum,1013,254,1453,34.322834645669296,41.52426127880988
few_moving,icum,1013,255,1459,34.32941176470588,41.50071610174172
few_moving,icum,1013,256,1465,34.3359375,41.47552159641705
few_moving,icum,1013,257,1473,34.389105058365764,41.46759890704654
few_moving,icum,1013,258,1477,34.348837209302324,41.47480208410554
few_moving,icum,1013,259,1481,34.30888030888031,41.47085350518618
few_moving,icum,1013,260,1483,34.22307692307693,41.45095381919062
few_moving,icum,1013,261,1489,34.22988505747127,41.42909123122416
few_moving,icum,1013,262,1495,34.23664122137405,41.409218503213765
few_moving,icum,1013,263,1500,34.22053231939163,41.39420960596681
few_moving,icum,1013,264,1507,34.24999999999999,41.38256361154829
few_moving,icum,1013,265,1513,34.25660377358491,41.372440030662005
few_moving,icum,1013,266,1520,34.285714285714285,41.36758504068257
few_moving,icum,1013,267,1525,34.26966292134831,41.36267807343438
few_moving,icum,1013,268,1525,34.14179104477612,41.35787648378644
few_moving,icum,1013,269,1525,34.014869888475836,41.353988064588926
few_moving,icum,1013,270,1527,33.93333333333333,41.34924285284794
few_moving,icum,1013,271,1529,33.852398523985244,41.34491001497187
few_moving,icum,1013,272,1531,33.77205882352941,41.340385733746
few_moving,icum,1013,273,1531,33.64835164835165,41.33641445014826
few_moving,icum,1013,274,1533,33.56934306569344,41.33043543477352
few_moving,icum,1013,275,1535,33.49090909090909,41.318111668961194
few_moving,icum,1013,276,1541,33.5,41.31088175724384
few_moving,icum,1013,277,1541,33.37906137184115,41.305580931198215
few_moving,icum,1013,278,1541,33.25899280575539,41.301274342044664
few_moving,icum,1013,279,1543,33.18279569892473,41.29520584700508
few_moving,icum,1013,280,1545,33.107142857142854,41.29036209154833
few_moving,icum,1013,281,1547,33.032028469750884,41.29238744786011
few_moving,icum,1013,282,1549,32.95744680851064,41.295355757233104
few_moving,icum,1013,283,1549,32.840989399293285,41.29866525845879
few_moving,icum,1013,284,1549,32.725352112676056,41.30137995332364
few_moving,icum,1013,285,1551,32.652631578947364,41.30374994108148
few_moving,icum,1013,286,1553,32.58041958041958,41.30573308098863
few_moving,icum,1013,287,1555,32.50871080139373,41.308356422406106
few_moving,icum,1013,288,1555,32.395833333333336,41.310807756662385
few_moving,icum,1013,289,1557,32.325259515570934,41.31755789330929
few_moving,icum,1013,290,1559,32.255172413793105,41.33593348648308
few_moving,icum,1013,291,1565,32.2680412371134,41.35092396286147
few_moving,icum,1013,292,1570,32.26027397260274,41.36254928048442
few_moving,icum,1013,293,1576,32.27303754266211,41.370778844092705
few_moving,icum,1013,294,1583,32.30612244897959,41.37903767677558
few_moving,icum,1013,295,1590,32.33898305084745,41.39597958449155
few_moving,icum,1013,296,1602,32.47297297297297,41.403314739401
few_moving,icum,1013,297,1612,32.56565656565656,41.401228878444854
few_moving,icum,1013,298,1622,32.65771812080536,41.412565494547046
few_moving,icum,1013,299,1627,32.64882943143812,41.408656796185745
few_moving,icum,1013,300,1633,32.660000000000004,41.40799357517774
many_moving,baseline,1043,0,0,,40.425794479498926
many_moving,baseline,1043,1,0,0,40.425794479498926
many_moving,baseline,1043,2,32,96,40.453846815259936
many_moving,baseline,1043,3,39,78,40.326229627041265
many_moving,baseline,1043,4,72,108,40.22166328980591
many_moving,baseline,1043,5,78,93.60000000000001,40.14263357369914
many_moving,baseline,1043,6,111,110.99999999999999,40.082854908151155
many_moving,baseline,1043,7,117,100.28571428571428,40.05267428308275
many_moving,baseline,1043,8,150,112.5,40.03362486835538
many_moving,baseline,1043,9,156,104,40.02023880779668
many_moving,baseline,1043,10,190,114,40.01073805047424
many_moving,baseline,1043,11,196,106.90909090909092,40.00726650044169
many_moving,baseline,1043,12,230,115,40.00491872292286
many_moving,baseline,1043,13,234,107.99999999999999,40.001755165822075
many_moving,baseline,1043,14,268,114.85714285714286,40.000503789367926
many_moving,baseline,1043,15,275,110,40.00110615956738
many_moving,baseline,1043,16,308,115.5,40.002382405440244
many_moving,baseline,1043,17,315,111.17647058823529,40.00052782405486
many_moving,baseline,1043,18,349,116.33333333333333,39.99727174293733
many_moving,baseline,1043,19,356,112.42105263157896,39.99327122744965
many_moving,baseline,1043,20,389,116.7,39.99144194666502
many_moving,baseline,1043,21,395,112.85714285714286,39.99085852796405
many_moving,baseline,1043,22,429,117,39.98941462222041
many_moving,baseline,1043,23,436,113.73913043478261,39.98831709781215
many_moving,baseline,1043,24,469,117.24999999999999,39.985416847852456
many_moving,baseline,1043,25,476,114.24,39.978362381121016
many_moving,baseline,1043,26,510,117.6923076923077,39.97369807652858
many_moving,baseline,1043,27,517,114.88888888888889,39.96818998814113
many_moving,baseline,1043,28,551,118.07142857142857,39.96187711650103
many_moving,baseline,1043,29,558,115.44827586206895,39.963173122570765
many_moving,baseline,1043,30,590,118,39.965957511170046
many_moving,baseline,1043,31,598,115.74193548387095,39.98382672066548
many_moving,baseline,1043,32,630,118.125,40.001342207431975
many_moving,baseline,1043,33,636,115.63636363636363,39.999434491202635
many_moving,baseline,1043,34,668,117.88235294117646,39.99741557237908
many_moving,baseline,1043,35,675,115.71428571428571,40.005380145597584
many_moving,baseline,1043,36,712,118.66666666666667,40.01090007315928
many_moving,baseline,1043,37,718,116.43243243243242,40.01097445604056
many_moving,baseline,1043,38,752,118.73684210526316,40.01134649221259
many_moving,baseline,1043,39,759,116.76923076923077,40.000286705306976
many_moving,baseline,1043,40,793,118.95,39.99150433405826
many_moving,baseline,1043,41,803,117.51219512195121,39.98992844565509
many_moving,baseline,1043,42,837,119.57142857142858,39.98647185285321
many_moving,baseline,1043,43,843,117.62790697674419,39.989613028672814
many_moving,baseline,1043,44,875,119.31818181818183,39.99385532725104
many_moving,baseline,1043,45,880,117.33333333333333,40.00401983805616
many_moving,baseline,1043,46,917,119.6086956521739,40.01256113889683
many_moving,baseline,1043,47,923,117.82978723404256,40.014683802967866
many_moving,baseline,1043,48,956,119.49999999999999,40.0128702178218
many_moving,baseline,1043,49,963,117.91836734693878,40.02439179225293
many_moving,baseline,1043,50,995,119.39999999999999,40.03225670979163
many_moving,baseline,1043,51,1005,118.23529411764706,40.02773523270265
many_moving,baseline,1043,52,1038,119.76923076923076,40.023102274630894
many_moving,baseline,1043,53,1044,118.18867924528303,40.02153895807514
many_moving,baseline,1043,54,1077,119.66666666666667,40.02179845765047
many_moving,baseline,1043,55,1084,118.25454545454546,40.0152047895881
many_moving,baseline,1043,56,1120,120,40.00953806514824
many_moving,baseline,1043,57,1127,118.63157894736842,40.004847053497606
many_moving,baseline,1043,58,1161,120.10344827586206,39.99913531273622
many_moving,baseline,1043,59,1168,118.77966101694916,39.99643112838658
many_moving,baseline,1043,60,1200,120,39.99693174699312
many_moving,baseline,1043,61,1210,119.01639344262296,39.99550872834789
many_moving,baseline,1043,62,1242,120.19354838709677,39.99379237206994
many_moving,baseline,1043,63,1248,118.85714285714285,40.00893686572255
many_moving,baseline,1043,64,1281,120.09375,40.01849784371743
many_moving,baseline,1043,65,1287,118.8,40.01294576688667
many_moving,baseline,1043,66,1323,120.27272727272727,40.01177008749433
many_moving,baseline,1043,67,1330,119.1044776119403,40.01543322654486
many_moving,baseline,1043,68,1362,120.17647058823529,40.01929499506093
many_moving,baseline,1043,69,1368,118.95652173913045,40.022605591976316
many_moving,baseline,1043,70,1401,120.08571428571427,40.027365802412206
many_moving,baseline,1043,71,1411,119.2394366197183,40.03238829823142
many_moving,baseline,1043,72,1445,120.41666666666667,40.03865897054672
many_moving,baseline,1043,73,1452,119.34246575342466,40.04440033336007
many_moving,baseline,1043,74,1485,120.4054054054054,40.04873551572416
many_moving,baseline,1043,75,1491,119.28,40.04762495193228
many_moving,baseline,1043,76,1527,120.55263157894737,40.047237313500794
many_moving,baseline,1043,77,1534,119.53246753246752,40.049877827379056
many_moving,baseline,1043,78,1567,120.53846153846152,40.050116193653366
many_moving,baseline,1043,79,1574,119.54430379746836,40.04768459550468
many_moving,baseline,1043,80,1608,120.60000000000001,40.04368925498435
many_moving,baseline,1043,81,1618,119.85185185185185,40.04224894307411
many_moving,baseline,1043,82,1650,120.73170731707317,40.039414960364844
many_moving,baseline,1043,83,1656,119.71084337349397,40.03012124310135
many_moving,baseline,1043,84,1690,120.71428571428572,40.025356675394235
many_moving,baseline,1043,85,1697,119.78823529411763,40.02513308895814
many_moving,baseline,1043,86,1734,120.97674418604652,40.02727969669903
many_moving,baseline,1043,87,1740,120,40.0190085887559
many_moving,baseline,1043,88,1773,120.88636363636365,40.01137057958205
many_moving,baseline,1043,89,1779,119.93258426966293,40.015333614781596
many_moving,baseline,1043,90,1813,120.86666666666667,40.02042923132577
many_moving,baseline,1043,91,1822,120.13186813186813,40.02766304661284
many_moving,baseline,1043,92,1853,120.84782608695652,40.03447539937297
many_moving,baseline,1043,93,1860,120,40.01719146863428
many_moving,baseline,1043,94,1894,120.8936170212766,40.0065650547342
many_moving,baseline,1043,95,1901,120.06315789473685,39.99217362458792
many_moving,baseline,1043,96,1937,121.06249999999999,39.979544548704496
many_moving,baseline,1043,97,1943,120.18556701030928,39.98228318569573
many_moving,baseline,1043,98,1977,121.0408163265306,39.98344389102931
many_moving,baseline,1043,99,1983,120.1818181818182,39.975785834660485
many_moving,baseline,1043,100,2017,121.01999999999998,39.971414048578595
many_moving,baseline,1043,101,2025,120.29702970297029,39.96724248327666
many_moving,baseline,1043,102,2059,121.11764705882354,39.96515294963319
many_moving,baseline,1043,103,2065,120.29126213592234,39.95865180632526
many_moving,baseline,1043,104,2098,121.03846153846155,39.95489464061365
many_moving,baseline,1043,105,2105,120.28571428571429,39.96123059496734
many_moving,baseline,1043,106,2140,121.13207547169812,39.9658883449928
many_moving,baseline,1043,107,2146,120.33644859813083,39.97922434924823
many_moving,baseline,1043,108,2179,121.05555555555556,39.98619661287794
many_moving,baseline,1043,109,2186,120.3302752293578,39.97048042396656
many_moving,baseline,1043,110,2219,121.03636363636365,39.95995621060118
many_moving,baseline,1043,111,2229,120.48648648648648,39.961916811373925
many_moving,baseline,1043,112,2263,121.23214285714286,39.964664154630775
many_moving,baseline,1043,113,2268,120.42477876106196,39.979039306303925
many_moving,baseline,1043,114,2302,121.15789473684211,39.992647540448594
many_moving,baseline,1043,115,2308,120.41739130434783,39.974775460568324
many_moving,baseline,1043,116,2344,121.24137931034483,39.960533898402396
many_moving,baseline,1043,117,2351,120.56410256410257,39.970204837397894
many_moving,baseline,1043,118,2385,121.27118644067798,39.978472608763575
many_moving,baseline,1043,119,2390,120.50420168067227,39.987459864850834
many_moving,baseline,1043,120,2423,121.15,39.99270928716585
many_moving,baseline,1043,121,2432,120.59504132231405,40.059473881069025
many_moving,baseline,1043,122,2466,121.27868852459017,40.12284923331405
many_moving,baseline,1043,123,2473,120.63414634146343,40.18296033753131
many_moving,baseline,1043,124,2507,121.3064516129032,40.24441007669311
many_moving,baseline,1043,125,2515,120.71999999999998,40.236627808466146
many_moving,baseline,1043,126,2553,121.57142857142857,40.23922003812598
many_moving,baseline,1043,127,2561,120.99212598425198,40.247124768831945
many_moving,baseline,1043,128,2596,121.68750000000001,40.2685569545498
many_moving,baseline,1043,129,2601,120.97674418604653,40.29457929534462
many_moving,baseline,1043,130,2637,121.70769230769231,40.335508056116666
many_moving,baseline,1043,131,2646,121.1908396946565,40.43770755589138
many_moving,baseline,1043,132,2680,121.81818181818181,40.50189549361061
many_moving,baseline,1043,133,2686,121.17293233082707,40.52418478844008
many_moving,baseline,1043,134,2718,121.70149253731344,40.5570546011672
many_moving,baseline,1043,135,2723,121.02222222222223,40.59386449173343
many_moving,baseline,1043,136,2759,121.72058823529412,40.633099804623406
many_moving,baseline,1043,137,2765,121.09489051094891,40.6990262178415
many_moving,baseline,1043,138,2800,121.73913043478262,40.81369343946356
many_moving,baseline,1043,139,2807,121.16546762589927,40.92278085263686
many_moving,baseline,1043,140,2840,121.71428571428571,41.026519938043194
many_moving,baseline,1043,141,2849,121.23404255319147,41.15330841633828
many_moving,baseline,1043,142,2882,121.77464788732394,41.252176081665404
many_moving,baseline,1043,143,2886,121.09090909090911,41.2971436054988
many_moving,baseline,1043,144,2918,121.58333333333334,41.337782155764565
many_moving,baseline,1043,145,2922,120.91034482758621,41.35517190234646
many_moving,baseline,1043,146,2956,121.47945205479454,41.3607061456378
many_moving,baseline,1043,147,2962,120.89795918367345,41.43015564253259
many_moving,baseline,1043,148,2993,121.33783783783784,41.48770353727634
many_moving,baseline,1043,149,2999,120.76510067114093,41.53826706907438
many_moving,baseline,1043,150,3030,121.2,41.59517857646428
many_moving,baseline,1043,151,3038,120.71523178807948,41.65467495439105
many_moving,baseline,1043,152,3070,121.1842105263158,41.71070750115382
many_moving,baseline,1043,153,3076,120.62745098039217,41.745106496284144
many_moving,baseline,1043,154,3109,121.12987012987011,41.7865523242945
many_moving,baseline,1043,155,3114,120.54193548387096,41.83282509004032
many_moving,baseline,1043,156,3149,121.1153846153846,41.87825755299637
many_moving,baseline,1043,157,3157,120.64968152866241,41.91188282498833
many_moving,baseline,1043,158,3189,121.1012658227848,41.9264234615601
many_moving,baseline,1043,159,3196,120.60377358490567,41.92786491269124
many_moving,baseline,1043,160,3228,121.05000000000001,41.92598407307056
many_moving,baseline,1043,161,3235,120.55900621118013,41.909584521915264
many_moving,baseline,1043,162,3267,120.99999999999999,41.89741295154296
many_moving,baseline,1043,163,3274,120.51533742331287,41.88925022222777
many_moving,baseline,1043,164,3305,120.91463414634146,41.88745380438601
many_moving,baseline,1043,165,3311,120.4,41.89624810855448
many_moving,baseline,1043,166,3345,120.90361445783132,41.90864871000834
many_moving,baseline,1043,167,3353,120.46706586826348,41.922979211850105
many_moving,baseline,1043,168,3386,120.92857142857144,41.9353897854488
many_moving,baseline,1043,169,3391,120.3905325443787,41.92972011042712
many_moving,baseline,1043,170,3423,120.81176470588235,41.93481284382011
many_moving,baseline,1043,171,3432,120.42105263157895,41.94048887580479
many_moving,baseline,1043,172,3469,121.01162790697674,41.8849579350747
many_moving,baseline,1043,173,3476,120.5549132947977,41.785222218811754
many_moving,baseline,1043,174,3513,121.13793103448276,41.71383917027988
many_moving,baseline,1043,175,3523,120.78857142857144,41.772741586434
many_moving,baseline,1043,176,3561,121.3977272727273,41.87114436720452
many_moving,baseline,1043,177,3567,120.91525423728812,41.977498159497145
many_moving,baseline,1043,178,3603,121.4494382022472,42.09349479193641
many_moving,baseline,1043,179,3611,121.0391061452514,42.15764148296249
many_moving,baseline,1043,180,3647,121.56666666666666,42.2200468991056
many_moving,baseline,1043,181,3655,121.16022099447514,42.186012002528635
many_moving,baseline,1043,182,3692,121.71428571428571,42.16626396794248
many_moving,baseline,1043,183,3698,121.24590163934427,42.1638868693888
many_moving,baseline,1043,184,3735,121.79347826086956,42.16950310312897
many_moving,baseline,1043,185,3741,121.32972972972973,42.168166281309446
many_moving,baseline,1043,186,3778,121.87096774193549,42.16350703587311
many_moving,baseline,1043,187,3786,121.47593582887701,42.153478873547485
many_moving,baseline,1043,188,3823,122.01063829787235,42.135912013546346
many_moving,baseline,1043,189,3830,121.5873015873016,42.087466482774126
many_moving,baseline,1043,190,3866,122.0842105263158,42.04874033837744
many_moving,baseline,1043,191,3875,121.72774869109948,42.026792349956295
many_moving,baseline,1043,192,3912,122.24999999999999,42.012559461333055
many_moving,baseline,1043,193,3919,121.8341968911917,41.9799611542603
many_moving,baseline,1043,194,3955,122.31958762886597,41.95440203265902
many_moving,baseline,1043,195,3963,121.93846153846154,41.97127625431234
many_moving,baseline,1043,196,4000,122.44897959183673,41.98798082037072
many_moving,baseline,1043,197,4007,122.04060913705584,41.927837928932256
many_moving,baseline,1043,198,4044,122.54545454545455,41.87671301021247
many_moving,baseline,1043,199,4052,122.17085427135677,41.92534073104393
many_moving,baseline,1043,200,4089,122.66999999999999,41.95619776788808
many_moving,baseline,1043,201,4097,122.29850746268656,41.9524228123278
many_moving,baseline,1043,202,4133,122.76237623762377,41.956735275473754
many_moving,baseline,1043,203,4141,122.39408866995075,41.95601894828621
many_moving,baseline,1043,204,4177,122.8529411764706,41.965646750306455
many_moving,baseline,1043,205,4185,122.48780487804879,41.990818120238536
many_moving,baseline,1043,206,4221,122.94174757281554,42.01059586100128
many_moving,baseline,1043,207,4229,122.57971014492752,42.015352261657625
many_moving,baseline,1043,208,4265,123.02884615384615,42.027827946098235
many_moving,baseline,1043,209,4273,122.66985645933015,42.09641518861935
many_moving,baseline,1043,210,4309,123.11428571428571,42.150137122742386
many_moving,baseline,1043,211,4316,122.72985781990522,42.17216036265601
many_moving,baseline,1043,212,4353,123.19811320754718,42.193278071978995
many_moving,baseline,1043,213,4361,122.84507042253523,42.19965665438853
many_moving,baseline,1043,214,4397,123.28037383177569,42.21318455403903
many_moving,baseline,1043,215,4405,122.93023255813954,42.21473587136304
many_moving,baseline,1043,216,4443,123.41666666666667,42.21294268826212
many_moving,baseline,1043,217,4451,123.06912442396315,42.21404538367975
many_moving,baseline,1043,218,4488,123.52293577981652,42.21306386144489
many_moving,baseline,1043,219,4496,123.17808219178083,42.2265784151278
many_moving,baseline,1043,220,4532,123.60000000000001,42.230253886731
many_moving,baseline,1043,221,4540,123.2579185520362,42.257071080489055
many_moving,baseline,1043,222,4577,123.7027027027027,42.279016472592055
many_moving,baseline,1043,223,4583,123.30941704035874,42.252304105461555
many_moving,baseline,1043,224,4620,123.75,42.22630585418501
many_moving,baseline,1043,225,4627,123.38666666666667,42.23967178611099
many_moving,baseline,1043,226,4664,123.82300884955752,42.24772064504105
many_moving,baseline,1043,227,4671,123.4625550660793,42.26715672647488
many_moving,baseline,1043,228,4707,123.86842105263158,42.28311712589132
many_moving,baseline,1043,229,4714,123.51091703056767,42.3131626735907
many_moving,baseline,1043,230,4751,123.93913043478261,42.33289249178731
many_moving,baseline,1043,231,4760,123.63636363636364,42.34495271995135
many_moving,baseline,1043,232,4796,124.0344827586207,42.34890913431076
many_moving,baseline,1043,233,4803,123.6824034334764,42.31170522674952
many_moving,baseline,1043,234,4840,124.1025641025641,42.289711062364205
many_moving,baseline,1043,235,4847,123.7531914893617,42.321886323859246
many_moving,baseline,1043,236,4883,124.14406779661017,42.34915422781561
many_moving,baseline,1043,237,4890,123.79746835443038,42.356951332684474
many_moving,baseline,1043,238,4925,124.15966386554622,42.367409514363445
many_moving,baseline,1043,239,4931,123.79079497907951,42.367951081538415
many_moving,baseline,1043,240,4968,124.2,42.36074220403388
many_moving,baseline,1043,241,4977,123.90871369294605,42.35662805356048
many_moving,baseline,1043,242,5014,124.31404958677686,42.35193156190056
many_moving,baseline,1043,243,5021,123.97530864197532,42.34254487304315
many_moving,baseline,1043,244,5058,124.37704918032787,42.34738416207592
many_moving,baseline,1043,245,5063,123.99183673469389,42.33985636209943
many_moving,baseline,1043,246,5100,124.39024390243904,42.32916579762368
many_moving,baseline,1043,247,5107,124.05668016194333,42.292275306891554
many_moving,baseline,1043,248,5143,124.42741935483869,42.26184751759029
many_moving,baseline,1043,249,5151,124.12048192771084,42.24026368109094
many_moving,baseline,1043,250,5187,124.488,42.209866647278915
many_moving,baseline,1043,251,5196,124.20717131474103,42.1746703843938
many_moving,baseline,1043,252,5233,124.59523809523807,42.15437562204493
many_moving,baseline,1043,253,5241,124.29249011857708,42.10914455221678
many_moving,baseline,1043,254,5277,124.65354330708662,42.07999487591756
many_moving,baseline,1043,255,5285,124.3529411764706,42.081855508753115
many_moving,baseline,1043,256,5323,124.75781249999999,42.0792600516469
many_moving,baseline,1043,257,5328,124.38910505836576,42.07399154910983
many_moving,baseline,1043,258,5365,124.76744186046513,42.07630584205831
many_moving,baseline,1043,259,5373,124.47104247104247,42.08397987215982
many_moving,baseline,1043,260,5410,124.84615384615385,42.099507741102414
many_moving,baseline,1043,261,5418,124.55172413793103,42.09687869202667
many_moving,baseline,1043,262,5455,124.92366412213741,42.095648524496276
many_moving,baseline,1043,263,5462,124.6083650190114,42.140703374285785
many_moving,baseline,1043,264,5499,124.9772727272727,42.1711905797844
many_moving,baseline,1043,265,5507,124.68679245283019,42.17353693561962
many_moving,baseline,1043,266,5545,125.07518796992481,42.17547545851527
many_moving,baseline,1043,267,5553,124.78651685393257,42.1749350553796
many_moving,baseline,1043,268,5588,125.10447761194028,42.17397761294463
many_moving,baseline,1043,269,5596,124.817843866171,42.147611767933974
many_moving,baseline,1043,270,5632,125.15555555555557,42.124747491540816
many_moving,baseline,1043,271,5641,124.8929889298893,42.11187885944966
many_moving,baseline,1043,272,5678,125.25,42.095230366573325
many_moving,baseline,1043,273,5686,124.96703296703298,42.101223906049626
many_moving,baseline,1043,274,5723,125.32116788321167,42.11328722519684
many_moving,baseline,1043,275,5730,125.01818181818183,42.104262718834946
many_moving,baseline,1043,276,5767,125.36956521739133,42.09290422044189
many_moving,baseline,1043,277,5774,125.06859205776173,42.08887119604633
many_moving,baseline,1043,278,5809,125.37410071942445,42.09269026516306
many_moving,baseline,1043,279,5817,125.09677419354838,42.045858905079015
many_moving,baseline,1043,280,5854,125.44285714285714,42.00575069836451
many_moving,baseline,1043,281,5863,125.18861209964412,42.01730417874061
many_moving,baseline,1043,282,5900,125.53191489361701,42.03135634580796
many_moving,baseline,1043,283,5907,125.23674911660778,42.021356873798474
many_moving,baseline,1043,284,5943,125.55633802816901,42.01669269210565
many_moving,baseline,1043,285,5950,125.26315789473684,42.0056800489635
many_moving,baseline,1043,286,5987,125.60139860139861,41.990606587525924
many_moving,baseline,1043,287,5995,125.33101045296168,42.03954978651082
many_moving,baseline,1043,288,6031,125.64583333333334,42.07675708413214
many_moving,baseline,1043,289,6039,125.37716262975779,42.082112717811874
many_moving,baseline,1043,290,6075,125.68965517241381,42.0838609352829
many_moving,baseline,1043,291,6084,125.44329896907217,42.0905721509399
many_moving,baseline,1043,292,6120,125.75342465753425,42.1064145677174
many_moving,baseline,1043,293,6128,125.48805460750852,42.113645362308525
many_moving,baseline,1043,294,6165,125.81632653061223,42.11135123797489
many_moving,baseline,1043,295,6173,125.55254237288133,42.098706567906
many_moving,baseline,1043,296,6211,125.89864864864865,42.09105459610296
many_moving,baseline,1043,297,6219,125.63636363636363,42.07755034927222
many_moving,baseline,1043,298,6256,125.95973154362416,42.053999339088755
many_moving,baseline,1043,299,6263,125.67892976588628,42.04367808546961
many_moving,baseline,1043,300,6299,125.97999999999999,42.04223130999679
many_moving,icum,1044,0,0,,40.425794479498926
many_moving,icum,1044,1,31,186,40.45957011782828
many_moving,icum,1044,2,71,213,40.324384683670715
many_moving,icum,1044,3,110,220,40.22428586307036
many_moving,icum,1044,4,147,220.5,40.13908490953419
many_moving,icum,1044,5,187,224.4,40.07307915136148
many_moving,icum,1044,6,222,221.99999999999997,40.0379919938553
many_moving,icum,1044,7,228,195.42857142857144,39.99072595964795
many_moving,icum,1044,8,228,171,39.95465410002261
many_moving,icum,1044,9,228,152,39.926887666974466
many_moving,icum,1044,10,228,136.8,39.905344987237406
many_moving,icum,1044,11,228,124.36363636363637,39.88851153353767
many_moving,icum,1044,12,228,114,39.87527433753446
many_moving,icum,1044,13,228,105.23076923076923,39.8648071774476
many_moving,icum,1044,14,228,97.71428571428572,39.856490501897596
many_moving,icum,1044,15,228,91.2,39.84985518893848
many_moving,icum,1044,16,228,85.5,39.84454272910524
many_moving,icum,1044,17,228,80.47058823529412,39.84027678607797
many_moving,icum,1044,18,228,76,39.83684268953887
many_moving,icum,1044,19,228,72,39.83407249904746
many_moving,icum,1044,20,231,69.30000000000001,39.83183401309448
many_moving,icum,1044,21,245,70,39.83411723781709
many_moving,icum,1044,22,245,66.81818181818183,39.87776091716601
many_moving,icum,1044,23,245,63.91304347826087,39.913795674360536
many_moving,icum,1044,24,245,61.25,39.94346821599337
many_moving,icum,1044,25,245,58.8,39.967849830409506
many_moving,icum,1044,26,245,56.53846153846153,39.98784994960781
many_moving,icum,1044,27,257,57.11111111111111,39.993524241846835
many_moving,icum,1044,28,268,57.42857142857143,40.00189559825154
many_moving,icum,1044,29,277,57.310344827586206,40.002701311368455
many_moving,icum,1044,30,287,57.4,39.9928177685879
many_moving,icum,1044,31,303,58.64516129032258,39.983988891005176
many_moving,icum,1044,32,313,58.6875,39.97889255524583
many_moving,icum,1044,33,313,56.90909090909091,39.97539131103189
many_moving,icum,1044,34,313,55.23529411764706,39.9725565170327
many_moving,icum,1044,35,316,54.17142857142857,39.97025883440921
many_moving,icum,1044,36,329,54.833333333333336,39.970556024494016
many_moving,icum,1044,37,329,53.35135135135135,39.978807367706054
many_moving,icum,1044,38,329,51.94736842105263,39.985567388824705
many_moving,icum,1044,39,329,50.61538461538461,39.99109949447688
many_moving,icum,1044,40,329,49.35,39.995622688157205
many_moving,icum,1044,41,332,48.58536585365854,39.999318303749185
many_moving,icum,1044,42,332,47.42857142857144,40.00233599716912
many_moving,icum,1044,43,332,46.32558139534884,40.00479896246965
many_moving,icum,1044,44,332,45.27272727272728,40.00680840289594
many_moving,icum,1044,45,332,44.26666666666667,40.00844732003222
many_moving,icum,1044,46,335,43.69565217391304,40.0097836978083
many_moving,icum,1044,47,339,43.27659574468085,40.00320087233822
many_moving,icum,1044,48,339,42.37499999999999,39.99734914579664
many_moving,icum,1044,49,339,41.51020408163265,39.99266277473761
many_moving,icum,1044,50,342,41.04,39.988898720305635
many_moving,icum,1044,51,355,41.76470588235294,39.985102191372356
many_moving,icum,1044,52,355,40.96153846153846,39.983836043112674
many_moving,icum,1044,53,355,40.18867924528302,39.98286768847474
many_moving,icum,1044,54,355,39.44444444444444,39.98212071039774
many_moving,icum,1044,55,355,38.72727272727273,39.98153999334702
many_moving,icum,1044,56,358,38.357142857142854,39.9810853740783
many_moving,icum,1044,57,362,38.10526315789474,39.97134965254196
many_moving,icum,1044,58,367,37.96551724137931,39.96804493068336
many_moving,icum,1044,59,372,37.83050847457628,39.975070227432596
many_moving,icum,1044,60,377,37.7,39.97749052455693
many_moving,icum,1044,61,384,37.77049180327869,39.9697862616296
many_moving,icum,1044,62,393,38.03225806451612,39.962856477099415
many_moving,icum,1044,63,397,37.80952380952381,39.95237862892367
many_moving,icum,1044,64,397,37.21875,39.94298868525461
many_moving,icum,1044,65,400,36.92307692307693,39.93535752259018
many_moving,icum,1044,66,411,37.36363636363636,39.92880097651228
many_moving,icum,1044,67,411,36.80597014925373,39.92340288720899
many_moving,icum,1044,68,411,36.26470588235294,39.91905146700073
many_moving,icum,1044,69,411,35.73913043478261,39.91553730897195
many_moving,icum,1044,70,411,35.22857142857143,39.912694980217395
many_moving,icum,1044,71,414,34.985915492957744,39.910393140327564
many_moving,icum,1044,72,420,35,39.90846807040425
many_moving,icum,1044,73,426,35.01369863013699,39.905011553761064
many_moving,icum,1044,74,432,35.027027027027025,39.905610228274426
many_moving,icum,1044,75,438,35.04,39.906141445130366
many_moving,icum,1044,76,447,35.28947368421053,39.90605187278623
many_moving,icum,1044,77,454,35.37662337662337,39.904046307472754
many_moving,icum,1044,78,456,35.07692307692308,39.90462906340005
many_moving,icum,1044,79,456,34.63291139240506,39.905381556659854
many_moving,icum,1044,80,459,34.425000000000004,39.90600462933722
many_moving,icum,1044,81,470,34.81481481481481,39.904533910376045
many_moving,icum,1044,82,470,34.390243902439025,39.89634277140268
many_moving,icum,1044,83,470,33.975903614457835,39.88968584612035
many_moving,icum,1044,84,470,33.57142857142858,39.884273568193464
many_moving,icum,1044,85,470,33.17647058823529,39.879871757660716
many_moving,icum,1044,86,473,33,39.87629078485703
many_moving,icum,1044,87,473,32.62068965517241,39.873376933115665
many_moving,icum,1044,88,473,32.25,39.87100548908371
many_moving,icum,1044,89,473,31.887640449438198,39.86907519808698
many_moving,icum,1044,90,473,31.53333333333333,39.86750380334888
many_moving,icum,1044,91,476,31.384615384615387,39.86622444941759
many_moving,icum,1044,92,480,31.304347826086953,39.86538497231663
many_moving,icum,1044,93,482,31.096774193548388,39.85567787788917
many_moving,icum,1044,94,482,30.765957446808514,39.84528583260395
many_moving,icum,1044,95,485,30.63157894736842,39.83684232241139
many_moving,icum,1044,96,496,31,39.83485317339532
many_moving,icum,1044,97,496,30.68041237113402,39.847576895657696
many_moving,icum,1044,98,496,30.367346938775512,39.857960681436325
many_moving,icum,1044,99,496,30.060606060606062,39.866431753179086
many_moving,icum,1044,100,496,29.759999999999998,39.87334038698264
many_moving,icum,1044,101,499,29.643564356435643,39.87897340903363
many_moving,icum,1044,102,505,29.705882352941178,39.88412270207284
many_moving,icum,1044,103,511,29.76699029126214,39.886418939703624
many_moving,icum,1044,104,517,29.826923076923077,39.89486167257548
many_moving,icum,1044,105,521,29.771428571428572,39.90270274715128
many_moving,icum,1044,106,530,30,39.90449654798227
many_moving,icum,1044,107,538,30.168224299065418,39.9133294762666
many_moving,icum,1044,108,540,30,39.93187765578099
many_moving,icum,1044,109,540,29.724770642201836,39.949809542126374
many_moving,icum,1044,110,543,29.618181818181817,39.964461439974656
many_moving,icum,1044,111,554,29.945945945945944,39.97564132953094
many_moving,icum,1044,112,559,29.94642857142857,39.98561335653596
many_moving,icum,1044,113,564,29.946902654867255,39.99088769163148
many_moving,icum,1044,114,569,29.947368421052634,39.98777569113592
many_moving,icum,1044,115,574,29.94782608695652,39.98442824474265
many_moving,icum,1044,116,582,30.10344827586207,39.9826283596676
many_moving,icum,1044,117,587,30.102564102564106,39.9699331323373
many_moving,icum,1044,118,587,29.847457627118647,39.96753607081644
many_moving,icum,1044,119,587,29.596638655462186,39.96558658247374
many_moving,icum,1044,120,587,29.35,39.96400065829957
many_moving,icum,1044,121,614,30.446280991735538,40.02697305994112
many_moving,icum,1044,122,639,31.426229508196723,40.08912461101878
many_moving,icum,1044,123,661,32.24390243902439,40.15340420257515
many_moving,icum,1044,124,684,33.096774193548384,40.23453047307141
many_moving,icum,1044,125,715,34.32,40.30869030784963
many_moving,icum,1044,126,753,35.857142857142854,40.30231514826195
many_moving,icum,1044,127,785,37.08661417322835,40.3157140461225
many_moving,icum,1044,128,818,38.34375,40.325568505578325
many_moving,icum,1044,129,850,39.53488372093023,40.33906332366608
many_moving,icum,1044,130,883,40.753846153846155,40.38966207862881
many_moving,icum,1044,131,914,41.86259541984734,40.44797243881947
many_moving,icum,1044,132,943,42.86363636363636,40.48544476742363
many_moving,icum,1044,133,970,43.7593984962406,40.526414473688384
many_moving,icum,1044,134,998,44.6865671641791,40.58389483895742
many_moving,icum,1044,135,1023,45.46666666666667,40.63885373127746
many_moving,icum,1044,136,1052,46.411764705882355,40.69220731191486
many_moving,icum,1044,137,1081,47.34306569343066,40.7526808306046
many_moving,icum,1044,138,1107,48.1304347826087,40.801337035176836
many_moving,icum,1044,139,1135,48.99280575539568,40.85243131737416
many_moving,icum,1044,140,1165,49.92857142857142,40.9140848884676
many_moving,icum,1044,141,1193,50.76595744680851,40.98179133097897
many_moving,icum,1044,142,1219,51.50704225352113,41.02224750183657
many_moving,icum,1044,143,1243,52.15384615384615,41.03806007763259
many_moving,icum,1044,144,1268,52.833333333333336,41.0525163252336
many_moving,icum,1044,145,1294,53.5448275862069,41.07235137619565
many_moving,icum,1044,146,1321,54.28767123287671,41.10167289533518
many_moving,icum,1044,147,1347,54.979591836734684,41.13168611168313
many_moving,icum,1044,148,1371,55.581081081081074,41.16077871381082
many_moving,icum,1044,149,1396,56.21476510067114,41.197802839518744
many_moving,icum,1044,150,1419,56.760000000000005,41.230048087925546
many_moving,icum,1044,151,1445,57.41721854304636,41.262931549575804
many_moving,icum,1044,152,1468,57.94736842105264,41.28281342811976
many_moving,icum,1044,153,1492,58.509803921568626,41.30757324262649
many_moving,icum,1044,154,1523,59.33766233766234,41.355099915494456
many_moving,icum,1044,155,1554,60.15483870967742,41.43151559854975
many_moving,icum,1044,156,1585,60.96153846153846,41.50849753738581
many_moving,icum,1044,157,1614,61.681528662420384,41.56894197904867
many_moving,icum,1044,158,1643,62.39240506329114,41.60715795902817
many_moving,icum,1044,159,1670,63.0188679245283,41.64716428267869
many_moving,icum,1044,160,1697,63.637499999999996,41.67746498311076
many_moving,icum,1044,161,1725,64.28571428571429,41.70446528567784
many_moving,icum,1044,162,1749,64.77777777777777,41.72044416652157
many_moving,icum,1044,163,1772,65.22699386503066,41.725640704919655
many_moving,icum,1044,164,1795,65.67073170731707,41.744760154716964
many_moving,icum,1044,165,1819,66.14545454545454,41.75537196283367
many_moving,icum,1044,166,1846,66.72289156626506,41.7739885265641
many_moving,icum,1044,167,1870,67.18562874251498,41.77449849038965
many_moving,icum,1044,168,1894,67.64285714285715,41.77148866073602
many_moving,icum,1044,169,1917,68.05917159763312,41.773453729466695
many_moving,icum,1044,170,1942,68.54117647058823,41.80182740018667
many_moving,icum,1044,171,1969,69.08771929824562,41.81978880888801
many_moving,icum,1044,172,1995,69.59302325581395,41.71576403368032
many_moving,icum,1044,173,2024,70.19653179190752,41.62206223624345
many_moving,icum,1044,174,2052,70.75862068965517,41.539329055622446
many_moving,icum,1044,175,2084,71.45142857142858,41.52000753531895
many_moving,icum,1044,176,2113,72.03409090909092,41.54766784385265
many_moving,icum,1044,177,2140,72.54237288135593,41.587124400196316
many_moving,icum,1044,178,2167,73.04494382022472,41.63721171577389
many_moving,icum,1044,179,2194,73.54189944134079,41.68501716571764
many_moving,icum,1044,180,2222,74.06666666666666,41.70519940893665
many_moving,icum,1044,181,2227,73.8232044198895,41.687694920990765
many_moving,icum,1044,182,2227,73.41758241758242,41.67463692344855
many_moving,icum,1044,183,2227,73.01639344262296,41.664797652328495
many_moving,icum,1044,184,2227,72.6195652173913,41.65731233428682
many_moving,icum,1044,185,2228,72.25945945945946,41.65156652550977
many_moving,icum,1044,186,2229,71.90322580645162,41.64711950682419
many_moving,icum,1044,187,2229,71.5187165775401,41.64365199544834
many_moving,icum,1044,188,2230,71.17021276595744,41.616273905582325
many_moving,icum,1044,189,2233,70.8888888888889,41.58684630116234
many_moving,icum,1044,190,2235,70.57894736842105,41.56309035213982
many_moving,icum,1044,191,2236,70.24083769633508,41.54593942416067
many_moving,icum,1044,192,2236,69.875,41.53208652312172
many_moving,icum,1044,193,2236,69.51295336787564,41.5208807066111
many_moving,icum,1044,194,2238,69.21649484536083,41.51192013659411
many_moving,icum,1044,195,2254,69.35384615384615,41.49899984444038
many_moving,icum,1044,196,2273,69.58163265306123,41.44908678080685
many_moving,icum,1044,197,2290,69.74619289340102,41.439776636704416
many_moving,icum,1044,198,2304,69.81818181818183,41.41003601014126
many_moving,icum,1044,199,2318,69.8894472361809,41.39845897300152
many_moving,icum,1044,200,2330,69.89999999999999,41.38163919996368
many_moving,icum,1044,201,2336,69.73134328358209,41.36695177680985
many_moving,icum,1044,202,2336,69.38613861386139,41.35501291285864
many_moving,icum,1044,203,2336,69.04433497536945,41.34538384871511
many_moving,icum,1044,204,2338,68.76470588235294,41.34431168661813
many_moving,icum,1044,205,2340,68.48780487804878,41.349566246935254
many_moving,icum,1044,206,2344,68.27184466019418,41.35240512690035
many_moving,icum,1044,207,2344,67.94202898550725,41.354755963624775
many_moving,icum,1044,208,2344,67.61538461538461,41.35669630610026
many_moving,icum,1044,209,2344,67.29186602870813,41.35829368925878
many_moving,icum,1044,210,2350,67.14285714285714,41.34944561961833
many_moving,icum,1044,211,2353,66.90995260663507,41.34280095668929
many_moving,icum,1044,212,2353,66.59433962264151,41.337756141849894
many_moving,icum,1044,213,2353,66.28169014084507,41.3338908771295
many_moving,icum,1044,214,2355,66.02803738317756,41.33090436213829
many_moving,icum,1044,215,2365,66,41.32684922460556
many_moving,icum,1044,216,2374,65.94444444444444,41.323871491784395
many_moving,icum,1044,217,2380,65.80645161290323,41.32177264010179
many_moving,icum,1044,218,2386,65.6697247706422,41.322646064519446
many_moving,icum,1044,219,2394,65.58904109589041,41.323178180273736
many_moving,icum,1044,220,2399,65.42727272727274,41.321991909511496
many_moving,icum,1044,221,2400,65.15837104072399,41.320779959632716
many_moving,icum,1044,222,2400,64.86486486486486,41.31982255109996
many_moving,icum,1044,223,2400,64.57399103139014,41.319062462221716
many_moving,icum,1044,224,2400,64.28571428571428,41.31845645268125
many_moving,icum,1044,225,2406,64.16,41.32098170821871
many_moving,icum,1044,226,2409,63.955752212389385,41.32090800469454
many_moving,icum,1044,227,2409,63.674008810572694,41.32120733770753
many_moving,icum,1044,228,2409,63.39473684210527,41.321689551727786
many_moving,icum,1044,229,2411,63.17030567685589,41.322240475723675
many_moving,icum,1044,230,2414,62.97391304347826,41.34638052241097
many_moving,icum,1044,231,2417,62.77922077922077,41.365395648805446
many_moving,icum,1044,232,2417,62.50862068965517,41.381079415540434
many_moving,icum,1044,233,2417,62.24034334763948,41.39398370791821
many_moving,icum,1044,234,2419,62.02564102564103,41.405512620323336
many_moving,icum,1044,235,2421,61.81276595744681,41.4163393449303
many_moving,icum,1044,236,2422,61.57627118644068,41.425684921203
many_moving,icum,1044,237,2422,61.316455696202524,41.433326095975225
many_moving,icum,1044,238,2422,61.05882352941176,41.439569204790985
many_moving,icum,1044,239,2422,60.80334728033473,41.444667070140795
many_moving,icum,1044,240,2433,60.825,41.47500813720916
many_moving,icum,1044,241,2441,60.77178423236514,41.505791888368705
many_moving,icum,1044,242,2446,60.64462809917355,41.52909633740537
many_moving,icum,1044,243,2451,60.51851851851852,41.54809353015883
many_moving,icum,1044,244,2458,60.442622950819676,41.5648285674033
many_moving,icum,1044,245,2464,60.34285714285715,41.54339829714771
many_moving,icum,1044,246,2472,60.29268292682927,41.52640050071113
many_moving,icum,1044,247,2472,60.04858299595142,41.5108216204109
many_moving,icum,1044,248,2472,59.80645161290322,41.49831597113964
many_moving,icum,1044,249,2474,59.614457831325296,41.48825185529345
many_moving,icum,1044,250,2476,59.42399999999999,41.479061913178306
many_moving,icum,1044,251,2477,59.21115537848605,41.47069717273078
many_moving,icum,1044,252,2477,58.976190476190474,41.46395303569639
many_moving,icum,1044,253,2477,58.74308300395256,41.458505690186776
many_moving,icum,1044,254,2479,58.55905511811024,41.45409179888364
many_moving,icum,1044,255,2489,58.56470588235294,41.43480563358272
many_moving,icum,1044,256,2496,58.5,41.3982092220038
many_moving,icum,1044,257,2499,58.342412451361874,41.3790359734806
many_moving,icum,1044,258,2503,58.2093023255814,41.35376724197822
many_moving,icum,1044,259,2507,58.077220077220076,41.34395640710405
many_moving,icum,1044,260,2509,57.900000000000006,41.313917698318804
many_moving,icum,1044,261,2514,57.793103448275865,41.288421715238606
many_moving,icum,1044,262,2514,57.572519083969475,41.266380552130265
many_moving,icum,1044,263,2514,57.353612167300376,41.248545632567144
many_moving,icum,1044,264,2516,57.18181818181817,41.2258797091449
many_moving,icum,1044,265,2518,57.01132075471698,41.201525270812645
many_moving,icum,1044,266,2519,56.81954887218045,41.183068004661656
many_moving,icum,1044,267,2519,56.60674157303371,41.16808761152873
many_moving,icum,1044,268,2519,56.3955223880597,41.15592129784705
many_moving,icum,1044,269,2519,56.185873605947954,41.146035205868536
many_moving,icum,1044,270,2525,56.111111111111114,41.161819769654535
many_moving,icum,1044,271,2528,55.97047970479705,41.17464371076468
many_moving,icum,1044,272,2528,55.76470588235294,41.18526055934726
many_moving,icum,1044,273,2528,55.56043956043956,41.194021848033586
many_moving,icum,1044,274,2530,55.401459854014604,41.201233420333175
many_moving,icum,1044,275,2531,55.221818181818186,41.20846723390085
many_moving,icum,1044,276,2536,55.130434782608695,41.213637363638256
many_moving,icum,1044,277,2536,54.93140794223827,41.220722336364005
many_moving,icum,1044,278,2536,54.73381294964028,41.22655121353701
many_moving,icum,1044,279,2538,54.58064516129032,41.21629423182615
many_moving,icum,1044,280,2540,54.42857142857142,41.194687367872184
many_moving,icum,1044,281,2541,54.256227758007114,41.1773839943515
many_moving,icum,1044,282,2541,54.06382978723404,41.16341630184048
many_moving,icum,1044,283,2541,53.87279151943463,41.15212321523117
many_moving,icum,1044,284,2541,53.683098591549296,41.142980491159854
many_moving,icum,1044,285,2547,53.62105263157895,41.127742639728794
many_moving,icum,1044,286,2550,53.4965034965035,41.11732702724584
many_moving,icum,1044,287,2550,53.31010452961672,41.10894696454129
many_moving,icum,1044,288,2550,53.125,41.10219007020002
many_moving,icum,1044,289,2552,52.982698961937714,41.09673215001299
many_moving,icum,1044,290,2553,52.82068965517242,41.08490043614783
many_moving,icum,1044,291,2558,52.74226804123712,41.07709054461277
many_moving,icum,1044,292,2558,52.561643835616444,41.068451741217956
many_moving,icum,1044,293,2558,52.38225255972696,41.06146866516538
many_moving,icum,1044,294,2560,52.24489795918367,41.05546559997746
many_moving,icum,1044,295,2562,52.10847457627118,41.0503469553074
many_moving,icum,1044,296,2563,51.9527027027027,41.04624877054541
many_moving,icum,1044,297,2563,51.77777777777778,41.04291941692841
many_moving,icum,1044,298,2563,51.604026845637584,41.0402133732792
many_moving,icum,1044,299,2563,51.4314381270903,41.038013089745135
many_moving,icum,1044,300,2569,51.379999999999995,41.02016468449119