scenario,time_s,node_count,tx_per_node_per_min,rmse_m
none_moving,0,5,0,18.858415076087777
none_moving,1,5,192,6.362156697565363
none_moving,2,5,264,5.957385590860835
none_moving,3,5,240,5.565890562943488
none_moving,4,5,252,5.190435747834535
none_moving,5,5,252,4.837332671449759
none_moving,6,5,252,4.505434990703358
none_moving,7,5,192,4.182645843522109
none_moving,8,5,0,3.8636897576180114
none_moving,9,5,0,3.546440949574594
none_moving,10,5,0,3.230318914155206
none_moving,11,5,0,2.914961080907068
none_moving,12,5,0,2.600159904512166
none_moving,13,5,0,2.2858272732164853
none_moving,14,5,0,1.9719848603060106
none_moving,15,5,0,1.672679495310328
none_moving,16,5,0,1.4029098733686889
none_moving,17,5,0,1.1584805672150151
none_moving,18,5,0,0.9378543226790216
none_moving,19,5,0,0.7687964079970826
none_moving,20,5,0,0.642170544710792
none_moving,21,5,48,0.5503010996879057
none_moving,22,5,84,0.5258028161518539
none_moving,23,5,0,0.6124003203299292
none_moving,24,5,0,0.7228502285364312
none_moving,25,5,0,0.8272876815562915
none_moving,26,5,0,0.9176100883004422
none_moving,27,5,0,0.9930047445502257
none_moving,28,5,36,0.8206987420144892
none_moving,29,5,72,0.5064830929412377
none_moving,30,5,84,0.31192323683110396
none_moving,31,5,60,0.2285909806323287
none_moving,32,5,60,0.19222928870256165
none_moving,33,5,60,0.18967245249120984
none_moving,34,5,48,0.1896900390560285
none_moving,35,5,60,0.1927474312435375
none_moving,36,5,48,0.20952291305969495
none_moving,37,5,84,0.17404462616283015
none_moving,38,5,0,0.17207638397404895
none_moving,39,5,0,0.18876815941699415
none_moving,40,5,0,0.21135789103493374
none_moving,41,5,0,0.23369176090331312
none_moving,42,5,0,0.253576072002794
none_moving,43,5,0,0.2704914474482901
none_moving,44,5,0,0.2845541104762903
none_moving,45,5,0,0.29609541781025855
none_moving,46,5,0,0.3054937480418658
none_moving,47,5,0,0.3131086975291955
none_moving,48,5,0,0.3192578864621612
none_moving,49,5,0,0.32421178932233824
none_moving,50,5,24,0.32819602825099525
none_moving,51,5,24,0.2799539329760721
none_moving,52,5,84,0.19229551366137318
none_moving,53,5,0,0.12533836168293133
none_moving,54,5,0,0.07867073664079811
none_moving,0,10,0,18.49718659901042
none_moving,1,10,204,10.643553755800674
none_moving,2,10,264,10.285505863146463
none_moving,3,10,252,9.914944754638308
none_moving,4,10,264,9.544170829632655
none_moving,5,10,264,9.166776883381765
none_moving,6,10,252,8.788341371162046
none_moving,7,10,186,8.414673810915323
none_moving,8,10,18,8.039185088873047
none_moving,9,10,0,7.670425786092756
none_moving,10,10,0,7.307625028196643
none_moving,11,10,0,6.950398973996503
none_moving,12,10,0,6.59867501642882
none_moving,13,10,0,6.252648299134003
none_moving,14,10,0,5.912763706558813
none_moving,15,10,0,5.5797190749888035
none_moving,16,10,0,5.254487458111256
none_moving,17,10,0,4.938357743527845
none_moving,18,10,0,4.6413791068221695
none_moving,19,10,0,4.372631604176242
none_moving,20,10,0,4.139477774308992
none_moving,21,10,48,3.9416226382657524
none_moving,22,10,78,3.6045272999138946
none_moving,23,10,0,3.2945362770742777
none_moving,24,10,0,3.0469497334292033
none_moving,25,10,0,2.8607564298798875
none_moving,26,10,0,2.7212861434876783
none_moving,27,10,0,2.6168134285106777
none_moving,28,10,12,2.5695691225418926
none_moving,29,10,36,2.491617227352831
none_moving,30,10,54,2.2760563074548137
none_moving,31,10,54,2.0981843548376573
none_moving,32,10,54,1.922570748825447
none_moving,33,10,54,1.761233026166305
none_moving,34,10,54,1.611331031331357
none_moving,35,10,54,1.4909349545719723
none_moving,36,10,48,1.3814688966804964
none_moving,37,10,66,1.2319439981519822
none_moving,38,10,0,1.1049928973553997
none_moving,39,10,0,1.0231496718243476
none_moving,40,10,0,0.978890915767159
none_moving,41,10,0,0.9609325398957201
none_moving,42,10,0,0.9584480066833542
none_moving,43,10,0,0.9641607565199878
none_moving,44,10,12,0.97344592196157
none_moving,45,10,18,0.9803942380348747
none_moving,46,10,18,0.9857618509057915
none_moving,47,10,24,0.9996820021622667
none_moving,48,10,24,1.0069853207976915
none_moving,49,10,24,1.0142662205868374
none_moving,50,10,48,0.9905182243048477
none_moving,51,10,60,0.967009690844294
none_moving,52,10,54,0.7986041053894
none_moving,53,10,0,0.6391949577586912
none_moving,54,10,0,0.5509176619985016
none_moving,55,10,0,0.524589192365027
none_moving,56,10,0,0.5368441564528724
none_moving,57,10,24,0.5761902050201427
none_moving,58,10,30,0.6082660493951751
none_moving,59,10,30,0.6244528592270978
none_moving,60,10,30,0.650965747240831
none_moving,61,10,30,0.6795338970154569
none_moving,62,10,24,0.6884928957682289
none_moving,63,10,30,0.696925935377133
none_moving,64,10,6,0.705813815410922
none_moving,65,10,12,0.7150896145709227
none_moving,66,10,48,0.7211921147317083
none_moving,67,10,54,0.5637235709834306
none_moving,68,10,0,0.4026548648593462
none_moving,69,10,0,0.3249644214836925
none_moving,70,10,0,0.33587906779710497
none_moving,0,20,0,18.072713061853733
none_moving,1,20,285,17.911861351008245
none_moving,2,20,435,17.634414572592828
none_moving,3,20,456,17.33949504644108
none_moving,4,20,444,17.03594304693972
none_moving,5,20,453,16.742583955089053
none_moving,6,20,441,16.457286730411223
none_moving,7,20,393,16.15822959286453
none_moving,8,20,78,15.87788212442166
none_moving,9,20,0,15.615721167435106
none_moving,10,20,0,15.369822063207705
none_moving,11,20,0,15.140579042369591
none_moving,12,20,0,14.932264372744779
none_moving,13,20,0,14.744685069040207
none_moving,14,20,0,14.573964572390189
none_moving,15,20,0,14.417178113950245
none_moving,16,20,0,14.274792821552536
none_moving,17,20,0,14.144598998016164
none_moving,18,20,0,14.026941602576821
none_moving,19,20,0,13.92342974676357
none_moving,20,20,0,13.831129441641531
none_moving,21,20,24,13.751791155847682
none_moving,22,20,117,13.547242399771946
none_moving,23,20,9,13.3430491446504
none_moving,24,20,0,13.166864879936472
none_moving,25,20,0,13.01452563074698
none_moving,26,20,0,12.887152859816302
none_moving,27,20,0,12.784863240160602
none_moving,28,20,9,12.680942088202757
none_moving,29,20,129,12.53822603741312
none_moving,30,20,150,12.374457026633033
none_moving,31,20,162,12.229305333626305
none_moving,32,20,162,12.093711291092642
none_moving,33,20,156,11.958169639061438
none_moving,34,20,147,11.82366620372824
none_moving,35,20,147,11.704926330774182
none_moving,36,20,72,11.605013131655923
none_moving,37,20,84,11.43375707538087
none_moving,38,20,9,11.229125138306609
none_moving,39,20,0,11.060069214078549
none_moving,40,20,0,10.919263699733795
none_moving,41,20,0,10.800999013443825
none_moving,42,20,0,10.705961825091798
none_moving,43,20,42,10.629728961109405
none_moving,44,20,60,10.544296559444785
none_moving,45,20,51,10.478057682593894
none_moving,46,20,51,10.425961526697026
none_moving,47,20,51,10.369090364286818
none_moving,48,20,54,10.332121708513768
none_moving,49,20,60,10.296021995687816
none_moving,50,20,48,10.219303477647909
none_moving,51,20,27,10.155150470739276
none_moving,52,20,63,10.012490547783962
none_moving,53,20,12,9.885143011419013
none_moving,54,20,0,9.78395592572458
none_moving,55,20,0,9.703462536707445
none_moving,56,20,6,9.639586317392647
none_moving,57,20,48,9.576005842613144
none_moving,58,20,93,9.475716648680306
none_moving,59,20,108,9.37584963992735
none_moving,60,20,114,9.308054038429466
none_moving,61,20,122.99999999999999,9.231505653789856
none_moving,62,20,111,9.161746990396837
none_moving,63,20,93,9.102124944303124
none_moving,64,20,81,9.05353998573478
none_moving,65,20,75,8.97365666350911
none_moving,66,20,24,8.903629585805716
none_moving,67,20,42,8.776270779469987
none_moving,68,20,9,8.646240596154
none_moving,69,20,0,8.54133922090834
none_moving,70,20,21,8.454755422878732
none_moving,71,20,90,8.412087638429636
none_moving,72,20,114,8.328433847901543
none_moving,73,20,117,8.249083086640896
none_moving,74,20,129,8.16765248549209
none_moving,75,20,122.99999999999999,8.087645964929091
none_moving,76,20,126,8.008800608909427
none_moving,77,20,117,7.941492735461263
none_moving,78,20,54,7.855832833502117
none_moving,79,20,33,7.772316299833455
none_moving,80,20,51,7.676023165558733
none_moving,81,20,3,7.598185702220569
none_moving,82,20,30,7.507299865919636
none_moving,83,20,6,7.418307050517426
none_moving,84,20,0,7.347375893238379
none_moving,85,20,0,7.290804686282367
none_moving,86,20,0,7.245661720496908
none_moving,87,20,30,7.208955206450007
none_moving,88,20,36,7.155851364352928
none_moving,89,20,42,7.1042158696853965
none_moving,90,20,42,7.067156361767993
none_moving,91,20,54,7.021096995140423
none_moving,92,20,54,6.972132284360586
none_moving,93,20,57,6.898366430056101
none_moving,94,20,30,6.837190593946127
none_moving,95,20,39,6.763374432227003
none_moving,96,20,6,6.6986393094272145
none_moving,97,20,24,6.636108506881108
none_moving,98,20,87,6.5794392262413695
none_moving,99,20,114,6.527434668749185
none_moving,100,20,122.99999999999999,6.484546692247817
none_moving,101,20,150,6.447853423664441
none_moving,102,20,144,6.39608822797333
none_moving,103,20,159,6.352594206451003
none_moving,104,20,147,6.309588858694461
none_moving,105,20,84,6.266268217029597
none_moving,106,20,42,6.232135823546619
none_moving,107,20,57,6.202212327803697
none_moving,108,20,30,6.166148894258521
none_moving,109,20,15,6.124475640007972
none_moving,110,20,33,6.072031168922428
none_moving,111,20,6,6.025789378966684
none_moving,112,20,15,5.979576837679635
none_moving,113,20,18,5.940917754010709
none_moving,114,20,45,5.9032622115078865
none_moving,115,20,48,5.867382722426447
none_moving,116,20,57,5.8253277915075605
none_moving,117,20,75,5.822844563662851
none_moving,118,20,93,5.7588547722886085
none_moving,119,20,114,5.7036750318121525
none_moving,120,20,66,5.643892578456843
none_moving,121,20,48,5.59092260384098
none_moving,122,20,60,5.544878518656734
none_moving,0,35,0,18.720225893108573
none_moving,1,35,408,18.382114204582184
none_moving,2,35,665.1428571428571,18.07384768365568
none_moving,3,35,663.4285714285714,17.759738545578433
none_moving,4,35,675.4285714285714,17.45312762802031
none_moving,5,35,666.8571428571429,17.146670103021737
none_moving,6,35,673.7142857142857,16.84409736835171
none_moving,7,35,651.4285714285714,16.54157936510136
none_moving,8,35,219.42857142857142,16.247394089442672
none_moving,9,35,0,15.971533880227051
none_moving,10,35,0,15.712787874532337
none_moving,11,35,0,15.471358561271291
none_moving,12,35,0,15.248782106722663
none_moving,13,35,0,15.044072671309792
none_moving,14,35,0,14.856842168128024
none_moving,15,35,0,14.690251253784327
none_moving,16,35,0,14.544735104040276
none_moving,17,35,0,14.419588267931603
none_moving,18,35,0,14.313073004268867
none_moving,19,35,0,14.22328224662329
none_moving,20,35,0,14.148350641788463
none_moving,21,35,13.714285714285714,14.087010104578649
none_moving,22,35,116.57142857142857,13.911474936798962
none_moving,23,35,15.428571428571427,13.643819486589656
none_moving,24,35,0,13.41122926670678
none_moving,25,35,0,13.208352891302319
none_moving,26,35,0,13.031123106579908
none_moving,27,35,0,12.884719407104551
none_moving,28,35,36,12.743415008180321
none_moving,29,35,216,12.540948426794877
none_moving,30,35,252,12.347165583479839
none_moving,31,35,253.71428571428572,12.160419230867495
none_moving,32,35,269.14285714285717,11.987358863932183
none_moving,33,35,248.57142857142858,11.82367594613106
none_moving,34,35,265.7142857142857,11.669969244695443
none_moving,35,35,219.42857142857142,11.537487241182815
none_moving,36,35,72,11.422312211056438
none_moving,37,35,89.14285714285714,11.235346969341835
none_moving,38,35,27.428571428571427,11.031764227339428
none_moving,39,35,8.571428571428571,10.863096542254722
none_moving,40,35,0,10.729184717342939
none_moving,41,35,0,10.622735179029815
none_moving,42,35,0,10.538024335750436
none_moving,43,35,48,10.459503464129877
none_moving,44,35,178.28571428571428,10.344322738048792
none_moving,45,35,205.7142857142857,10.230831753944244
none_moving,46,35,202.28571428571428,10.12384987732655
none_moving,47,35,212.57142857142856,10.028276126668683
none_moving,48,35,207.42857142857144,9.937275530022406
none_moving,49,35,221.14285714285714,9.846777934976918
none_moving,50,35,207.42857142857144,9.717929180075874
none_moving,51,35,96,9.603075834192603
none_moving,52,35,37.714285714285715,9.455106077307832
none_moving,53,35,10.285714285714286,9.30095528780934
none_moving,54,35,1.7142857142857142,9.17555492701767
none_moving,55,35,17.142857142857142,9.069553791204287
none_moving,56,35,37.714285714285715,8.977978223767687
none_moving,57,35,80.57142857142857,8.903237593753985
none_moving,58,35,99.42857142857143,8.832053435311328
none_moving,59,35,133.71428571428572,8.765310959085445
none_moving,60,35,157.71428571428572,8.68497976751964
none_moving,61,35,168,8.616396788781577
none_moving,62,35,157.71428571428572,8.559853797965541
none_moving,63,35,135.42857142857142,8.50502030692066
none_moving,64,35,121.71428571428571,8.438606810647265
none_moving,65,35,123.42857142857142,8.321365223755086
none_moving,66,35,56.57142857142857,8.200977559236772
none_moving,67,35,42.85714285714286,8.078450641566961
none_moving,68,35,12,7.961033104148489
none_moving,69,35,0,7.867465519908236
none_moving,70,35,0,7.792854569695841
none_moving,71,35,34.285714285714285,7.732669529395452
none_moving,72,35,73.71428571428572,7.676100231951567
none_moving,73,35,106.28571428571428,7.616887731702541
none_moving,74,35,152.57142857142856,7.546826390958072
none_moving,75,35,150.85714285714286,7.4838305837428045
none_moving,76,35,162.85714285714286,7.427407041974662
none_moving,77,35,156,7.3677233020644755
none_moving,78,35,116.57142857142857,7.307675798189523
none_moving,79,35,113.14285714285714,7.241529376889749
none_moving,80,35,89.14285714285714,7.138773928678953
none_moving,81,35,37.714285714285715,7.050166096039353
none_moving,82,35,25.71428571428571,6.945208250560735
none_moving,83,35,8.571428571428571,6.846622974006283
none_moving,84,35,12,6.76787694916348
none_moving,85,35,30.857142857142854,6.701824531737473
none_moving,86,35,106.28571428571428,6.650777321698564
none_moving,87,35,147.42857142857144,6.593500962745047
none_moving,88,35,228,6.535089792805448
none_moving,89,35,248.57142857142858,6.474889216944195
none_moving,90,35,246.85714285714283,6.41880469561084
none_moving,91,35,246.85714285714283,6.366157824726484
none_moving,92,35,228,6.3173821516393245
none_moving,93,35,144,6.258042696595999
none_moving,94,35,118.28571428571429,6.194642400337724
none_moving,95,35,36,6.115298541451473
none_moving,96,35,15.428571428571427,6.04586701594245
none_moving,97,35,22.285714285714285,5.964328907855841
none_moving,98,35,24,5.889023197053593
none_moving,99,35,53.14285714285714,5.827266057926235
none_moving,100,35,73.71428571428572,5.770205268958182
none_moving,101,35,101.14285714285714,5.710796479730514
none_moving,102,35,123.42857142857142,5.647481250830372
none_moving,103,35,144,5.594485015190291
none_moving,104,35,149.14285714285714,5.530815583360998
none_moving,105,35,135.42857142857142,5.480956216377021
none_moving,106,35,125.14285714285715,5.429330262872378
none_moving,107,35,97.71428571428571,5.372434458285907
none_moving,108,35,54.857142857142854,5.316682013770892
none_moving,109,35,54.857142857142854,5.2578961742392245
none_moving,110,35,30.857142857142854,5.197520181227902
none_moving,111,35,15.428571428571427,5.145743452555106
none_moving,112,35,12,5.085353594716292
none_moving,113,35,37.714285714285715,5.027225378443407
none_moving,114,35,101.14285714285714,4.9769587149088235
none_moving,115,35,145.7142857142857,4.930295028577648
none_moving,116,35,181.71428571428572,4.885531680096773
none_moving,117,35,197.14285714285714,4.836756733797274
none_moving,118,35,198.85714285714286,4.798589340215107
none_moving,119,35,205.7142857142857,4.755952225152424
none_moving,120,35,169.71428571428572,4.721370417718118
none_moving,121,35,114.85714285714286,4.688362616521371
none_moving,122,35,94.28571428571428,4.652721829308612
none_moving,123,35,34.285714285714285,4.610720321367243
none_moving,124,35,30.857142857142854,4.559699302470432
none_moving,125,35,39.42857142857143,4.502851245655946
none_moving,126,35,44.57142857142857,4.453903377020948
none_moving,127,35,84,4.394848679164141
none_moving,128,35,102.85714285714285,4.339411013139042
none_moving,129,35,135.42857142857142,4.293057472620796
none_moving,130,35,137.14285714285714,4.240318687272872
none_moving,131,35,190.28571428571428,4.18174351862011
none_moving,132,35,190.28571428571428,4.122479066553511
none_moving,133,35,183.42857142857142,4.078074592682904
none_moving,134,35,159.42857142857142,4.034977172298119
none_moving,135,35,135.42857142857142,3.9888422542969897
none_moving,136,35,108,3.948820547148214
none_moving,137,35,87.42857142857143,3.9050499099948244
none_moving,138,35,34.285714285714285,3.8605225110913715
none_moving,139,35,18.857142857142858,3.814844165882652
none_moving,140,35,6.857142857142857,3.770965201263469
none_moving,141,35,63.42857142857143,3.7357926030829405
none_moving,142,35,101.14285714285714,3.6965857172391994
none_moving,143,35,133.71428571428572,3.6642032745251085
none_moving,0,50,0,21.50020158859256
none_moving,1,50,415.2,21.35495508322803
none_moving,2,50,680.4,21.122061910707213
none_moving,3,50,700.8,20.878332517020613
none_moving,4,50,704.4,20.628526632198184
none_moving,5,50,738,20.377023686429983
none_moving,6,50,698.4000000000001,20.126165886905525
none_moving,7,50,676.8,19.869754239301212
none_moving,8,50,199.2,19.613723359005345
none_moving,9,50,0,19.375897271657394
none_moving,10,50,0,19.1569912343966
none_moving,11,50,0,18.96056981697701
none_moving,12,50,0,18.78801446193477
none_moving,13,50,0,18.641608224529765
none_moving,14,50,0,18.517624630699345
none_moving,15,50,0,18.41203416411508
none_moving,16,50,0,18.325028102758267
none_moving,17,50,0,18.253507578408605
none_moving,18,50,0,18.194253186278594
none_moving,19,50,0,18.144752104114417
none_moving,20,50,0,18.10303472951916
none_moving,21,50,14.399999999999999,18.067599735180867
none_moving,22,50,134.4,17.876721384469885
none_moving,23,50,10.799999999999999,17.635615516968024
none_moving,24,50,0,17.439503183782072
none_moving,25,50,0,17.279269281725774
none_moving,26,50,0,17.14905737021058
none_moving,27,50,0,17.04349078959964
none_moving,28,50,22.8,16.962476901836936
none_moving,29,50,245.99999999999997,16.804196236072325
none_moving,30,50,292.8,16.63105666379534
none_moving,31,50,286.8,16.46650101691468
none_moving,32,50,282,16.307973226762282
none_moving,33,50,298.8,16.161795298516683
none_moving,34,50,292.8,16.025134588958988
none_moving,35,50,284.40000000000003,15.89540756099714
none_moving,36,50,92.4,15.783958500541043
none_moving,37,50,80.4,15.624259579670563
none_moving,38,50,9.6,15.438168381235414
none_moving,39,50,0,15.28697559192438
none_moving,40,50,0,15.16619838047167
none_moving,41,50,0,15.06983699557996
none_moving,42,50,0,14.992917821727206
none_moving,43,50,50.4,14.91191577429463
none_moving,44,50,98.39999999999999,14.823176595666187
none_moving,45,50,99.6,14.740645596646285
none_moving,46,50,97.2,14.671674715629628
none_moving,47,50,93.60000000000001,14.609007949141636
none_moving,48,50,96,14.554550100675787
none_moving,49,50,106.8,14.502890313196062
none_moving,50,50,99.6,14.42494374066274
none_moving,51,50,7.199999999999999,14.337617199938864
none_moving,52,50,62.400000000000006,14.201441281565653
none_moving,53,50,7.199999999999999,14.040857780840327
none_moving,54,50,0,13.911875923431133
none_moving,55,50,0,13.808965573504343
none_moving,56,50,43.199999999999996,13.713174307309712
none_moving,57,50,153.6,13.597430289496227
none_moving,58,50,216,13.466986594905045
none_moving,59,50,283.2,13.340677861251617
none_moving,60,50,301.2,13.196001398217344
none_moving,61,50,301.2,13.070232952248855
none_moving,62,50,292.8,12.942789601912192
none_moving,63,50,262.8,12.817695877294968
none_moving,64,50,198,12.7019943232911
none_moving,65,50,118.8,12.580814760973466
none_moving,66,50,32.400000000000006,12.473134695567236
none_moving,67,50,50.4,12.357046470941901
none_moving,68,50,8.4,12.241552131280477
none_moving,69,50,0,12.149344263459922
none_moving,70,50,6,12.07540544391862
none_moving,71,50,31.200000000000003,12.011362939357063
none_moving,72,50,69.6,11.951334471780104
none_moving,73,50,85.19999999999999,11.89223271170004
none_moving,74,50,134.4,11.815104310241555
none_moving,75,50,146.4,11.742468334139971
none_moving,76,50,148.8,11.671825474663311
none_moving,77,50,160.8,11.608547932382397
none_moving,78,50,132,11.535467068981259
none_moving,79,50,122.4,11.452225041836462
none_moving,80,50,90,11.344696851141766
none_moving,81,50,26.4,11.247817372009843
none_moving,82,50,34.8,11.150399054397663
none_moving,83,50,2.4,11.059815039054705
none_moving,84,50,45.6,10.974320134005803
none_moving,85,50,109.2,10.885949360073868
none_moving,86,50,159.60000000000002,10.801629679994504
none_moving,87,50,210,10.697419847235443
none_moving,88,50,231.6,10.59389184876446
none_moving,89,50,272.4,10.490693274324789
none_moving,90,50,289.20000000000005,10.391843117884058
none_moving,91,50,248.39999999999998,10.295059626640318
none_moving,92,50,211.2,10.205361300121908
none_moving,93,50,158.4,10.11179770344813
none_moving,94,50,97.2,10.022966170886612
none_moving,95,50,78,9.92871813368186
none_moving,96,50,33.6,9.850406165178725
none_moving,97,50,26.4,9.78033665041581
none_moving,98,50,16.8,9.71285462913564
none_moving,99,50,42,9.65382121976356
none_moving,100,50,78,9.595724344926749
none_moving,101,50,88.8,9.542014843165122
none_moving,102,50,93.60000000000001,9.49091033129191
none_moving,103,50,122.4,9.447592131503626
none_moving,104,50,150,9.403826852674161
none_moving,105,50,153.6,9.353365868835217
none_moving,106,50,121.2,9.297856503370868
none_moving,107,50,88.8,9.238777440201787
none_moving,108,50,63.6,9.175086034667297
none_moving,109,50,73.2,9.104452931223951
none_moving,110,50,42,9.019948663149737
none_moving,111,50,20.400000000000002,8.950720904814856
none_moving,112,50,85.19999999999999,8.88418057558234
none_moving,113,50,109.2,8.809515642932675
none_moving,114,50,118.8,8.743107853916193
none_moving,115,50,153.6,8.67324955524521
none_moving,116,50,208.8,8.593004247798639
none_moving,117,50,242.4,8.50472829418857
none_moving,118,50,256.8,8.417202430133027
none_moving,119,50,235.2,8.337936482116707
none_moving,120,50,205.2,8.258911686417154
none_moving,121,50,183.6,8.179358465906905
none_moving,122,50,150,8.102886469752441
none_moving,123,50,96,8.02331870746095
none_moving,124,50,78,7.955787689989868
none_moving,125,50,43.199999999999996,7.886798827410211
none_moving,126,50,13.2,7.830837030741504
none_moving,127,50,22.8,7.780825284892091
none_moving,128,50,16.8,7.740885292253804
none_moving,129,50,67.2,7.7067350003058825
none_moving,130,50,92.4,7.6750048124323635
none_moving,131,50,138,7.63529965490805
none_moving,132,50,172.79999999999998,7.597968792323651
none_moving,133,50,172.79999999999998,7.56018251470108
none_moving,134,50,165.6,7.5220931806451325
none_moving,135,50,178.8,7.4832577193903305
none_moving,136,50,154.8,7.435092512301494
none_moving,137,50,123.60000000000001,7.374089742183213
none_moving,138,50,80.4,7.308237240270323
none_moving,139,50,58.8,7.244598925451769
none_moving,140,50,62.400000000000006,7.177361274478333
none_moving,141,50,61.2,7.111843829371257
none_moving,142,50,85.19999999999999,7.052962794081732
none_moving,143,50,94.80000000000001,7.000014781523092
none_moving,144,50,135.6,6.936172387300694
none_moving,145,50,162,6.8833839674505235
none_moving,146,50,186,6.822160942029107
none_moving,147,50,168,6.765750432328895
none_moving,148,50,135.6,6.710623096070992
none_moving,149,50,109.2,6.659413152542702
none_moving,150,50,98.39999999999999,6.60855320516763
none_moving,151,50,58.8,6.559323228436022
none_moving,152,50,58.8,6.504455255103111
none_moving,153,50,34.8,6.447631632517688
none_moving,154,50,45.6,6.395951056326638
none_moving,155,50,42,6.3450911762921045
none_moving,156,50,37.2,6.30329469118801
none_moving,157,50,84,6.269117350090712
none_moving,158,50,124.80000000000001,6.229399557370155
none_moving,159,50,146.4,6.19811955513826
none_moving,160,50,169.2,6.1678082306032165
none_moving,161,50,170.39999999999998,6.136391306325983
none_moving,162,50,195.6,6.104677945347494
none_moving,163,50,196.79999999999998,6.071328773202888
none_moving,164,50,156,6.0324397818544
none_moving,165,50,109.2,5.988136716629915
none_moving,166,50,82.8,5.948029034838476
none_moving,167,50,78,5.903588512123377
none_moving,168,50,78,5.851335632611213
none_moving,169,50,108,5.803222617276658
none_moving,170,50,112.8,5.7568603282059
few_moving,0,5,0,15.129601844088073
few_moving,1,5,192,22.32054231474483
few_moving,2,5,228,22.25802329941339
few_moving,3,5,228,22.201718512146027
few_moving,4,5,228,22.151866888100756
few_moving,5,5,228,22.108146334430202
few_moving,6,5,156,22.069858866523244
few_moving,7,5,144,22.03676393739105
few_moving,8,5,12,22.008355808994445
few_moving,9,5,0,21.984728738772045
few_moving,10,5,0,21.965806019336558
few_moving,11,5,0,21.951538877820912
few_moving,12,5,0,21.94189618465445
few_moving,13,5,0,21.936997853564495
few_moving,14,5,0,21.935816235016908
few_moving,15,5,0,21.937336821827937
few_moving,16,5,0,21.940241499418534
few_moving,17,5,0,21.94364534353337
few_moving,18,5,0,21.947059393995136
few_moving,19,5,0,21.95023266506981
few_moving,20,5,24,21.95305406429486
few_moving,21,5,24,21.955492096892694
few_moving,22,5,48,21.945647239731127
few_moving,23,5,0,21.93932136388221
few_moving,24,5,0,21.936518750076683
few_moving,25,5,0,21.935702909707242
few_moving,26,5,0,21.93595145701378
few_moving,27,5,0,21.936720241752532
few_moving,28,5,36,21.938231983332443
few_moving,29,5,48,21.936758518130734
few_moving,30,5,60,21.93637100006508
few_moving,31,5,108,21.93650446047468
few_moving,32,5,48,21.936724885935124
few_moving,33,5,60,21.936939804808592
few_moving,34,5,48,21.93703987133993
few_moving,35,5,84,21.937119450824177
few_moving,36,5,48,21.9372117357051
few_moving,37,5,48,21.936950904018275
few_moving,38,5,0,21.93662816398312
few_moving,39,5,0,21.936493527238174
few_moving,40,5,0,21.93646496307812
few_moving,41,5,24,21.936492799009233
few_moving,42,5,0,21.93654752457846
few_moving,43,5,0,21.936612085856883
few_moving,44,5,0,21.936677038839267
few_moving,45,5,0,21.936737517887465
few_moving,46,5,24,21.936791352863562
few_moving,47,5,0,21.93683791049969
few_moving,48,5,0,21.936877390263437
few_moving,49,5,0,21.936910403753508
few_moving,50,5,48,21.93693772961139
few_moving,51,5,24,21.936774243818085
few_moving,52,5,48,21.936019155728868
few_moving,53,5,0,21.935661582745315
few_moving,54,5,0,21.935604736340096
few_moving,55,5,0,21.935705811154186
few_moving,56,5,24,21.935880389266277
few_moving,57,5,0,21.93607999249684
few_moving,58,5,0,21.936278016991434
few_moving,59,5,0,21.936460964995412
few_moving,60,5,0,21.936455202974372
few_moving,61,5,24,21.936336648180237
few_moving,62,5,0,21.936248148445728
few_moving,63,5,0,21.936181408731546
few_moving,64,5,0,21.936130615329414
few_moving,65,5,48,21.936091643524016
few_moving,66,5,24,21.93618095912536
few_moving,67,5,48,21.936265993494
few_moving,68,5,0,21.936450632676426
few_moving,69,5,0,21.9364809644124
few_moving,70,5,0,21.93635828832289
few_moving,71,5,24,21.936266408892266
few_moving,72,5,0,21.93619693919466
few_moving,73,5,60,21.935909970046126
few_moving,74,5,60,21.935754180687752
few_moving,75,5,60,21.93574850943194
few_moving,76,5,84,21.93561864589553
few_moving,77,5,48,21.935676570394694
few_moving,78,5,60,21.935839813039397
few_moving,79,5,60,21.935827692192028
few_moving,80,5,108,21.935739084568766
few_moving,81,5,24,21.935693739886762
few_moving,82,5,24,21.935576670297348
few_moving,83,5,0,21.935575013284872
few_moving,84,5,0,21.935632578797517
few_moving,85,5,0,21.935716327989695
few_moving,86,5,24,21.935807456727293
few_moving,87,5,0,21.935895804340582
few_moving,88,5,0,21.935976367942875
few_moving,89,5,0,21.936047146049074
few_moving,90,5,0,21.93610781821575
few_moving,91,5,24,21.936158947879047
few_moving,92,5,0,21.936201510513918
few_moving,93,5,0,21.936236622356127
few_moving,94,5,0,21.936265391358194
few_moving,95,5,72,21.936166890032688
few_moving,96,5,24,21.935957449253856
few_moving,97,5,24,21.93566828562168
few_moving,98,5,0,21.935570613735287
few_moving,99,5,0,21.93557801896157
few_moving,100,5,0,21.9356386903186
few_moving,101,5,24,21.935722265233938
few_moving,102,5,0,21.935811549079396
few_moving,103,5,0,21.935897327261827
few_moving,104,5,0,21.935975134395296
few_moving,105,5,0,21.936043258168766
few_moving,106,5,24,21.936101519111585
few_moving,107,5,0,21.93615053547615
few_moving,108,5,0,21.936191289427075
few_moving,109,5,0,21.936224878731743
few_moving,110,5,72,21.936126591656883
few_moving,111,5,24,21.93605114435501
few_moving,112,5,24,21.93579472341047
few_moving,113,5,0,21.935658772775948
few_moving,114,5,0,21.935594279471786
few_moving,115,5,0,21.93557101148779
few_moving,116,5,24,21.93557052465253
few_moving,117,5,0,21.935581736338605
few_moving,118,5,0,21.93559813030154
few_moving,119,5,0,21.935615997210437
few_moving,120,5,0,21.935633331863063
few_moving,121,5,108,21.940967654305496
few_moving,122,5,108,21.948887479552063
few_moving,123,5,108,21.959134761123497
few_moving,124,5,204,22.487926090269283
few_moving,125,5,204,22.35897698739867
few_moving,126,5,204,22.244880806661612
few_moving,127,5,228,22.143406248114445
few_moving,128,5,204,22.055510132398762
few_moving,129,5,204,21.981147909096254
few_moving,130,5,216,21.91776204291965
few_moving,131,5,216,21.86443745508964
few_moving,132,5,204,21.8222528665612
few_moving,133,5,204,21.787020362018872
few_moving,134,5,204,21.759115804855814
few_moving,135,5,216,21.73972781139074
few_moving,136,5,228,21.725619855563245
few_moving,137,5,288,21.70523937483804
few_moving,138,5,276,21.700261359339322
few_moving,139,5,276,21.710656009229318
few_moving,140,5,288,21.712438389199317
few_moving,141,5,300,21.71262087415118
few_moving,142,5,252,21.71233993117713
few_moving,143,5,192,21.71265639860748
few_moving,144,5,216,21.713519694741198
few_moving,145,5,204,21.714920166567552
few_moving,146,5,216,21.71702792014464
few_moving,147,5,204,21.717302563082978
few_moving,148,5,192,21.71843586683644
few_moving,149,5,180,21.718359532741104
few_moving,150,5,180,21.719602956667288
few_moving,151,5,192,21.720989583091125
few_moving,152,5,192,21.724311030494206
few_moving,153,5,180,21.7264013549549
few_moving,154,5,168,21.72869855798326
few_moving,155,5,168,21.730283785856123
few_moving,156,5,168,21.735236917923622
few_moving,157,5,168,21.739777749215968
few_moving,158,5,132,21.74731103696291
few_moving,159,5,132,21.758804339491107
few_moving,160,5,144,21.771931132371844
few_moving,161,5,144,21.7890273508625
few_moving,162,5,108,21.80983077526854
few_moving,163,5,132,21.831412848265956
few_moving,164,5,120,21.85696585754958
few_moving,165,5,132,21.887355102139537
few_moving,166,5,132,21.92222128641746
few_moving,167,5,132,21.957787869446296
few_moving,168,5,132,21.98875621135763
few_moving,169,5,132,22.009575065564917
few_moving,170,5,144,22.032346273228747
few_moving,171,5,132,22.05086551168638
few_moving,172,5,132,22.06535921276093
few_moving,173,5,120,22.083278137338375
few_moving,174,5,120,22.105598194913444
few_moving,175,5,120,22.124159093657696
few_moving,176,5,132,22.134637132847924
few_moving,177,5,120,22.13446530218159
few_moving,178,5,120,22.136339591012906
few_moving,179,5,108,22.139706451427273
few_moving,180,5,96,22.1501430382539
few_moving,181,5,120,25.03452628080151
few_moving,182,5,96,25.01435250489299
few_moving,183,5,60,24.998656491332333
few_moving,184,5,60,24.98740611257723
few_moving,185,5,72,24.97942936677246
few_moving,186,5,48,24.973712983526823
few_moving,187,5,0,24.969570342113453
few_moving,188,5,0,24.966534121309778
few_moving,189,5,0,24.964284184969102
few_moving,190,5,36,24.963729308481565
few_moving,191,5,72,28.137092008971027
few_moving,192,5,60,28.137593639059272
few_moving,193,5,60,28.1391707662091
few_moving,194,5,60,28.14176472579482
few_moving,195,5,84,28.144594514308523
few_moving,196,5,60,28.147338273065493
few_moving,197,5,0,28.149840382324957
few_moving,198,5,24,28.151869986792025
few_moving,199,5,60,9.710134789660172
few_moving,200,5,108,9.710134789660172
few_moving,201,5,72,9.710134789660172
few_moving,202,5,60,9.710134789660172
few_moving,203,5,60,9.710134789660172
few_moving,204,5,36,9.710134789660172
few_moving,205,5,24,9.710134789660172
few_moving,206,5,12,9.710134789660172
few_moving,207,5,0,9.710134789660172
few_moving,208,5,12,9.710134789660172
few_moving,209,5,24,9.710134789660172
few_moving,210,5,36,9.710134789660172
few_moving,211,5,12,9.710134789660172
few_moving,0,10,0,22.085777006079997
few_moving,1,10,162,29.850296069642088
few_moving,2,10,186,29.80399521479343
few_moving,3,10,192,29.760389899218566
few_moving,4,10,192,29.72053219238716
few_moving,5,10,186,29.684053643355647
few_moving,6,10,120,29.649899765882644
few_moving,7,10,90,29.61817339231116
few_moving,8,10,6,29.589257603612428
few_moving,9,10,0,29.562590251784595
few_moving,10,10,0,29.5379410030975
few_moving,11,10,0,29.51515720140415
few_moving,12,10,0,29.494137935656553
few_moving,13,10,0,29.47481678071463
few_moving,14,10,0,29.457150313419483
few_moving,15,10,0,29.441110457743406
few_moving,16,10,0,29.42667936807093
few_moving,17,10,0,29.413845997896402
few_moving,18,10,0,29.40260379097807
few_moving,19,10,0,29.392949122738216
few_moving,20,10,36,29.384880245155912
few_moving,21,10,24,29.37874228396825
few_moving,22,10,36,29.372298728499977
few_moving,23,10,0,29.36752681086752
few_moving,24,10,0,29.36451277020154
few_moving,25,10,0,29.362915683755975
few_moving,26,10,0,29.362220730631098
few_moving,27,10,0,29.362037912752704
few_moving,28,10,0,29.362130560631172
few_moving,29,10,0,29.362357615698084
few_moving,30,10,0,29.36263715678138
few_moving,31,10,66,29.362923451623978
few_moving,32,10,0,29.36319259475321
few_moving,33,10,0,29.36343357955744
few_moving,34,10,0,29.363642797168097
few_moving,35,10,30,29.363820686674096
few_moving,36,10,54,29.363969728321315
few_moving,37,10,36,29.362265454255322
few_moving,38,10,0,29.36129882666535
few_moving,39,10,0,29.360990942957443
few_moving,40,10,0,29.361044399189808
few_moving,41,10,30,29.361279926464487
few_moving,42,10,0,29.361592160812787
few_moving,43,10,0,29.36192140653425
few_moving,44,10,0,29.362235764289196
few_moving,45,10,0,29.362519919341352
few_moving,46,10,36,29.362768178308208
few_moving,47,10,0,29.362980197331773
few_moving,48,10,0,29.36315840294177
few_moving,49,10,0,29.363306468723053
few_moving,50,10,30,29.363428443921357
few_moving,51,10,54,29.363528279413593
few_moving,52,10,36,29.36212535504804
few_moving,53,10,0,29.361261183161083
few_moving,54,10,0,29.360938834617897
few_moving,55,10,0,29.360914607639437
few_moving,56,10,30,29.36104341265446
few_moving,57,10,0,29.36124057651898
few_moving,58,10,24,29.361963140723645
few_moving,59,10,30,29.361393468597075
few_moving,60,10,24,29.361070634949325
few_moving,61,10,66,29.36091311063716
few_moving,62,10,30,29.360909347201385
few_moving,63,10,30,29.360886647110586
few_moving,64,10,30,29.360928336387964
few_moving,65,10,36,29.360928832650988
few_moving,66,10,54,29.360944955872633
few_moving,67,10,24,29.360782108217364
few_moving,68,10,0,29.360715179039108
few_moving,69,10,0,29.360703127032068
few_moving,70,10,0,29.360720484046347
few_moving,71,10,30,29.36075186060458
few_moving,72,10,0,29.360788258535603
few_moving,73,10,0,29.360824656905002
few_moving,74,10,0,29.3608584595798
few_moving,75,10,0,29.360888511784577
few_moving,76,10,36,29.360914486153142
few_moving,77,10,0,29.360936505612987
few_moving,78,10,0,29.36095491632145
few_moving,79,10,12,29.36095932802807
few_moving,80,10,30,29.36096680195206
few_moving,81,10,54,29.360992286573143
few_moving,82,10,24,29.36093453507548
few_moving,83,10,0,29.360925171700863
few_moving,84,10,0,29.3609410974286
few_moving,85,10,0,29.360968735918153
few_moving,86,10,30,29.3610003329127
few_moving,87,10,0,29.361031655489025
few_moving,88,10,0,29.361060568323687
few_moving,89,10,0,29.36108615820916
few_moving,90,10,0,29.361108200352625
few_moving,91,10,36,29.361126836962935
few_moving,92,10,0,29.361142387032082
few_moving,93,10,0,29.361155236629735
few_moving,94,10,12,29.36108564141897
few_moving,95,10,30,29.360978018808417
few_moving,96,10,54,29.36091334853323
few_moving,97,10,24,29.360813186094482
few_moving,98,10,0,29.360776955761594
few_moving,99,10,0,29.360776142181933
few_moving,100,10,0,29.36079355537902
few_moving,101,10,30,29.36081906346452
few_moving,102,10,0,29.360846887525213
few_moving,103,10,0,29.36087389792888
few_moving,104,10,0,29.360898548913287
few_moving,105,10,0,29.36092021795983
few_moving,106,10,36,29.360938800560856
few_moving,107,10,0,29.360954465194745
few_moving,108,10,0,29.36096750809702
few_moving,109,10,12,29.360978269645074
few_moving,110,10,30,29.360939656685705
few_moving,111,10,54,29.36091924248924
few_moving,112,10,24,29.3609029329126
few_moving,113,10,0,29.36089808431842
few_moving,114,10,0,29.360899432564995
few_moving,115,10,12,29.36090391879651
few_moving,116,10,54,29.360836737420424
few_moving,117,10,24,29.36092806122533
few_moving,118,10,42,29.360956204647785
few_moving,119,10,42,29.360835248930364
few_moving,120,10,48,29.360805705390916
few_moving,121,10,102,29.36140897798008
few_moving,122,10,60,29.36142605938405
few_moving,123,10,54,29.3615513902752
few_moving,124,10,54,29.361836691248552
few_moving,125,10,84,29.361699420751375
few_moving,126,10,90,29.361726182914285
few_moving,127,10,60,29.362010434262732
few_moving,128,10,42,29.362571986902772
few_moving,129,10,66,21.508645514072327
few_moving,130,10,72,21.45387724686472
few_moving,131,10,84,21.404895648135373
few_moving,132,10,90,17.69196267364183
few_moving,133,10,102,17.598232255041978
few_moving,134,10,120,20.451691271568787
few_moving,135,10,120,20.35672251904243
few_moving,136,10,150,20.27649982253511
few_moving,137,10,114,20.19958048264381
few_moving,138,10,96,20.12647448469931
few_moving,139,10,84,20.051040248801865
few_moving,140,10,78,19.982580594963164
few_moving,141,10,72,19.921130384371708
few_moving,142,10,66,19.84996305684873
few_moving,143,10,54,19.783032273231573
few_moving,144,10,60,19.718878724086345
few_moving,145,10,54,19.63585165780953
few_moving,146,10,84,23.990817517561766
few_moving,147,10,72,23.94347483976358
few_moving,148,10,84,27.731793326388477
few_moving,149,10,96,27.689187252256936
few_moving,150,10,84,27.650494152913968
few_moving,151,10,102,27.610193168040276
few_moving,152,10,72,27.57592164067995
few_moving,153,10,72,27.55110710711112
few_moving,154,10,72,27.518760555262734
few_moving,155,10,78,27.480273153819898
few_moving,156,10,84,27.44521178676978
few_moving,157,10,60,27.417918952834754
few_moving,158,10,60,27.387534573368054
few_moving,159,10,36,27.35962899146082
few_moving,160,10,24,27.330321232314805
few_moving,161,10,48,27.31483581177874
few_moving,162,10,30,27.301931449739516
few_moving,163,10,36,27.28754529308827
few_moving,164,10,36,27.270704524571435
few_moving,165,10,24,27.25682242418236
few_moving,166,10,60,27.247456267649948
few_moving,167,10,36,27.238182593771715
few_moving,168,10,36,27.226987141067454
few_moving,169,10,36,27.224379790481724
few_moving,170,10,42,27.2193054249523
few_moving,171,10,48,27.210300717131354
few_moving,172,10,24,27.21194131140718
few_moving,173,10,36,27.196788823106758
few_moving,174,10,30,27.1904920509085
few_moving,175,10,24,27.184019471396166
few_moving,176,10,48,27.17907989577446
few_moving,177,10,18,27.1750267155514
few_moving,178,10,30,27.1740521411898
few_moving,179,10,36,27.174152780869555
few_moving,180,10,24,27.175698904283255
few_moving,181,10,42,27.168926488310085
few_moving,182,10,12,27.16382048767659
few_moving,183,10,12,27.15993560886727
few_moving,184,10,18,27.158334946227935
few_moving,185,10,66,26.956822502734088
few_moving,186,10,72,26.951841563228605
few_moving,187,10,48,26.948030112496173
few_moving,188,10,54,26.94542343810082
few_moving,189,10,48,26.94359038760754
few_moving,190,10,30,26.942314970281274
few_moving,191,10,24,26.941393912772046
few_moving,192,10,0,26.940722675670617
few_moving,193,10,6,26.94022845150581
few_moving,194,10,12,26.939885567368403
few_moving,195,10,24,26.938478431776268
few_moving,196,10,60,26.937482848344047
few_moving,197,10,36,26.93685737870157
few_moving,198,10,30,26.9364709029043
few_moving,199,10,24,26.936281408362344
few_moving,200,10,42,26.936100337087467
few_moving,201,10,30,26.936049419311903
few_moving,202,10,0,26.936031395561642
few_moving,203,10,12,26.93598360756362
few_moving,204,10,18,26.935946539210423
few_moving,205,10,12,26.935725942055544
few_moving,206,10,24,26.935607950751866
few_moving,207,10,0,26.935550975806283
few_moving,208,10,6,26.935529336625688
few_moving,209,10,0,26.935527343875982
few_moving,210,10,0,26.935535551777157
few_moving,211,10,36,26.935548390518484
few_moving,0,20,0,19.971998579307627
few_moving,1,20,282,22.943867868088187
few_moving,2,20,408,22.744700853292226
few_moving,3,20,408,22.55376851170781
few_moving,4,20,414,22.359299329133453
few_moving,5,20,420,22.174639424638958
few_moving,6,20,408,21.996608323769
few_moving,7,20,360,21.823119971815494
few_moving,8,20,69,21.64817122159153
few_moving,9,20,0,21.48190321866604
few_moving,10,20,0,21.325915770580387
few_moving,11,20,0,21.18045487679207
few_moving,12,20,0,21.044655929655036
few_moving,13,20,0,20.9157225166283
few_moving,14,20,0,20.794494691588067
few_moving,15,20,0,20.67993843314475
few_moving,16,20,0,20.57500770452344
few_moving,17,20,0,20.483283922991955
few_moving,18,20,0,20.402077102059373
few_moving,19,20,0,20.329187990829418
few_moving,20,20,6,20.263688661206594
few_moving,21,20,24,20.20583470026533
few_moving,22,20,87,20.087788120539145
few_moving,23,20,3,19.973581936906804
few_moving,24,20,0,19.877316582075682
few_moving,25,20,0,19.79505888766142
few_moving,26,20,0,19.728345566810898
few_moving,27,20,0,19.675365783541917
few_moving,28,20,18,19.638898613927207
few_moving,29,20,108,19.559548708230103
few_moving,30,20,122.99999999999999,19.477518614398722
few_moving,31,20,141,19.39734033416513
few_moving,32,20,114,19.328488972511558
few_moving,33,20,117,19.261897499992546
few_moving,34,20,120,19.204431440317727
few_moving,35,20,105,19.146316827588734
few_moving,36,20,30,19.092808703442778
few_moving,37,20,75,19.002666203412495
few_moving,38,20,6,18.90728935893614
few_moving,39,20,0,18.83204031576755
few_moving,40,20,0,18.772525889077276
few_moving,41,20,6,18.725358317399934
few_moving,42,20,0,18.687911289252032
few_moving,43,20,45,18.647111933966144
few_moving,44,20,66,18.599038246059628
few_moving,45,20,78,18.55866717806832
few_moving,46,20,78,18.511189946727796
few_moving,47,20,78,18.464190526647965
few_moving,48,20,78,18.420598202334112
few_moving,49,20,81,18.377763460398576
few_moving,50,20,66,18.316502849372412
few_moving,51,20,27,18.259309110892314
few_moving,52,20,57,18.188618247909556
few_moving,53,20,3,18.124460925901033
few_moving,54,20,0,18.07356086613549
few_moving,55,20,0,18.03311613720164
few_moving,56,20,24,17.996755326984953
few_moving,57,20,78,17.958778232302425
few_moving,58,20,96,17.926512169786175
few_moving,59,20,108,17.89360032582166
few_moving,60,20,99,17.862072010118528
few_moving,61,20,117,17.83636233971938
few_moving,62,20,102,17.81819453822649
few_moving,63,20,96,17.7984929858449
few_moving,64,20,66,17.75012209697278
few_moving,65,20,60,17.68868458763584
few_moving,66,20,21,17.632264788711577
few_moving,67,20,42,17.573266852964984
few_moving,68,20,3,17.52547194157447
few_moving,69,20,0,17.487516145683408
few_moving,70,20,0,17.457331985513587
few_moving,71,20,21,17.421664512380637
few_moving,72,20,21,17.39015327382135
few_moving,73,20,21,17.36211378769767
few_moving,74,20,45,17.32728237656311
few_moving,75,20,48,17.28522407733157
few_moving,76,20,54,17.241656892197728
few_moving,77,20,48,17.208855333069707
few_moving,78,20,48,17.16775757671517
few_moving,79,20,39,17.12859873483275
few_moving,80,20,51,17.078953710281997
few_moving,81,20,15,17.033116235520605
few_moving,82,20,42,16.98488708127086
few_moving,83,20,3,16.944431531898264
few_moving,84,20,9,16.91076355336002
few_moving,85,20,60,16.87836021732621
few_moving,86,20,60,16.85617759892704
few_moving,87,20,57,16.84014540982718
few_moving,88,20,75,16.818610512640454
few_moving,89,20,105,16.802448081623368
few_moving,90,20,102,16.786992475803025
few_moving,91,20,90,16.774121788280933
few_moving,92,20,51,16.758232958430813
few_moving,93,20,60,16.734620981392077
few_moving,94,20,57,16.714394885799816
few_moving,95,20,60,16.666758736360816
few_moving,96,20,12,16.61899166157348
few_moving,97,20,30,16.570695041402796
few_moving,98,20,3,16.531829325690715
few_moving,99,20,21,16.500809396137534
few_moving,100,20,48,16.473944788547495
few_moving,101,20,69,16.44440429576982
few_moving,102,20,72,16.413217728634855
few_moving,103,20,72,16.38075210186111
few_moving,104,20,75,16.348135369626984
few_moving,105,20,75,16.32491950087827
few_moving,106,20,60,16.301056842140675
few_moving,107,20,24,16.280243015693124
few_moving,108,20,21,16.258819280749364
few_moving,109,20,24,16.239772081946686
few_moving,110,20,24,16.215123169358407
few_moving,111,20,12,16.195487461243452
few_moving,112,20,63,16.17121036781754
few_moving,113,20,33,16.14958815529731
few_moving,114,20,30,16.132472278796673
few_moving,115,20,36,16.11944437351952
few_moving,116,20,96,16.107692873564993
few_moving,117,20,90,16.084498334061923
few_moving,118,20,99,16.06247568709171
few_moving,119,20,93,16.040202251782667
few_moving,120,20,84,16.005942134589308
few_moving,121,20,150,15.940636240240762
few_moving,122,20,177,15.878867742843273
few_moving,123,20,162,15.82009134956339
few_moving,124,20,171,15.764720158928238
few_moving,125,20,162,15.707831885773583
few_moving,126,20,135,15.656624936843436
few_moving,127,20,141,15.60904182207977
few_moving,128,20,99,15.570068919229858
few_moving,129,20,96,15.53764525199203
few_moving,130,20,93,15.508433077465746
few_moving,131,20,135,15.478961065709173
few_moving,132,20,162,15.452884091464083
few_moving,133,20,177,15.429834007825717
few_moving,134,20,150,15.408119403761816
few_moving,135,20,159,15.388011048388373
few_moving,136,20,171,15.366145992802016
few_moving,137,20,150,15.348111599436477
few_moving,138,20,102,15.3325667601647
few_moving,139,20,117,15.31831225799093
few_moving,140,20,84,15.284724469114058
few_moving,141,20,93,15.258464939393834
few_moving,142,20,114,15.225549222121668
few_moving,143,20,87,15.19986285048882
few_moving,144,20,87,15.177706983327196
few_moving,145,20,93,15.162604906907596
few_moving,146,20,90,15.146323568683819
few_moving,147,20,108,15.128015686529672
few_moving,148,20,108,11.16952344174591
few_moving,149,20,147,11.08969618370637
few_moving,150,20,168,11.009904940780283
few_moving,151,20,210,10.930792402428935
few_moving,152,20,207,10.84621905539033
few_moving,153,20,210,10.75386255444839
few_moving,154,20,207,10.65656623363332
few_moving,155,20,198,10.548530520041165
few_moving,156,20,153,10.453020171504512
few_moving,157,20,141,10.366976173397948
few_moving,158,20,141,10.289651171360326
few_moving,159,20,144,10.216016675202413
few_moving,160,20,144,10.130969766315877
few_moving,161,20,126,10.056388117833805
few_moving,162,20,120,9.990263023917986
few_moving,163,20,111,9.932552920779495
few_moving,164,20,114,9.874494038773664
few_moving,165,20,102,9.825213435033104
few_moving,166,20,78,9.780383625107136
few_moving,167,20,69,9.737466600865465
few_moving,168,20,72,9.699648156665901
few_moving,169,20,84,9.654965463940268
few_moving,170,20,122.99999999999999,9.606822677176375
few_moving,171,20,153,9.556117425185635
few_moving,172,20,132,9.512525794342018
few_moving,173,20,138,9.47067015341745
few_moving,174,20,141,9.434945620068092
few_moving,175,20,150,9.40306827940462
few_moving,176,20,132,9.358692245060883
few_moving,177,20,87,9.32532420085451
few_moving,178,20,93,9.29917681453403
few_moving,179,20,96,9.280124226467965
few_moving,180,20,93,9.264088707724879
few_moving,181,20,102,9.233848765718772
few_moving,182,20,129,9.202461849709227
few_moving,183,20,144,9.187263689367546
few_moving,184,20,201,9.139368340212586
few_moving,185,20,204,9.091084238426552
few_moving,186,20,201,9.05203120011668
few_moving,187,20,141,9.01644303462707
few_moving,188,20,156,8.975034021826652
few_moving,189,20,135,8.937745804410445
few_moving,190,20,120,8.910391119997156
few_moving,191,20,93,8.888526331168196
few_moving,192,20,99,8.876136784595637
few_moving,193,20,87,8.86686600223475
few_moving,194,20,69,8.856634141234682
few_moving,195,20,72,8.850343359980563
few_moving,196,20,63,8.84791188862213
few_moving,197,20,57,8.846953617424338
few_moving,198,20,57,8.84405709572832
few_moving,199,20,51,8.831702617908043
few_moving,200,20,54,8.824708572687449
few_moving,201,20,84,8.812187904642572
few_moving,202,20,72,8.802381807127103
few_moving,203,20,54,8.794619793696995
few_moving,204,20,24,8.789501297790618
few_moving,205,20,36,8.781331704643526
few_moving,206,20,33,8.775377636576842
few_moving,207,20,18,8.757495187291404
few_moving,208,20,24,8.741439889149536
few_moving,209,20,21,8.73044783715535
few_moving,210,20,30,8.72164911038566
few_moving,211,20,33,8.715022347779097
few_moving,0,35,0,21.42750140641915
few_moving,1,35,341.14285714285717,21.250972741229553
few_moving,2,35,521.1428571428571,21.00257725476203
few_moving,3,35,526.2857142857143,20.752223587499294
few_moving,4,35,546.8571428571429,20.50123296640871
few_moving,5,35,536.5714285714286,20.25040433060997
few_moving,6,35,550.2857142857142,19.99542961419665
few_moving,7,35,534.8571428571429,19.737109750198666
few_moving,8,35,161.14285714285714,19.47924367305806
few_moving,9,35,3.4285714285714284,19.240599453892113
few_moving,10,35,0,19.022908895620805
few_moving,11,35,0,18.82845348616494
few_moving,12,35,0,18.65915442791062
few_moving,13,35,0,18.512859754550018
few_moving,14,35,0,18.39111190187371
few_moving,15,35,0,18.2892781413828
few_moving,16,35,0,18.203239087952568
few_moving,17,35,0,18.1308921223782
few_moving,18,35,0,18.070113504634506
few_moving,19,35,0,18.018527589078463
few_moving,20,35,0,17.97428350974064
few_moving,21,35,10.285714285714286,17.935932667791278
few_moving,22,35,116.57142857142857,17.770197516950965
few_moving,23,35,17.142857142857142,17.5545386066385
few_moving,24,35,3.4285714285714284,17.376399169306175
few_moving,25,35,0,17.229701558866424
few_moving,26,35,0,17.11001432835403
few_moving,27,35,0,17.012540987131537
few_moving,28,35,32.57142857142857,16.913895671356382
few_moving,29,35,120,16.776796258172578
few_moving,30,35,154.2857142857143,16.630909843937616
few_moving,31,35,157.71428571428572,16.49885753794048
few_moving,32,35,156,16.37040794426999
few_moving,33,35,162.85714285714286,16.248552667790474
few_moving,34,35,159.42857142857142,16.137368490152582
few_moving,35,35,145.7142857142857,16.03844234507964
few_moving,36,35,82.28571428571429,15.953877095191332
few_moving,37,35,106.28571428571428,15.813344132691304
few_moving,38,35,17.142857142857142,15.647843677199276
few_moving,39,35,1.7142857142857142,15.512018355144516
few_moving,40,35,0,15.401290636592664
few_moving,41,35,0,15.310459520168314
few_moving,42,35,0,15.23545999736384
few_moving,43,35,29.142857142857142,15.164942593894278
few_moving,44,35,114.85714285714286,15.09352665576085
few_moving,45,35,123.42857142857142,15.017194496996648
few_moving,46,35,116.57142857142857,14.951370582886726
few_moving,47,35,118.28571428571429,14.8767330451168
few_moving,48,35,116.57142857142857,14.816285205516238
few_moving,49,35,116.57142857142857,14.763950405582598
few_moving,50,35,116.57142857142857,14.694003537647669
few_moving,51,35,54.857142857142854,14.629794885793864
few_moving,52,35,73.71428571428572,14.505774861819543
few_moving,53,35,17.142857142857142,14.366072760796412
few_moving,54,35,3.4285714285714284,14.252742738073783
few_moving,55,35,0,14.162486038499765
few_moving,56,35,17.142857142857142,14.08699394134936
few_moving,57,35,51.42857142857142,14.017342701921176
few_moving,58,35,78.85714285714286,13.945970150869496
few_moving,59,35,80.57142857142857,13.886724718202846
few_moving,60,35,75.42857142857143,13.833953388515223
few_moving,61,35,77.14285714285715,13.785525410190065
few_moving,62,35,85.71428571428572,13.73832788492559
few_moving,63,35,82.28571428571429,13.69937738272317
few_moving,64,35,63.42857142857143,13.662453085450743
few_moving,65,35,41.142857142857146,13.612472027802383
few_moving,66,35,22.285714285714285,13.561923732155755
few_moving,67,35,56.57142857142857,13.469391984017959
few_moving,68,35,13.714285714285714,13.358858227281342
few_moving,69,35,3.4285714285714284,13.26876009604199
few_moving,70,35,8.571428571428571,13.201652706068172
few_moving,71,35,51.42857142857142,13.131708460034448
few_moving,72,35,111.42857142857143,13.066559158326607
few_moving,73,35,133.71428571428572,13.002467332407825
few_moving,74,35,181.71428571428572,12.925189730441517
few_moving,75,35,193.71428571428572,12.853088986997484
few_moving,76,35,200.57142857142858,12.780776722027946
few_moving,77,35,181.71428571428572,12.714661589795407
few_moving,78,35,162.85714285714286,12.647959711587976
few_moving,79,35,94.28571428571428,12.582374008327939
few_moving,80,35,72,12.529796962077432
few_moving,81,35,20.571428571428573,12.483642055583124
few_moving,82,35,44.57142857142857,12.409451962727397
few_moving,83,35,13.714285714285714,12.33295196299452
few_moving,84,35,3.4285714285714284,12.272433172762987
few_moving,85,35,10.285714285714286,12.240354503023982
few_moving,86,35,20.571428571428573,12.191256316165473
few_moving,87,35,22.285714285714285,12.14972690538119
few_moving,88,35,54.857142857142854,12.111473715986955
few_moving,89,35,75.42857142857143,12.069306329939158
few_moving,90,35,73.71428571428572,12.031159467015208
few_moving,91,35,80.57142857142857,11.997574295856403
few_moving,92,35,82.28571428571429,11.964821329226275
few_moving,93,35,82.28571428571429,11.927133748852984
few_moving,94,35,77.14285714285715,11.894398929389006
few_moving,95,35,41.142857142857146,11.84199409566732
few_moving,96,35,10.285714285714286,11.795210299578748
few_moving,97,35,34.285714285714285,11.726375364072862
few_moving,98,35,10.285714285714286,11.658001800256
few_moving,99,35,41.142857142857146,11.5986275332758
few_moving,100,35,87.42857142857143,11.543626093989543
few_moving,101,35,162.85714285714286,11.47627700944598
few_moving,102,35,193.71428571428572,11.406131515844526
few_moving,103,35,236.57142857142858,11.334448673759223
few_moving,104,35,265.7142857142857,11.252954573431708
few_moving,105,35,264,11.175901559156433
few_moving,106,35,233.14285714285714,11.103076187050734
few_moving,107,35,193.71428571428572,11.030500374743102
few_moving,108,35,125.14285714285715,10.958936484264987
few_moving,109,35,99.42857142857143,10.893836625813693
few_moving,110,35,56.57142857142857,10.837642289212829
few_moving,111,35,34.285714285714285,10.787833970550771
few_moving,112,35,24,10.74267667334234
few_moving,113,35,1.7142857142857142,10.702901855716794
few_moving,114,35,5.142857142857143,10.671616220457432
few_moving,115,35,17.142857142857142,10.645623687378233
few_moving,116,35,44.57142857142857,10.622808542856983
few_moving,117,35,60,10.591844490779192
few_moving,118,35,61.71428571428571,10.560146653534913
few_moving,119,35,63.42857142857143,10.536659251185668
few_moving,120,35,66.85714285714286,10.515434483568098
few_moving,121,35,121.71428571428571,10.479746045593123
few_moving,122,35,130.28571428571428,10.429768579323635
few_moving,123,35,77.14285714285715,10.386548438448767
few_moving,124,35,84,10.343852366285105
few_moving,125,35,78.85714285714286,10.300283490270543
few_moving,126,35,82.28571428571429,10.263388209097263
few_moving,127,35,102.85714285714285,10.22947209100783
few_moving,128,35,108,10.195412069232207
few_moving,129,35,130.28571428571428,10.158874271728314
few_moving,130,35,133.71428571428572,10.122760894949797
few_moving,131,35,154.2857142857143,10.089183746996907
few_moving,132,35,166.28571428571428,10.061616126924754
few_moving,133,35,181.71428571428572,10.034535697708872
few_moving,134,35,192,10.008148701052642
few_moving,135,35,181.71428571428572,9.980011900860355
few_moving,136,35,152.57142857142856,9.952431638983507
few_moving,137,35,137.14285714285714,9.914135714475012
few_moving,138,35,106.28571428571428,9.877523601485448
few_moving,139,35,104.57142857142857,9.842505216283422
few_moving,140,35,106.28571428571428,9.803326066634416
few_moving,141,35,108,9.768630447809931
few_moving,142,35,123.42857142857142,9.750711727628993
few_moving,143,35,164.57142857142858,9.700168868089467
few_moving,144,35,198.85714285714286,9.655882556655236
few_moving,145,35,246.85714285714283,9.613593941219978
few_moving,146,35,238.28571428571428,9.566195192380109
few_moving,147,35,217.71428571428572,9.524928400369053
few_moving,148,35,214.2857142857143,9.490297465189515
few_moving,149,35,202.28571428571428,9.453240529265084
few_moving,150,35,181.71428571428572,9.412107490830195
few_moving,151,35,123.42857142857142,9.374224051820352
few_moving,152,35,113.14285714285714,9.331340669405915
few_moving,153,35,97.71428571428571,9.292781509287797
few_moving,154,35,108,9.256056343615024
few_moving,155,35,109.71428571428571,9.222901793306002
few_moving,156,35,109.71428571428571,9.203523971482372
few_moving,157,35,99.42857142857143,9.181416222590885
few_moving,158,35,75.42857142857143,9.15501845172509
few_moving,159,35,102.85714285714285,9.12599185382724
few_moving,160,35,96,9.094411769225458
few_moving,161,35,97.71428571428571,9.064016884480415
few_moving,162,35,90.85714285714286,9.038178687793248
few_moving,163,35,80.57142857142857,9.014658160501465
few_moving,164,35,94.28571428571428,8.988115552810784
few_moving,165,35,94.28571428571428,8.959269402458428
few_moving,166,35,73.71428571428572,8.920296293634822
few_moving,167,35,92.57142857142857,8.877083334851537
few_moving,168,35,92.57142857142857,8.838885716196053
few_moving,169,35,97.71428571428571,8.808136668642192
few_moving,170,35,109.71428571428571,8.767287688258278
few_moving,171,35,152.57142857142856,8.71586093701144
few_moving,172,35,195.42857142857142,8.64306461021992
few_moving,173,35,192,8.589876190967153
few_moving,174,35,178.28571428571428,8.534740399129376
few_moving,175,35,198.85714285714286,8.473844380392947
few_moving,176,35,186.85714285714286,8.414550188688242
few_moving,177,35,180,8.36536538756066
few_moving,178,35,113.14285714285714,8.316974392818537
few_moving,179,35,87.42857142857143,8.271453933717131
few_moving,180,35,94.28571428571428,8.226993467495053
few_moving,181,35,37.714285714285715,8.181599644699931
few_moving,182,35,36,8.138560517154337
few_moving,183,35,39.42857142857143,8.098233705132062
few_moving,184,35,44.57142857142857,8.066646517136409
few_moving,185,35,75.42857142857143,8.032353060692058
few_moving,186,35,80.57142857142857,8.006289604982245
few_moving,187,35,94.28571428571428,7.981224118679051
few_moving,188,35,82.28571428571429,7.958555789193587
few_moving,189,35,66.85714285714286,7.9386434049345596
few_moving,190,35,49.714285714285715,7.922129120535985
few_moving,191,35,32.57142857142857,7.905831920762874
few_moving,192,35,30.857142857142854,7.8813601227442955
few_moving,193,35,8.571428571428571,7.845414181860713
few_moving,194,35,20.571428571428573,7.817027896814605
few_moving,195,35,30.857142857142854,7.7651238283275426
few_moving,196,35,44.57142857142857,7.718907254593543
few_moving,197,35,75.42857142857143,7.674951021850085
few_moving,198,35,89.14285714285714,7.6380404534977435
few_moving,199,35,120,7.594299163515382
few_moving,200,35,142.28571428571428,7.552451704167795
few_moving,201,35,174.85714285714286,7.5047417711919655
few_moving,202,35,198.85714285714286,7.4614888531856485
few_moving,203,35,183.42857142857142,7.4144743219189655
few_moving,204,35,168,7.373355004028669
few_moving,205,35,145.7142857142857,7.335784505475143
few_moving,206,35,101.14285714285714,7.297479372521473
few_moving,207,35,58.285714285714285,7.250349321574456
few_moving,208,35,27.428571428571427,7.206823453112472
few_moving,209,35,25.71428571428571,7.168911075468857
few_moving,210,35,13.714285714285714,7.136607132055008
few_moving,211,35,13.714285714285714,7.10338023126489
few_moving,0,50,0,19.7670469254231
few_moving,1,50,469.20000000000005,19.538796176150157
few_moving,2,50,770.4,19.217610100228185
few_moving,3,50,774,18.895812801685363
few_moving,4,50,793.2,18.573844473383353
few_moving,5,50,782.4,18.249209091525096
few_moving,6,50,768,17.928162026254682
few_moving,7,50,738,17.607992126270794
few_moving,8,50,225.6,17.297237293806052
few_moving,9,50,2.4,17.01081690799654
few_moving,10,50,0,16.74869003154559
few_moving,11,50,0,16.51255914243812
few_moving,12,50,0,16.30017399991877
few_moving,13,50,0,16.111337582015896
few_moving,14,50,0,15.946812777925375
few_moving,15,50,0,15.805822832321322
few_moving,16,50,0,15.68544307997088
few_moving,17,50,0,15.5815035189579
few_moving,18,50,0,15.492987471054546
few_moving,19,50,0,15.418925364074491
few_moving,20,50,0,15.359165133228359
few_moving,21,50,19.2,15.311670853444221
few_moving,22,50,106.8,15.07953594267396
few_moving,23,50,10.799999999999999,14.78236700356879
few_moving,24,50,1.2,14.52562961644175
few_moving,25,50,0,14.311148221132488
few_moving,26,50,0,14.13660580459947
few_moving,27,50,0,13.997578486126036
few_moving,28,50,37.2,13.884430281013907
few_moving,29,50,253.2,13.727239859112368
few_moving,30,50,340.79999999999995,13.526317665606706
few_moving,31,50,325.2,13.342539953646483
few_moving,32,50,334.8,13.161006948009929
few_moving,33,50,325.2,12.994957180873554
few_moving,34,50,336,12.837586888255807
few_moving,35,50,306,12.694177696151936
few_moving,36,50,141.6,12.570478102427183
few_moving,37,50,90,12.353422360370645
few_moving,38,50,21.599999999999998,12.127652248343146
few_moving,39,50,3.5999999999999996,11.936277037737417
few_moving,40,50,0,11.780922171348498
few_moving,41,50,0,11.656124835599796
few_moving,42,50,0,11.556654045383778
few_moving,43,50,48,11.465501458111195
few_moving,44,50,98.39999999999999,11.370628430466612
few_moving,45,50,100.8,11.284343707003103
few_moving,46,50,99.6,11.209472160835674
few_moving,47,50,108,11.143071524955392
few_moving,48,50,100.8,11.085044264919112
few_moving,49,50,109.2,11.025183188626642
few_moving,50,50,93.60000000000001,10.937674490699711
few_moving,51,50,31.200000000000003,10.848624801869377
few_moving,52,50,44.4,10.66594371421049
few_moving,53,50,8.4,10.475235619092762
few_moving,54,50,1.2,10.321701776606735
few_moving,55,50,0,10.199412861639056
few_moving,56,50,40.800000000000004,10.096811679150715
few_moving,57,50,168,9.981542314953016
few_moving,58,50,230.39999999999998,9.842835358332401
few_moving,59,50,300,9.68959630877538
few_moving,60,50,337.2,9.544033809823896
few_moving,61,50,327.6,9.402084554379412
few_moving,62,50,326.40000000000003,9.269234503334662
few_moving,63,50,288,9.14466345284898
few_moving,64,50,196.79999999999998,9.03229300964614
few_moving,65,50,144,8.913143410335115
few_moving,66,50,87.6,8.798706607430493
few_moving,67,50,52.8,8.663356649080248
few_moving,68,50,14.399999999999999,8.54466221088473
few_moving,69,50,0,8.45015983468684
few_moving,70,50,28.799999999999997,8.372927630913738
few_moving,71,50,74.4,8.300648498759418
few_moving,72,50,130.8,8.230766898595549
few_moving,73,50,136.79999999999998,8.157389578520629
few_moving,74,50,156,8.077185396193322
few_moving,75,50,157.20000000000002,8.005366677058518
few_moving,76,50,156,7.939118351511741
few_moving,77,50,154.8,7.868227699816195
few_moving,78,50,132,7.79571623198357
few_moving,79,50,76.8,7.721709406481233
few_moving,80,50,55.2,7.62716773428537
few_moving,81,50,14.399999999999999,7.530044458815869
few_moving,82,50,18,7.426658729778134
few_moving,83,50,3.5999999999999996,7.33156073707088
few_moving,84,50,62.400000000000006,7.249594628671285
few_moving,85,50,249.60000000000002,7.167987927548998
few_moving,86,50,310.79999999999995,7.076036205039533
few_moving,87,50,322.8,6.985030233361259
few_moving,88,50,338.4,6.88833831504472
few_moving,89,50,349.20000000000005,6.797229110060965
few_moving,90,50,354,6.706920811538263
few_moving,91,50,325.2,6.626528279777376
few_moving,92,50,165.6,6.550543675855759
few_moving,93,50,102,6.4707027842487
few_moving,94,50,73.2,6.3846881125501165
few_moving,95,50,42,6.296358103413913
few_moving,96,50,15.600000000000001,6.220931877332137
few_moving,97,50,10.799999999999999,6.149978333759333
few_moving,98,50,1.2,6.091725696290175
few_moving,99,50,9.6,6.042856891030589
few_moving,100,50,48,5.99851575826222
few_moving,101,50,93.60000000000001,5.950468988691868
few_moving,102,50,115.19999999999999,5.900695264673894
few_moving,103,50,115.19999999999999,5.846265504962497
few_moving,104,50,109.2,5.800238712337625
few_moving,105,50,122.4,5.758198255997799
few_moving,106,50,136.79999999999998,5.70333823768134
few_moving,107,50,78,5.6492976009236475
few_moving,108,50,30,5.588561345549143
few_moving,109,50,25.2,5.529202864119824
few_moving,110,50,16.8,5.462490138642952
few_moving,111,50,18,5.399176956841717
few_moving,112,50,82.8,5.339142848585222
few_moving,113,50,177.6,5.274645465713767
few_moving,114,50,270,5.207447253806062
few_moving,115,50,351.6,5.143077914424321
few_moving,116,50,405.59999999999997,5.074940821433979
few_moving,117,50,384,5.0094734613109075
few_moving,118,50,386.40000000000003,4.948068444160288
few_moving,119,50,345.59999999999997,4.885161842439777
few_moving,120,50,252,4.823660020500086
few_moving,121,50,202.79999999999998,4.7405262164793855
few_moving,122,50,199.2,4.655875278072814
few_moving,123,50,182.4,4.572308032266341
few_moving,124,50,164.4,4.486029294093084
few_moving,125,50,144,4.411469054337375
few_moving,126,50,128.4,4.340038391256612
few_moving,127,50,138,4.271452990577511
few_moving,128,50,147.6,4.206309245073016
few_moving,129,50,162,4.1403610610094095
few_moving,130,50,158.4,4.083263553431473
few_moving,131,50,166.79999999999998,4.022648990142404
few_moving,132,50,174,3.972040859028979
few_moving,133,50,175.2,3.922545790466845
few_moving,134,50,189.60000000000002,3.8667518032736887
few_moving,135,50,187.20000000000002,3.8088762815090833
few_moving,136,50,202.79999999999998,3.753326058717444
few_moving,137,50,175.2,3.6949268202290506
few_moving,138,50,156,3.6281087271856487
few_moving,139,50,139.2,3.5688471531210535
few_moving,140,50,142.79999999999998,3.5111442117052603
few_moving,141,50,163.20000000000002,3.455868284514753
few_moving,142,50,177.6,3.4067770403601907
few_moving,143,50,184.8,3.3590042092902945
few_moving,144,50,168,3.315632741191141
few_moving,145,50,199.2,3.2786505170845297
few_moving,146,50,230.39999999999998,3.23807779092701
few_moving,147,50,240,3.1979663558109963
few_moving,148,50,200.39999999999998,3.1647757890814363
few_moving,149,50,189.60000000000002,3.1243130160399186
few_moving,150,50,205.2,3.08883076759857
few_moving,151,50,198,3.046755087455341
few_moving,152,50,154.8,3.003936364281599
few_moving,153,50,176.4,2.9457906123963213
few_moving,154,50,193.20000000000002,2.893868966289149
few_moving,155,50,194.4,2.848960380815352
few_moving,156,50,208.8,2.8050600864390365
few_moving,157,50,248.39999999999998,2.762067993802053
few_moving,158,50,266.40000000000003,2.717015399893499
few_moving,159,50,249.60000000000002,2.6742129212719314
few_moving,160,50,204,2.6457606130359212
few_moving,161,50,193.20000000000002,2.616294545600014
few_moving,162,50,183.6,2.5885802281812005
few_moving,163,50,207.6,2.5622938062826215
few_moving,164,50,222,2.5346945536928356
few_moving,165,50,198,2.5174110543879635
few_moving,166,50,200.39999999999998,2.504158275724731
few_moving,167,50,218.4,2.497648319418685
few_moving,168,50,204,2.4957214665187046
few_moving,169,50,219.60000000000002,2.4927283443089787
few_moving,170,50,229.2,2.491452104544016
few_moving,171,50,235.2,2.485139418958816
few_moving,172,50,223.20000000000002,2.4815698496533565
few_moving,173,50,241.2,2.4805774541725594
few_moving,174,50,228,2.478806247919156
few_moving,175,50,240,2.477642348980004
few_moving,176,50,252,2.4763178020446266
few_moving,177,50,236.4,2.476328566178516
few_moving,178,50,234,2.4760197238227573
few_moving,179,50,249.60000000000002,2.485092259174861
few_moving,180,50,241.2,2.482495860149577
few_moving,181,50,235.2,2.4173006656374834
few_moving,182,50,220.8,2.357025766243094
few_moving,183,50,223.20000000000002,2.300454449868263
few_moving,184,50,208.8,2.24474676960327
few_moving,185,50,205.2,2.191349200562208
few_moving,186,50,199.2,2.140791747805076
few_moving,187,50,229.2,2.0880140706239265
few_moving,188,50,219.60000000000002,2.0427878652750184
few_moving,189,50,187.20000000000002,2.0082852462445095
few_moving,190,50,184.8,1.9803148427200705
few_moving,191,50,236.4,1.9482175089103932
few_moving,192,50,253.2,1.921248441948676
few_moving,193,50,147.6,1.8886713411431548
few_moving,194,50,165.6,1.8565071374923792
few_moving,195,50,168,1.8252318847825213
few_moving,196,50,164.4,1.7945157559724962
few_moving,197,50,144,1.7673521146032356
few_moving,198,50,159.60000000000002,1.7434471243086953
few_moving,199,50,159.60000000000002,1.7144264322242542
few_moving,200,50,186,1.6888906771450873
few_moving,201,50,306,1.6656372799862023
few_moving,202,50,292.8,1.6424619770076951
few_moving,203,50,205.2,1.6172657235845906
few_moving,204,50,169.2,1.5909223691605523
few_moving,205,50,138,1.5703511214305799
few_moving,206,50,85.19999999999999,1.552595981666539
few_moving,207,50,114,1.5366803325548997
few_moving,208,50,142.79999999999998,1.517906422606515
few_moving,209,50,160.8,1.504219111643154
few_moving,210,50,164.4,1.4862312364330699
few_moving,211,50,152.4,1.4709833881801953
many_moving,0,5,0,17.744445037287864
many_moving,1,5,156,30.93599741795544
many_moving,2,5,180,30.933492822903677
many_moving,3,5,168,30.93271840063942
many_moving,4,5,180,30.93249363358582
many_moving,5,5,180,30.93242852861074
many_moving,6,5,84,30.932412105299623
many_moving,7,5,48,30.932409577533313
many_moving,8,5,0,30.93240640850813
many_moving,9,5,0,30.93240459474951
many_moving,10,5,0,30.93240363081749
many_moving,11,5,0,30.93240318418555
many_moving,12,5,0,30.93240304103546
many_moving,13,5,0,30.9324030668525
many_moving,14,5,0,30.93240317898614
many_moving,15,5,0,30.932403328086604
many_moving,16,5,0,30.932403485809807
many_moving,17,5,0,30.932403636811443
many_moving,18,5,0,30.932403773611593
many_moving,19,5,0,30.93240389334818
many_moving,20,5,48,30.932403995756417
many_moving,21,5,24,30.932404081934084
many_moving,22,5,24,30.932403236241154
many_moving,23,5,0,30.932403038206107
many_moving,24,5,0,30.9324030859473
many_moving,25,5,0,30.932403210712746
many_moving,26,5,0,30.932403345263722
many_moving,27,5,0,30.932403465654005
many_moving,28,5,0,30.93240356573492
many_moving,29,5,0,30.932403646157947
many_moving,30,5,0,30.93240370975517
many_moving,31,5,84,30.932403759695266
many_moving,32,5,0,30.932403798823856
many_moving,33,5,0,30.932403829491054
many_moving,34,5,0,30.93240385356472
many_moving,35,5,36,30.93240387250287
many_moving,36,5,60,30.93240388743504
many_moving,37,5,24,30.932403426255622
many_moving,38,5,0,30.932403131026902
many_moving,39,5,0,30.932403035606306
many_moving,40,5,0,30.932403106146552
many_moving,41,5,36,30.932403289060055
many_moving,42,5,0,30.932403534280386
many_moving,43,5,0,30.9324038034405
many_moving,44,5,0,30.932404070640384
many_moving,45,5,0,30.9324043203193
many_moving,46,5,48,30.932404544474633
many_moving,47,5,0,30.93240474016412
many_moving,48,5,0,30.932404907573954
many_moving,49,5,0,30.932405048649933
many_moving,50,5,36,30.932405166188126
many_moving,51,5,60,30.932405263265057
many_moving,52,5,24,30.932406454941923
many_moving,53,5,0,30.9324076025166
many_moving,54,5,0,30.932408647717235
many_moving,55,5,0,30.932409566688396
many_moving,56,5,36,30.93241035559778
many_moving,57,5,0,30.93241102148808
many_moving,58,5,24,30.932411545493565
many_moving,59,5,48,30.93240467088027
many_moving,60,5,48,30.932403154470382
many_moving,61,5,96,30.932403748833806
many_moving,62,5,36,30.932404092126102
many_moving,63,5,48,30.932404798221746
many_moving,64,5,48,30.932403115440007
many_moving,65,5,48,30.932403141379627
many_moving,66,5,36,30.93240364074738
many_moving,67,5,24,30.932403538669355
many_moving,68,5,0,30.93240345932219
many_moving,69,5,0,30.93240339810743
many_moving,70,5,0,30.932403351001994
many_moving,71,5,36,30.932403314733513
many_moving,72,5,0,30.93240328674122
many_moving,73,5,0,30.932403265062543
many_moving,74,5,0,30.932403248208914
many_moving,75,5,0,30.93240323505556
many_moving,76,5,48,30.932403224752253
many_moving,77,5,0,30.932403216654382
many_moving,78,5,0,30.93240321027099
many_moving,79,5,24,30.932403205226176
many_moving,80,5,36,30.932403154806902
many_moving,81,5,36,30.93240311202843
many_moving,82,5,24,30.932403037899167
many_moving,83,5,0,30.93240315226075
many_moving,84,5,0,30.932403392274527
many_moving,85,5,0,30.932403699959995
many_moving,86,5,36,30.932404031268195
many_moving,87,5,0,30.93240435673679
many_moving,88,5,0,30.93240465889966
many_moving,89,5,0,30.932404929004957
many_moving,90,5,0,30.932405164097712
many_moving,91,5,48,30.932405364777242
many_moving,92,5,0,30.932405533615665
many_moving,93,5,0,30.932405674112378
many_moving,94,5,24,30.93240579004278
many_moving,95,5,36,30.932403943906635
many_moving,96,5,36,30.932403206772914
many_moving,97,5,24,30.932403168062713
many_moving,98,5,0,30.93240315404165
many_moving,99,5,0,30.932403151975027
many_moving,100,5,0,30.93240315596372
many_moving,101,5,36,30.93240316292422
many_moving,102,5,0,30.932403171096194
many_moving,103,5,0,30.932403179442773
many_moving,104,5,0,30.93240318736923
many_moving,105,5,0,30.932403194564188
many_moving,106,5,48,30.932403200897454
many_moving,107,5,0,30.9324032063506
many_moving,108,5,0,30.932403210969742
many_moving,109,5,24,30.932403214834245
many_moving,110,5,36,30.932404699589686
many_moving,111,5,36,30.932407036578475
many_moving,112,5,24,30.932408118933804
many_moving,113,5,0,30.932409154445242
many_moving,114,5,0,30.932410104126333
many_moving,115,5,0,30.93241094829856
many_moving,116,5,36,30.93241168127813
many_moving,117,5,0,30.93241230644729
many_moving,118,5,0,30.932412832394277
many_moving,119,5,0,30.93241327018516
many_moving,120,5,0,30.932413631585266
many_moving,121,5,132,31.129491009767225
many_moving,122,5,84,31.327883073575062
many_moving,123,5,96,31.526752218762983
many_moving,124,5,96,31.731648196183414
many_moving,125,5,120,31.935779274711802
many_moving,126,5,120,32.14137775258657
many_moving,127,5,96,32.34868535693396
many_moving,128,5,96,32.55774560847114
many_moving,129,5,96,32.76855639063039
many_moving,130,5,96,32.98107867938636
many_moving,131,5,132,33.195278271231494
many_moving,132,5,96,33.410925863295276
many_moving,133,5,96,33.62820242569993
many_moving,134,5,96,33.84703443893817
many_moving,135,5,96,34.0673944919247
many_moving,136,5,144,34.28925243206621
many_moving,137,5,96,34.5126933440091
many_moving,138,5,84,34.73770317984841
many_moving,139,5,72,34.866687282185616
many_moving,140,5,108,34.95276736202101
many_moving,141,5,108,35.04141401440603
many_moving,142,5,72,35.132860568153106
many_moving,143,5,72,35.22732943435991
many_moving,144,5,72,35.32501034358789
many_moving,145,5,132,31.94134341273877
many_moving,146,5,156,31.91046174331004
many_moving,147,5,120,31.88977214729567
many_moving,148,5,132,31.87768453635026
many_moving,149,5,132,31.86842539492055
many_moving,150,5,132,31.860119187259258
many_moving,151,5,156,31.86100211124334
many_moving,152,5,120,31.86955789889917
many_moving,153,5,132,31.88740534135875
many_moving,154,5,132,31.91310389370513
many_moving,155,5,156,31.941890678611948
many_moving,156,5,132,31.972146064350333
many_moving,157,5,132,32.00520948575463
many_moving,158,5,120,32.039146120092795
many_moving,159,5,108,37.595208863808445
many_moving,160,5,108,37.55245233444141
many_moving,161,5,144,37.51390612192529
many_moving,162,5,120,37.47761955404879
many_moving,163,5,120,37.44247295368214
many_moving,164,5,108,37.408131947129036
many_moving,165,5,120,37.374558366427685
many_moving,166,5,156,37.341812360905536
many_moving,167,5,120,37.30986023781205
many_moving,168,5,96,37.27870476745215
many_moving,169,5,96,37.2484157697366
many_moving,170,5,120,37.21894712806488
many_moving,171,5,120,37.19028032637584
many_moving,172,5,96,37.16244454396899
many_moving,173,5,108,37.13546382299648
many_moving,174,5,96,37.10932336171806
many_moving,175,5,96,37.08401773046285
many_moving,176,5,120,37.05955414000567
many_moving,177,5,96,37.0359328747716
many_moving,178,5,108,37.0131873195556
many_moving,179,5,96,36.991271368340875
many_moving,180,5,96,36.97022695914579
many_moving,181,5,60,36.97020931345747
many_moving,182,5,12,36.970204133805964
many_moving,183,5,12,36.97020287260876
many_moving,184,5,0,36.970202666609815
many_moving,185,5,24,36.97020266743353
many_moving,186,5,24,36.97020267544565
many_moving,187,5,0,36.97020266942328
many_moving,188,5,12,36.970202661638105
many_moving,189,5,0,36.970202661695744
many_moving,190,5,0,36.97020267224896
many_moving,191,5,24,36.97020269166865
many_moving,192,5,0,36.97020271678621
many_moving,193,5,12,36.97020274447567
many_moving,194,5,0,36.970202772300105
many_moving,195,5,24,36.9702027986315
many_moving,196,5,60,36.97020269266412
many_moving,197,5,12,36.97020296584428
many_moving,198,5,12,36.97020331179997
many_moving,199,5,0,36.97020362534819
many_moving,200,5,24,36.970203879894086
many_moving,201,5,48,36.97020407094782
many_moving,202,5,48,36.97020444808539
many_moving,203,5,60,36.97020446064336
many_moving,204,5,48,36.97020511439287
many_moving,205,5,48,36.97020351408158
many_moving,206,5,60,36.97020299298446
many_moving,207,5,48,36.97020286369137
many_moving,208,5,24,36.970202863193634
many_moving,209,5,0,36.970202853839524
many_moving,210,5,12,36.97020277163195
many_moving,211,5,48,36.970202721710805
many_moving,0,10,0,18.873556599875908
many_moving,1,10,216,15.030943092174391
many_moving,2,10,282,14.887056298819571
many_moving,3,10,288,14.730752139531248
many_moving,4,10,294,14.576169331417745
many_moving,5,10,288,14.43164461573345
many_moving,6,10,282,14.289145024815838
many_moving,7,10,222,14.157008557364152
many_moving,8,10,18,14.02951006828605
many_moving,9,10,0,13.91485381840443
many_moving,10,10,0,13.81919417588322
many_moving,11,10,0,13.73810065042779
many_moving,12,10,0,13.668445213193916
many_moving,13,10,0,13.609415133071877
many_moving,14,10,0,13.564306162609537
many_moving,15,10,0,13.530431471145787
many_moving,16,10,0,13.505015530006865
many_moving,17,10,0,13.485771585234902
many_moving,18,10,0,13.47107859350845
many_moving,19,10,0,13.459776160796638
many_moving,20,10,6,13.451024728469555
many_moving,21,10,36,13.444210132326088
many_moving,22,10,72,13.398589761718204
many_moving,23,10,6,13.322144264022613
many_moving,24,10,0,13.262017307306015
many_moving,25,10,0,13.216183481218337
many_moving,26,10,0,13.180957110099053
many_moving,27,10,0,13.153689666343181
many_moving,28,10,18,13.153819657818325
many_moving,29,10,36,13.111319005899599
many_moving,30,10,30,13.082332755242563
many_moving,31,10,42,13.058267039687546
many_moving,32,10,36,13.040681981021269
many_moving,33,10,36,13.020050139830726
many_moving,34,10,36,13.005866569085072
many_moving,35,10,18,12.988586253387439
many_moving,36,10,30,12.974868622464163
many_moving,37,10,72,12.924263682586952
many_moving,38,10,6,12.872535786417137
many_moving,39,10,0,12.83318798293235
many_moving,40,10,0,12.803138122717268
many_moving,41,10,6,12.78006719387209
many_moving,42,10,0,12.762255103263298
many_moving,43,10,0,12.748429280706452
many_moving,44,10,0,12.737645185155337
many_moving,45,10,0,12.729197443703248
many_moving,46,10,6,12.722555382853846
many_moving,47,10,0,12.717316662220972
many_moving,48,10,0,12.713173938261894
many_moving,49,10,12,12.70989078952389
many_moving,50,10,6,12.701930326599976
many_moving,51,10,30,12.69564342712481
many_moving,52,10,72,12.664986372221705
many_moving,53,10,6,12.638788986190999
many_moving,54,10,0,12.61864086481719
many_moving,55,10,0,12.603030767662428
many_moving,56,10,30,12.597693143088092
many_moving,57,10,24,12.57023813723889
many_moving,58,10,42,12.548429227974816
many_moving,59,10,54,12.528806332816043
many_moving,60,10,54,12.513929957864084
many_moving,61,10,60,12.49559587880544
many_moving,62,10,54,12.482336434095535
many_moving,63,10,30,12.469961862097422
many_moving,64,10,30,12.460238615614914
many_moving,65,10,12,12.44585471138047
many_moving,66,10,18,12.434579737116515
many_moving,67,10,60,12.411820373055274
many_moving,68,10,6,12.39213597984313
many_moving,69,10,0,12.376713423563015
many_moving,70,10,0,12.364584488629985
many_moving,71,10,6,12.35501574339128
many_moving,72,10,0,12.347447053927917
many_moving,73,10,36,12.344290862409153
many_moving,74,10,36,12.329549346087948
many_moving,75,10,36,12.320235638944514
many_moving,76,10,42,12.312061399361237
many_moving,77,10,42,12.303134999862818
many_moving,78,10,36,12.288849807055106
many_moving,79,10,60,12.278491082614236
many_moving,80,10,12,12.26457675880611
many_moving,81,10,18,12.253789860378486
many_moving,82,10,48,12.237101213688213
many_moving,83,10,6,12.224419147615235
many_moving,84,10,0,12.21456744715748
many_moving,85,10,0,12.206874740879256
many_moving,86,10,6,12.200841581551366
many_moving,87,10,0,12.196092633836239
many_moving,88,10,18,12.202122052338519
many_moving,89,10,36,12.194277703191826
many_moving,90,10,36,12.18923036631615
many_moving,91,10,42,12.187220194232106
many_moving,92,10,48,12.182333195960338
many_moving,93,10,36,12.175622607183104
many_moving,94,10,60,12.166634761547956
many_moving,95,10,24,12.160614647841982
many_moving,96,10,18,12.155906503033323
many_moving,97,10,48,12.146678555342238
many_moving,98,10,0,12.137428826637821
many_moving,99,10,0,12.130191254126158
many_moving,100,10,0,12.124505184811747
many_moving,101,10,6,12.120023117400047
many_moving,102,10,0,12.116480388110867
many_moving,103,10,36,12.110818651022598
many_moving,104,10,36,12.108072824087857
many_moving,105,10,36,12.10895875081283
many_moving,106,10,42,12.107829312146626
many_moving,107,10,42,12.104211927462654
many_moving,108,10,36,12.099421215805137
many_moving,109,10,72,12.091020632650539
many_moving,110,10,42,12.084888960122393
many_moving,111,10,18,12.08010589122435
many_moving,112,10,36,12.073465933143464
many_moving,113,10,6,12.068675810094708
many_moving,114,10,0,12.065030084484876
many_moving,115,10,0,12.062233187704736
many_moving,116,10,30,12.057743339818437
many_moving,117,10,24,12.053964798317224
many_moving,118,10,42,12.04690748699411
many_moving,119,10,60,12.03872498964401
many_moving,120,10,66,12.035477784867
many_moving,121,10,198,12.050887413134657
many_moving,122,10,204,12.071447177400616
many_moving,123,10,210,7.936320741134428
many_moving,124,10,204,7.68031079285846
many_moving,125,10,198,7.432663517303352
many_moving,126,10,198,7.196028717430486
many_moving,127,10,204,6.970531182589673
many_moving,128,10,198,6.774703499001538
many_moving,129,10,198,6.590906185418507
many_moving,130,10,240,6.418258508003741
many_moving,131,10,240,6.240874486994305
many_moving,132,10,252,6.074236680498957
many_moving,133,10,288,5.939240194749981
many_moving,134,10,282,5.776186787295062
many_moving,135,10,288,5.638565834602923
many_moving,136,10,228,5.5039821105402735
many_moving,137,10,240,5.390424935797332
many_moving,138,10,222,5.297536968121224
many_moving,139,10,204,5.234609613792967
many_moving,140,10,198,5.2092252686019584
many_moving,141,10,192,5.215079967314722
many_moving,142,10,192,5.220769689383511
many_moving,143,10,198,5.204729374016577
many_moving,144,10,180,5.182381835609765
many_moving,145,10,174,5.152870447397317
many_moving,146,10,162,5.134583430417116
many_moving,147,10,168,5.129492661781588
many_moving,148,10,168,5.132983726892163
many_moving,149,10,162,5.160224729623499
many_moving,150,10,198,5.177603553232287
many_moving,151,10,198,5.209453802475244
many_moving,152,10,198,5.249566464933025
many_moving,153,10,234,5.28254559656988
many_moving,154,10,228,5.363026281109217
many_moving,155,10,216,5.441869063819517
many_moving,156,10,210,5.512447429343308
many_moving,157,10,204,5.599216843077613
many_moving,158,10,198,5.691346321776836
many_moving,159,10,168,5.793659384134051
many_moving,160,10,156,5.936626835934204
many_moving,161,10,174,6.04079395698647
many_moving,162,10,192,6.102565837366727
many_moving,163,10,174,6.211628491165815
many_moving,164,10,180,6.35147784553057
many_moving,165,10,186,6.513043855628933
many_moving,166,10,174,6.681202395040505
many_moving,167,10,198,16.632393271407242
many_moving,168,10,204,16.703177075622055
many_moving,169,10,216,16.783110897700865
many_moving,170,10,204,16.852322733186202
many_moving,171,10,198,16.90850149859868
many_moving,172,10,186,16.890254788819387
many_moving,173,10,144,16.876078790430743
many_moving,174,10,126,16.861300012188444
many_moving,175,10,132,16.84938686598661
many_moving,176,10,126,16.8443159954721
many_moving,177,10,120,16.843350671173763
many_moving,178,10,120,16.842948070886564
many_moving,179,10,114,16.846905222398288
many_moving,180,10,120,16.85419572913177
many_moving,181,10,72,16.856568419648283
many_moving,182,10,54,15.568117540954015
many_moving,183,10,42,15.56469581575251
many_moving,184,10,66,24.35466193653555
many_moving,185,10,54,24.35363216942828
many_moving,186,10,72,24.353455163646903
many_moving,187,10,120,24.35165570435174
many_moving,188,10,102,24.35099539588879
many_moving,189,10,72,24.350322439376644
many_moving,190,10,60,24.349685628288608
many_moving,191,10,66,24.349204747820785
many_moving,192,10,48,24.348558122866464
many_moving,193,10,18,24.348191608356185
many_moving,194,10,6,24.347937712066184
many_moving,195,10,6,24.347756802867863
many_moving,196,10,6,24.347629823542295
many_moving,197,10,6,24.347539488206195
many_moving,198,10,6,24.347474411844072
many_moving,199,10,18,24.347426970478104
many_moving,200,10,0,24.347386541875387
many_moving,201,10,0,24.34735796516039
many_moving,202,10,30,24.347244131373138
many_moving,203,10,24,24.347241370530053
many_moving,204,10,12,24.34729169765378
many_moving,205,10,0,24.34736967639397
many_moving,206,10,18,24.347456212655587
many_moving,207,10,18,24.34751664000849
many_moving,208,10,6,24.34746688125671
many_moving,209,10,48,24.347227659109063
many_moving,210,10,48,24.347053408712323
many_moving,211,10,36,24.347009963405384
many_moving,0,20,0,18.656861414444858
many_moving,1,20,315,16.235599184283604
many_moving,2,20,483.00000000000006,15.980895011183389
many_moving,3,20,471,15.719588380791176
many_moving,4,20,471,15.455866409430877
many_moving,5,20,495,15.194118344615823
many_moving,6,20,477,14.934115077595349
many_moving,7,20,471,14.685341067206675
many_moving,8,20,111,14.444104601327613
many_moving,9,20,0,14.224076009292759
many_moving,10,20,0,14.022767316418872
many_moving,11,20,0,13.847784628510281
many_moving,12,20,0,13.69761066388642
many_moving,13,20,0,13.56640119893284
many_moving,14,20,0,13.454173842416974
many_moving,15,20,0,13.35538237003532
many_moving,16,20,0,13.268040888140588
many_moving,17,20,0,13.19192374972915
many_moving,18,20,0,13.124407045651589
many_moving,19,20,0,13.06358220252423
many_moving,20,20,3,13.008046896265082
many_moving,21,20,18,12.956760473520493
many_moving,22,20,105,12.826589432550799
many_moving,23,20,6,12.680347848732
many_moving,24,20,0,12.554778710221594
many_moving,25,20,0,12.445366427901309
many_moving,26,20,0,12.351938909395862
many_moving,27,20,0,12.271862015750164
many_moving,28,20,57,12.190927307800317
many_moving,29,20,186,12.124574830716288
many_moving,30,20,213,12.006366827270686
many_moving,31,20,222,11.898666445381602
many_moving,32,20,225,11.787330549019075
many_moving,33,20,216,11.68334823464856
many_moving,34,20,207,11.599034224079402
many_moving,35,20,165,11.523264642473878
many_moving,36,20,42,11.442365249596374
many_moving,37,20,60,11.347934083267603
many_moving,38,20,6,11.259446804212846
many_moving,39,20,0,11.185644308167733
many_moving,40,20,0,11.123569271601252
many_moving,41,20,3,11.070932691517253
many_moving,42,20,0,11.025954025008362
many_moving,43,20,0,10.987242091648296
many_moving,44,20,63,10.942334056371068
many_moving,45,20,90,10.900421596826924
many_moving,46,20,93,10.856835056026581
many_moving,47,20,87,10.82159606853014
many_moving,48,20,81,10.792185146963373
many_moving,49,20,108,10.758166073519432
many_moving,50,20,122.99999999999999,10.71960429855027
many_moving,51,20,39,10.692938585134318
many_moving,52,20,42,10.63002911519886
many_moving,53,20,3,10.551406318349036
many_moving,54,20,0,10.489263605827519
many_moving,55,20,0,10.440042442480824
many_moving,56,20,33,10.400340331972263
many_moving,57,20,63,10.363995367778879
many_moving,58,20,87,10.341395709533522
many_moving,59,20,117,10.275551951951105
many_moving,60,20,111,10.224039095684834
many_moving,61,20,111,10.180601314969461
many_moving,62,20,111,10.13495417621399
many_moving,63,20,87,10.098452040441236
many_moving,64,20,84,10.056645047741942
many_moving,65,20,105,10.021765108836219
many_moving,66,20,54,9.966773790026345
many_moving,67,20,27,9.892553910036234
many_moving,68,20,0,9.82861344078652
many_moving,69,20,0,9.777656522380664
many_moving,70,20,0,9.737018102063306
many_moving,71,20,24,9.70329460616838
many_moving,72,20,75,9.67530738653172
many_moving,73,20,87,9.654901274745498
many_moving,74,20,111,9.634100217961807
many_moving,75,20,111,9.621689122187963
many_moving,76,20,111,9.608109465119862
many_moving,77,20,114,9.595086502938022
many_moving,78,20,87,9.585823006223109
many_moving,79,20,54,9.565472024316534
many_moving,80,20,51,9.537973162162357
many_moving,81,20,18,9.5088414955721
many_moving,82,20,27,9.45231270142408
many_moving,83,20,27,9.400985670567428
many_moving,84,20,21,9.360499787016952
many_moving,85,20,21,9.327453861475783
many_moving,86,20,57,9.300856454842563
many_moving,87,20,159,9.276265442252043
many_moving,88,20,168,9.248916326504498
many_moving,89,20,180,9.229048690006296
many_moving,90,20,183,9.190273723877425
many_moving,91,20,162,9.139114722903035
many_moving,92,20,159,9.098846805617642
many_moving,93,20,147,9.061983518110177
many_moving,94,20,93,9.012728252102457
many_moving,95,20,39,8.954642913682205
many_moving,96,20,15,8.897407092426798
many_moving,97,20,18,8.845934315406234
many_moving,98,20,3,8.804599708997689
many_moving,99,20,18,8.771058038616632
many_moving,100,20,30,8.73730385128497
many_moving,101,20,27,8.714851542984933
many_moving,102,20,57,8.69297660971033
many_moving,103,20,78,8.688408628697314
many_moving,104,20,84,8.65280090222993
many_moving,105,20,90,8.602667681104547
many_moving,106,20,66,8.58101509106253
many_moving,107,20,72,8.550484979049397
many_moving,108,20,69,8.52333310411517
many_moving,109,20,78,8.483438701427241
many_moving,110,20,27,8.44394629841201
many_moving,111,20,24,8.410725983996592
many_moving,112,20,48,8.368668883523963
many_moving,113,20,33,8.334457271205169
many_moving,114,20,45,8.30523449301059
many_moving,115,20,54,8.284412245538006
many_moving,116,20,57,8.263350478636744
many_moving,117,20,75,8.254473423786676
many_moving,118,20,60,8.205643508144288
many_moving,119,20,42,8.15839730746236
many_moving,120,20,51,8.117840438421485
many_moving,121,20,186,8.112873209847262
many_moving,122,20,231,8.102703039393514
many_moving,123,20,252,8.062027383004853
many_moving,124,20,228,8.023183708922367
many_moving,125,20,207,7.983142874961743
many_moving,126,20,204,7.958240754759114
many_moving,127,20,186,7.894016258039378
many_moving,128,20,177,7.858267802546404
many_moving,129,20,183,7.835170867426634
many_moving,130,20,171,7.827313391836669
many_moving,131,20,189,7.814645493988463
many_moving,132,20,180,7.795101586272172
many_moving,133,20,132,7.77458938629352
many_moving,134,20,141,7.759400701028883
many_moving,135,20,156,7.7614945817362955
many_moving,136,20,144,7.757700871022508
many_moving,137,20,153,7.763236908445579
many_moving,138,20,153,7.78938394335222
many_moving,139,20,198,7.828558243666859
many_moving,140,20,201,7.847017517604226
many_moving,141,20,204,7.8805379299288925
many_moving,142,20,189,7.909414479016944
many_moving,143,20,189,7.945304656431301
many_moving,144,20,228,7.984002024234062
many_moving,145,20,252,7.983497239244743
many_moving,146,20,267,8.005571670679961
many_moving,147,20,282,8.012530712602999
many_moving,148,20,288,8.027700673635659
many_moving,149,20,273,8.064648261335718
many_moving,150,20,273,8.0876025473847
many_moving,151,20,234,8.10416592765951
many_moving,152,20,213,8.11133672611865
many_moving,153,20,243,8.12424000292057
many_moving,154,20,255,8.137777440019217
many_moving,155,20,249.00000000000003,8.15008237608505
many_moving,156,20,237,8.171647078233006
many_moving,157,20,204,8.178174902926784
many_moving,158,20,186,8.191151556813713
many_moving,159,20,138,8.188761030539997
many_moving,160,20,126,8.196657697712418
many_moving,161,20,132,8.201896129002133
many_moving,162,20,153,8.21360388662291
many_moving,163,20,165,8.212337297847398
many_moving,164,20,147,8.195277383426786
many_moving,165,20,153,8.135600128638012
many_moving,166,20,204,8.075879836192746
many_moving,167,20,213,8.019229397918885
many_moving,168,20,192,7.969531944017059
many_moving,169,20,168,7.904664584070077
many_moving,170,20,186,7.848236619046052
many_moving,171,20,132,7.804129807925629
many_moving,172,20,105,7.763825571868601
many_moving,173,20,90,7.72936069168051
many_moving,174,20,84,7.700312873157897
many_moving,175,20,84,7.668713636538875
many_moving,176,20,87,7.6439774253787975
many_moving,177,20,87,7.637070617276688
many_moving,178,20,96,7.621766025056598
many_moving,179,20,93,7.604834784532786
many_moving,180,20,84,7.600549651480916
many_moving,181,20,45,7.565815030672614
many_moving,182,20,21,7.5254712608741166
many_moving,183,20,6,7.489196140696474
many_moving,184,20,42,7.455477962893398
many_moving,185,20,117,7.39383949422601
many_moving,186,20,147,7.3375528451468
many_moving,187,20,135,7.297132741707923
many_moving,188,20,144,7.258506188870245
many_moving,189,20,141,7.229611795471795
many_moving,190,20,96,7.199080904617594
many_moving,191,20,69,7.175813174285669
many_moving,192,20,33,7.155045651629934
many_moving,193,20,6,7.13835848158708
many_moving,194,20,15,7.116249028338789
many_moving,195,20,24,7.0986010961801185
many_moving,196,20,21,7.08063306671114
many_moving,197,20,9,7.0529460129939725
many_moving,198,20,21,7.023794205400363
many_moving,199,20,51,7.0001606139711825
many_moving,200,20,48,12.241165436372375
many_moving,201,20,57,12.224995963070239
many_moving,202,20,39,12.21033516566631
many_moving,203,20,42,12.19831088713903
many_moving,204,20,39,12.187590461041907
many_moving,205,20,21,12.171690278884997
many_moving,206,20,15,12.156297969701953
many_moving,207,20,6,12.145326168126052
many_moving,208,20,6,12.136702112586223
many_moving,209,20,9,12.12196028139708
many_moving,210,20,36,12.107398670271927
many_moving,211,20,36,12.094267990927252
many_moving,0,35,0,20.630823484515126
many_moving,1,35,408,20.509105336824152
many_moving,2,35,654.8571428571429,20.336915060461763
many_moving,3,35,642.8571428571428,20.126882301676094
many_moving,4,35,661.7142857142857,19.924851268493953
many_moving,5,35,656.5714285714286,19.727994740301813
many_moving,6,35,653.1428571428571,19.537157746201295
many_moving,7,35,625.7142857142858,19.35512236922792
many_moving,8,35,188.57142857142856,19.18454320409286
many_moving,9,35,0,19.031392355853395
many_moving,10,35,0,18.892061171483704
many_moving,11,35,0,18.76388038985557
many_moving,12,35,0,18.644702161713145
many_moving,13,35,0,18.534278727452406
many_moving,14,35,0,18.437352242936225
many_moving,15,35,0,18.35658534888404
many_moving,16,35,0,18.28890153700438
many_moving,17,35,0,18.233295880498282
many_moving,18,35,0,18.18872525028008
many_moving,19,35,0,18.152587973912468
many_moving,20,35,0,18.122965879336135
many_moving,21,35,13.714285714285714,18.098430320825546
many_moving,22,35,109.71428571428571,17.999939160413675
many_moving,23,35,3.4285714285714284,17.896103773797545
many_moving,24,35,0,17.8109336840607
many_moving,25,35,0,17.74041214147184
many_moving,26,35,0,17.681221627031412
many_moving,27,35,0,17.6328872700041
many_moving,28,35,58.285714285714285,17.583973313951983
many_moving,29,35,282.8571428571429,17.489049082987577
many_moving,30,35,334.2857142857143,17.407873057154184
many_moving,31,35,322.2857142857143,17.323178777951522
many_moving,32,35,332.57142857142856,17.245949688360607
many_moving,33,35,330.85714285714283,17.169667001143072
many_moving,34,35,312,17.096718620951414
many_moving,35,35,279.42857142857144,17.01769499683039
many_moving,36,35,109.71428571428571,16.9474245552534
many_moving,37,35,89.14285714285714,16.8654119608364
many_moving,38,35,6.857142857142857,16.783494429364783
many_moving,39,35,0,16.71865412962137
many_moving,40,35,0,16.667231578558184
many_moving,41,35,0,16.626384263428815
many_moving,42,35,0,16.593893975148355
many_moving,43,35,30.857142857142854,16.564743603847344
many_moving,44,35,92.57142857142857,16.53219409285257
many_moving,45,35,108,16.500669120926442
many_moving,46,35,108,16.472566304840736
many_moving,47,35,109.71428571428571,16.444601832512763
many_moving,48,35,106.28571428571428,16.421477282742135
many_moving,49,35,123.42857142857142,16.396001263559302
many_moving,50,35,102.85714285714285,16.353297051973637
many_moving,51,35,20.571428571428573,16.315144177609163
many_moving,52,35,46.285714285714285,16.249550164570763
many_moving,53,35,1.7142857142857142,16.182668860739117
many_moving,54,35,0,16.12943602411765
many_moving,55,35,0,16.087025982803933
many_moving,56,35,96,16.065668068250414
many_moving,57,35,205.7142857142857,16.008099031453206
many_moving,58,35,238.28571428571428,15.948519363405763
many_moving,59,35,228,15.892098226430631
many_moving,60,35,228,15.83648997270585
many_moving,61,35,210.85714285714286,15.792369864318873
many_moving,62,35,217.71428571428572,15.744171643176653
many_moving,63,35,135.42857142857142,15.697099659158312
many_moving,64,35,44.57142857142857,15.654775179792415
many_moving,65,35,36,15.609964160986364
many_moving,66,35,8.571428571428571,15.56856248017014
many_moving,67,35,25.71428571428571,15.520754661597243
many_moving,68,35,1.7142857142857142,15.472739533343008
many_moving,69,35,0,15.434478168365498
many_moving,70,35,8.571428571428571,15.400722725478271
many_moving,71,35,56.57142857142857,15.374218176340017
many_moving,72,35,125.14285714285715,15.34135057660471
many_moving,73,35,157.71428571428572,15.302624016809455
many_moving,74,35,159.42857142857142,15.265471222475917
many_moving,75,35,162.85714285714286,15.233683986776647
many_moving,76,35,168,15.206289816211727
many_moving,77,35,181.71428571428572,15.175036636696122
many_moving,78,35,120,15.126227536862697
many_moving,79,35,75.42857142857143,15.076831918721112
many_moving,80,35,68.57142857142857,15.02745509311413
many_moving,81,35,8.571428571428571,14.98130825391562
many_moving,82,35,17.142857142857142,14.926038475909301
many_moving,83,35,13.714285714285714,14.882072886749421
many_moving,84,35,90.85714285714286,14.845132315816148
many_moving,85,35,138.85714285714286,14.803548408794391
many_moving,86,35,205.7142857142857,14.77212262438149
many_moving,87,35,181.71428571428572,14.740280041755142
many_moving,88,35,174.85714285714286,14.704973634210267
many_moving,89,35,202.28571428571428,14.663738338253847
many_moving,90,35,188.57142857142856,14.627165535480957
many_moving,91,35,114.85714285714286,14.600767607492127
many_moving,92,35,89.14285714285714,14.563498648505801
many_moving,93,35,37.714285714285715,14.520336179578026
many_moving,94,35,46.285714285714285,14.481496481278118
many_moving,95,35,48,14.433266130068569
many_moving,96,35,1.7142857142857142,14.393110531038984
many_moving,97,35,10.285714285714286,14.355090124594351
many_moving,98,35,30.857142857142854,14.32138871987176
many_moving,99,35,113.14285714285714,14.286171363966501
many_moving,100,35,161.14285714285714,14.25076281121773
many_moving,101,35,176.57142857142858,14.226016822807331
many_moving,102,35,186.85714285714286,14.195354481930867
many_moving,103,35,192,14.163726733515148
many_moving,104,35,192,14.130974982503693
many_moving,105,35,188.57142857142856,14.101529076708921
many_moving,106,35,121.71428571428571,14.069598581960514
many_moving,107,35,80.57142857142857,14.03275554163621
many_moving,108,35,20.571428571428573,13.986681023139793
many_moving,109,35,10.285714285714286,13.949587033225415
many_moving,110,35,32.57142857142857,13.908183821375829
many_moving,111,35,39.42857142857143,13.86918214124769
many_moving,112,35,97.71428571428571,13.83284914891045
many_moving,113,35,114.85714285714286,13.793118692776455
many_moving,114,35,159.42857142857142,13.761637367917654
many_moving,115,35,152.57142857142856,13.733114172003882
many_moving,116,35,192,13.696103590335975
many_moving,117,35,262.2857142857143,13.661763438916397
many_moving,118,35,240,13.631319241797458
many_moving,119,35,217.71428571428572,13.593055182052105
many_moving,120,35,193.71428571428572,13.5512835616007
many_moving,121,35,245.1428571428571,13.461223067710838
many_moving,122,35,241.71428571428572,13.365800285722935
many_moving,123,35,229.71428571428572,13.276519461964838
many_moving,124,35,185.14285714285714,13.172705723903213
many_moving,125,35,197.14285714285714,13.070541227398664
many_moving,126,35,204,12.978634845462075
many_moving,127,35,212.57142857142856,12.888331148459375
many_moving,128,35,222.85714285714286,12.811345100300427
many_moving,129,35,248.57142857142858,12.723760192640535
many_moving,130,35,262.2857142857143,12.649542062922041
many_moving,131,35,260.57142857142856,12.577318718554888
many_moving,132,35,288,12.503905330843788
many_moving,133,35,269.14285714285717,12.44296320197789
many_moving,134,35,255.42857142857142,12.381138525930908
many_moving,135,35,224.57142857142858,12.324373863804228
many_moving,136,35,200.57142857142858,12.2645490538321
many_moving,137,35,234.85714285714286,12.196242665365252
many_moving,138,35,216,12.13036370785037
many_moving,139,35,171.42857142857144,12.063632385721807
many_moving,140,35,159.42857142857142,12.007090312438581
many_moving,141,35,173.14285714285714,11.957275654568459
many_moving,142,35,210.85714285714286,11.892491472937785
many_moving,143,35,209.14285714285714,11.823989584891349
many_moving,144,35,253.71428571428572,11.754083466718255
many_moving,145,35,315.42857142857144,11.675125034175538
many_moving,146,35,306.85714285714283,11.605271375252428
many_moving,147,35,308.5714285714286,11.50614052817608
many_moving,148,35,354.8571428571429,11.403126440089068
many_moving,149,35,305.1428571428571,11.301842614084082
many_moving,150,35,303.42857142857144,11.216115198661685
many_moving,151,35,298.2857142857143,11.120488682633443
many_moving,152,35,238.28571428571428,11.009099085785103
many_moving,153,35,222.85714285714286,10.897638907613194
many_moving,154,35,264,10.798671238165745
many_moving,155,35,303.42857142857144,10.70322567871563
many_moving,156,35,306.85714285714283,10.606602057380186
many_moving,157,35,296.57142857142856,10.503787797083593
many_moving,158,35,320.57142857142856,10.403750910082989
many_moving,159,35,248.57142857142858,10.305483304788726
many_moving,160,35,250.2857142857143,10.194702822206107
many_moving,161,35,245.1428571428571,10.097435187895815
many_moving,162,35,243.42857142857142,10.006662726708765
many_moving,163,35,257.1428571428571,9.906970762996844
many_moving,164,35,262.2857142857143,9.809540697903484
many_moving,165,35,265.7142857142857,9.711876142452615
many_moving,166,35,277.7142857142857,9.605141917097335
many_moving,167,35,277.7142857142857,9.497445906961765
many_moving,168,35,255.42857142857142,9.405626849732085
many_moving,169,35,241.71428571428572,9.306961638123147
many_moving,170,35,226.28571428571428,9.21160182999793
many_moving,171,35,219.42857142857142,9.115037415624792
many_moving,172,35,250.2857142857143,9.0141711849147
many_moving,173,35,272.57142857142856,8.91721464014762
many_moving,174,35,284.57142857142856,8.816398008932726
many_moving,175,35,252,8.722463943308028
many_moving,176,35,258.85714285714283,8.649209889596836
many_moving,177,35,298.2857142857143,8.574045260288598
many_moving,178,35,269.14285714285717,8.50177317343565
many_moving,179,35,214.2857142857143,8.438959849962519
many_moving,180,35,228,8.372926759884255
many_moving,181,35,207.42857142857144,8.274492154649016
many_moving,182,35,222.85714285714286,8.18952714823636
many_moving,183,35,183.42857142857142,8.108859019667559
many_moving,184,35,156,8.036170163647235
many_moving,185,35,193.71428571428572,7.975321778814353
many_moving,186,35,198.85714285714286,7.9129578579209765
many_moving,187,35,241.71428571428572,7.8484098466320535
many_moving,188,35,236.57142857142858,7.79379134239458
many_moving,189,35,236.57142857142858,7.732561089160667
many_moving,190,35,216,7.667085702151949
many_moving,191,35,186.85714285714286,7.613276913833251
many_moving,192,35,205.7142857142857,7.562680356400787
many_moving,193,35,154.2857142857143,7.492327009392715
many_moving,194,35,87.42857142857143,7.438002510841646
many_moving,195,35,49.714285714285715,7.370451269565585
many_moving,196,35,70.28571428571429,7.3222940379546895
many_moving,197,35,125.14285714285715,7.280541810896067
many_moving,198,35,190.28571428571428,7.232694952470985
many_moving,199,35,265.7142857142857,7.187878948213815
many_moving,200,35,312,7.147486500113789
many_moving,201,35,262.2857142857143,7.108757904327406
many_moving,202,35,238.28571428571428,7.068384430995366
many_moving,203,35,178.28571428571428,7.039972196476257
many_moving,204,35,161.14285714285714,7.015239181579933
many_moving,205,35,96,6.986868238802202
many_moving,206,35,48,6.962015637298108
many_moving,207,35,27.428571428571427,6.939038715532332
many_moving,208,35,24,6.9136892144252355
many_moving,209,35,30.857142857142854,6.8879772186194925
many_moving,210,35,36,6.867146012851247
many_moving,211,35,25.71428571428571,6.844131210759096
many_moving,0,50,0,19.361101538137355
many_moving,1,50,462,19.143689940930575
many_moving,2,50,775.2,18.831941406962798
many_moving,3,50,789.6,18.520546321295466
many_moving,4,50,878.4000000000001,18.198912538686436
many_moving,5,50,829.2,17.875499365652907
many_moving,6,50,776.4,17.54983425781693
many_moving,7,50,778.8000000000001,17.2212084309129
many_moving,8,50,267.6,16.891158058745756
many_moving,9,50,1.2,16.581942075030334
many_moving,10,50,0,16.293882517870564
many_moving,11,50,0,16.031925380727145
many_moving,12,50,0,15.797873565664245
many_moving,13,50,0,15.589387213810529
many_moving,14,50,0,15.405114037936594
many_moving,15,50,0,15.24315956730578
many_moving,16,50,0,15.10255998904248
many_moving,17,50,0,14.980535462060539
many_moving,18,50,0,14.87720911329183
many_moving,19,50,0,14.793306898200045
many_moving,20,50,0,14.726628191360541
many_moving,21,50,9.6,14.67357273328184
many_moving,22,50,118.8,14.449075725036483
many_moving,23,50,7.199999999999999,14.124776269669407
many_moving,24,50,2.4,13.853647121592315
many_moving,25,50,0,13.628654780142128
many_moving,26,50,0,13.44437721943206
many_moving,27,50,0,13.295860197433969
many_moving,28,50,79.2,13.152243044834218
many_moving,29,50,342,12.92593271686092
many_moving,30,50,415.2,12.659497604523802
many_moving,31,50,404.40000000000003,12.406401517135325
many_moving,32,50,408,12.167470752052763
many_moving,33,50,404.40000000000003,11.944820848912201
many_moving,34,50,414,11.72967697770332
many_moving,35,50,350.4,11.53264537106665
many_moving,36,50,135.6,11.359475575293434
many_moving,37,50,94.80000000000001,11.14514615313746
many_moving,38,50,7.199999999999999,10.91759442249073
many_moving,39,50,1.2,10.735931516878319
many_moving,40,50,0,10.590856356609658
many_moving,41,50,0,10.474966559026184
many_moving,42,50,0,10.382367505703977
many_moving,43,50,50.4,10.294951186866433
many_moving,44,50,128.4,10.164186297077551
many_moving,45,50,146.4,10.041822379396647
many_moving,46,50,136.79999999999998,9.933477024457263
many_moving,47,50,146.4,9.838303315767856
many_moving,48,50,139.2,9.752164576147393
many_moving,49,50,159.60000000000002,9.666229508795992
many_moving,50,50,145.2,9.525566329555346
many_moving,51,50,44.4,9.37512606946758
many_moving,52,50,52.8,9.20003143602289
many_moving,53,50,4.8,9.022079242600938
many_moving,54,50,0,8.879947178270363
many_moving,55,50,12,8.765118762233595
many_moving,56,50,98.39999999999999,8.657682749428902
many_moving,57,50,218.4,8.528807160239436
many_moving,58,50,330,8.387960414126015
many_moving,59,50,360,8.24109986671691
many_moving,60,50,342,8.09311326633603
many_moving,61,50,343.2,7.958240435219326
many_moving,62,50,331.2,7.832406995782717
many_moving,63,50,255.6,7.71680484304638
many_moving,64,50,168,7.609924827512662
many_moving,65,50,94.80000000000001,7.4895320192619765
many_moving,66,50,25.2,7.365667934672505
many_moving,67,50,24,7.242017021961986
many_moving,68,50,2.4,7.125033525664361
many_moving,69,50,0,7.031645578319287
many_moving,70,50,0,6.957067728513704
many_moving,71,50,51.6,6.888617329741349
many_moving,72,50,168,6.800411775792884
many_moving,73,50,232.79999999999998,6.707257680081921
many_moving,74,50,249.60000000000002,6.61085730507579
many_moving,75,50,252,6.527631251950443
many_moving,76,50,253.2,6.449151517347983
many_moving,77,50,265.2,6.366096930012868
many_moving,78,50,224.4,6.271437557420479
many_moving,79,50,98.39999999999999,6.1750313004517166
many_moving,80,50,44.4,6.081518475223647
many_moving,81,50,7.199999999999999,5.979768685654242
many_moving,82,50,16.8,5.889909406212649
many_moving,83,50,28.799999999999997,5.803244187869795
many_moving,84,50,85.19999999999999,5.723083997154894
many_moving,85,50,132,5.647004780873174
many_moving,86,50,177.6,5.573745593766447
many_moving,87,50,188.4,5.490883769012059
many_moving,88,50,184.8,5.417249986606085
many_moving,89,50,186,5.351862066634459
many_moving,90,50,168,5.291076315324882
many_moving,91,50,104.4,5.241616760241131
many_moving,92,50,87.6,5.190154671368717
many_moving,93,50,64.80000000000001,5.119919419811394
many_moving,94,50,32.400000000000006,5.042787786960965
many_moving,95,50,19.2,4.96447088187395
many_moving,96,50,6,4.886766320499507
many_moving,97,50,7.199999999999999,4.8205915263111425
many_moving,98,50,3.5999999999999996,4.7640396912277465
many_moving,99,50,70.8,4.711912871716874
many_moving,100,50,208.8,4.641512508605529
many_moving,101,50,245.99999999999997,4.572862812160133
many_moving,102,50,298.8,4.501030694086106
many_moving,103,50,292.8,4.43361460499432
many_moving,104,50,288,4.3721743089825775
many_moving,105,50,309.6,4.303982360910643
many_moving,106,50,236.4,4.2457464848453075
many_moving,107,50,115.19999999999999,4.185749538611026
many_moving,108,50,88.8,4.1187359229960325
many_moving,109,50,13.2,4.046976749501275
many_moving,110,50,9.6,3.983863927153828
many_moving,111,50,26.4,3.9311457253559734
many_moving,112,50,50.4,3.883005978508625
many_moving,113,50,69.6,3.8373363872127704
many_moving,114,50,115.19999999999999,3.792021549388995
many_moving,115,50,166.79999999999998,3.7349826983500845
many_moving,116,50,202.79999999999998,3.6813517672494296
many_moving,117,50,206.4,3.631146683635911
many_moving,118,50,196.79999999999998,3.583435412675911
many_moving,119,50,174,3.5311799146608207
many_moving,120,50,181.2,3.4828701710065086
many_moving,121,50,207.6,3.4290587269920136
many_moving,122,50,183.6,3.3853055934697625
many_moving,123,50,163.20000000000002,3.343064602128645
many_moving,124,50,164.4,3.3050418178452907
many_moving,125,50,157.20000000000002,3.2722576814928273
many_moving,126,50,154.8,3.243779701902591
many_moving,127,50,224.4,3.218422228042617
many_moving,128,50,261.6,3.182970799251792
many_moving,129,50,316.8,3.1475690502768483
many_moving,130,50,325.2,3.1052737400054657
many_moving,131,50,327.6,3.0690615242808312
many_moving,132,50,339.6,3.035111494449753
many_moving,133,50,334.8,3.007614299844106
many_moving,134,50,316.8,2.982147922129267
many_moving,135,50,316.8,2.9605469449817505
many_moving,136,50,237.6,2.930676067431005
many_moving,137,50,253.2,2.9086007380989414
many_moving,138,50,240,2.896110840072465
many_moving,139,50,223.20000000000002,2.88751049209572
many_moving,140,50,223.20000000000002,2.8815377203363717
many_moving,141,50,212.4,2.881405042901474
many_moving,142,50,218.4,2.8826465993718875
many_moving,143,50,241.2,2.8846118258685522
many_moving,144,50,289.20000000000005,2.8799621623435723
many_moving,145,50,360,2.8828750782174835
many_moving,146,50,370.79999999999995,2.892168597229143
many_moving,147,50,409.20000000000005,2.88716963942314
many_moving,148,50,406.8,2.8825720582118746
many_moving,149,50,375.59999999999997,2.880093299259381
many_moving,150,50,318,2.8775858069796154
many_moving,151,50,290.4,2.8781019921620556
many_moving,152,50,312,2.877730997815185
many_moving,153,50,290.4,2.8696176243919482
many_moving,154,50,309.6,2.8659177718154085
many_moving,155,50,342,2.8646654173542396
many_moving,156,50,314.40000000000003,2.8640584320469924
many_moving,157,50,313.2,2.861976725768635
many_moving,158,50,273.59999999999997,2.8677500381362724
many_moving,159,50,286.8,2.8730994407192645
many_moving,160,50,247.20000000000002,2.8829617248711865
many_moving,161,50,225.6,2.8983420418461883
many_moving,162,50,258,2.9148101254866354
many_moving,163,50,283.2,2.9385782922336543
many_moving,164,50,286.8,2.9636743601794535
many_moving,165,50,264,2.9831548709910574
many_moving,166,50,254.4,3.0001433148002317
many_moving,167,50,254.4,3.0222487055194365
many_moving,168,50,248.39999999999998,3.0390465333581482
many_moving,169,50,230.39999999999998,3.0488057998798253
many_moving,170,50,224.4,3.0404797016228393
many_moving,171,50,181.2,3.01384019449706
many_moving,172,50,199.2,2.989958858888062
many_moving,173,50,216,2.9633481195923195
many_moving,174,50,229.2,2.9410997343518273
many_moving,175,50,207.6,2.9240635264361545
many_moving,176,50,183.6,2.9093480065758737
many_moving,177,50,219.60000000000002,2.8998623628025157
many_moving,178,50,214.8,2.892106241862063
many_moving,179,50,268.8,2.886564758357013
many_moving,180,50,310.79999999999995,2.88412868760513
many_moving,181,50,328.8,2.830042943839509
many_moving,182,50,318,2.781798228858075
many_moving,183,50,278.4,2.7405688506705452
many_moving,184,50,235.2,2.7056013682788445
many_moving,185,50,247.20000000000002,2.6683502567397115
many_moving,186,50,234,2.627580760637666
many_moving,187,50,202.79999999999998,2.59183159490521
many_moving,188,50,199.2,2.5605162705143285
many_moving,189,50,214.8,2.533019786778923
many_moving,190,50,188.4,2.502196135762406
many_moving,191,50,186,2.476869985375592
many_moving,192,50,128.4,2.458523797055293
many_moving,193,50,91.2,2.4397124687305847
many_moving,194,50,127.2,2.416298478439044
many_moving,195,50,152.4,2.3892849274743235
many_moving,196,50,158.4,2.3627552774440175
many_moving,197,50,152.4,2.3393422244549518
many_moving,198,50,181.2,2.318221952449328
many_moving,199,50,189.60000000000002,2.296247383997808
many_moving,200,50,148.8,2.270742130557358
many_moving,201,50,133.20000000000002,2.2462793096540308
many_moving,202,50,128.4,2.221106683266511
many_moving,203,50,112.8,2.2014644858473558
many_moving,204,50,86.39999999999999,2.180898856294077
many_moving,205,50,63.6,2.1635170498368903
many_moving,206,50,68.39999999999999,2.1439295580310755
many_moving,207,50,78,2.1266493164006897
many_moving,208,50,64.80000000000001,2.1121572630111354
many_moving,209,50,72,2.099870603145972
many_moving,210,50,78,2.0911833880904354
many_moving,211,50,92.4,2.0794151202061095