scenario,noise_sigma,time_s,baseline_tx_total,baseline_tx_per_node_per_min,baseline_rmse_aligned_m,baseline_mae_aligned_m,icum_tx_total,icum_tx_per_node_per_min,icum_rmse_aligned_m,icum_mae_aligned_m
none_moving,0,0,0,,18.187917130173428,17.241615522676813,0,,18.187917130173428,17.241615522676813
none_moving,0,1,0,0,18.187917130173428,17.241615522676813,40,240,9.71925545534382,8.671952980516783
none_moving,0,2,40,120,9.71925545534382,8.671952980516783,100,300,9.338903701631319,8.251908408360645
none_moving,0,3,54,108,9.338903701631319,8.251908408360645,161,322,8.93949353512566,7.829126361438341
none_moving,0,4,100,150,8.942347136253842,7.831742875282264,222,333,8.541787711460262,7.408819401737041
none_moving,0,5,114,136.8,8.544469169479086,7.411296399012016,283,339.6,8.149751638438968,6.999642103039619
none_moving,0,6,161,161,8.154433904343602,7.0025855668949415,344,343.99999999999994,7.766169919410198,6.609136313130262
none_moving,0,7,175,150,7.770897587765048,6.61303031465155,396,339.42857142857144,7.390848559320969,6.242343413596089
none_moving,0,8,222,166.5,7.398842253207116,6.249450838380746,402,301.5,7.022234695940272,5.8938744240388194
none_moving,0,9,236,157.33333333333334,7.0284007310400085,5.900624910567252,402,268.00000000000006,6.6629841304946185,5.5641609800667124
none_moving,0,10,283,169.8,6.6645072689101,5.566811339706457,402,241.20000000000002,6.316726627695384,5.256257047150379
none_moving,0,11,297,162,6.301841628895534,5.2429472946171565,402,219.2727272727273,5.981778901480819,4.967244044046627
none_moving,0,12,344,171.99999999999997,5.946975116328617,4.9329046511194345,402,201,5.656506947521076,4.694929208763343
none_moving,0,13,358,165.2307692307692,5.591100658820705,4.627669419876681,402,185.53846153846155,5.339959611001856,4.437994290661186
none_moving,0,14,405,173.57142857142856,5.239853437645369,4.330668271436994,402,172.2857142857143,5.0317342270097924,4.19367217026098
none_moving,0,15,419,167.6,4.887311168143124,4.034778096264554,402,160.8,4.731898131458634,3.958268086053984
none_moving,0,16,466,174.75,4.538443230773871,3.744603181789393,402,150.75,4.44095412363382,3.72933432486841
none_moving,0,17,480,169.41176470588235,4.18866915073562,3.4535676273682556,402,141.8823529411765,4.159842223892155,3.5055995875427834
none_moving,0,18,527,175.66666666666669,3.8428678017996525,3.166899700977642,402,134.00000000000003,3.9019606794082513,3.295476414214943
none_moving,0,19,541,170.84210526315792,3.4996126599146824,2.8812230027378196,402,126.94736842105264,3.6675051338598164,3.099566292709988
none_moving,0,20,588,176.4,3.1656305244120975,2.604976335362397,402,120.60000000000001,3.4608294684002647,2.918994908001679
none_moving,0,21,602,172.00000000000003,2.8339848253237556,2.3300250895150407,408,116.57142857142857,3.285223707024247,2.754308082038377
none_moving,0,22,649,177.00000000000003,2.5247692509083555,2.0720612605403472,425,115.90909090909092,2.9450120741767694,2.425417496044803
none_moving,0,23,663,172.9565217391304,2.229181682395714,1.8217099430275254,425,110.8695652173913,2.650217640074895,2.133641846050082
none_moving,0,24,710,177.5,1.9734736825023256,1.6023551747660156,425,106.25,2.413926839613011,1.898880883583984
none_moving,0,25,724,173.76000000000002,1.7448769688134604,1.4049283940579098,425,102,2.232158186474386,1.7155986956518106
none_moving,0,26,771,177.9230769230769,1.55728082021223,1.240200371642399,425,98.07692307692308,2.0926345772587402,1.5738237095941456
none_moving,0,27,785,174.44444444444443,1.3869236654326085,1.0915601104694437,425,94.44444444444444,1.9856005353080535,1.4649306340658323
none_moving,0,28,832,178.28571428571428,1.2456128463341456,0.9672341103651675,425,91.07142857142857,1.9034144893255804,1.3812629496974176
none_moving,0,29,846,175.03448275862067,1.1148105808150162,0.854292018335277,425,87.93103448275862,1.8401700128351046,1.3167289470465224
none_moving,0,30,893,178.6,1.005445203208151,0.7596612082248895,425,85,1.7913508696130782,1.2668115398140452
none_moving,0,31,907,175.54838709677418,0.9028951035971554,0.6731248391411877,425,82.25806451612902,1.7535295552053123,1.228150430925928
none_moving,0,32,954,178.875,0.8166551343426403,0.6004946405531845,425,79.6875,1.724115372290192,1.1981944681694396
none_moving,0,33,968,175.99999999999997,0.7350650444231756,0.5336451279536835,425,77.27272727272727,1.7011520402590345,1.1749754628084534
none_moving,0,34,1015,179.11764705882354,0.6661665919919701,0.4774422255429986,425,75,1.6831600929269888,1.156962663786673
none_moving,0,35,1029,176.4,0.6005754982923619,0.42539362450117324,425,72.85714285714285,1.6690169134212787,1.142965280894211
none_moving,0,36,1076,179.33333333333334,0.5450243405847389,0.38156164832302125,431,71.83333333333334,1.6578667952428667,1.132061621500877
none_moving,0,37,1090,176.75675675675674,0.4919085070181911,0.3407390708931134,448,72.64864864864865,1.460515033313816,1.0008536046011114
none_moving,0,38,1137,179.5263157894737,0.44682998972274224,0.3063068795599191,448,70.73684210526315,1.3044197780456863,0.8874944599001516
none_moving,0,39,1151,177.07692307692307,0.4035959186300476,0.27407489678286806,448,68.92307692307692,1.1835818221705539,0.7999693523172338
none_moving,0,40,1198,179.70000000000002,0.3668508010140039,0.24684903679461406,448,67.2,1.0903746214218621,0.7332647559694129
none_moving,0,41,1212,177.3658536585366,0.33153391384661196,0.22124788229442166,448,65.5609756097561,1.0186472662325707,0.6843647841157207
none_moving,0,42,1259,179.8571428571429,0.30148738562862215,0.19959450262046702,448,64,0.9634966294126835,0.6499867256021156
none_moving,0,43,1273,177.62790697674419,0.27256563685876295,0.1791532266048867,448,62.51162790697674,0.9210662443252566,0.6251175411194502
none_moving,0,44,1320,180,0.24794255598960932,0.1618437215268284,448,61.09090909090909,0.8883619580985972,0.6065729935839965
none_moving,0,45,1334,177.86666666666667,0.22421648154319213,0.14544774069644434,448,59.73333333333333,0.8630842797364504,0.5925717843512228
none_moving,0,46,1381,180.1304347826087,0.20400689390380455,0.13154934638379723,448,58.43478260869564,0.8434810484891268,0.5819201398271275
none_moving,0,47,1395,178.08510638297872,0.18451926984544442,0.11834621111011065,448,57.191489361702125,0.8282232694865269,0.5737650180550027
none_moving,0,48,1442,180.24999999999997,0.16791422879540413,0.10714414004238368,448,55.99999999999999,0.8163044733429621,0.5674845941491385
none_moving,0,49,1456,178.28571428571428,0.15189413828313786,0.09647609226057836,448,54.857142857142854,0.8069617010358343,0.5626214447322168
none_moving,0,50,1503,180.36,0.1382404253577126,0.08741775781144333,448,53.75999999999999,0.7996149289055368,0.5588368549069401
none_moving,0,51,1517,178.47058823529412,0.12506291430130467,0.07877308754428099,454,53.411764705882355,0.7938213840168452,0.5558783875352805
none_moving,0,52,1564,180.46153846153845,0.11382999362508374,0.07142782422781772,471,54.34615384615385,0.7115476788481474,0.48999555410915824
none_moving,0,53,1578,178.64150943396228,0.10298606365441812,0.06440546485168486,471,53.320754716981135,0.6513811879264778,0.43340309143070527
none_moving,0,54,1625,180.55555555555554,0.09374126071180579,0.058435163413681566,471,52.333333333333336,0.6086985347701293,0.39025052452992115
none_moving,0,55,1639,178.8,0.08481497903469606,0.05271866566592974,471,51.38181818181818,0.5788380542180637,0.3581737489361889
none_moving,0,56,1686,180.64285714285714,0.07720439684773228,0.047856146038185124,471,50.464285714285715,0.5581477908223539,0.33641569018487977
none_moving,0,57,1700,178.94736842105263,0.06985508208391732,0.043194348439251865,471,49.578947368421055,0.5438841840381908,0.32459835229170475
none_moving,0,58,1747,180.72413793103448,0.06358865878570127,0.03922726404331711,471,48.724137931034484,0.5340595563017455,0.3177092563040066
none_moving,0,59,1761,179.08474576271186,0.05753680292426968,0.03541978888045827,471,47.898305084745765,0.5272738475837213,0.31379938273543206
none_moving,0,60,1808,180.8,0.05237644909762544,0.0321785232413761,471,47.1,0.5225603732260354,0.3117163287205028
none_moving,0,61,1822,179.21311475409837,0.04739246364921761,0.029064785219899664,471,46.32786885245902,0.5192601580767692,0.3107274629263146
none_moving,0,62,1869,180.87096774193546,0.04314254742612944,0.026413260186054145,471,45.58064516129032,0.5169271165759076,0.31037166020498946
none_moving,0,63,1883,179.33333333333334,0.03903769100720422,0.023864058956955585,471,44.857142857142854,0.5152600083127284,0.3103647020840635
none_moving,0,64,1930,180.9375,0.03553734869889817,0.021692689126846167,471,44.15625,0.5140551722199078,0.3105356300459727
none_moving,0,65,1944,179.44615384615386,0.03215636824469718,0.019603722433521105,471,43.47692307692308,0.5131743674003991,0.31078440234468674
none_moving,0,66,1991,180.99999999999997,0.029273256336963545,0.01782396836177825,477,43.36363636363636,0.5125231673001642,0.3110545297960072
none_moving,0,67,2005,179.55223880597015,0.026488391846359843,0.016110787337387408,494,44.23880597014925,0.4257491276912291,0.25912378787239715
none_moving,0,68,2052,181.05882352941177,0.024113590260756414,0.014650911875221925,494,43.588235294117645,0.3623231836555459,0.22244521872917788
none_moving,0,69,2066,179.6521739130435,0.02181967492736363,0.013244969701742122,494,42.95652173913044,0.31805176980453165,0.19828916407283104
none_moving,0,70,2113,181.1142857142857,0.01986351773961333,0.012046708464188437,494,42.34285714285714,0.28875072079179237,0.1820785600367874
none_moving,0,71,2127,179.74647887323943,0.017973964257431727,0.010892245475326185,494,41.74647887323943,0.2705497843361992,0.1721640050300098
none_moving,0,72,2174,181.16666666666669,0.01636262226430363,0.00990817808944444,494,41.166666666666664,0.2600812792229135,0.16853968368369487
none_moving,0,73,2188,179.8356164383562,0.014806129723173066,0.008959752142060786,494,40.6027397260274,0.2546675864283328,0.16676425641439171
none_moving,0,74,2235,181.2162162162162,0.013478805271120243,0.008151215171259923,494,40.05405405405405,0.2523628850705459,0.1659400118026165
none_moving,0,75,2249,179.92000000000002,0.012196654160134613,0.007371733638439133,494,39.519999999999996,0.25185547328765173,0.16568221340658779
none_moving,0,76,2296,181.26315789473685,0.011103276196988605,0.006707155369956118,494,39,0.2523115204023295,0.16576191161891002
none_moving,0,77,2310,179.99999999999997,0.010047104663416493,0.0060662998207183004,494,38.49350649350649,0.25322560889020107,0.16602992818356296
none_moving,0,78,2357,181.3076923076923,0.009146433436626586,0.005519865860402853,494,38,0.254304799991483,0.16638828048327095
none_moving,0,79,2371,180.0759493670886,0.008276408109325697,0.004992826095836347,494,37.51898734177215,0.2553880557288795,0.16677465397860688
none_moving,0,80,2418,181.35000000000002,0.007534475899297145,0.0045434059730600045,494,37.050000000000004,0.25639362707274094,0.16715169039853806
none_moving,0,81,2432,180.14814814814812,0.006817786640758218,0.00410985915851494,500,37.03703703703704,0.2572859802132569,0.16749899249884287
none_moving,0,82,2479,181.390243902439,0.006206614476805808,0.003740140011666267,517,37.829268292682926,0.20437636849575477,0.1379854503581127
none_moving,0,83,2493,180.21686746987953,0.00561623533120492,0.003383424979178055,517,37.373493975903614,0.17446221521375155,0.11670446688395726
none_moving,0,84,2540,181.42857142857144,0.00511277656422225,0.0030792103457124497,517,36.92857142857143,0.16331284954280165,0.10272122070405784
none_moving,0,85,2554,180.28235294117647,0.0046264456097442255,0.0027856580112375234,517,36.49411764705882,0.16446962775654092,0.09552978461731365
none_moving,0,86,2601,181.46511627906978,0.004211716074687876,0.0025352988302111703,517,36.06976744186046,0.17182659910810183,0.09625424455193136
none_moving,0,87,2615,180.3448275862069,0.00381109537908658,0.002293687982639258,517,35.6551724137931,0.18136412523213094,0.10389510915667988
none_moving,0,88,2662,181.5,0.0034694570949240005,0.0020876198781473133,517,35.25000000000001,0.19098930117033144,0.1125147814684907
none_moving,0,89,2676,180.40449438202248,0.003139440903092026,0.0018887340032586555,517,34.853932584269664,0.19978266084213478,0.12038285527965802
none_moving,0,90,2723,181.53333333333333,0.002858012152303278,0.001719100291973807,517,34.46666666666667,0.20742767798421233,0.1270884141969281
none_moving,0,91,2737,180.46153846153845,0.002586157105331131,0.0015553660678822602,517,34.08791208791209,0.21389205912369616,0.1326444543192755
none_moving,0,92,2784,181.56521739130432,0.0023543265620146712,0.0014157101140195927,517,33.71739130434783,0.21926657743828074,0.13718592644436686
none_moving,0,93,2798,180.51612903225808,0.002130382396297815,0.001280902101635225,517,33.35483870967742,0.22368663403190636,0.14087079970793076
none_moving,0,94,2845,181.59574468085106,0.0019394089314514757,0.0011659159153857,517,33,0.22729520209968984,0.14384756872549115
none_moving,0,95,2859,180.56842105263158,0.0017549319231628673,0.001054915024433224,517,32.65263157894737,0.23022625638990477,0.14624562770853736
none_moving,0,96,2906,181.625,0.0015976149675579507,0.0009602335776472234,523,32.68749999999999,0.23259830196679412,0.14817390028793445
none_moving,0,97,2920,180.6185567010309,0.0014456495242015533,0.0008688293064088466,540,33.402061855670105,0.16434064126573325,0.10163615999887092
none_moving,0,98,2967,181.6530612244898,0.001316057542148643,0.0007908620809413435,540,33.06122448979592,0.11547222166137949,0.06791979864000504
none_moving,0,99,2981,180.66666666666669,0.0011908739220882524,0.0007155904497970739,540,32.72727272727273,0.08677739977194708,0.05338874854887073
none_moving,0,100,3028,181.68,0.001084120747892617,0.0006513833589471676,540,32.4,0.07858336194625105,0.05045818320469375
none_moving,0,101,3042,180.7128712871287,0.000980999010716297,0.0005893939925436813,540,32.07920792079208,0.08482977755269305,0.051715348066303624
none_moving,0,102,3089,181.70588235294116,0.0008930596085521548,0.0005365161151756533,540,31.764705882352942,0.0967469319880707,0.05695056216667012
none_moving,0,103,3103,180.7572815533981,0.0008081116455941165,0.00048546315871876133,540,31.45631067961165,0.10933188641457946,0.06382353757084125
none_moving,0,104,3150,181.73076923076923,0.0007356703425750517,0.0004419137685335549,540,31.153846153846153,0.12074871392974215,0.07091015962797545
none_moving,0,105,3164,180.79999999999998,0.0006656932746491046,0.0003998663139936782,540,30.857142857142858,0.13051818298758067,0.07734065268246718
none_moving,0,106,3211,181.7547169811321,0.0006060187427029851,0.0003639985263041119,540,30.566037735849058,0.1386539876865773,0.08283902197331398
none_moving,0,107,3225,180.8411214953271,0.0005483741559425347,0.0003293670239098193,540,30.280373831775698,0.14533275793497127,0.08740846510446292
none_moving,0,108,3272,181.77777777777777,0.0004992164275717052,0.0002998250609813718,540,30,0.15076999758766776,0.09115072125000052
none_moving,0,109,3286,180.88073394495413,0.00045173089313538966,0.0002713008386094757,540,29.724770642201836,0.15517366643034725,0.09419069452885975
none_moving,0,110,3333,181.8,0.00041123652739639835,0.0002469684643999749,540,29.454545454545457,0.1587281724581467,0.09664824044808693
none_moving,0,111,3347,180.9189189189189,0.0003721196536887146,0.00022347400280136085,546,29.513513513513512,0.161590630176589,0.09862888251450477
none_moving,0,112,3394,181.82142857142856,0.0003387618533824176,0.00020343212441940704,563,30.160714285714285,0.10105816342217976,0.06058263832633617
none_moving,0,113,3408,180.9557522123894,0.0003065387807185845,0.0001840801633980008,563,29.893805309734514,0.05888765413992878,0.036798281463284975
none_moving,0,114,3455,181.8421052631579,0.00027905982568364983,0.00016757195988499754,563,29.63157894736842,0.04356624548960019,0.027815319227020963
none_moving,0,115,3469,180.99130434782606,0.00025251561799391177,0.000151631858675877,563,29.373913043478257,0.05559370750175162,0.031775876113658674
none_moving,0,116,3516,181.86206896551724,0.0002298794438634446,0.0001380340938593033,563,29.120689655172413,0.07491048020128853,0.04524430133314235
none_moving,0,117,3530,181.02564102564102,0.00020801328067369184,0.0001249041529661995,563,28.871794871794872,0.09290303122862999,0.05795563853233664
none_moving,0,118,3577,181.8813559322034,0.00018936641504036552,0.00011370357090022165,563,28.627118644067796,0.10811169259347173,0.06836088340573374
none_moving,0,119,3591,181.05882352941177,0.00017135385653096793,0.00010288825483825699,563,28.386554621848738,0.1206005818302062,0.07676303619478503
none_moving,0,120,3638,181.9,0.00015599323961193543,0.00009366215397016753,563,28.15,0.13073783056088895,0.08351778629292783
none_moving,0,121,3652,181.0909090909091,0.00014115514196230076,0.00008475334423028817,563,27.917355371900825,0.13892034867618125,0.08893751268253816
none_moving,0,122,3699,181.91803278688525,0.00012850161844805548,0.00007715358819172833,563,27.688524590163933,0.14550491629456339,0.0932816038997633
none_moving,0,123,3713,181.12195121951223,0.00011627852743320102,0.00006981515131710051,563,27.463414634146343,0.1507939543269467,0.09676144612497552
none_moving,0,124,3760,181.93548387096772,0.00010585501004178463,0.0000635550067348489,563,27.241935483870964,0.15503744411959858,0.09954792617566192
none_moving,0,125,3774,181.152,0.00009578606740881735,0.00005751008988398804,563,27.023999999999997,0.15843943973386357,0.10177863694465447
none_moving,0,126,3821,181.95238095238096,0.00008719954881595923,0.00005235339020709623,569,27.095238095238095,0.16116534913862032,0.10356411780185056
none_moving,0,127,3835,181.1811023622047,0.0000789051161196149,0.00004737396115016521,586,27.68503937007874,0.10104853193138191,0.06496915809767967
none_moving,0,128,3882,181.96875,0.00007183185103811557,0.000043126184672916804,586,27.46875,0.05442662008927358,0.03424459321473298
none_moving,0,129,3896,181.2093023255814,0.00006499919578957008,0.00003902441903583743,586,27.255813953488374,0.024436932137765485,0.014606766410559127
none_moving,0,130,3943,181.9846153846154,0.00005917249450190393,0.000035525342384192635,586,27.04615384615385,0.030052492159422715,0.01750956280643812
none_moving,0,131,3957,181.23664122137407,0.0000535439989250943,0.00003214653142214962,586,26.839694656488554,0.05054642383259886,0.029533855473273675
none_moving,0,132,4004,181.99999999999997,0.000048744172041848954,0.000029264179942814548,586,26.636363636363633,0.06911563798352806,0.04166408875228733
none_moving,0,133,4018,181.26315789473685,0.000044107619881958775,0.00002648089008419886,586,26.43609022556391,0.08444549223671549,0.0516512372463649
none_moving,0,134,4065,182.01492537313433,0.000040153695186629366,0.000024106555900068456,586,26.238805970149254,0.09686719516811262,0.0597138996435848
none_moving,0,135,4079,181.2888888888889,0.000036334270328592364,0.000021813818884803563,586,26.044444444444444,0.10686988187081027,0.0661906912863024
none_moving,0,136,4126,182.02941176470588,0.00003307716942019865,0.000019857958006212838,586,25.85294117647059,0.11490278192359696,0.07138382542343047
none_moving,0,137,4140,181.3138686131387,0.000029930864636176197,0.000017969309590519413,586,25.66423357664234,0.12134482770135115,0.07554406249050216
none_moving,0,138,4187,182.04347826086956,0.000027247782095139423,0.000016358162849930242,586,25.47826086956522,0.12650697453477575,0.07887526570967135
none_moving,0,139,4201,181.33812949640287,0.000024655969410381047,0.000014802380279485783,586,25.294964028776977,0.13064148645433296,0.08154189315084359
none_moving,0,140,4248,182.05714285714285,0.000022445742546957962,0.000013475190275828377,586,25.114285714285714,0.13395187770918748,0.08367614774984186
none_moving,0,141,4262,181.36170212765956,0.00002031070050591123,0.000012193605165502682,592,25.19148936170213,0.13660184049041163,0.08538411076447813
none_moving,0,142,4309,182.07042253521126,0.000018489995136601424,0.000011100324062691655,609,25.732394366197184,0.08179728452961325,0.050820395123077
none_moving,0,143,4323,181.3846153846154,0.00001673122431863705,0.00001004460915027837,609,25.552447552447553,0.03864745863640077,0.0233764914581396
none_moving,0,144,4370,182.08333333333334,0.000015231392743302797,0.00000914401068318572,609,25.375,0.011734514278830523,0.007701624344439729
none_moving,0,145,4384,181.40689655172415,0.000013782580619676371,0.000008274356859154849,609,25.2,0.029083193172647587,0.018142622933214395
none_moving,0,146,4431,182.09589041095893,0.000012547073330339046,0.000007532481249628757,609,25.027397260273975,0.05059282291612146,0.031913940224842605
none_moving,0,147,4445,181.42857142857142,0.000011353594030467436,0.000006816096002805998,609,24.857142857142854,0.06829984842429072,0.043230343405389594
none_moving,0,148,4492,182.1081081081081,0.000010335827576728709,0.000006204969061361202,609,24.689189189189186,0.0825766544180574,0.05230721148931535
none_moving,0,149,4506,181.4496644295302,0.000009352682269298232,0.000005614839659958373,609,24.523489932885905,0.0940362345211459,0.05957685063990492
none_moving,0,150,4553,182.12,0.000008514282883677744,0.000005111417712111353,609,24.36,0.10321999516813596,0.06539599048966974
none_moving,0,151,4567,181.47019867549668,0.000007704403150669916,0.000004625292431747685,609,24.198675496688743,0.1105746730461159,0.07005292545812977
none_moving,0,152,4614,182.1315789473684,0.000007013759901754546,0.000004210593245948231,609,24.039473684210527,0.11646236709866804,0.07377930273364772
none_moving,0,153,4628,181.49019607843138,0.000006346610116492662,0.000003810142185984215,609,23.88235294117647,0.12117467109947094,0.07676085141162084
none_moving,0,154,4675,182.14285714285714,0.000005777683058068812,0.000003468529106049307,609,23.727272727272723,0.12494572854832783,0.07914634063972682
none_moving,0,155,4689,181.50967741935483,0.000005228109067982021,0.0000031386529484273147,609,23.574193548387093,0.12796328039100152,0.08105487633424895
none_moving,0,156,4736,182.15384615384616,0.000004759447425636487,0.000002857245213114749,615,23.653846153846153,0.1303777410430401,0.08258178996429602
none_moving,0,157,4750,181.52866242038218,0.000004306728146994431,0.0000025855058139422554,632,24.15286624203822,0.07922535963294049,0.05034860894199424
none_moving,0,158,4797,182.1645569620253,0.000003920661547959835,0.000002353692824966109,632,24,0.038470483989383616,0.024541654161368227
none_moving,0,159,4811,181.54716981132077,0.000003547727694057478,0.000002129844179829898,632,23.849056603773587,0.007927699286563604,0.0045878734722887195
none_moving,0,160,4858,182.175,0.0000032296999206054336,0.000001938885384679703,632,23.700000000000003,0.021870907691842516,0.01319700944066216
none_moving,0,161,4872,181.56521739130434,0.0000029224904293848946,0.0000017544872709681003,632,23.552795031055904,0.0424539761320416,0.026175123068712485
none_moving,0,162,4919,182.18518518518516,0.0000026605105921331956,0.0000015971825693651266,632,23.40740740740741,0.05912902452064998,0.036736607648347346
none_moving,0,163,4933,181.58282208588957,0.000002407442467377065,0.000001445282279326411,632,23.263803680981596,0.07250933557356186,0.045198703485215395
none_moving,0,164,4980,182.1951219512195,0.0000021916329022045424,0.000001315700520889573,632,23.121951219512194,0.0832268291906257,0.05197249591301454
none_moving,0,165,4994,181.6,0.000001983164486078263,0.0000011905706956849983,632,22.981818181818184,0.09180633119885655,0.05739324347966329
none_moving,0,166,5041,182.20481927710844,0.0000018053883317983927,0.0000010838260445153708,632,22.843373493975903,0.09867254566691423,0.06173066471140124
none_moving,0,167,5055,181.61676646706587,0.0000016336595498830924,9.80748713525458e-7,632,22.70658682634731,0.1041668644097381,0.0652010328661918
none_moving,0,168,5102,182.21428571428572,0.0000014872139504010105,8.928164051410728e-7,632,22.571428571428573,0.10856305396358328,0.06797756624642826
none_moving,0,169,5116,181.63313609467454,0.0000013457499588646492,8.079050911655332e-7,632,22.437869822485208,0.11208042218806002,0.07019893039316016
none_moving,0,170,5163,182.22352941176467,0.0000012251133428710682,7.354696872479811e-7,632,22.305882352941175,0.11489455983532751,0.0719761029315178
none_moving,0,171,5177,181.64912280701756,0.000001108580396768779,6.655228587107674e-7,638,22.3859649122807,0.11714601479602015,0.07339788988748486
none_moving,0,172,5224,182.2325581395349,0.0000010092042927234645,6.058532250484208e-7,655,22.848837209302324,0.07027158803322796,0.04398523670467523
none_moving,0,173,5238,181.66473988439304,9.132086447534746e-7,5.482335855489318e-7,655,22.716763005780347,0.03283166487534927,0.020446387439137313
none_moving,0,174,5285,182.24137931034483,8.313461862263411e-7,4.990799212599983e-7,655,22.586206896551726,0.004110535797019674,0.002495390813100239
none_moving,0,175,5299,181.68,7.522684250576101e-7,4.5161496181307074e-7,655,22.45714285714286,0.02156974177343094,0.013639322786996205
none_moving,0,176,5346,182.25000000000003,6.848330768923543e-7,4.1112396624110664e-7,655,22.329545454545457,0.040669860486311146,0.02560854201151444
none_moving,0,177,5360,181.6949152542373,6.196916629112104e-7,3.720240588229559e-7,655,22.203389830508474,0.056002492419240296,0.03524814852583777
none_moving,0,178,5407,182.25842696629215,5.641408490004671e-7,3.3866904825568673e-7,655,22.078651685393258,0.06827902362359195,0.042961992945366026
none_moving,0,179,5421,181.7094972067039,5.104796957625311e-7,3.0645996751159365e-7,655,21.955307262569832,0.07810364144653634,0.049133689436666454
none_moving,0,180,5468,182.26666666666665,4.647189344923482e-7,2.7898332069998644e-7,655,21.833333333333332,0.08596471248369664,0.05407125647089195
none_moving,0,181,5482,181.72375690607737,4.205148068656667e-7,2.524506470792243e-7,655,21.712707182320443,0.092254203411488,0.05802138546313693
none_moving,0,182,5529,182.27472527472528,3.8281873761206723e-7,2.2981638196916994e-7,655,21.593406593406595,0.09728611318927086,0.06118151555783502
none_moving,0,183,5543,181.7377049180328,3.4640496794862433e-7,2.0795972693800114e-7,655,21.475409836065577,0.10131180886385797,0.06370962838559538
none_moving,0,184,5590,182.28260869565216,3.153523027753443e-7,1.8931443874467044e-7,655,21.35869565217391,0.10453245806916538,0.06573212067104117
none_moving,0,185,5604,181.75135135135133,2.8535594874402625e-7,1.713097180405789e-7,655,21.243243243243242,0.10710903022980553,0.06735011421164763
none_moving,0,186,5651,182.29032258064515,2.5977588122203344e-7,1.5595040413342804e-7,661,21.32258064516129,0.10917031877766548,0.06864450813619896
none_moving,0,187,5665,181.76470588235293,2.3506596357453225e-7,1.4111876596529918e-7,678,21.754010695187166,0.06588156708464457,0.04148624079078496
none_moving,0,188,5712,182.29787234042556,2.1399402406911504e-7,1.2846631919654073e-7,678,21.638297872340424,0.03126409626833741,0.019745331616943532
none_moving,0,189,5726,181.7777777777778,1.936388831008413e-7,1.1624854953235648e-7,678,21.523809523809522,0.0038646962849504993,0.00241766581718104
none_moving,0,190,5773,182.30526315789473,1.762805774315018e-7,1.0582592087147077e-7,678,21.410526315789475,0.018732272121212708,0.011637736780718461
none_moving,0,191,5787,181.79057591623038,1.5951274514446225e-7,9.576136535147377e-8,678,21.298429319371728,0.036435749749865465,0.022730398915054194
none_moving,0,192,5834,182.31249999999997,1.4521359722287942e-7,8.717557995352097e-8,678,21.187499999999996,0.050616094676948886,0.03163774714258059
none_moving,0,193,5848,181.80310880829015,1.3140085985420381e-7,7.888476265991807e-8,678,21.077720207253883,0.0619639274789677,0.03876482775543845
none_moving,0,194,5895,182.31958762886597,1.1962173666940416e-7,7.18121019630027e-8,678,20.969072164948454,0.07104343279924565,0.044466976762779366
none_moving,0,195,5909,181.8153846153846,1.0824330020680347e-7,6.498242411624864e-8,678,20.861538461538462,0.0783075828718264,0.04902893924523206
none_moving,0,196,5956,182.3265306122449,9.854008271476184e-8,5.915622245305166e-8,678,20.755102040816325,0.08411917607312354,0.052678644483079504
none_moving,0,197,5970,181.8274111675127,8.916693654519289e-8,5.3530180910639697e-8,678,20.6497461928934,0.08876859821144387,0.055598487951869724
none_moving,0,198,6017,182.33333333333334,8.117377474893445e-8,4.8730765560312e-8,678,20.545454545454547,0.09248821965762384,0.05793441060556598
none_moving,0,199,6031,181.8391959798995,7.345251420399912e-8,4.409623602545472e-8,678,20.44221105527638,0.09546396590443175,0.05980317817070141
none_moving,0,200,6078,182.33999999999997,6.686803524539676e-8,4.014264995909341e-8,678,20.34,0.09784459233774662,0.06129821053761149
none_moving,0,201,6092,181.85074626865674,6.050753856496852e-8,3.632489069099982e-8,684,20.417910447761194,0.09974911142025925,0.06249424791192944
none_moving,0,202,6139,182.34653465346534,5.508348209131323e-8,3.306807006803033e-8,701,20.82178217821782,0.05996385794560003,0.037559862426442436
none_moving,0,203,6153,181.86206896551724,4.984393385945039e-8,2.992313675178303e-8,701,20.719211822660096,0.02814222629493571,0.01760797674183734
none_moving,0,204,6200,182.35294117647058,4.53757904389314e-8,2.72402849993913e-8,701,20.61764705882353,0.0027980893344199003,0.001686823890524285
none_moving,0,205,6214,181.87317073170732,4.105963965557232e-8,2.464960364280498e-8,701,20.517073170731706,0.01772049478749898,0.01114827604980726
none_moving,0,206,6261,182.35922330097088,3.73789431942253e-8,2.2439565938827322e-8,701,20.41747572815534,0.03400520922383765,0.02134132764442271
none_moving,0,207,6275,181.88405797101447,3.3823453568454386e-8,2.03054558500556e-8,701,20.31884057971014,0.04703747509949065,0.029511282745834755
none_moving,0,208,6322,182.3653846153846,3.079142922241957e-8,1.8484907473766283e-8,701,20.221153846153843,0.05746404159709881,0.03604722086279877
none_moving,0,209,6336,181.89473684210526,2.7862544578973856e-8,1.67269033446103e-8,701,20.124401913875595,0.0658054845061572,0.04127588224756873
none_moving,0,210,6383,182.37142857142857,2.536487133544157e-8,1.5227200851236327e-8,701,20.02857142857143,0.07247868989881143,0.04545873674303349
none_moving,0,211,6397,181.90521327014218,2.295216152804632e-8,1.3779021281432772e-8,701,19.933649289099524,0.07781726511012596,0.0488049671001372
none_moving,0,212,6444,182.37735849056602,2.0894668719024742e-8,1.2543620174704307e-8,701,19.839622641509433,0.08208812444055107,0.05148191533138362
none_moving,0,213,6458,181.91549295774647,1.8907165120556202e-8,1.1350661919831665e-8,701,19.746478873239436,0.08550480828767318,0.053623450055678014
none_moving,0,214,6505,182.38317757009344,1.7212276403182535e-8,1.033298321471793e-8,701,19.654205607476634,0.0882381517540671,0.05533666223184804
none_moving,0,215,6519,181.92558139534881,1.557504206400384e-8,9.350266940838145e-9,701,19.562790697674416,0.09042482364447978,0.056707221839483145
none_moving,0,216,6566,182.38888888888889,1.4178853876989338e-8,8.51193988138771e-9,707,19.63888888888889,0.09217415905118308,0.057803662972866376
none_moving,0,217,6580,181.93548387096774,1.2830159453377223e-8,7.702413484348205e-9,724,20.018433179723505,0.05552483369089658,0.03483902881879841
none_moving,0,218,6627,182.39449541284404,1.1680029546661914e-8,7.0118294539723864e-9,724,19.926605504587158,0.026205211591493922,0.016461350549705444
none_moving,0,219,6641,181.94520547945206,1.0569023680197598e-8,6.344971071750805e-9,724,19.835616438356166,0.002778013472618473,0.001764795839209227
none_moving,0,220,6688,182.4,9.621588401504466e-9,5.776093080125951e-9,724,19.745454545454546,0.016029843965118643,0.010018625208309914
none_moving,0,221,6702,181.95475113122174,8.706380978079132e-9,5.226758701211846e-9,724,19.65610859728507,0.031041119697271996,0.019419783561475706
none_moving,0,222,6749,182.4054054054054,7.92591825054336e-9,4.758137673779863e-9,724,19.56756756756757,0.043051847051581986,0.026949234186816495
none_moving,0,223,6763,181.9641255605381,7.1720035773154675e-9,4.305616003898968e-9,724,19.47982062780269,0.05266087519409138,0.032973086350053395
none_moving,0,224,6810,182.41071428571428,6.529085989759501e-9,3.919583967138324e-9,724,19.392857142857142,0.060348295374868674,0.03779233157946603
none_moving,0,225,6824,181.97333333333333,5.9080388791905725e-9,3.546813154074416e-9,724,19.30666666666667,0.06649833698139099,0.04164782684995708
none_moving,0,226,6871,182.41592920353983,5.37842635159648e-9,3.2288127555940283e-9,724,19.221238938053098,0.07141843125660888,0.044732284753021705
none_moving,0,227,6885,181.98237885462555,4.866829169029693e-9,2.921737025203011e-9,724,19.136563876651984,0.07535454337863588,0.047199889929558744
none_moving,0,228,6932,182.42105263157896,4.43055351339988e-9,2.6597797651764597e-9,724,19.05263157894737,0.0785034556461214,0.049173998688484225
none_moving,0,229,6946,181.99126637554585,4.009118297502716e-9,2.4068219485650443e-9,724,18.96943231441048,0.08102259951788796,0.050753301345219645
none_moving,0,230,6993,182.42608695652171,3.6497305835610833e-9,2.191031178314984e-9,724,18.88695652173913,0.08303792344164264,0.05201675343933633
none_moving,0,231,7007,182,3.3025673851375754e-9,1.982653596557451e-9,730,18.96103896103896,0.08465018815163244,0.053027521473001035
none_moving,0,232,7054,182.4310344827586,3.0065164342723698e-9,1.8048928239827174e-9,747,19.31896551724138,0.050929597026046415,0.03190150204443398
none_moving,0,233,7068,182.0085836909871,2.7205363679104454e-9,1.6332387564229897e-9,747,19.236051502145923,0.023954813228639037,0.01500026111285962
none_moving,0,234,7115,182.43589743589743,2.4766605225192897e-9,1.4868059951771678e-9,747,19.153846153846153,0.002385146299929072,0.0014829427836057737
none_moving,0,235,7129,182.01702127659576,2.2410800309271593e-9,1.3454038403523658e-9,747,19.072340425531916,0.014890513538798016,0.009340916531647356
none_moving,0,236,7176,182.4406779661017,2.0401834444560157e-9,1.224777187287393e-9,747,18.991525423728817,0.028699774677835736,0.01798732951131931
none_moving,0,237,7190,182.02531645569618,1.8461207679403403e-9,1.1082950540902312e-9,747,18.911392405063292,0.03974738570937889,0.02490839926279864
none_moving,0,238,7237,182.4453781512605,1.680629442700927e-9,1.008927415185467e-9,747,18.831932773109244,0.048585417981749174,0.030445088861206015
none_moving,0,239,7251,182.03347280334728,1.5207677592690636e-9,9.129737474733858e-10,747,18.753138075313807,0.055655782084754774,0.03487432756602428
none_moving,0,240,7298,182.45,1.38444265793247e-9,8.311186805762788e-10,747,18.675,0.06131202773270655,0.038417644605245715
none_moving,0,241,7312,182.04149377593362,1.2527537963628926e-9,7.520751898009661e-10,747,18.597510373443985,0.0658369931402307,0.041252250407676945
none_moving,0,242,7359,182.45454545454547,1.140453614840239e-9,6.84645665135246e-10,747,18.520661157024794,0.06945694487007868,0.04351990424768963
none_moving,0,243,7373,182.0493827160494,1.0319732641534208e-9,6.195325768281526e-10,747,18.444444444444446,0.0723528928013341,0.04533400752865833
none_moving,0,244,7420,182.45901639344262,9.39464753182457e-10,5.639868713855533e-10,747,18.368852459016395,0.07466964242222224,0.046785277453499405
none_moving,0,245,7434,182.05714285714288,8.501028218614615e-10,5.103491048819135e-10,747,18.29387755102041,0.07652303648489821,0.0479462852501993
none_moving,0,246,7481,182.46341463414637,7.738973808347491e-10,4.6459234096584744e-10,753,18.365853658536587,0.0780057481061125,0.04887508626884006
none_moving,0,247,7495,182.06477732793525,7.002841372133215e-10,4.20407471627811e-10,770,18.70445344129555,0.0469649310298924,0.029431961677801655
none_moving,0,248,7542,182.46774193548387,6.375089530579174e-10,3.8271474925585005e-10,770,18.629032258064516,0.022131296991764495,0.013874824685600976
none_moving,0,249,7556,182.07228915662648,5.768685536365248e-10,3.4631656515000455e-10,770,18.55421686746988,0.0022663223366407082,0.0014288233571086212
none_moving,0,250,7603,182.47199999999998,5.251571107258974e-10,3.1526662644213304e-10,770,18.48,0.013631916207422972,0.008532749899074824
none_moving,0,251,7617,182.0796812749004,4.752032251671324e-10,2.8528289794661943e-10,770,18.40637450199203,0.02634766957619915,0.01649670213351707
none_moving,0,252,7664,182.47619047619045,4.3260519225080094e-10,2.5970528686187066e-10,770,18.333333333333332,0.036520579405429854,0.022870323275651243
none_moving,0,253,7678,182.08695652173913,3.9145526193947295e-10,2.350058745989814e-10,770,18.26086956521739,0.04465904859728749,0.027969383170476925
none_moving,0,254,7725,182.48031496062993,3.56364246349473e-10,2.1393581486752207e-10,770,18.188976377952756,0.05116990682314154,0.03204873332769058
none_moving,0,255,7739,182.09411764705882,3.224665948900408e-10,1.9358927687515895e-10,770,18.11764705882353,0.0563786446128227,0.03531227836575161
none_moving,0,256,7786,182.484375,2.9355998703873184e-10,1.7623228625258553e-10,770,18.046875,0.0605456670472348,0.037923155767002524
none_moving,0,257,7800,182.1011673151751,2.656367447324762e-10,1.5947190164150144e-10,770,17.976653696498055,0.06387930539766905,0.04001188409874158
none_moving,0,258,7847,182.4883720930233,2.4182473153510187e-10,1.4517424743554529e-10,770,17.906976744186046,0.06654622905352425,0.0416828836389748
none_moving,0,259,7861,182.10810810810813,2.1882153414629934e-10,1.3136707823038287e-10,770,17.83783783783784,0.06867977624754895,0.04301969405855181
none_moving,0,260,7908,182.4923076923077,1.9920576660688941e-10,1.1958894230982967e-10,770,17.76923076923077,0.07038661927959124,0.04408914929234532
none_moving,0,261,7922,182.11494252873567,1.8025772940332862e-10,1.082153844981699e-10,776,17.839080459770116,0.07175209707524224,0.044944717891428655
none_moving,0,262,7969,182.49618320610688,1.6409840747047022e-10,9.851313242643377e-11,793,18.160305343511453,0.04318169679120665,0.027047528140589007
none_moving,0,263,7983,182.12167300380224,1.484897500543853e-10,8.914430532444823e-11,793,18.091254752851707,0.020326332600381414,0.01273039092195515
none_moving,0,264,8030,182.49999999999997,1.35178488106153e-10,8.115162125926523e-11,793,18.02272727272727,0.0020434233164566156,0.001277680676532413
none_moving,0,265,8044,182.12830188679243,1.2232015384879032e-10,7.343375737376769e-11,793,17.954716981132073,0.01258426333370188,0.007885872972778133
none_moving,0,266,8091,182.50375939849624,1.113552281446631e-10,6.685000282194727e-11,793,17.887218045112782,0.02428523897216158,0.01521355149385092
none_moving,0,267,8105,182.13483146067415,1.0076360142700481e-10,6.04925554591365e-11,793,17.820224719101123,0.03364590014023567,0.021076648419813958
none_moving,0,268,8152,182.50746268656718,9.173074450287816e-11,5.5068809996534154e-11,793,17.75373134328358,0.041134336536450725,0.025766993696831598
none_moving,0,269,8166,182.14126394052045,8.300530689791662e-11,4.9831527381526595e-11,793,17.687732342007433,0.047125024185906916,0.02951918461007058
none_moving,0,270,8213,182.5111111111111,7.556437760943144e-11,4.536372443113502e-11,793,17.62222222222222,0.051917534416502924,0.032520882562043385
none_moving,0,271,8227,182.14760147601478,6.837671966727043e-11,4.104955038640781e-11,793,17.55719557195572,0.05575151689737386,0.03492220579983777
none_moving,0,272,8274,182.51470588235293,6.224775516396224e-11,3.736910143996359e-11,793,17.49264705882353,0.05881868636735846,0.03684324188371489
none_moving,0,273,8288,182.15384615384616,5.63261454573932e-11,3.381476324913345e-11,793,17.428571428571427,0.06127241134783642,0.03838005633461007
none_moving,0,274,8335,182.5182481751825,5.127718036051766e-11,3.0783167301663175e-11,793,17.364963503649637,0.06323538453983119,0.03960949866327096
none_moving,0,275,8349,182.16,4.639975826648432e-11,2.7855583398765127e-11,793,17.30181818181818,0.06480575874122436,0.040593046614954206
none_moving,0,276,8396,182.5217391304348,4.224018388526394e-11,2.535803061252439e-11,799,17.369565217391308,0.06606205531456726,0.041379881191763404
none_moving,0,277,8410,182.16606498194946,3.822258299611639e-11,2.2946464667355905e-11,816,17.67509025270758,0.03976733763256039,0.0249113714355066
none_moving,0,278,8457,182.5251798561151,3.47960701207711e-11,2.088906725358704e-11,816,17.611510791366904,0.018730786075704546,0.0117351742019101
none_moving,0,279,8471,182.17204301075267,3.148645624739238e-11,1.8902546959454244e-11,816,17.548387096774192,0.0019012709217318168,0.0011935985028184066
none_moving,0,280,8518,182.5285714285714,2.86635539178021e-11,1.7207500883553588e-11,816,17.485714285714284,0.01156316713023938,0.007240984170310517
none_moving,0,281,8532,182.1779359430605,2.593769067076348e-11,1.557146924425139e-11,816,17.423487544483983,0.022334652257388066,0.01398748377778512
none_moving,0,282,8579,182.531914893617,2.361159296329499e-11,1.4174801478282251e-11,816,17.361702127659573,0.030951982363533564,0.019385472735466112
none_moving,0,283,8593,182.18374558303884,2.1365698983327352e-11,1.2826738032478468e-11,816,17.300353356890458,0.03784593253031604,0.023703977018234408
none_moving,0,284,8640,182.53521126760563,1.9451180088092206e-11,1.1677136021326131e-11,816,17.239436619718308,0.043361147074361304,0.027158852598176797
none_moving,0,285,8654,182.18947368421053,1.76003898245956e-11,1.0566242981048032e-11,816,17.178947368421053,0.04777335335944447,0.029922799164594827
none_moving,0,286,8701,182.53846153846155,1.602301825098644e-11,9.619158076960076e-12,816,17.118881118881117,0.05130314050627072,0.03213398589258234
none_moving,0,287,8715,182.1951219512195,1.4498227027423894e-11,8.703963695083134e-12,816,17.05923344947735,0.05412698435783917,0.033902954125045084
none_moving,0,288,8762,182.54166666666669,1.3198649219226685e-11,7.923652415496263e-12,816,17,0.05638606847573403,0.03531814076850546
none_moving,0,289,8776,182.2006920415225,1.1943501120310432e-11,7.170330077037241e-12,816,16.941176470588236,0.05819334154941068,0.036450297796868786
none_moving,0,290,8823,182.5448275862069,1.0872853578104385e-11,6.5274745284392934e-12,816,16.882758620689653,0.0596391637052541,0.03735602835467358
none_moving,0,291,8837,182.20618556701032,9.839399811771232e-12,5.907100802280136e-12,822,16.948453608247423,0.060795823795047554,0.03808061595859939
none_moving,0,292,8884,182.54794520547946,8.957396419158944e-12,5.377509105670995e-12,839,17.239726027397264,0.03659144513705792,0.02291917640338092
none_moving,0,293,8898,182.2116040955631,8.104886576928605e-12,4.865813709684264e-12,839,17.18088737201365,0.017228606971076758,0.01079073666752168
none_moving,0,294,8945,182.55102040816325,7.378391791086396e-12,4.429665498197685e-12,839,17.122448979591837,0.001738828485334276,0.0010885717012284741
none_moving,0,295,8959,182.21694915254236,6.6767117283584825e-12,4.008424280694009e-12,839,17.064406779661017,0.010652871246698928,0.006673236855556768
none_moving,0,296,9006,182.55405405405406,6.078443639786933e-12,3.649190949729716e-12,839,17.006756756756758,0.020565976933658924,0.012881702611893092
none_moving,0,297,9020,182.22222222222223,5.499602503230894e-12,3.3017482107397543e-12,839,16.94949494949495,0.028496352964240777,0.01784864879995244
none_moving,0,298,9067,182.5570469798658,5.00704362879652e-12,3.0060284262144528e-12,839,16.89261744966443,0.03484058289665948,0.02182210975640305
none_moving,0,299,9081,182.22742474916387,4.531245410374453e-12,2.720344350688547e-12,839,16.836120401337794,0.03991592125437355,0.025000816978953837
none_moving,0,300,9128,182.56,4.124823507050483e-12,2.4762836051436426e-12,839,16.78,0.04397616270440136,0.02754374332957952
none_moving,0,301,9142,182.2325581395349,3.732557418653839e-12,2.240801589549984e-12,839,16.724252491694354,0.047224337131932255,0.029578059158365467
none_moving,0,302,9189,182.56291390728478,3.3974616072462117e-12,2.039631539968019e-12,839,16.668874172185433,0.04982286467638131,0.031205495651547798
none_moving,0,303,9203,182.23762376237624,3.0743227483906407e-12,1.8457017231363713e-12,839,16.613861386138616,0.05190167902958775,0.032507434493062294
none_moving,0,304,9250,182.56578947368422,2.7986359377196027e-12,1.6801769212244644e-12,839,16.55921052631579,0.05356472559362947,0.033548978938166586
none_moving,0,305,9264,182.24262295081968,2.532849421820848e-12,1.5207355411250632e-12,839,16.504918032786886,0.05489515969613641,0.03438221025116263
none_moving,0,306,9311,182.56862745098042,2.3058457860156748e-12,1.3843671355228484e-12,845,16.568627450980394,0.05595950496253136,0.035048792585428895
none_moving,0,307,9325,182.24755700325736,2.0858435925858348e-12,1.252314205920026e-12,862,16.846905537459286,0.033684064347298114,0.021097942967604012
none_moving,0,308,9372,182.57142857142856,1.8995669559389613e-12,1.14040304795485e-12,862,16.79220779220779,0.015863147976077737,0.009936410965627621
none_moving,0,309,9386,182.252427184466,1.718618402902799e-12,1.031890977826183e-12,862,16.7378640776699,0.0016060738418805314,0.0010067056271217281
none_moving,0,310,9433,182.5741935483871,1.5645118530207388e-12,9.39318164287762e-13,862,16.683870967741935,0.009799859611019038,0.006137592812934396
none_moving,0,311,9447,182.2572347266881,1.4157560109612346e-12,8.501237571406241e-13,862,16.630225080385852,0.018924730446653357,0.011852839225525364
none_moving,0,312,9494,182.57692307692307,1.288561127393592e-12,7.736509208294858e-13,862,16.576923076923077,0.026224722301729245,0.016425333805639947
none_moving,0,313,9508,182.26198083067092,1.1664315341437243e-12,7.003772668405694e-13,862,16.523961661341854,0.03206477625584472,0.020083410364197567
none_moving,0,314,9555,182.5796178343949,1.0617216621766515e-12,6.374924488640918e-13,862,16.471337579617835,0.036736858042643684,0.02300992332497446
none_moving,0,315,9569,182.26666666666665,9.6008919746562e-13,5.765600463309558e-13,862,16.41904761904762,0.04047454816668668,0.02535116676508593
none_moving,0,316,9616,182.58227848101265,8.75115575906306e-13,5.254449692142547e-13,862,16.367088607594937,0.04346471606065862,0.027224182670636015
none_moving,0,317,9630,182.27129337539432,7.916073716170414e-13,4.753228618206878e-13,862,16.315457413249213,0.04585686048007894,0.02872260892716639
none_moving,0,318,9677,182.58490566037736,7.204984143368534e-13,4.326609432443427e-13,862,16.264150943396228,0.04777058248025814,0.029921358589837282
none_moving,0,319,9691,182.27586206896552,6.52111821874026e-13,3.9162508664174035e-13,862,16.213166144200628,0.04930156421676534,0.030880363859173393
none_moving,0,320,9738,182.5875,5.930577543639605e-13,3.562032687496562e-13,862,16.1625,0.0505263522527445,0.031647571618931496
none_moving,0,321,9752,182.28037383177573,5.367342365278353e-13,3.224054416886695e-13,868,16.22429906542056,0.05150618437521447,0.03226134009467679
none_moving,0,322,9799,182.59006211180125,4.892632222288706e-13,2.938378928019356e-13,885,16.490683229813666,0.031001236669233056,0.01941751750154802
none_moving,0,323,9813,182.2848297213622,4.4278887807612145e-13,2.6599958012661213e-13,885,16.439628482972136,0.014597754029854066,0.009143047498626707
none_moving,0,324,9860,182.59259259259258,4.0330772781301e-13,2.42160254287338e-13,885,16.38888888888889,0.0014752783902848574,0.0009238817936634772
none_moving,0,325,9874,182.28923076923076,3.6406540680807505e-13,2.1870101967935968e-13,885,16.338461538461537,0.009022519693533796,0.005651304819990814
none_moving,0,326,9921,182.59509202453987,3.3221244953854833e-13,1.994943785466339e-13,885,16.288343558282207,0.017420626227254925,0.010911081123605537
none_moving,0,327,9935,182.29357798165137,3.0002109600140033e-13,1.8024865244098572e-13,885,16.238532110091743,0.02413903161252937,0.015118884897637862
none_moving,0,328,9982,182.59756097560975,2.7310728194164263e-13,1.64080401022254e-13,885,16.1890243902439,0.02951370466950673,0.01848505896661738
none_moving,0,329,9996,182.29787234042553,2.4740783419578213e-13,1.4864545607544278e-13,885,16.13981762917933,0.03381341028094975,0.021177954055011394
none_moving,0,330,10043,182.6,2.2488512718960633e-13,1.3514184004442927e-13,885,16.09090909090909,0.03725315374362188,0.023332241840667657
none_moving,0,331,10057,182.3021148036254,2.038113065711096e-13,1.2251116680655303e-13,885,16.042296072507554,0.04000493505113406,0.02505565395758965
none_moving,0,332,10104,182.6024096385542,1.8527218748363827e-13,1.1128798830105601e-13,885,15.993975903614459,0.042206351478338705,0.026434372055056242
none_moving,0,333,10118,182.3063063063063,1.6763247117907032e-13,1.0072331897611206e-13,885,15.945945945945946,0.043967479102726116,0.027537339109178282
none_moving,0,334,10165,182.60479041916167,1.5286296324428346e-13,9.183652724479615e-14,885,15.898203592814372,0.045376377670441725,0.028419708000003235
none_moving,0,335,10179,182.31044776119404,1.3812159669506207e-13,8.303987286217601e-14,885,15.850746268656717,0.04650349426392749,0.029125600070463498
none_moving,0,336,10226,182.60714285714286,1.2555525880421563e-13,7.549200862405703e-14,891,15.910714285714286,0.04740518609170456,0.02969031177950878
none_moving,0,337,10240,182.3145400593472,1.137648734957699e-13,6.839546705854922e-14,908,16.166172106824927,0.028534363051909484,0.017871746173006405
none_moving,0,338,10287,182.60946745562129,1.032092368704486e-13,6.215265019390813e-14,908,16.11834319526627,0.013437299631699283,0.008416323070670004
none_moving,0,339,10301,182.31858407079642,9.359731900359316e-14,5.6389959447222957e-14,908,16.07079646017699,0.0013593917370468883,0.0008516372418938632
none_moving,0,340,10348,182.61176470588234,8.502006445910667e-14,5.12380600653357e-14,908,16.023529411764706,0.008303103808101779,0.005200394291632883
none_moving,0,341,10362,182.32258064516128,7.757464415308967e-14,4.665192220262894e-14,908,15.976539589442813,0.01603320404076147,0.010042053531601798
none_moving,0,342,10409,182.61403508771932,7.082798284980294e-14,4.258440652800053e-14,908,15.929824561403509,0.022217351972241742,0.013915519501486246
none_moving,0,343,10423,182.32653061224488,6.375921033760879e-14,3.8411430482282066e-14,908,15.88338192419825,0.027164713613586196,0.017014350335434886
none_moving,0,344,10470,182.61627906976744,5.787625744421852e-14,3.485524306022724e-14,908,15.837209302325581,0.031122630618188138,0.019493452132027096
none_moving,0,345,10484,182.3304347826087,5.250329082261705e-14,3.1633256184649866e-14,908,15.791304347826086,0.03428898193652925,0.02147675731847322
none_moving,0,346,10531,182.61849710982656,4.7970680072521523e-14,2.889440864466903e-14,908,15.745664739884393,0.03682207432476373,0.023063416660175005
none_moving,0,347,10545,182.3342939481268,4.329448460133977e-14,2.606788892144807e-14,908,15.70028818443804,0.038848555486930315,0.024332753853236418
none_moving,0,348,10592,182.62068965517244,3.934740668184827e-14,2.3720468044757368e-14,908,15.655172413793103,0.04046974505671543,0.025348229826490758
none_moving,0,349,10606,182.33810888252148,3.5371364063045756e-14,2.1283172158778403e-14,908,15.61031518624642,0.04176669968169101,0.02616061458420842
none_moving,0,350,10653,182.62285714285716,3.224711530140856e-14,1.9454263842299634e-14,908,15.565714285714286,0.04280426528167895,0.026810524936543283
none_moving,0,351,10667,182.34188034188037,2.980497048093457e-14,1.7928121849940086e-14,914,15.623931623931625,0.04363431897754722,0.027330454847714087
none_moving,0,352,10714,182.62500000000003,2.70872576675097e-14,1.6380315427615817e-14,931,15.869318181818182,0.02626351935920107,0.016449955322410652
none_moving,0,353,10728,182.3456090651558,2.4474110511606224e-14,1.475093788498523e-14,931,15.824362606232292,0.01236722095279045,0.007745999594857618
none_moving,0,354,10775,182.6271186440678,2.2291332041820993e-14,1.3512067463341982e-14,931,15.77966101694915,0.0012504014317643694,0.0007831286284075301
none_moving,0,355,10789,182.34929577464789,1.9951421322164558e-14,1.2051392048355544e-14,931,15.735211267605631,0.007642915165298726,0.0047870118810567
none_moving,0,356,10836,182.62921348314603,1.8372631312473208e-14,1.1160992084706942e-14,931,15.691011235955054,0.014757478098268186,0.00924294673311318
none_moving,0,357,10850,182.35294117647058,1.7049787200253932e-14,1.0274564016867019e-14,931,15.64705882352941,0.020449070985537533,0.012807642653474682
none_moving,0,358,10897,182.6312849162011,1.518239627020648e-14,9.17564877554642e-15,931,15.60335195530726,0.02500230849102912,0.01565934992225288
none_moving,0,359,10911,182.35654596100278,1.3304900868912743e-14,8.078464374927786e-15,931,15.559888579387186,0.028644874928888907,0.01794068405701281
none_moving,0,360,10958,182.63333333333333,1.2444010434537759e-14,7.478112914505864e-15,931,15.516666666666666,0.031558912990952745,0.01976573107885817
none_moving,0,361,10972,182.36011080332412,1.1769620850172264e-14,7.039982430639658e-15,931,15.473684210526315,0.03389013378131674,0.021225755707915038
none_moving,0,362,11019,182.63535911602213,1.0223701381680905e-14,6.2125430268417055e-15,931,15.430939226519337,0.03575510423023676,0.022393767095807697
none_moving,0,363,11033,182.36363636363637,8.895096896249499e-15,5.4764300665589806e-15,931,15.388429752066115,0.03724707663128644,0.023328170882882894
none_moving,0,364,11080,182.63736263736266,8.509843188877741e-15,5.285666669549402e-15,931,15.346153846153847,0.03844065201857992,0.024075690504945336
none_moving,0,365,11094,182.36712328767126,7.707219094014532e-15,4.7883145032586194e-15,931,15.304109589041095,0.039395510706754844,0.02467370402136283
none_moving,0,366,11141,182.63934426229508,7.221059883085645e-15,4.403152193462036e-15,937,15.360655737704919,0.04015939661933672,0.02515211343831722
none_moving,0,367,11155,182.37057220708448,6.4599335821811296e-15,3.941702291773739e-15,954,15.59673024523161,0.024172760308371774,0.015139817301388645
none_moving,0,368,11202,182.6413043478261,6.255197910455127e-15,3.8453422337080816e-15,954,15.554347826086957,0.011383160697957717,0.007129582523633868
none_moving,0,369,11216,182.37398373983737,5.700970908109047e-15,3.5115346043256675e-15,954,15.512195121951219,0.0011512954223861064,0.0007211452217818425
none_moving,0,370,11263,182.64324324324323,5.539556770455318e-15,3.4212509258874606e-15,954,15.470270270270271,0.007034315873259795,0.004405780866174025
none_moving,0,371,11277,182.37735849056602,4.8322130328186015e-15,3.075532450755382e-15,954,15.428571428571429,0.013582880678050887,0.008507393559097364
none_moving,0,372,11324,182.6451612903226,4.708183454020291e-15,3.014819888111423e-15,954,15.387096774193548,0.018821781100447136,0.011788762256334833
none_moving,0,373,11338,182.38069705093832,4.5113868549152494e-15,2.8593231914871364e-15,954,15.345844504021448,0.023012932509904844,0.014413898897516897
none_moving,0,374,11385,182.64705882352942,4.5113868549152494e-15,2.8593231914871364e-15,954,15.304812834224599,0.02636587351479721,0.016514034871746252
none_moving,0,375,11399,182.38400000000001,4.5113868549152494e-15,2.8593231914871364e-15,954,15.264000000000001,0.029048239035982824,0.018194160706197747
none_moving,0,376,11446,182.64893617021275,4.5113868549152494e-15,2.8593231914871364e-15,954,15.22340425531915,0.03119413958984522,0.019538272284839196
none_moving,0,377,11460,182.3872679045093,4.5113868549152494e-15,2.8593231914871364e-15,954,15.183023872679046,0.032910865239471135,0.020613568528713176
none_moving,0,378,11507,182.65079365079367,4.5113868549152494e-15,2.8593231914871364e-15,954,15.142857142857144,0.034284249090798004,0.021473809990537957
none_moving,0,379,11521,182.3905013192612,4.4052217047995314e-15,2.7540990692278922e-15,954,15.102902374670187,0.03538295830381493,0.022162006018143242
none_moving,0,380,11568,182.65263157894736,4.3692601097152e-15,2.7121649725883786e-15,954,15.063157894736843,0.03626192703853392,0.022712564669155146
none_moving,0,381,11582,182.3937007874016,4.387277753618146e-15,2.748403452379403e-15,960,15.118110236220474,0.036965102899392074,0.023153012760335344
none_moving,0,382,11629,182.65445026178014,4.387277753618146e-15,2.748403452379403e-15,977,15.345549738219896,0.022249426608884893,0.0139356958116991
none_moving,0,383,11643,182.39686684073106,4.387277753618146e-15,2.748403452379403e-15,977,15.305483028720626,0.010477130597983223,0.006562167047121016
none_moving,0,384,11690,182.65625,4.387277753618146e-15,2.748403452379403e-15,977,15.265625,0.0010594508232669615,0.0006635547341478632
none_moving,0,385,11704,182.4,4.387277753618146e-15,2.748403452379403e-15,977,15.225974025974025,0.0064745925256110195,0.004055208955299866
none_moving,0,386,11751,182.65803108808288,4.387277753618146e-15,2.748403452379403e-15,977,15.186528497409327,0.012501762745048564,0.007830117484790377
none_moving,0,387,11765,182.4031007751938,4.387277753618146e-15,2.748403452379403e-15,977,15.147286821705427,0.01732345767691547,0.010849995965793127
none_moving,0,388,11812,182.659793814433,4.387277753618146e-15,2.748403452379403e-15,977,15.108247422680412,0.02118078721327108,0.013265863263454344
none_moving,0,389,11826,182.40616966580976,4.387277753618146e-15,2.748403452379403e-15,977,15.069408740359897,0.024266633934088813,0.015198534377276616
none_moving,0,390,11873,182.66153846153844,4.387277753618146e-15,2.748403452379403e-15,977,15.03076923076923,0.02673530048619711,0.01674465671838937
none_moving,0,391,11887,182.40920716112532,4.387277753618146e-15,2.748403452379403e-15,977,14.992327365728901,0.028710226798513434,0.017981545276046288
none_moving,0,392,11934,182.66326530612247,4.387277753618146e-15,2.748403452379403e-15,977,14.954081632653063,0.03029016341271902,0.018971050158747428
none_moving,0,393,11948,182.41221374045801,4.387277753618146e-15,2.748403452379403e-15,977,14.916030534351146,0.0315541098648364,0.01976265024746202
none_moving,0,394,11995,182.66497461928935,4.387277753618146e-15,2.748403452379403e-15,977,14.878172588832488,0.0325652652091892,0.020395927874826584
none_moving,0,395,12009,182.41518987341775,4.387277753618146e-15,2.748403452379403e-15,977,14.840506329113925,0.033374188321458324,0.02090254841258653
none_moving,0,396,12056,182.66666666666666,4.387277753618146e-15,2.748403452379403e-15,983,14.893939393939394,0.03402132606676067,0.02130784384163493
none_moving,0,397,12070,182.41813602015114,4.387277753618146e-15,2.748403452379403e-15,1000,15.113350125944585,0.020478056740551857,0.012825744591669758
none_moving,0,398,12117,182.6683417085427,4.387277753618146e-15,2.748403452379403e-15,1000,15.07537688442211,0.009643232825809069,0.0060397829947927695
none_moving,0,399,12131,182.42105263157893,4.387277753618146e-15,2.748403452379403e-15,1000,15.037593984962406,0.0009752404354287198,0.000610834695398317
none_moving,0,400,12178,182.67,4.387277753618146e-15,2.748403452379403e-15,1000,15,0.005959238726860277,0.0037324430594528695
none_moving,0,401,12192,182.42394014962593,4.387277753618146e-15,2.748403452379403e-15,1000,14.962593516209475,0.011506876547471236,0.007207130014452718
none_moving,0,402,12239,182.67164179104478,4.387277753618146e-15,2.748403452379403e-15,1000,14.925373134328359,0.01594502166949384,0.009986930106498365
none_moving,0,403,12253,182.42679900744415,4.387277753618146e-15,2.748403452379403e-15,1000,14.88833746898263,0.019495560071230215,0.012210800106709652
none_moving,0,404,12300,182.67326732673268,4.387277753618146e-15,2.748403452379403e-15,1000,14.851485148514852,0.0223360050623257,0.013989915250194213
none_moving,0,405,12314,182.42962962962963,4.387277753618146e-15,2.748403452379403e-15,1000,14.814814814814815,0.02460837018530023,0.015413219611759075
none_moving,0,406,12361,182.67487684729062,4.387277753618146e-15,2.748403452379403e-15,1000,14.77832512315271,0.026426268125658455,0.016551870936421943
none_moving,0,407,12375,182.43243243243245,4.387277753618146e-15,2.748403452379403e-15,1000,14.742014742014742,0.02788059021615341,0.01746279700951723
none_moving,0,408,12422,182.6764705882353,4.387277753618146e-15,2.748403452379403e-15,1000,14.705882352941178,0.029044050280665677,0.018191541075887073
none_moving,0,409,12436,182.43520782396087,4.387277753618146e-15,2.748403452379403e-15,1000,14.66992665036675,0.029974819863058156,0.01877453838169389
none_moving,0,410,12483,182.6780487804878,4.387277753618146e-15,2.748403452379403e-15,1000,14.634146341463415,0.030719436508585423,0.01924093753990277
none_moving,0,411,12497,182.4379562043796,4.387277753618146e-15,2.748403452379403e-15,1006,14.686131386861314,0.03131513045191406,0.019614057707060612
none_moving,0,412,12544,182.67961165048547,4.387277753618146e-15,2.748403452379403e-15,1023,14.898058252427186,0.018848739117905154,0.011805670587266661
none_moving,0,413,12558,182.44067796610167,4.387277753618146e-15,2.748403452379403e-15,1023,14.861985472154963,0.008875801955260817,0.005559195792806146
none_moving,0,414,12605,182.68115942028984,4.387277753618146e-15,2.748403452379403e-15,1023,14.826086956521738,0.0008975649161596328,0.0005621671993817031
none_moving,0,415,12619,182.4433734939759,4.387277753618146e-15,2.748403452379403e-15,1023,14.790361445783132,0.0054849525478025225,0.0034353612450172717
none_moving,0,416,12666,182.6826923076923,4.387277753618146e-15,2.748403452379403e-15,1023,14.754807692307692,0.01059092029381128,0.006633317475688372
none_moving,0,417,12680,182.44604316546761,4.387277753618146e-15,2.748403452379403e-15,1023,14.719424460431654,0.014675664894893203,0.00919164468075467
none_moving,0,418,12727,182.68421052631578,4.387277753618146e-15,2.748403452379403e-15,1023,14.68421052631579,0.017943441626943446,0.011238280985780882
none_moving,0,419,12741,182.4486873508353,4.387277753618146e-15,2.748403452379403e-15,1023,14.649164677804295,0.020557650881503346,0.012875573728439773
none_moving,0,420,12788,182.68571428571428,4.387277753618146e-15,2.748403452379403e-15,1023,14.614285714285714,0.022649010519296985,0.014185397485820369
none_moving,0,421,12802,182.45130641330167,4.387277753618146e-15,2.748403452379403e-15,1023,14.579572446555819,0.024322093258379286,0.015233249810220862
none_moving,0,422,12849,182.68720379146922,4.387277753618146e-15,2.748403452379403e-15,1023,14.545023696682465,0.025660556267593462,0.016071527392562696
none_moving,0,423,12863,182.45390070921985,4.387277753618146e-15,2.748403452379403e-15,1023,14.51063829787234,0.026731324638188007,0.01674214672052085
none_moving,0,424,12910,182.68867924528303,4.387277753618146e-15,2.748403452379403e-15,1023,14.476415094339623,0.027587938030992496,0.017278640430356297
none_moving,0,425,12924,182.4564705882353,4.387277753618146e-15,2.748403452379403e-15,1023,14.442352941176472,0.028273227910816184,0.017707834276466515
none_moving,0,426,12971,182.69014084507043,4.387277753618146e-15,2.748403452379403e-15,1029,14.492957746478874,0.02882145928061211,0.018051188635361124
none_moving,0,427,12985,182.45901639344262,4.387277753618146e-15,2.748403452379403e-15,1046,14.697892271662763,0.017348124493774958,0.010865430907414533
none_moving,0,428,13032,182.69158878504672,4.387277753618146e-15,2.748403452379403e-15,1046,14.663551401869157,0.00816930710919446,0.005116623184650293
none_moving,0,429,13046,182.46153846153845,4.387277753618146e-15,2.748403452379403e-15,1046,14.629370629370628,0.0008261575721443261,0.0005174485535648025
none_moving,0,430,13093,182.69302325581393,4.387277753618146e-15,2.748403452379403e-15,1046,14.5953488372093,0.0050484232199957315,0.003161974583519728
none_moving,0,431,13107,182.46403712296984,4.387277753618146e-15,2.748403452379403e-15,1046,14.561484918793502,0.009748126972688375,0.006105563255545494
none_moving,0,432,13154,182.69444444444446,4.387277753618146e-15,2.748403452379403e-15,1046,14.527777777777777,0.01350791500049838,0.00846046882659094
none_moving,0,433,13168,182.46651270207852,4.387277753618146e-15,2.748403452379403e-15,1046,14.494226327944572,0.016515761433329088,0.010344414768069646
none_moving,0,434,13215,182.69585253456222,4.387277753618146e-15,2.748403452379403e-15,1046,14.460829493087557,0.018922048823385967,0.011851585265543382
none_moving,0,435,13229,182.4689655172414,4.387277753618146e-15,2.748403452379403e-15,1046,14.427586206896551,0.020847085289935115,0.013057330456863326
none_moving,0,436,13276,182.69724770642202,4.387277753618146e-15,2.748403452379403e-15,1046,14.394495412844035,0.022387118657276647,0.014021932236120568
none_moving,0,437,13290,182.47139588100686,4.387277753618146e-15,2.748403452379403e-15,1046,14.361556064073225,0.023619148034974797,0.014793617259505778
none_moving,0,438,13337,182.6986301369863,4.387277753618146e-15,2.748403452379403e-15,1046,14.32876712328767,0.024604773254578653,0.015410967581799107
none_moving,0,439,13351,182.4738041002278,4.387277753618146e-15,2.748403452379403e-15,1046,14.296127562642369,0.025393274529320845,0.015904849313722262
none_moving,0,440,13398,182.7,4.387277753618146e-15,2.748403452379403e-15,1046,14.263636363636364,0.026024076252459026,0.0162999556425706
none_moving,0,441,13412,182.47619047619048,4.387277753618146e-15,2.748403452379403e-15,1052,14.312925170068029,0.026528718081082696,0.0166160413093139
none_moving,0,442,13459,182.70135746606337,4.387277753618146e-15,2.748403452379403e-15,1069,14.511312217194572,0.015967801405948657,0.010001204327328674
none_moving,0,443,13473,182.47855530474038,4.387277753618146e-15,2.748403452379403e-15,1069,14.478555304740405,0.007519194344073806,0.004709503867668368
none_moving,0,444,13520,182.70270270270268,4.387277753618146e-15,2.748403452379403e-15,1069,14.445945945945946,0.0007603895789293386,0.0004762520638804644
none_moving,0,445,13534,182.4808988764045,4.387277753618146e-15,2.748403452379403e-15,1069,14.413483146067415,0.004646602434301074,0.0029102805231757175
none_moving,0,446,13581,182.70403587443946,4.387277753618146e-15,2.748403452379403e-15,1069,14.38116591928251,0.008972162875455027,0.0056194608035360916
none_moving,0,447,13595,182.48322147651007,4.387277753618146e-15,2.748403452379403e-15,1069,14.348993288590604,0.012432589991326747,0.007786777054849077
none_moving,0,448,13642,182.70535714285714,4.387277753618146e-15,2.748403452379403e-15,1069,14.316964285714286,0.015200918087761589,0.009520611790236295
none_moving,0,449,13656,182.48552338530067,4.387277753618146e-15,2.748403452379403e-15,1069,14.285077951002227,0.01741557186097338,0.010907667883921082
none_moving,0,450,13703,182.70666666666665,4.387277753618146e-15,2.748403452379403e-15,1069,14.253333333333334,0.019187289307831625,0.012017305271951748
none_moving,0,451,13717,182.4878048780488,4.387277753618146e-15,2.748403452379403e-15,1069,14.221729490022174,0.020604659698812453,0.012905010389545038
none_moving,0,452,13764,182.70796460176993,4.387277753618146e-15,2.748403452379403e-15,1069,14.190265486725664,0.0217385537287215,0.01361517141558935
none_moving,0,453,13778,182.49006622516555,4.387277753618146e-15,2.748403452379403e-15,1069,14.158940397350994,0.02264566749144746,0.014183298272567748
none_moving,0,454,13825,182.7092511013216,4.387277753618146e-15,2.748403452379403e-15,1069,14.12775330396476,0.023371357566378453,0.014637798501122543
none_moving,0,455,13839,182.49230769230772,4.387277753618146e-15,2.748403452379403e-15,1069,14.096703296703298,0.02395190902772014,0.015001397879383035
none_moving,0,456,13886,182.71052631578948,4.387277753618146e-15,2.748403452379403e-15,1075,14.144736842105264,0.024416349813667276,0.01529227686701726
none_moving,0,457,13900,182.4945295404814,4.387277753618146e-15,2.748403452379403e-15,1092,14.336980306345735,0.014696591657423746,0.009204747516981674
none_moving,0,458,13947,182.7117903930131,4.387277753618146e-15,2.748403452379403e-15,1092,14.305676855895197,0.006920677829029474,0.004334579702383249
none_moving,0,459,13961,182.49673202614377,4.387277753618146e-15,2.748403452379403e-15,1092,14.274509803921568,0.0006998781437923333,0.00043835328060257356
none_moving,0,460,14008,182.71304347826086,4.387277753618146e-15,2.748403452379403e-15,1092,14.243478260869566,0.0042768054966948865,0.002678687159364606
none_moving,0,461,14022,182.49891540130153,4.387277753618146e-15,2.748403452379403e-15,1092,14.212581344902386,0.008258180486413124,0.005172356545956597
none_moving,0,462,14069,182.71428571428572,4.387277753618146e-15,2.748403452379403e-15,1092,14.181818181818182,0.011443298440842823,0.00716731645759505
none_moving,0,463,14083,182.5010799136069,4.387277753618146e-15,2.748403452379403e-15,1092,14.151187904967603,0.013991404296949261,0.008763299810217702
none_moving,0,464,14130,182.7155172413793,4.387277753618146e-15,2.748403452379403e-15,1092,14.120689655172415,0.016029896335261817,0.010040096359662836
none_moving,0,465,14144,182.50322580645164,4.387277753618146e-15,2.748403452379403e-15,1092,14.09032258064516,0.017660694671181164,0.01106153991249234
none_moving,0,466,14191,182.7167381974249,4.387277753618146e-15,2.748403452379403e-15,1092,14.060085836909872,0.018965336350813086,0.011878698794315082
none_moving,0,467,14205,182.50535331905783,4.387277753618146e-15,2.748403452379403e-15,1092,14.02997858672377,0.020009051621251057,0.012532428484616536
none_moving,0,468,14252,182.71794871794873,4.387277753618146e-15,2.748403452379403e-15,1092,14,0.020844025070584728,0.013055413890906845
none_moving,0,469,14266,182.50746268656715,4.387277753618146e-15,2.748403452379403e-15,1092,13.970149253731345,0.02151200461909728,0.013473803274407859
none_moving,0,470,14313,182.7191489361702,4.387277753618146e-15,2.748403452379403e-15,1092,13.940425531914894,0.02204638876286426,0.01380851545856326
none_moving,0,471,14327,182.5095541401274,4.387277753618146e-15,2.748403452379403e-15,1098,13.987261146496815,0.022473896401034157,0.014076285639363076
none_moving,0,472,14374,182.72033898305088,4.387277753618146e-15,2.748403452379403e-15,1115,14.173728813559324,0.013527197308790321,0.008472547828052113
none_moving,0,473,14388,182.51162790697674,4.387277753618146e-15,2.748403452379403e-15,1115,14.143763213530654,0.0063699286835057,0.003989679131584616
none_moving,0,474,14435,182.72151898734177,4.387277753618146e-15,2.748403452379403e-15,1115,14.11392405063291,0.0006441718384709442,0.0004034621012440652
none_moving,0,475,14449,182.51368421052632,4.387277753618146e-15,2.748403452379403e-15,1115,14.08421052631579,0.00393639646175798,0.0024654618027331833
none_moving,0,476,14496,182.72268907563023,4.387277753618146e-15,2.748403452379403e-15,1115,14.054621848739496,0.0076008272988289305,0.004760568612178533
none_moving,0,477,14510,182.51572327044025,4.387277753618146e-15,2.748403452379403e-15,1115,14.025157232704402,0.010532356729123931,0.006596633745845573
none_moving,0,478,14557,182.72384937238493,4.387277753618146e-15,2.748403452379403e-15,1115,13.99581589958159,0.012877570517405184,0.008065472747412683
none_moving,0,479,14571,182.51774530271396,4.387277753618146e-15,2.748403452379403e-15,1115,13.96659707724426,0.014753735302804284,0.009240535558432787
none_moving,0,480,14618,182.725,4.387277753618146e-15,2.748403452379403e-15,1115,13.9375,0.0162546631334549,0.01018058043607269
none_moving,0,481,14632,182.51975051975052,4.387277753618146e-15,2.748403452379403e-15,1115,13.908523908523907,0.01745540283909687,0.010932612899895491
none_moving,0,482,14679,182.7261410788382,4.387277753618146e-15,2.748403452379403e-15,1115,13.879668049792532,0.0184159929657376,0.011534236670075136
none_moving,0,483,14693,182.52173913043475,4.387277753618146e-15,2.748403452379403e-15,1115,13.850931677018632,0.019184464018714674,0.012015534277463642
none_moving,0,484,14740,182.72727272727272,4.387277753618146e-15,2.748403452379403e-15,1115,13.822314049586778,0.01979924019011198,0.012400571461672694
none_moving,0,485,14754,182.52371134020618,4.387277753618146e-15,2.748403452379403e-15,1115,13.79381443298969,0.02029106069777413,0.012708600631901637
none_moving,0,486,14801,182.72839506172838,4.387277753618146e-15,2.748403452379403e-15,1121,13.839506172839506,0.020684516829038397,0.012955023598688272
none_moving,0,487,14815,182.52566735112936,4.387277753618146e-15,2.748403452379403e-15,1138,14.02053388090349,0.012450326396131601,0.007797884558620535
none_moving,0,488,14862,182.72950819672133,4.387277753618146e-15,2.748403452379403e-15,1138,13.991803278688526,0.005862897058198993,0.003672069845284145
none_moving,0,489,14876,182.52760736196316,4.387277753618146e-15,2.748403452379403e-15,1138,13.963190184049079,0.0005929043445758542,0.00037135193707814524
none_moving,0,490,14923,182.73061224489797,4.387277753618146e-15,2.748403452379403e-15,1138,13.934693877551021,0.003623121326004083,0.0022692647881519755
none_moving,0,491,14937,182.5295315682281,4.387277753618146e-15,2.748403452379403e-15,1138,13.90631364562118,0.006995962014035051,0.004381785037655485
none_moving,0,492,14984,182.7317073170732,4.387277753618146e-15,2.748403452379403e-15,1138,13.878048780487806,0.009694247457268084,0.006071818625025297
none_moving,0,493,14998,182.5314401622718,4.387277753618146e-15,2.748403452379403e-15,1138,13.849898580121703,0.011852884061101627,0.007423856566472838
none_moving,0,494,15045,182.73279352226723,4.387277753618146e-15,2.748403452379403e-15,1138,13.821862348178138,0.013579798622585532,0.008505494003252973
none_moving,0,495,15059,182.53333333333333,4.387277753618146e-15,2.748403452379403e-15,1138,13.793939393939393,0.014961333649396984,0.009370808485083338
none_moving,0,496,15106,182.7338709677419,4.387277753618146e-15,2.748403452379403e-15,1138,13.766129032258062,0.01606656383223671,0.010063062970716786
none_moving,0,497,15120,182.53521126760563,4.387277753618146e-15,2.748403452379403e-15,1138,13.738430583501007,0.016950749361651005,0.010616868415043506
none_moving,0,498,15167,182.73493975903614,4.387277753618146e-15,2.748403452379403e-15,1138,13.710843373493974,0.017658098670317573,0.011059913958078421
none_moving,0,499,15181,182.5370741482966,4.387277753618146e-15,2.748403452379403e-15,1138,13.683366733466935,0.0182239786836988,0.01141435115247791
none_moving,0,500,15228,182.736,4.387277753618146e-15,2.748403452379403e-15,1138,13.655999999999999,0.0186766830569109,0.011697901394341176
none_moving,0,501,15242,182.53892215568862,4.387277753618146e-15,2.748403452379403e-15,1144,13.700598802395211,0.019038846787475076,0.011924741899070094
none_moving,0,502,15289,182.73705179282868,4.387277753618146e-15,2.748403452379403e-15,1161,13.876494023904382,0.01145962929714639,0.007177545572462915
none_moving,0,503,15303,182.54075546719682,4.387277753618146e-15,2.748403452379403e-15,1161,13.848906560636182,0.0053963203742589845,0.003379875809511093
none_moving,0,504,15350,182.73809523809524,4.387277753618146e-15,2.748403452379403e-15,1161,13.82142857142857,0.000545714904747283,0.00034179593332997525
none_moving,0,505,15364,182.54257425742577,4.387277753618146e-15,2.748403452379403e-15,1161,13.794059405940594,0.0033347427903407376,0.002088632199184448
none_moving,0,506,15411,182.7391304347826,4.387277753618146e-15,2.748403452379403e-15,1161,13.76679841897233,0.0064390918644704025,0.004032951668740127
none_moving,0,507,15425,182.54437869822488,4.387277753618146e-15,2.748403452379403e-15,1161,13.739644970414203,0.008922560188055331,0.005588392600194938
none_moving,0,508,15472,182.74015748031496,4.387277753618146e-15,2.748403452379403e-15,1161,13.71259842519685,0.010909327846383451,0.0068327359420598975
none_moving,0,509,15486,182.54616895874264,4.387277753618146e-15,2.748403452379403e-15,1161,13.68565815324165,0.012498737491841001,0.007828204595742499
none_moving,0,510,15533,182.74117647058824,4.387277753618146e-15,2.748403452379403e-15,1161,13.658823529411764,0.013770262339795418,0.008624575665140004
none_moving,0,511,15547,182.54794520547944,4.387277753618146e-15,2.748403452379403e-15,1161,13.632093933463794,0.014787480382150772,0.00926167005394204
none_moving,0,512,15594,182.7421875,4.387277753618146e-15,2.748403452379403e-15,1161,13.60546875,0.01560125364087335,0.009771343986057088
none_moving,0,513,15608,182.54970760233917,4.387277753618146e-15,2.748403452379403e-15,1161,13.578947368421051,0.01625227149568927,0.010179082121118852
none_moving,0,514,15655,182.7431906614786,4.387277753618146e-15,2.748403452379403e-15,1161,13.552529182879377,0.016773085298128196,0.01050527198230575
none_moving,0,515,15669,182.5514563106796,4.387277753618146e-15,2.748403452379403e-15,1161,13.526213592233008,0.017189736031958825,0.010766223457233179
none_moving,0,516,15716,182.74418604651163,4.387277753618146e-15,2.748403452379403e-15,1167,13.569767441860465,0.017523056421818096,0.01097498437218383
none_moving,0,517,15730,182.5531914893617,4.387277753618146e-15,2.748403452379403e-15,1184,13.74081237911025,0.010547384466055583,0.006606045560453097
none_moving,0,518,15777,182.74517374517376,4.387277753618146e-15,2.748403452379403e-15,1184,13.714285714285715,0.004966791657057514,0.0031108202854650225
none_moving,0,519,15791,182.55491329479767,4.387277753618146e-15,2.748403452379403e-15,1184,13.6878612716763,0.0005022820725040905,0.0003145926067125096
none_moving,0,520,15838,182.74615384615385,4.387277753618146e-15,2.748403452379403e-15,1184,13.661538461538463,0.0030693482012966533,0.0019224199192655375
none_moving,0,521,15852,182.55662188099808,4.387277753618146e-15,2.748403452379403e-15,1184,13.63531669865643,0.005926666883285963,0.0037120493054711213
none_moving,0,522,15899,182.74712643678163,4.387277753618146e-15,2.748403452379403e-15,1184,13.609195402298852,0.008212531082611503,0.0051437652591286905
none_moving,0,523,15913,182.55831739961758,4.387277753618146e-15,2.748403452379403e-15,1184,13.583173996175908,0.01004122836315457,0.006289145969427446
none_moving,0,524,15960,182.74809160305344,4.387277753618146e-15,2.748403452379403e-15,1184,13.557251908396948,0.011504189976411477,0.0072054556226612805
none_moving,0,525,15974,182.56,4.387277753618146e-15,2.748403452379403e-15,1184,13.531428571428572,0.0126745616915208,0.007938506598970739
none_moving,0,526,16021,182.74904942965776,4.387277753618146e-15,2.748403452379403e-15,1184,13.505703422053232,0.013610860615116311,0.008524949462055639
none_moving,0,527,16035,182.561669829222,4.387277753618146e-15,2.748403452379403e-15,1184,13.480075901328274,0.014359900746867254,0.008994105084848691
none_moving,0,528,16082,182.75,4.387277753618146e-15,2.748403452379403e-15,1184,13.454545454545453,0.014959133487662292,0.00936943043568111
none_moving,0,529,16096,182.5633270321361,4.387277753618146e-15,2.748403452379403e-15,1184,13.429111531190927,0.015438520086926458,0.009669691261963992
none_moving,0,530,16143,182.7509433962264,4.387277753618146e-15,2.748403452379403e-15,1184,13.403773584905661,0.015822029626568153,0.009909900272159787
none_moving,0,531,16157,182.56497175141243,4.387277753618146e-15,2.748403452379403e-15,1190,13.44632768361582,0.016128837424823114,0.010102067703774028
none_moving,0,532,16204,182.75187969924812,4.387277753618146e-15,2.748403452379403e-15,1207,13.612781954887218,0.009708081064773983,0.006080483255628737
none_moving,0,533,16218,182.56660412757975,4.387277753618146e-15,2.748403452379403e-15,1207,13.587242026266418,0.0045715226834085795,0.0028632783751501947
none_moving,0,534,16265,182.75280898876403,4.387277753618146e-15,2.748403452379403e-15,1207,13.561797752808989,0.00046230588542107434,0.0002895546182046915
none_moving,0,535,16279,182.56822429906543,4.387277753618146e-15,2.748403452379403e-15,1207,13.536448598130843,0.0028250484048233104,0.0017693986931270798
none_moving,0,536,16326,182.75373134328356,4.387277753618146e-15,2.748403452379403e-15,1207,13.511194029850746,0.005454919578313458,0.003416544853275866
none_moving,0,537,16340,182.56983240223465,4.387277753618146e-15,2.748403452379403e-15,1207,13.486033519553073,0.007558808669541214,0.004734251254097085
none_moving,0,538,16387,182.7546468401487,4.387277753618146e-15,2.748403452379403e-15,1207,13.46096654275093,0.009241914919061471,0.005788409627517783
none_moving,0,539,16401,182.57142857142858,4.387277753618146e-15,2.748403452379403e-15,1207,13.435992578849723,0.010588396703139274,0.006631732006992419
none_moving,0,540,16448,182.75555555555556,4.387277753618146e-15,2.748403452379403e-15,1207,13.411111111111111,0.011665580072189428,0.007306387145714692
none_moving,0,541,16462,182.57301293900184,4.387277753618146e-15,2.748403452379403e-15,1207,13.386321626617374,0.01252732545003643,0.007846109486912719
none_moving,0,542,16509,182.75645756457567,4.387277753618146e-15,2.748403452379403e-15,1207,13.361623616236162,0.013216720909112608,0.00827788622707466
none_moving,0,543,16523,182.57458563535909,4.387277753618146e-15,2.748403452379403e-15,1207,13.337016574585634,0.013768236736688467,0.008623306894142941
none_moving,0,544,16570,182.75735294117646,4.387277753618146e-15,2.748403452379403e-15,1207,13.3125,0.014209449053332766,0.008899642963721182
none_moving,0,545,16584,182.57614678899083,4.387277753618146e-15,2.748403452379403e-15,1207,13.288073394495413,0.014562418685571728,0.00912071152235716
none_moving,0,546,16631,182.75824175824175,4.387277753618146e-15,2.748403452379403e-15,1213,13.32967032967033,0.01484479424986903,0.00929756617915809
none_moving,0,547,16645,182.57769652650822,4.387277753618146e-15,2.748403452379403e-15,1230,13.491773308957951,0.008935291649652418,0.005596366450253257
none_moving,0,548,16692,182.75912408759126,4.387277753618146e-15,2.748403452379403e-15,1230,13.467153284671534,0.004207649928393889,0.0026353534153814467
none_moving,0,549,16706,182.57923497267757,4.387277753618146e-15,2.748403452379403e-15,1230,13.442622950819672,0.00042551119267664525,0.0002665089314781455
none_moving,0,550,16753,182.76000000000002,4.387277753618146e-15,2.748403452379403e-15,1230,13.41818181818182,0.0026002160195451275,0.0016285884477914426
none_moving,0,551,16767,182.58076225045372,4.387277753618146e-15,2.748403452379403e-15,1230,13.39382940108893,0.005020808169422178,0.003144680272655548
none_moving,0,552,16814,182.7608695652174,4.387277753618146e-15,2.748403452379403e-15,1230,13.369565217391305,0.006957288531035213,0.004357562654839221
none_moving,0,553,16828,182.58227848101265,4.387277753618146e-15,2.748403452379403e-15,1230,13.345388788426764,0.008506477070225438,0.005327874265183505
none_moving,0,554,16875,182.76173285198558,4.387277753618146e-15,2.748403452379403e-15,1230,13.32129963898917,0.009745830621105993,0.00610412720359747
none_moving,0,555,16889,182.5837837837838,4.387277753618146e-15,2.748403452379403e-15,1230,13.297297297297296,0.010737315202101501,0.006725131890006961
none_moving,0,556,16936,182.76258992805754,4.387277753618146e-15,2.748403452379403e-15,1230,13.273381294964027,0.0115305039805767,0.007221937133759513
none_moving,0,557,16950,182.58527827648115,4.387277753618146e-15,2.748403452379403e-15,1230,13.249551166965889,0.012165055716057093,0.007619382285212331
none_moving,0,558,16997,182.76344086021504,4.387277753618146e-15,2.748403452379403e-15,1230,13.225806451612902,0.012672697560541006,0.007937339018447601
none_moving,0,559,17011,182.58676207513417,4.387277753618146e-15,2.748403452379403e-15,1230,13.202146690518784,0.013078811328018563,0.008191704796736195
none_moving,0,560,17058,182.7642857142857,4.387277753618146e-15,2.748403452379403e-15,1230,13.178571428571427,0.013403702528802543,0.00839519767003927
none_moving,0,561,17072,182.58823529411765,4.387277753618146e-15,2.748403452379403e-15,1236,13.219251336898395,0.013663615608978986,0.008557992129105633
none_moving,0,562,17119,182.76512455516016,4.387277753618146e-15,2.748403452379403e-15,1253,13.377224199288255,0.008224249972160685,0.0051511052536218245
none_moving,0,563,17133,182.58969804618118,4.387277753618146e-15,2.748403452379403e-15,1253,13.353463587921848,0.003872790987774772,0.002425640748217537
none_moving,0,564,17180,182.7659574468085,4.387277753618146e-15,2.748403452379403e-15,1253,13.329787234042552,0.0003916452653316204,0.0002452979596650627
none_moving,0,565,17194,182.5911504424779,4.387277753618146e-15,2.748403452379403e-15,1253,13.306194690265487,0.00239325757036318,0.0014989578241994203
none_moving,0,566,17241,182.7667844522968,4.387277753618146e-15,2.748403452379403e-15,1253,13.282685512367491,0.004621171041504696,0.0028943506302233995
none_moving,0,567,17255,182.5925925925926,4.387277753618146e-15,2.748403452379403e-15,1253,13.25925925925926,0.006403496186862234,0.0040106573154307995
none_moving,0,568,17302,182.76760563380282,4.387277753618146e-15,2.748403452379403e-15,1253,13.235915492957746,0.007829352698331833,0.0049036978220534195
none_moving,0,569,17316,182.59402460456943,4.387277753618146e-15,2.748403452379403e-15,1253,13.212653778558876,0.008970035600106722,0.005618127128134829
none_moving,0,570,17363,182.76842105263157,4.387277753618146e-15,2.748403452379403e-15,1253,13.189473684210526,0.009882580444627963,0.0061896685891810015
none_moving,0,571,17377,182.59544658493868,4.387277753618146e-15,2.748403452379403e-15,1253,13.166374781085812,0.01061261537494584,0.006646900488208559
none_moving,0,572,17424,182.76923076923077,4.387277753618146e-15,2.748403452379403e-15,1253,13.143356643356643,0.011196642714166758,0.007012685194668154
none_moving,0,573,17438,182.59685863874344,4.387277753618146e-15,2.748403452379403e-15,1253,13.120418848167539,0.011663864198299836,0.007305312439625997
none_moving,0,574,17485,182.7700348432056,4.387277753618146e-15,2.748403452379403e-15,1253,13.097560975609756,0.012037641137759757,0.0075394139026345106
none_moving,0,575,17499,182.59826086956522,4.387277753618146e-15,2.748403452379403e-15,1253,13.074782608695651,0.0123366625306994,0.007726694859938166
none_moving,0,576,17546,182.77083333333334,4.387277753618146e-15,2.748403452379403e-15,1259,13.114583333333334,0.012575879543526505,0.007876519489388287
none_moving,0,577,17560,182.59965337954938,4.387277753618146e-15,2.748403452379403e-15,1276,13.268630849220102,0.007569594386942843,0.004741006523998469
none_moving,0,578,17607,182.77162629757788,4.387277753618146e-15,2.748403452379403e-15,1276,13.245674740484429,0.003564537816179236,0.002232557943469514
none_moving,0,579,17621,182.60103626943004,4.387277753618146e-15,2.748403452379403e-15,1276,13.222797927461139,0.0003604743614930989,0.0002257746403195716
none_moving,0,580,17668,182.77241379310345,4.387277753618146e-15,2.748403452379403e-15,1276,13.200000000000001,0.002202788045420736,0.0013796676381133074
none_moving,0,581,17682,182.6024096385542,4.387277753618146e-15,2.748403452379403e-15,1276,13.177280550774526,0.00425340542073206,0.002664031458735179
none_moving,0,582,17729,182.7731958762887,4.387277753618146e-15,2.748403452379403e-15,1276,13.154639175257733,0.0058939040878966086,0.003691528916381751
none_moving,0,583,17743,182.60377358490567,4.387277753618146e-15,2.748403452379403e-15,1276,13.132075471698112,0.007206306071971057,0.004513530977134045
none_moving,0,584,17790,182.77397260273975,4.387277753618146e-15,2.748403452379403e-15,1276,13.10958904109589,0.008256229611201888,0.005171135245812997
none_moving,0,585,17804,182.6051282051282,4.387277753618146e-15,2.748403452379403e-15,1276,13.087179487179487,0.009096169691722307,0.005697220337356768
none_moving,0,586,17851,182.77474402730374,4.387277753618146e-15,2.748403452379403e-15,1276,13.06484641638225,0.009768122555519721,0.006118089483487899
none_moving,0,587,17865,182.60647359454856,4.387277753618146e-15,2.748403452379403e-15,1276,13.042589437819421,0.010305685358128782,0.00645478548698047
none_moving,0,588,17912,182.77551020408163,4.387277753618146e-15,2.748403452379403e-15,1276,13.020408163265305,0.01073573592760473,0.006724142729157645
none_moving,0,589,17926,182.60780984719864,4.387277753618146e-15,2.748403452379403e-15,1276,12.99830220713073,0.011079776592705051,0.0069396288040860675
none_moving,0,590,17973,182.77627118644065,4.387277753618146e-15,2.748403452379403e-15,1276,12.976271186440677,0.011355009258873913,0.0071120178439803535
none_moving,0,591,17987,182.60913705583758,4.387277753618146e-15,2.748403452379403e-15,1282,13.015228426395938,0.011575195477623227,0.007249929191060943
none_moving,0,592,18034,182.77702702702703,4.387277753618146e-15,2.748403452379403e-15,1299,13.16554054054054,0.006967216156502558,0.004363780678221201
none_moving,0,593,18048,182.61045531197303,4.387277753618146e-15,2.748403452379403e-15,1299,13.143338954468804,0.003280856762655103,0.0020548941663785097
none_moving,0,594,18095,182.77777777777777,4.387277753618146e-15,2.748403452379403e-15,1299,13.121212121212121,0.000331784653412997,0.00020780563905184153
none_moving,0,595,18109,182.61176470588236,4.387277753618146e-15,2.748403452379403e-15,1299,13.099159663865548,0.002027463171436531,0.0012698519418729729
none_moving,0,596,18156,182.77852348993287,4.387277753618146e-15,2.748403452379403e-15,1299,13.077181208053691,0.003914855117849252,0.002451969526685573
none_moving,0,597,18170,182.61306532663318,4.387277753618146e-15,2.748403452379403e-15,1299,13.055276381909549,0.005424764633623959,0.003397658168238596
none_moving,0,598,18217,182.77926421404683,4.387277753618146e-15,2.748403452379403e-15,1299,13.033444816053512,0.006632689659399228,0.004154205607300766
none_moving,0,599,18231,182.6143572621035,4.387277753618146e-15,2.748403452379403e-15,1299,13.011686143572623,0.00759902802424514,0.004759441334693468
none_moving,0,600,18278,182.78,4.387277753618146e-15,2.748403452379403e-15,1299,12.99,0.008372097656328535,0.005243628493142938
few_moving,0,0,0,,18.187917130173428,17.241615522676813,0,,18.187917130173428,17.241615522676813
few_moving,0,1,0,0,18.187917130173428,17.241615522676813,40,240,9.71925545534382,8.671952980516783
few_moving,0,2,40,120,9.71925545534382,8.671952980516783,100,300,9.338903701631319,8.251908408360645
few_moving,0,3,54,108,9.338903701631319,8.251908408360645,161,322,8.93949353512566,7.829126361438341
few_moving,0,4,100,150,8.942347136253842,7.831742875282264,222,333,8.541787711460262,7.408819401737041
few_moving,0,5,114,136.8,8.544469169479086,7.411296399012016,283,339.6,8.149751638438968,6.999642103039619
few_moving,0,6,161,161,8.154433904343602,7.0025855668949415,344,343.99999999999994,7.766169919410198,6.609136313130262
few_moving,0,7,175,150,7.770897587765048,6.61303031465155,396,339.42857142857144,7.390848559320969,6.242343413596089
few_moving,0,8,222,166.5,7.398842253207116,6.249450838380746,402,301.5,7.022234695940272,5.8938744240388194
few_moving,0,9,236,157.33333333333334,7.0284007310400085,5.900624910567252,402,268.00000000000006,6.6629841304946185,5.5641609800667124
few_moving,0,10,283,169.8,6.6645072689101,5.566811339706457,402,241.20000000000002,6.316726627695384,5.256257047150379
few_moving,0,11,297,162,6.301841628895534,5.2429472946171565,402,219.2727272727273,5.981778901480819,4.967244044046627
few_moving,0,12,344,171.99999999999997,5.946975116328617,4.9329046511194345,402,201,5.656506947521076,4.694929208763343
few_moving,0,13,358,165.2307692307692,5.591100658820705,4.627669419876681,402,185.53846153846155,5.339959611001856,4.437994290661186
few_moving,0,14,405,173.57142857142856,5.239853437645369,4.330668271436994,402,172.2857142857143,5.0317342270097924,4.19367217026098
few_moving,0,15,419,167.6,4.887311168143124,4.034778096264554,402,160.8,4.731898131458634,3.958268086053984
few_moving,0,16,466,174.75,4.538443230773871,3.744603181789393,402,150.75,4.44095412363382,3.72933432486841
few_moving,0,17,480,169.41176470588235,4.18866915073562,3.4535676273682556,402,141.8823529411765,4.159842223892155,3.5055995875427834
few_moving,0,18,527,175.66666666666669,3.8428678017996525,3.166899700977642,402,134.00000000000003,3.9019606794082513,3.295476414214943
few_moving,0,19,541,170.84210526315792,3.4996126599146824,2.8812230027378196,402,126.94736842105264,3.6675051338598164,3.099566292709988
few_moving,0,20,588,176.4,3.1656305244120975,2.604976335362397,402,120.60000000000001,3.4608294684002647,2.918994908001679
few_moving,0,21,602,172.00000000000003,2.8339848253237556,2.3300250895150407,408,116.57142857142857,3.285223707024247,2.754308082038377
few_moving,0,22,649,177.00000000000003,2.5247692509083555,2.0720612605403472,425,115.90909090909092,2.9450120741767694,2.425417496044803
few_moving,0,23,663,172.9565217391304,2.229181682395714,1.8217099430275254,425,110.8695652173913,2.650217640074895,2.133641846050082
few_moving,0,24,710,177.5,1.9734736825023256,1.6023551747660156,425,106.25,2.413926839613011,1.898880883583984
few_moving,0,25,724,173.76000000000002,1.7448769688134604,1.4049283940579098,425,102,2.232158186474386,1.7155986956518106
few_moving,0,26,771,177.9230769230769,1.55728082021223,1.240200371642399,425,98.07692307692308,2.0926345772587402,1.5738237095941456
few_moving,0,27,785,174.44444444444443,1.3869236654326085,1.0915601104694437,425,94.44444444444444,1.9856005353080535,1.4649306340658323
few_moving,0,28,832,178.28571428571428,1.2456128463341456,0.9672341103651675,425,91.07142857142857,1.9034144893255804,1.3812629496974176
few_moving,0,29,846,175.03448275862067,1.1148105808150162,0.854292018335277,425,87.93103448275862,1.8401700128351046,1.3167289470465224
few_moving,0,30,893,178.6,1.005445203208151,0.7596612082248895,425,85,1.7913508696130782,1.2668115398140452
few_moving,0,31,907,175.54838709677418,0.9028951035971554,0.6731248391411877,425,82.25806451612902,1.7535295552053123,1.228150430925928
few_moving,0,32,954,178.875,0.8166551343426403,0.6004946405531845,425,79.6875,1.724115372290192,1.1981944681694396
few_moving,0,33,968,175.99999999999997,0.7350650444231756,0.5336451279536835,425,77.27272727272727,1.7011520402590345,1.1749754628084534
few_moving,0,34,1015,179.11764705882354,0.6661665919919701,0.4774422255429986,425,75,1.6831600929269888,1.156962663786673
few_moving,0,35,1029,176.4,0.6005754982923619,0.42539362450117324,425,72.85714285714285,1.6690169134212787,1.142965280894211
few_moving,0,36,1076,179.33333333333334,0.5450243405847389,0.38156164832302125,431,71.83333333333334,1.6578667952428667,1.132061621500877
few_moving,0,37,1090,176.75675675675674,0.4919085070181911,0.3407390708931134,448,72.64864864864865,1.460515033313816,1.0008536046011114
few_moving,0,38,1137,179.5263157894737,0.44682998972274224,0.3063068795599191,448,70.73684210526315,1.3044197780456863,0.8874944599001516
few_moving,0,39,1151,177.07692307692307,0.4035959186300476,0.27407489678286806,448,68.92307692307692,1.1835818221705539,0.7999693523172338
few_moving,0,40,1198,179.70000000000002,0.3668508010140039,0.24684903679461406,448,67.2,1.0903746214218621,0.7332647559694129
few_moving,0,41,1212,177.3658536585366,0.33153391384661196,0.22124788229442166,448,65.5609756097561,1.0186472662325707,0.6843647841157207
few_moving,0,42,1259,179.8571428571429,0.30148738562862215,0.19959450262046702,448,64,0.9634966294126835,0.6499867256021156
few_moving,0,43,1273,177.62790697674419,0.27256563685876295,0.1791532266048867,448,62.51162790697674,0.9210662443252566,0.6251175411194502
few_moving,0,44,1320,180,0.24794255598960932,0.1618437215268284,448,61.09090909090909,0.8883619580985972,0.6065729935839965
few_moving,0,45,1334,177.86666666666667,0.22421648154319213,0.14544774069644434,448,59.73333333333333,0.8630842797364504,0.5925717843512228
few_moving,0,46,1381,180.1304347826087,0.20400689390380455,0.13154934638379723,448,58.43478260869564,0.8434810484891268,0.5819201398271275
few_moving,0,47,1395,178.08510638297872,0.18451926984544442,0.11834621111011065,448,57.191489361702125,0.8282232694865269,0.5737650180550027
few_moving,0,48,1442,180.24999999999997,0.16791422879540413,0.10714414004238368,448,55.99999999999999,0.8163044733429621,0.5674845941491385
few_moving,0,49,1456,178.28571428571428,0.15189413828313786,0.09647609226057836,448,54.857142857142854,0.8069617010358343,0.5626214447322168
few_moving,0,50,1503,180.36,0.1382404253577126,0.08741775781144333,448,53.75999999999999,0.7996149289055368,0.5588368549069401
few_moving,0,51,1517,178.47058823529412,0.12506291430130467,0.07877308754428099,454,53.411764705882355,0.7938213840168452,0.5558783875352805
few_moving,0,52,1564,180.46153846153845,0.11382999362508374,0.07142782422781772,471,54.34615384615385,0.7115476788481474,0.48999555410915824
few_moving,0,53,1578,178.64150943396228,0.10298606365441812,0.06440546485168486,471,53.320754716981135,0.6513811879264778,0.43340309143070527
few_moving,0,54,1625,180.55555555555554,0.09374126071180579,0.058435163413681566,471,52.333333333333336,0.6086985347701293,0.39025052452992115
few_moving,0,55,1639,178.8,0.08481497903469606,0.05271866566592974,471,51.38181818181818,0.5788380542180637,0.3581737489361889
few_moving,0,56,1686,180.64285714285714,0.07720439684773228,0.047856146038185124,471,50.464285714285715,0.5581477908223539,0.33641569018487977
few_moving,0,57,1700,178.94736842105263,0.06985508208391732,0.043194348439251865,471,49.578947368421055,0.5438841840381908,0.32459835229170475
few_moving,0,58,1747,180.72413793103448,0.06358865878570127,0.03922726404331711,471,48.724137931034484,0.5340595563017455,0.3177092563040066
few_moving,0,59,1761,179.08474576271186,0.05753680292426968,0.03541978888045827,471,47.898305084745765,0.5272738475837213,0.31379938273543206
few_moving,0,60,1808,180.8,0.05237644909762544,0.0321785232413761,471,47.1,0.5225603732260354,0.3117163287205028
few_moving,0,61,1822,179.21311475409837,0.04739246364921761,0.029064785219899664,471,46.32786885245902,0.5192601580767692,0.3107274629263146
few_moving,0,62,1869,180.87096774193546,0.04314254742612944,0.026413260186054145,471,45.58064516129032,0.5169271165759076,0.31037166020498946
few_moving,0,63,1883,179.33333333333334,0.03903769100720422,0.023864058956955585,471,44.857142857142854,0.5152600083127284,0.3103647020840635
few_moving,0,64,1930,180.9375,0.03553734869889817,0.021692689126846167,471,44.15625,0.5140551722199078,0.3105356300459727
few_moving,0,65,1944,179.44615384615386,0.03215636824469718,0.019603722433521105,471,43.47692307692308,0.5131743674003991,0.31078440234468674
few_moving,0,66,1991,180.99999999999997,0.029273256336963545,0.01782396836177825,477,43.36363636363636,0.5125231673001642,0.3110545297960072
few_moving,0,67,2005,179.55223880597015,0.026488391846359843,0.016110787337387408,494,44.23880597014925,0.4257491276912291,0.25912378787239715
few_moving,0,68,2052,181.05882352941177,0.024113590260756414,0.014650911875221925,494,43.588235294117645,0.3623231836555459,0.22244521872917788
few_moving,0,69,2066,179.6521739130435,0.02181967492736363,0.013244969701742122,494,42.95652173913044,0.31805176980453165,0.19828916407283104
few_moving,0,70,2113,181.1142857142857,0.01986351773961333,0.012046708464188437,494,42.34285714285714,0.28875072079179237,0.1820785600367874
few_moving,0,71,2127,179.74647887323943,0.017973964257431727,0.010892245475326185,494,41.74647887323943,0.2705497843361992,0.1721640050300098
few_moving,0,72,2174,181.16666666666669,0.01636262226430363,0.00990817808944444,494,41.166666666666664,0.2600812792229135,0.16853968368369487
few_moving,0,73,2188,179.8356164383562,0.014806129723173066,0.008959752142060786,494,40.6027397260274,0.2546675864283328,0.16676425641439171
few_moving,0,74,2235,181.2162162162162,0.013478805271120243,0.008151215171259923,494,40.05405405405405,0.2523628850705459,0.1659400118026165
few_moving,0,75,2249,179.92000000000002,0.012196654160134613,0.007371733638439133,494,39.519999999999996,0.25185547328765173,0.16568221340658779
few_moving,0,76,2296,181.26315789473685,0.011103276196988605,0.006707155369956118,494,39,0.2523115204023295,0.16576191161891002
few_moving,0,77,2310,179.99999999999997,0.010047104663416493,0.0060662998207183004,494,38.49350649350649,0.25322560889020107,0.16602992818356296
few_moving,0,78,2357,181.3076923076923,0.009146433436626586,0.005519865860402853,494,38,0.254304799991483,0.16638828048327095
few_moving,0,79,2371,180.0759493670886,0.008276408109325697,0.004992826095836347,494,37.51898734177215,0.2553880557288795,0.16677465397860688
few_moving,0,80,2418,181.35000000000002,0.007534475899297145,0.0045434059730600045,494,37.050000000000004,0.25639362707274094,0.16715169039853806
few_moving,0,81,2432,180.14814814814812,0.006817786640758218,0.00410985915851494,500,37.03703703703704,0.2572859802132569,0.16749899249884287
few_moving,0,82,2479,181.390243902439,0.006206614476805808,0.003740140011666267,517,37.829268292682926,0.20437636849575477,0.1379854503581127
few_moving,0,83,2493,180.21686746987953,0.00561623533120492,0.003383424979178055,517,37.373493975903614,0.17446221521375155,0.11670446688395726
few_moving,0,84,2540,181.42857142857144,0.00511277656422225,0.0030792103457124497,517,36.92857142857143,0.16331284954280165,0.10272122070405784
few_moving,0,85,2554,180.28235294117647,0.0046264456097442255,0.0027856580112375234,517,36.49411764705882,0.16446962775654092,0.09552978461731365
few_moving,0,86,2601,181.46511627906978,0.004211716074687876,0.0025352988302111703,517,36.06976744186046,0.17182659910810183,0.09625424455193136
few_moving,0,87,2615,180.3448275862069,0.00381109537908658,0.002293687982639258,517,35.6551724137931,0.18136412523213094,0.10389510915667988
few_moving,0,88,2662,181.5,0.0034694570949240005,0.0020876198781473133,517,35.25000000000001,0.19098930117033144,0.1125147814684907
few_moving,0,89,2676,180.40449438202248,0.003139440903092026,0.0018887340032586555,517,34.853932584269664,0.19978266084213478,0.12038285527965802
few_moving,0,90,2723,181.53333333333333,0.002858012152303278,0.001719100291973807,517,34.46666666666667,0.20742767798421233,0.1270884141969281
few_moving,0,91,2737,180.46153846153845,0.002586157105331131,0.0015553660678822602,517,34.08791208791209,0.21389205912369616,0.1326444543192755
few_moving,0,92,2784,181.56521739130432,0.0023543265620146712,0.0014157101140195927,517,33.71739130434783,0.21926657743828074,0.13718592644436686
few_moving,0,93,2798,180.51612903225808,0.002130382396297815,0.001280902101635225,517,33.35483870967742,0.22368663403190636,0.14087079970793076
few_moving,0,94,2845,181.59574468085106,0.0019394089314514757,0.0011659159153857,517,33,0.22729520209968984,0.14384756872549115
few_moving,0,95,2859,180.56842105263158,0.0017549319231628673,0.001054915024433224,517,32.65263157894737,0.23022625638990477,0.14624562770853736
few_moving,0,96,2906,181.625,0.0015976149675579507,0.0009602335776472234,523,32.68749999999999,0.23259830196679412,0.14817390028793445
few_moving,0,97,2920,180.6185567010309,0.0014456495242015533,0.0008688293064088466,540,33.402061855670105,0.16434064126573325,0.10163615999887092
few_moving,0,98,2967,181.6530612244898,0.001316057542148643,0.0007908620809413435,540,33.06122448979592,0.11547222166137949,0.06791979864000504
few_moving,0,99,2981,180.66666666666669,0.0011908739220882524,0.0007155904497970739,540,32.72727272727273,0.08677739977194708,0.05338874854887073
few_moving,0,100,3028,181.68,0.001084120747892617,0.0006513833589471676,540,32.4,0.07858336194625105,0.05045818320469375
few_moving,0,101,3042,180.7128712871287,0.000980999010716297,0.0005893939925436813,540,32.07920792079208,0.08482977755269305,0.051715348066303624
few_moving,0,102,3089,181.70588235294116,0.0008930596085521548,0.0005365161151756533,540,31.764705882352942,0.0967469319880707,0.05695056216667012
few_moving,0,103,3103,180.7572815533981,0.0008081116455941165,0.00048546315871876133,540,31.45631067961165,0.10933188641457946,0.06382353757084125
few_moving,0,104,3150,181.73076923076923,0.0007356703425750517,0.0004419137685335549,540,31.153846153846153,0.12074871392974215,0.07091015962797545
few_moving,0,105,3164,180.79999999999998,0.0006656932746491046,0.0003998663139936782,540,30.857142857142858,0.13051818298758067,0.07734065268246718
few_moving,0,106,3211,181.7547169811321,0.0006060187427029851,0.0003639985263041119,540,30.566037735849058,0.1386539876865773,0.08283902197331398
few_moving,0,107,3225,180.8411214953271,0.0005483741559425347,0.0003293670239098193,540,30.280373831775698,0.14533275793497127,0.08740846510446292
few_moving,0,108,3272,181.77777777777777,0.0004992164275717052,0.0002998250609813718,540,30,0.15076999758766776,0.09115072125000052
few_moving,0,109,3286,180.88073394495413,0.00045173089313538966,0.0002713008386094757,540,29.724770642201836,0.15517366643034725,0.09419069452885975
few_moving,0,110,3333,181.8,0.00041123652739639835,0.0002469684643999749,540,29.454545454545457,0.1587281724581467,0.09664824044808693
few_moving,0,111,3347,180.9189189189189,0.0003721196536887146,0.00022347400280136085,546,29.513513513513512,0.161590630176589,0.09862888251450477
few_moving,0,112,3394,181.82142857142856,0.0003387618533824176,0.00020343212441940704,563,30.160714285714285,0.10105816342217976,0.06058263832633617
few_moving,0,113,3408,180.9557522123894,0.0003065387807185845,0.0001840801633980008,563,29.893805309734514,0.05888765413992878,0.036798281463284975
few_moving,0,114,3455,181.8421052631579,0.00027905982568364983,0.00016757195988499754,563,29.63157894736842,0.04356624548960019,0.027815319227020963
few_moving,0,115,3469,180.99130434782606,0.00025251561799391177,0.000151631858675877,563,29.373913043478257,0.05559370750175162,0.031775876113658674
few_moving,0,116,3516,181.86206896551724,0.0002298794438634446,0.0001380340938593033,563,29.120689655172413,0.07491048020128853,0.04524430133314235
few_moving,0,117,3530,181.02564102564102,0.00020801328067369184,0.0001249041529661995,563,28.871794871794872,0.09290303122862999,0.05795563853233664
few_moving,0,118,3577,181.8813559322034,0.00018936641504036552,0.00011370357090022165,563,28.627118644067796,0.10811169259347173,0.06836088340573374
few_moving,0,119,3591,181.05882352941177,0.00017135385653096793,0.00010288825483825699,563,28.386554621848738,0.1206005818302062,0.07676303619478503
few_moving,0,120,3638,181.9,0.00015599323961193543,0.00009366215397016753,563,28.15,0.13073783056088895,0.08351778629292783
few_moving,0,121,3652,181.0909090909091,0.19591594514757674,0.13203816275142283,581,28.8099173553719,0.24365690873465376,0.22142910790690112
few_moving,0,122,3699,181.91803278688525,0.38244408105719396,0.25544274709563636,601,29.55737704918033,0.3783475533872008,0.3262708933605577
few_moving,0,123,3713,181.12195121951223,0.4900116857110355,0.3282640911135849,621,30.292682926829272,0.4879659931104134,0.4075161293091033
few_moving,0,124,3760,181.93548387096772,0.6088916028911884,0.4063027807179185,641,31.016129032258057,0.5747690196027707,0.4708784414278857
few_moving,0,125,3774,181.152,0.6669267567251228,0.4452727132524202,660,31.679999999999996,0.643353219591636,0.520335508443915
few_moving,0,126,3821,181.95238095238096,0.7415687575819557,0.49078147557208796,686,32.666666666666664,0.7015934657350107,0.5594069005981277
few_moving,0,127,3835,181.1811023622047,0.7952559878875253,0.522539205764822,715,33.77952755905512,0.7546316017710444,0.558831144392198
few_moving,0,128,3881,181.921875,0.8744792588846669,0.5700415198976574,736,34.5,0.8116998085517657,0.5667720009273768
few_moving,0,129,3896,181.2093023255814,0.9174886756377157,0.596964349235704,757,35.2093023255814,0.8665057055223772,0.5832456189207265
few_moving,0,130,3942,181.93846153846155,0.9856727161924561,0.6346577673334115,778,35.90769230769231,0.9183610699223526,0.6199121356833928
few_moving,0,131,3957,181.23664122137407,0.9895093593794383,0.641066248443876,796,36.458015267175576,0.9703382134209384,0.6658176466203992
few_moving,0,132,4000,181.8181818181818,1.0139914912881576,0.6609123488252393,813,36.95454545454545,1.0365302215594547,0.7195371572258675
few_moving,0,133,4013,181.0375939849624,1.0474416909144109,0.6854698925226639,830,37.44360902255639,1.1145655741002802,0.7779818651018442
few_moving,0,134,4056,181.61194029850748,1.1117215845243427,0.7277052626192392,847,37.92537313432836,1.2026321487508662,0.8403209684450854
few_moving,0,135,4069,180.84444444444443,1.1783046704718696,0.7704641594193385,864,38.400000000000006,1.2992339138291293,0.9059919984524492
few_moving,0,136,4113,181.4558823529412,1.263936297738671,0.8173973596190891,881,38.86764705882353,1.4030889620827154,0.974519938597798
few_moving,0,137,4125,180.65693430656935,14.967638015220514,5.122282619821534,898,39.32846715328467,1.5130886463741846,1.0454947185249586
few_moving,0,138,4167,181.17391304347828,15.048058794305618,5.150152413392948,915,39.78260869565218,1.6282786517803784,1.1185685012094468
few_moving,0,139,4180,180.43165467625897,15.12889579675279,5.167418687922247,932,40.23021582733813,1.7478452904698587,1.1934524031586264
few_moving,0,140,4222,180.94285714285712,15.211945218027328,5.19858581632842,949,40.67142857142857,1.8711015999930836,1.2699103927190907
few_moving,0,141,4235,180.2127659574468,15.2953140355656,5.217880016676196,972,41.361702127659576,1.9974724956786252,1.3477514631121512
few_moving,0,142,4277,180.7183098591549,15.38078911263699,5.25049260039126,998,42.16901408450704,2.123105814420656,1.3861833407670237
few_moving,0,143,4290,180,15.466541310912131,5.2709558377326795,1015,42.58741258741259,2.2564374128237334,1.4382230847314341
few_moving,0,144,4331,180.45833333333334,15.554495965036399,5.306702849866979,1032,43,2.3944856423337013,1.5051134271989797
few_moving,0,145,4343,179.71034482758623,15.642811404146459,5.3316163593143235,1051,43.48965517241379,2.536735456485939,1.59875688439455
few_moving,0,146,4384,180.16438356164383,15.733220673933507,5.370751600685461,1074,44.136986301369866,2.6235842466077446,1.665019423966451
few_moving,0,147,4396,179.42857142857142,15.823891207595887,5.3982996851604295,1097,44.775510204081634,2.7248709977438423,1.7372825500037496
few_moving,0,148,4437,179.87837837837836,15.916605692133368,5.439465911958868,1120,45.4054054054054,2.8377829802985985,1.8142510229386726
few_moving,0,149,4449,179.15436241610738,16.00823980799685,5.447123294427683,1143,46.02684563758389,2.959906566163225,1.894885820655021
few_moving,0,150,4492,179.68,16.10224002459471,5.474517798767847,1166,46.64,3.0894207057259155,1.9784869456471164
few_moving,0,151,4503,178.9271523178808,16.19493470091579,5.472939827426225,1191,47.324503311258276,3.1940866048904812,2.0284322745735084
few_moving,0,152,4546,179.44736842105266,16.287692075861248,5.457052933410913,1212,47.8421052631579,16.208739636593357,5.614387441226908
few_moving,0,153,4557,178.7058823529412,16.382388496498127,5.448837017942408,1234,48.392156862745104,16.30015258685113,5.5931373859997
few_moving,0,154,4600,179.2207792207792,16.479176867012505,5.458361325795962,1256,48.93506493506493,16.394524774180596,5.589473663831998
few_moving,0,155,4611,178.49032258064517,16.57722259853546,5.472586605784789,1278,49.47096774193548,16.491007852088885,5.597685270529079
few_moving,0,156,4654,178.99999999999997,16.67669311102926,5.498947315959398,1304,50.15384615384615,16.58910840012102,5.6142593064315935
few_moving,0,157,4665,178.28025477707007,16.776960967525714,5.5229625925251264,1323,50.56050955414013,16.688121379604777,5.60090711393901
few_moving,0,158,4708,178.78481012658227,16.87823030109295,5.550382089965209,1332,50.58227848101266,16.78848104535938,5.5987929318408725
few_moving,0,159,4720,178.11320754716982,16.980060896831016,5.56775768518119,1348,50.86792452830189,16.88961947466324,5.593277210097839
few_moving,0,160,4763,178.6125,17.083071338980833,5.596386215429412,1363,51.112500000000004,16.99191579457647,5.623208658848359
few_moving,0,161,4775,177.95031055900623,17.18680404903784,5.622456939887391,1378,51.354037267080756,17.09521802076649,5.6617200214419015
few_moving,0,162,4819,178.48148148148147,17.291590340143703,5.6567431613971575,1392,51.55555555555555,17.199448331060115,5.700808329847882
few_moving,0,163,4831,177.82822085889572,17.397018295317572,5.686257503119059,1405,51.717791411042946,17.304553654282373,5.740105590078718
few_moving,0,164,4874,178.3170731707317,17.50343887059198,5.722682808256051,1425,52.13414634146341,17.41031969510796,5.773429178003102
few_moving,0,165,4886,177.6727272727273,17.610455975688136,5.753605741879388,1447,52.61818181818182,17.516716552756545,5.802546665052395
few_moving,0,166,4929,178.15662650602408,17.711843643573108,5.788863990487579,1467,53.024096385542165,17.617436658106215,5.831495704853252
few_moving,0,167,4942,177.5568862275449,17.71176614430117,5.786137275022035,1488,53.46107784431138,17.61736643616137,5.8305924580255795
few_moving,0,168,4985,178.0357142857143,17.711875958849507,5.789409915212549,1508,53.85714285714286,17.617344046021383,5.831028127172776
few_moving,0,169,4997,177.4082840236686,17.711796850587316,5.786681746697313,1528,54.248520710059175,17.617350146816936,5.832219497098993
few_moving,0,170,5040,177.88235294117646,17.711905643146963,5.78989377351022,1541,54.38823529411764,17.61738138281951,5.834168268579266
few_moving,0,171,5052,177.26315789473682,17.711823942472204,5.787100829062024,1554,54.526315789473685,17.617356897563862,5.834444391648421
few_moving,0,172,5096,177.7674418604651,17.711931349065633,5.7902352363780025,1567,54.66279069767442,17.617106297281158,5.805365894445241
few_moving,0,173,5108,177.15606936416185,17.71184728083568,5.787369147150101,1574,54.589595375722546,17.61704693933295,5.783763505152388
few_moving,0,174,5151,177.62068965517244,17.711953606197728,5.790436565721127,1581,54.51724137931034,17.6170989154575,5.768650504061404
few_moving,0,175,5163,177.01714285714286,17.711867681884502,5.787506160626135,1588,54.445714285714295,17.617212355888732,5.7830946831296455
few_moving,0,176,5206,177.47727272727275,17.711973356696834,5.790523562243191,1596,54.409090909090914,17.617356766341555,5.798529145577513
few_moving,0,177,5219,176.9152542372881,17.711886053621356,5.787541480459822,1604,54.3728813559322,17.61751376409351,5.811589740934843
few_moving,0,178,5262,177.37078651685394,17.71199145084518,5.790525264465563,1611,54.30337078651685,17.61767252255262,5.822634339361482
few_moving,0,179,5274,176.78212290502793,17.711903125926163,5.78750348871743,1618,54.234636871508386,17.617826906514857,5.831979814163568
few_moving,0,180,5316,177.20000000000002,17.712011114792134,5.790625149072845,1626,54.199999999999996,17.617977095327678,5.840062905927637
few_moving,0,181,5327,176.58563535911605,17.71075770204312,5.744284491333683,1629,54,17.616603855312594,5.798581184062268
few_moving,0,182,5370,177.03296703296704,17.71002812159911,5.708171822497986,1630,53.73626373626374,17.61577524234058,5.766386073156932
few_moving,0,183,5381,176.42622950819674,17.709631695297567,5.681247222582589,1630,53.442622950819676,17.61528560115025,5.741770504820311
few_moving,0,184,5423,176.8369565217391,17.70940094170349,5.660251631896138,1633,53.25,17.614948087269692,5.7178170309591545
few_moving,0,185,5434,176.23783783783782,17.7092697839701,5.645540792083144,1635,53.027027027027025,17.614715917496923,5.693616958772207
few_moving,0,186,5476,176.6451612903226,17.70919754573532,5.634689225800779,1641,52.93548387096774,17.61458178791475,5.671807658126605
few_moving,0,187,5488,176.08556149732618,17.709160199053564,5.626953020021233,1647,52.844919786096256,17.614310845108356,5.629974289165629
few_moving,0,188,5530,176.48936170212767,17.709138806395398,5.621068660209341,1647,52.56382978723404,17.614210765319633,5.606170448267186
few_moving,0,189,5541,175.90476190476193,17.70912684444748,5.616607910411601,1647,52.285714285714285,17.614205410801016,5.595346499583251
few_moving,0,190,5583,176.30526315789473,17.709119568176686,5.61311818893216,1647,52.01052631578947,17.61424895968366,5.6124252822687
few_moving,0,191,5594,175.7277486910995,17.709115160913395,5.610394492657928,1648,51.76963350785341,17.61431442077439,5.63010112218034
few_moving,0,192,5637,176.15625,17.709112407870627,5.608243073118849,1649,51.53125,17.614386392295476,5.644371127676861
few_moving,0,193,5648,175.58549222797924,17.70911069052156,5.606554606967471,1649,51.26424870466321,17.61445651750029,5.655860222291895
few_moving,0,194,5690,175.97938144329896,17.709109606455655,5.605215688266826,1649,51,17.61452064952941,5.665094503541222
few_moving,0,195,5701,175.41538461538462,17.70910892286551,5.604163506333122,1652,50.83076923076923,17.614560874369722,5.668813991436739
few_moving,0,196,5743,175.80612244897958,17.70910848925064,5.603327398578923,1653,50.602040816326536,17.61452027458175,5.667224198737896
few_moving,0,197,5755,175.2791878172589,17.709108214443436,5.60266917955693,1654,50.3756345177665,17.614520816486902,5.669298928284929
few_moving,0,198,5797,175.66666666666669,17.709108039632447,5.60214531196396,1654,50.121212121212125,17.61454238395164,5.672368237554441
few_moving,0,199,5808,175.11557788944722,17.709107928502274,5.601731755183892,1657,49.95979899497487,17.61457270053488,5.675218433665542
few_moving,0,200,5850,175.5,17.709107857674496,5.601402165664626,1663,49.89,17.61454306923271,5.668444261941167
few_moving,0,201,5861,174.955223880597,17.7091078125503,5.601141147790804,1677,50.05970149253731,17.614505921214985,5.660095013076726
few_moving,0,202,5904,175.36633663366337,17.709107783752064,5.600932885315005,1695,50.34653465346535,17.614303164370963,5.629727823788031
few_moving,0,203,5915,174.82758620689654,17.70910776537621,5.60076746081127,1707,50.453201970443345,17.61421129619964,5.605864222290707
few_moving,0,204,5957,175.2058823529412,17.709107753637706,5.600635348636785,1719,50.55882352941177,17.61418190817035,5.587037843006974
few_moving,0,205,5968,174.6731707317073,17.709107746139345,5.600530157077829,1731,50.66341463414634,17.614186231517007,5.594308441303328
few_moving,0,206,6010,175.0485436893204,17.7091077413463,5.600446091043297,1740,50.67961165048544,17.614207310666576,5.602756845689372
few_moving,0,207,6022,174.55072463768116,17.709107738282345,5.60037903641319,1743,50.52173913043478,17.614235527365768,5.609595275138686
few_moving,0,208,6064,174.9230769230769,17.70910773632298,5.600325423340996,1743,50.27884615384615,17.614265404258973,5.61512194085198
few_moving,0,209,6075,174.40191387559807,17.709107735069857,5.600282607606273,1743,50.038277511961724,17.614293979761122,5.619587830219169
few_moving,0,210,6117,174.77142857142857,17.709107734268272,5.600248364444905,1745,49.857142857142854,17.61431983137194,5.623280733947391
few_moving,0,211,6128,174.2559241706161,17.70910773375546,5.600220996380896,1745,49.62085308056872,17.61434086723591,5.624790794954419
few_moving,0,212,6171,174.65094339622644,17.70910773342737,5.600199104095429,1746,49.41509433962264,17.614359216422812,5.626045186489737
few_moving,0,213,6182,174.14084507042256,17.709107733217433,5.600181598820068,1746,49.183098591549296,17.614374868870918,5.627069159521932
few_moving,0,214,6224,174.50467289719626,17.709107733083105,5.600167594609948,1749,49.03738317757009,17.614388021192575,5.627927490803731
few_moving,0,215,6235,174,17.70910773299714,5.600156393547023,1751,48.86511627906977,17.61439889825639,5.62852260393593
few_moving,0,216,6277,174.36111111111111,17.709107732942133,5.6001474322538325,1755,48.75,17.614407858921446,5.629010590166818
few_moving,0,217,6289,173.889400921659,17.70910773290693,5.600140263541716,1761,48.69124423963133,17.614254159184213,5.605637649181116
few_moving,0,218,6331,174.24770642201835,17.709107732884398,5.6001345281614245,1761,48.46788990825688,17.614186128056367,5.587160564365023
few_moving,0,219,6342,173.75342465753425,17.70910773286998,5.600129939661079,1761,48.24657534246575,17.614166862945297,5.572565994560241
few_moving,0,220,6384,174.10909090909092,17.70910773286075,5.6001262685726125,1763,48.081818181818186,17.614173955798943,5.581051071801446
few_moving,0,221,6395,173.61990950226246,17.709107732854847,5.600123331441739,1766,47.94570135746606,17.614194133447537,5.591209510070221
few_moving,0,222,6438,173.99999999999997,17.70910773285107,5.600120981553955,1767,47.75675675675675,17.614219374585417,5.598666794445441
few_moving,0,223,6449,173.51569506726457,17.70910773284865,5.600119101433325,1767,47.54260089686098,17.61424546916588,5.604633064738295
few_moving,0,224,6491,173.86607142857144,17.7091077328471,5.60011759722486,1767,47.33035714285714,17.614270122056382,5.609406316114593
few_moving,0,225,6502,173.38666666666668,17.70910773284611,5.60011639370791,1769,47.17333333333333,17.61429226187229,5.613225058036386
few_moving,0,226,6544,173.73451327433628,17.709107732845478,5.600115430826211,1769,46.9646017699115,17.614311503399772,5.616202894580054
few_moving,0,227,6556,173.2863436123348,17.70910773284507,5.600114660417164,1770,46.784140969163,17.61432788798179,5.6185852674011105
few_moving,0,228,6598,173.6315789473684,17.70910773284481,5.600114044047698,1770,46.578947368421055,17.614341630127946,5.620491237340195
few_moving,0,229,6609,173.16157205240174,17.709107732844643,5.600113550880081,1773,46.454148471615724,17.614353007864523,5.621849546229052
few_moving,0,230,6651,173.50434782608696,17.709107732844537,5.600113156318892,1775,46.30434782608695,17.614362363236094,5.622826554931413
few_moving,0,231,6662,173.03896103896105,17.709107732844473,5.600112840618616,1779,46.20779220779221,17.614370020540793,5.623608179584563
few_moving,0,232,6705,173.4051724137931,17.709107732844426,5.600112588040217,1785,46.16379310344828,17.614240235307072,5.602304479259123
few_moving,0,233,6716,172.9442060085837,17.7091077328444,5.600112385939757,1785,45.9656652360515,17.614182891027674,5.585263411875803
few_moving,0,234,6758,173.28205128205127,17.70910773284438,5.600112224246606,1785,45.769230769230774,17.614166761798252,5.571634867988786
few_moving,0,235,6769,172.82553191489362,17.70910773284437,5.600112094863481,1787,45.625531914893614,17.61417289407073,5.5794587056056875
few_moving,0,236,6811,173.16101694915255,17.709107732844362,5.600111991347591,1790,45.50847457627119,17.61418998148725,5.588158055813048
few_moving,0,237,6823,172.73417721518985,17.709107732844355,5.600111908512641,1791,45.34177215189873,17.61421144715495,5.5951287051251635
few_moving,0,238,6865,173.0672268907563,17.709107732844355,5.600111842237538,1791,45.15126050420168,17.61423360865615,5.6007051131376935
few_moving,0,239,6876,172.6192468619247,17.709107732844355,5.600111789199834,1791,44.96234309623431,17.61425453064801,5.605166141173955
few_moving,0,240,6918,172.95,17.709107732844352,5.6001117467640915,1793,44.825,17.614273311550665,5.60873489519124
few_moving,0,241,6929,172.50622406639005,17.709107732844352,5.600111712801343,1793,44.6390041493776,17.614289643688718,5.611580282349143
few_moving,0,242,6972,172.85950413223142,17.709107732844352,5.600111685626702,1794,44.47933884297521,17.61430354630109,5.613856563984758
few_moving,0,243,6983,172.41975308641975,17.70910773284435,5.600111663875518,1794,44.2962962962963,17.61431520399757,5.6156775714523395
few_moving,0,244,7025,172.74590163934428,17.70910773284435,5.600111646470989,1797,44.18852459016394,17.61432487180016,5.6170981315851565
few_moving,0,245,7036,172.31020408163266,17.70910773284435,5.600111632538011,1799,44.057142857142864,17.614332824834573,5.618208238561342
few_moving,0,246,7078,172.6341463414634,17.70910773284435,5.600111621388718,1803,43.97560975609757,17.614339327872234,5.619096330270819
few_moving,0,247,7090,172.2267206477733,17.70910773284435,5.600111612461627,1809,43.94331983805669,17.614229212425453,5.59962369413393
few_moving,0,248,7132,172.54838709677418,17.70910773284435,5.600111605317577,1809,43.766129032258064,17.614180503972275,5.5840487125320815
few_moving,0,249,7143,172.1204819277108,17.70910773284435,5.600111599596054,1809,43.59036144578313,17.614166746164404,5.571590719382241
few_moving,0,250,7185,172.44,17.70910773284435,5.600111595016889,1811,43.464,17.61417187522713,5.5786823866184685
few_moving,0,251,7196,172.01593625498006,17.70910773284435,5.600111591348392,1814,43.36254980079681,17.61418630581216,5.586627456083575
few_moving,0,252,7239,172.35714285714283,17.70910773284435,5.6001115884119965,1815,43.214285714285715,17.614204460217103,5.5929806458431734
few_moving,0,253,7250,171.93675889328063,17.70910773284435,5.600111586058633,1815,43.04347826086956,17.61422321431387,5.598070190212709
few_moving,0,254,7292,172.251968503937,17.70910773284435,5.600111584174627,1815,42.874015748031496,17.614240925254744,5.6021540915744295
few_moving,0,255,7303,171.83529411764704,17.70910773284435,5.600111582663927,1817,42.752941176470586,17.614256826960766,5.605427829750047
few_moving,0,256,7345,172.1484375,17.70910773284435,5.600111581454286,1817,42.5859375,17.614270657427532,5.608044662143081
few_moving,0,257,7357,171.75875486381324,17.70910773284435,5.600111580483695,1818,42.44357976653697,17.61428243164823,5.6101381578695575
few_moving,0,258,7399,172.06976744186048,17.70910773284435,5.600111579706331,1818,42.27906976744187,17.614292305333365,5.611812973248995
few_moving,0,259,7410,171.66023166023166,17.70910773284435,5.600111579082071,1821,42.18532818532819,17.614300495005107,5.613146568981063
few_moving,0,260,7452,171.9692307692308,17.70910773284435,5.600111578581929,1823,42.06923076923078,17.614307232802492,5.614207895072747
few_moving,0,261,7463,171.5632183908046,17.70910773284435,5.600111578179865,1827,42,17.61431274214182,5.615057083133137
few_moving,0,262,7506,171.89312977099237,17.70910773284435,5.600111577857609,1833,41.97709923664123,17.614219530622552,5.5971581748979755
few_moving,0,263,7517,171.49049429657794,17.70910773284435,5.600111577598196,1833,41.81749049429658,17.614178328082517,5.582840472605023
few_moving,0,264,7559,171.79545454545453,17.70910773284435,5.6001115773901695,1833,41.65909090909091,17.61416671855497,5.571387314425153
few_moving,0,265,7570,171.39622641509433,17.70910773284435,5.600111577222424,1835,41.54716981132075,17.614171095369354,5.577994320056622
few_moving,0,266,7612,171.69924812030075,17.70910773284435,5.600111577087818,1838,41.45864661654135,17.614183341436142,5.585317895310687
few_moving,0,267,7624,171.3258426966292,17.70910773284435,5.6001115769790415,1839,41.325842696629216,17.614198734520837,5.5911750334018055
few_moving,0,268,7666,171.62686567164178,17.70910773284435,5.600111576891685,1839,41.17164179104478,17.614214630408892,5.595860620036015
few_moving,0,269,7677,171.23420074349443,17.70910773284435,5.6001115768208996,1839,41.01858736059479,17.614229639139364,5.5996108442273425
few_moving,0,270,7719,171.53333333333333,17.70910773284435,5.600111576763994,1841,40.91111111111111,17.614243112970374,5.6026123678765
few_moving,0,271,7730,171.1439114391144,17.70910773284435,5.60011157671773,1841,40.760147601476014,17.614254830792007,5.6050145053432505
few_moving,0,272,7773,171.46323529411765,17.70910773284435,5.600111576680488,1842,40.63235294117647,17.614264805842225,5.606936609469818
few_moving,0,273,7784,171.07692307692307,17.70910773284435,5.600111576650086,1842,40.48351648351648,17.6142731703835,5.608474279277341
few_moving,0,274,7826,171.37226277372264,17.70910773284435,5.600111576625576,1845,40.401459854014604,17.614280108092675,5.609703255036594
few_moving,0,275,7837,170.98909090909092,17.70910773284435,5.600111576605466,1847,40.29818181818182,17.614285815746705,5.610685288668223
few_moving,0,276,7879,171.2826086956522,17.70910773284435,5.600111576589221,1851,40.23913043478261,17.61429048266137,5.611470939626554
few_moving,0,277,7891,170.92418772563178,17.70910773284435,5.600111576575814,1857,40.22382671480145,17.614211491110147,5.59500279689556
few_moving,0,278,7933,171.21582733812946,17.70910773284435,5.600111576564958,1857,40.07913669064747,17.614176559088946,5.5818272598174135
few_moving,0,279,7944,170.83870967741933,17.70910773284435,5.600111576555934,1857,39.93548387096774,17.6141667026073,5.571286212911851
few_moving,0,280,7986,171.12857142857143,17.70910773284435,5.600111576548608,1859,39.83571428571428,17.61417039542983,5.577333831458618
few_moving,0,281,7997,170.7544483985765,17.70910773284435,5.600111576542467,1862,39.75800711743772,17.614180760088658,5.58407967114932
few_moving,0,282,8040,171.06382978723403,17.70910773284435,5.600111576537467,1863,39.638297872340424,17.614193794709518,5.589476138659718
few_moving,0,283,8051,170.69257950530036,17.70910773284435,5.600111576533236,1863,39.49823321554771,17.614207257977093,5.59379342865539
few_moving,0,284,8093,170.9788732394366,17.70910773284435,5.60011157652978,1863,39.359154929577464,17.614219971416183,5.597247744618728
few_moving,0,285,8104,170.61052631578946,17.70910773284435,5.600111576526824,1865,39.26315789473684,17.614231385605564,5.600011546239058
few_moving,0,286,8146,170.8951048951049,17.70910773284435,5.600111576524402,1865,39.12587412587413,17.614241312772595,5.6022225357233415
few_moving,0,287,8158,170.55052264808361,17.70910773284435,5.600111576522304,1866,39.01045296167247,17.61424976383594,5.603991639876734
few_moving,0,288,8200,170.83333333333334,17.70910773284435,5.600111576520581,1866,38.875,17.614256850661555,5.605406935668592
few_moving,0,289,8211,170.47058823529414,17.70910773284435,5.600111576519071,1869,38.80276816608997,17.61426272874795,5.606538933382846
few_moving,0,290,8253,170.75172413793103,17.70910773284435,5.600111576517824,1871,38.710344827586205,17.61426756473864,5.607444290476409
few_moving,0,291,8264,170.3917525773196,17.70910773284435,5.60011157651672,1875,38.659793814432994,17.614271518985554,5.608168579967908
few_moving,0,292,8307,170.69178082191783,17.70910773284435,5.600111576515802,1881,38.65068493150685,17.614204607254152,5.593007424361813
few_moving,0,293,8318,170.33447098976106,17.70910773284435,5.6001115765149825,1881,38.51877133105802,17.614175025735836,5.5808794289128105
few_moving,0,294,8360,170.61224489795916,17.70910773284435,5.600111576514299,1881,38.38775510204081,17.614166685820905,5.571177619587994
few_moving,0,295,8371,170.25762711864405,17.70910773284435,5.600111576513679,1883,38.29830508474576,17.614169821368947,5.576762530980398
few_moving,0,296,8413,170.53378378378378,17.70910773284435,5.600111576513162,1886,38.229729729729726,17.614178606218495,5.582970957903512
few_moving,0,297,8425,170.2020202020202,17.70910773284435,5.6001115765126865,1887,38.12121212121212,17.614189650803972,5.587937468210512
few_moving,0,298,8467,170.4765100671141,17.70910773284435,5.60011157651229,1887,37.993288590604024,17.614201057061134,5.591910584130896
few_moving,0,299,8478,170.12709030100334,17.70910773284435,5.600111576511923,1887,37.86622073578595,17.61421182719018,5.595089151462871
few_moving,0,300,8520,170.4,17.70910773284435,5.600111576511613,1889,37.78,17.61422149614461,5.59763198854702
few_moving,0,301,8531,170.05315614617942,17.70910773284435,5.600111576511326,1889,37.65448504983389,17.614229905118584,5.5996662222893425
few_moving,0,302,8574,170.34437086092714,17.70910773284435,5.600111576511084,1890,37.549668874172184,17.614237063529057,5.601293643484898
few_moving,0,303,8585,170,17.70910773284435,5.600111576510857,1890,37.42574257425743,17.614243066241652,5.602595570167119
few_moving,0,304,8627,170.2697368421053,17.70910773284435,5.600111576510665,1893,37.361842105263165,17.61424804503967,5.603637046663702
few_moving,0,305,8638,169.92786885245903,17.70910773284435,5.600111576510482,1895,37.278688524590166,17.614252141118957,5.6044701680292635
few_moving,0,306,8680,170.19607843137257,17.70910773284435,5.60011157651033,1899,37.235294117647065,17.61425549032803,5.605136662465176
few_moving,0,307,8692,169.87622149837136,17.70910773284435,5.6001115765101845,1905,37.23127035830619,17.61419880745494,5.591185986107654
few_moving,0,308,8734,170.14285714285714,17.70910773284435,5.600111576510061,1905,37.11038961038961,17.61417374309168,5.580024701865555
few_moving,0,309,8745,169.80582524271844,17.70910773284435,5.600111576509945,1905,36.99029126213592,17.61416667321591,5.571095194819906
few_moving,0,310,8787,170.07096774193548,17.70910773284435,5.600111576509844,1907,36.909677419354836,17.61416932613075,5.576226232818497
few_moving,0,311,8798,169.73633440514467,17.70910773284435,5.600111576509751,1910,36.848874598070736,17.614176766394152,5.581941518261159
few_moving,0,312,8841,170.01923076923077,17.70910773284435,5.6001115765096685,1911,36.75,17.614186122225934,5.586513856381376
few_moving,0,313,8852,169.68690095846645,17.70910773284435,5.600111576509592,1911,36.632587859424916,17.61419578528163,5.590171813271756
few_moving,0,314,8894,169.94904458598725,17.70910773284435,5.600111576509526,1911,36.51592356687898,17.614204909932656,5.593098261564503
few_moving,0,315,8905,169.61904761904762,17.70910773284435,5.600111576509463,1913,36.438095238095244,17.614213101964165,5.5954394538277015
few_moving,0,316,8947,169.87974683544306,17.70910773284435,5.600111576509411,1913,36.322784810126585,17.61422022667762,5.597312433000365
few_moving,0,317,8959,169.57097791798108,17.70910773284435,5.60011157650936,1914,36.22712933753943,17.614226291949635,5.598810834888455
few_moving,0,318,9001,169.83018867924528,17.70910773284435,5.600111576509315,1914,36.113207547169814,17.614231378090476,5.600009565068867
few_moving,0,319,9012,169.50470219435738,17.70910773284435,5.600111576509273,1917,36.0564263322884,17.614235596715254,5.600968540897222
few_moving,0,320,9054,169.76250000000002,17.70910773284435,5.600111576509237,1919,35.98125,17.614239067431456,5.6017357123120455
few_moving,0,321,9065,169.43925233644862,17.70910773284435,5.600111576509202,1923,35.94392523364486,17.614241905327216,5.602349451722529
few_moving,0,322,9108,169.71428571428572,17.70910773284435,5.600111576509173,1929,35.944099378881994,17.614193881328536,5.589505730571162
few_moving,0,323,9119,169.39318885448915,17.70910773284435,5.600111576509145,1929,35.8328173374613,17.61417264894322,5.57923139512965
few_moving,0,324,9161,169.64814814814815,17.70910773284435,5.600111576509121,1929,35.72222222222222,17.614166661775496,5.571012337102159
few_moving,0,325,9172,169.32923076923078,17.70910773284435,5.600111576509097,1931,35.64923076923077,17.61416891080072,5.575739844564567
few_moving,0,326,9214,169.58282208588955,17.70910773284435,5.600111576509079,1934,35.59509202453987,17.614175214598472,5.580999653744035
few_moving,0,327,9226,169.28440366972478,17.70910773284435,5.600111576509059,1935,35.5045871559633,17.614183140446908,5.585207389869092
few_moving,0,328,9268,169.53658536585365,17.70910773284435,5.600111576509043,1935,35.396341463414636,17.61419132606207,5.5885735117664455
few_moving,0,329,9279,169.22188449848025,17.70910773284435,5.600111576509027,1935,35.2887537993921,17.614199055281276,5.591266371558473
few_moving,0,330,9321,169.47272727272727,17.70910773284435,5.600111576509013,1937,35.21818181818182,17.6142059943053,5.593420631272781
few_moving,0,331,9332,169.16012084592145,17.70910773284435,5.600111576509001,1937,35.111782477341386,17.61421202913106,5.595144022767887
few_moving,0,332,9375,169.4277108433735,17.70910773284435,5.600111576508989,1938,35.02409638554217,17.614217166495422,5.596522724728047
few_moving,0,333,9386,169.11711711711712,17.70910773284435,5.600111576508978,1938,34.91891891891892,17.61422147446703,5.597625678874676
few_moving,0,334,9428,169.36526946107784,17.70910773284435,5.60011157650897,1941,34.868263473053894,17.614225047614422,5.598508034224815
few_moving,0,335,9439,169.05671641791045,17.70910773284435,5.600111576508961,1943,34.800000000000004,17.614227987264602,5.599213912527097
few_moving,0,336,9481,169.30357142857144,17.70910773284435,5.6001115765089535,1947,34.767857142857146,17.614230390909086,5.599778613224213
few_moving,0,337,9493,169.01483679525222,17.70910773284435,5.600111576508946,1953,34.77151335311573,17.61418971233794,5.587960104204396
few_moving,0,338,9535,169.26035502958578,17.70910773284435,5.60011157650894,1953,34.66863905325444,17.61417172544251,5.578504753341355
few_moving,0,339,9546,168.95575221238937,17.70910773284435,5.600111576508935,1953,34.56637168141593,17.614166652450603,5.57094012531043
few_moving,0,340,9588,169.2,17.70910773284435,5.6001115765089295,1955,34.5,17.614168556985305,5.575288928208201
few_moving,0,341,9599,168.8973607038123,17.70910773284435,5.600111576508925,1958,34.45161290322581,17.614173897063374,5.580130607572601
few_moving,0,342,9642,169.1578947368421,17.70910773284435,5.600111576508921,1959,34.36842105263158,17.61418061174251,5.584004041055859
few_moving,0,343,9653,168.85714285714283,17.70910773284435,5.600111576508917,1959,34.268221574344025,17.614187546805066,5.587102846293345
few_moving,0,344,9695,169.09883720930233,17.70910773284435,5.600111576508914,1959,34.16860465116279,17.614194095401967,5.589581929122487
few_moving,0,345,9706,168.8,17.70910773284435,5.60011157650891,1961,34.10434782608696,17.614199974640893,5.591565219188685
few_moving,0,346,9748,169.04046242774567,17.70910773284435,5.600111576508907,1961,34.005780346820806,17.614205087869124,5.593151866890047
few_moving,0,347,9760,168.7608069164265,17.70910773284435,5.600111576508904,1962,33.925072046109506,17.614209440750393,5.594421194827962
few_moving,0,348,9802,169,17.70910773284435,5.600111576508902,1962,33.82758620689655,17.61421309092807,5.595436663397612
few_moving,0,349,9813,168.7048710601719,17.70910773284435,5.600111576508899,1965,33.78223495702006,17.614216118509482,5.596249041502651
few_moving,0,350,9855,168.94285714285715,17.70910773284435,5.600111576508897,1967,33.72,17.61421860933613,5.596898945864712
few_moving,0,351,9866,168.64957264957266,17.70910773284435,5.600111576508896,1971,33.69230769230769,17.614220646005023,5.597418870984348
few_moving,0,352,9909,168.9034090909091,17.70910773284435,5.600111576508896,1977,33.69886363636364,17.61418618003131,5.586538402097249
few_moving,0,353,9920,168.61189801699715,17.70910773284435,5.600111576508892,1977,33.60339943342776,17.614170941617182,5.577834484856078
few_moving,0,354,9962,168.84745762711864,17.70910773284435,5.600111576508891,1977,33.50847457627118,17.614166644376358,5.570871644679964
few_moving,0,355,9973,168.5577464788732,17.70910773284435,5.600111576508891,1979,33.44788732394366,17.61416825815256,5.5748755524744835
few_moving,0,356,10015,168.79213483146066,17.70910773284435,5.60011157650889,1982,33.40449438202247,17.614172782038807,5.579331498606733
few_moving,0,357,10027,168.52100840336135,17.70910773284435,5.600111576508889,1983,33.32773109243698,17.614178470109273,5.582896178098066
few_moving,0,358,10069,168.75418994413408,17.70910773284435,5.600111576508887,1983,33.23463687150838,17.614184344663443,5.585747872291515
few_moving,0,359,10080,168.46796657381614,17.70910773284435,5.600111576508887,1983,33.14206128133705,17.614189891709938,5.588029196327289
few_moving,0,360,10122,168.70000000000002,17.70910773284435,5.600111576508886,1985,33.083333333333336,17.614194871675124,5.589854235279836
few_moving,0,361,10133,168.41551246537395,17.70910773284435,5.600111576508885,1985,32.99168975069252,17.614199202732,5.591314253556332
few_moving,0,362,10176,168.66298342541438,17.70910773284435,5.600111576508884,1986,32.9171270718232,17.614202889709073,5.59248225988098
few_moving,0,363,10187,168.3801652892562,17.70910773284435,5.600111576508883,1986,32.82644628099174,17.614205981453566,5.593416659617577
few_moving,0,364,10229,168.6098901098901,17.70910773284435,5.6001115765088825,1989,32.785714285714285,17.614208545832668,5.594164175835022
few_moving,0,365,10240,168.3287671232877,17.70910773284435,5.6001115765088825,1991,32.728767123287675,17.614210655565035,5.594762186476516
few_moving,0,366,10282,168.55737704918033,17.70910773284435,5.6001115765088825,1995,32.704918032786885,17.614212380617357,5.595240593593703
few_moving,0,367,10294,168.29427792915533,17.70910773284435,5.6001115765088825,2001,32.71389645776567,17.61418318670207,5.585228313817398
few_moving,0,368,10336,168.52173913043475,17.70910773284435,5.6001115765088825,2001,32.625,17.614170278179568,5.577218099460032
few_moving,0,369,10347,168.2439024390244,17.70910773284435,5.6001115765088825,2001,32.536585365853654,17.61416663761979,5.570809678494723
few_moving,0,370,10389,168.47027027027028,17.70910773284435,5.600111576508882,2003,32.48108108108108,17.614168004590983,5.5744943271875105
few_moving,0,371,10400,168.19407008086253,17.70910773284435,5.600111576508882,2006,32.44204851752021,17.614171837103342,5.578595945994265
few_moving,0,372,10443,168.43548387096774,17.70910773284435,5.600111576508882,2007,32.37096774193548,17.61417665608588,5.581877306176306
few_moving,0,373,10454,168.1608579088472,17.70910773284435,5.600111576508882,2007,32.284182305630026,17.61418163320169,5.584502436017948
few_moving,0,374,10496,168.3850267379679,17.70910773284435,5.600111576508882,2007,32.19786096256684,17.614186332943206,5.586602566636531
few_moving,0,375,10507,168.112,17.70910773284435,5.600111576508882,2009,32.144,17.614190552294705,5.588282688188556
few_moving,0,376,10549,168.33510638297875,17.70910773284435,5.600111576508882,2009,32.058510638297875,17.614194221896774,5.5896267963630795
few_moving,0,377,10561,168.07957559681697,17.70910773284435,5.600111576508882,2010,31.989389920424404,17.6141973458176,5.590702089889704
few_moving,0,378,10603,168.3015873015873,17.70910773284435,5.600111576508882,2010,31.904761904761905,17.614199965428252,5.591562329177755
few_moving,0,379,10614,168.0316622691293,17.70910773284435,5.600111576508882,2013,31.86807387862797,17.6142021382206,5.59225052342936
few_moving,0,380,10656,168.25263157894736,17.70910773284435,5.600111576508882,2015,31.815789473684212,17.614203925801174,5.59280108062539
few_moving,0,381,10667,167.98425196850394,17.70910773284435,5.600111576508882,2019,31.795275590551185,17.614205387447633,5.593241527552624
few_moving,0,382,10710,168.21989528795814,17.70910773284435,5.600111576508882,2025,31.806282722513092,17.614180652228516,5.584024219290902
few_moving,0,383,10721,167.95300261096602,17.70910773284435,5.600111576508882,2025,31.723237597911226,17.614169715959438,5.576650701341101
few_moving,0,384,10763,168.17187499999997,17.70910773284435,5.600111576508882,2025,31.640625,17.614166631856104,5.570752097679993
few_moving,0,385,10774,167.90649350649352,17.70910773284435,5.600111576508882,2027,31.589610389610385,17.614167789955484,5.574143758817844
few_moving,0,386,10816,168.1243523316062,17.70910773284435,5.600111576508882,2030,31.55440414507772,17.614171036595184,5.577918670614763
few_moving,0,387,10828,167.87596899224806,17.70910773284435,5.600111576508882,2031,31.488372093023255,17.614175118765647,5.580938544631988
few_moving,0,388,10870,168.09278350515464,17.70910773284435,5.600111576508882,2031,31.407216494845358,17.614179334788886,5.5833544083613065
few_moving,0,389,10881,167.83033419023135,17.70910773284435,5.600111576508882,2031,31.326478149100257,17.614183315779346,5.585287076639544
few_moving,0,390,10923,168.04615384615383,17.70910773284435,5.600111576508882,2033,31.27692307692308,17.614186889795654,5.586833196712657
few_moving,0,391,10934,167.7851662404092,17.70910773284435,5.600111576508882,2033,31.196930946291562,17.614189998108905,5.588070083460609
few_moving,0,392,10977,168.01530612244898,17.70910773284435,5.600111576508882,2034,31.13265306122449,17.614192644182037,5.589059586897124
few_moving,0,393,10988,167.75572519083968,17.70910773284435,5.600111576508882,2034,31.05343511450382,17.614194863070136,5.589851185828895
few_moving,0,394,11030,167.96954314720813,17.70910773284435,5.600111576508882,2037,31.02030456852792,17.61419670347913,5.590484462522347
few_moving,0,395,11041,167.7113924050633,17.70910773284435,5.600111576508882,2039,30.97215189873418,17.614198217597163,5.590991082305245
few_moving,0,396,11083,167.92424242424244,17.70910773284435,5.600111576508882,2043,30.954545454545457,17.61419945563761,5.591396377130414
few_moving,0,397,11095,167.68261964735518,17.70910773284435,5.600111576508882,2049,30.967254408060455,17.614178503783954,5.582914282482443
few_moving,0,398,11137,167.89447236180905,17.70910773284435,5.600111576508882,2049,30.889447236180903,17.614169239685882,5.5761283266087265
few_moving,0,399,11148,167.6390977443609,17.70910773284435,5.600111576508882,2049,30.81203007518797,17.614166626992343,5.570699382887865
few_moving,0,400,11190,167.85,17.70910773284435,5.600111576508882,2051,30.764999999999997,17.614167608061507,5.573820994913632
few_moving,0,401,11201,167.59600997506232,17.70910773284435,5.600111576508882,2054,30.733167082294266,17.614170358565428,5.577295683604449
few_moving,0,402,11244,167.82089552238807,17.70910773284435,5.600111576508882,2055,30.671641791044774,17.614173817016596,5.580075481344648
few_moving,0,403,11255,167.5682382133995,17.70910773284435,5.600111576508882,2055,30.595533498759306,17.61417738894495,5.5822993494639785
few_moving,0,404,11297,167.7772277227723,17.70910773284435,5.600111576508882,2055,30.519801980198018,17.614180761803233,5.58407846310706
few_moving,0,405,11308,167.52592592592592,17.70910773284435,5.600111576508882,2057,30.47407407407407,17.614183789896146,5.585501766268402
few_moving,0,406,11350,167.73399014778326,17.70910773284435,5.600111576508882,2057,30.39901477832512,17.614186423448686,5.58664041663394
few_moving,0,407,11362,167.4987714987715,17.70910773284435,5.600111576508882,2058,30.339066339066342,17.61418866538189,5.587551341940095
few_moving,0,408,11404,167.7058823529412,17.70910773284435,5.600111576508882,2058,30.264705882352942,17.614190545387366,5.588280085392914
few_moving,0,409,11415,167.45721271393643,17.70910773284435,5.600111576508882,2061,30.234718826405867,17.614192104725745,5.588863082205987
few_moving,0,410,11457,167.66341463414636,17.70910773284435,5.600111576508882,2063,30.19024390243903,17.614193387610356,5.589329480968255
few_moving,0,411,11468,167.4160583941606,17.70910773284435,5.600111576508882,2067,30.175182481751825,17.61419443658302,5.589702600818664
few_moving,0,412,11511,167.6359223300971,17.70910773284435,5.600111576508882,2073,30.18932038834952,17.61417668491273,5.5818942161345735
few_moving,0,413,11522,167.38983050847457,17.70910773284435,5.600111576508882,2073,30.116222760290558,17.614168836258422,5.5756477443678385
few_moving,0,414,11564,167.59420289855072,17.70910773284435,5.600111576508882,2073,30.043478260869566,17.614166622862964,5.5706507181965925
few_moving,0,415,11575,167.34939759036143,17.70910773284435,5.600111576508882,2075,30,17.61416745398605,5.573523914179704
few_moving,0,416,11617,167.5528846153846,17.70910773284435,5.600111576508882,2078,29.971153846153847,17.61416978401053,5.576721871330188
few_moving,0,417,11629,167.32374100719426,17.70910773284435,5.600111576508882,2079,29.913669064748202,17.6141727136842,5.579280197293396
few_moving,0,418,11671,167.52631578947367,17.70910773284435,5.600111576508882,2079,29.842105263157894,17.614175739428013,5.581326832605059
few_moving,0,419,11682,167.28400954653938,17.70910773284435,5.600111576508882,2079,29.7708830548926,17.61417859649909,5.582964124553997
few_moving,0,420,11724,167.4857142857143,17.70910773284435,5.600111576508882,2081,29.728571428571428,17.614181161496962,5.5842739476764205
few_moving,0,421,11735,167.24465558194774,17.70910773284435,5.600111576508882,2081,29.65795724465558,17.61418339227162,5.585321799493097
few_moving,0,422,11778,167.4597156398104,17.70910773284435,5.600111576508882,2082,29.601895734597154,17.61418529130726,5.586160076669337
few_moving,0,423,11789,167.21985815602838,17.70910773284435,5.600111576508882,2082,29.53191489361702,17.61418688376145,5.586830695672416
few_moving,0,424,11831,167.41981132075472,17.70910773284435,5.600111576508882,2085,29.504716981132077,17.614188204588988,5.587367189121916
few_moving,0,425,11842,167.18117647058824,17.70910773284435,5.600111576508882,2087,29.463529411764707,17.61418929124396,5.587796382759361
few_moving,0,426,11884,167.38028169014086,17.70910773284435,5.600111576508882,2091,29.450704225352112,17.61419017976336,5.588139736951326
few_moving,0,427,11896,167.1569086651054,17.70910773284435,5.600111576508882,2097,29.466042154566743,17.614175143042615,5.580953980512023
few_moving,0,428,11938,167.35514018691586,17.70910773284435,5.600111576508882,2097,29.39719626168224,17.614168494423335,5.575205174390805
few_moving,0,429,11949,167.11888111888112,17.70910773284435,5.600111576508882,2097,29.328671328671327,17.614166619369005,5.5706060010409555
few_moving,0,430,11991,167.31627906976743,17.70910773284435,5.600111576508882,2099,29.288372093023256,17.614167323462496,5.573250528095828
few_moving,0,431,12002,167.0812064965197,17.70910773284435,5.600111576508882,2102,29.262180974477957,17.614169297424628,5.57619411725474
few_moving,0,432,12045,167.29166666666666,17.70910773284435,5.600111576508882,2103,29.208333333333336,17.61417177945431,5.578549022169422
few_moving,0,433,12056,167.05773672055426,17.70910773284435,5.600111576508882,2103,29.140877598152425,17.614174342918623,5.580432967585829
few_moving,0,434,12098,167.25345622119815,17.70910773284435,5.600111576508882,2103,29.07373271889401,17.61417676351321,5.581940137663462
few_moving,0,435,12109,167.02068965517242,17.70910773284435,5.600111576508882,2105,29.03448275862069,17.614178936678314,5.583145882518915
few_moving,0,436,12151,167.21559633027522,17.70910773284435,5.600111576508882,2105,28.967889908256883,17.614180826692984,5.584110484029533
few_moving,0,437,12163,166.99771167048056,17.70910773284435,5.600111576508882,2106,28.91533180778032,17.614182435654257,5.584882168838023
few_moving,0,438,12205,167.1917808219178,17.70910773284435,5.600111576508882,2106,28.84931506849315,17.614183784871326,5.585499518988402
few_moving,0,439,12216,166.96127562642369,17.70910773284435,5.600111576508882,2109,28.8246013667426,17.61418490395591,5.585993400582694
few_moving,0,440,12258,167.15454545454546,17.70910773284435,5.600111576508882,2111,28.786363636363635,17.614185824638668,5.586388506801351
few_moving,0,441,12269,166.92517006802723,17.70910773284435,5.600111576508882,2115,28.775510204081634,17.614186577450575,5.58670459237994
few_moving,0,442,12312,167.13122171945702,17.70910773284435,5.600111576508882,2121,28.79185520361991,17.614173837652412,5.580089756079615
few_moving,0,443,12323,166.90293453724604,17.70910773284435,5.600111576508882,2121,28.726862302483067,17.614168204903702,5.57479805646706
few_moving,0,444,12365,167.09459459459458,17.70910773284435,5.600111576508882,2121,28.66216216216216,17.61416661640707,5.5705648053409575
few_moving,0,445,12376,166.86741573033706,17.70910773284435,5.600111576508882,2123,28.624719101123596,17.614167212879273,5.572998834342379
few_moving,0,446,12418,167.05829596412556,17.70910773284435,5.600111576508882,2126,28.600896860986545,17.61416888507839,5.575708014880345
few_moving,0,447,12430,166.84563758389262,17.70910773284435,5.600111576508882,2127,28.550335570469798,17.614170987635237,5.577875330784606
few_moving,0,448,12472,167.03571428571428,17.70910773284435,5.600111576508882,2127,28.486607142857142,17.61417315914283,5.579609165242353
few_moving,0,449,12483,166.81069042316258,17.70910773284435,5.600111576508882,2127,28.42316258351893,17.61417520960037,5.580996221113972
few_moving,0,450,12525,167,17.70910773284435,5.600111576508882,2129,28.386666666666667,17.614177050445132,5.582105858324352
few_moving,0,451,12536,166.77605321507758,17.70910773284435,5.600111576508882,2129,28.323725055432373,17.614178651426194,5.582993563299838
few_moving,0,452,12579,166.9778761061947,17.70910773284435,5.600111576508882,2130,28.274336283185843,17.61418001432582,5.583703724212199
few_moving,0,453,12590,166.75496688741723,17.70910773284435,5.600111576508882,2130,28.211920529801326,17.614181157198683,5.584271850978232
few_moving,0,454,12632,166.94273127753306,17.70910773284435,5.600111576508882,2133,28.189427312775333,17.614182105130837,5.584726351134007
few_moving,0,455,12643,166.72087912087912,17.70910773284435,5.600111576508882,2135,28.153846153846153,17.614182885002162,5.585089950454025
few_moving,0,456,12685,166.9078947368421,17.70910773284435,5.600111576508882,2139,28.144736842105264,17.61418352267556,5.585380829395064
few_moving,0,457,12697,166.70021881838076,17.70910773284435,5.600111576508882,2145,28.16192560175055,17.61417273113226,5.579293300405585
few_moving,0,458,12739,166.88646288209608,17.70910773284435,5.600111576508882,2145,28.100436681222707,17.61416795957557,5.574423133039035
few_moving,0,459,12750,166.66666666666666,17.70910773284435,5.600111576508882,2145,28.03921568627451,17.614166613898778,5.570526906975695
few_moving,0,460,12792,166.8521739130435,17.70910773284435,5.600111576508882,2147,28.004347826086953,17.614167119208965,5.5727672411412
few_moving,0,461,12803,166.63340563991324,17.70910773284435,5.600111576508882,2150,27.982646420824295,17.614168535866288,5.575260910664061
few_moving,0,462,12846,166.8311688311688,17.70910773284435,5.600111576508882,2151,27.935064935064933,17.614170317146254,5.5772558703921655
few_moving,0,463,12857,166.6133909287257,17.70910773284435,5.600111576508882,2151,27.87473002159827,17.61417215686707,5.578851853597959
few_moving,0,464,12899,166.79741379310346,17.70910773284435,5.600111576508882,2151,27.814655172413794,17.614173894052865,5.580128650029948
few_moving,0,465,12910,166.58064516129033,17.70910773284435,5.600111576508882,2153,27.780645161290323,17.61417545366496,5.581150093488817
few_moving,0,466,12952,166.76394849785407,17.70910773284435,5.600111576508882,2153,27.721030042918457,17.614176810068074,5.581967252295472
few_moving,0,467,12964,166.5610278372591,17.70910773284435,5.600111576508882,2154,27.674518201284798,17.61417796476758,5.58262098192564
few_moving,0,468,13006,166.74358974358972,17.70910773284435,5.600111576508882,2154,27.615384615384617,17.61417893305669,5.583143967283825
few_moving,0,469,13017,166.52878464818764,17.70910773284435,5.600111576508882,2157,27.594882729211086,17.61417973618697,5.5835623566288355
few_moving,0,470,13059,166.71063829787235,17.70910773284435,5.600111576508882,2159,27.561702127659576,17.614180396930607,5.5838970687821945
few_moving,0,471,13070,166.4968152866242,17.70910773284435,5.600111576508882,2163,27.55414012738854,17.614180937198764,5.584164838938357
few_moving,0,472,13113,166.6906779661017,17.70910773284435,5.600111576508882,2169,27.572033898305087,17.614171794252037,5.578561101317749
few_moving,0,473,13124,166.47780126849895,17.70910773284435,5.600111576508882,2169,27.513742071881605,17.61416775179425,5.574078232858262
few_moving,0,474,13166,166.65822784810123,17.70910773284435,5.600111576508882,2169,27.455696202531644,17.61416661177344,5.570492016017502
few_moving,0,475,13177,166.4463157894737,17.70910773284435,5.600111576508882,2171,27.42315789473684,17.614167039845345,5.572554015870656
few_moving,0,476,13219,166.62605042016807,17.70910773284435,5.600111576508882,2174,27.403361344537814,17.614168239940614,5.574849122752179
few_moving,0,477,13231,166.42767295597483,17.70910773284435,5.600111576508882,2175,27.358490566037734,17.61416974889521,5.5766851877887795
few_moving,0,478,13273,166.60669456066944,17.70910773284435,5.600111576508882,2175,27.301255230125523,17.614171307336015,5.578154026712689
few_moving,0,479,13284,166.39665970772444,17.70910773284435,5.600111576508882,2175,27.244258872651358,17.614172778903423,5.579329089461588
few_moving,0,480,13326,166.575,17.70910773284435,5.600111576508882,2177,27.2125,17.61417410003746,5.580269134289529
few_moving,0,481,13337,166.36590436590436,17.70910773284435,5.600111576508882,2177,27.15592515592515,17.61417524902728,5.581021166713596
few_moving,0,482,13380,166.55601659751036,17.70910773284435,5.600111576508882,2178,27.11203319502075,17.61417622715164,5.581622790451968
few_moving,0,483,13391,166.3478260869565,17.70910773284435,5.600111576508882,2178,27.05590062111801,17.614177047367743,5.582104088033912
few_moving,0,484,13433,166.52479338842974,17.70910773284435,5.600111576508882,2181,27.037190082644628,17.614177727679174,5.582489125197764
few_moving,0,485,13444,166.31752577319588,17.70910773284435,5.600111576508882,2183,27.00618556701031,17.614178287376937,5.582797154351707
few_moving,0,486,13486,166.49382716049382,17.70910773284435,5.600111576508882,2187,27,17.614178745022244,5.583043577305465
few_moving,0,487,13498,166.29979466119096,17.70910773284435,5.600111576508882,2193,27.01848049281314,17.61417100016303,5.577886438366263
few_moving,0,488,13540,166.47540983606558,17.70910773284435,5.600111576508882,2193,26.963114754098363,17.61416757573059,5.573760623778267
few_moving,0,489,13551,166.26993865030673,17.70910773284435,5.600111576508882,2193,26.9079754601227,17.614166609973136,5.570459905970334
few_moving,0,490,13593,166.4448979591837,17.70910773284435,5.600111576508882,2195,26.877551020408166,17.61416697262079,5.572357818901622
few_moving,0,491,13604,166.24032586558044,17.70910773284435,5.600111576508882,2198,26.859470468431773,17.614167989315913,5.574470339189252
few_moving,0,492,13647,166.4268292682927,17.70910773284435,5.600111576508882,2199,26.81707317073171,17.614169267688748,5.576160372725282
few_moving,0,493,13658,166.2231237322515,17.70910773284435,5.600111576508882,2199,26.76267748478702,17.614170588001514,5.577512410625658
few_moving,0,494,13700,166.39676113360326,17.70910773284435,5.600111576508882,2199,26.7085020242915,17.614171834726935,5.57859404802958
few_moving,0,495,13711,166.1939393939394,17.70910773284435,5.600111576508882,2201,26.67878787878788,17.61417295401239,5.5794593624851245
few_moving,0,496,13753,166.36693548387095,17.70910773284435,5.600111576508882,2201,26.624999999999996,17.61417392746053,5.58015161694973
few_moving,0,497,13765,166.17706237424548,17.70910773284435,5.600111576508882,2202,26.583501006036215,17.614174756151957,5.580705422377234
few_moving,0,498,13807,166.34939759036143,17.70910773284435,5.600111576508882,2202,26.530120481927707,17.614175451062295,5.581148467906811
few_moving,0,499,13818,166.14829659318636,17.70910773284435,5.600111576508882,2205,26.51302605210421,17.614176027443236,5.581502905090444
few_moving,0,500,13860,166.32,17.70910773284435,5.600111576508882,2207,26.483999999999998,17.614176501637736,5.581786455323693
few_moving,0,501,13871,166.1197604790419,17.70910773284435,5.600111576508882,2211,26.479041916167667,17.61417688937079,5.582013295821531
few_moving,0,502,13914,166.30278884462152,17.70910773284435,5.600111576508882,2217,26.49800796812749,17.6141703277634,5.577266099548274
few_moving,0,503,13925,166.10337972167,17.70910773284435,5.600111576508882,2217,26.445328031809144,17.614167426609484,5.573468429851617
few_moving,0,504,13967,166.27380952380952,17.70910773284435,5.600111576508882,2217,26.39285714285714,17.61416660844792,5.570430350028469
few_moving,0,505,13978,166.07524752475248,17.70910773284435,5.600111576508882,2219,26.36435643564357,17.614166915663834,5.572177186336751
few_moving,0,506,14020,166.24505928853753,17.70910773284435,5.600111576508882,2222,26.34782608695652,17.614167776941976,5.57412150582647
few_moving,0,507,14032,166.05917159763317,17.70910773284435,5.600111576508882,2223,26.30769230769231,17.614168859882014,5.575676946730772
few_moving,0,508,14074,166.22834645669292,17.70910773284435,5.600111576508882,2223,26.255905511811026,17.614169978338207,5.576921290050914
few_moving,0,509,14085,166.03143418467585,17.70910773284435,5.600111576508882,2223,26.20432220039293,17.614171034448255,5.577916758687218
few_moving,0,510,14127,166.20000000000002,17.70910773284435,5.600111576508882,2225,26.176470588235293,17.61417198259634,5.578713129742712
few_moving,0,511,14138,166.00391389432482,17.70910773284435,5.600111576508882,2225,26.1252446183953,17.614172807200827,5.579350224120392
few_moving,0,512,14181,166.18359375,17.70910773284435,5.600111576508882,2226,26.0859375,17.614173509179253,5.579859898043609
few_moving,0,513,14192,165.98830409356725,17.70910773284435,5.600111576508882,2226,26.035087719298243,17.614174097830578,5.580267636171554
few_moving,0,514,14234,166.15564202334633,17.70910773284435,5.600111576508882,2229,26.019455252918288,17.61417458607548,5.580593826027046
few_moving,0,515,14245,165.96116504854368,17.70910773284435,5.600111576508882,2231,25.992233009708734,17.61417498775863,5.580854777497416
few_moving,0,516,14287,166.12790697674419,17.70910773284435,5.600111576508882,2235,25.98837209302326,17.614175316200964,5.581063538408724
few_moving,0,517,14299,165.9458413926499,17.70910773284435,5.600111576508882,2241,26.007736943907155,17.614169757887428,5.57669459962521
few_moving,0,518,14341,166.1119691119691,17.70910773284435,5.600111576508882,2241,25.957528957528957,17.614167300255108,5.573199374385284
few_moving,0,519,14352,165.91907514450867,17.70910773284435,5.600111576508882,2241,25.90751445086705,17.61416660715585,5.5704031467345825
few_moving,0,520,14394,166.0846153846154,17.70910773284435,5.600111576508882,2243,25.880769230769232,17.614166867418263,5.572010974069576
few_moving,0,521,14405,165.89251439539348,17.70910773284435,5.600111576508882,2246,25.865642994241842,17.614167597071887,5.573800603466448
few_moving,0,522,14448,166.0689655172414,17.70910773284435,5.600111576508882,2247,25.82758620689655,17.614168514523296,5.575232319405744
few_moving,0,523,14459,165.87762906309752,17.70910773284435,5.600111576508882,2247,25.778202676864243,17.614169462072972,5.576377700104552
few_moving,0,524,14501,166.04198473282443,17.70910773284435,5.600111576508882,2247,25.729007633587788,17.61417035681056,5.577294009748596
few_moving,0,525,14512,165.85142857142858,17.70910773284435,5.600111576508882,2249,25.702857142857145,17.61417116008786,5.578027060717551
few_moving,0,526,14554,166.01520912547528,17.70910773284435,5.600111576508882,2249,25.65399239543726,17.614171858701834,5.578613503574755
few_moving,0,527,14566,165.8368121442125,17.70910773284435,5.600111576508882,2250,25.616698292220114,17.614172453428132,5.57908265919284
few_moving,0,528,14608,165.99999999999997,17.70910773284435,5.600111576508882,2250,25.568181818181817,17.614172952143726,5.579457984539909
few_moving,0,529,14619,165.8109640831758,17.70910773284435,5.600111576508882,2253,25.5538752362949,17.61417336579436,5.5797582453631795
few_moving,0,530,14661,165.97358490566035,17.70910773284435,5.600111576508882,2255,25.528301886792452,17.61417370610891,5.5799984543709655
few_moving,0,531,14672,165.78531073446328,17.70910773284435,5.600111576508882,2259,25.52542372881356,17.614173984372748,5.580190621800653
few_moving,0,532,14715,165.95864661654136,17.70910773284435,5.600111576508882,2265,25.545112781954884,17.61416927530773,5.576169037367431
few_moving,0,533,14726,165.77110694183864,17.70910773284435,5.600111576508882,2265,25.49718574108818,17.61416719323331,5.572951832505497
few_moving,0,534,14768,165.9325842696629,17.70910773284435,5.600111576508882,2265,25.44943820224719,17.61416660606126,5.570378108763389
few_moving,0,535,14779,165.74579439252338,17.70910773284435,5.600111576508882,2267,25.424299065420563,17.61416682654208,5.571857952850181
few_moving,0,536,14821,165.90671641791045,17.70910773284435,5.600111576508882,2270,25.41044776119403,17.614167444659557,5.573505099015969
few_moving,0,537,14833,165.731843575419,17.70910773284435,5.600111576508882,2271,25.374301675977655,17.614168221858943,5.574822805409194
few_moving,0,538,14875,165.8921933085502,17.70910773284435,5.600111576508882,2271,25.3271375464684,17.61416902454806,5.575876963776539
few_moving,0,539,14886,165.70686456400742,17.70910773284435,5.600111576508882,2271,25.280148423005567,17.614169782493345,5.576720286151152
few_moving,0,540,14928,165.86666666666667,17.70910773284435,5.600111576508882,2273,25.255555555555556,17.61417046295724,5.577394941285984
few_moving,0,541,14939,165.68207024029573,17.70910773284435,5.600111576508882,2273,25.20887245841035,17.614171054757016,5.577934663624071
few_moving,0,542,14982,165.85239852398524,17.70910773284435,5.600111576508882,2274,25.173431734317344,17.614171558551043,5.5783664403617435
few_moving,0,543,14993,165.6685082872928,17.70910773284435,5.600111576508882,2274,25.127071823204417,17.614171981012895,5.578711861026821
few_moving,0,544,15035,165.82720588235296,17.70910773284435,5.600111576508882,2277,25.113970588235293,17.614172331415386,5.578988197094807
few_moving,0,545,15046,165.64403669724769,17.70910773284435,5.600111576508882,2279,25.089908256880733,17.614172619694486,5.5792092656521675
few_moving,0,546,15088,165.8021978021978,17.70910773284435,5.600111576508882,2283,25.08791208791209,17.614172855410306,5.57938612030795
few_moving,0,547,15100,165.6307129798903,17.70910773284435,5.600111576508882,2289,25.107861060329068,17.61416886633581,5.575684920586936
few_moving,0,548,15142,165.78832116788323,17.70910773284435,5.600111576508882,2289,25.06204379562044,17.614167102553413,5.572723907561874
few_moving,0,549,15153,165.60655737704917,17.70910773284435,5.600111576508882,2289,25.01639344262295,17.61416660513397,5.5703550630858185
few_moving,0,550,15195,165.76363636363638,17.70910773284435,5.600111576508882,2291,24.992727272727272,17.61416679191725,5.571717142608408
few_moving,0,551,15206,165.58257713248636,17.70910773284435,5.600111576508882,2294,24.980036297640652,17.614167315569354,5.573233234436257
few_moving,0,552,15249,165.75000000000003,17.70910773284435,5.600111576508882,2295,24.945652173913047,17.61416797399811,5.574446116814423
few_moving,0,553,15260,165.56962025316454,17.70910773284435,5.600111576508882,2295,24.900542495479204,17.61416865402705,5.575416428421553
few_moving,0,554,15302,165.7256317689531,17.70910773284435,5.600111576508882,2295,24.855595667870038,17.614169296153918,5.576192681357396
few_moving,0,555,15313,165.54594594594593,17.70910773284435,5.600111576508882,2297,24.83243243243243,17.61416987264216,5.576813686041748
few_moving,0,556,15355,165.70143884892084,17.70910773284435,5.600111576508882,2297,24.78776978417266,17.614170374016457,5.577310491283855
few_moving,0,557,15367,165.53321364452424,17.70910773284435,5.600111576508882,2298,24.754039497307005,17.61417080083356,5.577707936433991
few_moving,0,558,15409,165.68817204301075,17.70910773284435,5.600111576508882,2298,24.709677419354836,17.614171158746597,5.578025893166175
few_moving,0,559,15420,165.5098389982111,17.70910773284435,5.600111576508882,2301,24.697674418604652,17.61417145561104,5.57828025894362
few_moving,0,560,15462,165.6642857142857,17.70910773284435,5.600111576508882,2303,24.675,17.614171699844373,5.57848375181625
few_moving,0,561,15473,165.4866310160428,17.70910773284435,5.600111576508882,2307,24.67379679144385,17.614171899545788,5.5786465462747765
few_moving,0,562,15516,165.6512455516014,17.70910773284435,5.600111576508882,2313,24.693950177935942,17.614168519991075,5.575239659403467
few_moving,0,563,15527,165.47424511545293,17.70910773284435,5.600111576508882,2313,24.650088809946716,17.614167025745697,5.572514194903251
few_moving,0,564,15569,165.62765957446808,17.70910773284435,5.600111576508882,2313,24.606382978723406,17.614166604348416,5.570333852118849
few_moving,0,565,15580,165.45132743362834,17.70910773284435,5.600111576508882,2315,24.58407079646018,17.614166762581725,5.571587511986704
few_moving,0,566,15622,165.6042402826855,17.70910773284435,5.600111576508882,2318,24.57243816254417,17.61416720618885,5.572982904794304
few_moving,0,567,15634,165.43915343915347,17.70910773284435,5.600111576508882,2319,24.53968253968254,17.614167763965472,5.574099211477387
few_moving,0,568,15676,165.59154929577463,17.70910773284435,5.600111576508882,2319,24.496478873239436,17.61416834003583,5.5749922519823105
few_moving,0,569,15687,165.41652021089632,17.70910773284435,5.600111576508882,2319,24.453427065026364,17.614168883994942,5.575706681287032
few_moving,0,570,15729,165.56842105263158,17.70910773284435,5.600111576508882,2321,24.431578947368422,17.61416937234774,5.57627822274699
few_moving,0,571,15740,165.3940455341506,17.70910773284435,5.600111576508882,2321,24.38879159369527,17.614169797068552,5.5767354546451475
few_moving,0,572,15783,165.55594405594405,17.70910773284435,5.600111576508882,2322,24.356643356643357,17.614170158629815,5.5771012393509105
few_moving,0,573,15794,165.38219895287958,17.70910773284435,5.600111576508882,2322,24.314136125654446,17.614170461820933,5.57739386659531
few_moving,0,574,15836,165.53310104529615,17.70910773284435,5.600111576508882,2325,24.303135888501743,17.614170713296758,5.5776279680578735
few_moving,0,575,15847,165.35999999999999,17.70910773284435,5.600111576508882,2327,24.28173913043478,17.61417092018808,5.5778152490148205
few_moving,0,576,15889,165.51041666666669,17.70910773284435,5.600111576508882,2331,24.28125,17.61417108935596,5.577965073643986
few_moving,0,577,15901,165.3483535528596,17.70910773284435,5.600111576508882,2337,24.301559792027728,17.614168226490744,5.574829560680804
few_moving,0,578,15943,165.49826989619376,17.70910773284435,5.600111576508882,2337,24.259515570934255,17.614166960667962,5.572321112103019
few_moving,0,579,15954,165.32642487046633,17.70910773284435,5.600111576508882,2337,24.217616580310878,17.61416660368292,5.570314328802064
few_moving,0,580,15996,165.4758620689655,17.70910773284435,5.600111576508882,2339,24.196551724137933,17.61416673773222,5.571468221801615
few_moving,0,581,16007,165.30464716006884,17.70910773284435,5.600111576508882,2342,24.18588640275387,17.614167113542855,5.57275258562307
few_moving,0,582,16050,165.4639175257732,17.70910773284435,5.600111576508882,2343,24.154639175257735,17.614167586078608,5.573780083079594
few_moving,0,583,16061,165.29331046312177,17.70910773284435,5.600111576508882,2343,24.11320754716981,17.61416807411591,5.574602085139446
few_moving,0,584,16103,165.44178082191783,17.70910773284435,5.600111576508882,2343,24.07191780821918,17.61416853495175,5.575259689407406
few_moving,0,585,16114,165.27179487179487,17.70910773284435,5.600111576508882,2345,24.05128205128205,17.61416894868049,5.575785774498375
few_moving,0,586,16156,165.41979522184297,17.70910773284435,5.600111576508882,2345,24.01023890784983,17.61416930850204,5.576206643644046
few_moving,0,587,16168,165.26064735945485,17.70910773284435,5.600111576508882,2346,23.979557069846678,17.614169614816014,5.576543339647169
few_moving,0,588,16210,165.40816326530611,17.70910773284435,5.600111576508882,2346,23.938775510204078,17.61416987167953,5.576812696889052
few_moving,0,589,16221,165.23938879456705,17.70910773284435,5.600111576508882,2349,23.928692699490664,17.614170084730254,5.577028182963746
few_moving,0,590,16263,165.38644067796608,17.70910773284435,5.600111576508882,2351,23.908474576271185,17.61417026000919,5.577200572003451
few_moving,0,591,16274,165.21827411167513,17.70910773284435,5.600111576508882,2355,23.908629441624367,17.614170403328888,5.57733848335038
few_moving,0,592,16317,165.375,17.70910773284435,5.600111576508882,2361,23.929054054054053,17.614167977922147,5.574452334838709
few_moving,0,593,16328,165.20741989881955,17.70910773284435,5.600111576508882,2361,23.888701517706576,17.61416690554447,5.572143448328317
few_moving,0,594,16370,165.35353535353534,17.70910773284435,5.600111576508882,2361,23.848484848484848,17.61416660311915,5.5702963598021515
few_moving,0,595,16381,165.18655462184873,17.70910773284435,5.600111576508882,2363,23.828571428571433,17.614166716679044,5.571358406105902
few_moving,0,596,16423,165.33221476510067,17.70910773284435,5.600111576508882,2366,23.818791946308725,17.614167035044478,5.572540523691156
few_moving,0,597,16435,165.17587939698493,17.70910773284435,5.600111576508882,2367,23.78894472361809,17.614167435346705,5.573486212332115
few_moving,0,598,16477,165.3210702341137,17.70910773284435,5.600111576508882,2367,23.74916387959866,17.614167848778127,5.5742427597707005
few_moving,0,599,16488,165.15525876460768,17.70910773284435,5.600111576508882,2367,23.709515859766277,17.614168239164286,5.574847995497712
few_moving,0,600,16530,165.3,17.70910773284435,5.600111576508882,2369,23.69,17.614168589643285,5.575332182655857
many_moving,0,0,0,,18.187917130173428,17.241615522676813,0,,18.187917130173428,17.241615522676813
many_moving,0,1,0,0,18.187917130173428,17.241615522676813,40,240,9.71925545534382,8.671952980516783
many_moving,0,2,40,120,9.71925545534382,8.671952980516783,100,300,9.338903701631319,8.251908408360645
many_moving,0,3,54,108,9.338903701631319,8.251908408360645,161,322,8.93949353512566,7.829126361438341
many_moving,0,4,100,150,8.942347136253842,7.831742875282264,222,333,8.541787711460262,7.408819401737041
many_moving,0,5,114,136.8,8.544469169479086,7.411296399012016,283,339.6,8.149751638438968,6.999642103039619
many_moving,0,6,161,161,8.154433904343602,7.0025855668949415,344,343.99999999999994,7.766169919410198,6.609136313130262
many_moving,0,7,175,150,7.770897587765048,6.61303031465155,396,339.42857142857144,7.390848559320969,6.242343413596089
many_moving,0,8,222,166.5,7.398842253207116,6.249450838380746,402,301.5,7.022234695940272,5.8938744240388194
many_moving,0,9,236,157.33333333333334,7.0284007310400085,5.900624910567252,402,268.00000000000006,6.6629841304946185,5.5641609800667124
many_moving,0,10,283,169.8,6.6645072689101,5.566811339706457,402,241.20000000000002,6.316726627695384,5.256257047150379
many_moving,0,11,297,162,6.301841628895534,5.2429472946171565,402,219.2727272727273,5.981778901480819,4.967244044046627
many_moving,0,12,344,171.99999999999997,5.946975116328617,4.9329046511194345,402,201,5.656506947521076,4.694929208763343
many_moving,0,13,358,165.2307692307692,5.591100658820705,4.627669419876681,402,185.53846153846155,5.339959611001856,4.437994290661186
many_moving,0,14,405,173.57142857142856,5.239853437645369,4.330668271436994,402,172.2857142857143,5.0317342270097924,4.19367217026098
many_moving,0,15,419,167.6,4.887311168143124,4.034778096264554,402,160.8,4.731898131458634,3.958268086053984
many_moving,0,16,466,174.75,4.538443230773871,3.744603181789393,402,150.75,4.44095412363382,3.72933432486841
many_moving,0,17,480,169.41176470588235,4.18866915073562,3.4535676273682556,402,141.8823529411765,4.159842223892155,3.5055995875427834
many_moving,0,18,527,175.66666666666669,3.8428678017996525,3.166899700977642,402,134.00000000000003,3.9019606794082513,3.295476414214943
many_moving,0,19,541,170.84210526315792,3.4996126599146824,2.8812230027378196,402,126.94736842105264,3.6675051338598164,3.099566292709988
many_moving,0,20,588,176.4,3.1656305244120975,2.604976335362397,402,120.60000000000001,3.4608294684002647,2.918994908001679
many_moving,0,21,602,172.00000000000003,2.8339848253237556,2.3300250895150407,408,116.57142857142857,3.285223707024247,2.754308082038377
many_moving,0,22,649,177.00000000000003,2.5247692509083555,2.0720612605403472,425,115.90909090909092,2.9450120741767694,2.425417496044803
many_moving,0,23,663,172.9565217391304,2.229181682395714,1.8217099430275254,425,110.8695652173913,2.650217640074895,2.133641846050082
many_moving,0,24,710,177.5,1.9734736825023256,1.6023551747660156,425,106.25,2.413926839613011,1.898880883583984
many_moving,0,25,724,173.76000000000002,1.7448769688134604,1.4049283940579098,425,102,2.232158186474386,1.7155986956518106
many_moving,0,26,771,177.9230769230769,1.55728082021223,1.240200371642399,425,98.07692307692308,2.0926345772587402,1.5738237095941456
many_moving,0,27,785,174.44444444444443,1.3869236654326085,1.0915601104694437,425,94.44444444444444,1.9856005353080535,1.4649306340658323
many_moving,0,28,832,178.28571428571428,1.2456128463341456,0.9672341103651675,425,91.07142857142857,1.9034144893255804,1.3812629496974176
many_moving,0,29,846,175.03448275862067,1.1148105808150162,0.854292018335277,425,87.93103448275862,1.8401700128351046,1.3167289470465224
many_moving,0,30,893,178.6,1.005445203208151,0.7596612082248895,425,85,1.7913508696130782,1.2668115398140452
many_moving,0,31,907,175.54838709677418,0.9028951035971554,0.6731248391411877,425,82.25806451612902,1.7535295552053123,1.228150430925928
many_moving,0,32,954,178.875,0.8166551343426403,0.6004946405531845,425,79.6875,1.724115372290192,1.1981944681694396
many_moving,0,33,968,175.99999999999997,0.7350650444231756,0.5336451279536835,425,77.27272727272727,1.7011520402590345,1.1749754628084534
many_moving,0,34,1015,179.11764705882354,0.6661665919919701,0.4774422255429986,425,75,1.6831600929269888,1.156962663786673
many_moving,0,35,1029,176.4,0.6005754982923619,0.42539362450117324,425,72.85714285714285,1.6690169134212787,1.142965280894211
many_moving,0,36,1076,179.33333333333334,0.5450243405847389,0.38156164832302125,431,71.83333333333334,1.6578667952428667,1.132061621500877
many_moving,0,37,1090,176.75675675675674,0.4919085070181911,0.3407390708931134,448,72.64864864864865,1.460515033313816,1.0008536046011114
many_moving,0,38,1137,179.5263157894737,0.44682998972274224,0.3063068795599191,448,70.73684210526315,1.3044197780456863,0.8874944599001516
many_moving,0,39,1151,177.07692307692307,0.4035959186300476,0.27407489678286806,448,68.92307692307692,1.1835818221705539,0.7999693523172338
many_moving,0,40,1198,179.70000000000002,0.3668508010140039,0.24684903679461406,448,67.2,1.0903746214218621,0.7332647559694129
many_moving,0,41,1212,177.3658536585366,0.33153391384661196,0.22124788229442166,448,65.5609756097561,1.0186472662325707,0.6843647841157207
many_moving,0,42,1259,179.8571428571429,0.30148738562862215,0.19959450262046702,448,64,0.9634966294126835,0.6499867256021156
many_moving,0,43,1273,177.62790697674419,0.27256563685876295,0.1791532266048867,448,62.51162790697674,0.9210662443252566,0.6251175411194502
many_moving,0,44,1320,180,0.24794255598960932,0.1618437215268284,448,61.09090909090909,0.8883619580985972,0.6065729935839965
many_moving,0,45,1334,177.86666666666667,0.22421648154319213,0.14544774069644434,448,59.73333333333333,0.8630842797364504,0.5925717843512228
many_moving,0,46,1381,180.1304347826087,0.20400689390380455,0.13154934638379723,448,58.43478260869564,0.8434810484891268,0.5819201398271275
many_moving,0,47,1395,178.08510638297872,0.18451926984544442,0.11834621111011065,448,57.191489361702125,0.8282232694865269,0.5737650180550027
many_moving,0,48,1442,180.24999999999997,0.16791422879540413,0.10714414004238368,448,55.99999999999999,0.8163044733429621,0.5674845941491385
many_moving,0,49,1456,178.28571428571428,0.15189413828313786,0.09647609226057836,448,54.857142857142854,0.8069617010358343,0.5626214447322168
many_moving,0,50,1503,180.36,0.1382404253577126,0.08741775781144333,448,53.75999999999999,0.7996149289055368,0.5588368549069401
many_moving,0,51,1517,178.47058823529412,0.12506291430130467,0.07877308754428099,454,53.411764705882355,0.7938213840168452,0.5558783875352805
many_moving,0,52,1564,180.46153846153845,0.11382999362508374,0.07142782422781772,471,54.34615384615385,0.7115476788481474,0.48999555410915824
many_moving,0,53,1578,178.64150943396228,0.10298606365441812,0.06440546485168486,471,53.320754716981135,0.6513811879264778,0.43340309143070527
many_moving,0,54,1625,180.55555555555554,0.09374126071180579,0.058435163413681566,471,52.333333333333336,0.6086985347701293,0.39025052452992115
many_moving,0,55,1639,178.8,0.08481497903469606,0.05271866566592974,471,51.38181818181818,0.5788380542180637,0.3581737489361889
many_moving,0,56,1686,180.64285714285714,0.07720439684773228,0.047856146038185124,471,50.464285714285715,0.5581477908223539,0.33641569018487977
many_moving,0,57,1700,178.94736842105263,0.06985508208391732,0.043194348439251865,471,49.578947368421055,0.5438841840381908,0.32459835229170475
many_moving,0,58,1747,180.72413793103448,0.06358865878570127,0.03922726404331711,471,48.724137931034484,0.5340595563017455,0.3177092563040066
many_moving,0,59,1761,179.08474576271186,0.05753680292426968,0.03541978888045827,471,47.898305084745765,0.5272738475837213,0.31379938273543206
many_moving,0,60,1808,180.8,0.05237644909762544,0.0321785232413761,471,47.1,0.5225603732260354,0.3117163287205028
many_moving,0,61,1822,179.21311475409837,0.04739246364921761,0.029064785219899664,471,46.32786885245902,0.5192601580767692,0.3107274629263146
many_moving,0,62,1869,180.87096774193546,0.04314254742612944,0.026413260186054145,471,45.58064516129032,0.5169271165759076,0.31037166020498946
many_moving,0,63,1883,179.33333333333334,0.03903769100720422,0.023864058956955585,471,44.857142857142854,0.5152600083127284,0.3103647020840635
many_moving,0,64,1930,180.9375,0.03553734869889817,0.021692689126846167,471,44.15625,0.5140551722199078,0.3105356300459727
many_moving,0,65,1944,179.44615384615386,0.03215636824469718,0.019603722433521105,471,43.47692307692308,0.5131743674003991,0.31078440234468674
many_moving,0,66,1991,180.99999999999997,0.029273256336963545,0.01782396836177825,477,43.36363636363636,0.5125231673001642,0.3110545297960072
many_moving,0,67,2005,179.55223880597015,0.026488391846359843,0.016110787337387408,494,44.23880597014925,0.4257491276912291,0.25912378787239715
many_moving,0,68,2052,181.05882352941177,0.024113590260756414,0.014650911875221925,494,43.588235294117645,0.3623231836555459,0.22244521872917788
many_moving,0,69,2066,179.6521739130435,0.02181967492736363,0.013244969701742122,494,42.95652173913044,0.31805176980453165,0.19828916407283104
many_moving,0,70,2113,181.1142857142857,0.01986351773961333,0.012046708464188437,494,42.34285714285714,0.28875072079179237,0.1820785600367874
many_moving,0,71,2127,179.74647887323943,0.017973964257431727,0.010892245475326185,494,41.74647887323943,0.2705497843361992,0.1721640050300098
many_moving,0,72,2174,181.16666666666669,0.01636262226430363,0.00990817808944444,494,41.166666666666664,0.2600812792229135,0.16853968368369487
many_moving,0,73,2188,179.8356164383562,0.014806129723173066,0.008959752142060786,494,40.6027397260274,0.2546675864283328,0.16676425641439171
many_moving,0,74,2235,181.2162162162162,0.013478805271120243,0.008151215171259923,494,40.05405405405405,0.2523628850705459,0.1659400118026165
many_moving,0,75,2249,179.92000000000002,0.012196654160134613,0.007371733638439133,494,39.519999999999996,0.25185547328765173,0.16568221340658779
many_moving,0,76,2296,181.26315789473685,0.011103276196988605,0.006707155369956118,494,39,0.2523115204023295,0.16576191161891002
many_moving,0,77,2310,179.99999999999997,0.010047104663416493,0.0060662998207183004,494,38.49350649350649,0.25322560889020107,0.16602992818356296
many_moving,0,78,2357,181.3076923076923,0.009146433436626586,0.005519865860402853,494,38,0.254304799991483,0.16638828048327095
many_moving,0,79,2371,180.0759493670886,0.008276408109325697,0.004992826095836347,494,37.51898734177215,0.2553880557288795,0.16677465397860688
many_moving,0,80,2418,181.35000000000002,0.007534475899297145,0.0045434059730600045,494,37.050000000000004,0.25639362707274094,0.16715169039853806
many_moving,0,81,2432,180.14814814814812,0.006817786640758218,0.00410985915851494,500,37.03703703703704,0.2572859802132569,0.16749899249884287
many_moving,0,82,2479,181.390243902439,0.006206614476805808,0.003740140011666267,517,37.829268292682926,0.20437636849575477,0.1379854503581127
many_moving,0,83,2493,180.21686746987953,0.00561623533120492,0.003383424979178055,517,37.373493975903614,0.17446221521375155,0.11670446688395726
many_moving,0,84,2540,181.42857142857144,0.00511277656422225,0.0030792103457124497,517,36.92857142857143,0.16331284954280165,0.10272122070405784
many_moving,0,85,2554,180.28235294117647,0.0046264456097442255,0.0027856580112375234,517,36.49411764705882,0.16446962775654092,0.09552978461731365
many_moving,0,86,2601,181.46511627906978,0.004211716074687876,0.0025352988302111703,517,36.06976744186046,0.17182659910810183,0.09625424455193136
many_moving,0,87,2615,180.3448275862069,0.00381109537908658,0.002293687982639258,517,35.6551724137931,0.18136412523213094,0.10389510915667988
many_moving,0,88,2662,181.5,0.0034694570949240005,0.0020876198781473133,517,35.25000000000001,0.19098930117033144,0.1125147814684907
many_moving,0,89,2676,180.40449438202248,0.003139440903092026,0.0018887340032586555,517,34.853932584269664,0.19978266084213478,0.12038285527965802
many_moving,0,90,2723,181.53333333333333,0.002858012152303278,0.001719100291973807,517,34.46666666666667,0.20742767798421233,0.1270884141969281
many_moving,0,91,2737,180.46153846153845,0.002586157105331131,0.0015553660678822602,517,34.08791208791209,0.21389205912369616,0.1326444543192755
many_moving,0,92,2784,181.56521739130432,0.0023543265620146712,0.0014157101140195927,517,33.71739130434783,0.21926657743828074,0.13718592644436686
many_moving,0,93,2798,180.51612903225808,0.002130382396297815,0.001280902101635225,517,33.35483870967742,0.22368663403190636,0.14087079970793076
many_moving,0,94,2845,181.59574468085106,0.0019394089314514757,0.0011659159153857,517,33,0.22729520209968984,0.14384756872549115
many_moving,0,95,2859,180.56842105263158,0.0017549319231628673,0.001054915024433224,517,32.65263157894737,0.23022625638990477,0.14624562770853736
many_moving,0,96,2906,181.625,0.0015976149675579507,0.0009602335776472234,523,32.68749999999999,0.23259830196679412,0.14817390028793445
many_moving,0,97,2920,180.6185567010309,0.0014456495242015533,0.0008688293064088466,540,33.402061855670105,0.16434064126573325,0.10163615999887092
many_moving,0,98,2967,181.6530612244898,0.001316057542148643,0.0007908620809413435,540,33.06122448979592,0.11547222166137949,0.06791979864000504
many_moving,0,99,2981,180.66666666666669,0.0011908739220882524,0.0007155904497970739,540,32.72727272727273,0.08677739977194708,0.05338874854887073
many_moving,0,100,3028,181.68,0.001084120747892617,0.0006513833589471676,540,32.4,0.07858336194625105,0.05045818320469375
many_moving,0,101,3042,180.7128712871287,0.000980999010716297,0.0005893939925436813,540,32.07920792079208,0.08482977755269305,0.051715348066303624
many_moving,0,102,3089,181.70588235294116,0.0008930596085521548,0.0005365161151756533,540,31.764705882352942,0.0967469319880707,0.05695056216667012
many_moving,0,103,3103,180.7572815533981,0.0008081116455941165,0.00048546315871876133,540,31.45631067961165,0.10933188641457946,0.06382353757084125
many_moving,0,104,3150,181.73076923076923,0.0007356703425750517,0.0004419137685335549,540,31.153846153846153,0.12074871392974215,0.07091015962797545
many_moving,0,105,3164,180.79999999999998,0.0006656932746491046,0.0003998663139936782,540,30.857142857142858,0.13051818298758067,0.07734065268246718
many_moving,0,106,3211,181.7547169811321,0.0006060187427029851,0.0003639985263041119,540,30.566037735849058,0.1386539876865773,0.08283902197331398
many_moving,0,107,3225,180.8411214953271,0.0005483741559425347,0.0003293670239098193,540,30.280373831775698,0.14533275793497127,0.08740846510446292
many_moving,0,108,3272,181.77777777777777,0.0004992164275717052,0.0002998250609813718,540,30,0.15076999758766776,0.09115072125000052
many_moving,0,109,3286,180.88073394495413,0.00045173089313538966,0.0002713008386094757,540,29.724770642201836,0.15517366643034725,0.09419069452885975
many_moving,0,110,3333,181.8,0.00041123652739639835,0.0002469684643999749,540,29.454545454545457,0.1587281724581467,0.09664824044808693
many_moving,0,111,3347,180.9189189189189,0.0003721196536887146,0.00022347400280136085,546,29.513513513513512,0.161590630176589,0.09862888251450477
many_moving,0,112,3394,181.82142857142856,0.0003387618533824176,0.00020343212441940704,563,30.160714285714285,0.10105816342217976,0.06058263832633617
many_moving,0,113,3408,180.9557522123894,0.0003065387807185845,0.0001840801633980008,563,29.893805309734514,0.05888765413992878,0.036798281463284975
many_moving,0,114,3455,181.8421052631579,0.00027905982568364983,0.00016757195988499754,563,29.63157894736842,0.04356624548960019,0.027815319227020963
many_moving,0,115,3469,180.99130434782606,0.00025251561799391177,0.000151631858675877,563,29.373913043478257,0.05559370750175162,0.031775876113658674
many_moving,0,116,3516,181.86206896551724,0.0002298794438634446,0.0001380340938593033,563,29.120689655172413,0.07491048020128853,0.04524430133314235
many_moving,0,117,3530,181.02564102564102,0.00020801328067369184,0.0001249041529661995,563,28.871794871794872,0.09290303122862999,0.05795563853233664
many_moving,0,118,3577,181.8813559322034,0.00018936641504036552,0.00011370357090022165,563,28.627118644067796,0.10811169259347173,0.06836088340573374
many_moving,0,119,3591,181.05882352941177,0.00017135385653096793,0.00010288825483825699,563,28.386554621848738,0.1206005818302062,0.07676303619478503
many_moving,0,120,3638,181.9,0.00015599323961193543,0.00009366215397016753,563,28.15,0.13073783056088895,0.08351778629292783
many_moving,0,121,3652,181.0909090909091,0.2710485780998722,0.2338114530529333,596,29.553719008264466,0.3003214304401144,0.26426294530709227
many_moving,0,122,3699,181.91803278688525,0.5215531864579493,0.4496659253227643,641,31.524590163934427,0.5030261208791821,0.42974158167826493
many_moving,0,123,3713,181.12195121951223,0.6739695446477758,0.5846750641575933,685,33.41463414634146,0.6694300880264561,0.5738428254441661
many_moving,0,124,3758,181.83870967741933,0.8377142135729306,0.727806116173084,728,35.2258064516129,0.8139301782181314,0.7008325557491151
many_moving,0,125,3770,180.95999999999998,0.9465235261835628,0.8239857327563327,770,36.96,0.9425704701996397,0.8129995568996431
many_moving,0,126,3814,181.6190476190476,1.0745488227519269,0.9375409973409325,813,38.71428571428571,1.0597903633059378,0.9166276286158885
many_moving,0,127,3826,180.75590551181102,1.1820269854677998,1.032126958460863,858,40.53543307086614,1.1618616240769561,1.0129262442152838
many_moving,0,128,3868,181.3125,1.3064670854254103,1.139655539905034,899,42.140625,1.270311792591063,1.1131892642751577
many_moving,0,129,3880,180.46511627906978,1.3679322671463052,1.1993405308158542,940,43.72093023255814,1.3856660456317176,1.21910081884527
many_moving,0,130,3923,181.06153846153848,1.4549303255316037,1.2784049951428964,981,45.276923076923076,1.498406313316602,1.3213964959991897
many_moving,0,131,3936,180.27480916030538,1.487197203781725,1.3102027943895185,1020,46.7175572519084,1.5989933783490513,1.4086532973205512
many_moving,0,132,3977,180.77272727272725,1.5333185191658412,1.3543381632087734,1058,48.090909090909086,1.7139087055409956,1.5040583369475171
many_moving,0,133,3989,179.9548872180451,1.3891068862091394,1.0644327134145009,1096,49.44360902255639,1.8399984972056365,1.605943788337323
many_moving,0,134,4030,180.44776119402985,1.448475178009746,1.0807342731477454,1134,50.776119402985074,1.9708345769771116,1.7093090267913023
many_moving,0,135,4045,179.77777777777777,1.5095626026478686,1.0837807388657397,1172,52.08888888888889,2.086650970047384,1.7956268628694325
many_moving,0,136,4085,180.22058823529412,1.6051751983989948,1.1140376652346982,1210,53.38235294117647,2.2107201424048775,1.8826475261164368
many_moving,0,137,4097,179.43065693430657,15.274528989856382,5.379078225329936,1248,54.65693430656935,2.333934169226081,1.958602534040755
many_moving,0,138,4136,179.82608695652175,15.353154028137086,5.409671049177801,1286,55.913043478260875,2.4673890952092012,2.0426320782042677
many_moving,0,139,4148,179.0503597122302,15.431935420323105,5.422396871668723,1324,57.15107913669065,2.6081575085133983,2.1324582123922995
many_moving,0,140,4187,179.44285714285712,15.513228166218589,5.4581806677523925,1362,58.37142857142856,2.7544137715737578,2.2266155201361952
many_moving,0,141,4199,178.68085106382978,15.594655541027917,5.475706363439223,1401,59.61702127659574,2.9052301109616914,2.325155225887527
many_moving,0,142,4237,179.0281690140845,15.678581951219785,5.516695879723836,1442,60.92957746478873,3.0527566615124333,2.4111279019805627
many_moving,0,143,4248,178.23776223776224,15.762758624949951,5.541913083370967,1478,62.01398601398602,3.201064402941372,2.482149532090375
many_moving,0,144,4285,178.54166666666669,15.849455801250537,5.590489315065939,1514,63.083333333333336,3.288073409946466,2.5039071618954263
many_moving,0,145,4295,177.7241379310345,15.936547350253615,5.626412842088494,1554,64.30344827586208,3.411397200629094,2.5556289857606735
many_moving,0,146,4332,178.02739726027397,16.025428321315548,5.674264348734551,1594,65.50684931506851,3.5322767456046757,2.610539150609194
many_moving,0,147,4342,177.22448979591834,16.1139513767389,5.700154191033311,1634,66.6938775510204,3.6126537283887337,2.676693056470974
many_moving,0,148,4379,177.527027027027,16.203845623907668,5.6984710430482455,1677,67.98648648648648,3.7241162904533676,2.7817955123594227
many_moving,0,149,4389,176.73825503355704,16.293519226948405,5.725691622425874,1723,69.38255033557047,3.6887124649201204,2.2314271009426867
many_moving,0,150,4425,177,16.386439200389493,5.791451103110618,1768,70.72,3.828273507098355,2.392983079603592
many_moving,0,151,4432,176.10596026490066,16.478196647869485,5.807708153750643,1805,71.72185430463577,3.9539072072930233,2.4395035444950914
many_moving,0,152,4467,176.32894736842107,16.57026640013716,5.817881040223608,1839,72.5921052631579,16.51876954952592,5.964119223565785
many_moving,0,153,4473,175.41176470588238,16.664080202869144,5.831081405218366,1873,73.45098039215688,16.610892472024936,5.975180226214311
many_moving,0,154,4508,175.63636363636363,16.760096524016962,5.865713503179992,1904,74.18181818181817,16.705777476516293,6.004670795112914
many_moving,0,155,4514,174.73548387096773,16.85758066235134,5.899461738222373,1934,74.86451612903225,16.802836619070362,6.046991509510782
many_moving,0,156,4549,174.96153846153845,16.95470152723304,5.9236366870094805,1964,75.53846153846153,16.90171383269478,6.098711693913886
many_moving,0,157,4555,174.0764331210191,17.044073401360556,5.7698240804684975,1991,76.08917197452229,17.00218680220345,6.157085179679628
many_moving,0,158,4591,174.34177215189874,17.15142002166697,5.958481611213394,2016,76.55696202531645,17.104112374919833,6.220302534100309
many_moving,0,159,4599,173.54716981132074,17.251878531051485,5.987773742870804,2047,77.24528301886792,17.206509115343884,6.275873518002552
many_moving,0,160,4636,173.85000000000002,17.353475377700473,6.025916480907145,2077,77.8875,17.31042592482185,6.337216840864401
many_moving,0,161,4644,173.06832298136646,17.45562570252982,6.056342580038052,2107,78.52173913043478,17.413644558628835,6.381886154040731
many_moving,0,162,4682,173.4074074074074,17.55887642122472,6.095446880324814,2137,79.14814814814814,17.51609704537806,6.4171830288275915
many_moving,0,163,4690,172.63803680981593,17.662201705632416,6.122172312193868,2166,79.73006134969324,17.619373083915143,6.454519990704325
many_moving,0,164,4727,172.9390243902439,17.764291451970124,6.132690780165886,2201,80.52439024390243,17.717487371427787,6.442862962751688
many_moving,0,165,4735,172.1818181818182,17.867671756245837,6.139142480820079,2237,81.34545454545454,17.812753554083567,6.3871971898379565
many_moving,0,166,4773,172.51807228915663,17.966176016978846,6.156909467129091,2274,82.19277108433735,17.90521605968382,6.339203487852538
many_moving,0,167,4783,171.84431137724553,17.96547338247281,6.142706014287552,2312,83.06586826347305,17.90117050588376,6.281745033933965
many_moving,0,168,4821,172.17857142857144,17.96523910196279,6.13789454516894,2351,83.96428571428572,17.89853547590016,6.240242565408867
many_moving,0,169,4830,171.47928994082838,17.964648696827712,6.121245367967638,2388,84.7810650887574,17.896739520644353,6.209452444408845
many_moving,0,170,4867,171.77647058823527,17.964604738012607,6.117626754155749,2418,85.34117647058824,17.894946696062444,6.169345280606981
many_moving,0,171,4874,171.01754385964912,17.964434748069888,6.108247243282136,2447,85.85964912280701,17.89379399586107,6.1387875744427145
many_moving,0,172,4912,171.34883720930233,17.96473220350374,6.110609481845044,2479,86.47674418604652,17.89319622284916,6.1204884640980985
many_moving,0,173,4919,170.60115606936415,17.964915685795756,6.10795167705053,2508,86.98265895953757,17.892971802039458,6.111697724969554
many_moving,0,174,4956,170.89655172413794,17.96552747263283,6.115946693506297,2537,87.48275862068965,17.893027911072974,6.10927386853022
many_moving,0,175,4963,170.16000000000003,17.966131445769918,6.1213251492307705,2570,88.11428571428571,17.935468331574175,6.8014296689824985
many_moving,0,176,5001,170.48863636363637,18.01370771258231,6.872207935112198,2606,88.84090909090911,17.93054824053544,6.738320851994658
many_moving,0,177,5012,169.89830508474574,18.007749594714898,6.804952636330048,2636,89.35593220338983,17.928034296266226,6.6957838512126555
many_moving,0,178,5050,170.22471910112358,18.00514958777153,6.762105169917763,2665,89.8314606741573,17.925365835286353,6.65850588048635
many_moving,0,179,5060,169.60893854748602,18.00096142957403,6.713073380090686,2694,90.30167597765362,17.922770408908168,6.626307315551612
many_moving,0,180,5099,169.96666666666667,17.998660614874357,6.680831404455785,2723,90.76666666666667,17.920536756481017,6.599559393824736
many_moving,0,181,5109,169.35911602209944,17.98908228338671,6.577306129913003,2739,90.79558011049723,17.912708196021377,6.516516275697734
many_moving,0,182,5149,169.74725274725276,17.982279421018326,6.490901288573662,2741,90.36263736263737,17.90734022946399,6.45210920980765
many_moving,0,183,5159,169.14754098360655,17.97710905590241,6.415760405555254,2741,89.86885245901641,17.903574866633868,6.401924548055232
many_moving,0,184,5198,169.49999999999997,17.973272908221777,6.351572579066915,2741,89.3804347826087,17.900902024990465,6.362566504714089
many_moving,0,185,5208,168.90810810810808,17.97011992289121,6.2927296813141105,2743,88.96216216216216,17.89912771673431,6.334627247810784
many_moving,0,186,5247,169.25806451612905,17.967733224835033,6.242411569445973,2743,88.48387096774194,17.897842161266514,6.312558914307781
many_moving,0,187,5258,168.70588235294116,17.96565830422072,6.194530444036404,2747,88.13903743315508,17.89674574389625,6.2904675035565685
many_moving,0,188,5297,169.05319148936172,17.964072117373746,6.153529982215924,2747,87.67021276595744,17.895942908138874,6.2729728518660455
many_moving,0,189,5307,168.47619047619048,17.962660711040133,6.113904931788566,2747,87.2063492063492,17.89534821659974,6.2591107955065715
many_moving,0,190,5346,168.82105263157897,17.96157527766032,6.0799175380680035,2750,86.8421052631579,17.894345154485023,6.238984460505273
many_moving,0,191,5356,168.25130890052358,17.96059999128492,6.046848730251993,2764,86.82722513089006,17.892635034202513,6.197824310894395
many_moving,0,192,5396,168.625,17.959846709649245,6.018446117892877,2777,86.78124999999999,17.89137570868968,6.170213586318741
many_moving,0,193,5406,168.06217616580312,17.959166581350818,5.990713105228469,2789,86.70466321243522,17.890454604396474,6.146546481585921
many_moving,0,194,5445,168.4020618556701,17.958639381657353,5.966869424212218,2801,86.62886597938144,17.88974435872426,6.125556577730121
many_moving,0,195,5455,167.84615384615384,17.958161998280303,5.943535532879328,2817,86.67692307692307,17.888849171489145,6.0931033390034735
many_moving,0,196,5494,168.18367346938774,17.957790736005713,5.923459248504093,2830,86.63265306122449,17.88779377461009,6.059980486220068
many_moving,0,197,5505,167.66497461928935,17.9574538818419,5.903780450680547,2833,86.28426395939087,17.886887592446804,6.0297762351534105
many_moving,0,198,5544,168,17.957191073257462,5.886839539292749,2833,85.84848484848486,17.886235664436317,6.005987412620948
many_moving,0,199,5554,167.4572864321608,17.956952253957546,5.8702129583087395,2833,85.41708542713567,17.885760896870867,5.987257527854493
many_moving,0,200,5593,167.79,17.95676533896461,5.855893275095423,2835,85.05,17.885388077241448,5.971860289230749
many_moving,0,201,5603,167.25373134328356,17.956595266664255,5.841824280100307,2835,84.6268656716418,17.885110305421517,5.959680945593582
many_moving,0,202,5643,167.6138613861386,17.95646173205746,5.829702828442115,2839,84.32673267326732,17.884790616615263,5.943976954289579
many_moving,0,203,5653,167.08374384236453,17.95634009073824,5.81778229076816,2839,83.91133004926108,17.88455413996462,5.931586177503981
many_moving,0,204,5692,167.41176470588238,17.956244274517264,5.80750853414696,2839,83.5,17.88437729645348,5.921826701300358
many_moving,0,205,5702,166.8878048780488,17.95615689934452,5.797396209340208,2839,83.09268292682927,17.884243718947527,5.914149498634869
many_moving,0,206,5741,167.21359223300973,17.956087851042177,5.788678255974377,2843,82.80582524271846,17.884103217367503,5.9064458328737635
many_moving,0,207,5752,166.72463768115944,17.956024821907082,5.780090133517497,2844,82.43478260869564,17.88399665334919,5.900385901819814
many_moving,0,208,5791,167.04807692307693,17.955974851115734,5.77268411691726,2844,82.03846153846153,17.88391513975556,5.89561375971978
many_moving,0,209,5801,166.53588516746413,17.955929191895102,5.765382499262577,2844,81.64593301435406,17.883852321868297,5.8918504162644725
many_moving,0,210,5840,166.85714285714286,17.95589287509431,5.759084189069319,2850,81.42857142857143,17.88379113689184,5.88651129156159
many_moving,0,211,5850,166.35071090047393,17.955859660312758,5.752869746498741,2858,81.2701421800948,17.88358010892566,5.872625645761331
many_moving,0,212,5890,166.69811320754718,17.955833157048712,5.747507795440124,2859,80.91509433962264,17.883332309309694,5.857038108691239
many_moving,0,213,5900,166.19718309859155,17.95580889524504,5.742213111506382,2859,80.53521126760563,17.88316062924604,5.8453821036373395
many_moving,0,214,5939,166.51401869158877,17.955789475000454,5.737643550027198,2859,80.15887850467288,17.883040297938695,5.83649441649507
many_moving,0,215,5949,166.01860465116278,17.955771681306953,5.733127827253692,2861,79.84186046511628,17.88294221635947,5.828844716194922
many_moving,0,216,5988,166.33333333333331,17.955757394782914,5.729229537185622,2861,79.47222222222223,17.882871483000137,5.822882945413196
many_moving,0,217,5999,165.8709677419355,17.95574429354804,5.72537422646709,2865,79.21658986175115,17.88278596232754,5.814741272556864
many_moving,0,218,6038,166.1834862385321,17.95573374341395,5.722045198574796,2865,78.85321100917432,17.8827235478999,5.808298905174581
many_moving,0,219,6048,165.69863013698628,17.955724060569356,5.718750375489446,2865,78.4931506849315,17.882677458641126,5.803200046159848
many_moving,0,220,6087,166.00909090909093,17.955716241002424,5.715904603324839,2865,78.13636363636364,17.882643046770117,5.799162775958717
many_moving,0,221,6097,165.5294117647059,17.955709058585132,5.713085954778768,2869,77.89140271493213,17.882562212422286,5.792878775052347
many_moving,0,222,6137,165.86486486486487,17.95570324255444,5.710650849833106,2870,77.56756756756756,17.882502938788406,5.787919544072743
many_moving,0,223,6147,165.39013452914799,17.955697896419387,5.708237162933729,2870,77.21973094170403,17.88245897460327,5.7839953678477425
many_moving,0,224,6186,165.69642857142858,17.955693556220268,5.706151399487248,2870,76.875,17.88242601563525,5.780884079199646
many_moving,0,225,6196,165.22666666666666,17.955689563861533,5.704082465622437,2876,76.69333333333334,17.88238474348956,5.775415666636982
many_moving,0,226,6235,165.53097345132744,17.95568631488333,5.702294181239179,2884,76.56637168141593,17.8823246875059,5.767201773691288
many_moving,0,227,6246,165.09251101321587,17.955683324312634,5.700519044502721,2885,76.25550660792952,17.882277341175,5.760117362252817
many_moving,0,228,6285,165.39473684210526,17.955680885095013,5.698984335702056,2885,75.92105263157895,17.882242870336626,5.7546184287408595
many_moving,0,229,6295,164.93449781659388,17.95567863849597,5.697459827527018,2885,75.58951965065502,17.882217474147147,5.750373702728922
many_moving,0,230,6334,165.23478260869564,17.955676802244334,5.696141490926508,2887,75.31304347826087,17.882190023361375,5.746185715750064
many_moving,0,231,6344,164.77922077922076,17.955675110030164,5.694831002984677,2887,74.98701298701299,17.882169406787767,5.742954415308194
many_moving,0,232,6384,165.10344827586206,17.955673724221192,5.6936974808762235,2891,74.76724137931035,17.882150221301277,5.739440026828463
many_moving,0,233,6394,164.65236051502146,17.955672446443653,5.692569936576867,2891,74.44635193133048,17.88213588950707,5.736787145615966
many_moving,0,234,6433,164.94871794871793,17.955671398163634,5.691594432953858,2891,74.12820512820514,17.88212507473749,5.734795766607866
many_moving,0,235,6443,164.50212765957446,17.955670431135516,5.690623424646583,2891,73.81276595744681,17.882116839370916,5.733299835159416
many_moving,0,236,6482,164.79661016949154,17.95566963649643,5.689783163485144,2895,73.60169491525424,17.882097482029906,5.730858450253538
many_moving,0,237,6493,164.37974683544303,17.95566890312581,5.688946228042804,2896,73.31645569620254,17.88208319004378,5.728967511369401
many_moving,0,238,6532,164.67226890756302,17.95566829959334,5.688221830406466,2896,73.00840336134455,17.882072520806485,5.727495161983395
many_moving,0,239,6542,164.23430962343096,17.955667742370697,5.687499840464322,2896,72.7029288702929,17.882064474736676,5.726343502354587
many_moving,0,240,6581,164.525,17.95566728318009,5.686874800940362,2902,72.55,17.88205750438581,5.724903546445814
many_moving,0,241,6591,164.09128630705396,17.955666859069254,5.686251452875214,2910,72.44813278008299,17.882036496738817,5.7201245307679365
many_moving,0,242,6631,164.40495867768595,17.955666509144166,5.685711699113037,2911,72.17355371900827,17.882015542665236,5.714868378928817
many_moving,0,243,6641,163.97530864197532,17.955666185845068,5.685173082002816,2911,71.87654320987656,17.88200121456424,5.711300768555425
many_moving,0,244,6680,164.2622950819672,17.955665918802932,5.684706603830358,2911,71.58196721311477,17.88199131097397,5.7088476133516455
many_moving,0,245,6690,163.83673469387756,17.955665672006948,5.684240836254884,2913,71.33877551020409,17.881981707405696,5.706590157841292
many_moving,0,246,6729,164.1219512195122,17.955665467953015,5.683837373095485,2913,71.04878048780489,17.881974809575897,5.704874424913047
many_moving,0,247,6740,163.72469635627533,17.955665279319405,5.6834342968161184,2917,70.8582995951417,17.88196835697216,5.70286235104056
many_moving,0,248,6779,164.008064516129,17.955665123215667,5.683085073995191,2917,70.57258064516128,17.88196358758327,5.701296257046762
many_moving,0,249,6789,163.59036144578312,17.955664978874157,5.6827359953611225,2917,70.28915662650601,17.881960023422398,5.700079268307685
many_moving,0,250,6828,163.87199999999999,17.9556648593289,5.682433501444321,2917,70.008,17.88195733297116,5.699134607160586
many_moving,0,251,6838,163.45816733067727,17.955664748767592,5.682130972879156,2921,69.82470119521912,17.88194937848819,5.697455025553753
many_moving,0,252,6878,163.76190476190473,17.955664657134097,5.68186877147576,2922,69.57142857142857,17.881943548177983,5.696141199132528
many_moving,0,253,6888,163.35177865612647,17.95566457237077,5.681606406651776,2922,69.29644268774703,17.881939225309466,5.695110469738458
many_moving,0,254,6927,163.62992125984252,17.955664502073965,5.681378977192469,2922,69.02362204724409,17.881935985540036,5.694299677452156
many_moving,0,255,6937,163.22352941176473,17.955664437036557,5.681151294544241,2928,68.89411764705882,17.881932032643963,5.692667669727222
many_moving,0,256,6976,163.5,17.955664383068463,5.680953897438721,2936,68.8125,17.881925035692404,5.689628239876036
many_moving,0,257,6987,163.1206225680934,17.95566433313054,5.680756187538204,2937,68.56809338521401,17.881919958818745,5.687219710620124
many_moving,0,258,7026,163.39534883720933,17.95566429167111,5.680584749865049,2937,68.30232558139535,17.881916404441917,5.685452416925196
many_moving,0,259,7036,162.99613899613902,17.955664253302576,5.680412962906123,2937,68.03861003861005,17.88191388552042,5.684190228115594
many_moving,0,260,7075,163.26923076923077,17.955664221434013,5.680263981410427,2939,67.82307692307693,17.881911087187493,5.683054019383698
many_moving,0,261,7085,162.8735632183908,17.955664191937807,5.680114631656726,2939,67.5632183908046,17.881909034463163,5.682307478697818
many_moving,0,262,7125,163.16793893129773,17.95566416742878,5.679985090351105,2943,67.39694656488551,17.881907402904986,5.6816744625773925
many_moving,0,263,7135,162.77566539923953,17.95566414474185,5.679855174906726,2943,67.14068441064639,17.881906189242905,5.6812544717942375
many_moving,0,264,7174,163.04545454545453,17.955664125884162,5.679742475005622,2943,66.88636363636364,17.88190527692953,5.680963256766766
many_moving,0,265,7184,162.6566037735849,17.95566410842679,5.679629404691064,2943,66.63396226415094,17.88190458459439,5.680754803845541
many_moving,0,266,7223,162.92481203007517,17.95566409391146,5.679531304971251,2947,66.47368421052632,17.88190210293247,5.6800746174786765
many_moving,0,267,7234,162.56179775280899,17.95566408047288,5.679432845440223,2948,66.24719101123596,17.881900286754146,5.679545975512834
many_moving,0,268,7273,162.82835820895522,17.95566406929598,5.679347411424031,2948,66,17.881898942083488,5.679132632262431
many_moving,0,269,7283,162.44609665427507,17.95566405894743,5.679261632952647,2948,65.7546468401487,17.881897935648833,5.678807956772539
many_moving,0,270,7322,162.7111111111111,17.955664050338417,5.679187193564386,2954,65.64444444444445,17.88189697425541,5.678296401337399
many_moving,0,271,7332,162.33210332103323,17.955664042366923,5.6791124281917655,2962,65.57933579335793,17.88189438155959,5.676414989142142
many_moving,0,272,7372,162.61764705882354,17.955664035733967,5.679047538750711,2963,65.36029411764706,17.881892021877498,5.674348189748317
many_moving,0,273,7382,162.24175824175825,17.955664029591848,5.678982343657559,2963,65.12087912087912,17.881890446670116,5.672918442563691
many_moving,0,274,7421,162.5036496350365,17.95566402448011,5.678925754249136,2963,64.88321167883213,17.881889386543303,5.672128702372682
many_moving,0,275,7431,162.1309090909091,17.955664019746404,5.678868880434918,2965,64.6909090909091,17.88188829934149,5.671471495933766
many_moving,0,276,7470,162.3913043478261,17.95566401580615,5.678819508851327,2965,64.45652173913044,17.881887531376776,5.671004737450355
many_moving,0,277,7481,162.04332129963902,17.955664012157122,5.6787698743167265,2969,64.31046931407943,17.881886897823872,5.670510635422526
many_moving,0,278,7520,162.30215827338128,17.95566400911929,5.678726782883879,2969,64.07913669064747,17.88188643251877,5.670156549589302
many_moving,0,279,7530,161.93548387096774,17.955664006305874,5.678683449647899,2969,63.849462365591386,17.881886086859534,5.6699078132235865
many_moving,0,280,7569,162.19285714285712,17.955664003963385,5.678645825361017,2969,63.62142857142856,17.881885827346984,5.669733608036453
many_moving,0,281,7579,161.8291814946619,17.95566400179387,5.678607979745307,2973,63.480427046263344,17.88188487829647,5.669276812409645
many_moving,0,282,7619,162.1063829787234,17.955663999987298,5.678575117224319,2974,63.27659574468085,17.881884185480953,5.668925406521519
many_moving,0,283,7629,161.74558303886926,17.955663998314073,5.678542052924085,2974,63.0530035335689,17.881883673744124,5.668652740494735
many_moving,0,284,7668,162,17.95566399692062,5.678513339774613,2974,62.83098591549295,17.881883291566517,5.668439757970902
many_moving,0,285,7678,161.64210526315787,17.95566399562999,5.678484443308623,2980,62.73684210526316,17.881882807992312,5.6678746334804835
many_moving,0,286,7717,161.8951048951049,17.955663994555064,5.678459347537307,2988,62.68531468531469,17.881881866967976,5.666650568269623
many_moving,0,287,7728,161.5609756097561,17.955663993559433,5.678434085731142,2989,62.48780487804878,17.881881163516084,5.66557291985718
many_moving,0,288,7767,161.81250000000003,17.955663992730138,5.678412144917111,2989,62.27083333333333,17.88188069422025,5.664854213401463
many_moving,0,289,7777,161.46020761245677,17.955663991962,5.678390054125829,2989,62.055363321799305,17.881880378602254,5.664441607266385
many_moving,0,290,7816,161.71034482758623,17.955663991322147,5.6783708660949035,2991,61.882758620689664,17.88188003191477,5.664197746325028
many_moving,0,291,7826,161.36082474226805,17.955663990729473,5.678351542915229,2991,61.67010309278351,17.881879786194574,5.664120566669258
many_moving,0,292,7866,161.63013698630138,17.95566399023575,5.678334757701286,2995,61.541095890410965,17.881879605290187,5.664064513041393
many_moving,0,293,7876,161.28327645051195,17.955663989778422,5.678317850960606,2995,61.33105802047781,17.881879473283153,5.664031925599133
many_moving,0,294,7915,161.53061224489795,17.955663989397426,5.678303163870561,2995,61.12244897959183,17.881879375816155,5.664011280244326
many_moving,0,295,7925,161.1864406779661,17.955663989044513,5.678288367711406,2995,60.91525423728813,17.881879303051313,5.663997492872416
many_moving,0,296,7964,161.43243243243242,17.955663988750487,5.678275513337324,2999,60.79054054054053,17.881878981152582,5.663791099359567
many_moving,0,297,7975,161.11111111111111,17.955663988478133,5.678262561242722,3000,60.6060606060606,17.881878746839263,5.663629476139773
many_moving,0,298,8014,161.35570469798657,17.955663988251217,5.678251308287531,3000,60.402684563758385,17.881878574241,5.663502343281669
many_moving,0,299,8024,161.01672240802674,17.955663988041017,5.678239967915127,3000,60.20066889632107,17.881878445668306,5.6634020097197055
many_moving,0,300,8063,161.26,17.955663987865886,5.67823011471793,3006,60.120000000000005,17.88187829971252,5.6631828740687595
many_moving,0,301,8073,160.9235880398671,17.95566398770365,5.678220183430008,3014,60.0797342192691,17.881877941357427,5.662407040976191
many_moving,0,302,8113,161.18543046357615,17.955663987568474,5.678211554093418,3015,59.90066225165563,17.881877627388697,5.661572572477544
many_moving,0,303,8123,160.85148514851485,17.95566398744326,5.678202855086213,3015,59.70297029702971,17.881877424669828,5.660965984824836
many_moving,0,304,8162,161.09210526315792,17.955663987338923,5.678195296122333,3015,59.506578947368425,17.881877293507376,5.66065093878564
many_moving,0,305,8172,160.76065573770492,17.95566398724227,5.678187675071909,3017,59.35081967213115,17.881877159688607,5.660465921338988
many_moving,0,306,8211,161.00000000000003,17.95566398716174,5.6781810524953835,3017,59.15686274509804,17.88187706796688,5.660362435269913
many_moving,0,307,8222,160.69055374592836,17.95566398708713,5.678174374649132,3021,59.04234527687297,17.88187699720683,5.660273691293431
many_moving,0,308,8261,160.92857142857142,17.955663987024966,5.678168571456011,3021,58.85064935064935,17.88187694640432,5.6602306416602906
many_moving,0,309,8271,160.6019417475728,17.955663986967377,5.678162719108913,3021,58.66019417475728,17.881876909477896,5.660208500767174
many_moving,0,310,8310,160.83870967741936,17.955663986919387,5.678157633088656,3021,58.47096774193548,17.881876882314764,5.660196097313255
many_moving,0,311,8320,160.5144694533762,17.95566398687493,5.678152503391984,3025,58.360128617363344,17.881876763011636,5.660068181060646
many_moving,0,312,8360,160.76923076923077,17.955663986837887,5.6781480452274185,3026,58.19230769230769,17.881876676370446,5.659968818929467
many_moving,0,313,8370,160.44728434504793,17.95566398680357,5.678143548284977,3026,58.00638977635783,17.8818766126905,5.659891107125021
many_moving,0,314,8409,160.68152866242036,17.955663986774976,5.678139639901283,3026,57.82165605095542,17.881876565351764,5.659830035765862
many_moving,0,315,8419,160.36190476190475,17.955663986748483,5.678135697114423,3032,57.75238095238095,17.881876498798633,5.65963923538102
many_moving,0,316,8458,160.59493670886076,17.95566398672641,5.678132270243706,3040,57.721518987341774,17.881876363979053,5.659128383321637
many_moving,0,317,8469,160.29652996845425,17.955663986705957,5.678128812871853,3041,57.55835962145111,17.881876257625358,5.658626725152324
many_moving,0,318,8508,160.52830188679246,17.95566398668892,5.678125807804439,3041,57.377358490566046,17.881876190037815,5.658258822412127
many_moving,0,319,8518,160.2131661442006,17.955663986673127,5.678122775712365,3041,57.197492163009414,17.881876147164835,5.658097857890093
many_moving,0,320,8557,160.44375000000002,17.95566398665997,5.678120140209957,3043,57.056250000000006,17.88187610231802,5.658093579767893
many_moving,0,321,8567,160.13084112149534,17.95566398664778,5.67811748077702,3043,56.8785046728972,17.881876071981512,5.658120548238645
many_moving,0,322,8607,160.37888198757767,17.955663986637624,5.678115169126267,3047,56.776397515527954,17.881876050433117,5.658133058202837
many_moving,0,323,8617,160.06811145510835,17.955663986628217,5.678112836296212,3047,56.600619195046434,17.881876035283113,5.6581440572681965
many_moving,0,324,8656,160.29629629629628,17.955663986620376,5.6781108084841145,3047,56.42592592592592,17.88187602449989,5.658153283698012
many_moving,0,325,8666,159.9876923076923,17.95566398661311,5.678108761936931,3047,56.25230769230769,17.88187601672885,5.658160884664647
many_moving,0,326,8705,160.21472392638037,17.955663986607057,5.6781069829321185,3051,56.15337423312884,17.88187597521159,5.658094786501887
many_moving,0,327,8716,159.92660550458714,17.95566398660145,5.678105187361955,3052,55.99999999999999,17.88187594517855,5.658042958402634
many_moving,0,328,8755,160.15243902439025,17.955663986596775,5.678103626487919,3052,55.829268292682926,17.881875923187845,5.658002157758643
many_moving,0,329,8765,159.84802431610942,17.955663986592448,5.678102050973207,3052,55.659574468085104,17.88187590689817,5.657969942672524
many_moving,0,330,8804,160.07272727272726,17.955663986588835,5.678100681361523,3058,55.6,17.881875884129638,5.657875405660393
many_moving,0,331,8814,159.7703927492447,17.955663986585495,5.678099298815304,3066,55.57703927492447,17.881875832033142,5.657556348558167
many_moving,0,332,8854,160.0120481927711,17.955663986582707,5.678098096928431,3067,55.4277108433735,17.88187578656724,5.657212113729974
many_moving,0,333,8864,159.7117117117117,17.955663986580127,5.678096883618511,3067,55.26126126126126,17.88187575841364,5.656960894218528
many_moving,0,334,8903,159.93413173652695,17.955663986577978,5.67809582883316,3067,55.09580838323353,17.881875741151042,5.6568253665663955
many_moving,0,335,8913,159.6358208955224,17.955663986575985,5.678094763963041,3069,54.96716417910448,17.881875724223846,5.656781533328877
many_moving,0,336,8952,159.85714285714286,17.955663986574326,5.678093838206292,3069,54.80357142857143,17.881875713186457,5.656781344040242
many_moving,0,337,8963,159.5786350148368,17.955663986572787,5.6780929035490715,3073,54.71216617210683,17.881875705082805,5.656782739764145
many_moving,0,338,9002,159.79881656804733,17.955663986571505,5.678092090980463,3073,54.55029585798816,17.881875699523444,5.656788753997878
many_moving,0,339,9012,159.50442477876106,17.95566398657032,5.678091270558897,3073,54.38938053097345,17.881875695667038,5.65679510966634
many_moving,0,340,9051,159.7235294117647,17.95566398656933,5.678090557292566,3073,54.22941176470588,17.881875692960204,5.65680086135748
many_moving,0,341,9061,159.43108504398828,17.95566398656841,5.678089837099398,3077,54.1407624633431,17.881875677879265,5.656761919822275
many_moving,0,342,9101,159.66666666666666,17.955663986567647,5.678089210961178,3078,54,17.88187566700861,5.656731545328037
many_moving,0,343,9111,159.37609329446065,17.95566398656694,5.6780885787145685,3078,53.84256559766764,17.881875659076318,5.6567077271958395
many_moving,0,344,9150,159.59302325581396,17.95566398656635,5.678088029029565,3078,53.68604651162791,17.8818756532196,5.656688977507853
many_moving,0,345,9160,159.30434782608697,17.955663986565803,5.678087473959179,3084,53.63478260869565,17.881875643415654,5.656618958889296
many_moving,0,346,9199,159.52023121387282,17.955663986565348,5.6780869913659515,3092,53.618497109826585,17.8818756233784,5.6564098345458005
many_moving,0,347,9210,159.2507204610951,17.955663986564925,5.678086504025814,3093,53.48126801152738,17.88187560673175,5.65618961685501
many_moving,0,348,9249,159.4655172413793,17.955663986564574,5.678086080313797,3093,53.327586206896555,17.881875596669847,5.656026368808162
many_moving,0,349,9259,159.18051575931233,17.95566398656425,5.678085652418506,3093,53.174785100286535,17.881875590703782,5.6559479781990625
many_moving,0,350,9298,159.3942857142857,17.955663986563977,5.678085280385719,3095,53.05714285714286,17.88187558490113,5.655967446326664
many_moving,0,351,9308,159.11111111111111,17.955663986563724,5.6780849046670765,3095,52.90598290598291,17.881875581239807,5.655991617192593
many_moving,0,352,9348,159.3409090909091,17.955663986563515,5.678084577995575,3099,52.82386363636363,17.88187557873613,5.656004333353545
many_moving,0,353,9358,159.0594900849858,17.955663986563323,5.678084248077062,3099,52.6742209631728,17.88187557709408,5.65601463704434
many_moving,0,354,9397,159.27118644067795,17.95566398656316,5.678083961223868,3099,52.52542372881355,17.881875576011403,5.6560229500162205
many_moving,0,355,9407,158.99154929577466,17.95566398656301,5.678083671510733,3099,52.37746478873239,17.881875575293087,5.656029642601459
many_moving,0,356,9446,159.20224719101122,17.955663986562886,5.678083419612327,3103,52.29775280898876,17.881875570024942,5.656008577262453
many_moving,0,357,9457,158.94117647058823,17.95566398656277,5.678083165195303,3104,52.16806722689075,17.881875566249068,5.655992099384277
many_moving,0,358,9496,159.15083798882682,17.955663986562673,5.67808294398397,3104,52.02234636871508,17.881875563509105,5.655979153725186
many_moving,0,359,9506,158.87465181058496,17.955663986562584,5.678082720554924,3104,51.87743732590529,17.881875561496802,5.655968949695405
many_moving,0,360,9545,159.08333333333334,17.95566398656251,5.67808252628545,3110,51.833333333333336,17.881875557877986,5.655928934565798
many_moving,0,361,9555,158.80886426592798,17.955663986562442,5.678082330063484,3118,51.822714681440445,17.881875550034444,5.655798222443557
many_moving,0,362,9595,159.0331491712707,17.95566398656238,5.678082159448939,3119,51.69613259668508,17.881875543086938,5.655655305908927
many_moving,0,363,9605,158.7603305785124,17.955663986562328,5.678081987115618,3119,51.55371900826446,17.88187553898818,5.655550550199967
many_moving,0,364,9644,158.96703296703296,17.955663986562286,5.678081837271064,3119,51.41208791208791,17.88187553664309,5.655494638706253
many_moving,0,365,9654,158.6958904109589,17.955663986562243,5.678081685913652,3121,51.304109589041104,17.88187553450129,5.655489375948176
many_moving,0,366,9693,158.9016393442623,17.95566398656221,5.678081554306805,3121,51.16393442622952,17.881875533216956,5.6555029091653894
many_moving,0,367,9704,158.64850136239784,17.95566398656218,5.678081421368499,3125,51.089918256130794,17.88187553232941,5.6555110101369515
many_moving,0,368,9743,158.8532608695652,17.95566398656215,5.678081305776485,3125,50.951086956521735,17.881875531775645,5.655518225806245
many_moving,0,369,9753,158.58536585365852,17.955663986562126,5.678081189012781,3125,50.8130081300813,17.881875531432648,5.6555242590372234
many_moving,0,370,9792,158.7891891891892,17.955663986562108,5.678081087484211,3125,50.67567567567567,17.881875531222256,5.655529209722259
many_moving,0,371,9802,158.52291105121293,17.955663986562087,5.678080984924643,3129,50.60377358490565,17.88187552934382,5.655517234263489
many_moving,0,372,9842,158.74193548387098,17.955663986562072,5.678080895746355,3130,50.483870967741936,17.881875528005583,5.655507908433963
many_moving,0,373,9852,158.47721179624665,17.955663986562058,5.678080805660953,3130,50.3485254691689,17.88187552704028,5.655500607030965
many_moving,0,374,9891,158.67914438502675,17.955663986562048,5.678080727328853,3130,50.213903743315505,17.881875526335417,5.655494867667292
many_moving,0,375,9901,158.416,17.955663986562033,5.678080648198702,3136,50.176,17.881875524818415,5.6554673715865995
many_moving,0,376,9940,158.61702127659575,17.955663986562023,5.678080579392187,3144,50.170212765957444,17.881875521745425,5.655382640068097
many_moving,0,377,9951,158.3713527851459,17.955663986562016,5.678080509883625,3145,50.05305039787798,17.881875519071265,5.655290336527667
many_moving,0,378,9990,158.57142857142858,17.95566398656201,5.678080449443135,3145,49.920634920634924,17.88187551753689,5.655220293130695
many_moving,0,379,10000,158.311345646438,17.955663986562,5.6780803883851005,3145,49.78891820580475,17.881875516696564,5.655188723502118
many_moving,0,380,10039,158.5105263157895,17.955663986561998,5.6780803352924405,3147,49.689473684210526,17.88187551595708,5.65519707675154
many_moving,0,381,10049,158.251968503937,17.95566398656199,5.678080281656606,3147,49.55905511811024,17.881875515541072,5.655210745504545
many_moving,0,382,10089,158.46596858638745,17.955663986561987,5.67808023501768,3151,49.492146596858646,17.881875515276484,5.655218402925605
many_moving,0,383,10099,158.20887728459527,17.955663986561984,5.678080187901022,3151,49.362924281984334,17.881875515128606,5.655224600794236
many_moving,0,384,10138,158.40624999999997,17.95566398656198,5.678080146930668,3151,49.234375,17.881875515051128,5.655229597605162
many_moving,0,385,10148,158.15064935064933,17.955663986561976,5.678080105540166,3151,49.10649350649351,17.881875515015267,5.6552336176797935
many_moving,0,386,10187,158.34715025906735,17.955663986561973,5.678080069548862,3155,49.04145077720207,17.881875514364804,5.655227187509481
many_moving,0,387,10198,158.10852713178292,17.955663986561973,5.678080033188076,3156,48.93023255813954,17.88187551390556,5.655222182564144
many_moving,0,388,10237,158.3041237113402,17.95566398656197,5.678080001570273,3156,48.80412371134021,17.88187551357728,5.6552182665014765
many_moving,0,389,10247,158.0514138817481,17.955663986561966,5.678079969627559,3156,48.67866323907455,17.881875513339693,5.655215190235754
many_moving,0,390,10286,158.24615384615385,17.955663986561966,5.6780799418514345,3162,48.646153846153844,17.881875512751677,5.655198444075788
many_moving,0,391,10296,157.99488491048592,17.955663986561966,5.678079913789606,3170,48.64450127877238,17.881875511531746,5.655144816577321
many_moving,0,392,10336,158.20408163265304,17.955663986561962,5.67807988938807,3171,48.53571428571429,17.88187551042434,5.655085247886664
many_moving,0,393,10346,157.95419847328245,17.955663986561962,5.678079864735322,3171,48.41221374045802,17.881875509804146,5.655041389043979
many_moving,0,394,10385,158.14720812182742,17.955663986561962,5.678079843298134,3171,48.289340101522846,17.88187550947806,5.655019012820509
many_moving,0,395,10395,157.8987341772152,17.955663986561962,5.67807982164007,3173,48.197468354430384,17.881875509211014,5.6550209602326955
many_moving,0,396,10434,158.09090909090912,17.95566398656196,5.678079802806904,3173,48.07575757575758,17.881875509073243,5.655029856342409
many_moving,0,397,10445,157.8589420654912,17.95566398656196,5.678079783779542,3177,48.015113350125944,17.881875508988298,5.655035138237416
many_moving,0,398,10484,158.0502512562814,17.95566398656196,5.6780797672339105,3177,47.89447236180904,17.881875508947743,5.655039535724963
many_moving,0,399,10494,157.8045112781955,17.95566398656196,5.678079750517543,3177,47.77443609022556,17.881875508932833,5.655043121736107
many_moving,0,400,10533,157.99499999999998,17.95566398656196,5.678079735981452,3177,47.654999999999994,17.881875508932126,5.655046024821129
many_moving,0,401,10543,157.7506234413965,17.95566398656196,5.67807972129526,3181,47.596009975062344,17.881875508705523,5.655042526838121
many_moving,0,402,10583,157.955223880597,17.95566398656196,5.678079708524522,3182,47.492537313432834,17.881875508547257,5.655039818519276
many_moving,0,403,10593,157.712158808933,17.95566398656196,5.678079695621829,3182,47.37468982630273,17.881875508435375,5.655037708407718
many_moving,0,404,10632,157.9009900990099,17.955663986561955,5.678079684401954,3182,47.257425742574256,17.881875508355293,5.6550360565408235
many_moving,0,405,10642,157.65925925925927,17.955663986561955,5.678079673066078,3188,47.229629629629635,17.881875508110795,5.655024936220059
many_moving,0,406,10681,157.84729064039408,17.955663986561955,5.67807966320865,3196,47.231527093596064,17.88187550762446,5.654990328813158
many_moving,0,407,10692,157.62162162162164,17.955663986561955,5.678079653249251,3197,47.13022113022113,17.881875507183413,5.654951774554954
many_moving,0,408,10731,157.80882352941177,17.955663986561955,5.67807964458876,3197,47.01470588235294,17.8818755069433,5.6549228709168915
many_moving,0,409,10741,157.56968215158923,17.955663986561955,5.678079635838633,3197,46.899755501222494,17.88187550682335,5.654909564718013
many_moving,0,410,10780,157.7560975609756,17.955663986561955,5.6780796282296855,3199,46.81463414634146,17.88187550673158,5.654913476376953
many_moving,0,411,10790,157.5182481751825,17.955663986561955,5.678079620541949,3199,46.700729927007295,17.881875506689976,5.654920386663207
many_moving,0,412,10830,157.71844660194176,17.955663986561955,5.678079613856825,3203,46.64563106796117,17.881875506668113,5.654924470591596
many_moving,0,413,10840,157.48184019370458,17.955663986561955,5.678079607102444,3203,46.53268765133172,17.881875506662084,5.654927783325409
many_moving,0,414,10879,157.66666666666669,17.955663986561955,5.678079601228943,3203,46.42028985507246,17.881875506664596,5.654930455411857
many_moving,0,415,10889,157.43132530120482,17.955663986561955,5.678079595294567,3203,46.30843373493976,17.8818755066713,5.65493260521245
many_moving,0,416,10928,157.6153846153846,17.955663986561955,5.678079590134123,3207,46.254807692307686,17.881875506594568,5.654930805213535
many_moving,0,417,10939,157.3956834532374,17.955663986561955,5.67807958492017,3208,46.15827338129496,17.881875506541828,5.654929417213795
many_moving,0,418,10978,157.57894736842104,17.955663986561955,5.678079580386189,3208,46.047846889952154,17.881875506505164,5.6549283395929715
many_moving,0,419,10988,157.34606205250597,17.955663986561955,5.678079575805178,3208,45.937947494033416,17.88187550647938,5.654927498566314
many_moving,0,420,11027,157.52857142857144,17.955663986561955,5.6780795718215895,3214,45.91428571428571,17.88187550638141,5.654920514959066
many_moving,0,421,11037,157.29691211401425,17.955663986561955,5.678079567796665,3222,45.919239904988125,17.881875506185448,5.654898417177209
many_moving,0,422,11077,157.49289099526067,17.955663986561955,5.678079564296637,3223,45.824644549763036,17.881875506002434,5.654873470809862
many_moving,0,423,11087,157.26241134751774,17.955663986561955,5.67807956076028,3223,45.71631205673759,17.88187550590515,5.654855066413493
many_moving,0,424,11126,157.44339622641508,17.955663986561955,5.678079557685101,3223,45.60849056603774,17.881875505858766,5.654846111703601
many_moving,0,425,11136,157.21411764705883,17.955663986561955,5.678079554577993,3225,45.529411764705884,17.881875505826454,5.654848165902498
many_moving,0,426,11175,157.3943661971831,17.955663986561955,5.678079551876082,3225,45.42253521126761,17.88187550581431,5.6548528269049845
many_moving,0,427,11186,157.18032786885246,17.955663986561955,5.678079549146107,3229,45.37236533957845,17.88187550580912,5.654855672672365
many_moving,0,428,11225,157.35981308411215,17.955663986561955,5.678079546772147,3229,45.26635514018691,17.881875505809887,5.654858004258507
many_moving,0,429,11235,157.13286713286712,17.955663986561955,5.678079544373523,3229,45.16083916083915,17.881875505813653,5.654859892430927
many_moving,0,430,11274,157.31162790697675,17.955663986561955,5.678079542287697,3229,45.05581395348837,17.881875505818677,5.654861414776213
many_moving,0,431,11284,157.08584686774944,17.955663986561955,5.678079540180198,3233,45.00696055684455,17.881875505792916,5.6548605079956795
many_moving,0,432,11324,157.2777777777778,17.955663986561955,5.67807953834753,3234,44.916666666666664,17.881875505775586,5.654859815286076
many_moving,0,433,11334,157.05311778290994,17.955663986561955,5.678079536495817,3234,44.812933025404156,17.881875505763823,5.6548592816709
many_moving,0,434,11373,157.23041474654377,17.955663986561955,5.678079534885577,3234,44.70967741935483,17.88187550575575,5.654858867951537
many_moving,0,435,11383,157.00689655172414,17.955663986561955,5.678079533258597,3240,44.689655172413794,17.881875505714937,5.65485429811012
many_moving,0,436,11422,157.1834862385321,17.955663986561955,5.6780795318437844,3248,44.69724770642202,17.881875505635517,5.654840044422149
many_moving,0,437,11433,156.97482837528605,17.955663986561955,5.678079530414259,3249,44.608695652173914,17.881875505560835,5.654823864408808
many_moving,0,438,11472,157.15068493150687,17.955663986561955,5.678079529171152,3249,44.50684931506849,17.881875505522174,5.654811833221901
many_moving,0,439,11482,156.92938496583145,17.955663986561955,5.6780795279151155,3249,44.405466970387245,17.88187550550474,5.654806306553643
many_moving,0,440,11521,157.10454545454544,17.955663986561955,5.678079526822871,3251,44.331818181818186,17.88187550549384,5.6548082752564195
many_moving,0,441,11531,156.8843537414966,17.955663986561955,5.678079525719264,3251,44.23129251700681,17.88187550549095,5.654811626711342
many_moving,0,442,11571,157.07239819004525,17.955663986561955,5.678079524759575,3255,44.18552036199095,17.881875505490623,5.654813684801772
many_moving,0,443,11581,156.8532731376975,17.955663986561955,5.678079523789898,3255,44.08577878103837,17.881875505492445,5.65481535511492
many_moving,0,444,11620,157.02702702702703,17.955663986561955,5.678079522946672,3255,43.986486486486484,17.881875505495238,5.654816702162434
many_moving,0,445,11630,156.80898876404493,17.955663986561955,5.678079522094671,3255,43.8876404494382,17.88187550549833,5.654817785587518
many_moving,0,446,11669,156.98206278026908,17.955663986561955,5.678079521353771,3259,43.84304932735426,17.881875505490004,5.654817368132697
many_moving,0,447,11680,156.7785234899329,17.955663986561955,5.678079520605163,3260,43.758389261744966,17.881875505484597,5.654817053558324
many_moving,0,448,11719,156.95089285714286,17.955663986561955,5.678079519954173,3260,43.660714285714285,17.881875505481066,5.654816814101404
many_moving,0,449,11729,156.73496659242764,17.955663986561955,5.678079519296408,3260,43.56347438752784,17.88187550547875,5.654816630368238
many_moving,0,450,11768,156.90666666666667,17.955663986561955,5.6780795187244175,3266,43.54666666666667,17.88187550546201,5.6548137146705955
many_moving,0,451,11778,156.69179600886918,17.955663986561955,5.678079518146473,3274,43.55654101995565,17.881875505429534,5.654804558826744
many_moving,0,452,11818,156.87610619469027,17.955663986561955,5.678079517643891,3275,43.47345132743363,17.881875505398337,5.654794059791702
many_moving,0,453,11828,156.66225165562915,17.955663986561955,5.678079517136077,3275,43.37748344370861,17.881875505382546,5.654786314338391
many_moving,0,454,11867,156.83259911894274,17.955663986561955,5.678079516694483,3275,43.28193832599119,17.881875505375774,5.654782689549466
many_moving,0,455,11877,156.61978021978024,17.955663986561955,5.6780795162482915,3277,43.213186813186816,17.88187550537208,5.6547839493410885
many_moving,0,456,11916,156.78947368421052,17.955663986561955,5.678079515860284,3277,43.11842105263158,17.88187550537163,5.654786229469214
many_moving,0,457,11927,156.59080962800877,17.955663986561955,5.678079515468233,3281,43.0765864332604,17.881875505372093,5.654787656672221
many_moving,0,458,11966,156.7598253275109,17.955663986561955,5.6780795151273065,3281,42.9825327510917,17.88187550537336,5.654788819046256
many_moving,0,459,11976,156.54901960784312,17.955663986561955,5.67807951478283,3281,42.88888888888889,17.88187550537495,5.654789757696085
many_moving,0,460,12015,156.7173913043478,17.955663986561955,5.678079514483274,3281,42.79565217391305,17.881875505376584,5.65479051315217
many_moving,0,461,12025,156.50759219088937,17.955663986561955,5.678079514180597,3285,42.75488069414317,17.88187550537399,5.654790342138067
many_moving,0,462,12065,156.68831168831167,17.955663986561955,5.678079513917388,3286,42.675324675324674,17.881875505372392,5.654790217344218
many_moving,0,463,12075,156.47948164146868,17.955663986561955,5.678079513651438,3286,42.583153347732186,17.88187550537142,5.65479012505642
many_moving,0,464,12114,156.64655172413794,17.955663986561955,5.678079513420168,3286,42.49137931034483,17.881875505370836,5.654790056061823
many_moving,0,465,12124,156.43870967741935,17.955663986561955,5.678079513186488,3292,42.47741935483871,17.88187550536382,5.6547881584645
many_moving,0,466,12163,156.60515021459227,17.955663986561955,5.678079512983279,3300,42.48927038626609,17.881875505350454,5.654782244544261
many_moving,0,467,12174,156.41113490364026,17.955663986561955,5.678079512777954,3301,42.41113490364026,17.881875505337494,5.65477542001295
many_moving,0,468,12213,156.57692307692307,17.955663986561955,5.678079512599405,3301,42.320512820512825,17.881875505331084,5.654770369974895
many_moving,0,469,12223,156.37100213219617,17.955663986561955,5.678079512418993,3301,42.23027718550107,17.881875505328495,5.654768085079228
many_moving,0,470,12262,156.53617021276597,17.955663986561955,5.678079512262107,3303,42.16595744680851,17.881875505327297,5.65476907302417
many_moving,0,471,12272,156.33121019108282,17.955663986561955,5.6780795121035865,3303,42.076433121019114,17.881875505327418,5.65477066097327
many_moving,0,472,12312,156.5084745762712,17.955663986561955,5.678079511965737,3307,42.03813559322034,17.88187550532787,5.65477166185846
many_moving,0,473,12322,156.3044397463002,17.955663986561955,5.678079511826451,3307,41.94926004228329,17.881875505328612,5.654772473784972
many_moving,0,474,12361,156.46835443037972,17.955663986561955,5.6780795117053255,3307,41.860759493670884,17.881875505329457,5.6547731282533915
many_moving,0,475,12371,156.2652631578947,17.955663986561955,5.678079511582941,3307,41.77263157894737,17.881875505330285,5.654773654419845
many_moving,0,476,12410,156.42857142857142,17.955663986561955,5.678079511476514,3311,41.73529411764706,17.881875505329543,5.654773606839346
many_moving,0,477,12421,156.2389937106918,17.955663986561955,5.678079511368978,3312,41.660377358490564,17.881875505329127,5.6547735759965345
many_moving,0,478,12460,156.40167364016736,17.955663986561955,5.678079511275463,3312,41.57322175732217,17.881875505328914,5.654773555860222
many_moving,0,479,12470,156.20041753653445,17.955663986561955,5.678079511180975,3312,41.486430062630475,17.881875505328825,5.654773542659982
many_moving,0,480,12509,156.3625,17.955663986561955,5.678079511098807,3318,41.475,17.881875505325894,5.654772321198208
many_moving,0,481,12519,156.16216216216216,17.955663986561955,5.678079511015783,3326,41.488565488565484,17.881875505320355,5.65476850582276
many_moving,0,482,12559,156.33609958506224,17.955663986561955,5.678079510943586,3327,41.4149377593361,17.881875505314895,5.654764066378074
many_moving,0,483,12569,156.13664596273293,17.955663986561955,5.678079510870636,3327,41.32919254658385,17.88187550531225,5.654760794978946
many_moving,0,484,12608,156.29752066115702,17.955663986561955,5.678079510807198,3327,41.243801652892564,17.881875505311235,5.654759311135126
many_moving,0,485,12618,156.09896907216492,17.955663986561955,5.678079510743098,3329,41.18350515463917,17.88187550531086,5.654759978497922
many_moving,0,486,12657,156.25925925925927,17.955663986561955,5.6780795106873585,3329,41.098765432098766,17.88187550531102,5.654761058077406
many_moving,0,487,12668,156.07392197125256,17.955663986561955,5.678079510631036,3333,41.063655030800824,17.8818755053113,5.654761746660068
many_moving,0,488,12707,156.23360655737707,17.955663986561955,5.678079510582059,3333,40.97950819672131,17.88187550531169,5.654762305862997
many_moving,0,489,12717,156.03680981595093,17.955663986561955,5.678079510532569,3333,40.895705521472394,17.881875505312106,5.65476275677773
many_moving,0,490,12756,156.19591836734693,17.955663986561955,5.678079510489535,3333,40.81224489795919,17.881875505312507,5.654763119347704
many_moving,0,491,12766,155.99999999999997,17.955663986561955,5.678079510446052,3337,40.77800407331975,17.881875505312323,5.654763126479365
many_moving,0,492,12806,156.1707317073171,17.955663986561955,5.678079510408238,3338,40.707317073170735,17.88187550531224,5.6547631366278575
many_moving,0,493,12816,155.9756592292089,17.955663986561955,5.67807951037003,3338,40.62474645030426,17.881875505312227,5.654763147534691
many_moving,0,494,12855,156.1336032388664,17.955663986561955,5.678079510336804,3338,40.5425101214575,17.88187550531224,5.6547631580450695
many_moving,0,495,12865,155.93939393939394,17.955663986561955,5.678079510303231,3344,40.53333333333333,17.881875505311005,5.654762364019508
many_moving,0,496,12904,156.09677419354838,17.955663986561955,5.678079510274038,3352,40.548387096774185,17.881875505308695,5.654759894401476
many_moving,0,497,12915,155.9154929577465,17.955663986561955,5.6780795102445385,3353,40.47887323943662,17.881875505306397,5.654757002662074
many_moving,0,498,12954,156.0722891566265,17.955663986561955,5.678079510218885,3353,40.39759036144578,17.881875505305306,5.6547548699303665
many_moving,0,499,12964,155.8797595190381,17.955663986561955,5.678079510192967,3353,40.31663326653307,17.88187550530491,5.654753923225114
many_moving,0,500,13003,156.03599999999997,17.955663986561955,5.678079510170426,3355,40.26,17.8818755053048,5.654754407838237
many_moving,0,501,13013,155.8443113772455,17.955663986561955,5.678079510147652,3355,40.17964071856288,17.88187550530491,5.654755147579904
many_moving,0,502,13053,156.01195219123505,17.955663986561955,5.678079510127848,3359,40.14741035856573,17.881875505305068,5.654755622337832
many_moving,0,503,13063,155.82107355864812,17.955663986561955,5.6780795101078345,3359,40.0675944333996,17.881875505305263,5.654756007176202
many_moving,0,504,13102,155.97619047619048,17.955663986561955,5.678079510090432,3359,39.988095238095234,17.881875505305462,5.654756317218377
many_moving,0,505,13112,155.7861386138614,17.955663986561955,5.678079510072849,3359,39.90891089108911,17.881875505305654,5.654756566380619
many_moving,0,506,13151,155.94071146245057,17.955663986561955,5.678079510057557,3363,39.87747035573123,17.881875505305626,5.65475659479008
many_moving,0,507,13162,155.76331360946747,17.955663986561955,5.6780795100421075,3364,39.81065088757396,17.881875505305626,5.654756620208727
many_moving,0,508,13201,155.91732283464566,17.955663986561955,5.678079510028673,3364,39.732283464566926,17.881875505305647,5.6547566422321225
many_moving,0,509,13211,155.72888015717092,17.955663986561955,5.678079510015097,3364,39.654223968565816,17.881875505305675,5.654756660931691
many_moving,0,510,13250,155.88235294117646,17.955663986561955,5.678079510003292,3370,39.64705882352941,17.881875505305153,5.654756147053616
many_moving,0,511,13260,155.69471624266143,17.955663986561955,5.678079509991363,3378,39.66340508806262,17.881875505304187,5.654754548304654
many_moving,0,512,13300,155.859375,17.955663986561955,5.67807950998099,3379,39.59765625,17.88187550530321,5.654752663116573
many_moving,0,513,13310,155.67251461988303,17.955663986561955,5.678079509970509,3379,39.5204678362573,17.881875505302755,5.654751276106638
many_moving,0,514,13349,155.82490272373542,17.955663986561955,5.678079509961394,3379,39.44357976653696,17.8818755053026,5.654750663082249
many_moving,0,515,13359,155.63883495145632,17.955663986561955,5.678079509952185,3381,39.390291262135925,17.881875505302567,5.654750994305263
many_moving,0,516,13398,155.7906976744186,17.955663986561955,5.678079509944176,3381,39.3139534883721,17.881875505302634,5.654751495414063
many_moving,0,517,13409,155.61702127659575,17.955663986561955,5.678079509936084,3385,39.28433268858801,17.88187550530271,5.654751819562719
many_moving,0,518,13448,155.76833976833979,17.955663986561955,5.678079509929047,3385,39.20849420849421,17.881875505302805,5.654752082376026
many_moving,0,519,13458,155.5838150289017,17.955663986561955,5.678079509921937,3385,39.13294797687861,17.8818755053029,5.654752294112006
many_moving,0,520,13497,155.7346153846154,17.955663986561955,5.6780795099157535,3385,39.057692307692314,17.881875505302986,5.654752464265918
many_moving,0,521,13507,155.55086372360844,17.955663986561955,5.678079509909505,3389,39.02879078694817,17.881875505302993,5.654752497167842
many_moving,0,522,13547,155.71264367816093,17.955663986561955,5.678079509904073,3390,38.96551724137932,17.881875505303007,5.654752525140035
many_moving,0,523,13557,155.52963671128109,17.955663986561955,5.678079509898583,3390,38.89101338432123,17.88187550530303,5.6547525485523025
many_moving,0,524,13596,155.6793893129771,17.955663986561955,5.678079509893809,3390,38.81679389312978,17.881875505303046,5.654752567943683
many_moving,0,525,13606,155.49714285714285,17.955663986561955,5.678079509888985,3396,38.81142857142857,17.881875505302826,5.654752233658359
many_moving,0,526,13645,155.64638783269962,17.955663986561955,5.678079509884791,3404,38.82889733840304,17.881875505302418,5.654751196433526
many_moving,0,527,13656,155.4762808349146,17.955663986561955,5.678079509880552,3405,38.76660341555977,17.881875505302002,5.654749966130086
many_moving,0,528,13695,155.625,17.955663986561955,5.678079509876867,3405,38.69318181818181,17.88187550530181,5.654749061028222
many_moving,0,529,13705,155.44423440453687,17.955663986561955,5.678079509873142,3405,38.620037807183365,17.88187550530175,5.654748667029262
many_moving,0,530,13744,155.59245283018868,17.955663986561955,5.678079509869904,3407,38.56981132075472,17.881875505301746,5.654748899267032
many_moving,0,531,13754,155.4124293785311,17.955663986561955,5.678079509866632,3407,38.49717514124294,17.881875505301778,5.654749239376004
many_moving,0,532,13794,155.57142857142858,17.955663986561955,5.678079509863787,3411,38.46992481203007,17.881875505301817,5.65474946050662
many_moving,0,533,13804,155.39212007504693,17.955663986561955,5.678079509860911,3411,38.39774859287055,17.88187550530186,5.654749639621973
many_moving,0,534,13843,155.53932584269663,17.955663986561955,5.678079509858411,3411,38.325842696629216,17.881875505301906,5.6547497838574765
many_moving,0,535,13853,155.3607476635514,17.955663986561955,5.678079509855884,3411,38.25420560747664,17.881875505301945,5.654749899731833
many_moving,0,536,13892,155.50746268656715,17.955663986561955,5.678079509853687,3415,38.22761194029851,17.881875505301956,5.654749930081728
many_moving,0,537,13903,155.34078212290504,17.955663986561955,5.678079509851467,3416,38.16759776536313,17.881875505301966,5.654749955366347
many_moving,0,538,13942,155.48698884758366,17.955663986561955,5.678079509849537,3416,38.09665427509294,17.881875505301977,5.6547499762234255
many_moving,0,539,13952,155.30983302411875,17.955663986561955,5.678079509847587,3416,38.02597402597403,17.881875505301988,5.654749993311394
many_moving,0,540,13991,155.45555555555555,17.955663986561955,5.678079509845889,3422,38.02222222222222,17.881875505301895,5.65474977617229
many_moving,0,541,14001,155.27911275415894,17.955663986561955,5.678079509844176,3430,38.04066543438077,17.88187550530172,5.654749102795227
many_moving,0,542,14041,155.43542435424354,17.955663986561955,5.678079509842686,3431,37.981549815498155,17.881875505301544,5.6547482992275535
many_moving,0,543,14051,155.25966850828726,17.955663986561955,5.678079509841179,3431,37.91160220994475,17.881875505301466,5.654747708981967
many_moving,0,544,14090,155.40441176470588,17.955663986561955,5.67807950983987,3431,37.841911764705884,17.881875505301437,5.654747453807533
many_moving,0,545,14100,155.22935779816513,17.955663986561955,5.678079509838547,3433,37.794495412844036,17.88187550530144,5.654747612369535
many_moving,0,546,14139,155.3736263736264,17.955663986561955,5.678079509837397,3433,37.72527472527473,17.88187550530146,5.654747841827745
many_moving,0,547,14150,155.21023765996344,17.955663986561955,5.678079509836233,3437,37.700182815356484,17.881875505301473,5.654747991844923
many_moving,0,548,14189,155.35401459854018,17.955663986561955,5.678079509835222,3437,37.63138686131387,17.881875505301494,5.654748113348502
many_moving,0,549,14199,155.18032786885246,17.955663986561955,5.6780795098342,3437,37.56284153005464,17.881875505301515,5.654748211181752
many_moving,0,550,14238,155.32363636363638,17.955663986561955,5.678079509833312,3437,37.49454545454545,17.881875505301533,5.6547482897713985
many_moving,0,551,14248,155.15063520871144,17.955663986561955,5.678079509832414,3441,37.470054446460985,17.88187550530154,5.654748314989121
many_moving,0,552,14288,155.30434782608697,17.955663986561955,5.678079509831634,3442,37.413043478260875,17.881875505301544,5.654748335779155
many_moving,0,553,14298,155.13200723327304,17.955663986561955,5.678079509830845,3442,37.34538878842676,17.88187550530155,5.654748352796577
many_moving,0,554,14337,155.27436823104696,17.955663986561955,5.678079509830159,3442,37.277978339350184,17.881875505301558,5.654748366656635
many_moving,0,555,14347,155.10270270270271,17.955663986561955,5.678079509829465,3448,37.27567567567568,17.88187550530152,5.6547482252028916
many_moving,0,556,14386,155.24460431654674,17.955663986561955,5.678079509828863,3456,37.29496402877698,17.881875505301444,5.654747787350614
many_moving,0,557,14397,155.08438061041292,17.955663986561955,5.678079509828254,3457,37.23877917414722,17.88187550530137,5.654747262039344
many_moving,0,558,14436,155.22580645161287,17.955663986561955,5.678079509827724,3457,37.17204301075268,17.881875505301334,5.65474687636074
many_moving,0,559,14446,155.05545617173524,17.955663986561955,5.67807950982719,3457,37.105545617173526,17.881875505301323,5.654746711550591
many_moving,0,560,14485,155.19642857142856,17.955663986561955,5.678079509826725,3459,37.06071428571428,17.881875505301327,5.654746820704984
many_moving,0,561,14495,155.02673796791444,17.955663986561955,5.6780795098262535,3459,36.99465240641711,17.881875505301334,5.654746975474415
many_moving,0,562,14535,155.1779359430605,17.955663986561955,5.678079509825845,3463,36.97153024911032,17.88187550530134,5.654747077077223
many_moving,0,563,14545,155.00888099467142,17.955663986561955,5.678079509825432,3463,36.90586145648313,17.881875505301352,5.654747159322604
many_moving,0,564,14584,155.14893617021278,17.955663986561955,5.678079509825073,3463,36.840425531914896,17.88187550530136,5.654747225526458
many_moving,0,565,14594,154.98053097345135,17.955663986561955,5.67807950982471,3463,36.77522123893806,17.88187550530137,5.6547472786981015
many_moving,0,566,14633,155.12014134275617,17.955663986561955,5.678079509824395,3467,36.75265017667844,17.88187550530137,5.654747298493387
many_moving,0,567,14644,154.962962962963,17.955663986561955,5.678079509824075,3468,36.6984126984127,17.881875505301377,5.654747314705808
many_moving,0,568,14683,155.10211267605632,17.955663986561955,5.678079509823798,3468,36.63380281690141,17.88187550530138,5.654747327910991
many_moving,0,569,14693,154.93497363796135,17.955663986561955,5.678079509823517,3468,36.56942003514939,17.881875505301384,5.654747338625271
many_moving,0,570,14732,155.07368421052632,17.955663986561955,5.678079509823274,3474,36.56842105263158,17.881875505301366,5.654747246491239
many_moving,0,571,14742,154.90718038528897,17.955663986561955,5.678079509823028,3482,36.58844133099824,17.881875505301334,5.654746961541992
many_moving,0,572,14782,155.05594405594405,17.955663986561955,5.678079509822814,3483,36.53496503496503,17.881875505301302,5.654746617878699
many_moving,0,573,14792,154.89005235602093,17.955663986561955,5.678079509822597,3483,36.47120418848167,17.881875505301288,5.654746365841314
many_moving,0,574,14831,155.02787456445992,17.955663986561955,5.678079509822409,3483,36.40766550522648,17.88187550530128,5.654746258944732
many_moving,0,575,14841,154.86260869565214,17.955663986561955,5.6780795098222185,3485,36.36521739130435,17.88187550530128,5.654746333140233
many_moving,0,576,14880,155,17.955663986561955,5.678079509822053,3485,36.302083333333336,17.881875505301288,5.65474643717071
many_moving,0,577,14891,154.84575389948006,17.955663986561955,5.678079509821886,3489,36.28076256499133,17.88187550530129,5.654746505743743
many_moving,0,578,14930,154.98269896193773,17.955663986561955,5.678079509821741,3489,36.21799307958477,17.881875505301295,5.654746561242745
many_moving,0,579,14940,154.81865284974091,17.955663986561955,5.678079509821594,3489,36.155440414507765,17.881875505301302,5.654746605911644
many_moving,0,580,14979,154.95517241379312,17.955663986561955,5.678079509821466,3489,36.09310344827586,17.881875505301302,5.654746641784277
many_moving,0,581,14989,154.79173838209982,17.955663986561955,5.6780795098213375,3493,36.0722891566265,17.881875505301306,5.6547466567485385
many_moving,0,582,15029,154.93814432989691,17.955663986561955,5.678079509821225,3494,36.02061855670103,17.881875505301306,5.654746668950708
many_moving,0,583,15039,154.7753001715266,17.955663986561955,5.678079509821112,3494,35.95883361921098,17.881875505301306,5.654746678856597
many_moving,0,584,15078,154.9109589041096,17.955663986561955,5.678079509821013,3494,35.897260273972606,17.88187550530131,5.654746686873217
many_moving,0,585,15088,154.74871794871794,17.955663986561955,5.678079509820914,3500,35.8974358974359,17.881875505301302,5.654746626755264
many_moving,0,586,15127,154.8839590443686,17.955663986561955,5.678079509820828,3508,35.918088737201366,17.881875505301288,5.6547464410850585
many_moving,0,587,15138,154.73253833049404,17.955663986561955,5.678079509820739,3509,35.867120954003404,17.881875505301277,5.654746216089244
many_moving,0,588,15177,154.8673469387755,17.955663986561955,5.678079509820663,3509,35.806122448979586,17.88187550530127,5.6547460511759
many_moving,0,589,15187,154.70628183361632,17.955663986561955,5.678079509820586,3509,35.745331069609506,17.881875505301267,5.654745981885822
many_moving,0,590,15226,154.84067796610168,17.955663986561955,5.6780795098205195,3511,35.70508474576271,17.881875505301267,5.6547460324112375
many_moving,0,591,15236,154.6802030456853,17.955663986561955,5.678079509820451,3511,35.64467005076143,17.88187550530127,5.654746102272046
many_moving,0,592,15276,154.8243243243243,17.955663986561955,5.678079509820393,3515,35.625,17.88187550530127,5.654746148472841
many_moving,0,593,15286,154.66441821247892,17.955663986561955,5.678079509820334,3515,35.564924114671165,17.881875505301274,5.654746185851753
many_moving,0,594,15325,154.7979797979798,17.955663986561955,5.678079509820282,3515,35.505050505050505,17.881875505301277,5.654746215930755
many_moving,0,595,15335,154.6386554621849,17.955663986561955,5.678079509820231,3515,35.445378151260506,17.881875505301277,5.654746240083467
many_moving,0,596,15374,154.77181208053693,17.955663986561955,5.678079509820185,3519,35.42617449664429,17.881875505301277,5.654746251111566
many_moving,0,597,15385,154.62311557788945,17.955663986561955,5.678079509820138,3520,35.37688442211056,17.881875505301277,5.6547462600754255
many_moving,0,598,15424,154.75585284280936,17.955663986561955,5.678079509820099,3520,35.31772575250836,17.88187550530128,5.654746267334748
many_moving,0,599,15434,154.59766277128548,17.955663986561955,5.6780795098200585,3520,35.25876460767947,17.88187550530128,5.65474627319842
many_moving,0,600,15473,154.73,17.955663986561955,5.678079509820024,3526,35.260000000000005,17.881875505301277,5.654746233956607
none_moving,0.1,0,0,,18.187917130173428,17.241615522676813,0,,18.187917130173428,17.241615522676813
none_moving,0.1,1,0,0,18.187917130173428,17.241615522676813,39,234,9.720456627502038,8.67374131298929
none_moving,0.1,2,39,117,9.720966920261393,8.677548129413838,96,288,9.340831253119442,8.253334690341168
none_moving,0.1,3,53,105.99999999999999,9.349496234101304,8.265342155788188,156,312,8.938112098647686,7.827153430964776
none_moving,0.1,4,95,142.5,8.956292301463007,7.852677087666784,216,324,8.539165191296759,7.403764831941189
none_moving,0.1,5,106,127.2,8.562344304816778,7.436470845831602,275,330,8.14303692553031,6.994162754643645
none_moving,0.1,6,152,151.99999999999997,8.172113217678884,7.033697158041252,331,331,7.754816472386654,6.597720616560312
none_moving,0.1,7,165,141.42857142857142,7.785518711951077,6.638571404072263,379,324.85714285714283,7.380935988008882,6.240551397396769
none_moving,0.1,8,210,157.5,7.4117827108611785,6.273033725514742,391,293.25,7.01447824417617,5.90414466010374
none_moving,0.1,9,223,148.66666666666669,7.038069860472781,5.921098875607709,391,260.6666666666667,6.661745557733191,5.589880927380181
none_moving,0.1,10,269,161.4,6.668596672197854,5.587686483049726,391,234.60000000000002,6.321314622802373,5.294551514223291
none_moving,0.1,11,281,153.27272727272728,6.304181432165123,5.256895229002828,391,213.2727272727273,5.991130062473766,5.014531022708111
none_moving,0.1,12,325,162.5,5.955560303681698,4.962682877785189,391,195.5,5.669898475272608,4.74711600465303
none_moving,0.1,13,338,155.99999999999997,5.599577160649203,4.664159508836738,391,180.46153846153845,5.356919104809008,4.490318729273804
none_moving,0.1,14,383,164.14285714285714,5.244250968545043,4.3558682330826715,391,167.57142857142858,5.051976921635121,4.242684229428347
none_moving,0.1,15,396,158.4,4.894332577269604,4.060813368998201,391,156.4,4.7552832625367625,4.003074983513928
none_moving,0.1,16,437,163.875,4.5391530466626095,3.7659437130579434,391,146.625,4.467454201692283,3.770487780885128
none_moving,0.1,17,450,158.8235294117647,4.186620792972758,3.4654770812742415,391,138,4.191844893057744,3.5455564790018306
none_moving,0.1,18,496,165.33333333333334,3.8407200674761843,3.1725576058593052,391,130.33333333333334,3.9390126484755896,3.335490365005853
none_moving,0.1,19,507,160.10526315789474,3.5023103968710867,2.90213648867542,391,123.47368421052633,3.708787471757481,3.1408029272489264
none_moving,0.1,20,551,165.3,3.179516804521994,2.6245723884336956,391,117.30000000000001,3.4986037009057496,2.9583016492670566
none_moving,0.1,21,565,161.42857142857144,2.869706995598683,2.352302448294826,397,113.42857142857144,3.3193303728637398,2.7930666613138775
none_moving,0.1,22,608,165.8181818181818,2.578546952243758,2.09882527345165,411,112.09090909090911,3.075192126665394,2.5542639919431087
none_moving,0.1,23,621,162,2.3113311493087227,1.8510361223471339,414,107.99999999999999,2.8528328082173147,2.324877901635559
none_moving,0.1,24,665,166.25,2.081652255424518,1.649507148405112,414,103.49999999999999,2.678403467150286,2.1414969702359317
none_moving,0.1,25,675,162,1.8609769058510848,1.4578650654211773,414,99.35999999999999,2.545715115353291,1.9979152246659655
none_moving,0.1,26,721,166.38461538461536,1.7432136657919177,1.3384593858293365,414,95.53846153846153,2.444686810505526,1.8857396738399028
none_moving,0.1,27,733,162.88888888888889,1.5398446323694084,1.1864757048164318,414,92,2.3675737934055516,1.7981964845251486
none_moving,0.1,28,777,166.5,1.3286114236570732,1.038257785874698,419,89.78571428571428,2.223182568449846,1.6678557043399873
none_moving,0.1,29,789,163.24137931034483,1.1394217823629273,0.8852101906502327,429,88.75862068965517,2.1097389065404437,1.5627319342762616
none_moving,0.1,30,834,166.8,0.9839749743485179,0.7599696468955974,439,87.8,2.006100532280944,1.4692394578499783
none_moving,0.1,31,846,163.74193548387095,0.8698050135387102,0.6675110862356669,450,87.09677419354838,1.9143129485885566,1.3915192478465017
none_moving,0.1,32,892,167.25,0.7329354474943411,0.5732438185250037,460,86.25,1.8444507523440785,1.328026233190964
none_moving,0.1,33,904,164.36363636363637,0.6463521018541285,0.49674787291180555,469,85.27272727272727,1.7601131704223956,1.2672508565770135
none_moving,0.1,34,950,167.64705882352942,0.6135659857468945,0.4512020483708213,480,84.70588235294117,1.7180913397100805,1.2318583176710347
none_moving,0.1,35,960,164.57142857142856,0.5907078062589379,0.41949232378170465,486,83.31428571428572,1.6831018944454552,1.205798016727429
none_moving,0.1,36,1004,167.33333333333334,0.5822080810546982,0.41108361650231895,492,82.00000000000001,1.656607021968312,1.1883111848345045
none_moving,0.1,37,1017,164.9189189189189,0.5155474772422223,0.366658864311247,502,81.4054054054054,1.51556208519026,1.0650596878331062
none_moving,0.1,38,1061,167.52631578947367,0.42200027050106526,0.30878804532093146,505,79.73684210526316,1.4020111942228382,0.9548141628001658
none_moving,0.1,39,1075,165.3846153846154,0.35988497218979576,0.2675279517064261,505,77.6923076923077,1.3173837702423976,0.877462890458745
none_moving,0.1,40,1119,167.85000000000002,0.33274313413394757,0.24621883468358058,505,75.75,1.2545249038938169,0.8248589015300057
none_moving,0.1,41,1132,165.65853658536585,0.31534106993229255,0.238739404025989,505,73.90243902439025,1.2078546733311655,0.7885611327741431
none_moving,0.1,42,1178,168.2857142857143,0.27810778004654935,0.2115141426098278,505,72.14285714285715,1.1731272550881244,0.7731725907963246
none_moving,0.1,43,1190,166.04651162790697,0.28389148894196226,0.22244620526660358,505,70.46511627906976,1.147175797358782,0.765834906342992
none_moving,0.1,44,1237,168.6818181818182,0.29159591787051986,0.23156790642170494,510,69.54545454545455,1.1266520577802235,0.755638714770598
none_moving,0.1,45,1251,166.79999999999998,0.21264831805747453,0.1835444461410358,517,68.93333333333334,1.1086184909363883,0.7338507220627651
none_moving,0.1,46,1297,169.17391304347822,0.19516871205584274,0.17282162886634014,522,68.08695652173913,1.0978720522874308,0.7350927670844408
none_moving,0.1,47,1310,167.2340425531915,0.1980384167934792,0.16982009552964122,528,67.40425531914893,1.090742241652641,0.744117261918851
none_moving,0.1,48,1357,169.62499999999997,0.20154150238121402,0.17067759886307782,534,66.75,1.0845374004771835,0.7467878836588999
none_moving,0.1,49,1370,167.75510204081633,0.16804503083909578,0.14608783138034154,543,66.48979591836735,0.9891194255029905,0.7002596495439487
none_moving,0.1,50,1415,169.79999999999998,0.19340132291440967,0.16464544599957645,552,66.24,0.9189375525695863,0.6754723766803301
none_moving,0.1,51,1427,167.88235294117646,0.18862987869819145,0.1648335439933346,560,65.88235294117648,0.8684881773342175,0.6639086375362337
none_moving,0.1,52,1473,169.96153846153848,0.19160905691060812,0.1653052056350391,568,65.53846153846153,0.8033222986808649,0.6275773621556312
none_moving,0.1,53,1482,167.77358490566036,0.15325964841090395,0.12881107364075167,571,64.64150943396227,0.7518697811392379,0.5950436635363293
none_moving,0.1,54,1527,169.66666666666666,0.11811442974926249,0.09982058120342333,571,63.44444444444444,0.7142665401535594,0.5727773541093357
none_moving,0.1,55,1541,168.10909090909092,0.15021329748688006,0.12517350814529124,571,62.290909090909096,0.6868579946111478,0.5569037055481845
none_moving,0.1,56,1586,169.92857142857142,0.16391698736875399,0.1323889777549912,571,61.17857142857143,0.6668656307052128,0.5454344935239712
none_moving,0.1,57,1597,168.10526315789474,0.1442399216929104,0.12410927277835926,571,60.10526315789474,0.6522299869050605,0.5370991213579708
none_moving,0.1,58,1643,169.96551724137933,0.14798534067341576,0.12144647145894856,574,59.37931034482759,0.6432407603902716,0.5329154355837098
none_moving,0.1,59,1656,168.40677966101694,0.1511209823340037,0.12202454024676816,579,58.88135593220339,0.5778075533312708,0.49370773496719716
none_moving,0.1,60,1701,170.1,0.13819725137323308,0.12290645798706572,584,58.4,0.5283225820281497,0.4658171031281618
none_moving,0.1,61,1714,168.59016393442624,0.11000520872298367,0.09907919498978332,588,57.83606557377049,0.4837861850532786,0.4356510969849222
none_moving,0.1,62,1760,170.32258064516128,0.10603506452446418,0.09899268609440062,592,57.29032258064516,0.4498066103859962,0.4107980755942512
none_moving,0.1,63,1772,168.76190476190473,0.09861064966668617,0.08353712192616126,597,56.857142857142854,0.42138063611765053,0.38737967409783425
none_moving,0.1,64,1818,170.4375,0.1217895364314203,0.10461130198607985,604,56.625,0.3772102641091781,0.3558386313393449
none_moving,0.1,65,1831,169.01538461538462,0.10324024718123671,0.08702420070192082,608,56.12307692307692,0.36342111490672024,0.34658176359470516
none_moving,0.1,66,1875,170.45454545454544,0.11171484446748403,0.09693617120157808,614,55.81818181818181,0.3387677765621783,0.32711598558780075
none_moving,0.1,67,1888,169.07462686567166,0.10733145490509519,0.09785810134843285,619,55.43283582089552,0.2824081049600134,0.27597459527039925
none_moving,0.1,68,1931,170.38235294117646,0.10521747430773488,0.09734356642367128,621,54.794117647058826,0.24068910073774422,0.23593905459011003
none_moving,0.1,69,1943,168.95652173913047,0.06724026076519989,0.0634990110383002,621,54.00000000000001,0.2262906619366345,0.21669932620000382
none_moving,0.1,70,1987,170.3142857142857,0.06531657121752706,0.059283184438202366,624,53.48571428571428,0.2486162317094412,0.22438481943303984
none_moving,0.1,71,2001,169.09859154929578,0.05941876417621945,0.05724119431942491,629,53.154929577464785,0.25533397597650037,0.22904966654758668
none_moving,0.1,72,2047,170.58333333333334,0.05951418854730202,0.05716100803479242,633,52.75,0.24285532979462088,0.21810915997532362
none_moving,0.1,73,2060,169.3150684931507,0.06720960694262539,0.05930048913385242,637,52.35616438356165,0.23549521626878223,0.2139363386231663
none_moving,0.1,74,2106,170.75675675675674,0.057140481586525474,0.048265811339111606,642,52.054054054054056,0.2382947369887935,0.21924340308577736
none_moving,0.1,75,2119,169.52,0.0789907320804786,0.07416972173597347,647,51.760000000000005,0.21520648951331095,0.19992941403096548
none_moving,0.1,76,2165,170.92105263157896,0.10125909986844638,0.0923818755094796,652,51.47368421052632,0.2172411930059832,0.19422303581230452
none_moving,0.1,77,2178,169.71428571428572,0.09873703317555853,0.09167179816134538,654,50.96103896103896,0.22519436356833797,0.19727409530933207
none_moving,0.1,78,2223,171,0.08525324955341912,0.07570284747843356,654,50.307692307692314,0.23678035335483905,0.2074665551177656
none_moving,0.1,79,2237,169.89873417721518,0.08355593908018386,0.0796891857808447,659,50.05063291139241,0.2224283576592258,0.19962163835912153
none_moving,0.1,80,2284,171.3,0.1250016992096441,0.11135700507782767,663,49.725,0.20878618289294454,0.1923637726634259
none_moving,0.1,81,2295,170,0.12311833466894698,0.10074534359343926,667,49.407407407407405,0.2109090607751528,0.19495544712131177
none_moving,0.1,82,2341,171.29268292682926,0.14566824281624782,0.11301128982663174,671,49.09756097560975,0.21045817022923388,0.19460531364297717
none_moving,0.1,83,2354,170.1686746987952,0.09945880890522824,0.0868198674661378,674,48.72289156626506,0.20958932672497377,0.19272928305236564
none_moving,0.1,84,2400,171.42857142857144,0.06503191410174579,0.06130604850912247,674,48.14285714285715,0.21915772506970932,0.1994867499188645
none_moving,0.1,85,2413,170.3294117647059,0.08746211357551327,0.07595830473672446,674,47.576470588235296,0.2326489108881179,0.2108150406095429
none_moving,0.1,86,2456,171.34883720930233,0.11318064850544991,0.08767883859181187,674,47.02325581395349,0.24658265932115378,0.22359068757415518
none_moving,0.1,87,2469,170.27586206896552,0.07138449301429209,0.060877619694307016,680,46.896551724137936,0.2543955935320464,0.23241875060403755
none_moving,0.1,88,2515,171.47727272727275,0.08153694823731994,0.07602546195717444,686,46.77272727272727,0.2447622276171264,0.22734035577116424
none_moving,0.1,89,2528,170.42696629213484,0.07723087435774868,0.0701092620914738,697,46.98876404494382,0.24343694288474182,0.22658402543462475
none_moving,0.1,90,2575,171.66666666666666,0.11767321768939105,0.10549763514521841,710,47.333333333333336,0.23960037567563053,0.2230817931878359
none_moving,0.1,91,2588,170.63736263736266,0.1393007935853486,0.12304201830920354,725,47.8021978021978,0.2284090263634771,0.20943761996846044
none_moving,0.1,92,2634,171.78260869565216,0.15303207568122673,0.13289686214591445,738,48.13043478260869,0.2195377707558367,0.20143931005950105
none_moving,0.1,93,2647,170.77419354838707,0.11583547242005064,0.10474900287799824,749,48.322580645161295,0.22243034847304288,0.19719137231244424
none_moving,0.1,94,2693,171.8936170212766,0.09121923919317394,0.08445022105719839,759,48.4468085106383,0.20453532796869328,0.1817353251552108
none_moving,0.1,95,2706,170.90526315789475,0.11257085685556806,0.10577303904505098,766,48.37894736842105,0.2115995186316404,0.18596595541016103
none_moving,0.1,96,2749,171.81249999999997,0.1357991710910232,0.12763006317233963,772,48.25,0.2210106986097871,0.19311396638026318
none_moving,0.1,97,2763,170.90721649484536,0.15070610814456287,0.1301243195180835,777,48.06185567010309,0.19842922522389558,0.17735829567821343
none_moving,0.1,98,2809,171.97959183673467,0.20060446027209408,0.16399837957900237,780,47.755102040816325,0.1843752330190452,0.16745249102223433
none_moving,0.1,99,2821,170.969696969697,0.1801271394637757,0.1512457565140436,780,47.27272727272727,0.18102547593117613,0.16379436607365563
none_moving,0.1,100,2866,171.96,0.19560278027995304,0.16192141400448798,780,46.8,0.18374279365957638,0.16748666654088035
none_moving,0.1,101,2880,171.0891089108911,0.1487447567784886,0.1281246155271424,780,46.336633663366335,0.18924859150170087,0.17245681847276606
none_moving,0.1,102,2926,172.11764705882354,0.11814864573897568,0.10747981934810683,780,45.88235294117647,0.19561325829974574,0.1772880991160148
none_moving,0.1,103,2939,171.20388349514562,0.16054763740642486,0.13607305951668078,780,45.4368932038835,0.20184226487009985,0.18167565207463826
none_moving,0.1,104,2986,172.26923076923077,0.205529484293062,0.17069418447980605,780,45,0.20748778238428356,0.18551956462664176
none_moving,0.1,105,3000,171.42857142857142,0.17106643678734165,0.13001735015874397,780,44.57142857142857,0.2123940561835008,0.18881651935848426
none_moving,0.1,106,3046,172.41509433962267,0.16901917800757815,0.13047737993955494,782,44.26415094339623,0.21655145051322688,0.19160575856139314
none_moving,0.1,107,3060,171.58878504672896,0.1598356387237188,0.11454162240188925,782,43.850467289719624,0.2235424378148736,0.19934433020274658
none_moving,0.1,108,3106,172.55555555555557,0.16051331418883688,0.12280617636013817,784,43.55555555555556,0.22007225942547512,0.19768300218270501
none_moving,0.1,109,3120,171.74311926605506,0.1610531514332467,0.12619626104354828,789,43.431192660550465,0.20402796901214915,0.17722110329125712
none_moving,0.1,110,3165,172.63636363636365,0.13926013960376687,0.12082155594903213,791,43.14545454545454,0.19396848501658967,0.16694456481263284
none_moving,0.1,111,3175,171.6216216216216,0.11138680108453247,0.09983441007066374,795,42.97297297297297,0.18998161011407427,0.16108371861934506
none_moving,0.1,112,3222,172.60714285714286,0.10129365169106172,0.09600894428286258,800,42.857142857142854,0.17534549920689016,0.15579395636972815
none_moving,0.1,113,3234,171.71681415929203,0.07907590390373889,0.07260057897367597,803,42.637168141592916,0.15347228390132067,0.1394515973066397
none_moving,0.1,114,3280,172.63157894736844,0.07227866157277744,0.06974810640095572,803,42.26315789473684,0.14804621003257815,0.13533113067770083
none_moving,0.1,115,3293,171.80869565217392,0.07308537904849627,0.06914145294800161,803,41.89565217391304,0.15247064363365992,0.13998835721524244
none_moving,0.1,116,3338,172.6551724137931,0.09801824733206657,0.08615905110026414,803,41.53448275862069,0.16124998175268648,0.14836225012290388
none_moving,0.1,117,3350,171.7948717948718,0.09323228760733997,0.0815441866379655,803,41.17948717948718,0.17113758668999857,0.15739690114346694
none_moving,0.1,118,3397,172.72881355932205,0.0921745933645167,0.07848700624689683,803,40.83050847457627,0.18058550838391413,0.1657662453732048
none_moving,0.1,119,3409,171.88235294117646,0.14743812802059414,0.1240030078858763,803,40.48739495798319,0.18898143184731317,0.1730375702037261
none_moving,0.1,120,3456,172.8,0.19517700382678863,0.15473923895123304,803,40.15,0.19616545112555123,0.17915785797470604
none_moving,0.1,121,3466,171.86776859504133,0.13615351530634762,0.12276080298218735,805,39.917355371900825,0.20217978368021364,0.18422024429407852
none_moving,0.1,122,3510,172.62295081967216,0.14624114380224432,0.13477974980569346,805,39.59016393442623,0.21392917733173542,0.20099073438685228
none_moving,0.1,123,3523,171.85365853658539,0.14958771171120028,0.13579968061602876,807,39.365853658536594,0.24409709972046362,0.22654973265097814
none_moving,0.1,124,3567,172.59677419354836,0.1416350286955929,0.12892606984306573,812,39.29032258064516,0.27924788060695976,0.2465247642292366
none_moving,0.1,125,3580,171.83999999999997,0.14261882541462959,0.12099859708100968,814,39.072,0.31749155148545954,0.27297539608262505
none_moving,0.1,126,3625,172.61904761904762,0.14268289472411072,0.1290403073647627,818,38.95238095238095,0.35183473715333485,0.3004908340137733
none_moving,0.1,127,3638,171.8740157480315,0.15886070048821924,0.1396136682595953,823,38.881889763779526,0.3688798943870039,0.30707643455296996
none_moving,0.1,128,3684,172.6875,0.15368869695399406,0.1392913898190892,826,38.71875,0.379985622658287,0.30833662592355304
none_moving,0.1,129,3694,171.81395348837208,0.10754510934251495,0.09791297959787978,826,38.41860465116279,0.39403427769920646,0.3187729503126748
none_moving,0.1,130,3740,172.6153846153846,0.10699663316998949,0.08920845694438054,826,38.12307692307692,0.40824034934328157,0.33295330299480336
none_moving,0.1,131,3753,171.89312977099237,0.13561940362444835,0.11835785499252745,826,37.83206106870229,0.421311099537445,0.3472193145391158
none_moving,0.1,132,3800,172.72727272727272,0.11856399537470333,0.10304532434369466,833,37.86363636363636,0.42954253236762824,0.3528138077619273
none_moving,0.1,133,3813,172.01503759398497,0.11311244099675685,0.10477057040574196,843,38.03007518796992,0.43327053488888234,0.3517251899634145
none_moving,0.1,134,3859,172.79104477611938,0.14391204280456493,0.1346317888372803,858,38.417910447761194,0.4376519272026372,0.35189115141431354
none_moving,0.1,135,3873,172.13333333333333,0.14542252656932478,0.12667808682145604,873,38.8,0.4494213849201828,0.3723167648500025
none_moving,0.1,136,3920,172.94117647058823,0.17796761562058688,0.15284856038384204,889,39.22058823529412,0.4512249196740712,0.368632128826333
none_moving,0.1,137,3934,172.2919708029197,0.16175704064729446,0.137578918157879,903,39.54744525547445,0.416524688514627,0.3541044875792253
none_moving,0.1,138,3978,172.95652173913047,0.1583746237741086,0.14016252095861192,918,39.913043478260875,0.37298832690822803,0.3153117863044744
none_moving,0.1,139,3989,172.1870503597122,0.10030744057085356,0.08828489909909977,931,40.187050359712224,0.34108997762504323,0.29210072890867556
none_moving,0.1,140,4034,172.88571428571427,0.10338717907184647,0.08764085451027111,939,40.24285714285714,0.3269129128923214,0.28507874108646447
none_moving,0.1,141,4048,172.25531914893617,0.07218351480510661,0.06735936022296429,947,40.297872340425535,0.30419870630800916,0.2538060603199551
none_moving,0.1,142,4095,173.0281690140845,0.10548335665327438,0.09349984822377307,950,40.140845070422536,0.28331718398657135,0.22062056333976718
none_moving,0.1,143,4107,172.32167832167832,0.10154403279460622,0.08956337053578145,950,39.86013986013986,0.29030681634440214,0.22927615036026575
none_moving,0.1,144,4151,172.95833333333334,0.12782046266722988,0.11453883579213439,950,39.583333333333336,0.31036609817300864,0.2558882060521974
none_moving,0.1,145,4165,172.34482758620692,0.09846287903514067,0.08838156564546408,953,39.43448275862069,0.3512310122396651,0.29678940396618614
none_moving,0.1,146,4211,173.05479452054797,0.10484216373699429,0.09485535018323779,957,39.328767123287676,0.3629412281227065,0.31812613884575
none_moving,0.1,147,4219,172.20408163265304,0.08319226921858783,0.06924205168438677,962,39.265306122448976,0.3508747724244495,0.3166272735110172
none_moving,0.1,148,4264,172.86486486486484,0.0922996649701617,0.07338625926998496,967,39.2027027027027,0.3476734660142289,0.3129487525984157
none_moving,0.1,149,4278,172.26845637583892,0.09618840640089643,0.08803267791715559,972,39.14093959731544,0.37462896030035747,0.33597710478827164
none_moving,0.1,150,4325,173,0.10472834974135836,0.09853055013011498,977,39.08,0.35681707126434903,0.31258309680291896
none_moving,0.1,151,4338,172.37086092715234,0.06512266617864443,0.060979168986574996,982,39.019867549668874,0.37567381975467506,0.33447703336342827
none_moving,0.1,152,4384,173.05263157894737,0.05822734136286654,0.05441416845281956,984,38.8421052631579,0.36160458349019686,0.31410238999597917
none_moving,0.1,153,4398,172.47058823529414,0.08744752337479526,0.08421535354827706,989,38.7843137254902,0.3539192549378434,0.2976906490042339
none_moving,0.1,154,4444,173.1428571428571,0.0958311693355143,0.08824682187764402,993,38.688311688311686,0.34888913195930515,0.28201790380220043
none_moving,0.1,155,4457,172.5290322580645,0.08962375357907718,0.08162498206769116,997,38.593548387096774,0.3476153026732604,0.27356008366183204
none_moving,0.1,156,4503,173.19230769230768,0.08888854606908748,0.08253528796012496,1001,38.5,0.3198190209232341,0.24810315655829865
none_moving,0.1,157,4515,172.54777070063693,0.090071632851308,0.08165873213097949,1004,38.36942675159236,0.29369167706994226,0.221861928262221
none_moving,0.1,158,4559,173.126582278481,0.09987541435227877,0.08856249550531337,1004,38.12658227848102,0.27631194156957406,0.20634784759432584
none_moving,0.1,159,4569,172.41509433962264,0.09682294140063903,0.08216894536453874,1004,37.88679245283019,0.2651312645905645,0.19999460829524268
none_moving,0.1,160,4613,172.9875,0.10386635452142076,0.09117445192154552,1004,37.650000000000006,0.25817003191698845,0.20052891650212717
none_moving,0.1,161,4625,172.36024844720498,0.100950943629123,0.09060970118841465,1007,37.52795031055901,0.2516401118415106,0.20106999394829755
none_moving,0.1,162,4670,172.96296296296296,0.11992745382016132,0.10971000427263344,1024,37.925925925925924,0.23488817515425864,0.1938526134345782
none_moving,0.1,163,4684,172.41717791411043,0.09668287218593596,0.09206390517158189,1045,38.466257668711656,0.18754992072723728,0.15589221908188328
none_moving,0.1,164,4731,173.08536585365854,0.17373621827142338,0.14605132059328377,1068,39.073170731707314,0.19156656678777545,0.16315524551747584
none_moving,0.1,165,4744,172.5090909090909,0.1483251276151157,0.12450047876531037,1091,39.67272727272727,0.21209600511733714,0.18167790674660475
none_moving,0.1,166,4789,173.09638554216866,0.1463472141422786,0.12614386531382382,1112,40.19277108433735,0.2003447029233767,0.1792959765626322
none_moving,0.1,167,4803,172.56287425149702,0.12441822335700159,0.10630953789892175,1134,40.74251497005989,0.15842005476967436,0.1430911946003368
none_moving,0.1,168,4847,173.10714285714286,0.12017739519390111,0.10400027427364567,1158,41.35714285714286,0.15185637477427752,0.13563244496522567
none_moving,0.1,169,4857,172.4378698224852,0.1157710476819887,0.0932235450641572,1168,41.467455621301774,0.12171674687279137,0.10708372845095357
none_moving,0.1,170,4901,172.9764705882353,0.10270365501130203,0.09096193378077357,1168,41.2235294117647,0.11294573929591585,0.10306284624785009
none_moving,0.1,171,4915,172.45614035087718,0.13216810327898829,0.11323847547637175,1170,41.05263157894737,0.11838572689404726,0.10835235366814418
none_moving,0.1,172,4961,173.05813953488374,0.14024421979731258,0.11935729185184815,1172,40.883720930232556,0.1201839764387262,0.11034991786634885
none_moving,0.1,173,4974,172.50867052023122,0.12128938787766398,0.10938128644536946,1172,40.64739884393064,0.1335183814317641,0.12206578024684094
none_moving,0.1,174,5019,173.06896551724137,0.13468601860335244,0.12366784944327355,1172,40.41379310344828,0.1499293518678764,0.13694454487184846
none_moving,0.1,175,5031,172.4914285714286,0.1694891376971389,0.15573953706950344,1172,40.182857142857145,0.16566538905280442,0.15112944352167526
none_moving,0.1,176,5078,173.11363636363637,0.18617998019591578,0.16400868037602953,1172,39.95454545454546,0.17948446510469107,0.1633063481470176
none_moving,0.1,177,5092,172.6101694915254,0.1434885474322376,0.1140746909490377,1172,39.728813559322035,0.19115503995384486,0.17339118229880338
none_moving,0.1,178,5138,173.19101123595505,0.12822217307972056,0.1024589053692048,1172,39.50561797752809,0.2008158489116818,0.18162141263710654
none_moving,0.1,179,5152,172.6927374301676,0.155366980921213,0.14086037298356574,1172,39.28491620111732,0.20872286081313993,0.1882896725110566
none_moving,0.1,180,5198,173.26666666666665,0.179817573627252,0.16051874612253644,1172,39.06666666666667,0.2151498502244189,0.1936705066728774
none_moving,0.1,181,5209,172.67403314917127,0.15992006135249262,0.1493308471318063,1174,38.91712707182321,0.22035055848220664,0.19800164162501516
none_moving,0.1,182,5255,173.24175824175825,0.1357708524860732,0.12454155736444925,1176,38.76923076923077,0.2560842318440444,0.22534445489378924
none_moving,0.1,183,5268,172.72131147540983,0.09962231768522808,0.08884616252397515,1185,38.852459016393446,0.27627635200602707,0.22947626022207643
none_moving,0.1,184,5315,173.31521739130434,0.07906655772300247,0.0697190989450274,1190,38.80434782608695,0.2747456057855415,0.22222182311453534
none_moving,0.1,185,5327,172.76756756756757,0.0773108426647782,0.07269746717263424,1190,38.59459459459459,0.2778137175907194,0.22601209696026442
none_moving,0.1,186,5372,173.29032258064518,0.07218858385369994,0.06989436205984882,1192,38.45161290322581,0.2829360661668165,0.2351740174197981
none_moving,0.1,187,5384,172.74866310160428,0.07194254911404813,0.06888702979281873,1195,38.342245989304814,0.2768234358617061,0.23386605417730716
none_moving,0.1,188,5430,173.29787234042553,0.10059140003294059,0.08655841326552965,1195,38.138297872340424,0.2738100977900293,0.23356770066373475
none_moving,0.1,189,5442,172.7619047619048,0.0784347499105208,0.06490977686125064,1198,38.03174603174603,0.27224985417876757,0.23299122938739933
none_moving,0.1,190,5488,173.30526315789473,0.09024858272136933,0.0843043150527458,1216,38.4,0.26874262107870117,0.22835932060832326
none_moving,0.1,191,5502,172.83769633507856,0.10086634704417058,0.08744548016550505,1242,39.01570680628273,0.21560165902338518,0.17960915564964836
none_moving,0.1,192,5548,173.37499999999997,0.10435016346441942,0.08713114713664274,1269,39.65625,0.17958542738650632,0.1630136898014494
none_moving,0.1,193,5559,172.81865284974091,0.1107098472171597,0.10143518089230877,1297,40.321243523316056,0.159920274514887,0.14409169572897776
none_moving,0.1,194,5606,173.3814432989691,0.11807949745784234,0.10579021928993904,1325,40.97938144329897,0.15352155984055607,0.13202274248887613
none_moving,0.1,195,5620,172.92307692307693,0.08432911107158247,0.07334299679107667,1352,41.599999999999994,0.20401326207554846,0.1574539123512849
none_moving,0.1,196,5665,173.41836734693877,0.0980344701858648,0.07967157531601869,1376,42.12244897959184,0.18473637082122446,0.13893173696104608
none_moving,0.1,197,5679,172.96446700507613,0.12023721428469619,0.10022232514765561,1387,42.243654822335024,0.1469797533099081,0.12204796422368232
none_moving,0.1,198,5725,173.4848484848485,0.14074835887355922,0.11692867114873964,1394,42.24242424242425,0.13338226438736445,0.11947918029365827
none_moving,0.1,199,5736,172.94472361809045,0.13990031097266825,0.12370971974545811,1398,42.15075376884422,0.12602474713701084,0.11265593702836915
none_moving,0.1,200,5781,173.43,0.12438956218619546,0.11476192752223473,1398,41.940000000000005,0.16434295106821586,0.15076402969494582
none_moving,0.1,201,5793,172.92537313432834,0.10677947663636882,0.09255960757458256,1400,41.7910447761194,0.20976554922978408,0.19089425985953354
none_moving,0.1,202,5838,173.4059405940594,0.1453874707838246,0.12981469596283307,1403,41.67326732673268,0.2513195799499724,0.22578376223267638
none_moving,0.1,203,5852,172.96551724137933,0.1432769278413342,0.13631473712846515,1403,41.467980295566505,0.2861531448369512,0.2541954491342737
none_moving,0.1,204,5897,173.44117647058826,0.1121227739594741,0.10499189912483683,1403,41.26470588235295,0.31469461568810897,0.27712396534047196
none_moving,0.1,205,5910,172.97560975609755,0.08785188367705012,0.07636416594626275,1403,41.06341463414635,0.33784794240416083,0.29556024520761903
none_moving,0.1,206,5956,173.47572815533982,0.09716286548169102,0.08294125165486796,1403,40.86407766990292,0.356534664063059,0.3103574208789848
none_moving,0.1,207,5969,173.01449275362316,0.09702180878637809,0.07803966339595593,1403,40.66666666666667,0.37157279579284025,0.32222147438394766
none_moving,0.1,208,6014,173.48076923076923,0.1018081776379525,0.0868930327219415,1408,40.61538461538462,0.3588216641911084,0.31220438514024307
none_moving,0.1,209,6026,172.99521531100478,0.06481711405688666,0.05613023144167868,1413,40.56459330143541,0.3218054849705392,0.27278449999989973
none_moving,0.1,210,6070,173.42857142857142,0.08323028861383698,0.07671887974428163,1420,40.57142857142857,0.3043614154879699,0.25957873338911214
none_moving,0.1,211,6084,173.0047393364929,0.11848925475169289,0.10868759207500008,1429,40.6350710900474,0.29314285023184167,0.25298656523131074
none_moving,0.1,212,6128,173.43396226415095,0.15982286615751673,0.14707963953166261,1436,40.64150943396226,0.23451040103587747,0.20492662740367704
none_moving,0.1,213,6142,173.01408450704227,0.15522249873209726,0.13969498825985854,1446,40.732394366197184,0.2085698148965896,0.18307538842446164
none_moving,0.1,214,6187,173.46728971962617,0.17566202817786483,0.15823138366670306,1454,40.76635514018692,0.1894781937169006,0.16564328933807843
none_moving,0.1,215,6201,173.05116279069767,0.11019531552723041,0.09058158590673207,1454,40.57674418604651,0.17780908419244068,0.15563186556588593
none_moving,0.1,216,6246,173.5,0.09604570604122105,0.084109173425181,1456,40.44444444444444,0.17210005814351767,0.15193562325914753
none_moving,0.1,217,6257,173.00460829493088,0.07727163724493782,0.07035039523102452,1458,40.313364055299544,0.167060685891978,0.15173817984911128
none_moving,0.1,218,6303,173.47706422018348,0.09058740793614317,0.07791144358436258,1462,40.23853211009174,0.1683510109583524,0.155526811532731
none_moving,0.1,219,6317,173.06849315068496,0.0763447934261967,0.070178755879813,1469,40.24657534246575,0.17352807463951392,0.16025921415409364
none_moving,0.1,220,6361,173.4818181818182,0.10452797709459075,0.0930169081853434,1480,40.36363636363637,0.1809692582061464,0.17024732723064756
none_moving,0.1,221,6371,172.96832579185522,0.12382333125423296,0.11399223832215517,1493,40.533936651583716,0.1895796393666373,0.176607995539544
none_moving,0.1,222,6417,173.43243243243245,0.12780955579056472,0.11366628237854917,1506,40.7027027027027,0.19138455753418768,0.17244162965948265
none_moving,0.1,223,6428,172.9506726457399,0.11797433807037491,0.09955334658539351,1519,40.869955156950674,0.18611926105648666,0.16588200845373174
none_moving,0.1,224,6473,173.38392857142856,0.1241144849616784,0.10855763241491749,1531,41.00892857142857,0.19789225840780858,0.18177783075326379
none_moving,0.1,225,6484,172.90666666666667,0.13089751274383812,0.11534881851986653,1541,41.093333333333334,0.19009331456285822,0.177723649986764
none_moving,0.1,226,6531,173.38938053097345,0.13281333632042266,0.12124055271055259,1545,41.01769911504425,0.16365631971694022,0.15472614046837438
none_moving,0.1,227,6544,172.9691629955947,0.10092977247256511,0.09215262086432097,1549,40.94273127753304,0.13421440008437382,0.125427066309394
none_moving,0.1,228,6591,173.44736842105266,0.09632329673268819,0.0940965766474318,1554,40.89473684210527,0.11676932065984659,0.10189557039731718
none_moving,0.1,229,6603,173.00436681222706,0.06594702126854565,0.06174311673409065,1559,40.8471615720524,0.11416064925673383,0.10288282686593216
none_moving,0.1,230,6650,173.47826086956522,0.10664484621383716,0.09059814685445673,1559,40.6695652173913,0.12401956911622834,0.11066266439836885
none_moving,0.1,231,6662,173.03896103896105,0.06853318813647964,0.0645247762256417,1561,40.54545454545454,0.1380738977637054,0.1222279663273117
none_moving,0.1,232,6708,173.48275862068965,0.08370518535526882,0.07925621935895547,1564,40.44827586206897,0.15051704880791159,0.13244043366201066
none_moving,0.1,233,6722,173.09871244635195,0.0929842652471345,0.08590321363484839,1564,40.27467811158798,0.16196069575571784,0.14235140750170377
none_moving,0.1,234,6768,173.53846153846152,0.10558930545510292,0.09390487395275479,1564,40.1025641025641,0.17187539772033322,0.15112597962234778
none_moving,0.1,235,6781,173.13191489361702,0.08830818575129801,0.08220432035008046,1564,39.93191489361703,0.18021132595939723,0.1585576704869967
none_moving,0.1,236,6826,173.54237288135596,0.09873163214813464,0.08885504938575708,1564,39.76271186440678,0.18710319713830914,0.1647120150579778
none_moving,0.1,237,6840,173.1645569620253,0.09053911486353337,0.07702799217721165,1564,39.59493670886076,0.19274369441045902,0.16974642818956295
none_moving,0.1,238,6884,173.54621848739495,0.10312225122741608,0.08878171515134287,1564,39.42857142857143,0.19733016288340127,0.17383522109697291
none_moving,0.1,239,6897,173.14644351464435,0.10765650414552157,0.0974690078327036,1566,39.31380753138075,0.20042662187486232,0.17595776408200547
none_moving,0.1,240,6943,173.575,0.12338981002611368,0.11064045708389929,1568,39.2,0.1971468854665529,0.17076777071896515
none_moving,0.1,241,6956,173.17842323651453,0.11387344711027955,0.10356088436297255,1570,39.087136929460584,0.16382398090719258,0.14285963538155647
none_moving,0.1,242,7002,173.60330578512398,0.10684571318728545,0.09698286498722757,1572,38.97520661157024,0.1428165251109852,0.12148440986579652
none_moving,0.1,243,7012,173.13580246913583,0.09883488107633623,0.09060486188194632,1577,38.93827160493827,0.14855795443547845,0.13451038413494495
none_moving,0.1,244,7059,173.58196721311475,0.1032795816928372,0.09139080266453338,1582,38.90163934426229,0.14568254068984623,0.12967729967391034
none_moving,0.1,245,7070,173.14285714285717,0.07799563209910607,0.0632807399563142,1582,38.74285714285714,0.17256840596745907,0.15523787377059034
none_moving,0.1,246,7114,173.51219512195124,0.07789830963439309,0.07073904216704172,1584,38.63414634146342,0.20626499731750017,0.18914968903131898
none_moving,0.1,247,7127,173.12550607287451,0.08301249257891176,0.07470598727472186,1587,38.550607287449395,0.23475369471729735,0.215994517273589
none_moving,0.1,248,7173,173.54032258064512,0.10847656557990681,0.09262250334159847,1587,38.39516129032258,0.2604147634672489,0.23945607830964227
none_moving,0.1,249,7186,173.15662650602408,0.0896185859041497,0.07690114648664509,1587,38.24096385542168,0.2822795946339608,0.25916688683779576
none_moving,0.1,250,7232,173.568,0.0933076007568331,0.08255814300560153,1587,38.087999999999994,0.30043899116678613,0.2753819029409371
none_moving,0.1,251,7244,173.1633466135458,0.09976537094150961,0.08559057089157057,1587,37.936254980079674,0.31531949179998314,0.2885800664296539
none_moving,0.1,252,7289,173.54761904761904,0.14483028780298857,0.13296035879903087,1587,37.785714285714285,0.3274188173214104,0.2992618050765151
none_moving,0.1,253,7302,173.1699604743083,0.12392784702041666,0.11277240165034971,1587,37.63636363636363,0.337209525409034,0.3078782885139378
none_moving,0.1,254,7348,173.57480314960628,0.11884851756501648,0.10672453790122746,1589,37.53543307086614,0.34581842429140075,0.3153851874260466
none_moving,0.1,255,7360,173.1764705882353,0.11997475272941725,0.10619602058339654,1591,37.43529411764706,0.3619117959201331,0.3307873731008751
none_moving,0.1,256,7406,173.578125,0.12353622635831699,0.11189207447555985,1593,37.3359375,0.37437019743463573,0.346160008007841
none_moving,0.1,257,7420,173.2295719844358,0.1052368254868272,0.09609721408616179,1595,37.237354085603116,0.38077101126597,0.3500718048273289
none_moving,0.1,258,7467,173.6511627906977,0.1542587028961312,0.13477968648040056,1600,37.2093023255814,0.3668027216596285,0.33431961999534127
none_moving,0.1,259,7480,173.2818532818533,0.12176833679893032,0.10247762533909341,1605,37.181467181467184,0.36129963634190365,0.3240429068753886
none_moving,0.1,260,7525,173.65384615384616,0.10377913227772043,0.09037724820889174,1605,37.03846153846154,0.36038635041108175,0.3176432069460141
none_moving,0.1,261,7537,173.26436781609198,0.11125669956312347,0.10000199248363537,1607,36.94252873563219,0.36190998900920784,0.3140012068632051
none_moving,0.1,262,7583,173.65648854961833,0.11353780732436618,0.10238976540066362,1614,36.961832061068705,0.3650488036738005,0.31349532548618286
none_moving,0.1,263,7596,173.29277566539923,0.1071929212848137,0.09511505688580432,1622,37.00380228136881,0.35641973511598857,0.3038296518419936
none_moving,0.1,264,7639,173.61363636363635,0.13559119267667624,0.11733491672122502,1633,37.11363636363636,0.3552178688316489,0.30218514632318577
none_moving,0.1,265,7653,173.2754716981132,0.1317190416323603,0.11112177341714768,1653,37.426415094339625,0.3278481529795489,0.27370125321433275
none_moving,0.1,266,7699,173.66165413533832,0.09946752982079801,0.0838783504305561,1677,37.827067669172926,0.24999416591381202,0.20831436320768787
none_moving,0.1,267,7710,173.25842696629212,0.06732993592624448,0.06364893765129767,1702,38.24719101123595,0.24565113004986916,0.2177681878916819
none_moving,0.1,268,7756,173.6417910447761,0.08091974263823179,0.07267953989586307,1725,38.61940298507463,0.24364668073027815,0.20747899753839955
none_moving,0.1,269,7768,173.26394052044608,0.09350271143819894,0.08571049470886874,1745,38.921933085501855,0.23242613751508165,0.18490217733119046
none_moving,0.1,270,7812,173.60000000000002,0.1291979247356632,0.11105837555656788,1762,39.15555555555555,0.22579645209803706,0.18599624131282083
none_moving,0.1,271,7826,173.26937269372695,0.07559974876572559,0.06876898884406861,1775,39.29889298892989,0.24851736522565887,0.2149943031618229
none_moving,0.1,272,7873,173.6691176470588,0.13034815780913167,0.11732095745826507,1780,39.26470588235294,0.22596385036963487,0.20348570455729975
none_moving,0.1,273,7884,173.27472527472528,0.10410582215523845,0.09463091967092943,1785,39.23076923076923,0.2203685644208259,0.19824581804204583
none_moving,0.1,274,7930,173.64963503649636,0.10097218531132326,0.08724415330272392,1790,39.197080291970806,0.2707699105497167,0.23390841905741883
none_moving,0.1,275,7944,173.32363636363638,0.07903074122217979,0.0684693110562844,1790,39.054545454545455,0.31416314918514615,0.2644247492187478
none_moving,0.1,276,7988,173.65217391304347,0.07925639971494738,0.06368254130878787,1790,38.913043478260875,0.3501215924644786,0.28977352292499975
none_moving,0.1,277,8002,173.3285198555957,0.0845066166852612,0.07015554224315171,1793,38.837545126353795,0.37982077642550494,0.31117566712158434
none_moving,0.1,278,8049,173.71942446043164,0.10573456338087715,0.08944453480016554,1793,38.697841726618705,0.4038699833066052,0.3285263063220027
none_moving,0.1,279,8059,173.31182795698922,0.1275066703270391,0.11786993832131702,1799,38.68817204301075,0.41862924060935014,0.3334857706820847
none_moving,0.1,280,8103,173.63571428571427,0.18759396235928383,0.1609407866524067,1806,38.699999999999996,0.43844889674307225,0.35293245230179265
none_moving,0.1,281,8117,173.3167259786477,0.15182915099969305,0.13828734594547049,1813,38.711743772241995,0.4591276136428538,0.37902999879279464
none_moving,0.1,282,8160,173.61702127659575,0.15740393710186865,0.14526478963686917,1819,38.702127659574465,0.4703395544880648,0.3873860877797407
none_moving,0.1,283,8169,173.19434628975264,0.10141738963939616,0.09178351983156012,1826,38.71378091872791,0.477894425655337,0.3934490798125553
none_moving,0.1,284,8212,173.49295774647888,0.11304454857607997,0.10114336799756693,1833,38.725352112676056,0.4870755350023049,0.4052754491211343
none_moving,0.1,285,8223,173.1157894736842,0.1396098020810719,0.12545890796302145,1842,38.77894736842105,0.4876059349568092,0.4010629668105124
none_moving,0.1,286,8267,173.43356643356645,0.15571923689878883,0.141145149850065,1846,38.72727272727273,0.48464735559286876,0.391515990053216
none_moving,0.1,287,8280,173.10104529616726,0.1139396599054869,0.10716311717313665,1848,38.63414634146342,0.43924886575456956,0.35649093055136916
none_moving,0.1,288,8325,173.4375,0.13917732802949942,0.12435096061876076,1850,38.54166666666667,0.4046082824908616,0.32832291093886373
none_moving,0.1,289,8337,173.08650519031144,0.11273447255032479,0.10593666691953216,1855,38.5121107266436,0.368381441520543,0.2983275841028249
none_moving,0.1,290,8382,173.42068965517242,0.09093298277874252,0.08667282137560177,1855,38.37931034482759,0.3476674527604355,0.28155061130227316
none_moving,0.1,291,8394,173.0721649484536,0.09311953210012758,0.08565104768229533,1855,38.24742268041238,0.3374198050572624,0.27431202953812117
none_moving,0.1,292,8437,173.36301369863017,0.08521385836288746,0.07687863309379664,1858,38.178082191780824,0.33467243549534487,0.27576936011372777
none_moving,0.1,293,8451,173.0580204778157,0.08126244656675964,0.07197965904273408,1858,38.04778156996587,0.33572926011642873,0.27936427842436834
none_moving,0.1,294,8495,173.36734693877548,0.1069114576514976,0.10141541783798544,1858,37.91836734693877,0.33864409023379627,0.2835160874954558
none_moving,0.1,295,8509,173.064406779661,0.08603424485053385,0.07629772984748354,1860,37.83050847457627,0.3421103371388951,0.28744395042799165
none_moving,0.1,296,8556,173.43243243243242,0.10016063954223693,0.09280185371910143,1864,37.78378378378378,0.3279032237693643,0.2793183521020127
none_moving,0.1,297,8567,173.07070707070707,0.11593610956138466,0.10886343138967598,1868,37.73737373737374,0.34387206999108355,0.28906869017045367
none_moving,0.1,298,8610,173.35570469798657,0.1253416824938695,0.1138330980958556,1874,37.73154362416108,0.3332630010639213,0.28065149624745095
none_moving,0.1,299,8624,173.05685618729098,0.1307633326170614,0.12305192520767919,1877,37.66555183946488,0.33233491254154424,0.27634275210404075
none_moving,0.1,300,8670,173.4,0.13704918474689268,0.12483335313762978,1886,37.72,0.31201289681573463,0.25830137313010637
none_moving,0.1,301,8681,173.04318936877078,0.09133862528673944,0.09064559045347079,1892,37.714285714285715,0.32005584966324263,0.2623036850672692
none_moving,0.1,302,8726,173.36423841059604,0.08599136439879167,0.0784987330982069,1895,37.64900662251656,0.30009778371767454,0.25397654436397377
none_moving,0.1,303,8740,173.06930693069307,0.09482861875529533,0.08558593266292279,1897,37.56435643564356,0.28228298532541596,0.23930256096343597
none_moving,0.1,304,8786,173.4078947368421,0.08109488698240969,0.07482624159115384,1902,37.53947368421053,0.2611121549581194,0.223203520228066
none_moving,0.1,305,8799,173.09508196721313,0.05849425069488175,0.04823400930950687,1902,37.41639344262295,0.24940404257720586,0.21371941112512607
none_moving,0.1,306,8846,173.45098039215688,0.0898581775633179,0.07939193396074458,1902,37.294117647058826,0.24388640066840717,0.2085388722251939
none_moving,0.1,307,8859,173.14006514657981,0.10026569384818021,0.08908849666013807,1911,37.3485342019544,0.23685774875039153,0.20146082124767606
none_moving,0.1,308,8905,173.47402597402595,0.09251413260725844,0.08483271251869481,1921,37.42207792207792,0.23529324448198924,0.19470895678513847
none_moving,0.1,309,8919,173.18446601941747,0.045798350581362106,0.03424949777032974,1935,37.57281553398058,0.2203972479269315,0.16962308839418389
none_moving,0.1,310,8962,173.45806451612904,0.06401678720167461,0.058294179762291586,1953,37.8,0.22657175083330072,0.17624347797332535
none_moving,0.1,311,8975,173.15112540192925,0.05397044044043861,0.046059038148654516,1973,38.064308681672024,0.2404867353125966,0.19459748661974632
none_moving,0.1,312,9021,173.48076923076923,0.05811376698093285,0.05257604902485362,1993,38.32692307692308,0.21981432309401075,0.1705691544867583
none_moving,0.1,313,9035,173.19488817891374,0.07682383437659886,0.06948786018497026,2015,38.626198083067095,0.17409620797127706,0.14379466905820193
none_moving,0.1,314,9081,173.52229299363057,0.06471474497923423,0.0602604996445026,2028,38.7515923566879,0.1658663904001445,0.13791704225760087
none_moving,0.1,315,9094,173.21904761904761,0.09193852253224173,0.08863982808038864,2037,38.8,0.16365557179612517,0.13509302902524872
none_moving,0.1,316,9141,173.5632911392405,0.11967772562432738,0.11252949568184886,2044,38.810126582278485,0.15276121753017144,0.12961674493724246
none_moving,0.1,317,9155,173.2807570977918,0.15038404853739654,0.1334222312010714,2048,38.76340694006309,0.14476737924000874,0.12313542972911598
none_moving,0.1,318,9199,173.56603773584905,0.15208037785259698,0.13567792947270327,2050,38.67924528301887,0.13892091257576772,0.115256219931878
none_moving,0.1,319,9212,173.2664576802508,0.12973758613512235,0.12061775179127468,2055,38.65203761755486,0.12966007120271886,0.10945664703105225
none_moving,0.1,320,9257,173.56875000000002,0.13526579207477457,0.12437219488745392,2055,38.53125,0.13166606920767582,0.11211698823677334
none_moving,0.1,321,9270,173.2710280373832,0.11977906083003956,0.10896299146868735,2055,38.41121495327103,0.13916103984216982,0.11810103040156932
none_moving,0.1,322,9313,173.53416149068323,0.11834996547386925,0.10738618295025934,2058,38.34782608695652,0.14733810059116004,0.12364238147976056
none_moving,0.1,323,9325,173.21981424148606,0.11804615234539893,0.10613236120306006,2058,38.22910216718266,0.15590630052112497,0.12971151549748575
none_moving,0.1,324,9370,173.5185185185185,0.12631651633074695,0.11859966802079094,2058,38.11111111111111,0.1638566415347821,0.1355968125665532
none_moving,0.1,325,9383,173.22461538461536,0.1449447226764129,0.13005266623588735,2058,37.99384615384616,0.1708203695505196,0.1409116061761886
none_moving,0.1,326,9429,173.53987730061348,0.17352854812986374,0.14886247037819728,2058,37.877300613496935,0.17673170903237354,0.1455154261334958
none_moving,0.1,327,9440,173.21100917431193,0.1616505896290022,0.13828986045434388,2058,37.76146788990826,0.18165719091509458,0.14940357616805244
none_moving,0.1,328,9485,173.5060975609756,0.15223677836798102,0.12708523855773007,2063,37.737804878048784,0.18109574908909878,0.14605983579206014
none_moving,0.1,329,9499,173.23404255319147,0.18827532265176933,0.14944895128577332,2065,37.659574468085104,0.18215835720238208,0.1483465641540786
none_moving,0.1,330,9544,173.52727272727273,0.22245893493523142,0.18274784977289396,2065,37.54545454545455,0.19475852422716958,0.16661781004530174
none_moving,0.1,331,9557,173.23867069486406,0.1626841337713969,0.1438772596945714,2069,37.50453172205438,0.21196036056299988,0.18499784329278662
none_moving,0.1,332,9602,173.53012048192772,0.1296828284877801,0.1189857305271866,2071,37.4277108433735,0.22492634845411408,0.2006127605316519
none_moving,0.1,333,9615,173.24324324324326,0.1367895606607168,0.12212812563193273,2073,37.351351351351354,0.23314932991598933,0.20699991635981965
none_moving,0.1,334,9662,173.5688622754491,0.14352470745092968,0.12240331808890206,2082,37.40119760479042,0.24080326033714797,0.2186629452639862
none_moving,0.1,335,9676,173.30149253731344,0.11896803300453383,0.10072614624173508,2089,37.41492537313433,0.22652032665288888,0.2075352716646754
none_moving,0.1,336,9721,173.58928571428572,0.09622651384933364,0.0851436756492763,2103,37.55357142857143,0.18509038139979495,0.1605246779646601
none_moving,0.1,337,9732,173.27002967359053,0.07582773272917841,0.06599942145240631,2116,37.67359050445104,0.20376989763731262,0.18174484930451054
none_moving,0.1,338,9779,173.59171597633136,0.0953091167580257,0.07922008838054191,2134,37.88165680473372,0.20097159958221325,0.17905860933337345
none_moving,0.1,339,9792,173.30973451327432,0.08215184508912507,0.07059962985417703,2153,38.10619469026549,0.16646848458641872,0.1442661454917918
none_moving,0.1,340,9838,173.61176470588234,0.07944635490606021,0.06680817639644904,2171,38.31176470588235,0.14018190901849065,0.1230658251174936
none_moving,0.1,341,9851,173.33137829912022,0.07138852870876766,0.06640392045350578,2190,38.53372434017595,0.149170393687986,0.13374339517423023
none_moving,0.1,342,9894,173.57894736842104,0.10128321230782561,0.0935787470840128,2204,38.666666666666664,0.14051830777166754,0.11781942405073684
none_moving,0.1,343,9907,173.3002915451895,0.11473239013319468,0.10212329186442504,2211,38.67638483965015,0.14017464088571702,0.11080610358840397
none_moving,0.1,344,9954,173.61627906976744,0.1051570451597524,0.09710598820593684,2217,38.66860465116279,0.14489141927436194,0.1215943431191731
none_moving,0.1,345,9967,173.33913043478262,0.11379795056724859,0.09162948912378113,2222,38.643478260869564,0.14893441815909145,0.13036440694366874
none_moving,0.1,346,10013,173.635838150289,0.1408655686389694,0.09859242194930033,2231,38.6878612716763,0.161654280025816,0.13683954403476611
none_moving,0.1,347,10025,173.34293948126802,0.13863634224727708,0.12282790742153023,2233,38.610951008645536,0.18320624374273578,0.15831589823995937
none_moving,0.1,348,10071,173.63793103448276,0.1510326246271925,0.1439365889253076,2235,38.53448275862069,0.19709298107286607,0.16985161887046213
none_moving,0.1,349,10084,173.36389684813753,0.1597635442360709,0.1447226742851433,2238,38.4756446991404,0.20513911928840056,0.1773639911082664
none_moving,0.1,350,10129,173.64000000000001,0.17778001888354425,0.16113822351758506,2238,38.36571428571429,0.21345778328073947,0.18426612190636885
none_moving,0.1,351,10142,173.3675213675214,0.17717048158630952,0.15739426888595257,2238,38.25641025641026,0.2211819850172727,0.1903536196678453
none_moving,0.1,352,10188,173.6590909090909,0.14329501980224965,0.12808665705183167,2238,38.14772727272728,0.22797591624907002,0.1956217245170939
none_moving,0.1,353,10200,173.37110481586402,0.1259372973091152,0.11775347667022887,2238,38.039660056657226,0.23376982200615767,0.2001218778462107
none_moving,0.1,354,10245,173.64406779661016,0.1342721872666109,0.12027710763317698,2238,37.932203389830505,0.23861764657498566,0.20392349559195438
none_moving,0.1,355,10259,173.39154929577467,0.17321012006665545,0.14153353884316683,2238,37.82535211267606,0.24262377049683237,0.20710314581275222
none_moving,0.1,356,10305,173.67977528089887,0.2600633630176875,0.19669921437367816,2240,37.752808988764045,0.24642883953874634,0.21043471323248303
none_moving,0.1,357,10319,173.42857142857144,0.24481302860449333,0.17271321361921282,2243,37.69747899159664,0.24496196219417907,0.20288949990902547
none_moving,0.1,358,10364,173.69832402234638,0.24005708737640474,0.16264679047215508,2246,37.642458100558656,0.23757773525121084,0.18686538748958553
none_moving,0.1,359,10377,173.43175487465183,0.25040075139241286,0.16762403965360723,2248,37.571030640668525,0.23524050109641506,0.17630272263715013
none_moving,0.1,360,10423,173.71666666666667,0.2501977934717561,0.17936630831984055,2248,37.46666666666667,0.23724209883970404,0.17280633380870372
none_moving,0.1,361,10436,173.45152354570635,0.18498563272724836,0.13776217430667614,2254,37.46260387811635,0.17925450507534002,0.14735086252864543
none_moving,0.1,362,10483,173.75138121546962,0.16147785190070962,0.12900947330724008,2256,37.392265193370164,0.10689715088431627,0.09871026491635682
none_moving,0.1,363,10495,173.4710743801653,0.10469098851051595,0.09402320792155358,2258,37.32231404958678,0.1403079464437882,0.13014450766471083
none_moving,0.1,364,10540,173.73626373626374,0.10480845685946198,0.0954520718335,2261,37.26923076923077,0.21045415203211204,0.18408683149217825
none_moving,0.1,365,10553,173.47397260273974,0.07867537753871227,0.07251456425881049,2261,37.16712328767123,0.2747634758110077,0.23204872856896563
none_moving,0.1,366,10599,173.75409836065577,0.11186752880955464,0.0969324055974422,2261,37.0655737704918,0.32837824490288486,0.27202987385679295
none_moving,0.1,367,10613,173.50953678474116,0.11991032210786533,0.10701725784294931,2261,36.96457765667575,0.37205119522303154,0.30472333150391434
none_moving,0.1,368,10658,173.77173913043475,0.12749729852945604,0.10965812075715353,2265,36.92934782608695,0.4066041779642343,0.3301648502003591
none_moving,0.1,369,10669,173.479674796748,0.14311744068762583,0.13781673275953304,2273,36.959349593495936,0.43707413778999826,0.35369615374466473
none_moving,0.1,370,10714,173.74054054054054,0.12144958800027245,0.11970826267410554,2283,37.02162162162162,0.4721056562247067,0.378320818234377
none_moving,0.1,371,10727,173.48247978436657,0.11300824780920105,0.10200122958606736,2293,37.08355795148248,0.42199573034988774,0.3403236103549097
none_moving,0.1,372,10773,173.75806451612902,0.09623072521209736,0.0883742391843771,2309,37.24193548387097,0.42094084303323664,0.33632262933031487
none_moving,0.1,373,10786,173.5013404825737,0.10862917489953673,0.0958101797156301,2322,37.35120643431635,0.41715129298892334,0.32010801256747257
none_moving,0.1,374,10831,173.75935828877004,0.1413413702890002,0.12637297249607557,2335,37.45989304812834,0.4286214781265197,0.33112404324147693
none_moving,0.1,375,10842,173.472,0.14916122062704962,0.1333153825300669,2342,37.472,0.4233675015107602,0.31452716676133485
none_moving,0.1,376,10888,173.74468085106383,0.15666981193552115,0.1345325123167989,2350,37.5,0.36879812377891413,0.2732171557844051
none_moving,0.1,377,10901,173.49071618037135,0.12974342174073167,0.11596590993589453,2356,37.49602122015915,0.30951956520423446,0.23534844051419937
none_moving,0.1,378,10947,173.7619047619048,0.1147821955521931,0.10274317980346462,2359,37.44444444444444,0.2313585237721384,0.18796579736820013
none_moving,0.1,379,10960,173.50923482849606,0.05483414443413794,0.04676838880976057,2365,37.440633245382585,0.17773498995777642,0.15384736462636567
none_moving,0.1,380,11007,173.79473684210527,0.0684349916708888,0.06340037121555922,2373,37.468421052631584,0.14027262548083524,0.12031488487278026
none_moving,0.1,381,11016,173.48031496062993,0.04945658820676821,0.047612170370013314,2381,37.496062992125985,0.15034589973926432,0.1342194054978107
none_moving,0.1,382,11063,173.76439790575915,0.06962008908018072,0.06547704183085966,2388,37.50785340314137,0.1723562155115955,0.15347173893344207
none_moving,0.1,383,11077,173.53002610966058,0.07342551460363145,0.06354414884959934,2396,37.53524804177545,0.19592034098114489,0.17345107676933177
none_moving,0.1,384,11124,173.8125,0.06014922229857359,0.05385288807483096,2403,37.546875,0.21293621746834668,0.18640919364183048
none_moving,0.1,385,11137,173.56363636363636,0.058475917042331384,0.05246739209823268,2411,37.57402597402597,0.2318027634228231,0.20362628296505045
none_moving,0.1,386,11182,173.8134715025907,0.08398082194590827,0.0803979792518349,2415,37.538860103626945,0.24631000599094469,0.2132891567012226
none_moving,0.1,387,11194,173.55038759689924,0.12144168280314027,0.1033029208299713,2418,37.48837209302326,0.25887391402653187,0.2226852778965575
none_moving,0.1,388,11240,173.81443298969072,0.12005886657087196,0.0950607207083867,2421,37.43814432989691,0.272762220394638,0.2358493982197695
none_moving,0.1,389,11254,173.58354755784063,0.09330580822214021,0.0803335900014472,2423,37.37275064267352,0.2845801300468766,0.24775441941293613
none_moving,0.1,390,11300,173.84615384615384,0.11487456298073169,0.10155391804257856,2423,37.276923076923076,0.28916125199111853,0.25074734025029255
none_moving,0.1,391,11309,173.53964194373404,0.13039267440559155,0.10779129034467823,2427,37.24296675191816,0.2961817269730134,0.25812976366460116
none_moving,0.1,392,11350,173.72448979591837,0.1242958622852753,0.10521747377977513,2431,37.20918367346939,0.31355868310846613,0.2735703500543829
none_moving,0.1,393,11362,173.46564885496184,0.1527622554170458,0.12487875589998285,2433,37.145038167938935,0.3133226955168663,0.28049726290746513
none_moving,0.1,394,11409,173.74111675126906,0.1727066072005701,0.1323980496298647,2440,37.15736040609137,0.3145351539430373,0.2862652523083208
none_moving,0.1,395,11422,173.4987341772152,0.15403729992741086,0.11977554174701643,2447,37.16962025316456,0.3155913866590835,0.2873629736535793
none_moving,0.1,396,11467,173.74242424242425,0.15437052572537308,0.13184014377796222,2454,37.18181818181819,0.3163641303409299,0.288545670911372
none_moving,0.1,397,11479,173.4861460957179,0.13174697404106006,0.11217130436635021,2461,37.193954659949625,0.3222421579538121,0.2935809288759565
none_moving,0.1,398,11525,173.74371859296483,0.09022477099705924,0.08191628233433877,2467,37.19095477386934,0.32810757444933797,0.3010222239323505
none_moving,0.1,399,11536,173.4736842105263,0.08853241485955528,0.08083187198278328,2478,37.26315789473684,0.2899789806186905,0.272338197791146
none_moving,0.1,400,11580,173.7,0.1142598023735322,0.10243670881396812,2492,37.379999999999995,0.2700248934192443,0.25383333696278704
none_moving,0.1,401,11593,173.46134663341644,0.14225375418064695,0.1226085212310917,2499,37.39152119700748,0.25229366442795564,0.233846326345006
none_moving,0.1,402,11639,173.71641791044777,0.15117081670494892,0.12963853251330687,2506,37.40298507462686,0.20821153069009396,0.1928302706302501
none_moving,0.1,403,11651,173.4640198511166,0.11916353245531634,0.09980781904127997,2514,37.42928039702233,0.1872840409168074,0.1661300178718189
none_moving,0.1,404,11696,173.70297029702968,0.09847359619680833,0.08373331818130532,2521,37.44059405940594,0.17713308230199076,0.15759777823478613
none_moving,0.1,405,11708,173.45185185185184,0.08173472907156021,0.06829559715092627,2526,37.422222222222224,0.20675883515442958,0.19278206837455028
none_moving,0.1,406,11753,173.68965517241378,0.10694758269120559,0.09839235292760724,2528,37.35960591133005,0.2309531816744704,0.2174500191286604
none_moving,0.1,407,11767,173.46928746928748,0.07733323258272892,0.0694896997961865,2533,37.34152334152334,0.262560428261082,0.24653488206728155
none_moving,0.1,408,11812,173.7058823529412,0.08888116187041552,0.0808690292618578,2542,37.38235294117647,0.264244204504308,0.24220989787845632
none_moving,0.1,409,11825,173.4718826405868,0.11959894114153344,0.10818701758619112,2554,37.46699266503668,0.2697820940990339,0.24455452072672243
none_moving,0.1,410,11870,173.70731707317074,0.1457399592743144,0.13772508990939528,2562,37.49268292682927,0.2883277034759437,0.2616627936250574
none_moving,0.1,411,11884,173.48905109489053,0.13540621983686685,0.12691819649832387,2576,37.6058394160584,0.28349378072232273,0.25516050997222794
none_moving,0.1,412,11930,173.7378640776699,0.1496380679575243,0.13134539299406078,2591,37.73300970873787,0.2981518715902346,0.267832917648005
none_moving,0.1,413,11942,173.4915254237288,0.12219169490983343,0.10700277508758274,2604,37.83050847457626,0.28175166090961934,0.24342563841490955
none_moving,0.1,414,11987,173.7246376811594,0.08163636607151252,0.07907688707679322,2617,37.927536231884055,0.28361124651298236,0.23920127440472197
none_moving,0.1,415,11998,173.46506024096385,0.07495899410291375,0.0694904230962367,2629,38.00963855421686,0.2898737374404987,0.2423241474103346
none_moving,0.1,416,12044,173.71153846153848,0.12803226054171957,0.11672058371517416,2636,38.019230769230774,0.29175152263000986,0.2410732546712236
none_moving,0.1,417,12057,173.4820143884892,0.08328939194476108,0.07681450100430487,2646,38.07194244604317,0.2986563753891369,0.24957835361936587
none_moving,0.1,418,12102,173.71291866028707,0.05469000220293558,0.049680991437221586,2646,37.98086124401914,0.29724121355323224,0.24644030473273965
none_moving,0.1,419,12116,173.49880668257754,0.05957062189084738,0.05397806354870684,2648,37.91885441527447,0.2983266874997883,0.24628046132860595
none_moving,0.1,420,12161,173.72857142857143,0.06200941531976852,0.05655918075835377,2650,37.857142857142854,0.2658333619656557,0.23348920577211718
none_moving,0.1,421,12173,173.48693586698337,0.07582376876089417,0.06945242777288534,2652,37.795724465558195,0.2455445902755844,0.2242315507964066
none_moving,0.1,422,12219,173.72985781990522,0.1043064946314586,0.09007463050053538,2654,37.7345971563981,0.2196912384794749,0.20492060790233557
none_moving,0.1,423,12232,173.5035460992908,0.09576665943781523,0.08547109319211992,2656,37.67375886524823,0.18276841400554011,0.16819995893989023
none_moving,0.1,424,12279,173.75943396226418,0.0953162398106959,0.08984059053927401,2659,37.62735849056604,0.1493001257958952,0.13880683450341932
none_moving,0.1,425,12293,173.54823529411766,0.0769344850613095,0.07287760357682069,2659,37.538823529411765,0.14600138151004502,0.1391791780528729
none_moving,0.1,426,12339,173.7887323943662,0.10117323902315765,0.0945949407073485,2664,37.52112676056338,0.14359368677810777,0.13060055574191895
none_moving,0.1,427,12353,173.5784543325527,0.14432664781631713,0.12754466580535742,2670,37.51756440281031,0.16726158020885995,0.14514884582175244
none_moving,0.1,428,12399,173.8177570093458,0.17668498956942802,0.1405225082524311,2676,37.51401869158879,0.19255726777018597,0.16112457160892843
none_moving,0.1,429,12413,173.6083916083916,0.15852966596887946,0.1282008801489351,2683,37.52447552447553,0.21829875335677965,0.18282638025289594
none_moving,0.1,430,12459,173.84651162790698,0.1109537488975325,0.09452690248127679,2691,37.54883720930233,0.22162228938227008,0.16859783330258174
none_moving,0.1,431,12471,173.61020881670532,0.13849427208915577,0.11964981511860875,2696,37.53132250580047,0.2335279255812192,0.17709784825106706
none_moving,0.1,432,12518,173.86111111111111,0.183403657316706,0.16250709225424922,2705,37.56944444444444,0.24424642435817426,0.18679310690172882
none_moving,0.1,433,12532,173.65357967667435,0.1279387753622747,0.11603854432541787,2705,37.482678983833715,0.2567440078966689,0.2008820265996849
none_moving,0.1,434,12577,173.87557603686636,0.08560171161249389,0.07811424812535597,2707,37.42396313364055,0.26998383434979245,0.21904437285630238
none_moving,0.1,435,12591,173.66896551724136,0.1007668900853289,0.08387621704257021,2709,37.36551724137931,0.2566127857502816,0.2209600365092151
none_moving,0.1,436,12637,173.90366972477065,0.11755691480764209,0.09957034759770474,2711,37.30733944954129,0.2580221566613768,0.23375549373608787
none_moving,0.1,437,12649,173.6704805491991,0.10935771662655874,0.09258379804952771,2713,37.24942791762014,0.2765249094268232,0.2552922442055435
none_moving,0.1,438,12695,173.9041095890411,0.09452041445459862,0.08752867028810118,2718,37.23287671232877,0.24917155340821293,0.23212636504003675
none_moving,0.1,439,12708,173.6856492027335,0.08122194532017388,0.07743445055051382,2728,37.28473804100228,0.21370864684378332,0.1985528726263332
none_moving,0.1,440,12752,173.8909090909091,0.10328827461076028,0.0992106322355464,2734,37.28181818181818,0.2019049010704736,0.18815080563753311
none_moving,0.1,441,12765,173.67346938775512,0.09925932007874338,0.08845907607932546,2742,37.30612244897959,0.17538354286597468,0.1678014103931825
none_moving,0.1,442,12812,173.91855203619912,0.1491109892525035,0.12889411313324875,2749,37.31674208144796,0.16782471042462646,0.16081345962219595
none_moving,0.1,443,12823,173.6749435665914,0.12982909990395108,0.11156614932091029,2756,37.3273137697517,0.17761881605159777,0.17198161120493155
none_moving,0.1,444,12869,173.90540540540542,0.12909809481095524,0.11272173095639726,2769,37.41891891891891,0.18258948372829112,0.1736527105782613
none_moving,0.1,445,12881,173.676404494382,0.14995378574568125,0.12642032332525438,2783,37.523595505617976,0.16995560029032436,0.1548309311890327
none_moving,0.1,446,12927,173.90582959641256,0.1674513097202282,0.1416290282058701,2792,37.56053811659193,0.14371174550963675,0.12624120724021334
none_moving,0.1,447,12941,173.70469798657717,0.15520652278443836,0.1280596489514824,2806,37.664429530201346,0.1304285025465179,0.11364904344143556
none_moving,0.1,448,12987,173.93303571428572,0.16541726983213706,0.1365142681131364,2814,37.68749999999999,0.12856977296022268,0.10946101916799866
none_moving,0.1,449,12999,173.70601336302897,0.12121497314507539,0.10675937423374715,2822,37.71046770601336,0.1331818415284678,0.11129316774286539
none_moving,0.1,450,13043,173.90666666666667,0.12481341592054693,0.11597303448112325,2832,37.76,0.12238644343045806,0.10479847238368926
none_moving,0.1,451,13057,173.70731707317074,0.12642439822368165,0.10592958333341222,2842,37.80931263858093,0.11930519346724854,0.10553882314170679
none_moving,0.1,452,13104,173.94690265486727,0.1556005443144916,0.12114792740244693,2851,37.84513274336283,0.13451221310450973,0.1320435733755802
none_moving,0.1,453,13116,173.72185430463574,0.09888429113253568,0.08163941344239618,2856,37.82781456953643,0.15874902534407784,0.15489223135662344
none_moving,0.1,454,13161,173.9339207048458,0.08146128884780228,0.07063390314676428,2859,37.78414096916299,0.18784757295508217,0.17888908021371522
none_moving,0.1,455,13174,173.72307692307695,0.0984437915032628,0.08525716967615107,2859,37.7010989010989,0.21500625130673456,0.2020006771878271
none_moving,0.1,456,13221,173.96052631578948,0.11185005446302215,0.1017842942592336,2859,37.618421052631575,0.23836589645744796,0.2232315294951031
none_moving,0.1,457,13234,173.7505470459519,0.07304250107038038,0.06136397981950653,2859,37.53610503282275,0.25781131565065185,0.24129465526191568
none_moving,0.1,458,13280,173.97379912663754,0.07301287402715656,0.06727989083007241,2859,37.45414847161572,0.2737476423152222,0.2561393912452793
none_moving,0.1,459,13293,173.76470588235293,0.11397793848403927,0.10179247338418809,2872,37.54248366013071,0.28409391756676056,0.26668480496961955
none_moving,0.1,460,13338,173.97391304347826,0.1447066772365476,0.13047981615834722,2883,37.60434782608696,0.26710808727637175,0.24537890163236176
none_moving,0.1,461,13352,173.77874186550977,0.14234730186681038,0.12542954425266445,2894,37.66594360086768,0.2540446533671045,0.23368428193771074
none_moving,0.1,462,13395,173.96103896103895,0.13352995123581032,0.11447926914813589,2912,37.81818181818181,0.22555978321504114,0.20799662352706094
none_moving,0.1,463,13408,173.75377969762417,0.12963673663635952,0.11845699110640295,2924,37.89200863930885,0.21145113329780954,0.19364150282136028
none_moving,0.1,464,13453,173.96120689655172,0.11480915621073254,0.102609804191659,2936,37.96551724137931,0.20569840165973707,0.18869843192556102
none_moving,0.1,465,13466,173.75483870967741,0.15038157803771293,0.13775456076080064,2950,38.064516129032256,0.22527807072880085,0.203121829212448
none_moving,0.1,466,13512,173.97424892703864,0.18018150624580234,0.16499358602011524,2963,38.15021459227468,0.25177678803060316,0.22492398265765495
none_moving,0.1,467,13524,173.7558886509636,0.1369174268772359,0.11071436342124545,2974,38.20985010706638,0.25935189616612775,0.23264047036728414
none_moving,0.1,468,13567,173.93589743589746,0.130673069555206,0.10741724426978108,2984,38.256410256410255,0.22419635060091597,0.20308277503321676
none_moving,0.1,469,13580,173.7313432835821,0.10668378337270272,0.09449324348942603,2994,38.30277185501066,0.19013336829463776,0.1706500350947766
none_moving,0.1,470,13625,173.93617021276597,0.08092304850228886,0.07346925823303455,3002,38.32340425531915,0.1728791543823065,0.15581989357178178
none_moving,0.1,471,13638,173.7324840764331,0.10308938484172983,0.09560605085071204,3010,38.34394904458599,0.16859472292540753,0.15163291121151487
none_moving,0.1,472,13684,173.9491525423729,0.12305184210076617,0.11531874724551763,3015,38.32627118644068,0.16762468712796044,0.15186479135467496
none_moving,0.1,473,13694,173.70824524312897,0.09367928879757563,0.0821555445409358,3015,38.245243128964056,0.16976623169771032,0.15417973883505454
none_moving,0.1,474,13737,173.8860759493671,0.09072676750003689,0.07970369107285889,3019,38.215189873417714,0.17199541968856602,0.15628118303362346
none_moving,0.1,475,13750,173.68421052631578,0.09180540083862533,0.07668970912935404,3027,38.23578947368421,0.16554012635740656,0.14927127975120263
none_moving,0.1,476,13796,173.89915966386553,0.08696268903090693,0.07436538813202165,3035,38.2563025210084,0.16587651759656946,0.14917228706430008
none_moving,0.1,477,13810,173.71069182389937,0.09493902410327604,0.0878538463342374,3047,38.32704402515723,0.1591498623406802,0.13631740355808503
none_moving,0.1,478,13855,173.9121338912134,0.10826310292154234,0.09883007045047376,3055,38.34728033472803,0.16868126547523488,0.1446510197897078
none_moving,0.1,479,13869,173.72442588726514,0.10095913779267839,0.09391552987851778,3063,38.36743215031316,0.17175431163753446,0.14935209185648377
none_moving,0.1,480,13913,173.9125,0.07656863797684342,0.07240552756494217,3075,38.4375,0.19487056568620584,0.1648027928279031
none_moving,0.1,481,13926,173.71309771309768,0.09248014439797067,0.08419129576750962,3085,38.48232848232848,0.22062601546640767,0.1899076693737078
none_moving,0.1,482,13973,173.9377593360996,0.12518652799599264,0.10944469593572952,3090,38.46473029045643,0.2398559091557682,0.20248739566241908
none_moving,0.1,483,13985,173.72670807453414,0.15618086504142809,0.13803134374154216,3092,38.409937888198755,0.2681695327076452,0.22436588429245377
none_moving,0.1,484,14031,173.9380165289256,0.17421356305806943,0.15799988259939468,3095,38.367768595041326,0.2950960380171512,0.24401190211864096
none_moving,0.1,485,14045,173.75257731958763,0.17747142499611027,0.16279061564487463,3095,38.28865979381443,0.3186800669039015,0.2610860482906021
none_moving,0.1,486,14092,173.97530864197532,0.1561382707396243,0.14011070380183013,3097,38.23456790123457,0.3385793026925447,0.27597011356196577
none_moving,0.1,487,14105,173.7782340862423,0.14796542548612932,0.14150754394858475,3097,38.15605749486652,0.3443101151044053,0.27357944376003057
none_moving,0.1,488,14151,173.9877049180328,0.1807129963189902,0.15701056158212948,3102,38.13934426229508,0.29176228804186094,0.23669598160174182
none_moving,0.1,489,14164,173.7914110429448,0.16720129542837522,0.14597245340065285,3107,38.122699386503065,0.2710089041398172,0.22078126503046808
none_moving,0.1,490,14207,173.96326530612248,0.12952133597775115,0.11946381654174773,3114,38.13061224489796,0.20874637979770602,0.17706005709196795
none_moving,0.1,491,14219,173.75560081466395,0.12851573460981605,0.11398372464509605,3123,38.16293279022403,0.18951965251965006,0.16501300850708372
none_moving,0.1,492,14265,173.96341463414635,0.1523566224014891,0.12902318796461118,3138,38.268292682926834,0.16471950807095004,0.14898189568672834
none_moving,0.1,493,14279,173.78093306288034,0.19359870153150513,0.13928949368637294,3148,38.31237322515213,0.14729994166071847,0.13464581026203265
none_moving,0.1,494,14323,173.96356275303646,0.2303125506116098,0.17361629748013532,3158,38.35627530364373,0.16159083234602237,0.13933824042593385
none_moving,0.1,495,14336,173.76969696969695,0.2068463599844449,0.16689862478556744,3170,38.42424242424242,0.12975747851779224,0.11516307331027772
none_moving,0.1,496,14381,173.96370967741933,0.20139804200363048,0.16713252763419773,3179,38.45564516129031,0.12499262203281958,0.10507524636612102
none_moving,0.1,497,14394,173.77062374245475,0.14495630477131413,0.1317193017741458,3181,38.40241448692153,0.1367056199622989,0.1248097865436204
none_moving,0.1,498,14439,173.96385542168673,0.12015525864159429,0.11195881687797352,3183,38.34939759036144,0.15899572533006684,0.14826583825605605
none_moving,0.1,499,14452,173.77154308617236,0.10533368402070606,0.08824337694333331,3186,38.30861723446894,0.1807667314857015,0.16810921529303252
none_moving,0.1,500,14497,173.964,0.12269785531021749,0.10472468954283361,3186,38.232,0.2001404169457851,0.18485117370968268
none_moving,0.1,501,14510,173.77245508982037,0.09637677662978203,0.0778510502835816,3188,38.17964071856288,0.21655264130549648,0.19867773995063645
none_moving,0.1,502,14556,173.97609561752986,0.08078921758198018,0.07462166937779095,3193,38.16334661354582,0.22396613444258126,0.20457926695828416
none_moving,0.1,503,14568,173.77335984095427,0.06691123657776984,0.06254728078183353,3201,38.18290258449305,0.24098152412395074,0.21698214721318929
none_moving,0.1,504,14612,173.95238095238096,0.09257642832407023,0.08480439619508476,3211,38.226190476190474,0.22993913094514512,0.2024263138649383
none_moving,0.1,505,14625,173.76237623762378,0.12843212158197345,0.11997348302531581,3226,38.32871287128713,0.23289986150846348,0.20291630079827677
none_moving,0.1,506,14670,173.95256916996047,0.18590517875707474,0.1669635054234676,3240,38.41897233201581,0.2265852207280498,0.1914197602760399
none_moving,0.1,507,14682,173.75147928994085,0.16099126850399978,0.14596581752353352,3260,38.57988165680474,0.22806257239992522,0.18672150055796552
none_moving,0.1,508,14726,173.9291338582677,0.1567053113687593,0.1412596624554417,3273,38.65748031496063,0.24367472809695268,0.19920211942192811
none_moving,0.1,509,14739,173.7406679764244,0.11946670565057958,0.11527123825437904,3282,38.687622789783894,0.2421702263739701,0.1982121472733745
none_moving,0.1,510,14783,173.91764705882352,0.10719195873942412,0.09943387434387083,3291,38.71764705882353,0.23609792711449476,0.19785040456576616
none_moving,0.1,511,14794,173.706457925636,0.10004587299067932,0.08712059941775008,3296,38.70058708414873,0.2263571737800877,0.1912519699187461
none_moving,0.1,512,14837,173.87109375,0.11686146390279216,0.09674334889511574,3296,38.625,0.1950063642902132,0.17145983266170942
none_moving,0.1,513,14848,173.66081871345028,0.10675799507105124,0.09550137785995834,3298,38.57309941520467,0.1711564090790995,0.15561879098734316
none_moving,0.1,514,14893,173.84824902723736,0.12594404143373716,0.1061741367866833,3301,38.53307392996109,0.15670041171621396,0.14724091936785735
none_moving,0.1,515,14903,173.6271844660194,0.16189022908954231,0.12310528067925053,3301,38.45825242718447,0.15992516222640027,0.14804445386740497
none_moving,0.1,516,14949,173.82558139534885,0.18240789009099953,0.1339329926200695,3305,38.43023255813954,0.17167133097844572,0.15512118008586143
none_moving,0.1,517,14963,173.65183752417792,0.13012587788285238,0.10374066941535068,3309,38.40232108317214,0.18905745940808055,0.16552220308324192
none_moving,0.1,518,15007,173.82625482625485,0.06665362923728509,0.06497454986963774,3313,38.374517374517374,0.19118617295507737,0.16208702220619695
none_moving,0.1,519,15021,173.65317919075142,0.06703141422223392,0.05853961462746073,3317,38.346820809248555,0.21119919212543956,0.17998753264028627
none_moving,0.1,520,15064,173.81538461538463,0.06733798774534476,0.05528164361607883,3321,38.31923076923078,0.22439594370801924,0.1937221696024743
none_moving,0.1,521,15076,173.61996161228404,0.08175988966971752,0.07320105351943361,3325,38.29174664107485,0.23256530200987013,0.20285183414905816
none_moving,0.1,522,15121,173.80459770114942,0.13418304121604183,0.12158544657072627,3335,38.333333333333336,0.2507592398171508,0.22405369996149313
none_moving,0.1,523,15133,173.60994263862332,0.14812642673039372,0.13255736549757496,3338,38.29445506692161,0.26931711210520515,0.2423333800970981
none_moving,0.1,524,15175,173.75954198473283,0.16350009411235256,0.15091837210379716,3338,38.22137404580153,0.27398777015994186,0.2467180532739893
none_moving,0.1,525,15187,173.56571428571428,0.13304196651470646,0.11973974874288022,3342,38.19428571428571,0.2535691164352921,0.23262789816762033
none_moving,0.1,526,15232,173.7490494296578,0.17120948103798136,0.15425771745607791,3344,38.1444866920152,0.23439270948974603,0.21628467479711647
none_moving,0.1,527,15245,173.5673624288425,0.13557500981159618,0.11758423654226116,3344,38.07210626185958,0.2102244146622445,0.19337758365224628
none_moving,0.1,528,15290,173.75,0.15528650937459454,0.13405103311630212,3350,38.06818181818181,0.20491392582849602,0.19138685058883725
none_moving,0.1,529,15302,173.5576559546314,0.10285575670646616,0.08885920976532283,3360,38.109640831758036,0.2114573263712115,0.19243866592514416
none_moving,0.1,530,15347,173.7396226415094,0.08815298117964865,0.07925586387076879,3367,38.116981132075466,0.22828901075161329,0.20035684478936816
none_moving,0.1,531,15357,173.52542372881356,0.07622380661123065,0.06682157191880131,3376,38.14689265536724,0.2502986977007837,0.21848847594883028
none_moving,0.1,532,15402,173.70676691729324,0.08084043755828582,0.07617973036658024,3384,38.16541353383458,0.2654505669451489,0.22921640515394723
none_moving,0.1,533,15412,173.49343339587244,0.08634681703991072,0.08102651817578664,3392,38.18386491557224,0.27960639943201965,0.23861050843060233
none_moving,0.1,534,15459,173.69662921348316,0.09602795452475547,0.08990288487030375,3400,38.20224719101123,0.29477203488590037,0.24951695773883734
none_moving,0.1,535,15469,173.48411214953273,0.1303236541192037,0.11692841719613171,3411,38.25420560747664,0.316934752068378,0.2773493546449085
none_moving,0.1,536,15514,173.66417910447763,0.15760254806440638,0.1390430574010448,3420,38.28358208955224,0.2947604162760359,0.25921972189274395
none_moving,0.1,537,15524,173.45251396648047,0.14463333781690765,0.12840181968424869,3433,38.357541899441344,0.28888853981756746,0.2564660247066049
none_moving,0.1,538,15570,173.64312267657994,0.16180541758577044,0.13471077216381472,3438,38.342007434944236,0.2765234441042712,0.24761611225174546
none_moving,0.1,539,15584,173.47680890538035,0.10614841855744996,0.09661546314911765,3443,38.3265306122449,0.2566420345075157,0.23147261956787055
none_moving,0.1,540,15630,173.66666666666666,0.07991103693967136,0.06886653663422583,3451,38.34444444444445,0.2538546566917784,0.23187574557148785
none_moving,0.1,541,15643,173.48983364140477,0.11770258732403002,0.10588902352032466,3455,38.31792975970425,0.25889272521659623,0.23536038377690546
none_moving,0.1,542,15690,173.690036900369,0.16667775616948816,0.1464015158149391,3457,38.269372693726936,0.2715084810320273,0.24298753696159361
none_moving,0.1,543,15699,173.4696132596685,0.1457715713291908,0.12884248964466458,3459,38.22099447513811,0.2839339143457032,0.2499093650114747
none_moving,0.1,544,15745,173.65808823529412,0.14760597872579637,0.12914544237856032,3462,38.18382352941176,0.2937979561817128,0.25798596115004413
none_moving,0.1,545,15757,173.4715596330275,0.1780435573448441,0.16053347453946942,3462,38.1137614678899,0.3037621618301877,0.26625144308803617
none_moving,0.1,546,15803,173.65934065934067,0.1816495573530537,0.1705977830822844,3464,38.065934065934066,0.312937154249659,0.27374380030010786
none_moving,0.1,547,15817,173.49542961608773,0.11721528550473413,0.11150998049696706,3464,37.9963436928702,0.3189744685705967,0.2768090036772247
none_moving,0.1,548,15862,173.67153284671534,0.09740780067443544,0.09015733161027706,3464,37.92700729927007,0.32544881470976506,0.28112976969596565
none_moving,0.1,549,15874,173.4863387978142,0.0779513303093397,0.07542047719271214,3467,37.89071038251366,0.33183911348476647,0.28616046669333384
none_moving,0.1,550,15920,173.6727272727273,0.0871600209596393,0.0848382408875923,3477,37.93090909090909,0.3344334897622574,0.28147970005840817
none_moving,0.1,551,15933,173.49909255898365,0.07747526308434799,0.0734717626875365,3485,37.9491833030853,0.33801013508108585,0.2769876425461303
none_moving,0.1,552,15980,173.69565217391306,0.06843430992884977,0.06716717142461415,3500,38.04347826086957,0.3411561600216004,0.2691565648950517
none_moving,0.1,553,15993,173.52260397830017,0.07974038454119318,0.07321352991884036,3509,38.072332730560575,0.33356737021121524,0.2671394000427479
none_moving,0.1,554,16039,173.70758122743686,0.09356671454110839,0.07965822447308517,3517,38.09025270758123,0.328114253715849,0.26823771970710214
none_moving,0.1,555,16053,173.54594594594593,0.1131859473886034,0.09033930519134373,3528,38.14054054054054,0.2550213181829268,0.2265939427279217
none_moving,0.1,556,16100,173.7410071942446,0.1518430309790399,0.1250245214855483,3538,38.17985611510791,0.2351797265601088,0.2165592275360299
none_moving,0.1,557,16112,173.55834829443447,0.16052480600848917,0.1418515625180201,3545,38.18671454219031,0.25541342330213,0.2286387737235366
none_moving,0.1,558,16156,173.72043010752685,0.1595844102458797,0.1499221667445174,3555,38.2258064516129,0.2594373986401746,0.22236249694233762
none_moving,0.1,559,16169,173.54919499105546,0.14421932357873274,0.13147493309790542,3562,38.23255813953488,0.27737047554216016,0.2375790319118412
none_moving,0.1,560,16214,173.72142857142856,0.11238095332727263,0.10707374082463243,3562,38.16428571428571,0.29692901472831434,0.2545386492171649
none_moving,0.1,561,16226,173.54010695187165,0.11966766148393909,0.10946398748664203,3566,38.13903743315508,0.3157617564841841,0.27194032514006866
none_moving,0.1,562,16269,173.69039145907473,0.12363084756067916,0.11314414978637033,3574,38.156583629893234,0.30630233259294587,0.2626318681782666
none_moving,0.1,563,16281,173.50976909413853,0.13466204736991821,0.1154961654088827,3582,38.174067495559505,0.3096615548684103,0.2664184458093774
none_moving,0.1,564,16326,173.68085106382978,0.15212500491413442,0.13247389450211725,3595,38.244680851063826,0.3138683698957671,0.27140811234571693
none_moving,0.1,565,16336,173.4796460176991,0.16009401367051207,0.14172120300005317,3613,38.36814159292036,0.3104274199797453,0.2669779105735234
none_moving,0.1,566,16381,173.6501766784452,0.22004274568970283,0.17765249433854646,3632,38.50176678445229,0.2839047529602418,0.2482772949501486
none_moving,0.1,567,16393,173.47089947089947,0.20255415963976145,0.15450119069712914,3658,38.708994708994716,0.27535099726472123,0.23700057000125735
none_moving,0.1,568,16440,173.66197183098592,0.20954093776554342,0.15520523138859824,3672,38.78873239436619,0.21288298693840707,0.18554814954768328
none_moving,0.1,569,16452,173.48330404217927,0.17575882384379665,0.1424148182653285,3683,38.8365553602812,0.17463939330325998,0.15523511951803481
none_moving,0.1,570,16498,173.66315789473683,0.1855910201844118,0.15673336084171147,3694,38.88421052631579,0.16279587501332735,0.14612116998526117
none_moving,0.1,571,16511,173.4956217162872,0.14947039502790269,0.1325165709225254,3700,38.879159369527144,0.15876485831902482,0.13363581907096983
none_moving,0.1,572,16556,173.66433566433565,0.12730213842093704,0.11512653406629099,3702,38.83216783216783,0.16357984049422086,0.12611448673564732
none_moving,0.1,573,16569,173.49738219895286,0.12013546539839662,0.09777798550855189,3706,38.80628272251309,0.16298427628177045,0.1324906732308933
none_moving,0.1,574,16615,173.67595818815332,0.13221347776793393,0.1140175850899022,3708,38.7595818815331,0.14110840664740332,0.1233483421886413
none_moving,0.1,575,16629,173.52,0.10849615776084766,0.08978205065859912,3708,38.692173913043476,0.13431113778402212,0.12108428833234015
none_moving,0.1,576,16674,173.68750000000003,0.10078767636916507,0.08192131579666957,3708,38.625,0.1369265610805041,0.1235004193447927
none_moving,0.1,577,16685,173.5008665511265,0.13787092578657598,0.11116591125737281,3708,38.5580589254766,0.1439741457274348,0.12932182423043626
none_moving,0.1,578,16730,173.66782006920417,0.17242091613613417,0.1384500795722006,3708,38.491349480968864,0.15236755778325287,0.13623337228746246
none_moving,0.1,579,16742,173.49222797927462,0.13704072599563433,0.11384377101691075,3708,38.424870466321245,0.16057371773588508,0.1430939144862881
none_moving,0.1,580,16789,173.6793103448276,0.08780030559548745,0.08132097092958301,3708,38.358620689655176,0.16795340815979085,0.14943900572768856
none_moving,0.1,581,16803,173.5249569707401,0.08749431903633788,0.07532346053046113,3708,38.292598967297764,0.17431195746475503,0.15506027874471756
none_moving,0.1,582,16849,173.70103092783506,0.11932115965624249,0.11203919668315823,3718,38.3298969072165,0.17872243623176506,0.1576353540284428
none_moving,0.1,583,16862,173.5368782161235,0.06651535655633693,0.0647320613435107,3718,38.264150943396224,0.17766306606597693,0.15806660973309855
none_moving,0.1,584,16908,173.7123287671233,0.07739476030542172,0.06565928556788256,3718,38.1986301369863,0.184331824003128,0.16486035841141683
none_moving,0.1,585,16922,173.55897435897435,0.06691497551402328,0.05961779668556535,3722,38.174358974358974,0.2113599105575543,0.1860776100537223
none_moving,0.1,586,16964,173.6928327645051,0.07489211256649038,0.06980988151712705,3724,38.1296928327645,0.2393086456822593,0.20881108095818016
none_moving,0.1,587,16976,173.51959114139692,0.102219570213867,0.07719640234433674,3724,38.064735945485516,0.22694647019742362,0.20511406474087365
none_moving,0.1,588,17022,173.6938775510204,0.07254274644451718,0.061517719311818576,3728,38.04081632653061,0.22082035443177206,0.20359559714177614
none_moving,0.1,589,17033,173.51103565365025,0.07878823292915035,0.07098731745016248,3737,38.0679117147708,0.21818067343331413,0.20454687245168443
none_moving,0.1,590,17080,173.6949152542373,0.11174558613673226,0.10405511498818105,3742,38.05423728813559,0.2153698446049532,0.2016334079932804
none_moving,0.1,591,17092,173.52284263959393,0.07784059097568713,0.07215887877394875,3748,38.0507614213198,0.22058529318985437,0.20658794530316538
none_moving,0.1,592,17138,173.69594594594594,0.10611109125131246,0.0954692497246533,3759,38.09797297297297,0.20542208605293136,0.18662028646618614
none_moving,0.1,593,17151,173.5345699831366,0.10541920839886817,0.09286290359305441,3771,38.155143338954474,0.18646260653971466,0.16676485203778385
none_moving,0.1,594,17198,173.7171717171717,0.09758943927772613,0.0893707943607299,3783,38.21212121212121,0.16956722483667816,0.14561642259592905
none_moving,0.1,595,17209,173.53613445378153,0.07003215158459364,0.066156225488177,3796,38.27899159663866,0.17170207555350656,0.1499144629480046
none_moving,0.1,596,17252,173.6778523489933,0.08041924099180443,0.07233759387827682,3802,38.2751677852349,0.16846587962244725,0.14543474926955513
none_moving,0.1,597,17263,173.49748743718592,0.07821398672184507,0.0678393652067413,3816,38.35175879396986,0.1684064197568393,0.14532535391126306
none_moving,0.1,598,17306,173.63879598662206,0.11164474602661728,0.09815695230000694,3823,38.357859531772576,0.17073155494615888,0.14678499180760443
none_moving,0.1,599,17319,173.4791318864775,0.1363291828365407,0.11565499835333874,3829,38.35392320534224,0.16801026356443607,0.13772946142017786
none_moving,0.1,600,17365,173.65,0.11172550602137182,0.10053807944025665,3838,38.38,0.14160842471824392,0.12526562830316773
few_moving,0.1,0,0,,18.187917130173428,17.241615522676813,0,,18.187917130173428,17.241615522676813
few_moving,0.1,1,0,0,18.187917130173428,17.241615522676813,39,234,9.717672854521242,8.673090654632748
few_moving,0.1,2,39,117,9.718561856367193,8.668141024889474,95,285,9.334304272729959,8.240041825859505
few_moving,0.1,3,53,105.99999999999999,9.345736374977369,8.260848274438553,151,302,8.94021177681193,7.823837566288444
few_moving,0.1,4,97,145.5,8.956276298736457,7.845012835379698,209,313.5,8.53883058692189,7.397883010617823
few_moving,0.1,5,110,132,8.561433983496597,7.4248058537224875,266,319.20000000000005,8.152099723241763,6.999226140393093
few_moving,0.1,6,157,156.99999999999997,8.174129918229562,7.019330954256017,323,322.99999999999994,7.773348487382964,6.623714254460708
few_moving,0.1,7,169,144.85714285714283,7.791593221823365,6.628833609799753,373,319.71428571428567,7.392946694354203,6.2436195881019945
few_moving,0.1,8,213,159.75,7.408964117125996,6.249962298396936,378,283.5,7.025283753741423,5.898974011369107
few_moving,0.1,9,227,151.33333333333334,7.025005690139885,5.88620239775045,378,252,6.666323142986205,5.575619335709442
few_moving,0.1,10,272,163.20000000000002,6.655283461976064,5.550379517911904,378,226.79999999999998,6.315464990633544,5.268532818846976
few_moving,0.1,11,286,156.00000000000003,6.305526835100305,5.249231665002028,378,206.1818181818182,5.977154548172836,4.981100712884642
few_moving,0.1,12,332,166,5.963600491469507,4.946207273435958,378,188.99999999999997,5.649592054890928,4.710421848817289
few_moving,0.1,13,343,158.3076923076923,5.616773418447867,4.650922410422976,378,174.46153846153845,5.3315336329333665,4.45372913822881
few_moving,0.1,14,389,166.7142857142857,5.2618892585494885,4.354218836232843,378,161.99999999999997,5.022372800893333,4.2084117916718276
few_moving,0.1,15,402,160.8,4.900944456141019,4.049165942173255,378,151.2,4.722036832147257,3.972150389835055
few_moving,0.1,16,448,168,4.5458671249231575,3.7480148000847393,378,141.75,4.430934832941363,3.7431255702381927
few_moving,0.1,17,461,162.7058823529412,4.206483978899231,3.4639982490128367,378,133.41176470588235,4.14994757163049,3.5200517579765735
few_moving,0.1,18,507,169.00000000000003,3.864957104678662,3.1773736109381066,378,126,3.889752234817032,3.3097560357914055
few_moving,0.1,19,518,163.57894736842104,3.5194410098648174,2.881070530902388,378,119.36842105263158,3.6530211724386463,3.114092449309417
few_moving,0.1,20,563,168.9,3.1819080081778934,2.5962057350584273,378,113.39999999999999,3.436975585803313,2.9299839055275125
few_moving,0.1,21,574,164,2.8541887954965315,2.3268840412574185,384,109.71428571428572,3.2507406065719207,2.7613245184265
few_moving,0.1,22,620,169.0909090909091,2.5367815389727055,2.0724620161865515,401,109.36363636363637,2.9452638583229915,2.4607210246503404
few_moving,0.1,23,631,164.6086956521739,2.2494742630597533,1.8331239652582656,401,104.6086956521739,2.684136645529388,2.189814261559239
few_moving,0.1,24,677,169.25,1.9758364328844347,1.5974489856141414,401,100.25,2.470475581464429,1.9713717861533753
few_moving,0.1,25,691,165.83999999999997,1.7054734607814535,1.375769155012451,401,96.24,2.293177275687389,1.7964606373208571
few_moving,0.1,26,736,169.84615384615384,1.5053307462864849,1.2055498786266359,401,92.53846153846153,2.14383300479409,1.6574542363992901
few_moving,0.1,27,748,166.2222222222222,1.314279129874611,1.0582686512678492,401,89.11111111111111,2.0267974176420265,1.5523396430830514
few_moving,0.1,28,795,170.35714285714286,1.1992573150008166,0.9585417956018807,401,85.92857142857143,1.9376386131507288,1.4739184530755474
few_moving,0.1,29,809,167.3793103448276,1.0538869362164283,0.8432291336134373,412,85.24137931034484,1.8649855932876782,1.397201602120424
few_moving,0.1,30,853,170.6,0.9317277867863494,0.7403903191117566,425,85,1.8080245244212327,1.3265780239044729
few_moving,0.1,31,866,167.61290322580643,0.8614934896078349,0.6559814772506426,439,84.96774193548386,1.765419226453047,1.279605652831941
few_moving,0.1,32,911,170.8125,0.8055578457670212,0.6010653322512312,452,84.75,1.7336193380454405,1.2508361617837018
few_moving,0.1,33,923,167.8181818181818,0.7247469773384839,0.5371531731838386,465,84.54545454545453,1.7099134479447604,1.2317332329231616
few_moving,0.1,34,968,170.8235294117647,0.6623987942292937,0.4964602671766925,478,84.35294117647058,1.6919223308928457,1.2183775749824246
few_moving,0.1,35,979,167.82857142857142,0.5932890509820867,0.44961101191652225,491,84.17142857142856,1.6762266207721999,1.2026518318462012
few_moving,0.1,36,1023,170.5,0.5526921721362311,0.40419090997023943,501,83.5,1.6644317373185338,1.1945414132737728
few_moving,0.1,37,1037,168.16216216216216,0.5294913685239286,0.3739333934686423,513,83.18918918918918,1.4729559880865173,1.064467955985745
few_moving,0.1,38,1082,170.84210526315792,0.4816405294165568,0.3287182800269813,513,81,1.3368672163922504,0.9813404636874828
few_moving,0.1,39,1095,168.46153846153845,0.4660418698036095,0.31823908371565485,513,78.92307692307692,1.242307991226843,0.9318488302060122
few_moving,0.1,40,1140,171,0.44824379438459877,0.32259173962285825,513,76.95,1.1781129524492078,0.9030815622035476
few_moving,0.1,41,1153,168.73170731707316,0.48000192211838627,0.3438148984237882,513,75.07317073170731,1.135380948701189,0.8852750180096791
few_moving,0.1,42,1198,171.14285714285714,0.45249804533562626,0.3225461193655894,513,73.28571428571429,1.1073813226535039,0.8739169816466512
few_moving,0.1,43,1212,169.11627906976744,0.40080589610049644,0.2936181740814431,522,72.83720930232559,1.0270515823908248,0.8142640543971696
few_moving,0.1,44,1258,171.54545454545456,0.3740185563351993,0.2702788037871271,532,72.54545454545456,0.9843361595896831,0.7811009644588227
few_moving,0.1,45,1271,169.46666666666667,0.384600349105075,0.2633633575298188,543,72.39999999999999,0.9292802584918175,0.7432098979548286
few_moving,0.1,46,1317,171.78260869565216,0.35106949489266753,0.24299179394375808,554,72.26086956521739,0.8616091155652239,0.7068514389222765
few_moving,0.1,47,1330,169.7872340425532,0.27109232001677364,0.20083315203866198,564,72,0.8335567800973224,0.6974432190996587
few_moving,0.1,48,1376,171.99999999999997,0.23058284877949536,0.1839411022213938,574,71.75,0.7866083443335303,0.6600854577835567
few_moving,0.1,49,1390,170.20408163265307,0.1967827604157899,0.14785923551486221,585,71.63265306122449,0.7708812299068085,0.6486246657252345
few_moving,0.1,50,1436,172.32,0.17002962232523472,0.1274292084566065,596,71.52,0.7473538812172308,0.6297766093082864
few_moving,0.1,51,1450,170.58823529411765,0.18881895425960998,0.1461516416733641,607,71.41176470588236,0.7373820698722483,0.6289998301413714
few_moving,0.1,52,1497,172.7307692307692,0.17469444402386997,0.14468640800353255,615,70.96153846153845,0.6943438320221285,0.5992175578707103
few_moving,0.1,53,1507,170.60377358490567,0.19439695461682407,0.15501691090089587,615,69.62264150943396,0.6655906037110085,0.5685887100541984
few_moving,0.1,54,1552,172.44444444444443,0.2513422324172467,0.1860052234568624,615,68.33333333333333,0.6496620949907725,0.5468348046281531
few_moving,0.1,55,1565,170.72727272727275,0.2554976542598155,0.17948207778516573,615,67.0909090909091,0.6418030203350195,0.5319694339416576
few_moving,0.1,56,1612,172.7142857142857,0.19586669593766573,0.1454772246065362,618,66.21428571428571,0.6384526296352487,0.522057462644973
few_moving,0.1,57,1625,171.05263157894737,0.25769959982797835,0.183690346393457,626,65.89473684210527,0.6057864657105836,0.474374176271501
few_moving,0.1,58,1667,172.44827586206895,0.2799082202294135,0.20179938473033543,633,65.48275862068965,0.5961653023300865,0.45355076872870076
few_moving,0.1,59,1680,170.84745762711864,0.2694529312377903,0.19801857642876386,646,65.69491525423729,0.590095998564937,0.4419574611733214
few_moving,0.1,60,1725,172.5,0.24097214187844934,0.18400058572664282,660,66,0.5829871291137184,0.4217149702030111
few_moving,0.1,61,1739,171.04918032786887,0.20491335655101287,0.16295468991707013,673,66.19672131147541,0.5868029223562649,0.42576471997892334
few_moving,0.1,62,1783,172.54838709677418,0.18109850346853842,0.1526885956411584,687,66.48387096774194,0.5815568369523558,0.4125108739486838
few_moving,0.1,63,1796,171.04761904761904,0.18116717053789572,0.15572151274644572,702,66.85714285714286,0.5820107892842464,0.4093280628727539
few_moving,0.1,64,1842,172.6875,0.16718196036360036,0.1482680893418379,716,67.125,0.5528106553335592,0.40081237386748203
few_moving,0.1,65,1855,171.23076923076925,0.16496817695658356,0.14579967022203819,725,66.92307692307693,0.534804713867373,0.39860708867860195
few_moving,0.1,66,1900,172.72727272727272,0.21305036175108524,0.1704156604636232,731,66.45454545454544,0.5165002169634143,0.38479940277590036
few_moving,0.1,67,1914,171.40298507462686,0.21044638343412816,0.16498248383422146,739,66.17910447761194,0.43903009421955724,0.34784236437926985
few_moving,0.1,68,1959,172.8529411764706,0.20812733260899158,0.17298093693989075,739,65.20588235294119,0.3870701016353507,0.3241127005240679
few_moving,0.1,69,1971,171.3913043478261,0.1638776869339202,0.1448727765582905,739,64.2608695652174,0.3567659352396328,0.312273875728545
few_moving,0.1,70,2016,172.79999999999998,0.13245778260865634,0.12177920343102477,739,63.34285714285714,0.3417691335304263,0.30700694142846674
few_moving,0.1,71,2029,171.46478873239437,0.14709685355064392,0.12880361116480446,739,62.45070422535212,0.33654936371071725,0.3053200617293614
few_moving,0.1,72,2074,172.83333333333334,0.16015290857656858,0.1415959623734782,739,61.58333333333334,0.33694539395682344,0.3055835888874023
few_moving,0.1,73,2086,171.45205479452056,0.1738938736380378,0.15239310132199252,744,61.15068493150686,0.31470310243051225,0.2914668329232667
few_moving,0.1,74,2131,172.78378378378378,0.16132807943433616,0.1417653200198608,749,60.72972972972973,0.2845174052219372,0.27032146329017825
few_moving,0.1,75,2142,171.35999999999999,0.16887150738496834,0.14707041077748934,754,60.32000000000001,0.26128356976238293,0.24954827094437526
few_moving,0.1,76,2188,172.73684210526318,0.1570750518419392,0.1280480488745282,759,59.92105263157895,0.25364783480275016,0.23856150934180947
few_moving,0.1,77,2202,171.58441558441555,0.1251169436415654,0.10849005380839874,764,59.532467532467535,0.2591160385086157,0.24378576337785782
few_moving,0.1,78,2248,172.92307692307693,0.11871670345926424,0.10280460630938322,771,59.3076923076923,0.25445575521872577,0.23846960301368902
few_moving,0.1,79,2262,171.79746835443038,0.11592103479078152,0.10261139993078539,775,58.860759493670884,0.2450505872716798,0.22721079798675844
few_moving,0.1,80,2305,172.875,0.11997956607563127,0.10373269611725502,780,58.5,0.24000294946709613,0.22059750347195212
few_moving,0.1,81,2317,171.62962962962962,0.11177122657928176,0.08336541459361509,786,58.222222222222214,0.22224949685786152,0.2021361356367469
few_moving,0.1,82,2363,172.90243902439025,0.1265434245179544,0.09019183942180536,794,58.09756097560976,0.18834429593365296,0.1715781827634946
few_moving,0.1,83,2375,171.6867469879518,0.11494674216370745,0.0914355109172795,794,57.397590361445786,0.17248553778435097,0.1589910181114882
few_moving,0.1,84,2421,172.92857142857144,0.12180596130746421,0.11030463381464357,794,56.71428571428572,0.16864180403886328,0.1563291871431202
few_moving,0.1,85,2434,171.81176470588235,0.1336760682375567,0.1207580739833403,794,56.04705882352941,0.17170466740586302,0.15957380717676392
few_moving,0.1,86,2480,173.02325581395348,0.15099619357530283,0.13587212633088389,797,55.6046511627907,0.17881776061299479,0.16612762183920343
few_moving,0.1,87,2493,171.93103448275863,0.11206732311307638,0.10113304445852081,804,55.44827586206897,0.1905519313557564,0.17601941697547768
few_moving,0.1,88,2539,173.11363636363637,0.08590847083879823,0.07594851453654128,812,55.36363636363637,0.19630813847252843,0.1804444570613831
few_moving,0.1,89,2551,171.97752808988764,0.10857679421574895,0.09558108153367206,825,55.61797752808989,0.19676630090752772,0.17418597300852248
few_moving,0.1,90,2597,173.13333333333333,0.14536351272519843,0.1174048474956465,836,55.73333333333333,0.19028856944058425,0.1629418125020071
few_moving,0.1,91,2610,172.0879120879121,0.15059669753638713,0.1285721118059227,850,56.043956043956044,0.18979487281175256,0.15378711935249317
few_moving,0.1,92,2656,173.21739130434784,0.1269197011088234,0.10910760844881724,863,56.282608695652165,0.19466143775002637,0.1579090005102496
few_moving,0.1,93,2670,172.25806451612902,0.15840855261751843,0.13579612894479404,873,56.32258064516129,0.20239190635350884,0.17103944162121226
few_moving,0.1,94,2715,173.29787234042553,0.23778465310585364,0.19826396711768288,881,56.234042553191486,0.18118956878447845,0.15808174812761963
few_moving,0.1,95,2728,172.29473684210527,0.27297174218267656,0.21605659682490058,891,56.27368421052631,0.1622607996747716,0.13963848364945872
few_moving,0.1,96,2771,173.1875,0.2477550877106196,0.19683713190876737,895,55.9375,0.15724599609442416,0.13782411846529158
few_moving,0.1,97,2779,171.89690721649484,0.1839909184398603,0.1521140036084872,903,55.855670103092784,0.1834962493291228,0.162593330086699
few_moving,0.1,98,2824,172.89795918367346,0.12084685045159332,0.1110248800314136,903,55.285714285714285,0.2171507927879879,0.18974763919024223
few_moving,0.1,99,2837,171.93939393939394,0.11751785492611182,0.1087934815348297,903,54.72727272727273,0.25060215545451286,0.21655462267914688
few_moving,0.1,100,2884,173.04,0.1379052600128085,0.11907150776902983,903,54.17999999999999,0.2800521412145623,0.2415740080010888
few_moving,0.1,101,2896,172.03960396039605,0.07495244386506406,0.06890842515169159,903,53.64356435643564,0.30483074942888866,0.2631078467891499
few_moving,0.1,102,2942,173.05882352941177,0.05300352496887929,0.046659848376337854,903,53.11764705882353,0.32525316412331284,0.28093432586655714
few_moving,0.1,103,2955,172.1359223300971,0.053539324169640704,0.04956334419348574,903,52.601941747572816,0.34190505038297175,0.29547806101478236
few_moving,0.1,104,3000,173.07692307692307,0.0884878941759121,0.07808147052799118,903,52.09615384615384,0.35539880530128964,0.3072654444070987
few_moving,0.1,105,3012,172.1142857142857,0.10726278707759702,0.09721803071850864,903,51.6,0.3662916635632063,0.31678373531611975
few_moving,0.1,106,3057,173.03773584905662,0.11242180510319105,0.10589623795976921,903,51.113207547169814,0.3750630280005557,0.32445155428137384
few_moving,0.1,107,3070,172.14953271028037,0.08457026181908871,0.07390976110467751,905,50.747663551401864,0.38211409026059295,0.33061843921060446
few_moving,0.1,108,3113,172.94444444444446,0.06315614640681154,0.04588699568203218,905,50.27777777777778,0.3844588853691402,0.3343121681692346
few_moving,0.1,109,3126,172.07339449541286,0.08400897673515699,0.07395692234058858,907,49.92660550458716,0.3769275138851031,0.331272916293874
few_moving,0.1,110,3173,173.0727272727273,0.0909668340140476,0.07668334011084793,913,49.8,0.3642844032477043,0.3171745396982939
few_moving,0.1,111,3186,172.21621621621622,0.11708904910774096,0.0987886661998896,917,49.567567567567565,0.35108149594840793,0.2985188018577422
few_moving,0.1,112,3230,173.03571428571428,0.13331708652454555,0.11994808608516519,925,49.55357142857143,0.27804530278493056,0.2529454624524857
few_moving,0.1,113,3243,172.19469026548674,0.07749713788304273,0.07015576759715435,925,49.11504424778761,0.2400988140804218,0.2263624161766161
few_moving,0.1,114,3290,173.1578947368421,0.08884679765473408,0.08105589604569383,931,49,0.22985012823169595,0.21543295926173484
few_moving,0.1,115,3303,172.3304347826087,0.09108886379148902,0.08740767816549125,947,49.40869565217391,0.22436492440639177,0.20974927732599843
few_moving,0.1,116,3348,173.17241379310346,0.12109396118068914,0.1166731472187077,963,49.810344827586206,0.21994652965677824,0.19835339673121327
few_moving,0.1,117,3361,172.35897435897436,0.11194547252863139,0.10078070911191854,981,50.30769230769231,0.2379259733286244,0.20438698097133087
few_moving,0.1,118,3406,173.18644067796612,0.08982900809010019,0.0810841974072355,1000,50.847457627118644,0.24798046617476824,0.2015095884419651
few_moving,0.1,119,3417,172.28571428571428,0.07857554373368954,0.07419137389371115,1020,51.42857142857142,0.27278074236177274,0.2135123614065157
few_moving,0.1,120,3462,173.1,0.07589022215685744,0.06274281028075562,1040,52,0.3027451092307677,0.24268746065006308
few_moving,0.1,121,3476,172.36363636363637,0.20208382506300313,0.16025120717723293,1071,53.107438016528924,0.401492872058892,0.34085764583881084
few_moving,0.1,122,3520,173.11475409836066,0.3920348320049841,0.30525265339447166,1094,53.80327868852459,0.503523684911415,0.42924807621209116
few_moving,0.1,123,3532,172.2926829268293,0.4835417881747884,0.3527581901515654,1112,54.243902439024396,0.6072749299100977,0.5198041409116572
few_moving,0.1,124,3576,173.03225806451613,0.592854505255786,0.4324618953866007,1134,54.87096774193548,0.6862887810422605,0.5752228540881703
few_moving,0.1,125,3588,172.224,0.6827354205579218,0.5180956101368555,1154,55.391999999999996,0.7412284064506888,0.6100038385621059
few_moving,0.1,126,3633,173,0.7924346546827573,0.5943459939165281,1175,55.95238095238095,0.7868255519386438,0.6334592457799755
few_moving,0.1,127,3647,172.29921259842519,0.8429815660066122,0.6088548760679932,1198,56.59842519685039,0.8242476753266473,0.6245311494441903
few_moving,0.1,128,3692,173.0625,0.9122705653805904,0.6376818945722882,1216,57,0.8657712845210986,0.6242634648502658
few_moving,0.1,129,3705,172.32558139534885,0.9503939750030265,0.6723012472512088,1234,57.395348837209305,0.9151699561128921,0.6500232963601662
few_moving,0.1,130,3750,173.0769230769231,1.0074450284269343,0.732758012870101,1254,57.876923076923084,0.9644915854045109,0.689956994429684
few_moving,0.1,131,3762,172.3053435114504,1.0166333250199908,0.7657149219664696,1271,58.21374045801527,1.0132743558655946,0.7370131632770109
few_moving,0.1,132,3804,172.90909090909088,1.0261263537817844,0.7605343003713987,1287,58.49999999999999,1.0864118983466609,0.7938154570557848
few_moving,0.1,133,3816,172.15037593984962,1.0348271514850869,0.7756180626232518,1303,58.78195488721805,1.1464609614982615,0.8437993807857757
few_moving,0.1,134,3857,172.7014925373134,1.0698578683631443,0.7777652879078498,1319,59.059701492537314,1.2423096415522816,0.9148159779890526
few_moving,0.1,135,3867,171.86666666666667,1.1412074365960587,0.8013442659684129,1339,59.51111111111111,1.3336471759026025,0.9747388871043681
few_moving,0.1,136,3911,172.54411764705884,1.2374407278243464,0.8559168469774235,1356,59.8235294117647,1.4389609197073947,1.0446113244567585
few_moving,0.1,137,3922,171.76642335766425,14.989258825522857,5.175900067597935,1374,60.17518248175183,1.550700142709425,1.1174158082299142
few_moving,0.1,138,3962,172.2608695652174,15.070311773638453,5.20456672489391,1389,60.39130434782609,1.6628631506952873,1.1808934743376192
few_moving,0.1,139,3974,171.53956834532372,15.150623095920102,5.227055000048562,1406,60.69064748201438,1.784506818338357,1.2505017601073363
few_moving,0.1,140,4014,172.0285714285714,15.233514272869275,5.258467222662594,1424,61.028571428571425,1.9119591663895006,1.326260022583897
few_moving,0.1,141,4024,171.23404255319147,15.317421503843212,5.299142383780299,1443,61.40425531914894,2.0347327351132116,1.4033113721815367
few_moving,0.1,142,4066,171.80281690140845,15.402056947724315,5.3171642876459675,1469,62.07042253521127,2.151999493712039,1.4154449705719074
few_moving,0.1,143,4079,171.14685314685315,15.487290776628075,5.332497291106507,1491,62.55944055944056,2.2797212483252625,1.4689713643596938
few_moving,0.1,144,4119,171.625,15.575067241373377,5.3769197715151,1512,63,2.4142564267396494,1.5771430597558214
few_moving,0.1,145,4130,170.89655172413794,15.663534620770248,5.364838183193279,1537,63.6,2.5633416752816194,1.698153187534833
few_moving,0.1,146,4169,171.3287671232877,15.75414144349206,5.444107839769137,1568,64.43835616438358,2.645583348696785,1.7782990674910188
few_moving,0.1,147,4180,170.61224489795916,15.844454523075793,5.467225911751089,1600,65.3061224489796,2.757030751573174,1.875334899218481
few_moving,0.1,148,4219,171.04054054054052,15.937817906050554,5.5444669772073985,1631,66.12162162162161,2.8703026857291647,1.9587224367253353
few_moving,0.1,149,4231,170.3758389261745,16.028706101509243,5.508625927137059,1655,66.64429530201342,3.0024310562648373,2.052723129311903
few_moving,0.1,150,4271,170.84,16.122252752393244,5.528884518425022,1683,67.32000000000001,3.1403000861514005,2.1525968604889005
few_moving,0.1,151,4280,170.0662251655629,16.21467293851784,5.522767162826002,1711,67.98675496688742,3.2399933400197813,2.183111823474246
few_moving,0.1,152,4323,170.6447368421053,16.307590428477386,5.517029692535628,1731,68.32894736842105,16.15478283568669,5.769678407106683
few_moving,0.1,153,4334,169.9607843137255,16.402479829085955,5.522357181432545,1752,68.70588235294117,16.243945597079005,5.7345432980186875
few_moving,0.1,154,4377,170.5324675324675,16.49979149778091,5.560868311927726,1775,69.15584415584415,16.3365975220669,5.720230767468095
few_moving,0.1,155,4387,169.81935483870967,16.59733034512956,5.549676240220362,1797,69.56129032258063,16.431008205590828,5.707779626681372
few_moving,0.1,156,4429,170.34615384615384,16.69674047377808,5.575565796944627,1821,70.03846153846153,16.527442462192845,5.7141334860401605
few_moving,0.1,157,4439,169.64331210191082,16.7971092231425,5.611100506686199,1835,70.12738853503184,16.62365836853433,5.680622184154742
few_moving,0.1,158,4479,170.0886075949367,16.898708539067897,5.669704290174822,1843,69.98734177215191,16.72230724849079,5.673295913973332
few_moving,0.1,159,4490,169.43396226415095,17.00037305348101,5.668609219642123,1859,70.15094339622642,16.82215636105711,5.6888155320421205
few_moving,0.1,160,4533,169.9875,17.103598368562615,5.704781599916851,1874,70.275,16.923399106730805,5.729466545762555
few_moving,0.1,161,4545,169.37888198757764,17.207206278175978,5.731489244318019,1888,70.36024844720498,17.026004845981372,5.775389699051711
few_moving,0.1,162,4588,169.92592592592592,17.312000685912267,5.766780038734384,1902,70.44444444444443,17.129203394626714,5.812425719173781
few_moving,0.1,163,4600,169.3251533742331,17.417712025868735,5.8276324035656115,1913,70.41717791411043,17.233748672470846,5.86599127313414
few_moving,0.1,164,4642,169.8292682926829,17.52456684779653,5.886622152969591,1932,70.68292682926828,17.33859899583218,5.902280716915675
few_moving,0.1,165,4653,169.20000000000002,17.631075296335716,5.905006902653375,1954,71.05454545454546,17.44394478243739,5.929196283620496
few_moving,0.1,166,4693,169.6265060240964,17.731755002782293,5.910699971825801,1976,71.42168674698794,17.543397080437135,5.948874005645097
few_moving,0.1,167,4704,169.00598802395209,17.731672944226908,5.905015390625827,1997,71.74850299401197,17.543279827358564,5.939378835194542
few_moving,0.1,168,4745,169.46428571428572,17.732532086032823,5.9375255577496615,2017,72.03571428571429,17.54329706801475,5.9424644980551165
few_moving,0.1,169,4755,168.81656804733726,17.732455116506053,5.934557377564326,2038,72.35502958579882,17.543163745808705,5.937720897836513
few_moving,0.1,170,4796,169.27058823529413,17.731893895994297,5.906052532502847,2050,72.35294117647058,17.542777660585763,5.926543822945625
few_moving,0.1,171,4807,168.66666666666666,17.731145884498996,5.8747271360227895,2061,72.3157894736842,17.542571485188617,5.919914942701055
few_moving,0.1,172,4849,169.15116279069767,17.730996233926987,5.862100051711247,2072,72.27906976744185,17.541284519877834,5.877415513267359
few_moving,0.1,173,4859,168.52023121387282,17.730969254090482,5.857899870276961,2079,72.10404624277457,17.541010148772443,5.859766394898117
few_moving,0.1,174,4901,169,17.730653965160425,5.837991922345947,2083,71.82758620689656,17.541578689560044,5.874073003492488
few_moving,0.1,175,4913,168.4457142857143,17.73076403974546,5.843209985134072,2089,71.62285714285714,17.542177625396764,5.900986279031625
few_moving,0.1,176,4955,168.92045454545456,17.731192191717582,5.860990344651145,2097,71.48863636363636,17.543065892782586,5.9357591619872725
few_moving,0.1,177,4966,168.33898305084745,17.73051813924739,5.8032304859627395,2104,71.32203389830508,17.543215494158293,5.947273973580802
few_moving,0.1,178,5008,168.80898876404495,17.73057177833799,5.816390043830494,2118,71.3932584269663,17.542941454089437,5.937982699654212
few_moving,0.1,179,5019,168.23463687150837,17.730423041409832,5.813668065441202,2136,71.59776536312849,17.542977607251647,5.938992469648707
few_moving,0.1,180,5060,168.66666666666666,17.730444001046855,5.821428618748142,2156,71.86666666666666,17.543206239598238,5.932770336399809
few_moving,0.1,181,5071,168.09944751381215,17.72970511973845,5.825424209533091,2172,72,17.54170026911937,5.88484218451274
few_moving,0.1,182,5112,168.52747252747253,17.729068155135206,5.797488599962679,2184,72,17.540475214682655,5.836105076170855
few_moving,0.1,183,5122,167.93442622950823,17.728330632688994,5.725531221962521,2195,71.9672131147541,17.53975882221439,5.803133225728837
few_moving,0.1,184,5162,168.32608695652175,17.728055124744188,5.704012589814239,2211,72.09782608695652,17.538624954431782,5.744289655992441
few_moving,0.1,185,5172,167.74054054054054,17.7282033639295,5.722083766481183,2218,71.93513513513514,17.538018986106056,5.716527376812409
few_moving,0.1,186,5213,168.1612903225806,17.72826637050529,5.7267425297119505,2222,71.6774193548387,17.53790947937405,5.70743583916849
few_moving,0.1,187,5223,167.58288770053474,17.728006707106946,5.704212965561874,2223,71.32620320855615,17.5377144119297,5.68469182775993
few_moving,0.1,188,5262,167.93617021276597,17.72808991512278,5.713963574130071,2223,70.9468085106383,17.53800772461411,5.712962477989335
few_moving,0.1,189,5273,167.3968253968254,17.72819000000488,5.726029182480501,2223,70.57142857142858,17.538530096467024,5.748922067061652
few_moving,0.1,190,5314,167.81052631578947,17.727992619967466,5.698658753269296,2223,70.2,17.53913219111932,5.7808459012474716
few_moving,0.1,191,5325,167.27748691099478,17.727918923169117,5.6874212868806495,2224,69.86387434554975,17.539731777325375,5.807552910551492
few_moving,0.1,192,5367,167.71875,17.728018054330327,5.69516440888611,2225,69.53125,17.540286919797126,5.829445687704791
few_moving,0.1,193,5376,167.12953367875647,17.72792347278341,5.683351890045223,2225,69.17098445595855,17.54077934167411,5.847225144971581
few_moving,0.1,194,5418,167.56701030927834,17.727965409370455,5.686414584361004,2225,68.81443298969072,17.541204198441616,5.861591361389449
few_moving,0.1,195,5427,166.9846153846154,17.72822625495461,5.721608806115841,2228,68.55384615384615,17.5416197216567,5.878436066723217
few_moving,0.1,196,5468,167.3877551020408,17.728498296016582,5.743239520895229,2231,68.29591836734694,17.5418469972109,5.881206652145589
few_moving,0.1,197,5479,166.87309644670052,17.72824456803979,5.725580835029914,2232,67.97969543147208,17.541509164745168,5.873081846219256
few_moving,0.1,198,5519,167.24242424242425,17.72808398971383,5.703696292700222,2232,67.63636363636364,17.541316899343023,5.8698731279118395
few_moving,0.1,199,5529,166.70351758793967,17.727941219829507,5.692827473325296,2240,67.53768844221105,17.540021605040778,5.824463598351674
few_moving,0.1,200,5569,167.07,17.727863753837955,5.6780680642233685,2246,67.38,17.53904887750888,5.776033353076601
few_moving,0.1,201,5578,166.50746268656715,17.728054485874267,5.70612568392163,2258,67.40298507462687,17.538646180137015,5.755595461284971
few_moving,0.1,202,5617,166.84158415841586,17.72884013653602,5.769849578381163,2270,67.42574257425743,17.538358460961327,5.731803597999763
few_moving,0.1,203,5627,166.3152709359606,17.728245285837424,5.728950244399841,2282,67.44827586206897,17.538286992467977,5.72376101308635
few_moving,0.1,204,5666,166.64705882352942,17.727885532216124,5.680284928657044,2294,67.47058823529412,17.538259333421916,5.724558991714391
few_moving,0.1,205,5676,166.1268292682927,17.72821926156368,5.711773483430565,2306,67.49268292682927,17.538345612855885,5.7285177976008494
few_moving,0.1,206,5717,166.51456310679615,17.728808639352955,5.745970376558269,2318,67.51456310679612,17.538385061800614,5.726724836373159
few_moving,0.1,207,5728,166.02898550724635,17.728436467854376,5.721852350659629,2330,67.53623188405797,17.538478518722133,5.732382937781765
few_moving,0.1,208,5769,166.41346153846152,17.728052432838368,5.6999643364527,2336,67.38461538461539,17.538605650961046,5.74476652282841
few_moving,0.1,209,5778,165.8755980861244,17.72803637634876,5.70336472697546,2343,67.26315789473685,17.538678341701882,5.750874561352498
few_moving,0.1,210,5818,166.22857142857143,17.72778753751612,5.661329152804513,2350,67.14285714285714,17.538804998385334,5.760591772680193
few_moving,0.1,211,5829,165.75355450236967,17.727819536549298,5.665595056561182,2359,67.08056872037915,17.53889668945693,5.765523744550476
few_moving,0.1,212,5872,166.18867924528303,17.72816007317104,5.707157609688435,2366,66.9622641509434,17.538994239069453,5.77353162701183
few_moving,0.1,213,5882,165.69014084507043,17.727983720120005,5.6926502697544175,2370,66.7605633802817,17.539026607907466,5.773524420968499
few_moving,0.1,214,5922,166.0373831775701,17.728082401274186,5.701608740242381,2378,66.67289719626169,17.538955793108382,5.770101601971154
few_moving,0.1,215,5933,165.5720930232558,17.728295215729947,5.71758333104764,2380,66.4186046511628,17.5390191291795,5.773260809088178
few_moving,0.1,216,5971,165.86111111111111,17.7280959336943,5.703721056001612,2382,66.16666666666666,17.539176998827564,5.786563342631799
few_moving,0.1,217,5983,165.42857142857142,17.727997336302842,5.692754455930725,2383,65.88940092165899,17.539971966393946,5.823476400198478
few_moving,0.1,218,6022,165.74311926605506,17.72827475857883,5.722694616892584,2383,65.58715596330276,17.54076840667973,5.854559015430129
few_moving,0.1,219,6032,165.26027397260276,17.728401598532756,5.73515697551534,2383,65.28767123287672,17.54150857517696,5.880113813167474
few_moving,0.1,220,6073,165.62727272727273,17.728514507178325,5.7448314148351125,2385,65.04545454545455,17.5421541085103,5.899493179281023
few_moving,0.1,221,6083,165.14932126696831,17.728627375847815,5.753446730480321,2388,64.83257918552037,17.542646803165567,5.910310419002772
few_moving,0.1,222,6123,165.48648648648646,17.728654998558092,5.764785575275755,2389,64.56756756756756,17.543014897603094,5.915501800433207
few_moving,0.1,223,6134,165.0403587443946,17.728540353078404,5.744912419245555,2394,64.41255605381166,17.542814937753974,5.90505871762224
few_moving,0.1,224,6173,165.34821428571428,17.72838340731425,5.741503746557744,2399,64.25892857142857,17.54297609498397,5.904102069262747
few_moving,0.1,225,6183,164.88,17.728334363161032,5.740645120014177,2404,64.10666666666667,17.542726654062502,5.903204098611833
few_moving,0.1,226,6224,165.23893805309734,17.728304638051647,5.739672058681084,2410,63.982300884955755,17.543821834952187,5.927780556694429
few_moving,0.1,227,6236,164.82819383259914,17.72837556286181,5.741154964953451,2422,64.01762114537445,17.543345874258122,5.908525275823418
few_moving,0.1,228,6275,165.13157894736844,17.72922943925905,5.7738533085390795,2433,64.02631578947368,17.542488928384593,5.875874247819825
few_moving,0.1,229,6283,164.62008733624452,17.728494258959564,5.740795305351442,2450,64.19213973799127,17.541852591789056,5.845940165765393
few_moving,0.1,230,6323,164.9478260869565,17.728303041778034,5.727013665992314,2457,64.09565217391304,17.541685150432645,5.844330882287896
few_moving,0.1,231,6332,164.46753246753246,17.728330739429904,5.721156369898646,2464,64,17.541670338316294,5.8471955707635495
few_moving,0.1,232,6373,164.81896551724137,17.72840848279318,5.729437695001751,2470,63.87931034482759,17.54135626019257,5.847027082408185
few_moving,0.1,233,6384,164.39484978540773,17.728072279261255,5.704658739866021,2476,63.75965665236051,17.541200111651044,5.84601038435552
few_moving,0.1,234,6425,164.74358974358975,17.7280560910905,5.7069138800126975,2486,63.743589743589745,17.541110595944524,5.841831119858929
few_moving,0.1,235,6436,164.32340425531916,17.728001020447074,5.702150368410193,2494,63.67659574468085,17.541056008301698,5.834839859928057
few_moving,0.1,236,6478,164.6949152542373,17.72794949659663,5.6906629817861685,2503,63.63559322033899,17.541070197109217,5.836415114070721
few_moving,0.1,237,6490,164.30379746835442,17.72783869649567,5.6730283503762475,2510,63.54430379746835,17.541105237556092,5.837013307163405
few_moving,0.1,238,6532,164.67226890756302,17.727871280209392,5.679721277406879,2516,63.42857142857142,17.54109201478184,5.830946283423188
few_moving,0.1,239,6540,164.18410041841003,17.72785941457845,5.674778984814894,2522,63.313807531380746,17.541145431086843,5.831483461429853
few_moving,0.1,240,6581,164.525,17.727839294969645,5.669609722992698,2528,63.2,17.541216726137264,5.835581139700354
few_moving,0.1,241,6589,164.04149377593362,17.72781386966206,5.663036721904295,2536,63.136929460580916,17.54119127518676,5.831880513225888
few_moving,0.1,242,6631,164.40495867768595,17.727877879851743,5.679148193064124,2545,63.09917355371901,17.540534396833372,5.817950102829924
few_moving,0.1,243,6641,163.97530864197532,17.727903915846447,5.686706707081539,2545,62.839506172839506,17.540166724332714,5.81471426524938
few_moving,0.1,244,6681,164.28688524590166,17.728111095023994,5.712833061601829,2553,62.77868852459017,17.53954461509826,5.794617834853632
few_moving,0.1,245,6692,163.8857142857143,17.72808433914297,5.714937853383739,2553,62.52244897959184,17.53926422522058,5.781929395204027
few_moving,0.1,246,6732,164.19512195121953,17.728171773038003,5.72595075695345,2555,62.31707317073171,17.539178618537328,5.776687269099836
few_moving,0.1,247,6742,163.77327935222675,17.728130601920093,5.716706975117203,2556,62.089068825910935,17.53917571573397,5.782964433714737
few_moving,0.1,248,6783,164.10483870967738,17.72824748396039,5.72651899013943,2556,61.838709677419345,17.539415744601072,5.79674704027775
few_moving,0.1,249,6791,163.63855421686745,17.728202860904613,5.708122135362663,2562,61.73493975903614,17.53964763494002,5.80072360373145
few_moving,0.1,250,6832,163.968,17.728342910792023,5.7212706740267425,2571,61.704,17.53995014725582,5.805975935048707
few_moving,0.1,251,6842,163.55378486055778,17.728892719002303,5.763788309029743,2585,61.79282868525896,17.54006153890425,5.789074987847676
few_moving,0.1,252,6882,163.85714285714286,17.729337404122276,5.78418817633162,2599,61.88095238095237,17.540414070257118,5.797782712960003
few_moving,0.1,253,6893,163.47035573122528,17.72989277503102,5.814191260255974,2610,61.897233201581024,17.540718662291784,5.810935812088327
few_moving,0.1,254,6935,163.81889763779526,17.729861516016598,5.823091230091143,2621,61.91338582677166,17.54105489208641,5.827375696294147
few_moving,0.1,255,6944,163.38823529411764,17.72881669425769,5.7632206901846805,2633,61.95294117647059,17.541327107350778,5.83761461587893
few_moving,0.1,256,6986,163.734375,17.72836029023949,5.7262995479004015,2644,61.96874999999999,17.541487934957555,5.838982360286236
few_moving,0.1,257,6997,163.35408560311285,17.728422730074332,5.731931553311953,2653,61.937743190661486,17.54088625379306,5.824129781645794
few_moving,0.1,258,7039,163.69767441860466,17.72815239419068,5.71909632033192,2657,61.7906976744186,17.540513779059232,5.81755763092619
few_moving,0.1,259,7048,163.27413127413126,17.728088164289648,5.706775476145389,2665,61.73745173745174,17.53961947284717,5.79168509459325
few_moving,0.1,260,7085,163.5,17.72828372120935,5.733862485374177,2665,61.50000000000001,17.539073718550064,5.774369304706079
few_moving,0.1,261,7096,163.12643678160921,17.728403232486738,5.744506576939418,2667,61.310344827586206,17.538745630136155,5.762970012993135
few_moving,0.1,262,7136,163.4198473282443,17.72869436644753,5.765016015828863,2668,61.09923664122138,17.538675193680433,5.761843067714118
few_moving,0.1,263,7145,163.0038022813688,17.728319311224976,5.740761761401087,2668,60.866920152091254,17.538638037365004,5.76158891510486
few_moving,0.1,264,7186,163.3181818181818,17.72803440629318,5.705629919437856,2670,60.68181818181818,17.538620593758345,5.761775277613651
few_moving,0.1,265,7197,162.95094339622642,17.727940594466972,5.693550169281069,2670,60.45283018867924,17.538520402805123,5.754930516618493
few_moving,0.1,266,7237,163.2406015037594,17.72798685027509,5.697045238747284,2671,60.24812030075188,17.538456366874172,5.7498689292957685
few_moving,0.1,267,7249,162.89887640449436,17.728107119624163,5.6998278110759575,2672,60.04494382022472,17.538415453156418,5.746178408813697
few_moving,0.1,268,7290,163.2089552238806,17.728264840892532,5.721133835064377,2672,59.82089552238806,17.53838932392851,5.743594861670026
few_moving,0.1,269,7300,162.82527881040892,17.728248608654702,5.722830283603602,2672,59.59851301115241,17.538372645729275,5.74193942886532
few_moving,0.1,270,7342,163.15555555555557,17.728226782519236,5.722891268573429,2674,59.42222222222222,17.538352062865716,5.740419195754179
few_moving,0.1,271,7352,162.7749077490775,17.728098097549015,5.713762378064051,2676,59.24723247232473,17.538305710989658,5.739593880984181
few_moving,0.1,272,7393,163.08088235294116,17.728100421427584,5.7092512075404915,2681,59.13970588235295,17.538415648551215,5.746650435607244
few_moving,0.1,273,7404,162.72527472527472,17.728130850369674,5.709323662756593,2681,58.92307692307693,17.53838422194897,5.7434029405257245
few_moving,0.1,274,7445,163.029197080292,17.72817697420143,5.717862116432121,2689,58.88321167883211,17.53822927688847,5.735679874270934
few_moving,0.1,275,7455,162.65454545454546,17.728114214017126,5.711484368509004,2689,58.669090909090905,17.538305158748404,5.738805775352622
few_moving,0.1,276,7496,162.95652173913047,17.727920380013064,5.6811935485425575,2691,58.50000000000001,17.53849384634692,5.749739247348142
few_moving,0.1,277,7504,162.54151624548737,17.727820636347374,5.667121498701355,2692,58.31046931407943,17.538726746920766,5.765477761134159
few_moving,0.1,278,7544,162.82014388489208,17.727834654537638,5.673814634554818,2692,58.10071942446042,17.538965536346268,5.780674650008057
few_moving,0.1,279,7555,162.4731182795699,17.727910701711,5.685067920643672,2698,58.02150537634408,17.539257879318356,5.799321861783763
few_moving,0.1,280,7596,162.77142857142857,17.728007426906096,5.697429434679487,2703,57.92142857142857,17.53945398093448,5.810184590273666
few_moving,0.1,281,7607,162.4270462633452,17.72791235121034,5.68108214516098,2710,57.864768683274015,17.539529140578413,5.813664947707558
few_moving,0.1,282,7650,162.7659574468085,17.728177414604872,5.715206268641542,2717,57.80851063829787,17.539654494739313,5.819080548549715
few_moving,0.1,283,7660,162.40282685512366,17.727966343097727,5.6941347241396985,2731,57.901060070671384,17.539392927784824,5.812439753844721
few_moving,0.1,284,7701,162.69718309859155,17.727776165026896,5.655254592523097,2747,58.03521126760563,17.538505190846973,5.761630884647619
few_moving,0.1,285,7712,162.35789473684213,17.727840402295474,5.673618549028889,2762,58.147368421052626,17.538279422114243,5.74470263249317
few_moving,0.1,286,7754,162.67132867132867,17.728054272420707,5.707848506672086,2779,58.3006993006993,17.538039236243005,5.722029403053748
few_moving,0.1,287,7765,162.33449477351917,17.72806373713831,5.699141129703387,2800,58.53658536585366,17.538054253376078,5.717190045812082
few_moving,0.1,288,7807,162.64583333333334,17.728147762218267,5.718608679856458,2811,58.56250000000001,17.5377800414834,5.693997097446685
few_moving,0.1,289,7817,162.2906574394464,17.728004758297484,5.701383788950419,2824,58.62975778546713,17.53759222025638,5.6710013000241215
few_moving,0.1,290,7858,162.57931034482758,17.727996120948074,5.697463835480495,2824,58.42758620689655,17.53759668681097,5.683330589804223
few_moving,0.1,291,7868,162.22680412371133,17.727880651693408,5.6814241294255075,2826,58.26804123711341,17.537751865979498,5.704018759262196
few_moving,0.1,292,7907,162.47260273972606,17.72784051765341,5.670710173825553,2827,58.089041095890416,17.537768798228864,5.7038494647313005
few_moving,0.1,293,7917,162.12286689419795,17.72798451735461,5.694604244204379,2830,57.95221843003412,17.537765343676234,5.69893692073466
few_moving,0.1,294,7959,162.42857142857142,17.727944816072444,5.6883803602141825,2841,57.97959183673469,17.537750737033736,5.691617482289474
few_moving,0.1,295,7969,162.08135593220337,17.72805510766093,5.695072112390905,2848,57.925423728813556,17.537806275447974,5.69525485542095
few_moving,0.1,296,8011,162.38513513513513,17.72849329738777,5.719700664000432,2856,57.891891891891895,17.537871098820855,5.699374042725138
few_moving,0.1,297,8021,162.04040404040404,17.728106151916705,5.694614792989986,2863,57.83838383838384,17.537886163406924,5.6954531055733115
few_moving,0.1,298,8061,162.3020134228188,17.72813182724723,5.707408466712668,2870,57.785234899328856,17.537961260406927,5.704481400180052
few_moving,0.1,299,8071,161.9598662207358,17.728082143130777,5.705137733642922,2877,57.7324414715719,17.537978210792666,5.706414405379954
few_moving,0.1,300,8110,162.2,17.728191184319602,5.700941209974596,2881,57.620000000000005,17.538000037279172,5.712383236452632
few_moving,0.1,301,8121,161.88039867109634,17.727867280969466,5.675733210611556,2883,57.46843853820598,17.538040115022255,5.7188250889187
few_moving,0.1,302,8163,162.17880794701986,17.7277932367866,5.658013999948572,2888,57.37748344370861,17.53820160183355,5.736745567762971
few_moving,0.1,303,8173,161.84158415841583,17.727825287731065,5.668061137014211,2888,57.18811881188119,17.53834080131003,5.747973247551317
few_moving,0.1,304,8214,162.1184210526316,17.72783753739287,5.673877096142248,2895,57.13815789473684,17.538142035626095,5.727093302116023
few_moving,0.1,305,8225,161.80327868852459,17.727977116312086,5.69717274799408,2895,56.95081967213115,17.538188087430107,5.721919475117849
few_moving,0.1,306,8267,162.0980392156863,17.72816410552254,5.714888213625008,2897,56.80392156862745,17.538356404711006,5.734077743983118
few_moving,0.1,307,8279,161.80456026058633,17.727959161741897,5.696420546003614,2898,56.6384364820847,17.538284855960377,5.729857639545663
few_moving,0.1,308,8320,162.07792207792207,17.72789860387771,5.680404952031916,2903,56.55194805194805,17.538291025071064,5.731145381084638
few_moving,0.1,309,8330,161.74757281553397,17.727841437480446,5.663903835457991,2909,56.485436893203875,17.538386240275692,5.741904340678651
few_moving,0.1,310,8371,162.01935483870966,17.727880056183402,5.6738266254785845,2915,56.41935483870967,17.538455641603267,5.739968766527097
few_moving,0.1,311,8381,161.69131832797427,17.727968747112634,5.690146537952646,2922,56.372990353697745,17.538565586999624,5.745844772295326
few_moving,0.1,312,8423,161.98076923076923,17.728275613101964,5.7263988241457175,2929,56.32692307692307,17.538682843684214,5.7506407515169204
few_moving,0.1,313,8433,161.6549520766773,17.727877147436136,5.679794631510716,2935,56.26198083067092,17.5387750666017,5.754901766691626
few_moving,0.1,314,8475,161.94267515923568,17.727839207222647,5.674051520865983,2943,56.23566878980892,17.538933019861222,5.765835830202232
few_moving,0.1,315,8486,161.63809523809525,17.727875081742923,5.681868691232967,2945,56.095238095238095,17.53895360903193,5.7661891628819575
few_moving,0.1,316,8528,161.9240506329114,17.72799180882638,5.698904130615125,2947,55.95569620253164,17.53898103276913,5.766862621351446
few_moving,0.1,317,8539,161.62145110410094,17.72802222430589,5.691770143880203,2952,55.873817034700316,17.538762581705754,5.750907472762476
few_moving,0.1,318,8581,161.9056603773585,17.727884919837532,5.676982672548553,2952,55.698113207547166,17.53865533945463,5.741645388766154
few_moving,0.1,319,8591,161.58620689655174,17.727899445023205,5.681980936903676,2960,55.67398119122257,17.538155478419867,5.71277146855422
few_moving,0.1,320,8630,161.8125,17.727911455931224,5.684565331424573,2960,55.5,17.537862579462026,5.692776853308534
few_moving,0.1,321,8641,161.5140186915888,17.728017058823063,5.699351145151954,2962,55.36448598130841,17.53769672422861,5.67899416491222
few_moving,0.1,322,8684,161.8136645962733,17.72818722589729,5.724409835574725,2963,55.21118012422361,17.53754564187927,5.667057264547249
few_moving,0.1,323,8694,161.4984520123839,17.727960859697923,5.694973618176023,2963,55.040247678018574,17.5374907356628,5.661688876572992
few_moving,0.1,324,8736,161.77777777777777,17.728014708198728,5.694907192165548,2970,54.99999999999999,17.537499571821215,5.661579585397998
few_moving,0.1,325,8746,161.46461538461537,17.728235799331962,5.721599416190884,2980,55.01538461538461,17.53757098896744,5.668936657165661
few_moving,0.1,326,8786,161.70552147239263,17.72839803027239,5.734840772392795,2997,55.15950920245398,17.53762147822487,5.679442691117857
few_moving,0.1,327,8795,161.3761467889908,17.72811785097987,5.707307324558502,3013,55.28440366972477,17.537679244580378,5.686904850675978
few_moving,0.1,328,8837,161.65243902439025,17.72804127861784,5.70851326372795,3028,55.390243902439025,17.53760230805536,5.679484250977732
few_moving,0.1,329,8847,161.34346504559272,17.727914810762474,5.687432689529748,3048,55.58662613981763,17.537575307726456,5.676425995494815
few_moving,0.1,330,8889,161.61818181818182,17.72794921682005,5.692773239604793,3062,55.67272727272727,17.53726171889694,5.638117719300559
few_moving,0.1,331,8900,161.32930513595167,17.728048969926718,5.709547590011225,3070,55.64954682779456,17.53725106674123,5.635123436557764
few_moving,0.1,332,8942,161.60240963855424,17.727981854974143,5.701331316464877,3078,55.626506024096386,17.53734660718778,5.646166155842346
few_moving,0.1,333,8953,161.3153153153153,17.727816311477348,5.669026611450354,3078,55.45945945945947,17.537462425974233,5.657221771280715
few_moving,0.1,334,8993,161.55089820359282,17.727861132952196,5.66589454082754,3083,55.383233532934135,17.537393812217346,5.653842243918605
few_moving,0.1,335,9001,161.21194029850747,17.727893290276388,5.683095456222313,3083,55.2179104477612,17.537407898855623,5.658325537118711
few_moving,0.1,336,9043,161.48214285714286,17.72809300401689,5.710335666867977,3083,55.05357142857143,17.537463496898223,5.665050983997822
few_moving,0.1,337,9053,161.18100890207717,17.72791136827672,5.682674045247299,3084,54.9080118694362,17.53753643872739,5.672731422924728
few_moving,0.1,338,9095,161.44970414201183,17.727869148697746,5.677749010704305,3084,54.745562130177504,17.53761305608621,5.680304475891858
few_moving,0.1,339,9104,161.13274336283183,17.72791281873396,5.684290860340344,3084,54.58407079646017,17.537686062972092,5.6871382722270045
few_moving,0.1,340,9141,161.31176470588235,17.728073112881244,5.7004324311865595,3084,54.4235294117647,17.537751977090966,5.69300914444188
few_moving,0.1,341,9151,161.01466275659823,17.728589507244013,5.750402142821178,3085,54.28152492668622,17.53780952016834,5.697919464372954
few_moving,0.1,342,9193,161.28070175438594,17.729288798688383,5.7900645576421415,3086,54.140350877192986,17.537858637373315,5.7019645118920055
few_moving,0.1,343,9203,160.98542274052477,17.728540547531118,5.742906112582753,3086,53.98250728862974,17.53789990572889,5.705266536018363
few_moving,0.1,344,9245,161.25,17.728237864075115,5.7146899119523376,3090,53.895348837209305,17.5379364764228,5.708288303016987
few_moving,0.1,345,9255,160.95652173913044,17.72830071424559,5.727253866570167,3093,53.79130434782609,17.537917771204743,5.705120526371686
few_moving,0.1,346,9295,161.1849710982659,17.728169612269593,5.712661043432165,3097,53.705202312138724,17.537942827172238,5.705701070884521
few_moving,0.1,347,9307,160.92795389048993,17.728095401183307,5.705241770151661,3102,53.636887608069166,17.537825361952834,5.696407011750071
few_moving,0.1,348,9344,161.10344827586206,17.727912959498358,5.684997901849772,3102,53.48275862068966,17.537761851662342,5.692113769568347
few_moving,0.1,349,9353,160.79656160458453,17.727915520441854,5.684475271194379,3107,53.41547277936963,17.537767201194907,5.697853568064941
few_moving,0.1,350,9395,161.05714285714288,17.72820092339341,5.712482129936481,3107,53.26285714285714,17.537891795831875,5.712878459666065
few_moving,0.1,351,9405,160.76923076923077,17.728488120917223,5.734022028490423,3107,53.111111111111114,17.538068043483825,5.72710439310901
few_moving,0.1,352,9447,161.02840909090912,17.728276349620533,5.721589282400478,3108,52.977272727272734,17.538257825287847,5.739215539185727
few_moving,0.1,353,9456,160.72521246458922,17.728011626825307,5.692656755519819,3111,52.87818696883853,17.538468609062843,5.751080971604799
few_moving,0.1,354,9496,160.94915254237287,17.72786861729174,5.673405229075366,3118,52.847457627118644,17.53850665910618,5.749039386809971
few_moving,0.1,355,9506,160.66478873239436,17.727796535002348,5.658537928810296,3124,52.79999999999999,17.5385274312444,5.7460235499914525
few_moving,0.1,356,9546,160.8876404494382,17.727888866096503,5.681679459530917,3132,52.78651685393258,17.53860214251088,5.747169356129009
few_moving,0.1,357,9558,160.63865546218486,17.72791265930307,5.681637642905179,3140,52.773109243697476,17.538581334071583,5.736848867110708
few_moving,0.1,358,9599,160.87709497206703,17.72817029272864,5.715706010303611,3147,52.74301675977653,17.53866196516354,5.741813484540386
few_moving,0.1,359,9609,160.59610027855152,17.72805556101443,5.704529192695893,3154,52.71309192200557,17.538771813439954,5.748649803919247
few_moving,0.1,360,9650,160.83333333333334,17.72790221152562,5.68164341879853,3161,52.68333333333334,17.53871960974078,5.740886958700082
few_moving,0.1,361,9660,160.55401662049863,17.72785280313442,5.673712814506439,3165,52.60387811634349,17.538722471145213,5.73633565038558
few_moving,0.1,362,9702,160.80662983425415,17.727804584045128,5.665583183729425,3170,52.5414364640884,17.538376120259468,5.72055903459683
few_moving,0.1,363,9713,160.54545454545453,17.727805358038797,5.668716095286081,3170,52.396694214876035,17.538150790646803,5.709922349376716
few_moving,0.1,364,9755,160.7967032967033,17.72790522411059,5.6861586898779,3175,52.33516483516484,17.53803530190173,5.710750178924376
few_moving,0.1,365,9763,160.48767123287672,17.728238841124494,5.7239221856829126,3175,52.19178082191781,17.5380111592589,5.7156482718147466
few_moving,0.1,366,9803,160.70491803278688,17.72845928352688,5.747787173872114,3179,52.114754098360656,17.538036955612473,5.721119730361965
few_moving,0.1,367,9815,160.4632152588556,17.72832331034643,5.734285508023225,3186,52.08719346049047,17.538053807839876,5.722685089701253
few_moving,0.1,368,9857,160.71195652173913,17.728364782899074,5.745419537882326,3191,52.02717391304348,17.538036055365925,5.718380551563193
few_moving,0.1,369,9868,160.4552845528455,17.728039642452103,5.703643883307548,3203,52.08130081300813,17.537994096039572,5.7078687476772085
few_moving,0.1,370,9909,160.68648648648647,17.72797794261775,5.696493980156877,3216,52.15135135135135,17.53800387981452,5.698527115688373
few_moving,0.1,371,9919,160.41509433962264,17.727955163711563,5.6950749545066275,3231,52.2533692722372,17.538047156425154,5.708728751282905
few_moving,0.1,372,9960,160.64516129032256,17.72814585367853,5.716694759218731,3247,52.37096774193548,17.538185018287322,5.719005427263061
few_moving,0.1,373,9969,160.3592493297587,17.728551631389145,5.743451046117932,3262,52.47184986595174,17.53798094196157,5.689820439188925
few_moving,0.1,374,10010,160.58823529411765,17.728909006430523,5.760847108123689,3276,52.55614973262033,17.53796381044432,5.6937168772604405
few_moving,0.1,375,10020,160.32,17.728531793106555,5.737515079391346,3289,52.623999999999995,17.538172561098996,5.71484515334356
few_moving,0.1,376,10062,160.56382978723406,17.728258181788956,5.72291718616897,3295,52.579787234042556,17.538336281762994,5.735429036185615
few_moving,0.1,377,10072,160.29708222811672,17.72832981823344,5.73735145938494,3302,52.55172413793103,17.53849355536417,5.751468298778802
few_moving,0.1,378,10114,160.53968253968253,17.728578243449302,5.763953743037318,3303,52.42857142857143,17.538484074905742,5.751869747531876
few_moving,0.1,379,10125,160.29023746701847,17.7281362492041,5.719563761374522,3308,52.36939313984169,17.538492854962318,5.756788455916927
few_moving,0.1,380,10166,160.5157894736842,17.727949946351632,5.691045551177715,3308,52.231578947368426,17.538582285133213,5.763246455934708
few_moving,0.1,381,10175,160.23622047244095,17.727934666200476,5.680145276373183,3308,52.094488188976385,17.538706521820377,5.769996960425552
few_moving,0.1,382,10217,160.47643979057594,17.727935287626718,5.683832222109158,3309,51.973821989528794,17.53883961069137,5.776526193664369
few_moving,0.1,383,10226,160.19843342036552,17.727904079546672,5.679618140872548,3315,51.932114882506525,17.538904742612168,5.775145756024372
few_moving,0.1,384,10267,160.421875,17.728019029149614,5.701437706908174,3327,51.98437499999999,17.538843419292576,5.773155674190496
few_moving,0.1,385,10276,160.14545454545453,17.727986268527076,5.694336160886037,3339,52.03636363636363,17.538731370315254,5.761206024459757
few_moving,0.1,386,10314,160.32124352331607,17.72805916914107,5.698077382644502,3352,52.103626943005175,17.538970855326426,5.774103063722606
few_moving,0.1,387,10325,160.07751937984494,17.727944251479922,5.686603397348832,3365,52.17054263565891,17.538845362452246,5.76295635727801
few_moving,0.1,388,10367,160.31443298969072,17.72794503196647,5.688437085645809,3379,52.25257731958762,17.538590974496636,5.74064681878004
few_moving,0.1,389,10377,160.05655526992288,17.727951582297745,5.692879309614581,3390,52.2879177377892,17.538232503960824,5.722532785626219
few_moving,0.1,390,10417,160.26153846153846,17.72802995552505,5.703341329231718,3399,52.29230769230769,17.538353068571528,5.717696080706107
few_moving,0.1,391,10427,160.00511508951408,17.728002469714514,5.699455795554359,3401,52.18925831202046,17.53850681479253,5.7214769361708795
few_moving,0.1,392,10468,160.22448979591837,17.728040124778335,5.705561708614891,3406,52.132653061224495,17.538471679385477,5.724895449336413
few_moving,0.1,393,10479,159.9847328244275,17.72813328440212,5.7198013812572475,3406,52.00000000000001,17.5384046188573,5.729350944635346
few_moving,0.1,394,10520,160.2030456852792,17.728572798576124,5.74834808120219,3408,51.89847715736041,17.538115895682363,5.719084670937296
few_moving,0.1,395,10531,159.9645569620253,17.72832434617797,5.729407925641317,3415,51.87341772151899,17.537891564779024,5.701441834608813
few_moving,0.1,396,10571,160.16666666666666,17.72841687564887,5.738311559043925,3422,51.84848484848485,17.53785095571276,5.69800524202836
few_moving,0.1,397,10582,159.9294710327456,17.728419545956033,5.745937678181802,3430,51.83879093198993,17.537809575741576,5.691299485506649
few_moving,0.1,398,10622,160.13065326633165,17.728463824186086,5.752684979629463,3436,51.798994974874375,17.53783266224027,5.688346485580427
few_moving,0.1,399,10633,159.89473684210526,17.728360387600365,5.747230839412964,3443,51.774436090225564,17.538058731188936,5.697522242768438
few_moving,0.1,400,10673,160.095,17.728338534443576,5.744996114596158,3450,51.75,17.5381075475095,5.698331948703298
few_moving,0.1,401,10682,159.83042394014961,17.728359418929752,5.741750427045931,3458,51.74064837905237,17.538026620992483,5.693031613774551
few_moving,0.1,402,10721,160.0149253731343,17.728198909309338,5.725789236851398,3466,51.73134328358209,17.538114490679675,5.6997252987661415
few_moving,0.1,403,10730,159.7518610421836,17.72804037698708,5.706107076810879,3468,51.63275434243176,17.538103874783932,5.697412957396913
few_moving,0.1,404,10772,159.98019801980197,17.72808135456204,5.710902731930015,3473,51.57920792079208,17.53802032313957,5.694258256848765
few_moving,0.1,405,10781,159.7185185185185,17.727979170833855,5.689613355523615,3475,51.48148148148148,17.537860810268036,5.686935350048918
few_moving,0.1,406,10821,159.91625615763544,17.72786104821354,5.677398123964858,3477,51.38423645320197,17.537815804670167,5.68594902919523
few_moving,0.1,407,10832,159.6855036855037,17.728001988030044,5.696891736199948,3482,51.33169533169533,17.537835271666932,5.686561281590764
few_moving,0.1,408,10872,159.8823529411765,17.727903838437406,5.677412741317304,3482,51.205882352941174,17.537577577933003,5.667576784281966
few_moving,0.1,409,10883,159.65281173594133,17.727922479600984,5.690392154185035,3484,51.11002444987775,17.537613622972057,5.676351984152984
few_moving,0.1,410,10924,159.86341463414635,17.72793744283632,5.694623414652889,3484,50.985365853658536,17.53780977453188,5.693210770899128
few_moving,0.1,411,10933,159.6058394160584,17.728191215404962,5.72517172044177,3490,50.948905109489054,17.538046030583967,5.7047575826839765
few_moving,0.1,412,10975,159.83009708737865,17.728204118033386,5.725244020842822,3497,50.92718446601942,17.53824035803811,5.715111966430516
few_moving,0.1,413,10985,159.58837772397092,17.728301344270257,5.741368335729445,3503,50.8910411622276,17.538458653383262,5.728512862712395
few_moving,0.1,414,11024,159.768115942029,17.72838324941059,5.748753110087455,3509,50.85507246376811,17.53856102304225,5.732864018513137
few_moving,0.1,415,11033,159.51325301204818,17.727910350055687,5.688187141827986,3515,50.81927710843373,17.538757007662387,5.741294570376419
few_moving,0.1,416,11074,159.72115384615387,17.727866566881332,5.678526918361379,3521,50.78365384615385,17.538958311952026,5.747006339581112
few_moving,0.1,417,11085,159.49640287769785,17.727928915664915,5.690164814399834,3531,50.805755395683455,17.539089375234493,5.752617423620044
few_moving,0.1,418,11124,159.67464114832538,17.7278824781519,5.679570820668008,3533,50.71291866028708,17.539112443592497,5.75053282858222
few_moving,0.1,419,11134,159.436754176611,17.72780752530006,5.664482675284906,3538,50.66348448687351,17.539106894592702,5.7454054568176955
few_moving,0.1,420,11174,159.62857142857143,17.727765609705614,5.6534638630374925,3538,50.542857142857144,17.539167940391145,5.7491507477644
few_moving,0.1,421,11183,159.37767220902612,17.727866074588466,5.677399223955863,3540,50.451306413301666,17.539239620582812,5.753712300898594
few_moving,0.1,422,11223,159.56872037914692,17.727962726005423,5.690854419884468,3545,50.40284360189573,17.539104388209633,5.7494236193546016
few_moving,0.1,423,11233,159.33333333333334,17.727995372292806,5.6972690634816425,3549,50.34042553191489,17.538776329274928,5.73455177888029
few_moving,0.1,424,11274,159.53773584905662,17.72813337142345,5.723865195016761,3556,50.320754716981135,17.538300345097678,5.716121261136348
few_moving,0.1,425,11284,159.3035294117647,17.72823195985359,5.731467904180464,3562,50.287058823529414,17.53806968091723,5.708140654330789
few_moving,0.1,426,11325,159.50704225352112,17.72832132735031,5.7409715688779,3572,50.309859154929576,17.537908556582863,5.6971839196647585
few_moving,0.1,427,11336,159.28805620608898,17.728193198207897,5.722482371112007,3585,50.37470725995316,17.537887690325164,5.696852998962582
few_moving,0.1,428,11378,159.50467289719626,17.728350112792413,5.732802024122995,3597,50.42523364485981,17.53798854641685,5.712874899629762
few_moving,0.1,429,11388,159.27272727272725,17.7280836116402,5.702310724999575,3608,50.46153846153846,17.537938889726643,5.705625812596031
few_moving,0.1,430,11425,159.41860465116278,17.728182411573368,5.716481793966496,3619,50.497674418604646,17.53798405534476,5.708293477886832
few_moving,0.1,431,11435,159.1879350348028,17.728309318949368,5.726482695951562,3628,50.50580046403712,17.53804537999354,5.705622799101792
few_moving,0.1,432,11476,159.38888888888889,17.728300620610362,5.727717650891388,3639,50.541666666666664,17.538025247533163,5.699474168420763
few_moving,0.1,433,11487,159.1732101616628,17.728343499329966,5.734549341062576,3641,50.4526558891455,17.538032743600553,5.698385158050973
few_moving,0.1,434,11529,159.38709677419357,17.728163910024396,5.724353783173824,3646,50.40552995391705,17.538247152487912,5.707318989962818
few_moving,0.1,435,11539,159.15862068965518,17.72800821662864,5.698874743447205,3646,50.289655172413795,17.538481037047262,5.720422891608771
few_moving,0.1,436,11581,159.37155963302752,17.728158968568973,5.715542187037992,3648,50.201834862385326,17.538735327468746,5.732852766601219
few_moving,0.1,437,11589,159.11670480549202,17.727970089152688,5.689639094164611,3651,50.12814645308925,17.539055348475888,5.750255748418904
few_moving,0.1,438,11629,159.30136986301372,17.727957673697627,5.688347598858149,3651,50.01369863013699,17.539377004737172,5.762690473748171
few_moving,0.1,439,11640,159.08883826879273,17.72783620201109,5.67230758783248,3653,49.92710706150342,17.539759064224516,5.782298977411408
few_moving,0.1,440,11682,159.3,17.727857761914446,5.676679731169165,3653,49.81363636363637,17.540226853749857,5.806065975291494
few_moving,0.1,441,11692,159.0748299319728,17.727943358091647,5.68575833838322,3653,49.70068027210885,17.540704827764717,5.826982477049826
few_moving,0.1,442,11732,159.25791855203622,17.72802188195779,5.70019900590654,3654,49.60180995475113,17.541153586362228,5.844456176624051
few_moving,0.1,443,11743,159.0474040632054,17.72803089498569,5.699447780913546,3654,49.48984198645598,17.54155506750053,5.8588076426044005
few_moving,0.1,444,11784,159.24324324324326,17.728377856093026,5.730617888755117,3654,49.37837837837837,17.54190343136389,5.8704951008664
few_moving,0.1,445,11793,159.0067415730337,17.728427734241542,5.734045926841375,3656,49.294382022471915,17.54219213792656,5.87882288722942
few_moving,0.1,446,11835,159.2152466367713,17.728293989389076,5.723560559277665,3657,49.19730941704036,17.542449760235986,5.88473962732188
few_moving,0.1,447,11846,159.00671140939596,17.728306510982552,5.7266256826476205,3665,49.19463087248322,17.542578415618326,5.887171956171606
few_moving,0.1,448,11885,159.17410714285714,17.728356433322272,5.736376565730079,3665,49.08482142857143,17.542694981859682,5.888449528381908
few_moving,0.1,449,11894,158.93986636971047,17.728130865092066,5.712504254864519,3670,49.042316258351896,17.54253971600306,5.8837156171768275
few_moving,0.1,450,11936,159.14666666666665,17.727885580321175,5.6814091020060316,3670,48.93333333333333,17.542392650952063,5.876308788146275
few_moving,0.1,451,11947,158.940133037694,17.727935154390913,5.680681805309134,3672,48.851441241685144,17.542336254885164,5.876014101469852
few_moving,0.1,452,11990,159.15929203539824,17.728104841159997,5.704766532364562,3675,48.783185840707965,17.54164106217916,5.859702630522483
few_moving,0.1,453,11998,158.91390728476821,17.728484972272863,5.740954535762577,3678,48.71523178807947,17.541045762939266,5.846423156189158
few_moving,0.1,454,12039,159.10572687224672,17.728580486122897,5.745568929187015,3687,48.72687224669603,17.54055356853066,5.8278775179324525
few_moving,0.1,455,12049,158.8879120879121,17.72831817946262,5.719714517304912,3694,48.71208791208791,17.540144158882054,5.810045566435123
few_moving,0.1,456,12090,159.07894736842107,17.728364595560674,5.733501895437678,3701,48.69736842105264,17.539918797782086,5.799309048565502
few_moving,0.1,457,12100,158.8621444201313,17.728160098582602,5.714916606498044,3709,48.695842450765866,17.539763899768943,5.787209863540653
few_moving,0.1,458,12141,159.05240174672488,17.72808192458922,5.709242418115542,3716,48.68122270742358,17.539719527498153,5.78495659003457
few_moving,0.1,459,12151,158.8366013071895,17.727924793892903,5.684115111945107,3723,48.666666666666664,17.539703100330364,5.785739192351687
few_moving,0.1,460,12191,159.01304347826084,17.727929226138183,5.692373999227527,3729,48.6391304347826,17.539648503084596,5.782087276150474
few_moving,0.1,461,12202,158.81127982646422,17.727899029514166,5.682792893188395,3730,48.546637744034705,17.539666119071693,5.785313466039495
few_moving,0.1,462,12244,159.01298701298703,17.72799130951029,5.696118572317733,3738,48.54545454545455,17.539457889841618,5.760865092863756
few_moving,0.1,463,12254,158.79913606911447,17.72828678085672,5.724453336918516,3738,48.44060475161987,17.53934806274587,5.7476988724160725
few_moving,0.1,464,12295,158.98706896551724,17.72825337171853,5.718677748157889,3740,48.36206896551724,17.539355563713443,5.7495925746363765
few_moving,0.1,465,12305,158.7741935483871,17.72793520775353,5.688459237763339,3740,48.25806451612903,17.539459573751202,5.761357809106445
few_moving,0.1,466,12346,158.96137339055792,17.727910484701084,5.683930636481417,3742,48.18025751072961,17.53960548943264,5.776412384064914
few_moving,0.1,467,12357,158.76231263383298,17.727820068404863,5.662350718232821,3750,48.179871520342616,17.539570990468025,5.776592692960949
few_moving,0.1,468,12397,158.93589743589746,17.727863821091287,5.673263483820305,3756,48.15384615384616,17.539474560498274,5.777331808781215
few_moving,0.1,469,12408,158.73773987206823,17.728043128981962,5.692564988101514,3763,48.1407249466951,17.539323324951074,5.768136686624347
few_moving,0.1,470,12448,158.91063829787234,17.72824465840363,5.714519097471798,3769,48.11489361702127,17.53924647030782,5.765850093942907
few_moving,0.1,471,12459,158.71337579617835,17.72814565000713,5.711458906789181,3775,48.089171974522294,17.5391583679952,5.750515294499667
few_moving,0.1,472,12501,158.91101694915253,17.72815901585154,5.713371751034992,3782,48.07627118644068,17.539154221722928,5.753577115086964
few_moving,0.1,473,12511,158.70190274841437,17.7280153279897,5.698471633138965,3788,48.0507399577167,17.539129119194218,5.749062221487106
few_moving,0.1,474,12551,158.87341772151896,17.728223938015947,5.710457189481809,3790,47.974683544303794,17.539146951113683,5.756060046549644
few_moving,0.1,475,12561,158.6652631578947,17.728312528448864,5.729887336804379,3792,47.89894736842105,17.539150274559326,5.757956801399162
few_moving,0.1,476,12601,158.83613445378148,17.728410175997492,5.739906594396238,3793,47.8109243697479,17.53919581818147,5.767693832240019
few_moving,0.1,477,12612,158.64150943396226,17.72801509145852,5.702972155590549,3799,47.78616352201257,17.539251788854298,5.776616903434339
few_moving,0.1,478,12654,158.83682008368203,17.727927971784244,5.691017092463342,3799,47.68619246861925,17.539260586346817,5.776145403458401
few_moving,0.1,479,12664,158.6304801670146,17.7278845863719,5.684225496592296,3801,47.611691022964514,17.53892912520832,5.764038384261847
few_moving,0.1,480,12703,158.7875,17.727847858936578,5.670767090989621,3801,47.5125,17.538740764771966,5.755230043493031
few_moving,0.1,481,12712,158.56964656964655,17.7278967460167,5.682232963537135,3803,47.438669438669436,17.538639239073472,5.749198115597093
few_moving,0.1,482,12754,158.76348547717845,17.72800099337575,5.693622859502436,3806,47.37759336099585,17.53854873870073,5.743891944995302
few_moving,0.1,483,12764,158.55900621118013,17.72815335212407,5.702097845867423,3810,47.32919254658385,17.538489523970235,5.73604582638384
few_moving,0.1,484,12806,158.75206611570246,17.728138127002826,5.704334440285187,3818,47.3305785123967,17.53808707966589,5.70848426497324
few_moving,0.1,485,12815,158.5360824742268,17.72795316052084,5.6897055048814416,3824,47.307216494845356,17.537857440784375,5.688164766841582
few_moving,0.1,486,12855,158.70370370370372,17.72791342956098,5.689001436364343,3830,47.28395061728395,17.53778789126057,5.6747821537049346
few_moving,0.1,487,12865,158.50102669404515,17.727791687324693,5.664012421490896,3837,47.27310061601642,17.537852147426786,5.679931993941257
few_moving,0.1,488,12904,158.65573770491807,17.727919675810924,5.6885236627125515,3845,47.27459016393443,17.537863677319336,5.686517337583606
few_moving,0.1,489,12911,158.41717791411043,17.727867479352554,5.680145777478765,3852,47.26380368098159,17.53787954784749,5.695157494435117
few_moving,0.1,490,12953,158.60816326530613,17.727797988892483,5.66452743052428,3857,47.22857142857143,17.53783798726398,5.700500503490604
few_moving,0.1,491,12964,158.4195519348269,17.72793265024619,5.691612734008872,3859,47.156822810590626,17.537721446015283,5.6943437160826225
few_moving,0.1,492,13005,158.59756097560978,17.727998172621433,5.704480273319553,3865,47.13414634146342,17.537626978362116,5.679288235282762
few_moving,0.1,493,13015,158.3975659229209,17.7280278236178,5.704934294941867,3865,47.038539553752535,17.53761834827963,5.672503090818008
few_moving,0.1,494,13056,158.57489878542512,17.72812222903338,5.718639731093421,3868,46.979757085020246,17.537647761664708,5.680994665972689
few_moving,0.1,495,13066,158.37575757575758,17.72801483167287,5.704606027211522,3868,46.88484848484848,17.5377368503399,5.6915801911907336
few_moving,0.1,496,13106,158.54032258064512,17.728051888534594,5.7024580552750255,3870,46.814516129032256,17.537850080195597,5.701933090672276
few_moving,0.1,497,13115,158.32997987927567,17.727910201493888,5.683616396079891,3873,46.756539235412475,17.537847183011994,5.701698488410537
few_moving,0.1,498,13156,158.50602409638552,17.727907545772645,5.686022197783479,3873,46.662650602409634,17.537855925558418,5.700992772373497
few_moving,0.1,499,13166,158.30861723446893,17.72785907367138,5.677751053329389,3875,46.59318637274549,17.53783562703524,5.6964065464459015
few_moving,0.1,500,13207,158.48399999999998,17.728062543577913,5.706337543594722,3875,46.5,17.53786916491465,5.695499914735403
few_moving,0.1,501,13218,158.2994011976048,17.727884720978246,5.675226982624616,3875,46.40718562874252,17.53792784838195,5.696390362205655
few_moving,0.1,502,13259,158.47410358565736,17.72812489488051,5.707264858245756,3876,46.32669322709163,17.537995179054185,5.6982023888339395
few_moving,0.1,503,13270,158.2902584493042,17.72787110804149,5.674982777586041,3878,46.25844930417495,17.537981001319732,5.697953319675997
few_moving,0.1,504,13309,158.4404761904762,17.727944509979206,5.6922095982559435,3880,46.19047619047619,17.537998211227595,5.701557389812335
few_moving,0.1,505,13320,158.25742574257427,17.72786022667902,5.678300847921052,3882,46.122772277227725,17.538050840143974,5.707788749255293
few_moving,0.1,506,13361,158.4308300395257,17.727946626722407,5.690580766678056,3883,46.04347826086956,17.53790955116145,5.701475172481837
few_moving,0.1,507,13373,158.2603550295858,17.727934145415013,5.694035778871537,3889,46.023668639053255,17.537662690832676,5.682549212211339
few_moving,0.1,508,13415,158.44488188976376,17.728065150933105,5.707937075286482,3889,45.933070866141726,17.537491903756,5.664648075922658
few_moving,0.1,509,13425,158.2514734774067,17.728361282686155,5.73876607580933,3892,45.87819253438114,17.537465937832717,5.6601229163622415
few_moving,0.1,510,13466,158.4235294117647,17.728569304876153,5.752937458771489,3892,45.78823529411765,17.537516002625054,5.6639138655408665
few_moving,0.1,511,13474,158.20743639921722,17.72823098497654,5.721747475071255,3899,45.78082191780821,17.537608063841578,5.670178509869919
few_moving,0.1,512,13517,158.40234375,17.728051003676875,5.703608189674716,3907,45.78515625,17.537488018831823,5.667646011926178
few_moving,0.1,513,13526,158.1988304093567,17.728031157283297,5.701837136008648,3914,45.77777777777777,17.537551713727428,5.6796281010290395
few_moving,0.1,514,13567,158.3696498054475,17.72808881834069,5.713920555541396,3922,45.782101167315176,17.537742365010587,5.6940615727096455
few_moving,0.1,515,13577,158.178640776699,17.728047069934483,5.702294641400703,3931,45.79805825242718,17.538027937472247,5.7124015241672295
few_moving,0.1,516,13618,158.34883720930233,17.728177662427555,5.714506221662275,3942,45.83720930232558,17.53768559065141,5.6886670920485605
few_moving,0.1,517,13630,158.1818181818182,17.72791844033623,5.680046744097491,3954,45.887814313346226,17.53744740957485,5.66847161678843
few_moving,0.1,518,13669,158.32818532818536,17.727867460901685,5.671884030385048,3959,45.857142857142854,17.53732539796093,5.6538269464367605
few_moving,0.1,519,13679,158.13872832369944,17.727804173235718,5.657828386454943,3966,45.84971098265896,17.53743255639217,5.666801533428355
few_moving,0.1,520,13721,158.31923076923076,17.7279402826302,5.680114197411411,3975,45.86538461538462,17.537454681740343,5.668629774302284
few_moving,0.1,521,13730,158.1190019193858,17.727968788162592,5.687937388060829,3984,45.8809980806142,17.5375678559921,5.676157764395985
few_moving,0.1,522,13773,158.31034482758622,17.72807361603895,5.702344453071589,3995,45.91954022988506,17.537621753017703,5.687526004675852
few_moving,0.1,523,13784,158.1338432122371,17.72792015468001,5.677719732510382,3999,45.87762906309751,17.537591617044935,5.680719998220416
few_moving,0.1,524,13823,158.27862595419847,17.72787705832222,5.682475920436362,4006,45.8702290076336,17.537856545390998,5.707843883342348
few_moving,0.1,525,13832,158.08,17.727914850157415,5.685858831904458,4010,45.82857142857143,17.537891238916252,5.711989269783219
few_moving,0.1,526,13873,158.24714828897336,17.728130738999372,5.710089646135854,4013,45.77566539923954,17.53810518249464,5.72581158953542
few_moving,0.1,527,13885,158.08349146110058,17.728055657465376,5.708547487282942,4014,45.70018975332068,17.53831576891055,5.7378012852442755
few_moving,0.1,528,13925,158.23863636363635,17.72821442456548,5.723780932119717,4014,45.61363636363636,17.538528496273376,5.749114834501968
few_moving,0.1,529,13934,158.04158790170135,17.72807186793479,5.705588635090028,4016,45.550094517958414,17.538628106869485,5.754727002072247
few_moving,0.1,530,13974,158.19622641509434,17.72812479532476,5.707816084063936,4016,45.46415094339623,17.53871907917512,5.760443731323159
few_moving,0.1,531,13983,158,17.727925332517593,5.686970508025341,4016,45.37853107344633,17.538799135214358,5.76577443702308
few_moving,0.1,532,14025,158.1766917293233,17.727913901393155,5.687592798467376,4020,45.338345864661655,17.538978982150052,5.779901516288557
few_moving,0.1,533,14035,157.99249530956848,17.72780780429309,5.669119707821004,4022,45.27579737335835,17.539024008342107,5.782870361640373
few_moving,0.1,534,14076,158.1573033707865,17.727946739278135,5.693726748800341,4024,45.21348314606741,17.53908077015902,5.786520398920954
few_moving,0.1,535,14087,157.98504672897198,17.727960068107006,5.692470201469868,4026,45.15140186915888,17.538992491635778,5.783045204758697
few_moving,0.1,536,14128,158.14925373134326,17.728005895141216,5.700128403512319,4027,45.07835820895522,17.538947441289146,5.7813157176128716
few_moving,0.1,537,14138,157.9664804469274,17.727990970297043,5.700521141157202,4032,45.05027932960894,17.53895994750632,5.782606445142206
few_moving,0.1,538,14179,158.13011152416357,17.72811577916479,5.713670771220647,4032,44.966542750929364,17.538687895951874,5.7735109507011435
few_moving,0.1,539,14189,157.94805194805198,17.727947593412686,5.688021955229109,4035,44.916512059369204,17.53869498215879,5.776699481676769
few_moving,0.1,540,14230,158.11111111111111,17.72815638150784,5.721397137821089,4035,44.833333333333336,17.538841227792368,5.787330562926455
few_moving,0.1,541,14239,157.91866913123843,17.728163911530647,5.718297941493349,4042,44.82809611829944,17.539016603123546,5.79871217798787
few_moving,0.1,542,14282,158.10332103321034,17.728080256915188,5.706871559075514,4049,44.82287822878229,17.539093992904583,5.80422153062776
few_moving,0.1,543,14290,157.90055248618782,17.727942224976246,5.688280227950786,4055,44.80662983425414,17.539018331216877,5.799579505777411
few_moving,0.1,544,14330,158.0514705882353,17.72787869176781,5.681062412644329,4064,44.8235294117647,17.539077429396237,5.797398284679007
few_moving,0.1,545,14341,157.88256880733942,17.727914843317418,5.684678970219755,4070,44.80733944954128,17.53935988955157,5.804165394140698
few_moving,0.1,546,14383,158.05494505494505,17.727966829755204,5.695117852753593,4077,44.8021978021978,17.53970329304246,5.810288491811554
few_moving,0.1,547,14395,157.89762340036563,17.72798183713157,5.698120779256956,4085,44.808043875685556,17.5400574580733,5.814713457792213
few_moving,0.1,548,14436,158.05839416058393,17.72796548094091,5.6908558496022845,4094,44.824817518248175,17.54025646895274,5.8075417653446335
few_moving,0.1,549,14446,157.879781420765,17.727917181196506,5.689271412643021,4096,44.76502732240437,17.540506795214075,5.811481216003595
few_moving,0.1,550,14486,158.0290909090909,17.727810886472383,5.666861225998647,4098,44.70545454545455,17.540533010025378,5.804054146416398
few_moving,0.1,551,14496,157.8511796733212,17.727900110917187,5.678903611780581,4099,44.635208711433755,17.540745311772795,5.81276683290476
few_moving,0.1,552,14537,158.0108695652174,17.728069435437316,5.706308665472153,4104,44.608695652173914,17.5409864090808,5.826993592483918
few_moving,0.1,553,14546,157.82278481012656,17.727948037026856,5.6887039993869095,4104,44.52802893309222,17.540385872541588,5.815953839881276
few_moving,0.1,554,14588,157.9927797833935,17.72798179903376,5.698241994362695,4106,44.46931407942239,17.539589411936323,5.795310284646029
few_moving,0.1,555,14599,157.82702702702704,17.728067884670033,5.708669048902293,4106,44.38918918918919,17.53912785004375,5.781379961052676
few_moving,0.1,556,14638,157.9640287769784,17.72840246624896,5.744995481795932,4112,44.374100719424455,17.538911981747194,5.772838823699335
few_moving,0.1,557,14650,157.8096947935368,17.728253966274618,5.730823506444617,4119,44.36983842010772,17.538462727799747,5.744673222636311
few_moving,0.1,558,14689,157.94623655913978,17.728343114451857,5.736297724408457,4124,44.34408602150537,17.538262622725167,5.731910178950857
few_moving,0.1,559,14700,157.78175313059035,17.728004938880026,5.695734158436644,4132,44.35062611806798,17.538107918731548,5.719812170026602
few_moving,0.1,560,14742,157.95,17.72793514164917,5.692505932781501,4137,44.324999999999996,17.538099052860023,5.717578045753017
few_moving,0.1,561,14751,157.76470588235293,17.727930838369634,5.6885318757444425,4143,44.31016042780749,17.538169330654146,5.722284401579031
few_moving,0.1,562,14791,157.91103202846972,17.72786057017563,5.673962021322087,4150,44.306049822064054,17.538338109691157,5.733371268486382
few_moving,0.1,563,14801,157.73712255772645,17.727939172202664,5.687858373834053,4156,44.29129662522203,17.53828294642713,5.733750508756309
few_moving,0.1,564,14841,157.88297872340425,17.7280301796906,5.6952389357752775,4158,44.234042553191486,17.538356701529732,5.743933730938982
few_moving,0.1,565,14851,157.70973451327433,17.728216066760172,5.701028892524774,4160,44.17699115044248,17.538363708333772,5.745347912671301
few_moving,0.1,566,14890,157.84452296819788,17.72852610154628,5.742918591284335,4161,44.109540636042404,17.538361326314973,5.741609784573807
few_moving,0.1,567,14902,157.6931216931217,17.728681702035868,5.758324912371831,4164,44.06349206349206,17.538388503174584,5.740174970191623
few_moving,0.1,568,14942,157.83802816901408,17.72892234346976,5.7753274893540265,4164,43.985915492957744,17.53829067964837,5.731190988886927
few_moving,0.1,569,14951,157.6555360281195,17.72844407584218,5.738240418035731,4171,43.98242530755712,17.538248601669263,5.728181799810242
few_moving,0.1,570,14992,157.81052631578947,17.728049701423146,5.6982090042358,4177,43.96842105263158,17.538209482851915,5.7271672205869155
few_moving,0.1,571,15003,157.6497373029772,17.72797918317631,5.68472334401859,4185,43.9754816112084,17.5382368426577,5.7318371834090955
few_moving,0.1,572,15045,157.8146853146853,17.728110870772117,5.702614786625013,4191,43.96153846153847,17.538187388830103,5.727032260478526
few_moving,0.1,573,15056,157.65445026178008,17.72802227813685,5.701949570768625,4197,43.94764397905759,17.538090369817155,5.715448600164509
few_moving,0.1,574,15098,157.81881533101046,17.728007430499957,5.702066624154816,4205,43.954703832752614,17.53812707368024,5.718230424310097
few_moving,0.1,575,15108,157.6486956521739,17.727857142117912,5.675153030072759,4210,43.93043478260869,17.53824174886676,5.730367218488227
few_moving,0.1,576,15150,157.8125,17.72778786841704,5.662139475039302,4212,43.875,17.538265147147822,5.732232866601878
few_moving,0.1,577,15162,157.6637781629116,17.728005791416592,5.695185956298894,4215,43.83015597920277,17.538297364547383,5.735131540651726
few_moving,0.1,578,15202,157.80622837370242,17.72832985924423,5.7184787072135475,4219,43.79584775086505,17.53829049389961,5.733912418516347
few_moving,0.1,579,15212,157.63730569948186,17.728190970997208,5.709805262804941,4221,43.740932642487046,17.53828875397475,5.733190770500931
few_moving,0.1,580,15254,157.8,17.728101872485787,5.7056389541820085,4221,43.66551724137931,17.538211779096525,5.722623045270646
few_moving,0.1,581,15262,157.61101549053356,17.727925910365286,5.680279264725425,4222,43.600688468158346,17.538168676746988,5.715306768201935
few_moving,0.1,582,15303,157.76288659793815,17.727796267403864,5.661054525861498,4225,43.55670103092784,17.538146018529545,5.71057186676457
few_moving,0.1,583,15313,157.59519725557462,17.728286233186694,5.720917047876275,4225,43.481989708404804,17.53788889471457,5.694454759237022
few_moving,0.1,584,15352,157.72602739726028,17.72877415792028,5.758162867787535,4231,43.46917808219179,17.53774462580416,5.685735430065624
few_moving,0.1,585,15363,157.56923076923076,17.72799775027848,5.69757173804933,4237,43.45641025641026,17.537747984917473,5.6937385397002584
few_moving,0.1,586,15404,157.72013651877134,17.727894509801143,5.684468509802981,4245,43.46416382252559,17.5376587019611,5.6851164072982385
few_moving,0.1,587,15416,157.57410562180578,17.727810422350053,5.666184305052988,4252,43.46166950596252,17.53760218751265,5.678325562994014
few_moving,0.1,588,15456,157.7142857142857,17.72785536198485,5.675527497394253,4258,43.44897959183673,17.53755613111329,5.6717287294189775
few_moving,0.1,589,15467,157.55857385398983,17.72785755688498,5.67334513444379,4266,43.45670628183362,17.537470455600886,5.660087834410855
few_moving,0.1,590,15508,157.7084745762712,17.728006714046124,5.69060570780724,4274,43.46440677966101,17.53749857138091,5.660102620283782
few_moving,0.1,591,15518,157.54314720812184,17.72814380066623,5.699070799817331,4275,43.401015228426395,17.537360870215025,5.642871312537687
few_moving,0.1,592,15560,157.7027027027027,17.728232243209963,5.71804659182059,4276,43.33783783783784,17.53733736940206,5.640626598294938
few_moving,0.1,593,15570,157.5379426644182,17.728318295320395,5.722031885913671,4281,43.31534569983137,17.53735920141727,5.643257270671907
few_moving,0.1,594,15611,157.68686868686868,17.7283882203533,5.725837407142943,4283,43.26262626262626,17.537416204397804,5.6519619108280565
few_moving,0.1,595,15619,157.5025210084034,17.727942764439124,5.688859389175628,4286,43.22016806722689,17.537620003660756,5.674360629844179
few_moving,0.1,596,15661,157.66107382550334,17.72788955546144,5.683215589939135,4294,43.22818791946308,17.53772845820779,5.69497317085165
few_moving,0.1,597,15670,157.48743718592965,17.727858852014943,5.678593834868172,4300,43.21608040201005,17.537715118605835,5.6963539887049155
few_moving,0.1,598,15712,157.6454849498328,17.727824885233375,5.670751071561382,4305,43.19397993311037,17.537726789349485,5.696750400710656
few_moving,0.1,599,15723,157.49248747913188,17.727845506853132,5.6710770065415534,4313,43.202003338898166,17.537800267510466,5.701427602359793
few_moving,0.1,600,15763,157.63,17.727989773249586,5.689126220395304,4318,43.18,17.537849763714334,5.704000904666982
many_moving,0.1,0,0,,18.187917130173428,17.241615522676813,0,,18.187917130173428,17.241615522676813
many_moving,0.1,1,0,0,18.187917130173428,17.241615522676813,39,234,9.721216298377847,8.675885481720963
many_moving,0.1,2,39,117,9.718788656468648,8.671314831574978,95,285,9.337778320567061,8.264510687252258
many_moving,0.1,3,52,104,9.334875401404732,8.246282578978805,153,306,8.936530473321739,7.83487700163235
many_moving,0.1,4,97,145.5,8.93548065813395,7.823495730380986,213,319.5,8.545584702537763,7.414155590264739
many_moving,0.1,5,110,132,8.541153327488363,7.407578597342669,269,322.8,8.16775769597155,7.023052372307804
many_moving,0.1,6,157,156.99999999999997,8.14440816377758,6.992075845686872,326,326,7.782739548645863,6.629172131823101
many_moving,0.1,7,168,144,7.760386551001925,6.610360662142762,373,319.71428571428567,7.404919813057756,6.261964129458256
many_moving,0.1,8,214,160.5,7.389865899934024,6.247356574286907,379,284.25,7.045852500708602,5.929982229162792
many_moving,0.1,9,227,151.33333333333334,7.017388471003324,5.893329493862386,379,252.66666666666666,6.694534528814437,5.61360199558473
many_moving,0.1,10,271,162.60000000000002,6.657593112069485,5.563887214843257,379,227.4,6.354182006650591,5.315141160066534
many_moving,0.1,11,284,154.9090909090909,6.30154232868525,5.256980742222386,379,206.72727272727275,6.02497300407353,5.033807463293787
many_moving,0.1,12,328,163.99999999999997,5.946216854206366,4.9368727973116595,379,189.49999999999997,5.705375121870019,4.766837118137277
many_moving,0.1,13,342,157.84615384615387,5.594329289961404,4.631540529716864,379,174.9230769230769,5.394521269573866,4.512305967433966
many_moving,0.1,14,387,165.85714285714286,5.2405991581460345,4.334945790400232,379,162.42857142857142,5.092078901556087,4.268626995908316
many_moving,0.1,15,399,159.6,4.88899093595071,4.0372467902379965,379,151.6,4.7981733772849715,4.034095802346592
many_moving,0.1,16,443,166.125,4.529792632171835,3.723165669893382,379,142.125,4.5133530915772635,3.8069549711301285
many_moving,0.1,17,457,161.29411764705884,4.186842833876442,3.4448152185260654,379,133.76470588235293,4.239600223329726,3.5863793213534456
many_moving,0.1,18,502,167.33333333333334,3.844880053924177,3.1670278144473065,379,126.33333333333333,3.986957234911647,3.3770170213145847
many_moving,0.1,19,516,162.94736842105263,3.5106735847484214,2.8936860501566395,379,119.6842105263158,3.7575717644887647,3.1820372376876125
many_moving,0.1,20,559,167.70000000000002,3.1791992859127007,2.6173609682955985,379,113.7,3.5486592546281646,2.9983216208345693
many_moving,0.1,21,573,163.71428571428572,2.8751242443537017,2.363884254417951,385,110,3.370685867660748,2.83062240181831
many_moving,0.1,22,615,167.72727272727275,2.5945811491716566,2.122427537733104,402,109.63636363636365,3.0317077627010702,2.504684955641644
many_moving,0.1,23,627,163.56521739130434,2.2998828837654064,1.8662107428996548,402,104.86956521739131,2.744922028454464,2.2261472945102794
many_moving,0.1,24,672,168,2.0057165860390582,1.6299762924307768,402,100.5,2.50328893002357,1.99661349630644
many_moving,0.1,25,686,164.64,1.7784686714791198,1.4405519295447693,402,96.48,2.3053439269070584,1.8152229976422471
many_moving,0.1,26,732,168.92307692307693,1.6082502552886604,1.28513704396835,402,92.76923076923077,2.1414040218416046,1.6710905205011983
many_moving,0.1,27,746,165.77777777777777,1.4134987485410149,1.1338509411951971,402,89.33333333333334,2.009372255153196,1.5591469338349226
many_moving,0.1,28,792,169.71428571428572,1.2351488717277168,0.9858687538114207,402,86.14285714285715,1.9099721170972437,1.4766609610766923
many_moving,0.1,29,803,166.13793103448276,1.1517558321394217,0.8885563488697523,409,84.62068965517241,1.827881354551747,1.399161511975159
many_moving,0.1,30,849,169.8,1.0942393585080885,0.8234809897457727,415,83,1.767681933669701,1.3396627554100053
many_moving,0.1,31,863,167.0322580645161,0.9523524036463638,0.7214432174957585,420,81.29032258064515,1.722669986385791,1.2942030242308387
many_moving,0.1,32,908,170.25,0.8238395573689814,0.6315979231840603,426,79.875,1.6891666531865317,1.264045218094451
many_moving,0.1,33,922,167.63636363636363,0.7171719120389113,0.5536024088267052,433,78.72727272727272,1.6648690397062884,1.2490301412685914
many_moving,0.1,34,968,170.8235294117647,0.6576109607076825,0.4990818545617567,440,77.64705882352942,1.6465178527308493,1.2423174941101052
many_moving,0.1,35,981,168.17142857142855,0.6415164588554818,0.4715011400790038,447,76.62857142857143,1.6329070086188628,1.2419546779918795
many_moving,0.1,36,1026,171,0.5479604480132235,0.4045026358215723,453,75.5,1.6227326224460399,1.2425519933988372
many_moving,0.1,37,1039,168.48648648648648,0.5134352659818027,0.3768198421470279,467,75.72972972972973,1.4510635815371398,1.1187031366629694
many_moving,0.1,38,1084,171.1578947368421,0.4917153078219464,0.36210212640272477,467,73.73684210526316,1.3137320209033803,1.0072011225907995
many_moving,0.1,39,1096,168.6153846153846,0.44558606411753277,0.3309302433221751,467,71.84615384615385,1.2155250785667264,0.926356627428488
many_moving,0.1,40,1142,171.3,0.4225615464244282,0.30952348047298905,467,70.05000000000001,1.1464131997303029,0.8680728431906803
many_moving,0.1,41,1153,168.73170731707316,0.3441227208744428,0.26975565006054525,467,68.34146341463415,1.0983607361562533,0.8277174135620424
many_moving,0.1,42,1197,171.00000000000003,0.27977574301703806,0.24015144631701907,467,66.71428571428572,1.065202056693266,0.799326950517161
many_moving,0.1,43,1211,168.9767441860465,0.27060961245631787,0.23243517794073892,474,66.13953488372093,0.9292865059919918,0.7151329872280318
many_moving,0.1,44,1254,171.00000000000003,0.2304981415042917,0.19008816650300714,487,66.40909090909092,0.8288495029778595,0.6480592026878786
many_moving,0.1,45,1267,168.93333333333334,0.18927936222449365,0.1605268647990371,500,66.66666666666667,0.7635806112637897,0.5986551839486207
many_moving,0.1,46,1312,171.13043478260866,0.16478322156324798,0.14547370773748555,513,66.91304347826086,0.7045932185183144,0.5564168024612942
many_moving,0.1,47,1323,168.8936170212766,0.17884064669679894,0.15351948016605596,525,67.02127659574468,0.6595802913280093,0.5133830756318258
many_moving,0.1,48,1368,171,0.1939438511804907,0.1566167414203686,537,67.125,0.616649667818348,0.47893044844875005
many_moving,0.1,49,1381,169.10204081632654,0.16821179748226278,0.12919514806958285,550,67.34693877551021,0.5943191664427836,0.4711607897875215
many_moving,0.1,50,1424,170.88,0.1527516969112759,0.11723188703597102,559,67.08,0.5673584915507066,0.4421995301419132
many_moving,0.1,51,1437,169.05882352941177,0.10239703253734757,0.09154715788217373,563,66.23529411764706,0.5551568633629175,0.42600287236374523
many_moving,0.1,52,1483,171.1153846153846,0.1100815759829201,0.10057046685818001,575,66.34615384615384,0.522238693099475,0.3877928039980495
many_moving,0.1,53,1496,169.35849056603774,0.11761521676301527,0.10991020441471885,575,65.09433962264151,0.504434476413549,0.35966043533257397
many_moving,0.1,54,1541,171.2222222222222,0.12896857439255774,0.11868800724907078,575,63.888888888888886,0.4975897623381873,0.344667267378726
many_moving,0.1,55,1555,169.63636363636365,0.1557464519434866,0.1190302223839442,575,62.72727272727273,0.4970699965710266,0.33615021234362275
many_moving,0.1,56,1600,171.42857142857142,0.1920770619852313,0.14231649465136012,575,61.607142857142854,0.49984590532901735,0.3335844646135479
many_moving,0.1,57,1614,169.8947368421053,0.16713693835512183,0.12744857236634952,575,60.526315789473685,0.5040790844088257,0.33875727098395825
many_moving,0.1,58,1657,171.41379310344826,0.12057926752798563,0.1011594011940045,586,60.62068965517241,0.5091495315975019,0.3445632922617052
many_moving,0.1,59,1669,169.72881355932205,0.11992204965633067,0.09903317976727974,604,61.42372881355932,0.4967060416498507,0.3400042019135877
many_moving,0.1,60,1713,171.3,0.11696889087259206,0.09557024633898248,621,62.1,0.49231962374516025,0.34741967765271836
many_moving,0.1,61,1727,169.86885245901638,0.12218103364256018,0.1014073476045146,640,62.95081967213115,0.4834842914939873,0.3295780332874368
many_moving,0.1,62,1774,171.6774193548387,0.15260225766473906,0.12977222330235721,657,63.58064516129032,0.4712707189021869,0.3189612959383717
many_moving,0.1,63,1788,170.28571428571428,0.12921089145803866,0.10938838661512391,676,64.38095238095238,0.4505323336140312,0.30330474265331275
many_moving,0.1,64,1833,171.84375,0.1211088000766999,0.10458191493927879,698,65.4375,0.4240907628874026,0.2889670071487976
many_moving,0.1,65,1845,170.30769230769232,0.12810074853736042,0.11395312167050442,708,65.35384615384615,0.3170263685618267,0.22953807085467784
many_moving,0.1,66,1890,171.8181818181818,0.1779080648266183,0.1484212153751546,708,64.36363636363636,0.24577585151320563,0.20353114682456347
many_moving,0.1,67,1903,170.4179104477612,0.1772597327625974,0.13198971692555217,718,64.29850746268656,0.2195458384544638,0.19291353634367528
many_moving,0.1,68,1949,171.97058823529412,0.20008186385890797,0.1488112183301261,718,63.35294117647059,0.21224905512974465,0.19134320949549571
many_moving,0.1,69,1963,170.69565217391306,0.16745736344202544,0.13180642682622423,718,62.434782608695656,0.2163163199642467,0.19747942335332358
many_moving,0.1,70,2007,172.0285714285714,0.10423656176390769,0.09109701526429577,718,61.54285714285714,0.2256804819938027,0.2074856044602274
many_moving,0.1,71,2019,170.61971830985917,0.10382426949658649,0.09674527729035957,718,60.67605633802817,0.23665854908659814,0.21778930031965302
many_moving,0.1,72,2064,172,0.131999691367314,0.11632770886612667,718,59.833333333333336,0.24738846757251948,0.2269825242739872
many_moving,0.1,73,2076,170.63013698630138,0.16613973681227448,0.13929898011340058,718,59.013698630136986,0.2570670666763912,0.2347995834230603
many_moving,0.1,74,2122,172.05405405405403,0.20078516540294591,0.16590710662474156,718,58.21621621621621,0.2654355021234558,0.24132032790928798
many_moving,0.1,75,2136,170.88,0.17764800645384157,0.15964105758176203,718,57.44,0.2724943800692796,0.24670943332331302
many_moving,0.1,76,2182,172.26315789473685,0.1684130502372873,0.1513708620007349,718,56.68421052631579,0.27835708970150086,0.2511386277290467
many_moving,0.1,77,2192,170.8051948051948,0.14770247078148713,0.13459758237044844,718,55.94805194805194,0.2831768138437523,0.25476419216948176
many_moving,0.1,78,2237,172.07692307692307,0.13500192934660302,0.12445994949737083,718,55.230769230769226,0.28711140091383275,0.2577219422567033
many_moving,0.1,79,2250,170.8860759493671,0.08558560770706804,0.07558498906651764,728,55.291139240506325,0.2884306348034896,0.2560570486342265
many_moving,0.1,80,2294,172.05,0.1285470004367612,0.12090912977700288,731,54.824999999999996,0.231620744926995,0.2083362434617074
many_moving,0.1,81,2305,170.74074074074073,0.12618869267854604,0.1097444430744012,731,54.14814814814814,0.19793118599498719,0.1735004246556317
many_moving,0.1,82,2352,172.09756097560975,0.1271070111233604,0.10433662347002175,741,54.21951219512194,0.14580045022598803,0.1271757956592739
many_moving,0.1,83,2364,170.89156626506025,0.1187465775271052,0.10474351724137938,741,53.56626506024096,0.12112325294205735,0.10776837014518384
many_moving,0.1,84,2411,172.21428571428572,0.10222965778911301,0.09345578420785358,741,52.92857142857143,0.11983116434347318,0.10405810628798662
many_moving,0.1,85,2424,171.10588235294117,0.09229475364739186,0.08342241312450552,741,52.30588235294117,0.1314661472393528,0.11299948408639382
many_moving,0.1,86,2469,172.25581395348837,0.10544812271914898,0.0909551879573498,746,52.04651162790697,0.1580192484245848,0.13326999886640428
many_moving,0.1,87,2482,171.17241379310346,0.12646736121737903,0.11523587796225676,750,51.724137931034484,0.18325031084598734,0.15234906513356222
many_moving,0.1,88,2529,172.4318181818182,0.1424543298617502,0.12851488890379476,755,51.477272727272734,0.2167729164439396,0.18180443385450862
many_moving,0.1,89,2542,171.3707865168539,0.1703784228329978,0.14473308009857538,760,51.235955056179776,0.18236445733421913,0.15751568925859555
many_moving,0.1,90,2586,172.4,0.2144285269456834,0.18833655858195703,765,51,0.17798303742429675,0.1415632800832622
many_moving,0.1,91,2600,171.42857142857144,0.18660984827230057,0.16440071156664499,770,50.769230769230774,0.19005620435639983,0.15750386568537245
many_moving,0.1,92,2646,172.56521739130434,0.17917153920500384,0.16324970808655354,774,50.47826086956522,0.19001323010458915,0.15859740385487717
many_moving,0.1,93,2658,171.48387096774195,0.1655824616518509,0.1531728611122308,774,49.935483870967744,0.18726556015991633,0.14715649864725472
many_moving,0.1,94,2701,172.40425531914894,0.136476551625055,0.12844739064111727,784,50.04255319148937,0.19055634135701127,0.14749943966871465
many_moving,0.1,95,2714,171.41052631578947,0.10490984615875981,0.10376129987098928,787,49.70526315789474,0.1684580503972674,0.13361880007115506
many_moving,0.1,96,2760,172.5,0.14742082420884967,0.13479129071022772,787,49.1875,0.15714389439186566,0.13119513716939102
many_moving,0.1,97,2772,171.46391752577318,0.16957380499587718,0.14876080253063997,794,49.11340206185567,0.15337830398244673,0.13480158068172793
many_moving,0.1,98,2819,172.59183673469386,0.19849184420183455,0.1634627297620858,794,48.61224489795919,0.1587421342382327,0.14356611847527548
many_moving,0.1,99,2830,171.51515151515153,0.17504586850398166,0.1402389632934514,794,48.121212121212125,0.16795409705757294,0.1533852967340156
many_moving,0.1,100,2875,172.5,0.1867117167987281,0.1590574006234744,794,47.64,0.178003169669706,0.1621362197465906
many_moving,0.1,101,2886,171.44554455445547,0.14701894421681586,0.12601459926464836,800,47.524752475247524,0.2085051074338191,0.18753579566787493
many_moving,0.1,102,2933,172.52941176470588,0.11580276936278157,0.10313040476181097,804,47.294117647058826,0.19136252103928886,0.1699905454577083
many_moving,0.1,103,2944,171.49514563106797,0.10796740964866586,0.0906411970608926,810,47.18446601941748,0.1734459906085943,0.14645615929716918
many_moving,0.1,104,2988,172.3846153846154,0.12599821339604922,0.1083223870454848,816,47.07692307692307,0.17315092491839126,0.1457927502369296
many_moving,0.1,105,3002,171.54285714285714,0.15649962754323568,0.14167482597299866,822,46.971428571428575,0.1737111013444769,0.14758071233978853
many_moving,0.1,106,3047,172.47169811320754,0.1997587272871062,0.18510889265978045,828,46.867924528301884,0.18492238031725713,0.1557559481128026
many_moving,0.1,107,3060,171.58878504672896,0.16380110541591056,0.14838119322224225,836,46.87850467289719,0.1743706985360566,0.15125955014758713
many_moving,0.1,108,3105,172.5,0.13576945235843824,0.12397237890161064,836,46.44444444444444,0.1787497372782273,0.15622989739286391
many_moving,0.1,109,3119,171.6880733944954,0.07613160372131865,0.07022895415043094,846,46.56880733944954,0.1818085253745526,0.15973026494601275
many_moving,0.1,110,3165,172.63636363636365,0.10489875788046156,0.095865740541165,849,46.30909090909091,0.18226458907305532,0.16399426287808902
many_moving,0.1,111,3177,171.7297297297297,0.1110045305915615,0.10296879798216371,849,45.891891891891895,0.18905816856105054,0.17226696652325252
many_moving,0.1,112,3223,172.66071428571428,0.1378178967856152,0.1201457471227809,854,45.75,0.1890932960846407,0.17039180566199344
many_moving,0.1,113,3235,171.76991150442478,0.11812722782861285,0.10541201998867862,854,45.34513274336283,0.19630583436084462,0.17563378767896057
many_moving,0.1,114,3279,172.57894736842104,0.16650826624433032,0.15354534491138883,854,44.94736842105264,0.20623188160995673,0.18659327417098653
many_moving,0.1,115,3292,171.75652173913042,0.14228741161155412,0.13103376833715213,857,44.71304347826087,0.2171488454453571,0.198774893446913
many_moving,0.1,116,3338,172.6551724137931,0.1414368649375999,0.12308675380188887,864,44.689655172413794,0.21719665460635681,0.18966201474682784
many_moving,0.1,117,3352,171.89743589743588,0.11595049133441111,0.10298819806215516,872,44.71794871794872,0.22615963858461893,0.1955231159623928
many_moving,0.1,118,3398,172.77966101694918,0.11200458278659413,0.1018879653505218,886,45.05084745762712,0.22798268355798518,0.19590920856275612
many_moving,0.1,119,3409,171.88235294117646,0.15412673490169565,0.1395806986106096,900,45.3781512605042,0.2404530196409704,0.2153811833191006
many_moving,0.1,120,3453,172.65,0.1324812820126147,0.12433401445981777,915,45.75,0.24530582185585462,0.21716356996919126
many_moving,0.1,121,3466,171.86776859504133,0.291624735927872,0.2737823486608215,952,47.20661157024794,0.34298593885536166,0.30390908683368884
many_moving,0.1,122,3510,172.62295081967216,0.5309723203546457,0.4803985080228414,996,48.98360655737705,0.5037570718111197,0.42373226664442926
many_moving,0.1,123,3523,171.85365853658539,0.6584030503461051,0.5740201659976252,1037,50.585365853658544,0.6552898132893998,0.5677347172838481
many_moving,0.1,124,3568,172.64516129032256,0.8155078579397061,0.7094806169217728,1079,52.20967741935483,0.7741232685747341,0.6664465499015864
many_moving,0.1,125,3580,171.83999999999997,0.9145817589206884,0.7916640023235672,1119,53.711999999999996,0.9055872925852119,0.7968342582104386
many_moving,0.1,126,3623,172.52380952380952,1.0392721404640013,0.898106673271027,1159,55.19047619047619,1.0375579989018748,0.9151644680972589
many_moving,0.1,127,3634,171.68503937007873,1.1566496314156076,0.9931669562249615,1201,56.740157480314956,1.157817130502077,1.0198353116390932
many_moving,0.1,128,3675,172.265625,1.283360658398247,1.096099176101658,1239,58.078125,1.2899739099297938,1.1389892875747456
many_moving,0.1,129,3687,171.48837209302326,1.34196294193924,1.1557885389222942,1277,59.395348837209305,1.4304954295896495,1.2609026491164006
many_moving,0.1,130,3729,172.1076923076923,1.4396970624258592,1.2632057903387102,1317,60.784615384615385,1.5500170993533877,1.3660626130329334
many_moving,0.1,131,3741,171.3435114503817,1.4857763860913338,1.3049587501270234,1354,62.015267175572525,1.6514450529042581,1.4503830077724127
many_moving,0.1,132,3781,171.86363636363637,1.5352255774775265,1.3458195785258866,1387,63.04545454545453,1.769608839051658,1.5520719444662556
many_moving,0.1,133,3791,171.02255639097746,1.4200449206971724,1.0857938071916027,1423,64.19548872180451,1.9164169414638021,1.674670910981897
many_moving,0.1,134,3832,171.58208955223878,1.477857155849747,1.0949316765317574,1460,65.3731343283582,2.0549822122591768,1.7820608416610966
many_moving,0.1,135,3847,170.97777777777776,1.5403235521000946,1.0986375646702267,1494,66.4,2.157510264295016,1.8581328047749146
many_moving,0.1,136,3886,171.44117647058826,1.63535862540713,1.120259836624544,1529,67.45588235294117,2.275296632848195,1.9371714020833626
many_moving,0.1,137,3897,170.67153284671534,15.196365250195335,5.365770836918363,1565,68.54014598540147,2.3915389605518023,2.0088793182884572
many_moving,0.1,138,3934,171.04347826086956,15.27525603970064,5.40148109106907,1602,69.65217391304348,2.5206424299878574,2.0823546832303164
many_moving,0.1,139,3946,170.33093525179856,15.353961714960118,5.407837992237428,1640,70.79136690647482,2.648221330230822,2.1559030253653235
many_moving,0.1,140,3985,170.78571428571428,15.435059071250814,5.42905867327426,1676,71.82857142857142,2.798040295575115,2.251522467645189
many_moving,0.1,141,3997,170.08510638297872,15.517066742473025,5.45040352140066,1712,72.85106382978722,2.9438984462522715,2.3462267744335255
many_moving,0.1,142,4035,170.49295774647888,15.60134253372663,5.491498771869049,1751,73.98591549295774,3.0911286366633455,2.444323749820776
many_moving,0.1,143,4045,169.72027972027973,15.68633066185925,5.521567482711824,1785,74.8951048951049,3.2373389355192206,2.522020299097474
many_moving,0.1,144,4082,170.08333333333334,15.773449360496244,5.571956851321313,1819,75.79166666666667,3.3207634263247803,2.547125479638858
many_moving,0.1,145,4091,169.28275862068966,15.861013253858271,5.612895352718694,1858,76.88275862068967,3.442825330449527,2.6075345549347495
many_moving,0.1,146,4127,169.6027397260274,15.950355168798556,5.658557115829156,1901,78.12328767123289,3.561838231356822,2.6657981736345775
many_moving,0.1,147,4136,168.81632653061223,16.039560986824352,5.689864086564275,1943,79.3061224489796,3.6412784480964526,2.706084141563128
many_moving,0.1,148,4172,169.13513513513513,16.13025933098402,5.691016321316498,1991,80.71621621621621,3.7580463111888704,2.812749883087751
many_moving,0.1,149,4181,168.36241610738256,16.221297986873505,5.730498033937062,2040,82.14765100671141,3.7000171287536427,2.219458366184562
many_moving,0.1,150,4217,168.68,16.314427820461933,5.792270236943443,2083,83.32000000000001,3.85580168911768,2.390314967754617
many_moving,0.1,151,4224,167.841059602649,16.406597200883088,5.816481997939141,2123,84.35761589403974,3.9867463375675185,2.4434680453579434
many_moving,0.1,152,4258,168.07894736842107,16.498621225402587,5.815485095422564,2161,85.30263157894737,16.380894864065798,5.913654873752568
many_moving,0.1,153,4263,167.1764705882353,16.592352025174304,5.820751857727196,2195,86.07843137254902,16.47351035253955,5.92554096812903
many_moving,0.1,154,4298,167.45454545454544,16.688487391374952,5.852634466921124,2225,86.68831168831169,16.569212163127965,5.954766671370758
many_moving,0.1,155,4304,166.60645161290321,16.78640268883747,5.889465255292375,2254,87.2516129032258,16.666853497524077,5.9992804950118455
many_moving,0.1,156,4338,166.84615384615384,16.884649529094208,5.928901119873509,2282,87.76923076923076,16.76700481139997,6.058603000056253
many_moving,0.1,157,4343,165.97452229299364,16.97407200182804,5.768206613132906,2305,88.08917197452229,16.8681185511409,6.121838687843011
many_moving,0.1,158,4379,166.2911392405063,17.082055404173232,5.967509025433865,2330,88.48101265822785,16.971154031360875,6.194668114216382
many_moving,0.1,159,4387,165.54716981132074,17.182958222603716,5.987928319935746,2361,89.09433962264151,17.074863874249473,6.257260609982389
many_moving,0.1,160,4423,165.8625,17.285101325871086,6.031244510171257,2389,89.5875,17.179341619146246,6.321449716563521
many_moving,0.1,161,4429,165.055900621118,17.387461532557214,6.068906164280144,2419,90.14906832298138,17.284795136985498,6.381858171379896
many_moving,0.1,162,4465,165.37037037037035,17.48902273851257,6.081608245791863,2447,90.62962962962962,17.389135728871302,6.435069416620334
many_moving,0.1,163,4470,164.53987730061348,17.591921081732117,6.091979705081841,2475,91.1042944785276,17.492989739643033,6.477652917491095
many_moving,0.1,164,4506,164.85365853658536,17.694760569134086,6.101257009057653,2508,91.75609756097562,17.591644791760128,6.475654840228637
many_moving,0.1,165,4514,164.14545454545453,17.799566210284784,6.117872374450881,2544,92.50909090909092,17.686784662402125,6.426163495443996
many_moving,0.1,166,4551,164.49397590361448,17.89881886661234,6.136430729792963,2579,93.21686746987952,17.778465319116357,6.375444003779241
many_moving,0.1,167,4559,163.79640718562874,17.898699500477257,6.132954234507922,2617,94.02395209580838,17.77237871089807,6.29151879101091
many_moving,0.1,168,4597,164.17857142857144,17.89824949414721,6.1211908200360385,2656,94.85714285714288,17.769278437093558,6.248640431986037
many_moving,0.1,169,4606,163.52662721893492,17.897805044058675,6.1036087850715335,2690,95.50295857988165,17.766756870476232,6.209414569758461
many_moving,0.1,170,4643,163.87058823529412,17.89782513591888,6.1019581225961685,2718,95.92941176470588,17.764144377019214,6.159376503544667
many_moving,0.1,171,4649,163.12280701754383,17.898030965741583,6.097801873879593,2747,96.3859649122807,17.7624391157397,6.123383161503637
many_moving,0.1,172,4687,163.5,17.89832636122495,6.0932320040648555,2776,96.83720930232559,17.761591561054342,6.097760619035049
many_moving,0.1,173,4694,162.79768786127167,17.898543624317668,6.098029364143093,2805,97.28323699421965,17.76157230783027,6.085354688677052
many_moving,0.1,174,4730,163.10344827586206,17.899550596009654,6.115749382039275,2834,97.72413793103448,17.76133874714169,6.081785406931483
many_moving,0.1,175,4739,162.48,17.89971200171259,6.114885159385642,2866,98.26285714285716,17.804169385437064,6.7369670280253615
many_moving,0.1,176,4777,162.85227272727275,17.9483484288672,6.873864321332297,2900,98.86363636363637,17.79842083254942,6.672319080266149
many_moving,0.1,177,4786,162.23728813559322,17.944879436459786,6.8338238830500515,2930,99.32203389830508,17.79557872298925,6.632296251957375
many_moving,0.1,178,4821,162.5056179775281,17.94283860546251,6.7994805622762815,2957,99.67415730337078,17.792291442826215,6.6046978974595545
many_moving,0.1,179,4831,161.93296089385476,17.94150624668912,6.769670553996103,2986,100.08938547486034,17.792013218097114,6.578420670713872
many_moving,0.1,180,4870,162.33333333333334,17.94098040295613,6.744390465231383,3015,100.5,17.79083837912379,6.5649501395542185
many_moving,0.1,181,4878,161.70165745856355,17.930206759986255,6.638087041041979,3030,100.44198895027624,17.78120725459128,6.4713457764339255
many_moving,0.1,182,4917,162.0989010989011,17.921977015419728,6.5465804661442615,3035,100.05494505494507,17.777588041214084,6.435326643621897
many_moving,0.1,183,4927,161.54098360655738,17.91670307257309,6.47598838806632,3035,99.50819672131148,17.77500570170041,6.409022886513398
many_moving,0.1,184,4966,161.93478260869566,17.913308589777564,6.428396898608218,3035,98.96739130434781,17.773143393179488,6.389119122708542
many_moving,0.1,185,4976,161.38378378378377,17.90663729228223,6.336513669982051,3037,98.4972972972973,17.771795861281202,6.374532415980569
many_moving,0.1,186,5014,161.74193548387095,17.902052237041953,6.2601335315784965,3037,97.96774193548386,17.770841313473976,6.363083127698944
many_moving,0.1,187,5024,161.19786096256684,17.899561040546224,6.1823950984198275,3038,97.47593582887701,17.77015712525658,6.354060890700487
many_moving,0.1,188,5062,161.5531914893617,17.898194683643617,6.141612545388426,3038,96.95744680851064,17.769660838730868,6.346934180827779
many_moving,0.1,189,5071,160.984126984127,17.897325741947324,6.134304386557977,3038,96.44444444444446,17.769296600598683,6.341295291382458
many_moving,0.1,190,5108,161.30526315789476,17.896004694409708,6.1037064654151445,3041,96.03157894736843,17.768467859613278,6.327321192328941
many_moving,0.1,191,5117,160.7434554973822,17.895078881803066,6.073998917690568,3055,95.96858638743456,17.76681007260405,6.290778271758429
many_moving,0.1,192,5155,161.09375,17.894325877823004,6.046882083585596,3068,95.875,17.765583686393224,6.263145542297297
many_moving,0.1,193,5165,160.56994818652848,17.893249526265546,6.007863074864914,3080,95.75129533678756,17.764599444261258,6.241197279173234
many_moving,0.1,194,5204,160.9484536082474,17.892934876455694,6.0001068250425975,3091,95.5979381443299,17.764053824763334,6.2256397169783195
many_moving,0.1,195,5213,160.39999999999998,17.89208020337877,5.975785152056803,3106,95.56923076923077,17.76271318705237,6.1812440380234905
many_moving,0.1,196,5251,160.74489795918367,17.89165417740577,5.95845060624592,3117,95.41836734693878,17.761999271062738,6.158835723417143
many_moving,0.1,197,5261,160.23350253807106,17.891481235699626,5.944834363401467,3123,95.11675126903555,17.760070310614964,6.117885807878572
many_moving,0.1,198,5300,160.60606060606062,17.89193295580583,5.9538628065552555,3123,94.63636363636364,17.758931896107708,6.095664564112829
many_moving,0.1,199,5310,160.1005025125628,17.891708199949516,5.948667817649916,3123,94.1608040201005,17.758280605212352,6.083750339351947
many_moving,0.1,200,5349,160.47,17.891553283719542,5.944424541233525,3125,93.75,17.75766629022372,6.065609450444301
many_moving,0.1,201,5357,159.91044776119404,17.890869261376952,5.9049190021471,3125,93.28358208955224,17.757312057060915,6.053492354299093
many_moving,0.1,202,5396,160.2772277227723,17.890352273614663,5.872652863934901,3129,92.94059405940594,17.757114885016286,6.044931796509775
many_moving,0.1,203,5406,159.7832512315271,17.88995596713411,5.842358229972384,3134,92.63054187192118,17.756455149613956,6.029521276586495
many_moving,0.1,204,5445,160.14705882352942,17.889553763871795,5.812116777753555,3138,92.29411764705883,17.755691556284475,6.0085711886541855
many_moving,0.1,205,5454,159.62926829268292,17.889687294249246,5.8295766286805035,3143,91.99024390243903,17.75522216604621,5.993522436386933
many_moving,0.1,206,5492,159.9611650485437,17.889785139843635,5.835651440527894,3152,91.80582524271846,17.75435369850265,5.959351402696707
many_moving,0.1,207,5502,159.47826086956522,17.88948992328126,5.80731818155594,3158,91.53623188405797,17.753921529640735,5.937247446380944
many_moving,0.1,208,5540,159.8076923076923,17.889352323439244,5.793289051294602,3163,91.24038461538461,17.753723223172443,5.9234559223316285
many_moving,0.1,209,5550,159.33014354066987,17.88913226074474,5.771112540353398,3163,90.80382775119618,17.75372159071508,5.919099889608995
many_moving,0.1,210,5588,159.65714285714284,17.88904120083328,5.755670873791769,3169,90.54285714285713,17.75333076438272,5.9037569883573005
many_moving,0.1,211,5597,159.1563981042654,17.88895491062694,5.747070322796221,3177,90.34123222748815,17.752912584959578,5.881813832810393
many_moving,0.1,212,5637,159.53773584905662,17.888900987470752,5.7425612117653175,3178,89.9433962264151,17.752142224194042,5.85757327373099
many_moving,0.1,213,5647,159.0704225352113,17.888863243726465,5.731663428441627,3178,89.52112676056339,17.751771436668598,5.848821120415179
many_moving,0.1,214,5684,159.3644859813084,17.888920548253626,5.741279826256113,3178,89.10280373831776,17.75163230399684,5.844537592178599
many_moving,0.1,215,5693,158.87441860465114,17.88884877262354,5.728363994373138,3180,88.74418604651163,17.751661475653066,5.846096939971533
many_moving,0.1,216,5730,159.16666666666666,17.88893095893659,5.741735949091999,3180,88.33333333333333,17.751764356257404,5.848864271626075
many_moving,0.1,217,5739,158.68202764976957,17.888985889238835,5.749486325624274,3187,88.11981566820276,17.751755477827796,5.84007011730267
many_moving,0.1,218,5778,159.0275229357798,17.889063177644474,5.75853270950345,3193,87.88073394495413,17.750913903518413,5.791052551104815
many_moving,0.1,219,5786,158.5205479452055,17.889082924460144,5.762360277730732,3199,87.64383561643835,17.75077745424807,5.776714769039204
many_moving,0.1,220,5825,158.86363636363637,17.88906051293612,5.766977797508284,3205,87.4090909090909,17.750675629924576,5.763072738212431
many_moving,0.1,221,5833,158.36199095022624,17.88904315202205,5.762374335002113,3215,87.28506787330318,17.750637618005783,5.7607953538146415
many_moving,0.1,222,5873,158.7297297297297,17.88933259896417,5.792429683832717,3227,87.21621621621621,17.750632767458566,5.76322684447854
many_moving,0.1,223,5882,158.26008968609867,17.889325238165195,5.7934136264753135,3240,87.17488789237667,17.75083320975367,5.78221337550763
many_moving,0.1,224,5919,158.54464285714286,17.889463970241685,5.804935805455406,3245,86.91964285714286,17.75092010197247,5.794248290181147
many_moving,0.1,225,5929,158.10666666666665,17.889213703160916,5.779490295081157,3255,86.8,17.75105708795188,5.8056308367572935
many_moving,0.1,226,5967,158.41592920353983,17.88924961593663,5.781125917963802,3267,86.73451327433628,17.75132089649264,5.820819312808995
many_moving,0.1,227,5977,157.98237885462558,17.88901425536355,5.757543878923339,3273,86.51101321585904,17.751282414694202,5.812596262035866
many_moving,0.1,228,6015,158.28947368421052,17.88903443319037,5.755695683148696,3278,86.26315789473685,17.75120270034572,5.8035106058072214
many_moving,0.1,229,6024,157.83406113537117,17.889091533612937,5.765742224632735,3281,85.9650655021834,17.751145824394175,5.7929782478244665
many_moving,0.1,230,6063,158.16521739130434,17.88947870803364,5.809489054929114,3285,85.69565217391305,17.751204318536523,5.789525237289191
many_moving,0.1,231,6072,157.71428571428572,17.88918638853542,5.776479475037441,3285,85.32467532467533,17.751285623218116,5.7890805372284255
many_moving,0.1,232,6112,158.0689655172414,17.88896675273912,5.746795490840926,3286,84.98275862068967,17.75137275344604,5.790439893673697
many_moving,0.1,233,6122,157.6480686695279,17.888792825310823,5.722095036696105,3286,84.61802575107296,17.751456593177316,5.793000350228544
many_moving,0.1,234,6160,157.94871794871796,17.888847617766842,5.732207553916664,3286,84.25641025641026,17.75153271179581,5.797294751910782
many_moving,0.1,235,6170,157.53191489361703,17.888977393901975,5.745448090107801,3286,83.89787234042554,17.751599396697795,5.802036367587986
many_moving,0.1,236,6208,157.83050847457628,17.889115791342913,5.765727381864187,3287,83.5677966101695,17.75165645023787,5.806200505274436
many_moving,0.1,237,6217,157.39240506329114,17.889051837693568,5.765535357573802,3288,83.24050632911393,17.751704464671484,5.809706824408591
many_moving,0.1,238,6255,157.6890756302521,17.889503048649374,5.803669783335266,3294,83.04201680672269,17.75138564030392,5.785191416211741
many_moving,0.1,239,6264,157.255230125523,17.889245098148585,5.773944219298979,3294,82.69456066945607,17.751192831527526,5.7711811762418375
many_moving,0.1,240,6300,157.5,17.889583876220946,5.807997419354235,3299,82.475,17.75109433749831,5.765355460391052
many_moving,0.1,241,6310,157.0954356846473,17.889083823161553,5.76028897523342,3306,82.30705394190872,17.750553579657005,5.737075672246208
many_moving,0.1,242,6347,157.36363636363637,17.888865470723346,5.7331384615074,3307,81.99173553719008,17.750440461449525,5.735795115250192
many_moving,0.1,243,6355,156.9135802469136,17.889390980025762,5.79879724192578,3307,81.65432098765432,17.75062764435361,5.757502021530405
many_moving,0.1,244,6393,157.20491803278688,17.88974172169581,5.824306001547507,3309,81.3688524590164,17.750955102360916,5.785813547284258
many_moving,0.1,245,6402,156.78367346938776,17.89011664254721,5.847480418884716,3311,81.0857142857143,17.751328370666958,5.811170875722356
many_moving,0.1,246,6440,157.07317073170734,17.890541463302437,5.876226430562122,3311,80.75609756097562,17.75170642774897,5.8326530993586605
many_moving,0.1,247,6451,156.70445344129556,17.89009646953616,5.84850668909195,3312,80.45344129554657,17.75205971387529,5.850523979679509
many_moving,0.1,248,6490,157.01612903225805,17.88928200030285,5.778374429458795,3312,80.1290322580645,17.75237487899798,5.865218862125575
many_moving,0.1,249,6500,156.6265060240964,17.889024705886076,5.75573291808549,3312,79.80722891566263,17.752647833302,5.8772073197537305
many_moving,0.1,250,6539,156.93599999999998,17.88886887021343,5.733609623155757,3312,79.48799999999999,17.752879522408435,5.886934985042592
many_moving,0.1,251,6548,156.5258964143426,17.888855307643947,5.724221838707054,3318,79.31474103585657,17.753055020822114,5.890679159817472
many_moving,0.1,252,6588,156.85714285714283,17.888965371250187,5.7400128672003365,3324,79.14285714285714,17.753088288788508,5.885519333678551
many_moving,0.1,253,6598,156.47430830039525,17.88895416010504,5.728562385212125,3333,79.04347826086956,17.752900719647656,5.863696702807006
many_moving,0.1,254,6636,156.75590551181102,17.889020990702576,5.7426897076854075,3338,78.85039370078741,17.752787313347376,5.839074298617224
many_moving,0.1,255,6646,156.3764705882353,17.88892087784905,5.73605308429643,3348,78.7764705882353,17.752634060029767,5.821415873117917
many_moving,0.1,256,6685,156.6796875,17.889004688432824,5.74436521750806,3360,78.75,17.752222920606183,5.810655059808814
many_moving,0.1,257,6695,156.30350194552528,17.88893153418822,5.743390952408738,3366,78.58365758754864,17.751465192957536,5.7867609348139935
many_moving,0.1,258,6734,156.6046511627907,17.888840561634417,5.728726279369339,3366,78.27906976744187,17.750988869495867,5.767871378258817
many_moving,0.1,259,6744,156.23166023166024,17.888955030130905,5.750383937941274,3368,78.02316602316603,17.750724769044997,5.758706613256975
many_moving,0.1,260,6781,156.4846153846154,17.889134864234617,5.775417120468516,3368,77.72307692307693,17.75059965356988,5.757565972928017
many_moving,0.1,261,6789,156.0689655172414,17.889189872479996,5.769237324082206,3368,77.42528735632185,17.750561248481496,5.761154900107523
many_moving,0.1,262,6828,156.36641221374046,17.889476769218437,5.798101895278337,3369,77.1526717557252,17.750569987052593,5.765090795327499
many_moving,0.1,263,6837,155.97718631178708,17.88992759930532,5.80854109717634,3369,76.8593155893536,17.75060222506467,5.76876940095297
many_moving,0.1,264,6875,156.25,17.890509007661485,5.83491738810523,3369,76.56818181818181,17.750644169031222,5.772066595048616
many_moving,0.1,265,6884,155.8641509433962,17.890107274708235,5.822912407249994,3369,76.27924528301885,17.750688060094827,5.774968050233982
many_moving,0.1,266,6920,156.09022556390977,17.889917971734334,5.8277108562125735,3370,76.01503759398496,17.750729786685987,5.77749524396192
many_moving,0.1,267,6930,155.73033707865167,17.889695175858705,5.8147061518997,3371,75.75280898876404,17.750767400119926,5.779680409685012
many_moving,0.1,268,6968,155.99999999999997,17.889462215857733,5.78739494989061,3377,75.6044776119403,17.750810465317965,5.78282279756914
many_moving,0.1,269,6976,155.59851301115242,17.889667133727727,5.8022026270166664,3377,75.32342007434944,17.750891166556652,5.786695844722017
many_moving,0.1,270,7015,155.88888888888889,17.88969432926098,5.795623924817677,3382,75.15555555555555,17.75078414726907,5.7779420184997585
many_moving,0.1,271,7023,155.49077490774906,17.889441407983856,5.782228235784086,3389,75.03321033210332,17.750700980150068,5.773648247740866
many_moving,0.1,272,7061,155.7573529411765,17.889188069690896,5.767153745509116,3392,74.82352941176471,17.750583429330977,5.7621181143716615
many_moving,0.1,273,7071,155.40659340659343,17.889609438171853,5.802267633231209,3392,74.54945054945055,17.75059474181906,5.762534612702425
many_moving,0.1,274,7109,155.67153284671534,17.889980996442294,5.820561466871199,3394,74.32116788321167,17.750671217857015,5.769043324010536
many_moving,0.1,275,7119,155.32363636363638,17.890115713687333,5.829837642605158,3394,74.05090909090909,17.750698033033615,5.770057882197962
many_moving,0.1,276,7158,155.6086956521739,17.89024765742126,5.8365928290433065,3394,73.78260869565217,17.750745267010934,5.772802665656765
many_moving,0.1,277,7168,155.2635379061372,17.889713026761044,5.818439020682616,3401,73.66787003610109,17.75076612852531,5.773256397353165
many_moving,0.1,278,7207,155.54676258992805,17.889357203668137,5.796064502949912,3410,73.59712230215827,17.75086851642482,5.784276480111322
many_moving,0.1,279,7215,155.16129032258064,17.889089761855335,5.762417516064566,3420,73.54838709677419,17.750853450322822,5.7801390766449074
many_moving,0.1,280,7254,155.44285714285712,17.88908200415996,5.767956626283605,3429,73.47857142857141,17.75082332668461,5.781513383943657
many_moving,0.1,281,7263,155.08185053380782,17.88927610124004,5.792364027764297,3440,73.45195729537366,17.751054507059163,5.79724956881722
many_moving,0.1,282,7302,155.36170212765958,17.889549232548518,5.806865509864344,3451,73.42553191489363,17.750947851584243,5.791182386507518
many_moving,0.1,283,7312,155.02473498233215,17.889329815034987,5.787493058603955,3464,73.4416961130742,17.75081840277158,5.778480618773743
many_moving,0.1,284,7351,155.30281690140845,17.889203398059994,5.780167445467627,3468,73.26760563380282,17.75126863786669,5.811452710195068
many_moving,0.1,285,7361,154.96842105263158,17.88968450472103,5.812910052290191,3472,73.09473684210526,17.751706409783193,5.838498730955285
many_moving,0.1,286,7397,155.1818181818182,17.890070545496048,5.826758231394551,3478,72.96503496503497,17.751388510610116,5.821273470390862
many_moving,0.1,287,7406,154.82926829268294,17.890058206516596,5.829477693026944,3481,72.77351916376307,17.751220009818805,5.809855222531958
many_moving,0.1,288,7443,155.0625,17.89002701885653,5.840037345201074,3481,72.52083333333334,17.751164537007266,5.804312886880184
many_moving,0.1,289,7450,154.67128027681662,17.889606365690124,5.816449898148267,3483,72.31141868512111,17.751171000209226,5.802844547241285
many_moving,0.1,290,7489,154.9448275862069,17.8896768978453,5.8163957261229005,3483,72.06206896551724,17.751232073307936,5.806559543779396
many_moving,0.1,291,7499,154.61855670103094,17.889353994924534,5.80100192859108,3483,71.81443298969073,17.751307251381352,5.811023053810873
many_moving,0.1,292,7537,154.86986301369865,17.88926798544721,5.790065550645069,3484,71.58904109589041,17.751384248077965,5.815629192919005
many_moving,0.1,293,7547,154.54607508532422,17.88930038127774,5.788423994061332,3484,71.34470989761091,17.751456637134446,5.820108620691297
many_moving,0.1,294,7583,154.7551020408163,17.8891565807387,5.771002766720006,3484,71.10204081632652,17.75152145762927,5.824289372634315
many_moving,0.1,295,7592,154.4135593220339,17.889000022961945,5.757234701443266,3484,70.86101694915253,17.751577737260313,5.828038048080056
many_moving,0.1,296,7629,154.64189189189187,17.88896425793777,5.745666157914401,3485,70.64189189189189,17.751625592510603,5.831285179591909
many_moving,0.1,297,7640,154.34343434343432,17.888927993940133,5.744764768949052,3486,70.42424242424242,17.7516656892461,5.834028461850303
many_moving,0.1,298,7678,154.59060402684563,17.889071654161903,5.7686257215301096,3492,70.30872483221476,17.75172220955363,5.835060832119369
many_moving,0.1,299,7687,154.2541806020067,17.88902860509362,5.760187465101845,3494,70.11371237458194,17.751785413793623,5.836365630370053
many_moving,0.1,300,7726,154.52,17.889066230979882,5.7614429565665395,3498,69.96000000000001,17.7518430680911,5.837774197962942
many_moving,0.1,301,7733,154.14617940199335,17.88911378722051,5.760916948958508,3502,69.80730897009967,17.751837286481827,5.83753465822868
many_moving,0.1,302,7773,154.43046357615893,17.88921955609038,5.77321058732821,3505,69.63576158940397,17.751912738335605,5.8506002430258
many_moving,0.1,303,7783,154.11881188118812,17.888912299209355,5.738795175622115,3505,69.4059405940594,17.752141200808822,5.8679316853667425
many_moving,0.1,304,7821,154.36184210526318,17.88899607649743,5.750340600483823,3507,69.21710526315789,17.752431546496222,5.884912502183264
many_moving,0.1,305,7830,154.0327868852459,17.889052020056067,5.753913306802404,3507,68.99016393442623,17.75262521270198,5.892489887265063
many_moving,0.1,306,7867,154.25490196078434,17.88890140583437,5.7366096187687114,3507,68.76470588235294,17.752830369559472,5.899741062422286
many_moving,0.1,307,7876,153.928338762215,17.888929743534412,5.7426246924077216,3512,68.6384364820847,17.75358951911022,5.9292160861757415
many_moving,0.1,308,7914,154.16883116883116,17.889208388990593,5.776979723961725,3517,68.51298701298701,17.75307661015385,5.9098544838691005
many_moving,0.1,309,7924,153.8640776699029,17.889135714529107,5.7754851946336965,3522,68.3883495145631,17.752802295660594,5.897162662315358
many_moving,0.1,310,7962,154.1032258064516,17.88947333461642,5.8013969186057945,3526,68.24516129032259,17.752820582953976,5.895744433615826
many_moving,0.1,311,7969,153.74276527331187,17.889412432583725,5.7961196561210375,3532,68.14147909967845,17.752855281480578,5.8958422678212274
many_moving,0.1,312,8007,153.98076923076923,17.889354239030244,5.7836354793625135,3538,68.03846153846153,17.753003134827065,5.89951024363183
many_moving,0.1,313,8015,153.64217252396165,17.88892665007028,5.744231571893643,3547,67.99361022364216,17.75313206590575,5.9023020766046
many_moving,0.1,314,8052,153.85987261146497,17.88889942364475,5.734324654365411,3549,67.81528662420382,17.752908884924782,5.894102840560248
many_moving,0.1,315,8061,153.54285714285714,17.888869136316494,5.7286604741567455,3553,67.67619047619048,17.75277442693543,5.889121932113766
many_moving,0.1,316,8099,153.77848101265823,17.888848756462085,5.729038682175474,3557,67.5379746835443,17.752424123749375,5.873024729650533
many_moving,0.1,317,8109,153.4826498422713,17.888853174655836,5.7215516053077655,3560,67.38170347003155,17.75199357178411,5.849240633560895
many_moving,0.1,318,8148,153.73584905660377,17.8889817411201,5.745795593308382,3560,67.16981132075472,17.75177463925355,5.8363728276913545
many_moving,0.1,319,8158,153.44200626959247,17.888855272022816,5.732169083685831,3562,66.99686520376176,17.75167970909184,5.830843463730488
many_moving,0.1,320,8194,153.63750000000002,17.88901308913561,5.750865817763913,3562,66.78750000000001,17.751734775065763,5.835553795003723
many_moving,0.1,321,8203,153.3271028037383,17.88906075211842,5.759698884339756,3562,66.57943925233646,17.751842718896135,5.842659182910849
many_moving,0.1,322,8243,153.59627329192546,17.889150530046923,5.7771947454718156,3563,66.3913043478261,17.751969952618055,5.852818139728167
many_moving,0.1,323,8253,153.3065015479876,17.888905311007466,5.739928419163538,3563,66.18575851393189,17.752097895802613,5.863247426506496
many_moving,0.1,324,8292,153.55555555555554,17.888856112763726,5.730737544362393,3563,65.98148148148148,17.752216987105907,5.872244495318573
many_moving,0.1,325,8302,153.2676923076923,17.88878024932775,5.711983630094245,3563,65.77846153846154,17.75232296999395,5.879697210839078
many_moving,0.1,326,8341,153.51533742331287,17.88884004271574,5.7261042171990875,3564,65.59509202453987,17.752414609733467,5.885784611502536
many_moving,0.1,327,8350,153.21100917431193,17.888829037879503,5.724860363778323,3565,65.41284403669725,17.752492307268025,5.890722730983297
many_moving,0.1,328,8388,153.4390243902439,17.88906295176425,5.754633995716221,3573,65.35975609756098,17.752317516854575,5.877113972813544
many_moving,0.1,329,8396,153.11854103343467,17.888870111992723,5.735466543397987,3575,65.19756838905775,17.752256014778425,5.869287246829215
many_moving,0.1,330,8434,153.34545454545454,17.888957471280346,5.74731900240965,3579,65.07272727272726,17.752275189453076,5.868690840772156
many_moving,0.1,331,8442,153.02719033232628,17.88890061312331,5.736407160163321,3583,64.94864048338368,17.751523689518965,5.8332020276460295
many_moving,0.1,332,8481,153.2710843373494,17.88883592972927,5.727659727552366,3586,64.80722891566266,17.751016491324545,5.78810165685586
many_moving,0.1,333,8491,152.990990990991,17.88888198172735,5.7380038948387035,3586,64.61261261261262,17.750919499092305,5.779843067039938
many_moving,0.1,334,8529,153.21556886227546,17.889062463014657,5.7689426076862285,3588,64.45508982035929,17.751039319194206,5.790492422627198
many_moving,0.1,335,8538,152.91940298507464,17.889094640488768,5.7627262870022395,3588,64.26268656716418,17.7512614142324,5.804178556675475
many_moving,0.1,336,8577,153.1607142857143,17.889003829620112,5.74803129244784,3588,64.07142857142858,17.75151982679324,5.8202682671094905
many_moving,0.1,337,8587,152.88427299703267,17.889021968865826,5.7478952787717805,3589,63.89910979228487,17.75177819845775,5.835140362070867
many_moving,0.1,338,8625,153.10650887573962,17.888973432529234,5.747612299211976,3589,63.71005917159763,17.752017930822156,5.847781653394505
many_moving,0.1,339,8634,152.81415929203538,17.88895524178022,5.739924060357136,3589,63.5221238938053,17.752230850998476,5.858268048099803
many_moving,0.1,340,8673,153.05294117647057,17.88896894408762,5.745471338097548,3589,63.33529411764705,17.752414708855362,5.866865212617615
many_moving,0.1,341,8681,152.74486803519062,17.888952804055045,5.742637134315379,3598,63.30791788856305,17.752564121481917,5.868024621036835
many_moving,0.1,342,8721,153,17.889131783862645,5.767224800768934,3608,63.29824561403509,17.752582474186582,5.868655085244141
many_moving,0.1,343,8731,152.72886297376093,17.889073129580062,5.76305954356261,3625,63.411078717201164,17.752550580137353,5.861663465905719
many_moving,0.1,344,8770,152.96511627906978,17.88899739952554,5.745359418259938,3637,63.43604651162791,17.752593848634056,5.871691612473545
many_moving,0.1,345,8778,152.66086956521738,17.889554948182166,5.787173636341194,3652,63.51304347826087,17.752530515233566,5.860371407544094
many_moving,0.1,346,8817,152.89595375722544,17.891351756166355,5.870104959209313,3663,63.52023121387283,17.75217699355672,5.826778959770547
many_moving,0.1,347,8828,152.64553314121036,17.889697430966596,5.794178066715288,3675,63.544668587896254,17.752110836982308,5.822610385965946
many_moving,0.1,348,8865,152.8448275862069,17.889119670179937,5.756718721731195,3681,63.46551724137932,17.75233988097968,5.855301289179577
many_moving,0.1,349,8873,152.54441260744986,17.888828840626037,5.726066480257981,3689,63.421203438395416,17.752581352694836,5.872114318868586
many_moving,0.1,350,8912,152.77714285714288,17.888903052044714,5.72546750227555,3691,63.274285714285725,17.752756766100696,5.884422353413203
many_moving,0.1,351,8922,152.51282051282053,17.88887080088153,5.725055241980848,3691,63.094017094017104,17.752992181545704,5.900525272008243
many_moving,0.1,352,8959,152.71022727272728,17.888936003788878,5.735879424949226,3692,62.93181818181819,17.753241335975027,5.9160815618254965
many_moving,0.1,353,8969,152.44759206798867,17.88897129988901,5.745043746779218,3692,62.753541076487245,17.753479568637715,5.929807579698414
many_moving,0.1,354,9007,152.66101694915255,17.889086480864943,5.758479299629088,3692,62.57627118644067,17.75369504767146,5.941405491192997
many_moving,0.1,355,9017,152.4,17.888835056311784,5.717682755170349,3692,62.39999999999999,17.753883357691056,5.950992768393864
many_moving,0.1,356,9053,152.57865168539325,17.888753911754495,5.708528606786962,3693,62.241573033707866,17.754044196427376,5.95882513373872
many_moving,0.1,357,9064,152.3361344537815,17.888866913504184,5.733217574056571,3694,62.08403361344537,17.754179388219736,5.9651803902959895
many_moving,0.1,358,9103,152.56424581005587,17.88894562357315,5.749380611499701,3702,62.04469273743017,17.754462841244056,5.975471996189246
many_moving,0.1,359,9111,152.27298050139277,17.88887044974609,5.734555910212127,3704,61.90529247910863,17.75410239642182,5.961370175775201
many_moving,0.1,360,9150,152.5,17.888959111090152,5.7489406193415515,3708,61.800000000000004,17.754025906446067,5.95540018293463
many_moving,0.1,361,9159,152.22714681440442,17.88904764412775,5.758698354606624,3708,61.62880886426593,17.753721874533113,5.942797886633697
many_moving,0.1,362,9198,152.45303867403314,17.88925247050642,5.780462074677752,3711,61.508287292817684,17.75334416780353,5.925861215371741
many_moving,0.1,363,9208,152.19834710743802,17.889397964480747,5.798110654954537,3711,61.33884297520662,17.753111987724537,5.915830544768061
many_moving,0.1,364,9247,152.42307692307693,17.88947909935596,5.802109112422523,3718,61.28571428571429,17.75241303007948,5.886947064616263
many_moving,0.1,365,9256,152.15342465753426,17.88943640239777,5.807337770537952,3725,61.23287671232877,17.751710756873152,5.850377038261106
many_moving,0.1,366,9295,152.37704918032787,17.88976926404471,5.827941108473354,3730,61.14754098360656,17.7512193150146,5.817075314238396
many_moving,0.1,367,9306,152.14168937329703,17.88952711750111,5.806314016707825,3736,61.07901907356949,17.75101159967882,5.796347708446902
many_moving,0.1,368,9345,152.3641304347826,17.889388017112562,5.790719260832736,3741,60.994565217391305,17.751066801489298,5.799769920734033
many_moving,0.1,369,9355,152.11382113821136,17.889569431938256,5.814389254937796,3746,60.91056910569106,17.751072146373108,5.796662938607886
many_moving,0.1,370,9392,152.3027027027027,17.8896737613089,5.821884961003096,3751,60.82702702702703,17.751137461714958,5.799220027461834
many_moving,0.1,371,9401,152.0377358490566,17.889848789707347,5.837779933469941,3753,60.695417789757414,17.751276107680766,5.814063901463094
many_moving,0.1,372,9438,152.2258064516129,17.88983050903155,5.832677468823815,3754,60.548387096774185,17.751505731920822,5.835305832562732
many_moving,0.1,373,9446,151.94638069705093,17.88941858702163,5.798980196700639,3762,60.51474530831099,17.75167101989018,5.848413185624956
many_moving,0.1,374,9485,152.1657754010695,17.889336340775767,5.797772712466676,3764,60.38502673796791,17.751750156177625,5.854905915329544
many_moving,0.1,375,9494,151.904,17.889685128789306,5.826638874052183,3766,60.256,17.751834194960736,5.8607963565762455
many_moving,0.1,376,9533,152.12234042553192,17.889881718309812,5.830229292609774,3768,60.12765957446809,17.751780182527906,5.857174939442692
many_moving,0.1,377,9544,151.89389920424404,17.88984316437338,5.827914740488273,3771,60.0159151193634,17.75163103405063,5.846633640739799
many_moving,0.1,378,9583,152.11111111111111,17.889765277158716,5.827702341777637,3771,59.85714285714286,17.751540304827298,5.8386893836551215
many_moving,0.1,379,9593,151.86807387862797,17.889794171516478,5.832636433697941,3777,59.794195250659634,17.75137532615514,5.8254226128793745
many_moving,0.1,380,9630,152.05263157894737,17.88987011383694,5.834358697521537,3785,59.76315789473684,17.751244502749515,5.811923104675971
many_moving,0.1,381,9639,151.7952755905512,17.8897486243715,5.826793942288614,3795,59.76377952755906,17.75089349492822,5.793381037231294
many_moving,0.1,382,9679,152.0261780104712,17.88957461178409,5.815980804160384,3805,59.76439790575917,17.75064746397738,5.773919706011097
many_moving,0.1,383,9686,151.73890339425586,17.88935852101023,5.793486215613461,3815,59.765013054830284,17.75066681965862,5.769909335407994
many_moving,0.1,384,9725,151.953125,17.88961347196688,5.810572214112304,3825,59.765625,17.750834892011756,5.785082377379257
many_moving,0.1,385,9735,151.7142857142857,17.889417941247014,5.7988776113854055,3836,59.78181818181818,17.750630645213782,5.771464126957518
many_moving,0.1,386,9774,151.92746113989637,17.889487296925566,5.8049057796670676,3846,59.78238341968912,17.750298322696178,5.73716422049417
many_moving,0.1,387,9784,151.68992248062014,17.889485676204732,5.811304201719086,3848,59.65891472868217,17.750150643164563,5.711960801837978
many_moving,0.1,388,9823,151.9020618556701,17.889409818577693,5.806672893822427,3855,59.613402061855666,17.75005713848849,5.694732406707812
many_moving,0.1,389,9831,151.6349614395887,17.889591559689954,5.812547689573373,3855,59.46015424164524,17.750068993561317,5.700822763603936
many_moving,0.1,390,9870,151.84615384615384,17.889747336476233,5.823606754863617,3857,59.33846153846154,17.750154014996166,5.71830363542112
many_moving,0.1,391,9880,151.61125319693096,17.889764415941144,5.827837025005339,3859,59.21739130434782,17.750317206273646,5.74109909123573
many_moving,0.1,392,9917,151.79081632653063,17.88981892584218,5.83376754071576,3862,59.11224489795918,17.750482801959297,5.75647659505635
many_moving,0.1,393,9926,151.54198473282443,17.889608403224894,5.819775553524002,3862,58.961832061068705,17.750677125076688,5.773000569390936
many_moving,0.1,394,9964,151.73604060913706,17.889643138169912,5.818829963546345,3864,58.84263959390863,17.750872139071518,5.788103671940535
many_moving,0.1,395,9972,151.473417721519,17.889787648833202,5.835547227761634,3864,58.69367088607595,17.751059051519064,5.799352100463745
many_moving,0.1,396,10011,151.6818181818182,17.889883916191295,5.842457573961224,3864,58.54545454545455,17.751232706074415,5.8086267344544416
many_moving,0.1,397,10018,151.40554156171285,17.889510587026837,5.814065267228756,3865,58.413098236775824,17.75138706717259,5.816348517099996
many_moving,0.1,398,10055,151.58291457286433,17.889281385099515,5.789754786226307,3865,58.266331658291456,17.751520434827587,5.822904447209771
many_moving,0.1,399,10062,151.30827067669173,17.889050722247024,5.765078711385002,3865,58.1203007518797,17.751633450748034,5.828526764278534
many_moving,0.1,400,10100,151.5,17.88894764874505,5.750350555261032,3867,58.004999999999995,17.751727909112685,5.833283554946063
many_moving,0.1,401,10109,151.25685785536157,17.888950810829975,5.742729950082058,3872,57.935162094763086,17.751587354086627,5.822303698856503
many_moving,0.1,402,10149,151.4776119402985,17.888939155939223,5.74449842065264,3873,57.80597014925373,17.75171709780625,5.828896989778098
many_moving,0.1,403,10159,151.25062034739454,17.88885703101161,5.729827995359749,3880,57.7667493796526,17.75171784833185,5.8293809957511105
many_moving,0.1,404,10196,151.42574257425744,17.888870797994997,5.732971203403895,3880,57.62376237623762,17.751721187311286,5.819959568916904
many_moving,0.1,405,10205,151.1851851851852,17.888843762443347,5.724227898264924,3882,57.51111111111111,17.751845793556434,5.818832841762243
many_moving,0.1,406,10243,151.3743842364532,17.88897581728016,5.749606942635291,3882,57.36945812807882,17.751830642957618,5.822587186306211
many_moving,0.1,407,10254,151.16461916461918,17.88905126773958,5.757335205157388,3885,57.27272727272727,17.75165466436948,5.818749067841992
many_moving,0.1,408,10293,151.36764705882354,17.88929347007834,5.7796301423551215,3885,57.13235294117647,17.75162556478135,5.819036753699832
many_moving,0.1,409,10303,151.1442542787286,17.889183204646223,5.779948569643273,3887,57.02200488997555,17.75167366043362,5.821836328960861
many_moving,0.1,410,10340,151.3170731707317,17.889255497920395,5.785048415015325,3887,56.88292682926829,17.751706603379702,5.822282712002522
many_moving,0.1,411,10349,151.08029197080293,17.88915787961483,5.777300451543715,3887,56.74452554744526,17.751776824822418,5.825769276894225
many_moving,0.1,412,10388,151.28155339805826,17.889065966068944,5.768349050213107,3888,56.62135922330098,17.751861066285166,5.830220944447983
many_moving,0.1,413,10396,151.03147699757866,17.888984867501982,5.755897496846808,3888,56.48426150121065,17.751946415050494,5.83447270035203
many_moving,0.1,414,10435,151.231884057971,17.889051115299754,5.764397170687858,3888,56.34782608695652,17.752026182745833,5.838279756055816
many_moving,0.1,415,10444,150.9975903614458,17.88891487623689,5.737391784045775,3890,56.24096385542168,17.75209734815516,5.84167573578816
many_moving,0.1,416,10483,151.1971153846154,17.88919649049021,5.769326244744403,3900,56.25,17.752170941008696,5.837990047916586
many_moving,0.1,417,10491,150.94964028776977,17.889492009212184,5.800441464128162,3906,56.201438848920866,17.751961897685703,5.837880570883981
many_moving,0.1,418,10529,151.13397129186603,17.889687750080665,5.812041536450733,3919,56.253588516746404,17.751607573697065,5.8253407816821765
many_moving,0.1,419,10539,150.9164677804296,17.8893411600132,5.78974149463607,3923,56.17661097852029,17.751113563114384,5.802269855692473
many_moving,0.1,420,10574,151.05714285714288,17.889505889000077,5.798914246068486,3928,56.114285714285714,17.750807130451594,5.781777265688709
many_moving,0.1,421,10582,150.812351543943,17.889358197669818,5.782163374329302,3934,56.06650831353919,17.750713577061635,5.768373145471268
many_moving,0.1,422,10621,151.00947867298578,17.889143847039122,5.766273295774892,3943,56.06161137440758,17.75070717092447,5.761673896809844
many_moving,0.1,423,10628,150.75177304964538,17.889443356161767,5.802895055050899,3948,56,17.750872367212523,5.772187917486583
many_moving,0.1,424,10665,150.91981132075472,17.889821804380613,5.819773469272258,3952,55.924528301886795,17.75107320003306,5.790309847168003
many_moving,0.1,425,10674,150.69176470588238,17.889106783953977,5.7540298735405795,3956,55.84941176470589,17.75124409243762,5.80477942743903
many_moving,0.1,426,10710,150.84507042253523,17.888985980153095,5.754651042102077,3960,55.774647887323944,17.751257036158933,5.802073912720951
many_moving,0.1,427,10721,150.6463700234192,17.88897513988902,5.752579170600023,3965,55.714285714285715,17.751346028158896,5.809967350677475
many_moving,0.1,428,10757,150.79906542056074,17.88903007806947,5.75965403233687,3969,55.640186915887845,17.75145210815793,5.818894309830062
many_moving,0.1,429,10767,150.5874125874126,17.88965675803464,5.821256249410937,3971,55.53846153846154,17.751516912642458,5.822356670356443
many_moving,0.1,430,10806,150.78139534883718,17.890661916927044,5.877646238476686,3973,55.43720930232558,17.751603325479216,5.828998242545344
many_moving,0.1,431,10815,150.5568445475638,17.890396273061494,5.850202699531346,3978,55.37819025522042,17.7510780837802,5.798718767772865
many_moving,0.1,432,10854,150.75,17.89027256552728,5.838719558121647,3979,55.263888888888886,17.750766481576765,5.776589882332428
many_moving,0.1,433,10863,150.52655889145495,17.89008791153071,5.829396334031208,3987,55.24711316397229,17.750511004508013,5.753109915518915
many_moving,0.1,434,10899,150.67741935483872,17.889808838246594,5.808778451270596,3987,55.11981566820276,17.75041550549411,5.7451250053943985
many_moving,0.1,435,10909,150.4689655172414,17.89003310990854,5.822312006178956,3989,55.02068965517241,17.750472063260087,5.753814944271014
many_moving,0.1,436,10948,150.6605504587156,17.890331827940873,5.8416132140674515,3990,54.908256880733944,17.7505710230403,5.761952718882015
many_moving,0.1,437,10959,150.46681922196797,17.88969876667254,5.800857301167104,3993,54.82379862700229,17.750626756527893,5.76114693887064
many_moving,0.1,438,10998,150.65753424657535,17.88931278294105,5.7747794524108125,3993,54.6986301369863,17.75076421580402,5.769122882730203
many_moving,0.1,439,11008,150.4510250569476,17.889412320214774,5.787958391635781,3993,54.57403189066059,17.750933580569676,5.7811553920856324
many_moving,0.1,440,11045,150.61363636363637,17.889558875968202,5.805933621418856,3993,54.45,17.751107065204618,5.794200900861076
many_moving,0.1,441,11053,150.38095238095238,17.889646693168235,5.819338293594924,3993,54.3265306122449,17.751270157133007,5.806043053075838
many_moving,0.1,442,11092,150.57013574660635,17.889573743075246,5.8110451470006215,3994,54.217194570135746,17.751416179572317,5.81603354398313
many_moving,0.1,443,11102,150.36568848758463,17.88936032697393,5.783482645388483,4000,54.17607223476298,17.751498020377287,5.8208068888380415
many_moving,0.1,444,11138,150.5135135135135,17.88926603698828,5.7582535903384535,4008,54.16216216216216,17.751447639071156,5.817105664451728
many_moving,0.1,445,11147,150.29662921348316,17.88926394495645,5.764345561825404,4016,54.14831460674157,17.751425488044518,5.81486865210321
many_moving,0.1,446,11183,150.4439461883408,17.88931197145995,5.7727121466179945,4025,54.147982062780265,17.751042435014597,5.7963008762527775
many_moving,0.1,447,11189,150.18791946308727,17.889464837035117,5.798103651134281,4032,54.12080536912752,17.750743617764517,5.7720395235219835
many_moving,0.1,448,11226,150.34821428571428,17.889576492922888,5.807575371024702,4044,54.160714285714285,17.750448407376446,5.743842568940302
many_moving,0.1,449,11234,150.12026726057908,17.88933620674207,5.795805450595985,4050,54.12026726057906,17.750379587098443,5.736639109572249
many_moving,0.1,450,11273,150.30666666666667,17.889192273228446,5.7804572147536435,4054,54.05333333333333,17.75032460109249,5.730662533863467
many_moving,0.1,451,11283,150.10643015521063,17.88908598192213,5.767521198540224,4056,53.96008869179601,17.750365562488582,5.735892802400327
many_moving,0.1,452,11322,150.2920353982301,17.889045494427762,5.758150362496491,4059,53.88053097345133,17.750437426733395,5.742189780725063
many_moving,0.1,453,11330,150.0662251655629,17.88898360734093,5.750447319077858,4059,53.76158940397351,17.750540395664288,5.7523138000774505
many_moving,0.1,454,11368,150.23788546255506,17.88891926490275,5.736279614405591,4062,53.68281938325991,17.750606257712757,5.75662912916407
many_moving,0.1,455,11374,149.9868131868132,17.88905112316892,5.7458401209624235,4067,53.63076923076923,17.750714231333927,5.768229781078347
many_moving,0.1,456,11413,150.17105263157896,17.88926812399673,5.774592788979397,4071,53.56578947368422,17.750966602780668,5.789292310865095
many_moving,0.1,457,11423,149.9737417943107,17.889453810663763,5.782580428195882,4077,53.527352297593,17.7511331356235,5.8035398178291135
many_moving,0.1,458,11462,150.15720524017468,17.889634410254544,5.7936791395674625,4084,53.50218340611353,17.751242915668765,5.813999623422938
many_moving,0.1,459,11472,149.9607843137255,17.889588644548816,5.81436725191,4089,53.45098039215686,17.751169701380288,5.8080058973572815
many_moving,0.1,460,11508,150.10434782608695,17.889910177021296,5.844864692032081,4092,53.373913043478254,17.75115652107547,5.807610364558698
many_moving,0.1,461,11517,149.89587852494577,17.889949665902403,5.847584291170468,4097,53.3232104121475,17.751135101347256,5.803885996543832
many_moving,0.1,462,11557,150.0909090909091,17.890180920822495,5.867442887671145,4098,53.22077922077922,17.751127876615787,5.801537323705021
many_moving,0.1,463,11564,149.8574514038877,17.889967428905198,5.854384584292335,4105,53.196544276457885,17.750942854989326,5.777630525485012
many_moving,0.1,464,11602,150.02586206896552,17.889589166456318,5.823165771313764,4107,53.10775862068965,17.750654815378073,5.754241249331941
many_moving,0.1,465,11612,149.83225806451614,17.889149973459684,5.774322637789318,4114,53.08387096774193,17.750494555539994,5.741538554462272
many_moving,0.1,466,11650,150,17.888926902808958,5.738200800163197,4121,53.06008583690988,17.75048457067901,5.7460698468766624
many_moving,0.1,467,11661,149.82012847965737,17.888814853084156,5.725468517267398,4127,53.023554603854386,17.750605276202926,5.758314585772901
many_moving,0.1,468,11699,149.9871794871795,17.889195491756368,5.779203077637428,4131,52.96153846153847,17.750562252743993,5.758960317537428
many_moving,0.1,469,11708,149.7825159914712,17.88928198070708,5.787056362051181,4135,52.8997867803838,17.750786097724227,5.778238891565377
many_moving,0.1,470,11746,149.94893617021276,17.889146366372447,5.7699723712577065,4143,52.889361702127665,17.75112155096538,5.798301169718463
many_moving,0.1,471,11752,149.70700636942675,17.889029476158882,5.7544595170770245,4152,52.89171974522293,17.75099392034768,5.777753354947131
many_moving,0.1,472,11792,149.89830508474577,17.888905636287227,5.732972190926856,4157,52.84322033898305,17.750932891923465,5.775742083363306
many_moving,0.1,473,11802,149.70824524312897,17.889102474538294,5.771608540279795,4163,52.807610993657505,17.75093263556089,5.775708200569424
many_moving,0.1,474,11840,149.873417721519,17.889390265038145,5.803453099920872,4167,52.74683544303797,17.75098058736284,5.786733965933786
many_moving,0.1,475,11848,149.65894736842105,17.889248285558068,5.783098917320887,4173,52.71157894736842,17.751079339133714,5.797894861677105
many_moving,0.1,476,11886,149.8235294117647,17.889164477072317,5.768033751654733,4178,52.66386554621849,17.75099046368304,5.785520458552835
many_moving,0.1,477,11896,149.63522012578616,17.88888666130504,5.74085392469448,4179,52.56603773584905,17.7509970132452,5.7823784002161265
many_moving,0.1,478,11934,149.79916317991632,17.888991809296005,5.753439218586879,4187,52.55648535564853,17.75073613197665,5.761565506154399
many_moving,0.1,479,11943,149.5991649269311,17.889053131866753,5.756905752938706,4189,52.47181628392484,17.750561228074787,5.7458132836554014
many_moving,0.1,480,11982,149.775,17.88888890965427,5.739354199637486,4191,52.3875,17.750573258582353,5.748441832126168
many_moving,0.1,481,11992,149.58835758835758,17.88897214094655,5.747341555360283,4193,52.3035343035343,17.750622754544366,5.752424361647614
many_moving,0.1,482,12031,149.76348547717842,17.889198029849997,5.77970654957546,4194,52.20746887966805,17.75069413115622,5.757506555355054
many_moving,0.1,483,12041,149.57763975155277,17.888948116322812,5.747266652283573,4194,52.09937888198757,17.75077157486387,5.763124434891641
many_moving,0.1,484,12078,149.72727272727272,17.888966860852612,5.747978842806797,4194,51.99173553719008,17.750846550646138,5.768941675517231
many_moving,0.1,485,12088,149.5422680412371,17.888930599660718,5.733708595636691,4194,51.88453608247422,17.75091486543591,5.7744954559528825
many_moving,0.1,486,12127,149.71604938271605,17.889060852481222,5.753353315612,4196,51.802469135802475,17.75096277254445,5.779746416498872
many_moving,0.1,487,12136,149.5195071868583,17.88906198467098,5.752711759075032,4197,51.708418891170425,17.75100699257146,5.784331629502521
many_moving,0.1,488,12174,149.6803278688525,17.88914932116732,5.7593189175531965,4199,51.627049180327866,17.751046142295483,5.78820071362515
many_moving,0.1,489,12184,149.49693251533742,17.88902047273887,5.759970663374785,4199,51.52147239263803,17.751217498198304,5.795574941885855
many_moving,0.1,490,12223,149.66938775510204,17.889391959318026,5.796217710588969,4201,51.440816326530616,17.751383581037697,5.802637362239266
many_moving,0.1,491,12230,149.45010183299388,17.88946234371092,5.779777228387167,4204,51.37270875763747,17.751412105731507,5.7941189913025335
many_moving,0.1,492,12268,149.609756097561,17.889309116830294,5.767960093764181,4205,51.28048780487806,17.751505012473327,5.794082518878203
many_moving,0.1,493,12277,149.4158215010142,17.889350079363084,5.783470412986747,4213,51.27383367139959,17.751306546413623,5.788274202284268
many_moving,0.1,494,12313,149.5506072874494,17.890013877242993,5.834336652093091,4215,51.194331983805675,17.751250081922645,5.792731740912893
many_moving,0.1,495,12323,149.36969696969697,17.889815223821575,5.819700267710538,4217,51.11515151515152,17.751125996748275,5.789848992706233
many_moving,0.1,496,12361,149.5282258064516,17.889886184914566,5.83298830733384,4218,51.024193548387096,17.751092111318393,5.790369325695591
many_moving,0.1,497,12371,149.3480885311871,17.88943061719728,5.799050345102781,4219,50.93360160965795,17.7511178903936,5.7942700009617045
many_moving,0.1,498,12408,149.49397590361443,17.889311946450462,5.783523100873198,4219,50.831325301204814,17.75117236631856,5.800008497255263
many_moving,0.1,499,12418,149.31462925851704,17.889084726362302,5.7607762362647446,4219,50.72945891783567,17.751237615096986,5.806421263673345
many_moving,0.1,500,12457,149.484,17.88925122083274,5.7765049980590275,4219,50.62799999999999,17.751303682825228,5.812650814566011
many_moving,0.1,501,12465,149.2814371257485,17.88939323679828,5.780936971423063,4221,50.55089820359282,17.751248433365475,5.8126590977855255
many_moving,0.1,502,12501,149.41434262948206,17.88939267749182,5.785809066316567,4222,50.46215139442231,17.75123260294479,5.813758190758505
many_moving,0.1,503,12510,149.22465208747516,17.889256867634156,5.777645572484213,4224,50.385685884691846,17.751238095226956,5.815180816655614
many_moving,0.1,504,12547,149.36904761904762,17.889168216984494,5.773110042253867,4224,50.28571428571428,17.751306926870317,5.8228852183901925
many_moving,0.1,505,12557,149.1920792079208,17.889068026706884,5.759074587805225,4226,50.209900990099015,17.75139600753706,5.829993713945027
many_moving,0.1,506,12596,149.35968379446638,17.888955243382913,5.736922810614177,4229,50.14624505928853,17.75149765085451,5.83554353033041
many_moving,0.1,507,12607,149.19526627218937,17.889150034789917,5.76439476021976,4230,50.05917159763314,17.7516084140897,5.841128845186032
many_moving,0.1,508,12645,149.3503937007874,17.88938503686889,5.787752333135196,4237,50.04330708661417,17.751571046041406,5.83816868067128
many_moving,0.1,509,12654,149.16306483300593,17.889363467165758,5.779997343029951,4239,49.96856581532417,17.751361033985347,5.82167624083797
many_moving,0.1,510,12691,149.30588235294115,17.88962826052779,5.804858361048833,4241,49.89411764705883,17.75130131834886,5.8124133320991245
many_moving,0.1,511,12698,149.09589041095887,17.88953857629082,5.8029939669115365,4243,49.81996086105675,17.751280670579266,5.8048946601845675
many_moving,0.1,512,12737,149.26171875,17.889341709838043,5.784675921608342,4244,49.734375,17.751302224742084,5.80295540691418
many_moving,0.1,513,12746,149.07602339181284,17.889093291060917,5.762059098926206,4244,49.637426900584785,17.751343827589288,5.804469728325649
many_moving,0.1,514,12782,149.20622568093387,17.88880244153946,5.719960660293002,4244,49.540856031128406,17.751392696376584,5.8069974011189105
many_moving,0.1,515,12790,149.00970873786406,17.888866074041637,5.731718012794652,4244,49.44466019417475,17.751441764899674,5.809647653004161
many_moving,0.1,516,12827,149.1511627906977,17.88893297031504,5.74295397031497,4246,49.37209302325582,17.751370059192066,5.806860209454959
many_moving,0.1,517,12838,148.99032882011605,17.889029208336897,5.75531363278355,4247,49.28820116054158,17.751324126367606,5.805027210171728
many_moving,0.1,518,12876,149.14285714285714,17.889300518934068,5.785662570809089,4249,49.21621621621622,17.751294697431092,5.803813335289366
many_moving,0.1,519,12886,148.97109826589593,17.88938546791078,5.799705334643599,4249,49.12138728323699,17.75100750954765,5.786226688896493
many_moving,0.1,520,12923,149.11153846153846,17.889411134948677,5.798678906292241,4251,49.050000000000004,17.75083762411745,5.774559216026728
many_moving,0.1,521,12932,148.92898272552785,17.889580783960646,5.815424045099295,4254,48.99040307101727,17.750771459934125,5.772397277546379
many_moving,0.1,522,12971,149.09195402298852,17.889799884567033,5.828619032486736,4259,48.95402298850575,17.75080911839764,5.7777200057266604
many_moving,0.1,523,12980,148.91013384321224,17.889561222094958,5.8092794801827905,4273,49.021032504780116,17.75065615952428,5.769617691713711
many_moving,0.1,524,13018,149.06106870229007,17.889457962156055,5.788314242962853,4279,48.99618320610687,17.750659670920136,5.767715763316088
many_moving,0.1,525,13028,148.89142857142858,17.88943774318206,5.7888029217759085,4287,48.994285714285716,17.750775867436232,5.771464320409952
many_moving,0.1,526,13066,149.04182509505702,17.889513543541966,5.795247590824184,4293,48.969581749049425,17.75109056061517,5.788729108228189
many_moving,0.1,527,13076,148.87286527514232,17.88955787732366,5.789450722359136,4300,48.95635673624289,17.751281756983783,5.801098416385619
many_moving,0.1,528,13113,149.01136363636363,17.889729223272756,5.813119631641559,4306,48.93181818181818,17.751568491418592,5.816754776356302
many_moving,0.1,529,13122,148.83175803402648,17.889102972181238,5.763191447935894,4307,48.85066162570889,17.75168901087396,5.823110948027175
many_moving,0.1,530,13161,148.99245283018865,17.888868609545213,5.731312397206162,4307,48.75849056603773,17.751816182978377,5.830286011926085
many_moving,0.1,531,13168,148.7909604519774,17.888994745975822,5.757421283795369,4309,48.68926553672316,17.751907089579856,5.834398379078109
many_moving,0.1,532,13208,148.96240601503757,17.889001873011868,5.755712778898258,4316,48.67669172932331,17.751847384560353,5.826132190685157
many_moving,0.1,533,13216,148.77298311444653,17.88885677689867,5.729697398223567,4324,48.67542213883677,17.751779839796924,5.810050089023603
many_moving,0.1,534,13254,148.92134831460675,17.88881652410322,5.721922865554773,4329,48.64044943820224,17.751788690517948,5.803698267555681
many_moving,0.1,535,13264,148.7551401869159,17.888895541365542,5.738958093392519,4337,48.6392523364486,17.751771246977373,5.7971639473969026
many_moving,0.1,536,13303,148.9141791044776,17.8888505790544,5.729623796396124,4346,48.649253731343286,17.750749257191533,5.75318809817958
many_moving,0.1,537,13313,148.74860335195532,17.888991842374235,5.750246419195163,4353,48.63687150837989,17.75025391259491,5.724218750514593
many_moving,0.1,538,13352,148.90706319702602,17.889076489825275,5.75461826242631,4364,48.669144981412636,17.750009493092197,5.693337538579502
many_moving,0.1,539,13361,148.7309833024119,17.889113500697405,5.766086383392549,4364,48.57884972170687,17.749993099082353,5.689185887641701
many_moving,0.1,540,13397,148.85555555555555,17.889095776156097,5.768805342572673,4366,48.51111111111111,17.750005730383425,5.690765096481636
many_moving,0.1,541,13406,148.68022181146023,17.88900691630242,5.746709138725011,4368,48.443622920517555,17.75002274423609,5.69156186841681
many_moving,0.1,542,13445,148.83763837638378,17.88902310501306,5.753475812178868,4369,48.36531365313653,17.750054456323937,5.6956420199651445
many_moving,0.1,543,13454,148.66298342541435,17.888777853499484,5.714862929363236,4371,48.29834254143646,17.75006107444431,5.697024838757288
many_moving,0.1,544,13492,148.80882352941177,17.888858396354617,5.731486295430729,4371,48.20955882352941,17.750123647408074,5.705803187867524
many_moving,0.1,545,13502,148.64587155963304,17.88890220440883,5.744248717700371,4371,48.12110091743119,17.75027800239521,5.7222573669132455
many_moving,0.1,546,13540,148.7912087912088,17.888879179097238,5.736190957125817,4373,48.05494505494506,17.75045683225784,5.7382777395899005
many_moving,0.1,547,13550,148.6288848263254,17.888834401293458,5.726275803279471,4374,47.9780621572212,17.75065851269214,5.755670872282662
many_moving,0.1,548,13587,148.76277372262774,17.888849945307282,5.730057947065869,4376,47.91240875912409,17.750857371958492,5.7709035941862705
many_moving,0.1,549,13595,148.5792349726776,17.88884275192613,5.727497423939409,4376,47.82513661202186,17.751084237758477,5.788518669734418
many_moving,0.1,550,13633,148.72363636363636,17.88888228761481,5.731073775814176,4378,47.760000000000005,17.751299963250833,5.80292156949476
many_moving,0.1,551,13642,148.55172413793105,17.888807052301683,5.721564249806508,4381,47.705989110707804,17.752118959487074,5.857642247618228
many_moving,0.1,552,13679,148.68478260869568,17.888941653016424,5.747154356104752,4386,47.673913043478265,17.753301181466266,5.918552264526262
many_moving,0.1,553,13687,148.50271247739602,17.88893101591391,5.74020400098699,4399,47.728752260397826,17.753347007986505,5.902466051484459
many_moving,0.1,554,13724,148.63537906137185,17.88922495314465,5.772220592091737,4405,47.707581227436826,17.75347938528617,5.898167280510369
many_moving,0.1,555,13734,148.4756756756757,17.88904014726214,5.7522891184001725,4418,47.76216216216216,17.75360656492437,5.887026363322063
many_moving,0.1,556,13773,148.6294964028777,17.889190312505804,5.765595818256532,4429,47.794964028776974,17.754066026475538,5.903830448286369
many_moving,0.1,557,13783,148.47037701974864,17.888946399729466,5.744719400592636,4441,47.838420107719934,17.75445089418721,5.921819735089945
many_moving,0.1,558,13821,148.61290322580643,17.889097847216675,5.768931096559365,4452,47.87096774193548,17.755113724925817,5.957171536929394
many_moving,0.1,559,13830,148.44364937388193,17.88905602335125,5.7613004308301194,4459,47.860465116279066,17.755572265185034,5.972689620587228
many_moving,0.1,560,13869,148.59642857142856,17.889169531977622,5.766945940548298,4464,47.82857142857142,17.755930162861336,5.983829113097348
many_moving,0.1,561,13878,148.42780748663102,17.88907878822678,5.765260734580987,4469,47.79679144385027,17.756233462624586,5.99488407015761
many_moving,0.1,562,13915,148.55871886120997,17.889038600995327,5.760460126345385,4470,47.72241992882562,17.75649969562151,6.004057484432275
many_moving,0.1,563,13925,148.40142095914743,17.88892986708207,5.741193892053723,4472,47.65896980461812,17.756734174206994,6.01187168872584
many_moving,0.1,564,13962,148.53191489361703,17.888971189300495,5.747245922878644,4472,47.57446808510638,17.75701018212425,6.022852471512842
many_moving,0.1,565,13969,148.34336283185843,17.888753758665178,5.711390478351275,4474,47.511504424778764,17.757251676863575,6.032396349189151
many_moving,0.1,566,14007,148.48409893992934,17.888847792174275,5.730892350916011,4477,47.45936395759717,17.755824141913255,6.001935098932074
many_moving,0.1,567,14017,148.32804232804236,17.889159368754303,5.76515237500305,4478,47.38624338624339,17.754949485976635,5.98027655266107
many_moving,0.1,568,14055,148.4683098591549,17.889703028790816,5.808783499742995,4486,47.387323943661976,17.753218628608845,5.913825133406021
many_moving,0.1,569,14063,148.29173989455185,17.889254311462942,5.778212433102528,4486,47.30404217926187,17.751887712134906,5.845942024265009
many_moving,0.1,570,14101,148.43157894736842,17.889045406536447,5.757466975021023,4488,47.242105263157896,17.751165786139847,5.801838152468276
many_moving,0.1,571,14111,148.27670753064797,17.888940384897897,5.750791540452009,4489,47.16987740805604,17.75062342486293,5.767047287339432
many_moving,0.1,572,14151,148.43706293706293,17.888873833662846,5.73699811486703,4490,47.0979020979021,17.750460808236156,5.749017932735925
many_moving,0.1,573,14160,148.2722513089005,17.889121329258334,5.757997503544287,4492,47.03664921465968,17.750503911265366,5.751615807151901
many_moving,0.1,574,14198,148.41114982578398,17.88946103707419,5.7923736260672545,4492,46.954703832752614,17.750670931441682,5.764500598548612
many_moving,0.1,575,14208,148.2573913043478,17.88937350397025,5.791433387405947,4492,46.87304347826087,17.750889180486062,5.778791091409736
many_moving,0.1,576,14245,148.38541666666669,17.889419972455723,5.795504392026053,4494,46.8125,17.75112861505825,5.792935175552104
many_moving,0.1,577,14253,148.21143847487,17.889686530252625,5.819806653293297,4495,46.74176776429809,17.75136564881397,5.80726950717153
many_moving,0.1,578,14290,148.33910034602076,17.89015887433266,5.853436848759424,4497,46.68166089965398,17.751584387670764,5.820061016186199
many_moving,0.1,579,14300,148.1865284974093,17.88990153741587,5.836206014710326,4497,46.60103626943005,17.75176770494235,5.8301907257817405
many_moving,0.1,580,14338,148.3241379310345,17.88977040688058,5.823125864403183,4503,46.58275862068966,17.75193484592345,5.84039256565459
many_moving,0.1,581,14346,148.15146299483646,17.889636184951343,5.80749012293502,4512,46.595524956970735,17.751666295647016,5.829902316072439
many_moving,0.1,582,14385,148.29896907216497,17.889594655538875,5.804148420392891,4518,46.57731958762887,17.75184156620626,5.841189298008458
many_moving,0.1,583,14395,148.147512864494,17.889548739877963,5.803833769532704,4532,46.64150943396226,17.751523106195904,5.827831903837419
many_moving,0.1,584,14433,148.28424657534248,17.88943362831641,5.795775131229163,4538,46.62328767123288,17.751609940626544,5.828690106573928
many_moving,0.1,585,14443,148.13333333333333,17.889384469047023,5.792886665029396,4546,46.62564102564103,17.751649020758908,5.830660941882628
many_moving,0.1,586,14482,148.27986348122866,17.889402317419638,5.798167016979862,4554,46.62798634812286,17.750898795444087,5.796481450188361
many_moving,0.1,587,14491,148.11925042589436,17.88930643168146,5.786036314063265,4557,46.57921635434412,17.75064397428097,5.773806759264128
many_moving,0.1,588,14530,148.26530612244898,17.889163207588332,5.779245901222471,4557,46.49999999999999,17.750509635298847,5.758475619005779
many_moving,0.1,589,14540,148.11544991511036,17.889178402722916,5.769317604393384,4557,46.421052631578945,17.750446656629922,5.749231695853694
many_moving,0.1,590,14579,148.26101694915255,17.889584018814666,5.8062150950723685,4560,46.3728813559322,17.750456773118426,5.748273395264531
many_moving,0.1,591,14589,148.11167512690358,17.889226727639496,5.7739952920135575,4566,46.35532994923858,17.750586668581875,5.75606357465898
many_moving,0.1,592,14628,148.25675675675674,17.889184507048117,5.765598243326204,4571,46.3277027027027,17.750883113162754,5.772504422604389
many_moving,0.1,593,14638,148.10792580101182,17.88951468381571,5.791782399125678,4577,46.31028667790894,17.75072738733717,5.768295169182465
many_moving,0.1,594,14676,148.24242424242422,17.89009093372056,5.8301478767290025,4581,46.27272727272727,17.750570765526987,5.759451214410985
many_moving,0.1,595,14685,148.0840336134454,17.889702002670813,5.800437049341632,4587,46.25546218487395,17.750894886013338,5.780399177561128
many_moving,0.1,596,14723,148.21812080536913,17.889282600674942,5.755254544494674,4592,46.22818791946308,17.75040696047152,5.7489849380947
many_moving,0.1,597,14734,148.08040201005028,17.889082685803448,5.7474734201407,4593,46.16080402010051,17.750467453315633,5.754977852378165
many_moving,0.1,598,14772,148.2140468227425,17.889219817261147,5.770165893449743,4601,46.163879598662206,17.75040188645531,5.743662595070544
many_moving,0.1,599,14781,148.05676126878132,17.889204543340316,5.773706709622629,4601,46.08681135225376,17.75022376427098,5.723830660634824
many_moving,0.1,600,14819,148.19,17.889251180365164,5.774168557323951,4603,46.03,17.75012752174836,5.711593605232831
none_moving,0.5,0,0,,18.187917130173428,17.241615522676813,0,,18.187917130173428,17.241615522676813
none_moving,0.5,1,0,0,18.187917130173428,17.241615522676813,39,234,9.720149349771626,8.674453611782884
none_moving,0.5,2,39,117,9.722407077054799,8.681232354249527,96,288,9.343398969808332,8.25343956355291
none_moving,0.5,3,53,105.99999999999999,9.350298594127661,8.268288042028724,156,312,8.941853161759084,7.830571638529132
none_moving,0.5,4,95,142.5,8.956627429133901,7.856114811135275,216,324,8.541939331115925,7.405237966270152
none_moving,0.5,5,106,127.2,8.562720021962667,7.441701310929291,275,330,8.146308975806416,6.995641828585602
none_moving,0.5,6,152,151.99999999999997,8.172634666138185,7.04155920319059,331,331,7.759078855984175,6.603600402088517
none_moving,0.5,7,165,141.42857142857142,7.785190775242152,6.6430878125447155,379,324.85714285714283,7.3834187192083585,6.24853101549028
none_moving,0.5,8,210,157.5,7.413532701168942,6.283494578530114,391,293.25,7.014127853568935,5.907772654921528
none_moving,0.5,9,223,148.66666666666669,7.035554068847787,5.919303712671497,391,260.6666666666667,6.660329807159602,5.590796250424157
none_moving,0.5,10,269,161.4,6.663579423245451,5.579889018175457,391,234.60000000000002,6.318678038126465,5.292699506771517
none_moving,0.5,11,281,153.27272727272728,6.293722893697368,5.242144641836985,391,213.2727272727273,5.9871192649776575,5.0097958539692184
none_moving,0.5,12,325,162.5,5.946039358165263,4.947869105713442,391,195.5,5.664356621243574,4.739244219458328
none_moving,0.5,13,338,155.99999999999997,5.593013945788074,4.654137574633273,391,180.46153846153845,5.349680681170746,4.478925067220947
none_moving,0.5,14,383,164.14285714285714,5.237708978884745,4.347773508296433,391,167.57142857142858,5.042862672306551,4.227406531023909
none_moving,0.5,15,396,158.4,4.885948425595192,4.050503384724317,391,156.4,4.7440953329923605,3.9840240939276512
none_moving,0.5,16,437,163.875,4.5283549794046545,3.752976387656824,391,146.625,4.453971802149501,3.748743516567373
none_moving,0.5,17,450,158.8235294117647,4.178332262693829,3.455172704346192,391,138,4.180910781000656,3.525837839229916
none_moving,0.5,18,496,165.33333333333334,3.8365935189567946,3.1686979299061204,391,130.33333333333334,3.928277524618598,3.3156783622590487
none_moving,0.5,19,507,160.10526315789474,3.4957938442292025,2.900819496150631,391,123.47368421052633,3.6980449386151046,3.1205139659431618
none_moving,0.5,20,551,165.3,3.1850803334125586,2.636375068870513,391,117.30000000000001,3.4876781852533028,2.937077897924479
none_moving,0.5,21,565,161.42857142857144,2.8760483434978723,2.3588721486796556,397,113.42857142857144,3.3001306834908792,2.765839639847216
none_moving,0.5,22,608,165.8181818181818,2.591037869277925,2.1080780825446785,411,112.09090909090911,3.051758837178369,2.5255939056170162
none_moving,0.5,23,621,162,2.323278419934286,1.8640668352036944,414,107.99999999999999,2.8328144444226053,2.3051598508408815
none_moving,0.5,24,665,166.25,2.0910374209637475,1.6595303211988661,414,103.49999999999999,2.6600061965788155,2.12953465740669
none_moving,0.5,25,675,162,1.8818648930169817,1.481174572164101,414,99.35999999999999,2.5264749500449475,1.992312472128028
none_moving,0.5,26,721,166.38461538461536,1.8062540187631726,1.3928383538578077,414,95.53846153846153,2.423187798186475,1.8855132369891716
none_moving,0.5,27,733,162.88888888888889,1.5959711799276368,1.2444983269258614,414,92,2.343133229085889,1.8023622694370776
none_moving,0.5,28,777,166.5,1.389107025475695,1.1029278035438552,419,89.78571428571428,2.1934427104920653,1.674802044083614
none_moving,0.5,29,789,163.24137931034483,1.1707242035354493,0.9120458224542567,429,88.75862068965517,2.087897956772446,1.5730174866828024
none_moving,0.5,30,834,166.8,0.9963978923520139,0.7564717589775042,439,87.8,1.9915916911129072,1.4840666735369723
none_moving,0.5,31,846,163.74193548387095,0.8830784679832017,0.6783456240384682,450,87.09677419354838,1.9253652627580455,1.4231203501487513
none_moving,0.5,32,892,167.25,0.7141925494097552,0.5682086025166821,460,86.25,1.8269057860324955,1.3379311471781599
none_moving,0.5,33,904,164.36363636363637,0.5985053610266506,0.46730754904256167,469,85.27272727272727,1.722341269415409,1.263591751924451
none_moving,0.5,34,950,167.64705882352942,0.5975269669621053,0.43304169667401265,480,84.70588235294117,1.6624441933952883,1.2181400646969445
none_moving,0.5,35,960,164.57142857142856,0.5896948621933933,0.4252553006510443,486,83.31428571428572,1.6224332315467778,1.1918999734598381
none_moving,0.5,36,1004,167.33333333333334,0.5985198392492753,0.4358020446467231,492,82.00000000000001,1.5913637513407621,1.1719035110182885
none_moving,0.5,37,1017,164.9189189189189,0.5582471947908524,0.40601287306279793,502,81.4054054054054,1.4419241040327195,1.036828746759149
none_moving,0.5,38,1061,167.52631578947367,0.4796194733214884,0.3621636827375916,505,79.73684210526316,1.3169878293599948,0.915752606187581
none_moving,0.5,39,1075,165.3846153846154,0.425416141583619,0.3301010609054639,505,77.6923076923077,1.2231085683482847,0.826998331162903
none_moving,0.5,40,1119,167.85000000000002,0.40864418091697813,0.3092877335841876,505,75.75,1.1529245378742847,0.7603652672898885
none_moving,0.5,41,1132,165.65853658536585,0.38799394050409525,0.2925033042072037,505,73.90243902439025,1.1005752634103945,0.7150085536397282
none_moving,0.5,42,1178,168.2857142857143,0.3530173209450204,0.261545650210487,505,72.14285714285715,1.061511716709639,0.691066180549152
none_moving,0.5,43,1190,166.04651162790697,0.3684494285600602,0.2768126864082382,505,70.46511627906976,1.0322812302531947,0.6778084014874075
none_moving,0.5,44,1237,168.6818181818182,0.37838923751025116,0.3049768918574089,510,69.54545454545455,1.008725952484347,0.6655989637880773
none_moving,0.5,45,1251,166.79999999999998,0.29126863242275913,0.24428033712426744,517,68.93333333333334,0.9874360112945936,0.639640327564172
none_moving,0.5,46,1297,169.17391304347822,0.30830251315349855,0.2702094666519873,522,68.08695652173913,0.9762913129260474,0.6454965830979607
none_moving,0.5,47,1310,167.2340425531915,0.3552728237195939,0.2970155214743452,528,67.40425531914893,0.9699734782345064,0.6616080366960848
none_moving,0.5,48,1357,169.62499999999997,0.3718809520338125,0.30921960042245683,534,66.75,0.9635183551355085,0.6653876590238502
none_moving,0.5,49,1370,167.75510204081633,0.3038400320960246,0.2530569510213967,543,66.48979591836735,0.8733803454071037,0.621657015439429
none_moving,0.5,50,1415,169.79999999999998,0.280517147862621,0.22676821577405856,552,66.24,0.8110138759980587,0.6040732384057793
none_moving,0.5,51,1427,167.88235294117646,0.2677866349036821,0.2245805032823504,560,65.88235294117648,0.7675169606907581,0.5981682327866324
none_moving,0.5,52,1473,169.96153846153848,0.29690407249246814,0.25588099239025475,568,65.53846153846153,0.7267500273385727,0.586993085346309
none_moving,0.5,53,1482,167.77358490566036,0.2605774903134874,0.2176850947630899,571,64.64150943396227,0.7000240486856043,0.5794051741610737
none_moving,0.5,54,1527,169.66666666666666,0.1900841355288405,0.16857559035020736,571,63.44444444444444,0.6843401897516656,0.5744715879973015
none_moving,0.5,55,1541,168.10909090909092,0.2023748488450352,0.17528547762729996,571,62.290909090909096,0.6757100772412861,0.5712813993015995
none_moving,0.5,56,1586,169.92857142857142,0.21580428354851292,0.18192401274714132,571,61.17857142857143,0.6714173165758155,0.5693253276206717
none_moving,0.5,57,1597,168.10526315789474,0.18667372915962233,0.16086702408572015,571,60.10526315789474,0.6696898912397291,0.5682838573264536
none_moving,0.5,58,1643,169.96551724137933,0.17601040752954208,0.14706286912560462,574,59.37931034482759,0.6702306954653191,0.568919839860796
none_moving,0.5,59,1656,168.40677966101694,0.16942850518687938,0.14005137734148748,579,58.88135593220339,0.620731394297472,0.5337985536103118
none_moving,0.5,60,1701,170.1,0.15979649538797164,0.14237321752238066,584,58.4,0.5762718583157843,0.5038619109306743
none_moving,0.5,61,1714,168.59016393442624,0.1297531570268746,0.1202444978063522,588,57.83606557377049,0.5486282606035443,0.47838313563383295
none_moving,0.5,62,1760,170.32258064516128,0.12239468880536782,0.1171343656816604,592,57.29032258064516,0.5257663289849713,0.45577465614026796
none_moving,0.5,63,1772,168.76190476190473,0.1334238918520575,0.12312924421224151,597,56.857142857142854,0.5068670922553302,0.43341158232053206
none_moving,0.5,64,1818,170.4375,0.16174230709880846,0.14015643252111792,604,56.625,0.4809257489001107,0.4099779418311085
none_moving,0.5,65,1831,169.01538461538462,0.1653983293628498,0.1473593696670858,608,56.12307692307692,0.4797570026190045,0.414119899069747
none_moving,0.5,66,1875,170.45454545454544,0.17906119444223018,0.1616842494458171,614,55.81818181818181,0.46794056413019736,0.4148340351505485
none_moving,0.5,67,1888,169.07462686567166,0.1563342299262501,0.14120265473102622,619,55.43283582089552,0.3862318857294178,0.3552819287365243
none_moving,0.5,68,1931,170.38235294117646,0.1443183524291667,0.1262894610513779,621,54.794117647058826,0.31045812575200193,0.2986905525052708
none_moving,0.5,69,1943,168.95652173913047,0.09687967888490032,0.09035097938449005,621,54.00000000000001,0.29080605575598034,0.2659150178352513
none_moving,0.5,70,1987,170.3142857142857,0.10421784356402272,0.09288465612391901,624,53.48571428571428,0.3230154320358416,0.285045183737459
none_moving,0.5,71,2001,169.09859154929578,0.08195307389792536,0.07705877273969246,629,53.154929577464785,0.35908984248049947,0.3312379087688556
none_moving,0.5,72,2047,170.58333333333334,0.08027012432875882,0.07257352713726206,633,52.75,0.37229297068081074,0.35078644877328
none_moving,0.5,73,2060,169.3150684931507,0.10215662586391783,0.08359251384231466,637,52.35616438356165,0.39181822698814256,0.37014497201162316
none_moving,0.5,74,2106,170.75675675675674,0.10562754306056668,0.09739831684690901,642,52.054054054054056,0.41027777662430215,0.38096013301622766
none_moving,0.5,75,2119,169.52,0.10055511029453645,0.09333585508164396,647,51.760000000000005,0.41277999638460877,0.3789970067086651
none_moving,0.5,76,2165,170.92105263157896,0.1377315194482697,0.12737166036017655,652,51.47368421052632,0.4282427490965566,0.3891264630165681
none_moving,0.5,77,2178,169.71428571428572,0.13109370018138547,0.12591933010398965,654,50.96103896103896,0.44130857236098997,0.3900797163406272
none_moving,0.5,78,2223,171,0.12959789143074546,0.11345452770116053,654,50.307692307692314,0.4564399216624811,0.406300655542642
none_moving,0.5,79,2237,169.89873417721518,0.13542211043617933,0.1140238168504728,659,50.05063291139241,0.45522826245182046,0.3969337738767399
none_moving,0.5,80,2284,171.3,0.17667215152308208,0.15043557226713117,663,49.725,0.44829397280427447,0.3907690060737752
none_moving,0.5,81,2295,170,0.15901326379453778,0.13949228441943054,667,49.407407407407405,0.44737880180913214,0.3893173666142886
none_moving,0.5,82,2341,171.29268292682926,0.16991800777815397,0.14866735540638082,671,49.09756097560975,0.413264261062768,0.3632613988918235
none_moving,0.5,83,2354,170.1686746987952,0.11951413873442532,0.10736601364003635,674,48.72289156626506,0.36411449559854425,0.32002401305952644
none_moving,0.5,84,2400,171.42857142857144,0.09113966233820378,0.08100770003771127,674,48.14285714285715,0.3453164229344236,0.30164651530617487
none_moving,0.5,85,2413,170.3294117647059,0.11345663531652772,0.09644177201448885,674,47.576470588235296,0.3458378527867384,0.3007536666796038
none_moving,0.5,86,2456,171.34883720930233,0.1668956220297726,0.11377294135442484,674,47.02325581395349,0.3563027052857532,0.30722814814970906
none_moving,0.5,87,2469,170.27586206896552,0.11555079853741262,0.08816466916202263,680,46.896551724137936,0.37767521746509924,0.3235431891552717
none_moving,0.5,88,2515,171.47727272727275,0.09800037205900342,0.08993966060957845,686,46.77272727272727,0.34704402920587274,0.30917149139766986
none_moving,0.5,89,2528,170.42696629213484,0.10592430630354364,0.09314978380431316,697,46.98876404494382,0.34302401808676336,0.30550119395842085
none_moving,0.5,90,2575,171.66666666666666,0.13696463084552596,0.12135413980947378,710,47.333333333333336,0.3395676527531634,0.30525390409029596
none_moving,0.5,91,2588,170.63736263736266,0.1336754316683624,0.11637911022055432,725,47.8021978021978,0.3191521575060706,0.28668053532049786
none_moving,0.5,92,2634,171.78260869565216,0.14032435485286485,0.12068965957404895,738,48.13043478260869,0.2959473939346383,0.2617184956484623
none_moving,0.5,93,2647,170.77419354838707,0.1088072015650732,0.09098565279261309,749,48.322580645161295,0.27758546037589926,0.2347323103288972
none_moving,0.5,94,2693,171.8936170212766,0.11315274785606859,0.09927712525162727,759,48.4468085106383,0.2665409806266499,0.2206670910209772
none_moving,0.5,95,2706,170.90526315789475,0.1640480134335333,0.14482844677838705,766,48.37894736842105,0.2854081478915648,0.23615170517798695
none_moving,0.5,96,2749,171.81249999999997,0.20271001134295363,0.17064270283685795,772,48.25,0.30116187092135516,0.25629231584356404
none_moving,0.5,97,2763,170.90721649484536,0.18135394926111117,0.15194621554089294,777,48.06185567010309,0.283362565744278,0.2530982815753937
none_moving,0.5,98,2809,171.97959183673467,0.21156559610618672,0.17273580489493476,780,47.755102040816325,0.2651931162762147,0.2502779241614965
none_moving,0.5,99,2821,170.969696969697,0.1904517798892348,0.15955237944793516,780,47.27272727272727,0.26317822589420575,0.25305749293843377
none_moving,0.5,100,2866,171.96,0.19727439819066503,0.16938144855160905,780,46.8,0.2698732088403071,0.2595115008988106
none_moving,0.5,101,2880,171.0891089108911,0.1542160092026231,0.14353391918751474,780,46.336633663366335,0.28020529710421305,0.2676188361314246
none_moving,0.5,102,2926,172.11764705882354,0.15495107811340353,0.13916251371876656,780,45.88235294117647,0.2913273892784929,0.2761058725489701
none_moving,0.5,103,2939,171.20388349514562,0.2385389924753659,0.20402491291084549,780,45.4368932038835,0.3018527901126011,0.2842766891057396
none_moving,0.5,104,2986,172.26923076923077,0.31195778237859084,0.25133521397755765,780,45,0.3112089360200296,0.29173841411282986
none_moving,0.5,105,3000,171.42857142857142,0.27646957263747074,0.21246268405401603,780,44.57142857142857,0.31923971405758617,0.2982981714061855
none_moving,0.5,106,3046,172.41509433962267,0.26601181124635737,0.2144310624889374,782,44.26415094339623,0.32598758292248253,0.30390994067561283
none_moving,0.5,107,3060,171.58878504672896,0.23616665425194236,0.1715768758617279,782,43.850467289719624,0.33240944542766726,0.31124641259368024
none_moving,0.5,108,3106,172.55555555555557,0.23927299488095602,0.17122214610201666,784,43.55555555555556,0.32552507418020005,0.30630552706829245
none_moving,0.5,109,3120,171.74311926605506,0.23573942038341733,0.1798521351923527,789,43.431192660550465,0.3003391862035047,0.28447166573600036
none_moving,0.5,110,3165,172.63636363636365,0.23606276832957174,0.1930960338941113,791,43.14545454545454,0.2842036664896744,0.2679456749433206
none_moving,0.5,111,3175,171.6216216216216,0.19700347124873377,0.16844544290942157,795,42.97297297297297,0.27987568069774243,0.26191427366787
none_moving,0.5,112,3222,172.60714285714286,0.1731720604526102,0.1595984676566806,800,42.857142857142854,0.2840994172756835,0.2717204445403321
none_moving,0.5,113,3234,171.71681415929203,0.11853922149951353,0.10601791481574993,803,42.637168141592916,0.25907972878780167,0.24952151500395475
none_moving,0.5,114,3280,172.63157894736844,0.09455243745140451,0.08547444098640218,803,42.26315789473684,0.24586053815493678,0.23611586517685454
none_moving,0.5,115,3293,171.80869565217392,0.10453173253388706,0.0989236662859864,803,41.89565217391304,0.24043927054899017,0.2289231816165806
none_moving,0.5,116,3338,172.6551724137931,0.1358743256002231,0.1232859413370758,803,41.53448275862069,0.23966905000171282,0.225744032533615
none_moving,0.5,117,3350,171.7948717948718,0.13766907032676198,0.12697735587679762,803,41.17948717948718,0.24137782111839942,0.2249231124947963
none_moving,0.5,118,3397,172.72881355932205,0.12610000892804205,0.10588126009334412,803,40.83050847457627,0.2442103242631836,0.22535536085656357
none_moving,0.5,119,3409,171.88235294117646,0.18375199889748617,0.1520199115548225,803,40.48739495798319,0.24738570366783455,0.22637008356407118
none_moving,0.5,120,3456,172.8,0.24366073266532903,0.19251332259554083,803,40.15,0.2504874345137186,0.22758869883312993
none_moving,0.5,121,3466,171.86776859504133,0.20329976017905393,0.17120427996716028,805,39.917355371900825,0.2533156099090588,0.22881134486744387
none_moving,0.5,122,3510,172.62295081967216,0.20152139332648844,0.1762183403740248,805,39.59016393442623,0.25704895063906874,0.23237095975718242
none_moving,0.5,123,3523,171.85365853658539,0.22720454665474385,0.1929560403377298,807,39.365853658536594,0.2790072524793779,0.2529394844144177
none_moving,0.5,124,3567,172.59677419354836,0.2610663475699071,0.20950554788398282,812,39.29032258064516,0.3119446156032426,0.2809204843422257
none_moving,0.5,125,3580,171.83999999999997,0.264659529693276,0.2059568289990919,814,39.072,0.34329737303201036,0.3107065223500454
none_moving,0.5,126,3625,172.61904761904762,0.26056664727694495,0.21776986144931762,818,38.95238095238095,0.3701015551308961,0.33501373144834934
none_moving,0.5,127,3638,171.8740157480315,0.2581131155751026,0.21678238894866522,823,38.881889763779526,0.37813442674160724,0.3383622325028429
none_moving,0.5,128,3684,172.6875,0.2620883087018981,0.23192394587094017,826,38.71875,0.37773710978092906,0.3231267120324021
none_moving,0.5,129,3694,171.81395348837208,0.19783678742344465,0.17759039405431065,826,38.41860465116279,0.3847554088763319,0.31755120909297807
none_moving,0.5,130,3740,172.6153846153846,0.13668655679521807,0.11667685499424825,826,38.12307692307692,0.3948280649291169,0.3271192970175574
none_moving,0.5,131,3753,171.89312977099237,0.11154620760009973,0.09840333562505238,826,37.83206106870229,0.4055281378890872,0.340498635653256
none_moving,0.5,132,3800,172.72727272727272,0.0961321247164568,0.08552686212843677,833,37.86363636363636,0.4111311796318862,0.3447371533484355
none_moving,0.5,133,3813,172.01503759398497,0.11819279324329951,0.10935076607326835,843,38.03007518796992,0.4141702461268567,0.3457623813153998
none_moving,0.5,134,3859,172.79104477611938,0.15389479316444532,0.14191397107732295,858,38.417910447761194,0.4192825388653185,0.3555376056316858
none_moving,0.5,135,3873,172.13333333333333,0.14826873296008622,0.1401402749794042,873,38.8,0.4327223233649334,0.3731249248045141
none_moving,0.5,136,3920,172.94117647058823,0.1754861315352696,0.16402245488102424,889,39.22058823529412,0.4358756183089005,0.3764721169506392
none_moving,0.5,137,3934,172.2919708029197,0.17271592617409984,0.1521949108841619,903,39.54744525547445,0.42041368771573484,0.37773915793950963
none_moving,0.5,138,3978,172.95652173913047,0.18490382465483354,0.165506893616273,918,39.913043478260875,0.3946579493638851,0.3490365033846915
none_moving,0.5,139,3989,172.1870503597122,0.11637648765004187,0.11198340014480623,931,40.187050359712224,0.35229333115479583,0.3219413861275239
none_moving,0.5,140,4034,172.88571428571427,0.11314124929755265,0.10429512646292478,939,40.24285714285714,0.33060278325636283,0.3096770367080277
none_moving,0.5,141,4048,172.25531914893617,0.13332020278049025,0.12664188788783967,947,40.297872340425535,0.2838341268539291,0.25779595359238294
none_moving,0.5,142,4095,173.0281690140845,0.19220085521654415,0.17585780418831817,950,40.140845070422536,0.22746699729598951,0.1824685628354813
none_moving,0.5,143,4107,172.32167832167832,0.17288424437355895,0.15926491485665853,950,39.86013986013986,0.21912020464725657,0.18019191959836015
none_moving,0.5,144,4151,172.95833333333334,0.20077349207988932,0.18469972977147558,950,39.583333333333336,0.23953184550964338,0.20299242950592028
none_moving,0.5,145,4165,172.34482758620692,0.1635535504801136,0.1550391552839187,953,39.43448275862069,0.2716872813484762,0.23816939396407394
none_moving,0.5,146,4211,173.05479452054797,0.14338972279892867,0.1354874134358195,957,39.328767123287676,0.3317819642510302,0.2957610917001222
none_moving,0.5,147,4219,172.20408163265304,0.12025625056422848,0.10401149929368517,962,39.265306122448976,0.34701369053339276,0.311884310205104
none_moving,0.5,148,4264,172.86486486486484,0.13919608603027717,0.1258575349516631,967,39.2027027027027,0.372625860256522,0.33340373932075534
none_moving,0.5,149,4278,172.26845637583892,0.1684108638947597,0.15369471617342825,972,39.14093959731544,0.41906218820097824,0.36923440747860525
none_moving,0.5,150,4325,173,0.17439994593651872,0.16175482341841016,977,39.08,0.41268758317216525,0.35398280442139346
none_moving,0.5,151,4338,172.37086092715234,0.12314468121314351,0.11076465851637736,982,39.019867549668874,0.43711040456998307,0.37921472216809443
none_moving,0.5,152,4384,173.05263157894737,0.12016067319885257,0.10480569174681083,984,38.8421052631579,0.4342888051051014,0.3733814156670208
none_moving,0.5,153,4398,172.47058823529414,0.16237079582736452,0.15623046011046668,989,38.7843137254902,0.43445800159976733,0.3684510479223472
none_moving,0.5,154,4444,173.1428571428571,0.17201705858040361,0.15953011140239487,993,38.688311688311686,0.41581269465229304,0.35248821650287787
none_moving,0.5,155,4457,172.5290322580645,0.17820322828251434,0.15619281135984123,997,38.593548387096774,0.40337837539729837,0.3379835639185276
none_moving,0.5,156,4503,173.19230769230768,0.1737875079900434,0.1409730297590206,1001,38.5,0.3723889458969005,0.3057211880782889
none_moving,0.5,157,4515,172.54777070063693,0.15897048287336943,0.12982328887463976,1004,38.36942675159236,0.336994671075114,0.2684668775913267
none_moving,0.5,158,4559,173.126582278481,0.15723530521190474,0.13221369613665349,1004,38.12658227848102,0.3158699924371883,0.2467517032625163
none_moving,0.5,159,4569,172.41509433962264,0.12200106462945816,0.10701229833629293,1004,37.88679245283019,0.30460772728108987,0.24059094252853383
none_moving,0.5,160,4613,172.9875,0.1375161487023344,0.12486631334595077,1004,37.650000000000006,0.29965453774792244,0.24224386252298674
none_moving,0.5,161,4625,172.36024844720498,0.1319359999765389,0.1238096516014204,1007,37.52795031055901,0.29653921263446215,0.24521780085094358
none_moving,0.5,162,4670,172.96296296296296,0.15126498058768706,0.13745737766407207,1024,37.925925925925924,0.26857587741948763,0.22661582222920926
none_moving,0.5,163,4684,172.41717791411043,0.1416777469458685,0.1329809347595033,1045,38.466257668711656,0.21818075614860552,0.17957020358943543
none_moving,0.5,164,4731,173.08536585365854,0.2047372341251548,0.18441951954195085,1068,39.073170731707314,0.2100977709439459,0.1770346855806681
none_moving,0.5,165,4744,172.5090909090909,0.1798366884503681,0.16050003094230444,1091,39.67272727272727,0.2213271048952071,0.18501466949776496
none_moving,0.5,166,4789,173.09638554216866,0.19204998603263385,0.17289650742148388,1112,40.19277108433735,0.22026735765686445,0.19339843614750998
none_moving,0.5,167,4803,172.56287425149702,0.14288587872270245,0.12928618436914302,1134,40.74251497005989,0.18696471569694678,0.1618301547426601
none_moving,0.5,168,4847,173.10714285714286,0.13120996707339938,0.12180699965175337,1158,41.35714285714286,0.18759094172206672,0.16772770586219504
none_moving,0.5,169,4857,172.4378698224852,0.13345943562533452,0.1230656722707105,1168,41.467455621301774,0.1511843321340316,0.1356704466506198
none_moving,0.5,170,4901,172.9764705882353,0.12940126279917907,0.11771850433060438,1168,41.2235294117647,0.13870957621230706,0.12431134292183643
none_moving,0.5,171,4915,172.45614035087718,0.16571948467241573,0.15659768241251454,1170,41.05263157894737,0.14263552757860104,0.1257039647532514
none_moving,0.5,172,4961,173.05813953488374,0.18893807748277133,0.17247581284962235,1172,40.883720930232556,0.15304682536845185,0.1356276798273174
none_moving,0.5,173,4974,172.50867052023122,0.14160096586676735,0.12260661188988531,1172,40.64739884393064,0.17599365190794267,0.1586862889847762
none_moving,0.5,174,5019,173.06896551724137,0.16762415243831005,0.1499412424862283,1172,40.41379310344828,0.20067267191421218,0.18254804755841575
none_moving,0.5,175,5031,172.4914285714286,0.19601404369619826,0.17580948867437723,1172,40.182857142857145,0.2231349866357198,0.2033077612562165
none_moving,0.5,176,5078,173.11363636363637,0.21359401940192763,0.18588063578517913,1172,39.95454545454546,0.2423591915139258,0.22052576860890877
none_moving,0.5,177,5092,172.6101694915254,0.1877036551632563,0.15536472712238394,1172,39.728813559322035,0.25836021892697664,0.2345671136528184
none_moving,0.5,178,5138,173.19101123595505,0.19547951779863196,0.17064475706605003,1172,39.50561797752809,0.2714875812658929,0.24593137962246808
none_moving,0.5,179,5152,172.6927374301676,0.2142884657155873,0.19687092689634844,1172,39.28491620111732,0.28216883353543015,0.2550922566746392
none_moving,0.5,180,5198,173.26666666666665,0.2233468563961614,0.197580789798881,1172,39.06666666666667,0.29081576772034146,0.26245961789503525
none_moving,0.5,181,5209,172.67403314917127,0.20295829594334905,0.185976953923224,1174,38.91712707182321,0.2977927700449613,0.26837578152338704
none_moving,0.5,182,5255,173.24175824175825,0.19182494764626398,0.18034236943892779,1176,38.76923076923077,0.33819971157590545,0.3008958682288106
none_moving,0.5,183,5268,172.72131147540983,0.16943759669136926,0.15016811641616906,1185,38.852459016393446,0.36912948351316766,0.3215352249515149
none_moving,0.5,184,5315,173.31521739130434,0.1517038526789507,0.14017583307565556,1190,38.80434782608695,0.3595239077190594,0.3115118908077156
none_moving,0.5,185,5327,172.76756756756757,0.13137537508390748,0.12168703494529769,1190,38.59459459459459,0.3614966301139199,0.3138753545068615
none_moving,0.5,186,5372,173.29032258064518,0.11182263323250391,0.10562516150077357,1192,38.45161290322581,0.369241959436874,0.32217428946812954
none_moving,0.5,187,5384,172.74866310160428,0.10896085961653328,0.10042376662131487,1195,38.342245989304814,0.35694906305053903,0.3136977673981231
none_moving,0.5,188,5430,173.29787234042553,0.13257656784468097,0.11642924757309436,1195,38.138297872340424,0.3531464494846503,0.31177980200450073
none_moving,0.5,189,5442,172.7619047619048,0.14306228578009042,0.118219170202932,1198,38.03174603174603,0.3551436701394723,0.31376840822879504
none_moving,0.5,190,5488,173.30526315789473,0.14885209016824438,0.1269086153219692,1216,38.4,0.3443021460987542,0.3063754989603434
none_moving,0.5,191,5502,172.83769633507856,0.1659847263811911,0.14502075302534626,1242,39.01570680628273,0.2796849046929614,0.25235315655684903
none_moving,0.5,192,5548,173.37499999999997,0.17847142196706037,0.15312998576695977,1269,39.65625,0.22515398921735397,0.1991337358647634
none_moving,0.5,193,5559,172.81865284974091,0.17149757746464586,0.14877674076971387,1297,40.321243523316056,0.20989434496701168,0.18750623222981994
none_moving,0.5,194,5606,173.3814432989691,0.17959437826976915,0.1591255100839847,1325,40.97938144329897,0.2066436660938619,0.17322577241895074
none_moving,0.5,195,5620,172.92307692307693,0.18372315051296126,0.1457454596176625,1352,41.599999999999994,0.2441283942604563,0.17777434373421397
none_moving,0.5,196,5665,173.41836734693877,0.2250409336593361,0.18077291303501508,1376,42.12244897959184,0.23080253714990795,0.16755032432640699
none_moving,0.5,197,5679,172.96446700507613,0.23171955186128532,0.18626116571801582,1387,42.243654822335024,0.21299386754804683,0.16833872230997765
none_moving,0.5,198,5725,173.4848484848485,0.2241752164454381,0.1813834423752298,1394,42.24242424242425,0.2246183992838383,0.1889705852756264
none_moving,0.5,199,5736,172.94472361809045,0.20241187210384975,0.16600375816882923,1398,42.15075376884422,0.2140323222089538,0.19363298383697444
none_moving,0.5,200,5781,173.43,0.18741959007029874,0.15898926198410318,1398,41.940000000000005,0.24338203367622765,0.22292099884786407
none_moving,0.5,201,5793,172.92537313432834,0.16626713974020274,0.13976436669950215,1400,41.7910447761194,0.2845060425315874,0.2604817706236034
none_moving,0.5,202,5838,173.4059405940594,0.18797624680319938,0.1671789662583583,1403,41.67326732673268,0.32320997521641603,0.2920011949323317
none_moving,0.5,203,5852,172.96551724137933,0.19516144131135285,0.18029594613461966,1403,41.467980295566505,0.35766688010197223,0.31944645209069933
none_moving,0.5,204,5897,173.44117647058826,0.173697380767136,0.1540157823160305,1403,41.26470588235295,0.38686757028031576,0.342594747157651
none_moving,0.5,205,5910,172.97560975609755,0.1352801691965528,0.11390959843695955,1403,41.06341463414635,0.411049190298413,0.36191478900414725
none_moving,0.5,206,5956,173.47572815533982,0.14929069604287593,0.1336983504978074,1403,40.86407766990292,0.4308303154443521,0.37789030865432255
none_moving,0.5,207,5969,173.01449275362316,0.1503374176022543,0.13044001726836463,1403,40.66666666666667,0.4468965685741475,0.3909711612736165
none_moving,0.5,208,6014,173.48076923076923,0.1589190975015755,0.13784501078457942,1408,40.61538461538462,0.43287480514258686,0.3828672430080217
none_moving,0.5,209,6026,172.99521531100478,0.1208892286704635,0.09776504703600197,1413,40.56459330143541,0.38527169412126366,0.3353858211767995
none_moving,0.5,210,6070,173.42857142857142,0.12190992434020113,0.10191493319853226,1420,40.57142857142857,0.3692244187891438,0.3202998314172076
none_moving,0.5,211,6084,173.0047393364929,0.14382253928220243,0.1297669540580381,1429,40.6350710900474,0.3471124706859984,0.29444317278193777
none_moving,0.5,212,6128,173.43396226415095,0.17505492072055637,0.16719473942785457,1436,40.64150943396226,0.2799832233312656,0.22440555322555994
none_moving,0.5,213,6142,173.01408450704227,0.1782597617422506,0.1660366844559072,1446,40.732394366197184,0.25722019188494744,0.20326974393047337
none_moving,0.5,214,6187,173.46728971962617,0.20237855111801759,0.1927127455121614,1454,40.76635514018692,0.2369542063473495,0.19508254778174658
none_moving,0.5,215,6201,173.05116279069767,0.15951978342796505,0.15340011305722778,1454,40.57674418604651,0.22409235162404414,0.1965028075269452
none_moving,0.5,216,6246,173.5,0.1546377477021769,0.13701051108202034,1456,40.44444444444444,0.2189180794817878,0.19914734750962979
none_moving,0.5,217,6257,173.00460829493088,0.12688337587309834,0.10928883928224664,1458,40.313364055299544,0.21979481802686504,0.2064794139518807
none_moving,0.5,218,6303,173.47706422018348,0.13781389639239616,0.11833319047198643,1462,40.23853211009174,0.22717672302828895,0.21808106236417685
none_moving,0.5,219,6317,173.06849315068496,0.09338715009841189,0.08262999947273324,1469,40.24657534246575,0.23046947151923916,0.22092620171867033
none_moving,0.5,220,6361,173.4818181818182,0.12267465529488845,0.10845153029985181,1480,40.36363636363637,0.2307688331855154,0.2209330324600617
none_moving,0.5,221,6371,172.96832579185522,0.14589041622769902,0.13555237850780313,1493,40.533936651583716,0.23003894867746177,0.21453155369678245
none_moving,0.5,222,6417,173.43243243243245,0.14987091797123087,0.13664322946945362,1506,40.7027027027027,0.23372648810620703,0.21323344401219582
none_moving,0.5,223,6428,172.9506726457399,0.13705094367296738,0.12184453406363709,1519,40.869955156950674,0.2269875368953713,0.19759297921502
none_moving,0.5,224,6473,173.38392857142856,0.14968435329975863,0.13757902094142113,1531,41.00892857142857,0.2395801939045015,0.22011248243595696
none_moving,0.5,225,6484,172.90666666666667,0.1521547480530619,0.140841280753555,1541,41.093333333333334,0.22212778713552664,0.20613126836012846
none_moving,0.5,226,6531,173.38938053097345,0.15038644054128264,0.14033692419446578,1545,41.01769911504425,0.1775646263932301,0.16662933705334715
none_moving,0.5,227,6544,172.9691629955947,0.13022263319787433,0.12010700536771601,1549,40.94273127753304,0.1339884632916254,0.1230673497516442
none_moving,0.5,228,6591,173.44736842105266,0.1364130819388816,0.12341001260091629,1554,40.89473684210527,0.12481369896680901,0.11035775877320675
none_moving,0.5,229,6603,173.00436681222706,0.0915369216388035,0.08844352559803703,1559,40.8471615720524,0.15946158343254854,0.14451681176919356
none_moving,0.5,230,6650,173.47826086956522,0.13930500985640792,0.12139564982474979,1559,40.6695652173913,0.1988165105630688,0.18642132136411682
none_moving,0.5,231,6662,173.03896103896105,0.11132906283648673,0.1074047915157171,1561,40.54545454545454,0.23408186513257936,0.22143363111327424
none_moving,0.5,232,6708,173.48275862068965,0.11690329688948786,0.11019132633658794,1564,40.44827586206897,0.2580588110970066,0.24233875923805778
none_moving,0.5,233,6722,173.09871244635195,0.13920529320075867,0.11990655861219737,1564,40.27467811158798,0.2781050451643835,0.2595219707174283
none_moving,0.5,234,6768,173.53846153846152,0.1598725116198848,0.13963215262779435,1564,40.1025641025641,0.29458230763978416,0.2735320345091087
none_moving,0.5,235,6781,173.13191489361702,0.12575588416472425,0.11008468502033664,1564,39.93191489361703,0.3080006433534281,0.28489788764881985
none_moving,0.5,236,6826,173.54237288135596,0.10975937382171966,0.0981946738140756,1564,39.76271186440678,0.3188675917960205,0.2940873492902177
none_moving,0.5,237,6840,173.1645569620253,0.09930196491367174,0.0897114051266181,1564,39.59493670886076,0.327637404438316,0.3014991070057341
none_moving,0.5,238,6884,173.54621848739495,0.14672168031678767,0.13067029348450926,1564,39.42857142857143,0.33469823483914457,0.3074662683884276
none_moving,0.5,239,6897,173.14644351464435,0.18231963799112516,0.15903566302963332,1566,39.31380753138075,0.3406819611298865,0.3125629766728045
none_moving,0.5,240,6943,173.575,0.18646360649248025,0.17032158867085884,1568,39.2,0.3446003536870073,0.31997099321510303
none_moving,0.5,241,6956,173.17842323651453,0.17642722536812172,0.15502360268450224,1570,39.087136929460584,0.32208509821631376,0.30211132763432585
none_moving,0.5,242,7002,173.60330578512398,0.16614871245895702,0.14973308229859789,1572,38.97520661157024,0.3006922802504167,0.2771440462633369
none_moving,0.5,243,7012,173.13580246913583,0.1344262143016148,0.12388087862895276,1577,38.93827160493827,0.2914042789884242,0.26403415214419285
none_moving,0.5,244,7059,173.58196721311475,0.13687972191450085,0.1168254839930574,1582,38.90163934426229,0.28179981871423965,0.2492654195439128
none_moving,0.5,245,7070,173.14285714285717,0.11195018629273024,0.0932925651000901,1582,38.74285714285714,0.30837503925590376,0.28339261809935773
none_moving,0.5,246,7114,173.51219512195124,0.10317964265290352,0.08850938829259672,1584,38.63414634146342,0.3471396741982774,0.32133310430299894
none_moving,0.5,247,7127,173.12550607287451,0.10375239898388412,0.09326071221720542,1587,38.550607287449395,0.3827271630112026,0.35137953738988265
none_moving,0.5,248,7173,173.54032258064512,0.1337521396152014,0.11455689290771379,1587,38.39516129032258,0.4156542353508315,0.38104002284870353
none_moving,0.5,249,7186,173.15662650602408,0.12909332833971174,0.1073982862108058,1587,38.24096385542168,0.44421343350384834,0.4080672206725871
none_moving,0.5,250,7232,173.568,0.15428219187895378,0.13539184006549337,1587,38.087999999999994,0.4682184595110386,0.43056166521981654
none_moving,0.5,251,7244,173.1633466135458,0.14925791972695324,0.1361715002481208,1587,37.936254980079674,0.48805295634402246,0.4488567169607638
none_moving,0.5,252,7289,173.54761904761904,0.17548883384785657,0.1601021523022252,1587,37.785714285714285,0.5042758905724452,0.4636307833429572
none_moving,0.5,253,7302,173.1699604743083,0.13195829366668652,0.12469332128558405,1587,37.63636363636363,0.5174599965643822,0.47552338652780257
none_moving,0.5,254,7348,173.57480314960628,0.1381988708017693,0.12754019310143694,1589,37.53543307086614,0.5287915275236295,0.48580963565732427
none_moving,0.5,255,7360,173.1764705882353,0.14665277203634713,0.14083215302534685,1591,37.43529411764706,0.5344016261545453,0.48967388903536796
none_moving,0.5,256,7406,173.578125,0.16653209939596958,0.15434433055613353,1593,37.3359375,0.5154474787812114,0.4652724849883786
none_moving,0.5,257,7420,173.2295719844358,0.11485296306256382,0.11213888857555068,1595,37.237354085603116,0.4956359665460226,0.4402700090845598
none_moving,0.5,258,7467,173.6511627906977,0.17041786066235254,0.14126607728190782,1600,37.2093023255814,0.46532642621191256,0.4049565467695107
none_moving,0.5,259,7480,173.2818532818533,0.16181971613323543,0.13302702457376145,1605,37.181467181467184,0.4541458848863663,0.38605227642232254
none_moving,0.5,260,7525,173.65384615384616,0.16140816424792084,0.13496172599911851,1605,37.03846153846154,0.4551054632596639,0.37968738661658624
none_moving,0.5,261,7537,173.26436781609198,0.16505986279528448,0.13783758151762898,1607,36.94252873563219,0.4622069655162248,0.3879713466882141
none_moving,0.5,262,7583,173.65648854961833,0.18585174746437222,0.14370994351000396,1614,36.961832061068705,0.4691828565899111,0.3952184832448838
none_moving,0.5,263,7596,173.29277566539923,0.1804137902626981,0.15013794524901042,1622,37.00380228136881,0.46673913671118855,0.4020621139718218
none_moving,0.5,264,7639,173.61363636363635,0.2007495346491247,0.17281911012888745,1633,37.11363636363636,0.46878048098239045,0.40722044605327457
none_moving,0.5,265,7653,173.2754716981132,0.19043604258270355,0.16059915759695767,1653,37.426415094339625,0.4232973630668485,0.35543787954201195
none_moving,0.5,266,7699,173.66165413533832,0.16425233430145106,0.1390549279793972,1677,37.827067669172926,0.3414929777578684,0.27647040408142415
none_moving,0.5,267,7710,173.25842696629212,0.1310255354927664,0.11877933464678296,1702,38.24719101123595,0.2915148860457431,0.2616881569494985
none_moving,0.5,268,7756,173.6417910447761,0.12920342668274623,0.11918013560319127,1725,38.61940298507463,0.3038500193568312,0.26311413756199464
none_moving,0.5,269,7768,173.26394052044608,0.13628079901801232,0.12713064819133507,1745,38.921933085501855,0.30161489501049665,0.2463855143991255
none_moving,0.5,270,7812,173.60000000000002,0.16281202333713463,0.1530099879609023,1762,39.15555555555555,0.30675714418567074,0.2580467528830408
none_moving,0.5,271,7826,173.26937269372695,0.09902934025869059,0.0886332361354569,1775,39.29889298892989,0.3489361863086704,0.2957525059026985
none_moving,0.5,272,7873,173.6691176470588,0.14430738252898595,0.1337079762194214,1780,39.26470588235294,0.3221761229154377,0.28204172793933846
none_moving,0.5,273,7884,173.27472527472528,0.16638204109199034,0.15905973157857614,1785,39.23076923076923,0.3132664335874849,0.2812149099637386
none_moving,0.5,274,7930,173.64963503649636,0.19519386693593654,0.18821986467019375,1790,39.197080291970806,0.35690759779381853,0.3161199031782142
none_moving,0.5,275,7944,173.32363636363638,0.13299045302346107,0.12301854708630322,1790,39.054545454545455,0.39580153554092484,0.3465522935861256
none_moving,0.5,276,7988,173.65217391304347,0.10451880447026368,0.0956654874483426,1790,38.913043478260875,0.428772046030159,0.3719165253240509
none_moving,0.5,277,8002,173.3285198555957,0.10205488803972629,0.09016560833624727,1793,38.837545126353795,0.45642579872644834,0.39243345119566875
none_moving,0.5,278,8049,173.71942446043164,0.12528649292206184,0.10906111284505696,1793,38.697841726618705,0.47911939881968596,0.40918496328580833
none_moving,0.5,279,8059,173.31182795698922,0.14138130663088655,0.12409703413897359,1799,38.68817204301075,0.4884441084654632,0.40655060431478046
none_moving,0.5,280,8103,173.63571428571427,0.21359220594205386,0.174412448356067,1806,38.699999999999996,0.5065204518537296,0.42147432123286493
none_moving,0.5,281,8117,173.3167259786477,0.1794375899615668,0.15541096610326094,1813,38.711743772241995,0.5244221984627925,0.43829545259798425
none_moving,0.5,282,8160,173.61702127659575,0.18378959060105562,0.1640649005071261,1819,38.702127659574465,0.5323192540736675,0.4381499821287873
none_moving,0.5,283,8169,173.19434628975264,0.15137457340791052,0.13547794570417476,1826,38.71378091872791,0.5384642033956275,0.44201116891935577
none_moving,0.5,284,8212,173.49295774647888,0.18182993994202573,0.160825612722542,1833,38.725352112676056,0.5494578358015705,0.45833598957611754
none_moving,0.5,285,8223,173.1157894736842,0.18504547788585998,0.16552720267256826,1842,38.77894736842105,0.5501052029899987,0.45880002229960004
none_moving,0.5,286,8267,173.43356643356645,0.19257128443853436,0.1827749611401721,1846,38.72727272727273,0.5420026493985797,0.4464199125702488
none_moving,0.5,287,8280,173.10104529616726,0.1565607506879898,0.14838257683465486,1848,38.63414634146342,0.48785226604390647,0.40467282934529303
none_moving,0.5,288,8325,173.4375,0.18904193142265513,0.17119655879852902,1850,38.54166666666667,0.4425138418072813,0.3645696505811954
none_moving,0.5,289,8337,173.08650519031144,0.20109984021451105,0.17668612572756515,1855,38.5121107266436,0.40376542728183545,0.3282124438654549
none_moving,0.5,290,8382,173.42068965517242,0.1915123484526382,0.1802623712772918,1855,38.37931034482759,0.38042023048696283,0.3057267814147422
none_moving,0.5,291,8394,173.0721649484536,0.18042022168218483,0.17483341060133598,1855,38.24742268041238,0.3676247343896771,0.29366345206468375
none_moving,0.5,292,8437,173.36301369863017,0.15924815429509923,0.14923113332411042,1858,38.178082191780824,0.36144399146162287,0.28917518444801316
none_moving,0.5,293,8451,173.0580204778157,0.15973736340678532,0.1425293855018022,1858,38.04778156996587,0.3595454518186316,0.2897948623461833
none_moving,0.5,294,8495,173.36734693877548,0.18090869248139754,0.16230689067851448,1858,37.91836734693877,0.36001265832206464,0.2919810102456891
none_moving,0.5,295,8509,173.064406779661,0.17381260628563744,0.14911029185640817,1860,37.83050847457627,0.3614909997004435,0.2945176697376878
none_moving,0.5,296,8556,173.43243243243242,0.20630333010718835,0.18731095213759003,1864,37.78378378378378,0.3448671533202542,0.2856573809194922
none_moving,0.5,297,8567,173.07070707070707,0.17793949769581247,0.16639170172959056,1868,37.73737373737374,0.3690239755961799,0.3008418574291126
none_moving,0.5,298,8610,173.35570469798657,0.16147637059493325,0.1498824059895726,1874,37.73154362416108,0.34032147700369714,0.27881739249510085
none_moving,0.5,299,8624,173.05685618729098,0.18315551031576938,0.17325502219528385,1877,37.66555183946488,0.33442271600087525,0.27570589793038447
none_moving,0.5,300,8670,173.4,0.20058639458728897,0.18601496830526973,1886,37.72,0.3073224230872154,0.2549525763612409
none_moving,0.5,301,8681,173.04318936877078,0.1651318594800968,0.151207553789377,1892,37.714285714285715,0.3305875538467221,0.27449929461660644
none_moving,0.5,302,8726,173.36423841059604,0.17361301904893384,0.14837931663113996,1895,37.64900662251656,0.3147406002299593,0.26168275337361313
none_moving,0.5,303,8740,173.06930693069307,0.1503773405577748,0.13143693030718134,1897,37.56435643564356,0.30320234726762324,0.2462417046146709
none_moving,0.5,304,8786,173.4078947368421,0.1271451556928414,0.109879566625983,1902,37.53947368421053,0.2935434243938901,0.23631569634741173
none_moving,0.5,305,8799,173.09508196721313,0.10532031298193645,0.09607079658946224,1902,37.41639344262295,0.2945571204056324,0.23530832654429715
none_moving,0.5,306,8846,173.45098039215688,0.11301444825657463,0.10074375755376652,1902,37.294117647058826,0.300953779698985,0.23993129984107958
none_moving,0.5,307,8859,173.14006514657981,0.10764286123518668,0.09533600522681039,1911,37.3485342019544,0.30731835686717435,0.24456638895725788
none_moving,0.5,308,8905,173.47402597402595,0.10362422004199014,0.09413945673538451,1921,37.42207792207792,0.31140242653654104,0.2453806233509752
none_moving,0.5,309,8919,173.18446601941747,0.0670179027040806,0.055910355479833584,1935,37.57281553398058,0.30704937673051025,0.2493446738107617
none_moving,0.5,310,8962,173.45806451612904,0.09071579519264399,0.08226757611593641,1953,37.8,0.3007689200447285,0.24125284486919302
none_moving,0.5,311,8975,173.15112540192925,0.09441740479296165,0.08560945624305394,1973,38.064308681672024,0.2743571761060344,0.21713835220663563
none_moving,0.5,312,9021,173.48076923076923,0.11856448263349516,0.10240543983150836,1993,38.32692307692308,0.25919619137333977,0.1999144194741406
none_moving,0.5,313,9035,173.19488817891374,0.09369127079699581,0.08513186398710511,2015,38.626198083067095,0.2150951418116933,0.17617076029792741
none_moving,0.5,314,9081,173.52229299363057,0.07993285685101491,0.07218791723072654,2028,38.7515923566879,0.19006351970694596,0.15667251017487518
none_moving,0.5,315,9094,173.21904761904761,0.11144892282930101,0.10560400816097719,2037,38.8,0.18175644590929094,0.14935440393776836
none_moving,0.5,316,9141,173.5632911392405,0.1440668772099462,0.13668029336512683,2044,38.810126582278485,0.17254094220412686,0.14270891917723655
none_moving,0.5,317,9155,173.2807570977918,0.12800750367397573,0.12036286663608313,2048,38.76340694006309,0.15593074993199962,0.1279340624069914
none_moving,0.5,318,9199,173.56603773584905,0.10991937235461596,0.1006233926880569,2050,38.67924528301887,0.14589497901497328,0.12249461309794382
none_moving,0.5,319,9212,173.2664576802508,0.09175145720622704,0.0841252158819898,2055,38.65203761755486,0.14142884430197533,0.12626647387961526
none_moving,0.5,320,9257,173.56875000000002,0.1232052396082914,0.11149459336524589,2055,38.53125,0.1572633730346491,0.14225061657472285
none_moving,0.5,321,9270,173.2710280373832,0.14616486793089034,0.13450443808573997,2055,38.41121495327103,0.17943948641096102,0.16129617827692894
none_moving,0.5,322,9313,173.53416149068323,0.1337573083066214,0.12478428635978682,2058,38.34782608695652,0.200950914785344,0.1790596880299639
none_moving,0.5,323,9325,173.21981424148606,0.14495517091370091,0.12951873591548851,2058,38.22910216718266,0.22165530691877197,0.1950850899917253
none_moving,0.5,324,9370,173.5185185185185,0.1592769239552927,0.14171526641823373,2058,38.11111111111111,0.2398773542831732,0.20879850815281525
none_moving,0.5,325,9383,173.22461538461536,0.18224945702708592,0.15312941235696392,2058,37.99384615384616,0.25528748877788743,0.2202457742070112
none_moving,0.5,326,9429,173.53987730061348,0.21987457423715762,0.18273343397108857,2058,37.877300613496935,0.2680554522374285,0.2296864239793927
none_moving,0.5,327,9440,173.21100917431193,0.24186648121768675,0.19479813266427567,2058,37.76146788990826,0.2785120873604331,0.23743351984214495
none_moving,0.5,328,9485,173.5060975609756,0.26686420751044504,0.20820975507070724,2063,37.737804878048784,0.28282183419997753,0.23942447201114653
none_moving,0.5,329,9499,173.23404255319147,0.2851215157627558,0.2111149162049804,2065,37.659574468085104,0.28317437686686386,0.239309249176416
none_moving,0.5,330,9544,173.52727272727273,0.31467388815377983,0.24950725389571043,2065,37.54545454545455,0.2979875648084003,0.2542890972590261
none_moving,0.5,331,9557,173.23867069486406,0.2471749186382111,0.2017205368111769,2069,37.50453172205438,0.3176450680050879,0.2722317617784321
none_moving,0.5,332,9602,173.53012048192772,0.18927992362262924,0.16447798622094856,2071,37.4277108433735,0.3368541460760892,0.2851582546346154
none_moving,0.5,333,9615,173.24324324324326,0.18561677390121317,0.1647832668776995,2073,37.351351351351354,0.34046854185490766,0.289490386783929
none_moving,0.5,334,9662,173.5688622754491,0.1772673393516296,0.15603874383052227,2082,37.40119760479042,0.3334630581818207,0.291034574338095
none_moving,0.5,335,9676,173.30149253731344,0.16265787454891156,0.1323755906970307,2089,37.41492537313433,0.3084063106789995,0.2725662812115238
none_moving,0.5,336,9721,173.58928571428572,0.1582874624439171,0.12324921014434205,2103,37.55357142857143,0.2720891813959777,0.23038405549441063
none_moving,0.5,337,9732,173.27002967359053,0.12261552908012854,0.1050845847457587,2116,37.67359050445104,0.2807038315388969,0.24709436289733935
none_moving,0.5,338,9779,173.59171597633136,0.12093055335105511,0.10735784977248311,2134,37.88165680473372,0.26951237392305505,0.23342574809725686
none_moving,0.5,339,9792,173.30973451327432,0.1081739241014923,0.09763930508277505,2153,38.10619469026549,0.24803895989111202,0.21423437710575674
none_moving,0.5,340,9838,173.61176470588234,0.12998851656033322,0.1141797947531971,2171,38.31176470588235,0.2374363648603597,0.1932711659092313
none_moving,0.5,341,9851,173.33137829912022,0.11143107950707196,0.10197057041709319,2190,38.53372434017595,0.21667262512013447,0.1896283225910309
none_moving,0.5,342,9894,173.57894736842104,0.11112017214842797,0.0986227404694644,2204,38.666666666666664,0.20911237286807854,0.17368134378641564
none_moving,0.5,343,9907,173.3002915451895,0.1248222218572802,0.1192404406842182,2211,38.67638483965015,0.21172164763304974,0.17306122476744548
none_moving,0.5,344,9954,173.61627906976744,0.1389107011635663,0.12682460664361744,2217,38.66860465116279,0.21884665180953064,0.19424757174294563
none_moving,0.5,345,9967,173.33913043478262,0.13149181330477638,0.11205722707881667,2222,38.643478260869564,0.2252930246398162,0.21006597535103005
none_moving,0.5,346,10013,173.635838150289,0.17397611725173412,0.13290650410256802,2231,38.6878612716763,0.24695531074274213,0.23046987156759427
none_moving,0.5,347,10025,173.34293948126802,0.19539220312028263,0.16937378208678722,2233,38.610951008645536,0.2883795137958658,0.2645870425041677
none_moving,0.5,348,10071,173.63793103448276,0.22254657731324856,0.19847643775602908,2235,38.53448275862069,0.3225985053542505,0.2925721203512815
none_moving,0.5,349,10084,173.36389684813753,0.2337177722001518,0.20538826490766984,2238,38.4756446991404,0.33737243196372346,0.3057917248084565
none_moving,0.5,350,10129,173.64000000000001,0.25837910192548763,0.2350888319751828,2238,38.36571428571429,0.3542975095959491,0.3171550028576888
none_moving,0.5,351,10142,173.3675213675214,0.2568311467378454,0.2161721674276312,2238,38.25641025641026,0.37065532960377795,0.3267630694364462
none_moving,0.5,352,10188,173.6590909090909,0.20255679653904662,0.17101625376583562,2238,38.14772727272728,0.3853111111472665,0.3347988916182704
none_moving,0.5,353,10200,173.37110481586402,0.17247090235835097,0.15522228400936303,2238,38.039660056657226,0.39792641438347687,0.34146659100758264
none_moving,0.5,354,10245,173.64406779661016,0.17639711989966755,0.14471366675057476,2238,37.932203389830505,0.40853428255013274,0.3469669749063828
none_moving,0.5,355,10259,173.39154929577467,0.2344531243066401,0.1771537206717828,2238,37.82535211267606,0.4173245636491427,0.3514851944844529
none_moving,0.5,356,10305,173.67977528089887,0.31562321971725926,0.2225714080083022,2240,37.752808988764045,0.424949898631951,0.3563520852081977
none_moving,0.5,357,10319,173.42857142857144,0.29327268357040276,0.20030620730556964,2243,37.69747899159664,0.4231479112599085,0.34766356141693794
none_moving,0.5,358,10364,173.69832402234638,0.29220977721028324,0.205738619312213,2246,37.642458100558656,0.4181174428244132,0.3317964728804662
none_moving,0.5,359,10377,173.43175487465183,0.2904528317860633,0.2030647433039138,2248,37.571030640668525,0.4182928130144862,0.3270838395988195
none_moving,0.5,360,10423,173.71666666666667,0.2850260034031015,0.22353996732738288,2248,37.46666666666667,0.4138334077876512,0.33051519000012686
none_moving,0.5,361,10436,173.45152354570635,0.20525216549685418,0.16130813812111672,2254,37.46260387811635,0.33173555120771375,0.28510115213717324
none_moving,0.5,362,10483,173.75138121546962,0.1786957513054495,0.15106461574993948,2256,37.392265193370164,0.22194357533089526,0.20521543863209754
none_moving,0.5,363,10495,173.4710743801653,0.14730615911801323,0.13804756725811387,2258,37.32231404958678,0.22385294162382213,0.20466242634351856
none_moving,0.5,364,10540,173.73626373626374,0.16578526399096302,0.1478218572957062,2261,37.26923076923077,0.2881135646586919,0.2779047395149166
none_moving,0.5,365,10553,173.47397260273974,0.14565402216493498,0.11923559185860488,2261,37.16712328767123,0.3604930976988866,0.3411444467844697
none_moving,0.5,366,10599,173.75409836065577,0.1593970355086969,0.1429325043399901,2261,37.0655737704918,0.4251073455755127,0.39251029224143197
none_moving,0.5,367,10613,173.50953678474116,0.14063032544738432,0.12012220569337657,2261,36.96457765667575,0.47935114878341534,0.4339890931097233
none_moving,0.5,368,10658,173.77173913043475,0.16515254362424237,0.1479148362037866,2265,36.92934782608695,0.5223848608470032,0.4661534733815512
none_moving,0.5,369,10669,173.479674796748,0.17565828471566486,0.1614868905419141,2273,36.959349593495936,0.5553474669314055,0.49123480602657404
none_moving,0.5,370,10714,173.74054054054054,0.16615621935632338,0.15733767247453007,2283,37.02162162162162,0.583755221605029,0.49851050951512177
none_moving,0.5,371,10727,173.48247978436657,0.15771039043260363,0.14726590411939752,2293,37.08355795148248,0.49797289634412184,0.42143206765781993
none_moving,0.5,372,10773,173.75806451612902,0.14438503301327385,0.12860400960974633,2309,37.24193548387097,0.4918087014676478,0.41642661793231434
none_moving,0.5,373,10786,173.5013404825737,0.16804746934470632,0.15121026512367144,2322,37.35120643431635,0.4897196110007613,0.4030803350474372
none_moving,0.5,374,10831,173.75935828877004,0.16852465747859838,0.14589900694818497,2335,37.45989304812834,0.5169139184299769,0.4213573630522414
none_moving,0.5,375,10842,173.472,0.17186241197533178,0.15347994229038076,2342,37.472,0.5013539008038486,0.40205072656679935
none_moving,0.5,376,10888,173.74468085106383,0.19331640297458422,0.17245455168445667,2350,37.5,0.4274077823183291,0.35113052271271894
none_moving,0.5,377,10901,173.49071618037135,0.1701556239516265,0.144474317028198,2356,37.49602122015915,0.35784919094808515,0.3031079253036957
none_moving,0.5,378,10947,173.7619047619048,0.1873055772504051,0.1612245209500885,2359,37.44444444444444,0.27514811158632413,0.23422098599686234
none_moving,0.5,379,10960,173.50923482849606,0.1389266976016896,0.12005336223735019,2365,37.440633245382585,0.2213011876681826,0.18763151960060392
none_moving,0.5,380,11007,173.79473684210527,0.15992131139768842,0.11718494790648681,2373,37.468421052631584,0.18985661902612475,0.16450674177563895
none_moving,0.5,381,11016,173.48031496062993,0.14937832679048282,0.12592100219608168,2381,37.496062992125985,0.2186532415079308,0.20438060593282756
none_moving,0.5,382,11063,173.76439790575915,0.1630463069903594,0.1460336697123955,2388,37.50785340314137,0.2490302199489818,0.2385167706491468
none_moving,0.5,383,11077,173.53002610966058,0.13845809129365003,0.1236302143396828,2396,37.53524804177545,0.2759829275326935,0.2632603443866687
none_moving,0.5,384,11124,173.8125,0.12647052697527164,0.11276880461145426,2403,37.546875,0.29739756511972726,0.2809243810070764
none_moving,0.5,385,11137,173.56363636363636,0.11072394226821612,0.10489508270208266,2411,37.57402597402597,0.3238299942432879,0.307665137610112
none_moving,0.5,386,11182,173.8134715025907,0.13063334595681705,0.11914047385207172,2415,37.538860103626945,0.33676258306439066,0.3124900087787018
none_moving,0.5,387,11194,173.55038759689924,0.1595115632212751,0.13081788712964,2418,37.48837209302326,0.3493576533263225,0.31741079331482597
none_moving,0.5,388,11240,173.81443298969072,0.17944921991451482,0.12778027817567844,2421,37.43814432989691,0.3647006299736275,0.3317625874729438
none_moving,0.5,389,11254,173.58354755784063,0.13291340902183993,0.11425408702720334,2423,37.37275064267352,0.3770764302602241,0.34598264270438
none_moving,0.5,390,11300,173.84615384615384,0.14668556848363254,0.13412867146814822,2423,37.276923076923076,0.38075350456639856,0.3480482745942256
none_moving,0.5,391,11309,173.53964194373404,0.18071368849462668,0.15237456356999207,2427,37.24296675191816,0.39132625197623233,0.35833847079021053
none_moving,0.5,392,11350,173.72448979591837,0.16175167412215075,0.14692015980263448,2431,37.20918367346939,0.399752319826246,0.36223153233001415
none_moving,0.5,393,11362,173.46564885496184,0.1575311165326189,0.14013804513610362,2433,37.145038167938935,0.38580392674471814,0.35440779482125084
none_moving,0.5,394,11409,173.74111675126906,0.1614825505728785,0.13603805251301432,2440,37.15736040609137,0.38027450327980283,0.3544774555849864
none_moving,0.5,395,11422,173.4987341772152,0.14364902901177687,0.11326320087046646,2447,37.16962025316456,0.3791620762882481,0.3540612217559681
none_moving,0.5,396,11467,173.74242424242425,0.165394838440511,0.13701539836866056,2454,37.18181818181819,0.38295837133684063,0.3577644194688263
none_moving,0.5,397,11479,173.4861460957179,0.19109751597122934,0.1607487602340959,2461,37.193954659949625,0.39284202664311957,0.36549830447172943
none_moving,0.5,398,11525,173.74371859296483,0.18832517606136898,0.16965814750573413,2467,37.19095477386934,0.4028936554667597,0.37887029481459383
none_moving,0.5,399,11536,173.4736842105263,0.168745367873818,0.15585899893851157,2478,37.26315789473684,0.38867480741013266,0.3659493217719031
none_moving,0.5,400,11580,173.7,0.19179578681678472,0.18206056990273473,2492,37.379999999999995,0.35797432391582007,0.33424567632439356
none_moving,0.5,401,11593,173.46134663341644,0.17984527599072725,0.16690544143982264,2499,37.39152119700748,0.33317076060215517,0.30624976261140624
none_moving,0.5,402,11639,173.71641791044777,0.14200784103501843,0.13151427830051526,2506,37.40298507462686,0.2906248800510525,0.2634923453785539
none_moving,0.5,403,11651,173.4640198511166,0.0967139824699175,0.09008085398010876,2514,37.42928039702233,0.24821397764063066,0.21763834937265267
none_moving,0.5,404,11696,173.70297029702968,0.09365131329798043,0.08778542909499369,2521,37.44059405940594,0.22955066306127722,0.20000915739167305
none_moving,0.5,405,11708,173.45185185185184,0.11049141436172767,0.09565094794136596,2526,37.422222222222224,0.2686934891693516,0.23293110269432118
none_moving,0.5,406,11753,173.68965517241378,0.14349898928995536,0.12954400950329006,2528,37.35960591133005,0.3073142374932109,0.26842078014920795
none_moving,0.5,407,11767,173.46928746928748,0.13967405995430968,0.12536035562956843,2533,37.34152334152334,0.35067215857016415,0.3080813490673731
none_moving,0.5,408,11812,173.7058823529412,0.17538526906869886,0.1539188876480379,2542,37.38235294117647,0.37196013986740645,0.32395486420216085
none_moving,0.5,409,11825,173.4718826405868,0.20095761584349198,0.1792406937481495,2554,37.46699266503668,0.3864776129234662,0.33370847750939814
none_moving,0.5,410,11870,173.70731707317074,0.2131866930584656,0.19737063182279713,2562,37.49268292682927,0.4092111090863106,0.3521764008962391
none_moving,0.5,411,11884,173.48905109489053,0.189765628135731,0.17389737848949452,2576,37.6058394160584,0.4169925981632896,0.3519055300806435
none_moving,0.5,412,11930,173.7378640776699,0.19341168196372044,0.16911698470556094,2591,37.73300970873787,0.4418598105396162,0.37551851034600203
none_moving,0.5,413,11942,173.4915254237288,0.14365281279406653,0.12267592065615147,2604,37.83050847457626,0.43996094194697843,0.36177405768847065
none_moving,0.5,414,11987,173.7246376811594,0.10511438746806467,0.0938434664239953,2617,37.927536231884055,0.4430646938837206,0.3524725953000833
none_moving,0.5,415,11998,173.46506024096385,0.10540568528842942,0.09936485407510295,2629,38.00963855421686,0.4524298480959508,0.3565060016624172
none_moving,0.5,416,12044,173.71153846153848,0.14566794787724538,0.12982283259133826,2636,38.019230769230774,0.46200916320452257,0.35857603236667557
none_moving,0.5,417,12057,173.4820143884892,0.10355236296489066,0.08950050492437003,2646,38.07194244604317,0.4703729048108799,0.36894767543756923
none_moving,0.5,418,12102,173.71291866028707,0.09112419183031711,0.08242197778178571,2646,37.98086124401914,0.4730840094966551,0.3643263922844123
none_moving,0.5,419,12116,173.49880668257754,0.10168273613482949,0.09287335322785414,2648,37.91885441527447,0.4768770258731145,0.36338242906480644
none_moving,0.5,420,12161,173.72857142857143,0.1342684724168552,0.1157295970449101,2650,37.857142857142854,0.43858458520170046,0.3504948594933837
none_moving,0.5,421,12173,173.48693586698337,0.12787635496627306,0.11238002750504632,2652,37.795724465558195,0.4131906634608275,0.34464546376218197
none_moving,0.5,422,12219,173.72985781990522,0.15721938116472736,0.14491629710804835,2654,37.7345971563981,0.38095383241850006,0.3278459093508734
none_moving,0.5,423,12232,173.5035460992908,0.15040443849187396,0.1349900815090991,2656,37.67375886524823,0.34228763728732625,0.29006640214972285
none_moving,0.5,424,12279,173.75943396226418,0.14974752068037306,0.12806453303697937,2659,37.62735849056604,0.30493180174925594,0.2637564334048475
none_moving,0.5,425,12293,173.54823529411766,0.12942172822151485,0.1103513054594806,2659,37.538823529411765,0.2906674051927167,0.258009806708151
none_moving,0.5,426,12339,173.7887323943662,0.14636993337045562,0.1231688349179115,2664,37.52112676056338,0.2804936417782058,0.2545767860780452
none_moving,0.5,427,12353,173.5784543325527,0.17393189551716937,0.1537286276287662,2670,37.51756440281031,0.2878402276587725,0.2626406182207384
none_moving,0.5,428,12399,173.8177570093458,0.21640619290591717,0.17927211510601176,2676,37.51401869158879,0.30324543160154777,0.27790074573758394
none_moving,0.5,429,12413,173.6083916083916,0.19953551742756356,0.17417416854798334,2683,37.52447552447553,0.32553914974237697,0.303863060445957
none_moving,0.5,430,12459,173.84651162790698,0.1890717385571589,0.1627800561083405,2691,37.54883720930233,0.3270462071500692,0.3051206055641077
none_moving,0.5,431,12471,173.61020881670532,0.17765513871997177,0.1628886276386516,2696,37.53132250580047,0.33709678229355217,0.3147195947561115
none_moving,0.5,432,12518,173.86111111111111,0.1899529308274618,0.17207271830774068,2705,37.56944444444444,0.3484010208119612,0.32352458547720936
none_moving,0.5,433,12532,173.65357967667435,0.12993677409636029,0.12268383706201584,2705,37.482678983833715,0.3629596133215495,0.33959312752824583
none_moving,0.5,434,12577,173.87557603686636,0.10741282269025246,0.09858353342660447,2707,37.42396313364055,0.3765434164651354,0.35391212473045824
none_moving,0.5,435,12591,173.66896551724136,0.12488862248655679,0.10363056886758477,2709,37.36551724137931,0.3333818889670248,0.3094619114778577
none_moving,0.5,436,12637,173.90366972477065,0.17851327516073273,0.14658562171539663,2711,37.30733944954129,0.30976692503314396,0.2855086971844812
none_moving,0.5,437,12649,173.6704805491991,0.15538694344750492,0.14051085358596088,2713,37.24942791762014,0.30773014926104875,0.2881239264860266
none_moving,0.5,438,12695,173.9041095890411,0.16377653511736104,0.14883363021790658,2718,37.23287671232877,0.2617601374420289,0.24633953337072248
none_moving,0.5,439,12708,173.6856492027335,0.14517321082821097,0.1373493133668418,2728,37.28473804100228,0.21716988048732896,0.197840633696189
none_moving,0.5,440,12752,173.8909090909091,0.17399125173228522,0.1533897108679664,2734,37.28181818181818,0.19551497679536012,0.17990614783432515
none_moving,0.5,441,12765,173.67346938775512,0.20786851673214146,0.1576386120366731,2742,37.30612244897959,0.17191082357343998,0.16264554062611886
none_moving,0.5,442,12812,173.91855203619912,0.22611873892302775,0.196736350953234,2749,37.31674208144796,0.16720944769806156,0.15767189498910367
none_moving,0.5,443,12823,173.6749435665914,0.18412830917077433,0.15873167213953823,2756,37.3273137697517,0.18825396954603885,0.1743059024567525
none_moving,0.5,444,12869,173.90540540540542,0.17633733621320735,0.16705569266417855,2769,37.41891891891891,0.19917497377000976,0.1812578491617236
none_moving,0.5,445,12881,173.676404494382,0.19652067564714587,0.1723579896888879,2783,37.523595505617976,0.17629211232428155,0.16005285085772336
none_moving,0.5,446,12927,173.90582959641256,0.21043566676407094,0.17327613624040444,2792,37.56053811659193,0.15044576393947925,0.1348379234786901
none_moving,0.5,447,12941,173.70469798657717,0.18554166266036332,0.14279869670624623,2806,37.664429530201346,0.1469774140675353,0.12466412338894546
none_moving,0.5,448,12987,173.93303571428572,0.18783835243668479,0.15572631805106804,2814,37.68749999999999,0.1452814551695613,0.11886035798578146
none_moving,0.5,449,12999,173.70601336302897,0.1415858523417746,0.13009023621633237,2822,37.71046770601336,0.15221233818550634,0.12774400917281786
none_moving,0.5,450,13043,173.90666666666667,0.18377802705320107,0.16988159558278867,2832,37.76,0.10863679045543008,0.09555936376999721
none_moving,0.5,451,13057,173.70731707317074,0.14713552346783992,0.13020837045018135,2842,37.80931263858093,0.09836830036041476,0.09132032764398511
none_moving,0.5,452,13104,173.94690265486727,0.14418634661135254,0.12155411207893826,2851,37.84513274336283,0.13493331000879347,0.12429925482516554
none_moving,0.5,453,13116,173.72185430463574,0.1028419527111751,0.08956958346744986,2856,37.82781456953643,0.16535056410828622,0.15501671761833377
none_moving,0.5,454,13161,173.9339207048458,0.08886594948120106,0.0729936539429534,2859,37.78414096916299,0.20051043928420648,0.18882563685213144
none_moving,0.5,455,13174,173.72307692307695,0.07089001024225633,0.06757348217839994,2859,37.7010989010989,0.23266815492194257,0.2193969341979905
none_moving,0.5,456,13221,173.96052631578948,0.10564939582978937,0.09761367760718602,2859,37.618421052631575,0.2600106057410315,0.24506159039702435
none_moving,0.5,457,13234,173.7505470459519,0.08448549729891798,0.07650383323475855,2859,37.53610503282275,0.2826138577549929,0.2660619472317204
none_moving,0.5,458,13280,173.97379912663754,0.11099602283036364,0.09936085767486759,2859,37.45414847161572,0.301055787265642,0.283073307967173
none_moving,0.5,459,13293,173.76470588235293,0.15285563579885744,0.1417642012243115,2872,37.54248366013071,0.2903017072933547,0.27475955797772267
none_moving,0.5,460,13338,173.97391304347826,0.16270605574879896,0.1435920659519546,2883,37.60434782608696,0.28057628753655844,0.25935015682283463
none_moving,0.5,461,13352,173.77874186550977,0.14573621548848992,0.13136667187958312,2894,37.66594360086768,0.27122675399529483,0.2533752108855575
none_moving,0.5,462,13395,173.96103896103895,0.15300780668489125,0.13441041592919367,2912,37.81818181818181,0.25432633618847833,0.2339072294559522
none_moving,0.5,463,13408,173.75377969762417,0.1545535089016818,0.1431305212968866,2924,37.89200863930885,0.25042058367674264,0.23222392087513005
none_moving,0.5,464,13453,173.96120689655172,0.14308917155949896,0.1308465910813086,2936,37.96551724137931,0.24813924244342725,0.2322666352722058
none_moving,0.5,465,13466,173.75483870967741,0.19471413876178326,0.1816901847412578,2950,38.064516129032256,0.26769602180962754,0.24372377381815244
none_moving,0.5,466,13512,173.97424892703864,0.23907928912823134,0.22141072525174182,2963,38.15021459227468,0.2905066034328357,0.25787910941042924
none_moving,0.5,467,13524,173.7558886509636,0.17324270581161164,0.1423697804301461,2974,38.20985010706638,0.2881857611734003,0.2584417119105211
none_moving,0.5,468,13567,173.93589743589746,0.17830647234011882,0.13307541477876256,2984,38.256410256410255,0.24744030402566622,0.21748330585758416
none_moving,0.5,469,13580,173.7313432835821,0.1441968003232939,0.11909813521552681,2994,38.30277185501066,0.20980676117221375,0.17450557283168286
none_moving,0.5,470,13625,173.93617021276597,0.1261479109971095,0.1129466495846099,3002,38.32340425531915,0.1945889601094876,0.16630545499175708
none_moving,0.5,471,13638,173.7324840764331,0.14374475774737686,0.13032365388114814,3010,38.34394904458599,0.19056923100242232,0.1672596459305739
none_moving,0.5,472,13684,173.9491525423729,0.17056212605930934,0.15541661817273564,3015,38.32627118644068,0.19670753898104443,0.1797655765169725
none_moving,0.5,473,13694,173.70824524312897,0.14629907903741618,0.12728990021983727,3015,38.245243128964056,0.2067127434709434,0.19262802569378928
none_moving,0.5,474,13737,173.8860759493671,0.1781490075318739,0.1611584899801411,3019,38.215189873417714,0.2170393747358114,0.20555281947701864
none_moving,0.5,475,13750,173.68421052631578,0.13109596845322521,0.11882529856938621,3027,38.23578947368421,0.21543895354039624,0.20924232111380076
none_moving,0.5,476,13796,173.89915966386553,0.10231732629475868,0.08988137856619613,3035,38.2563025210084,0.21503618904060467,0.20782104574604632
none_moving,0.5,477,13810,173.71069182389937,0.12011160958088778,0.1098155787217771,3047,38.32704402515723,0.20644066716750856,0.19041477928866724
none_moving,0.5,478,13855,173.9121338912134,0.14753632944763462,0.13809647019951102,3055,38.34728033472803,0.2025678313594991,0.1814629759070346
none_moving,0.5,479,13869,173.72442588726514,0.12688004578034281,0.11139045908698415,3063,38.36743215031316,0.20937432827687444,0.19035059207765265
none_moving,0.5,480,13913,173.9125,0.10454415747779787,0.09616738695343521,3075,38.4375,0.23471439435475216,0.21403246199540388
none_moving,0.5,481,13926,173.71309771309768,0.12895871400457196,0.10928402295674025,3085,38.48232848232848,0.26972991272847985,0.24884420939343968
none_moving,0.5,482,13973,173.9377593360996,0.18434877953332557,0.1444540683870849,3090,38.46473029045643,0.2979007298577586,0.26804282615556135
none_moving,0.5,483,13985,173.72670807453414,0.17989803756055078,0.15184310891662775,3092,38.409937888198755,0.3313277613112559,0.2949656844260421
none_moving,0.5,484,14031,173.9380165289256,0.18592611627097708,0.17053427538231034,3095,38.367768595041326,0.36319774020268886,0.32040280508313
none_moving,0.5,485,14045,173.75257731958763,0.19711348815713045,0.17618800742405732,3095,38.28865979381443,0.3911729766312309,0.34312054706208417
none_moving,0.5,486,14092,173.97530864197532,0.19091001428007426,0.17204054320927054,3097,38.23456790123457,0.41481592627392544,0.3635836732772658
none_moving,0.5,487,14105,173.7782340862423,0.1666720996020179,0.1498011164608466,3097,38.15605749486652,0.41780428887375076,0.3652272686354891
none_moving,0.5,488,14151,173.9877049180328,0.18836419824440023,0.16004551150136048,3102,38.13934426229508,0.3709195067369308,0.32944711032451457
none_moving,0.5,489,14164,173.7914110429448,0.17833249726490985,0.145392265289272,3107,38.122699386503065,0.35824978969528576,0.31684687651675275
none_moving,0.5,490,14207,173.96326530612248,0.1555204745523993,0.1323067667087245,3114,38.13061224489796,0.31142172435722076,0.280356246532961
none_moving,0.5,491,14219,173.75560081466395,0.17300859613338582,0.14891430988838456,3123,38.16293279022403,0.3015250463080782,0.2651020644877714
none_moving,0.5,492,14265,173.96341463414635,0.2466539092013192,0.20998677623049744,3138,38.268292682926834,0.269844126779997,0.24113574087721665
none_moving,0.5,493,14279,173.78093306288034,0.26383126606888124,0.2088550395405388,3148,38.31237322515213,0.24706900748520713,0.2251875635133996
none_moving,0.5,494,14323,173.96356275303646,0.3153733200433796,0.24163452101351385,3158,38.35627530364373,0.2766794420753638,0.2527839073073213
none_moving,0.5,495,14336,173.76969696969695,0.2881770832496026,0.23707751358553475,3170,38.42424242424242,0.2249052572149272,0.20561692278512583
none_moving,0.5,496,14381,173.96370967741933,0.280533061398555,0.2382329272387227,3179,38.45564516129031,0.21438714216734858,0.18474810963096006
none_moving,0.5,497,14394,173.77062374245475,0.21864481313585452,0.2033266712465353,3181,38.40241448692153,0.23104847119317412,0.20011359419304905
none_moving,0.5,498,14439,173.96385542168673,0.19252907860994312,0.17850838889807172,3183,38.34939759036144,0.26975059162012144,0.23257193159108192
none_moving,0.5,499,14452,173.77154308617236,0.1582590100318516,0.1401434671952743,3186,38.30861723446894,0.3054593346589028,0.25851849840525487
none_moving,0.5,500,14497,173.964,0.17580658044246633,0.15755899141687807,3186,38.232,0.3377473985303574,0.2824007384292422
none_moving,0.5,501,14510,173.77245508982037,0.15722181249366338,0.1367586634397798,3188,38.17964071856288,0.3653245687939386,0.3052511626693527
none_moving,0.5,502,14556,173.97609561752986,0.13519446106309005,0.12002219438218464,3193,38.16334661354582,0.3784599914479451,0.3104885942210662
none_moving,0.5,503,14568,173.77335984095427,0.14385805697965628,0.1269084489991788,3201,38.18290258449305,0.39328435251306315,0.3226162240221829
none_moving,0.5,504,14612,173.95238095238096,0.15790587270285378,0.13846121205935855,3211,38.226190476190474,0.38646129722276124,0.3087097457340432
none_moving,0.5,505,14625,173.76237623762378,0.20195485877909122,0.19185814974570653,3226,38.32871287128713,0.3703783794430216,0.28364294869106954
none_moving,0.5,506,14670,173.95256916996047,0.2652896245258719,0.2444282003956951,3240,38.41897233201581,0.3629382004177915,0.27391430350671586
none_moving,0.5,507,14682,173.75147928994085,0.24725142216387327,0.22797235736285412,3260,38.57988165680474,0.3620705580617464,0.27365827017526295
none_moving,0.5,508,14726,173.9291338582677,0.2457650931811705,0.21824777842662998,3273,38.65748031496063,0.3807815718420043,0.2950822765888349
none_moving,0.5,509,14739,173.7406679764244,0.19536350826605028,0.18257266055942967,3282,38.687622789783894,0.37288622845146907,0.2925302686992878
none_moving,0.5,510,14783,173.91764705882352,0.18103755141074035,0.16571926565227021,3291,38.71764705882353,0.36504019705545787,0.2962210893316566
none_moving,0.5,511,14794,173.706457925636,0.18090796266453874,0.15149398093734653,3296,38.70058708414873,0.36355566397075106,0.30043061471009264
none_moving,0.5,512,14837,173.87109375,0.18705955049615688,0.14627958256237533,3296,38.625,0.30293273751012156,0.2654442863711406
none_moving,0.5,513,14848,173.66081871345028,0.17300681916533764,0.15755738160054983,3298,38.57309941520467,0.2652960171523667,0.23624178969577408
none_moving,0.5,514,14893,173.84824902723736,0.18366328732829115,0.16669674955799407,3301,38.53307392996109,0.23707287989280498,0.2093121972786213
none_moving,0.5,515,14903,173.6271844660194,0.22122793159686505,0.18555314522091287,3301,38.45825242718447,0.2367770653728186,0.2070835573401531
none_moving,0.5,516,14949,173.82558139534885,0.24775545422173648,0.19545457670748162,3305,38.43023255813954,0.2512381685238126,0.22309766071081244
none_moving,0.5,517,14963,173.65183752417792,0.18630825085804964,0.15327333886978267,3309,38.40232108317214,0.25830105301168593,0.22479401002996782
none_moving,0.5,518,15007,173.82625482625485,0.13612334974915213,0.12493379072441399,3313,38.374517374517374,0.27622155988497205,0.23646928652361102
none_moving,0.5,519,15021,173.65317919075142,0.12111892789155154,0.09731781037273791,3317,38.346820809248555,0.295402721679831,0.25223712315881625
none_moving,0.5,520,15064,173.81538461538463,0.11722267234496911,0.10096613950337467,3321,38.31923076923078,0.30880707662126655,0.265078298729682
none_moving,0.5,521,15076,173.61996161228404,0.10383272710523161,0.09722210772973734,3325,38.29174664107485,0.31768762383108035,0.2747086524514697
none_moving,0.5,522,15121,173.80459770114942,0.15781910728139192,0.14833248070913146,3335,38.333333333333336,0.3256605350570028,0.2916490177604594
none_moving,0.5,523,15133,173.60994263862332,0.1703520347667136,0.15100730989078862,3338,38.29445506692161,0.3385623991646304,0.3082940819505528
none_moving,0.5,524,15175,173.75954198473283,0.17882205384739136,0.159839872259572,3338,38.22137404580153,0.34005087718602456,0.31025430886950656
none_moving,0.5,525,15187,173.56571428571428,0.178404483937366,0.16732372895749634,3342,38.19428571428571,0.32181380400987675,0.300581511594351
none_moving,0.5,526,15232,173.7490494296578,0.24593927553688927,0.22464597208040607,3344,38.1444866920152,0.3068954175740275,0.2850218432094836
none_moving,0.5,527,15245,173.5673624288425,0.21220998834153995,0.1765757451283414,3344,38.07210626185958,0.285598271263868,0.2658324597462359
none_moving,0.5,528,15290,173.75,0.20719835837017359,0.16980782395617222,3350,38.06818181818181,0.29507460386012363,0.26670930443974866
none_moving,0.5,529,15302,173.5576559546314,0.1831875715366963,0.14650017627808923,3360,38.109640831758036,0.32055954952975835,0.28006451783320346
none_moving,0.5,530,15347,173.7396226415094,0.18762370902774242,0.14915332300353787,3367,38.116981132075466,0.34561851369968966,0.2928416065411344
none_moving,0.5,531,15357,173.52542372881356,0.18727418694837056,0.15965736481459847,3376,38.14689265536724,0.3691860506833164,0.3079459070111539
none_moving,0.5,532,15402,173.70676691729324,0.19312335870046704,0.16397736519663103,3384,38.16541353383458,0.39907011107864176,0.3353563493404616
none_moving,0.5,533,15412,173.49343339587244,0.14703059213691602,0.13301493186474642,3392,38.18386491557224,0.42557012747400913,0.36422595400089797
none_moving,0.5,534,15459,173.69662921348316,0.1416167976700986,0.1285067820623638,3400,38.20224719101123,0.4497829866042975,0.3885140488918915
none_moving,0.5,535,15469,173.48411214953273,0.1415250467242993,0.12824649996818788,3411,38.25420560747664,0.477091225567443,0.4210751942158377
none_moving,0.5,536,15514,173.66417910447763,0.17011573483311784,0.14989692207666575,3420,38.28358208955224,0.4670230639135925,0.41872562852324124
none_moving,0.5,537,15524,173.45251396648047,0.18636452088641825,0.1603941410890597,3433,38.357541899441344,0.46525760214916084,0.41956221112627157
none_moving,0.5,538,15570,173.64312267657994,0.224351490579646,0.1899236461365644,3438,38.342007434944236,0.45908094411742156,0.4160782386293757
none_moving,0.5,539,15584,173.47680890538035,0.14463587708653686,0.12494417569741656,3443,38.3265306122449,0.44225866685274906,0.4033320634576626
none_moving,0.5,540,15630,173.66666666666666,0.15112500995379322,0.1289851329518256,3451,38.34444444444445,0.41493346355725597,0.38553263540535077
none_moving,0.5,541,15643,173.48983364140477,0.1683974840920821,0.14441663743781707,3455,38.31792975970425,0.39751455804682273,0.37634873110191014
none_moving,0.5,542,15690,173.690036900369,0.20096862533460294,0.17909291913061318,3457,38.269372693726936,0.39087420175121584,0.3724215164928603
none_moving,0.5,543,15699,173.4696132596685,0.16923881070685745,0.1538338093948882,3459,38.22099447513811,0.3867209977428308,0.36642461767787704
none_moving,0.5,544,15745,173.65808823529412,0.17377988458533494,0.15691937181469567,3462,38.18382352941176,0.3848394171440975,0.3614566504427587
none_moving,0.5,545,15757,173.4715596330275,0.21358405243980708,0.19749227191252222,3462,38.1137614678899,0.3857307346150436,0.35916434228259453
none_moving,0.5,546,15803,173.65934065934067,0.22141953865185637,0.20953007081027283,3464,38.065934065934066,0.3879685868610149,0.3585340446154006
none_moving,0.5,547,15817,173.49542961608773,0.15040264884907562,0.14542409640768256,3464,37.9963436928702,0.38120657668193336,0.35112403118035207
none_moving,0.5,548,15862,173.67153284671534,0.15035791139565474,0.13485459120254972,3464,37.92700729927007,0.37845603304079267,0.3474426442342749
none_moving,0.5,549,15874,173.4863387978142,0.14276204592566483,0.12521488147372808,3467,37.89071038251366,0.3765358783489851,0.3441682496122161
none_moving,0.5,550,15920,173.6727272727273,0.1752921056223965,0.14449532255196135,3477,37.93090909090909,0.3857270618938082,0.3500681951307074
none_moving,0.5,551,15933,173.49909255898365,0.16438901004049958,0.1516834311507857,3485,37.9491833030853,0.35882294686555977,0.3131614936679451
none_moving,0.5,552,15980,173.69565217391306,0.15541206110456485,0.15030499177078763,3500,38.04347826086957,0.35377697992853896,0.3036238093976345
none_moving,0.5,553,15993,173.52260397830017,0.1797319927323889,0.1658674494329579,3509,38.072332730560575,0.33040352227688524,0.28626757203759284
none_moving,0.5,554,16039,173.70758122743686,0.2015652366921604,0.174017388198074,3517,38.09025270758123,0.30999508054667047,0.2707109449925206
none_moving,0.5,555,16053,173.54594594594593,0.2233482257770138,0.17921713693755284,3528,38.14054054054054,0.2583638107756862,0.23026781602337976
none_moving,0.5,556,16100,173.7410071942446,0.24346634693855895,0.20150030007625735,3538,38.17985611510791,0.2537531638963636,0.22842451249110712
none_moving,0.5,557,16112,173.55834829443447,0.25719699326958617,0.23337715215522295,3545,38.18671454219031,0.2814961252318569,0.25842281514468457
none_moving,0.5,558,16156,173.72043010752685,0.2660262321774289,0.24951315429354254,3555,38.2258064516129,0.3079533543134093,0.27962534407246137
none_moving,0.5,559,16169,173.54919499105546,0.2750078711810994,0.2504056598486154,3562,38.23255813953488,0.33075540696690275,0.3055220134218534
none_moving,0.5,560,16214,173.72142857142856,0.2512826892195463,0.21865381005166012,3562,38.16428571428571,0.3533697562068761,0.3305567706354559
none_moving,0.5,561,16226,173.54010695187165,0.23200798990663168,0.19093046074140213,3566,38.13903743315508,0.37148221026214767,0.34761101070128453
none_moving,0.5,562,16269,173.69039145907473,0.24037265822568746,0.2032314041488379,3574,38.156583629893234,0.3581191679727605,0.337441833213988
none_moving,0.5,563,16281,173.50976909413853,0.21479427557654754,0.1870267106468014,3582,38.174067495559505,0.36231462295814704,0.33788013631008573
none_moving,0.5,564,16326,173.68085106382978,0.20269616838214938,0.18845639467439054,3595,38.244680851063826,0.37091767639294365,0.34428407166596847
none_moving,0.5,565,16336,173.4796460176991,0.19244171013206796,0.1812019578486976,3613,38.36814159292036,0.3674421631696184,0.33609503753833436
none_moving,0.5,566,16381,173.6501766784452,0.23264318700577435,0.19737794380463852,3632,38.50176678445229,0.35662389149432466,0.3227161799700848
none_moving,0.5,567,16393,173.47089947089947,0.21140829602609124,0.16208499578594576,3658,38.708994708994716,0.3536023134521474,0.3181385768571809
none_moving,0.5,568,16440,173.66197183098592,0.21428051317775615,0.16298730664305036,3672,38.78873239436619,0.31100914536169816,0.26858776482613506
none_moving,0.5,569,16452,173.48330404217927,0.19133471184554116,0.15041037090296813,3683,38.8365553602812,0.28456979904126994,0.2446165080490672
none_moving,0.5,570,16498,173.66315789473683,0.2235172215146115,0.18811656918514225,3694,38.88421052631579,0.24635170175111024,0.2086903462549483
none_moving,0.5,571,16511,173.4956217162872,0.17919257693963409,0.15710093084029905,3700,38.879159369527144,0.21909217678159068,0.1805293833636862
none_moving,0.5,572,16556,173.66433566433565,0.1531599936504443,0.1339347549129166,3702,38.83216783216783,0.23046823630219365,0.19497721218321973
none_moving,0.5,573,16569,173.49738219895286,0.17057257515453678,0.14288454479845525,3706,38.80628272251309,0.23803525017846586,0.20953781085330525
none_moving,0.5,574,16615,173.67595818815332,0.20908123866562217,0.18113808645611745,3708,38.7595818815331,0.2384786425643121,0.2219368904935901
none_moving,0.5,575,16629,173.52,0.16729766845001262,0.13893288475456417,3708,38.692173913043476,0.25270778842719627,0.23599688038616923
none_moving,0.5,576,16674,173.68750000000003,0.1566803662712514,0.12568935053228739,3708,38.625,0.27169541324636876,0.24985197962993203
none_moving,0.5,577,16685,173.5008665511265,0.15993715688016052,0.12422088836146541,3708,38.5580589254766,0.29082427455131166,0.26307831401786475
none_moving,0.5,578,16730,173.66782006920417,0.18115238114222015,0.1518713926124921,3708,38.491349480968864,0.30818152960293044,0.2761367240544002
none_moving,0.5,579,16742,173.49222797927462,0.16378853288563586,0.14432001032089253,3708,38.424870466321245,0.32316945418414317,0.28897714625182064
none_moving,0.5,580,16789,173.6793103448276,0.1300460682835733,0.11474655658671715,3708,38.358620689655176,0.3357699367949116,0.3006266603357971
none_moving,0.5,581,16803,173.5249569707401,0.1385030256559727,0.1227188935825008,3708,38.292598967297764,0.34619772628646683,0.3106863179950244
none_moving,0.5,582,16849,173.70103092783506,0.15358824331185522,0.12215195614592012,3718,38.3298969072165,0.35259351548857026,0.31531097984356016
none_moving,0.5,583,16862,173.5368782161235,0.07183260046303928,0.06178187142710989,3718,38.264150943396224,0.3595853456983805,0.3258609758976395
none_moving,0.5,584,16908,173.7123287671233,0.07464361472289383,0.07160115801120016,3718,38.1986301369863,0.36978888776184166,0.33864121233724526
none_moving,0.5,585,16922,173.55897435897435,0.124117463593461,0.10901790893537636,3722,38.174358974358974,0.3954258959260951,0.36502876373626814
none_moving,0.5,586,16964,173.6928327645051,0.14752679044732278,0.13167598154544657,3724,38.1296928327645,0.4041125307813816,0.3756616565285197
none_moving,0.5,587,16976,173.51959114139692,0.14934340174608052,0.13234631099429425,3724,38.064735945485516,0.3494902589982294,0.3306180358401244
none_moving,0.5,588,17022,173.6938775510204,0.14449493203598188,0.12762271713040024,3728,38.04081632653061,0.32690824131644214,0.3070499159985121
none_moving,0.5,589,17033,173.51103565365025,0.13789257543080402,0.12462013020906837,3737,38.0679117147708,0.32402845525226803,0.29939182222961674
none_moving,0.5,590,17080,173.6949152542373,0.13487348929926,0.122206206614067,3742,38.05423728813559,0.2956889462087063,0.2666696808159992
none_moving,0.5,591,17092,173.52284263959393,0.09653205998046298,0.08448740661898403,3748,38.0507614213198,0.2997494037452525,0.2661510806958411
none_moving,0.5,592,17138,173.69594594594594,0.14955441105445,0.13185689303460718,3759,38.09797297297297,0.28425583912739705,0.2416049605506741
none_moving,0.5,593,17151,173.5345699831366,0.15549106096154183,0.13267937159118254,3771,38.155143338954474,0.27059907338686573,0.22092662872450836
none_moving,0.5,594,17198,173.7171717171717,0.15205604923810956,0.13160616194646438,3783,38.21212121212121,0.26656427619300277,0.20443048997568164
none_moving,0.5,595,17209,173.53613445378153,0.14183186128915135,0.11676684276734836,3796,38.27899159663866,0.27986837463270164,0.22089746287703482
none_moving,0.5,596,17252,173.6778523489933,0.16210426657619154,0.1340640596227642,3802,38.2751677852349,0.284086112035923,0.22439834537025488
none_moving,0.5,597,17263,173.49748743718592,0.11218759161966733,0.09869771789501539,3816,38.35175879396986,0.2866402594788898,0.21922624596638296
none_moving,0.5,598,17306,173.63879598662206,0.1596101433887749,0.14415724820621817,3823,38.357859531772576,0.2847190291041672,0.2164743882348951
none_moving,0.5,599,17319,173.4791318864775,0.1871781627127845,0.1656506603480718,3829,38.35392320534224,0.2835512408108675,0.20742880226190855
none_moving,0.5,600,17365,173.65,0.15133641398564482,0.12775623174448641,3838,38.38,0.2574679924425918,0.21031104155051436
few_moving,0.5,0,0,,18.187917130173428,17.241615522676813,0,,18.187917130173428,17.241615522676813
few_moving,0.5,1,0,0,18.187917130173428,17.241615522676813,39,234,9.71894903525305,8.675060781674329
few_moving,0.5,2,39,117,9.717939283852083,8.66872062913383,95,285,9.336550611862354,8.242489513719807
few_moving,0.5,3,53,105.99999999999999,9.346390660904826,8.258364319263759,151,302,8.939124928332497,7.818268229021804
few_moving,0.5,4,97,145.5,8.959387905301094,7.8501351424541355,209,313.5,8.537319377772945,7.3916137472799885
few_moving,0.5,5,110,132,8.566912347119938,7.434734182183121,266,319.20000000000005,8.151164979983394,6.99387099141264
few_moving,0.5,6,157,156.99999999999997,8.17845583413572,7.030112366133923,323,322.99999999999994,7.770532156330908,6.61569314517908
few_moving,0.5,7,169,144.85714285714283,7.793698155391976,6.633229524905562,373,319.71428571428567,7.387251443691939,6.230676210145271
few_moving,0.5,8,213,159.75,7.413504948077861,6.265244081723041,378,283.5,7.020022529180429,5.884904447868663
few_moving,0.5,9,227,151.33333333333334,7.028162620692277,5.89547522502359,378,252,6.6614871829737075,5.5643368202308165
few_moving,0.5,10,272,163.20000000000002,6.659099198538244,5.55327455923332,378,226.79999999999998,6.310987973462643,5.258680011658437
few_moving,0.5,11,286,156.00000000000003,6.3079436069624375,5.253458518725228,378,206.1818181818182,5.9732128883845315,4.973410191401855
few_moving,0.5,12,332,166,5.962784637616565,4.94556595458462,378,188.99999999999997,5.646215726849427,4.70552055805401
few_moving,0.5,13,343,158.3076923076923,5.615707004197159,4.6491789859144745,378,174.46153846153845,5.328744546073472,4.451871333705036
few_moving,0.5,14,389,166.7142857142857,5.251582511742927,4.342316908663926,378,161.99999999999997,5.020189743284672,4.209404310338686
few_moving,0.5,15,402,160.8,4.884167600676987,4.030575174953904,378,151.2,4.720478556924258,3.9756011355735836
few_moving,0.5,16,448,168,4.5260940263900284,3.730110771651604,378,141.75,4.430021873705059,3.748661365621988
few_moving,0.5,17,461,162.7058823529412,4.193078389348532,3.4595732529976013,378,133.41176470588235,4.149703092956832,3.527385863984171
few_moving,0.5,18,507,169.00000000000003,3.8532298512347944,3.174952931320397,378,126,3.888236963805227,3.3182460664168074
few_moving,0.5,19,518,163.57894736842104,3.5079532637485697,2.8781961051276097,378,119.36842105263158,3.6506039474403704,3.1237675850038653
few_moving,0.5,20,563,168.9,3.167865420577098,2.584211652023899,378,113.39999999999999,3.4339711568155096,2.940876621860046
few_moving,0.5,21,574,164,2.835333652060297,2.3045661676180513,384,109.71428571428572,3.2402690015154056,2.7703750329011347
few_moving,0.5,22,620,169.0909090909091,2.5399347049198684,2.0661095758089236,401,109.36363636363637,2.9302251015919154,2.4623811890039624
few_moving,0.5,23,631,164.6086956521739,2.2737541890140465,1.8411410440195333,401,104.6086956521739,2.6634623490345914,2.1857965644083603
few_moving,0.5,24,677,169.25,2.01969137518086,1.6261764812167097,401,100.25,2.444718319496836,1.9623928095569851
few_moving,0.5,25,691,165.83999999999997,1.7352151727206646,1.3964460096026585,401,96.24,2.262824595691979,1.7845607734568272
few_moving,0.5,26,736,169.84615384615384,1.5060187452941485,1.2072409425279405,401,92.53846153846153,2.109322198240291,1.6451629230836349
few_moving,0.5,27,748,166.2222222222222,1.3004203834493202,1.0477560046971004,401,89.11111111111111,1.986821668438535,1.5395987806488896
few_moving,0.5,28,795,170.35714285714286,1.1696101227623652,0.9353593339860566,401,85.92857142857143,1.893290364912762,1.4609737179548883
few_moving,0.5,29,809,167.3793103448276,1.019892132257804,0.82052825009429,412,85.24137931034484,1.816423039229956,1.380521775084545
few_moving,0.5,30,853,170.6,0.8928383262021016,0.7148083564045626,425,85,1.7478190351516594,1.2932547403789285
few_moving,0.5,31,866,167.61290322580643,0.8069936051229378,0.6151587660711934,439,84.96774193548386,1.697594717628209,1.23109816926133
few_moving,0.5,32,911,170.8125,0.7775473434532213,0.5631719952505357,452,84.75,1.6635034966117677,1.2102432694800043
few_moving,0.5,33,923,167.8181818181818,0.7123309801981418,0.5188481750626173,465,84.54545454545453,1.6375604408767943,1.1893954540943696
few_moving,0.5,34,968,170.8235294117647,0.6445405911203439,0.48989352694831767,478,84.35294117647058,1.6173334735624214,1.171394996688178
few_moving,0.5,35,979,167.82857142857142,0.5589276635613096,0.42795402119565196,491,84.17142857142856,1.6013582226679102,1.158549209617173
few_moving,0.5,36,1023,170.5,0.5367997327790703,0.38624400142185145,501,83.5,1.590683361926004,1.1580871752770188
few_moving,0.5,37,1037,168.16216216216216,0.5185025115957727,0.379828670171006,513,83.18918918918918,1.4026501241704,1.033878690211258
few_moving,0.5,38,1082,170.84210526315792,0.45793806359908407,0.33770744705576494,513,81,1.2729958235079182,0.9649814687434197
few_moving,0.5,39,1095,168.46153846153845,0.4572149928969948,0.3243626048231313,513,78.92307692307692,1.1867615774533826,0.9278730076912891
few_moving,0.5,40,1140,171,0.4444989647422311,0.31759111423263087,513,76.95,1.1316341229533868,0.9107102960393995
few_moving,0.5,41,1153,168.73170731707316,0.5000847539525544,0.36603035888558144,513,75.07317073170731,1.0978010435481338,0.9037802817841468
few_moving,0.5,42,1198,171.14285714285714,0.46834497069894165,0.36068646969601803,513,73.28571428571429,1.0779576024187185,0.9011686406581338
few_moving,0.5,43,1212,169.11627906976744,0.4220880576858383,0.33257261054159093,522,72.83720930232559,1.008443919164362,0.8559161565865828
few_moving,0.5,44,1258,171.54545454545456,0.40327887111789024,0.31696482859620373,532,72.54545454545456,0.958195460963779,0.8173909569902111
few_moving,0.5,45,1271,169.46666666666667,0.3979437455772848,0.2855886142659803,543,72.39999999999999,0.8940013423939372,0.7668496613632867
few_moving,0.5,46,1317,171.78260869565216,0.36170451933480613,0.2687125692752641,554,72.26086956521739,0.8303487961661553,0.7287960332276417
few_moving,0.5,47,1330,169.7872340425532,0.25863728220885035,0.20992186288101244,564,72,0.7979452305651527,0.7017330238303495
few_moving,0.5,48,1376,171.99999999999997,0.22915513178549168,0.2027488884428117,574,71.75,0.7817144981243802,0.6808344679589401
few_moving,0.5,49,1390,170.20408163265307,0.19832483392144318,0.15615560690102911,585,71.63265306122449,0.7495907212382386,0.6575867116300224
few_moving,0.5,50,1436,172.32,0.17535708175423823,0.1326664896824406,596,71.52,0.7170992300572471,0.6273680006821604
few_moving,0.5,51,1450,170.58823529411765,0.17261704203452272,0.1359463160924283,607,71.41176470588236,0.6945862978492711,0.6162224371707253
few_moving,0.5,52,1497,172.7307692307692,0.15120044759262907,0.12649306298026133,615,70.96153846153845,0.6446525501429368,0.579505883781938
few_moving,0.5,53,1507,170.60377358490567,0.16975630250318705,0.1404158480813658,615,69.62264150943396,0.6134279971941358,0.5461440880161297
few_moving,0.5,54,1552,172.44444444444443,0.2236197285724718,0.17281057165512745,615,68.33333333333333,0.5972944766424219,0.5224203814669932
few_moving,0.5,55,1565,170.72727272727275,0.23150213272098866,0.1736853875473145,615,67.0909090909091,0.5905421778745034,0.5056040335436713
few_moving,0.5,56,1612,172.7142857142857,0.18819991332032604,0.15860227395710183,618,66.21428571428571,0.589073599686566,0.4939913059614568
few_moving,0.5,57,1625,171.05263157894737,0.23950925353512117,0.18135996465262574,626,65.89473684210527,0.5557183023638964,0.4448602769836061
few_moving,0.5,58,1667,172.44827586206895,0.27051142593471467,0.19987464767670446,633,65.48275862068965,0.5414289585689602,0.42025645065254336
few_moving,0.5,59,1680,170.84745762711864,0.2547675101398209,0.19903952033531846,646,65.69491525423729,0.5369119268249667,0.40988371943023283
few_moving,0.5,60,1725,172.5,0.24007404699431198,0.19578659829294537,660,66,0.5264290775888549,0.38547248310206034
few_moving,0.5,61,1739,171.04918032786887,0.191583398385214,0.17665271426215248,673,66.19672131147541,0.5351133855642839,0.3961509880052665
few_moving,0.5,62,1783,172.54838709677418,0.22217961352983792,0.19819984404523172,687,66.48387096774194,0.531835981820001,0.3851600052086397
few_moving,0.5,63,1796,171.04761904761904,0.23540753007800794,0.21041380356649825,702,66.85714285714286,0.539230396126247,0.3939416765483956
few_moving,0.5,64,1842,172.6875,0.21560489983712247,0.1945836380393654,716,67.125,0.5193758860844846,0.3863206104851657
few_moving,0.5,65,1855,171.23076923076925,0.22307834321779096,0.18826773222588009,725,66.92307692307693,0.5113241231194867,0.3912077393379251
few_moving,0.5,66,1900,172.72727272727272,0.27631130058227066,0.24036676634925874,731,66.45454545454544,0.49938003143201504,0.385193802363274
few_moving,0.5,67,1914,171.40298507462686,0.24640217940705458,0.21015277156757964,739,66.17910447761194,0.4379321863605266,0.3602671851779433
few_moving,0.5,68,1959,172.8529411764706,0.22961966589264243,0.19946901923829335,739,65.20588235294119,0.40352825472640175,0.3526459173604718
few_moving,0.5,69,1971,171.3913043478261,0.1899607792169171,0.16154038212993668,739,64.2608695652174,0.3883247036090971,0.35267861296363684
few_moving,0.5,70,2016,172.79999999999998,0.17690244152290124,0.15900807460684055,739,63.34285714285714,0.38507725665249054,0.3558527963365298
few_moving,0.5,71,2029,171.46478873239437,0.21310453812285687,0.18546364193762208,739,62.45070422535212,0.38837222018569256,0.3601689556743059
few_moving,0.5,72,2074,172.83333333333334,0.24297101500897092,0.20619414310874914,739,61.58333333333334,0.39470159625111007,0.36477654489564354
few_moving,0.5,73,2086,171.45205479452056,0.251516154477794,0.21258988816438246,744,61.15068493150686,0.35131843990164313,0.3314152548210302
few_moving,0.5,74,2131,172.78378378378378,0.2518502404460671,0.21066435719293658,749,60.72972972972973,0.3100873575580232,0.2974996821847812
few_moving,0.5,75,2142,171.35999999999999,0.26375781186952535,0.22363345772558044,754,60.32000000000001,0.2895915055710929,0.27317542513496107
few_moving,0.5,76,2188,172.73684210526318,0.24046253175481028,0.20392996495796245,759,59.92105263157895,0.30176288373182886,0.27540484830089096
few_moving,0.5,77,2202,171.58441558441555,0.18529728175582297,0.15804604804576558,764,59.532467532467535,0.29011780671440446,0.26804089944291
few_moving,0.5,78,2248,172.92307692307693,0.15940596249862665,0.13476017921189656,771,59.3076923076923,0.29292262264129126,0.2627068794477701
few_moving,0.5,79,2262,171.79746835443038,0.15412779904631255,0.1301786532785377,775,58.860759493670884,0.2627577118630783,0.23433492663954417
few_moving,0.5,80,2305,172.875,0.16661658990228928,0.13594066030821952,780,58.5,0.24559643955761012,0.21836582404069
few_moving,0.5,81,2317,171.62962962962962,0.17806831544198964,0.12943535268845768,786,58.222222222222214,0.20502585530625123,0.18596287460504937
few_moving,0.5,82,2363,172.90243902439025,0.20611024821613622,0.14271461918054296,794,58.09756097560976,0.16425679814618158,0.1438327310979115
few_moving,0.5,83,2375,171.6867469879518,0.18157096709378892,0.1357559264926826,794,57.397590361445786,0.14915989082785594,0.13373822400397506
few_moving,0.5,84,2421,172.92857142857144,0.17456293506113385,0.14713499463442042,794,56.71428571428572,0.15030934298085458,0.13757254062498012
few_moving,0.5,85,2434,171.81176470588235,0.18893655401691872,0.15660361840471596,794,56.04705882352941,0.1597295121454321,0.14683272350434418
few_moving,0.5,86,2480,173.02325581395348,0.21381198258931106,0.1801321219005689,797,55.6046511627907,0.17199553065532677,0.15611878337987312
few_moving,0.5,87,2493,171.93103448275863,0.15537476082388268,0.1391140152550442,804,55.44827586206897,0.19686847038164684,0.17536841992456106
few_moving,0.5,88,2539,173.11363636363637,0.11686136226514371,0.11018231621392585,812,55.36363636363637,0.20448826885477528,0.18281127457786034
few_moving,0.5,89,2551,171.97752808988764,0.1489859118863272,0.129262002117749,825,55.61797752808989,0.2231126375976334,0.2044508478191987
few_moving,0.5,90,2597,173.13333333333333,0.18733732378073162,0.15456127712717777,836,55.73333333333333,0.22616084141012543,0.2063534780477526
few_moving,0.5,91,2610,172.0879120879121,0.18302626271573955,0.15920266277223236,850,56.043956043956044,0.2255414364880542,0.20009718650889
few_moving,0.5,92,2656,173.21739130434784,0.16404811232856825,0.14396794043729805,863,56.282608695652165,0.23101041661843302,0.20416919567504
few_moving,0.5,93,2670,172.25806451612902,0.200336198409782,0.17569434349970509,873,56.32258064516129,0.23853251891999042,0.212723473750757
few_moving,0.5,94,2715,173.29787234042553,0.2670994922882497,0.2280108139950409,881,56.234042553191486,0.21215162424838424,0.19711391477733628
few_moving,0.5,95,2728,172.29473684210527,0.30388202945015746,0.24541488212729173,891,56.27368421052631,0.1955400165283812,0.18171540538548783
few_moving,0.5,96,2771,173.1875,0.28438076992740785,0.2449931922730951,895,55.9375,0.1963836889060663,0.17886219859767089
few_moving,0.5,97,2779,171.89690721649484,0.23822575026052117,0.20938138373871143,903,55.855670103092784,0.2070691383519464,0.18916523306354188
few_moving,0.5,98,2824,172.89795918367346,0.18752465219486,0.14989200023162513,903,55.285714285714285,0.2289592935751123,0.2086846635176673
few_moving,0.5,99,2837,171.93939393939394,0.1427547179087934,0.1220416995289048,903,54.72727272727273,0.25588619734106416,0.23425979533064317
few_moving,0.5,100,2884,173.04,0.15731009232688176,0.15178846165485166,903,54.17999999999999,0.2817618130086496,0.25972402244486287
few_moving,0.5,101,2896,172.03960396039605,0.14289068397295135,0.13094924486899476,903,53.64356435643564,0.3045293927979154,0.2822281741412813
few_moving,0.5,102,2942,173.05882352941177,0.1361497290553392,0.12591347940997039,903,53.11764705882353,0.3237850090578496,0.30115195647450965
few_moving,0.5,103,2955,172.1359223300971,0.11493250913812644,0.0985575690047539,903,52.601941747572816,0.3397413337683004,0.31674121612627004
few_moving,0.5,104,3000,173.07692307692307,0.14598780924721472,0.13710444494241886,903,52.09615384615384,0.3528109356749915,0.32945334649478963
few_moving,0.5,105,3012,172.1142857142857,0.1771772485149926,0.16244892323802096,903,51.6,0.3634401547513308,0.33975896336873357
few_moving,0.5,106,3057,173.03773584905662,0.20312591105751615,0.1835189753970336,903,51.113207547169814,0.37204491094035236,0.3480828939822854
few_moving,0.5,107,3070,172.14953271028037,0.1782996411531189,0.15448597229392524,905,50.747663551401864,0.37898910125304747,0.35478955553749925
few_moving,0.5,108,3113,172.94444444444446,0.14334115035300277,0.12368416402333982,905,50.27777777777778,0.38088573885353205,0.352898775303401
few_moving,0.5,109,3126,172.07339449541286,0.13140387473401913,0.11526025948408139,907,49.92660550458716,0.38557808272317445,0.3555108987078033
few_moving,0.5,110,3173,173.0727272727273,0.12417082885649298,0.10941042746772153,913,49.8,0.38210848290539395,0.34957334354785097
few_moving,0.5,111,3186,172.21621621621622,0.13849259939673947,0.12215442220125068,917,49.567567567567565,0.37740555769581496,0.3423505241746284
few_moving,0.5,112,3230,173.03571428571428,0.1759546821131947,0.157682344415025,925,49.55357142857143,0.3308972176382223,0.312944477704978
few_moving,0.5,113,3243,172.19469026548674,0.12304211021256538,0.11567944050540782,925,49.11504424778761,0.3041643816181581,0.2849562279800051
few_moving,0.5,114,3290,173.1578947368421,0.1294896007001581,0.12066724902413398,931,49,0.2950010547270737,0.2684834785339947
few_moving,0.5,115,3303,172.3304347826087,0.13378326141234295,0.12841266402965962,947,49.40869565217391,0.28153810576944105,0.240883631356778
few_moving,0.5,116,3348,173.17241379310346,0.1534809579921743,0.14370483790901695,963,49.810344827586206,0.2559880962939337,0.2253905534229404
few_moving,0.5,117,3361,172.35897435897436,0.14486160560521397,0.1292464735136118,981,50.30769230769231,0.2501213450208944,0.22561369333316353
few_moving,0.5,118,3406,173.18644067796612,0.1212834527511169,0.10893409044477727,1000,50.847457627118644,0.2282687531528116,0.20269569487423467
few_moving,0.5,119,3417,172.28571428571428,0.1008175903926273,0.09407303414753898,1020,51.42857142857142,0.2362515666881973,0.20538996523416295
few_moving,0.5,120,3462,173.1,0.12374172470644779,0.10654912546425974,1040,52,0.26037753662503327,0.2328498263812901
few_moving,0.5,121,3476,172.36363636363637,0.21915363656506942,0.18779823815976976,1071,53.107438016528924,0.3469197274578199,0.2983889259659932
few_moving,0.5,122,3520,173.11475409836066,0.4132071405797702,0.34155809714519403,1094,53.80327868852459,0.46014358258416604,0.39412063329382324
few_moving,0.5,123,3532,172.2926829268293,0.5100908775175748,0.3846269654021565,1112,54.243902439024396,0.571027382368624,0.4918876935170039
few_moving,0.5,124,3576,173.03225806451613,0.6275651230076948,0.46614359859058874,1134,54.87096774193548,0.6680566708376938,0.562012392924421
few_moving,0.5,125,3588,172.224,0.7340150431546892,0.580075369651426,1154,55.391999999999996,0.7448203177984715,0.609430874474999
few_moving,0.5,126,3633,173,0.8654745729277692,0.697491512315027,1175,55.95238095238095,0.8093012580798096,0.6467689349324981
few_moving,0.5,127,3647,172.29921259842519,0.8987435912535102,0.6723293943870586,1198,56.59842519685039,0.853595332119622,0.6603619648124274
few_moving,0.5,128,3692,173.0625,0.9644340154896085,0.6862189681818898,1216,57,0.9067135793117191,0.6748944714248457
few_moving,0.5,129,3705,172.32558139534885,0.9805767558993074,0.7033321034390667,1234,57.395348837209305,0.9548650736108056,0.6998246349278352
few_moving,0.5,130,3750,173.0769230769231,1.0156589629840702,0.7510944981913623,1254,57.876923076923084,0.9875024961271875,0.7178517526646788
few_moving,0.5,131,3762,172.3053435114504,1.026920055251899,0.7846905091814323,1271,58.21374045801527,1.024404752349759,0.7471342194967941
few_moving,0.5,132,3804,172.90909090909088,1.0510427897998327,0.7874258138553687,1287,58.49999999999999,1.0933884841729522,0.8059382271854671
few_moving,0.5,133,3816,172.15037593984962,1.0555657502599631,0.816700332698938,1303,58.78195488721805,1.1361214040677123,0.8466539994134937
few_moving,0.5,134,3857,172.7014925373134,1.0884971680148336,0.8364150944484695,1319,59.059701492537314,1.2206382886877682,0.91296088534169
few_moving,0.5,135,3867,171.86666666666667,1.1460825902724754,0.8339989945663138,1339,59.51111111111111,1.2998725685188717,0.969767749400112
few_moving,0.5,136,3911,172.54411764705884,1.2435847306124155,0.886440056224162,1356,59.8235294117647,1.4016827386517923,1.0381446002558303
few_moving,0.5,137,3922,171.76642335766425,15.002066717134966,5.2075449552457895,1374,60.17518248175183,1.5087373198574972,1.1058142215705433
few_moving,0.5,138,3962,172.2608695652174,15.083813766412472,5.2291689796104,1389,60.39130434782609,1.613478130160427,1.1634487756053322
few_moving,0.5,139,3974,171.53956834532372,15.164127689185648,5.249250737005939,1406,60.69064748201438,1.7380840216980975,1.2401362157970308
few_moving,0.5,140,4014,172.0285714285714,15.247495062629138,5.278292905653997,1424,61.028571428571425,1.8700567385038716,1.3270046562454985
few_moving,0.5,141,4024,171.23404255319147,15.332225023246398,5.33114594021566,1443,61.40425531914894,1.9832678848115088,1.3993764555823611
few_moving,0.5,142,4066,171.80281690140845,15.417529269555677,5.355937769415565,1469,62.07042253521127,2.1022009160121278,1.4344601844043674
few_moving,0.5,143,4079,171.14685314685315,15.50288702256638,5.353142057011065,1491,62.55944055944056,2.224286960190975,1.4849860573188427
few_moving,0.5,144,4119,171.625,15.59123354035482,5.38871959691188,1512,63,2.358524455208494,1.5694563914756903
few_moving,0.5,145,4130,170.89655172413794,15.68063989724757,5.3868390926181045,1537,63.6,2.4988266984662926,1.6730567706174813
few_moving,0.5,146,4169,171.3287671232877,15.771780981858324,5.465585383579048,1568,64.43835616438358,2.56096809203304,1.7185397290173619
few_moving,0.5,147,4180,170.61224489795916,15.862395635038652,5.483212318310381,1600,65.3061224489796,2.655628942222746,1.793190391757402
few_moving,0.5,148,4219,171.04054054054052,15.956643268192854,5.572905385400597,1631,66.12162162162161,2.7544190791092813,1.8775088020824686
few_moving,0.5,149,4231,170.3758389261745,16.0473221232092,5.508158328231183,1655,66.64429530201342,2.877987791638988,1.9771290122626322
few_moving,0.5,150,4271,170.84,16.14138121417503,5.520080378303271,1683,67.32000000000001,3.0128101214595144,2.071618921147491
few_moving,0.5,151,4280,170.0662251655629,16.23467237350431,5.524449435501112,1711,67.98675496688742,3.1038494948890403,2.074201691020833
few_moving,0.5,152,4323,170.6447368421053,16.328472894183786,5.526107028725383,1731,68.32894736842105,16.18021319699919,5.73979332480435
few_moving,0.5,153,4334,169.9607843137255,16.423997297843894,5.521295294185736,1752,68.70588235294117,16.268293912372826,5.701053864275589
few_moving,0.5,154,4377,170.5324675324675,16.521861367175855,5.558582598512238,1775,69.15584415584415,16.36069589889729,5.693319053144531
few_moving,0.5,155,4387,169.81935483870967,16.619794492315794,5.5538230958668535,1797,69.56129032258063,16.45473824039672,5.688102296032341
few_moving,0.5,156,4429,170.34615384615384,16.720153916543552,5.6006079452737,1821,70.03846153846153,16.55040677258719,5.690745215713949
few_moving,0.5,157,4439,169.64331210191082,16.82118953004089,5.644373094091966,1835,70.12738853503184,16.647072258501954,5.669740221314454
few_moving,0.5,158,4479,170.0886075949367,16.923492901341895,5.706068947376702,1843,69.98734177215191,16.74574603681328,5.675634506541032
few_moving,0.5,159,4490,169.43396226415095,17.02557118981236,5.698079327530691,1859,70.15094339622642,16.845373159859246,5.70017941551046
few_moving,0.5,160,4533,169.9875,17.129667026340627,5.756467537310379,1874,70.275,16.946133898631548,5.732729552835197
few_moving,0.5,161,4545,169.37888198757764,17.234071712002347,5.797254488185532,1888,70.36024844720498,17.048155861986334,5.769963551758371
few_moving,0.5,162,4588,169.92592592592592,17.339009705224218,5.812595496358318,1902,70.44444444444443,17.150617567899072,5.7939185772661705
few_moving,0.5,163,4600,169.3251533742331,17.44503422080674,5.865271323375766,1913,70.41717791411043,17.25465614996418,5.840486817210341
few_moving,0.5,164,4642,169.8292682926829,17.552443591554805,5.921629069975198,1932,70.68292682926828,17.35880553709393,5.872098054940091
few_moving,0.5,165,4653,169.20000000000002,17.659236831716207,5.939973909519017,1954,71.05454545454546,17.463502801886236,5.900521771968577
few_moving,0.5,166,4693,169.6265060240964,17.75995966679761,5.937600688240786,1976,71.42168674698794,17.56226793945603,5.913590048084496
few_moving,0.5,167,4704,169.00598802395209,17.75984079618063,5.929296094494598,1997,71.74850299401197,17.562435352193027,5.91677917846571
few_moving,0.5,168,4745,169.46428571428572,17.760629558506718,5.963498659632096,2017,72.03571428571429,17.562449263941453,5.925120996970309
few_moving,0.5,169,4755,168.81656804733726,17.76057903099615,5.967976670550628,2038,72.35502958579882,17.562338034641826,5.925378369008081
few_moving,0.5,170,4796,169.27058823529413,17.75985526691442,5.9309100252041755,2050,72.35294117647058,17.561997570948023,5.920838016267353
few_moving,0.5,171,4807,168.66666666666666,17.759212108345693,5.902902610120167,2061,72.3157894736842,17.562014215835386,5.925349332618409
few_moving,0.5,172,4849,169.15116279069767,17.759172714845278,5.8951012953799395,2072,72.27906976744185,17.560584148701974,5.867371399830231
few_moving,0.5,173,4859,168.52023121387282,17.758946470940337,5.872255340797237,2079,72.10404624277457,17.560376479991408,5.854109622475242
few_moving,0.5,174,4901,169,17.75831706471838,5.84669735210004,2083,71.82758620689656,17.560747219775884,5.8629354713952235
few_moving,0.5,175,4913,168.4457142857143,17.75825286699193,5.837094004816019,2089,71.62285714285714,17.56128133545336,5.880711900278012
few_moving,0.5,176,4955,168.92045454545456,17.758885830562228,5.875963195869726,2097,71.48863636363636,17.561786461107843,5.899921302473826
few_moving,0.5,177,4966,168.33898305084745,17.758350331970494,5.840434466187366,2104,71.32203389830508,17.562000112108844,5.910472114943705
few_moving,0.5,178,5008,168.80898876404495,17.7587216737587,5.869209564491974,2118,71.3932584269663,17.561961193698227,5.9085050328635464
few_moving,0.5,179,5019,168.23463687150837,17.7587290470828,5.880817206306572,2136,71.59776536312849,17.56193434082905,5.90404900413139
few_moving,0.5,180,5060,168.66666666666666,17.75877806113822,5.878464885286479,2156,71.86666666666666,17.56234764028282,5.911419568038555
few_moving,0.5,181,5071,168.09944751381215,17.757778994206994,5.845465244596632,2172,72,17.56112737159098,5.892578428510409
few_moving,0.5,182,5112,168.52747252747253,17.757071116509653,5.813734138830522,2184,72,17.56049263614067,5.8823882035641635
few_moving,0.5,183,5122,167.93442622950823,17.75632626604264,5.761887399995011,2195,71.9672131147541,17.56025277598547,5.875766551819046
few_moving,0.5,184,5162,168.32608695652175,17.75608272436819,5.740345497159112,2211,72.09782608695652,17.559227563429378,5.823099812482085
few_moving,0.5,185,5172,167.74054054054054,17.75656434221317,5.783586018642345,2218,71.93513513513514,17.55845883412601,5.789506438777455
few_moving,0.5,186,5213,168.1612903225806,17.756559005589644,5.786082695368132,2222,71.6774193548387,17.558339541609698,5.787683213966352
few_moving,0.5,187,5223,167.58288770053474,17.756256763159474,5.767541907789093,2223,71.32620320855615,17.558079823516987,5.765757880065001
few_moving,0.5,188,5262,167.93617021276597,17.756425257149832,5.78198843731769,2223,70.9468085106383,17.558409262267034,5.781600274759326
few_moving,0.5,189,5273,167.3968253968254,17.75676707884733,5.802453865047887,2223,70.57142857142858,17.55901665494764,5.80887029558155
few_moving,0.5,190,5314,167.81052631578947,17.756086258682984,5.749120258520985,2223,70.2,17.55972262690291,5.841809669135885
few_moving,0.5,191,5325,167.27748691099478,17.755899754310256,5.7324338304237,2224,69.86387434554975,17.560428235383302,5.870282321375358
few_moving,0.5,192,5367,167.71875,17.75592901447868,5.719867443455459,2225,69.53125,17.561082848530827,5.89398324921727
few_moving,0.5,193,5376,167.12953367875647,17.756049769241237,5.7424477644619945,2225,69.17098445595855,17.561664216199564,5.9135161231428786
few_moving,0.5,194,5418,167.56701030927834,17.756235673180846,5.754474920408645,2225,68.81443298969072,17.56216622141857,5.9294911612791115
few_moving,0.5,195,5427,166.9846153846154,17.755977692337332,5.734552564267086,2228,68.55384615384615,17.562676796568162,5.946077375876994
few_moving,0.5,196,5468,167.3877551020408,17.756224175355946,5.757284987741241,2231,68.29591836734694,17.563047276369897,5.957370177051754
few_moving,0.5,197,5479,166.87309644670052,17.756087485489534,5.745297252056831,2232,67.97969543147208,17.562871477419147,5.953816622055906
few_moving,0.5,198,5519,167.24242424242425,17.756272145639993,5.765397743074084,2232,67.63636363636364,17.56283123903713,5.95324273852274
few_moving,0.5,199,5529,166.70351758793967,17.755896755060437,5.728670096596977,2240,67.53768844221105,17.56122047279347,5.9042228354170625
few_moving,0.5,200,5569,167.07,17.755750413018557,5.703051574842599,2246,67.38,17.55986072144102,5.852030230426722
few_moving,0.5,201,5578,166.50746268656715,17.755919328483454,5.72889348769146,2258,67.40298507462687,17.559387758163506,5.834343462740145
few_moving,0.5,202,5617,166.84158415841586,17.756889518100948,5.798615564455927,2270,67.42574257425743,17.558716664249904,5.792534494879253
few_moving,0.5,203,5627,166.3152709359606,17.7562000821098,5.760055409705691,2282,67.44827586206897,17.558295550612698,5.7636892210268975
few_moving,0.5,204,5666,166.64705882352942,17.755740801077888,5.703188141734499,2294,67.47058823529412,17.558006510240695,5.752226853549917
few_moving,0.5,205,5676,166.1268292682927,17.75624931353324,5.749513798577735,2306,67.49268292682927,17.55804672093412,5.755594505480697
few_moving,0.5,206,5717,166.51456310679615,17.756947614132542,5.785235594182491,2318,67.51456310679612,17.55798575763841,5.759752053748167
few_moving,0.5,207,5728,166.02898550724635,17.756372042492043,5.758330249270719,2330,67.53623188405797,17.558112561243227,5.7649329486561935
few_moving,0.5,208,5769,166.41346153846152,17.756080944940702,5.74086984391516,2336,67.38461538461539,17.55829281798186,5.777442165018748
few_moving,0.5,209,5778,165.8755980861244,17.7559618909287,5.73793281374734,2343,67.26315789473685,17.558420969821718,5.7837823230184116
few_moving,0.5,210,5818,166.22857142857143,17.75574489292148,5.706099327898448,2350,67.14285714285714,17.558757379605556,5.8081362219746575
few_moving,0.5,211,5829,165.75355450236967,17.755731355066786,5.695467478662179,2359,67.08056872037915,17.558826288686003,5.810040070722658
few_moving,0.5,212,5872,166.18867924528303,17.75607571678723,5.733964237571437,2366,66.9622641509434,17.558828564263127,5.807920525559963
few_moving,0.5,213,5882,165.69014084507043,17.755990666903912,5.736515328618179,2370,66.7605633802817,17.558916750705517,5.811813727921458
few_moving,0.5,214,5922,166.0373831775701,17.75595881335512,5.731722045499956,2378,66.67289719626169,17.558867153271503,5.807436475110986
few_moving,0.5,215,5933,165.5720930232558,17.75602298830597,5.731720485863071,2380,66.4186046511628,17.559141818910685,5.814259462063834
few_moving,0.5,216,5971,165.86111111111111,17.756082038003964,5.744186765302891,2382,66.16666666666666,17.55960219547424,5.833057033735364
few_moving,0.5,217,5983,165.42857142857142,17.756115992930894,5.747558453025735,2383,65.88940092165899,17.560797017947205,5.873076400851884
few_moving,0.5,218,6022,165.74311926605506,17.756614062829144,5.783357137960518,2383,65.58715596330276,17.56206506792517,5.908568383353986
few_moving,0.5,219,6032,165.26027397260276,17.756766053664396,5.788128977333519,2383,65.28767123287672,17.56327981042254,5.938440464113814
few_moving,0.5,220,6073,165.62727272727273,17.756872489005207,5.7992979848631,2385,65.04545454545455,17.56435525426525,5.9608145574402585
few_moving,0.5,221,6083,165.14932126696831,17.756817165664355,5.781983628789929,2388,64.83257918552037,17.565286007255335,5.975198792565974
few_moving,0.5,222,6123,165.48648648648646,17.756823917372365,5.7906841506964195,2389,64.56756756756756,17.56620453523109,5.993776497814474
few_moving,0.5,223,6134,165.0403587443946,17.756860179269715,5.784875385969971,2394,64.41255605381166,17.566352048563,5.9929180286388055
few_moving,0.5,224,6173,165.34821428571428,17.75649313279703,5.778334506296698,2399,64.25892857142857,17.566396977926324,5.997967265648373
few_moving,0.5,225,6183,164.88,17.756786339192875,5.805414269638101,2404,64.10666666666667,17.56617302671887,6.00794882879019
few_moving,0.5,226,6224,165.23893805309734,17.75713449529909,5.828161962438226,2410,63.982300884955755,17.566915198265896,6.026876489768244
few_moving,0.5,227,6236,164.82819383259914,17.757259941219345,5.826444739660953,2422,64.01762114537445,17.566420605301033,6.011074912993468
few_moving,0.5,228,6275,165.13157894736844,17.758715654690373,5.872126423270823,2433,64.02631578947368,17.56576244059241,5.997851630545886
few_moving,0.5,229,6283,164.62008733624452,17.757661109657093,5.835116414919998,2450,64.19213973799127,17.564883532461458,5.965067324590157
few_moving,0.5,230,6323,164.9478260869565,17.75742129701693,5.821816268310599,2457,64.09565217391304,17.564664118093596,5.963041170956222
few_moving,0.5,231,6332,164.46753246753246,17.757318395714954,5.796893373439159,2464,64,17.56478967800761,5.974043421448799
few_moving,0.5,232,6373,164.81896551724137,17.757394364818744,5.8138418343822655,2470,63.87931034482759,17.564361069915112,5.982051060770724
few_moving,0.5,233,6384,164.39484978540773,17.756337050318752,5.756208248169566,2476,63.75965665236051,17.5641379289937,5.985055426000493
few_moving,0.5,234,6425,164.74358974358975,17.756082814296896,5.744463334021901,2486,63.743589743589745,17.563802478990425,5.977166470673572
few_moving,0.5,235,6436,164.32340425531916,17.75596401407441,5.728051584335278,2494,63.67659574468085,17.563465870440425,5.961375653539232
few_moving,0.5,236,6478,164.6949152542373,17.75592994754594,5.7304259106842235,2503,63.63559322033899,17.56336968542762,5.958529926946903
few_moving,0.5,237,6490,164.30379746835442,17.755741981818524,5.706470227544061,2510,63.54430379746835,17.563239998805155,5.95471944313244
few_moving,0.5,238,6532,164.67226890756302,17.755794056444717,5.714084703808219,2516,63.42857142857142,17.563007458842662,5.939446801878477
few_moving,0.5,239,6540,164.18410041841003,17.755785938875253,5.712179765455938,2522,63.313807531380746,17.562963085251074,5.9295082306742914
few_moving,0.5,240,6581,164.525,17.755880781180117,5.72277460116052,2528,63.2,17.56305721925298,5.930802782414085
few_moving,0.5,241,6589,164.04149377593362,17.7558864602455,5.71558807509347,2536,63.136929460580916,17.56285145196941,5.914801916026421
few_moving,0.5,242,6631,164.40495867768595,17.75606269795254,5.742999298983004,2545,63.09917355371901,17.562242428826202,5.896891327257868
few_moving,0.5,243,6641,163.97530864197532,17.755984243471264,5.741256214574862,2545,62.839506172839506,17.56191041528656,5.893713349022493
few_moving,0.5,244,6681,164.28688524590166,17.756373304639233,5.776741334451097,2553,62.77868852459017,17.56082528962234,5.866463759386599
few_moving,0.5,245,6692,163.8857142857143,17.75619508919352,5.764895805254335,2553,62.52244897959184,17.56026669344851,5.8481093582268
few_moving,0.5,246,6732,164.19512195121953,17.75623956634898,5.765678925358263,2555,62.31707317073171,17.560017585647312,5.842148811130949
few_moving,0.5,247,6742,163.77327935222675,17.75617408846838,5.752574420775077,2556,62.089068825910935,17.559909968533237,5.8548906079264516
few_moving,0.5,248,6783,164.10483870967738,17.75634717058609,5.7703584217851835,2556,61.838709677419345,17.560080719796257,5.868229731085885
few_moving,0.5,249,6791,163.63855421686745,17.756580786406044,5.7756979583788866,2562,61.73493975903614,17.560203522439238,5.868699158098506
few_moving,0.5,250,6832,163.968,17.756941772933505,5.797332367544419,2571,61.704,17.56037235634729,5.865606166768922
few_moving,0.5,251,6842,163.55378486055778,17.757479571855523,5.833429803631911,2585,61.79282868525896,17.56035200282226,5.846694694548639
few_moving,0.5,252,6882,163.85714285714286,17.757798721710337,5.831170492231353,2599,61.88095238095237,17.5607411083882,5.861134388237497
few_moving,0.5,253,6893,163.47035573122528,17.758420426035173,5.8592294622185825,2610,61.897233201581024,17.561066767823508,5.876714046840197
few_moving,0.5,254,6935,163.81889763779526,17.758457462965502,5.873798364864289,2621,61.91338582677166,17.56154876480532,5.897966153991237
few_moving,0.5,255,6944,163.38823529411764,17.75700795678883,5.807498903509609,2633,61.95294117647059,17.561916712863734,5.913040350195043
few_moving,0.5,256,6986,163.734375,17.75633155488229,5.760006991075504,2644,61.96874999999999,17.561857104825172,5.8966792138261725
few_moving,0.5,257,6997,163.35408560311285,17.756436596999336,5.766904052285993,2653,61.937743190661486,17.56102781376604,5.8781950850418365
few_moving,0.5,258,7039,163.69767441860466,17.75641619514235,5.775162957522384,2657,61.7906976744186,17.56051863819626,5.861205145433264
few_moving,0.5,259,7048,163.27413127413126,17.755950931423946,5.7290619834185055,2665,61.73745173745174,17.559587302600004,5.830353153310609
few_moving,0.5,260,7085,163.5,17.756048484199894,5.737045469481969,2665,61.50000000000001,17.559097816651455,5.810505134292278
few_moving,0.5,261,7096,163.12643678160921,17.756204642168804,5.758013135888334,2667,61.310344827586206,17.558869676765493,5.79763618718262
few_moving,0.5,262,7136,163.4198473282443,17.756546254942865,5.788156332668285,2668,61.09923664122138,17.55886542657996,5.794384853932722
few_moving,0.5,263,7145,163.0038022813688,17.756199829461547,5.768667001316809,2668,60.866920152091254,17.558899382698513,5.79301813307994
few_moving,0.5,264,7186,163.3181818181818,17.755809155235752,5.721149351103705,2670,60.68181818181818,17.558950385714276,5.79489389403612
few_moving,0.5,265,7197,162.95094339622642,17.755715955794017,5.70444821714865,2670,60.45283018867924,17.55893227150308,5.792410696536456
few_moving,0.5,266,7237,163.2406015037594,17.755913411287047,5.726733134432886,2671,60.24812030075188,17.558962582418218,5.793771393638074
few_moving,0.5,267,7249,162.89887640449436,17.756150802786603,5.743264237128051,2672,60.04494382022472,17.559015502369377,5.796746910121331
few_moving,0.5,268,7290,163.2089552238806,17.756414423306225,5.7726641866021,2672,59.82089552238806,17.55907618664607,5.800099170043572
few_moving,0.5,269,7300,162.82527881040892,17.75630262734026,5.767849374302263,2672,59.59851301115241,17.55913647629476,5.803303348136855
few_moving,0.5,270,7342,163.15555555555557,17.75651400565293,5.781506505959788,2674,59.42222222222222,17.559136071617402,5.804927558850581
few_moving,0.5,271,7352,162.7749077490775,17.75614203103916,5.7407161284205905,2676,59.24723247232473,17.559297249928143,5.815715229104611
few_moving,0.5,272,7393,163.08088235294116,17.75615149769483,5.738878078539414,2681,59.13970588235295,17.559235587961933,5.822479597122578
few_moving,0.5,273,7404,162.72527472527472,17.756205226887282,5.7406194503386985,2681,58.92307692307693,17.5589160129719,5.81270141860349
few_moving,0.5,274,7445,163.029197080292,17.756399199948547,5.762292240059976,2689,58.88321167883211,17.558393870775635,5.797769908434345
few_moving,0.5,275,7455,162.65454545454546,17.75626663295917,5.751606189715314,2689,58.669090909090905,17.558235479120132,5.78894798050978
few_moving,0.5,276,7496,162.95652173913047,17.756020107547357,5.731549284079814,2691,58.50000000000001,17.5582747736255,5.787127072915913
few_moving,0.5,277,7504,162.54151624548737,17.75571804965227,5.697017028764768,2692,58.31046931407943,17.558412472608037,5.79968517423117
few_moving,0.5,278,7544,162.82014388489208,17.755920901500712,5.737989164893994,2692,58.10071942446042,17.558590648539692,5.811616182969749
few_moving,0.5,279,7555,162.4731182795699,17.75602436737259,5.746529346322522,2698,58.02150537634408,17.558837556070273,5.825842669135147
few_moving,0.5,280,7596,162.77142857142857,17.756052894615433,5.751139966676959,2703,57.92142857142857,17.55893940675969,5.826989267255923
few_moving,0.5,281,7607,162.4270462633452,17.755669209089856,5.698755345830927,2710,57.864768683274015,17.559078004868173,5.836259319955478
few_moving,0.5,282,7650,162.7659574468085,17.75598659528716,5.729866504122223,2717,57.80851063829787,17.558849686734824,5.823048095919778
few_moving,0.5,283,7660,162.40282685512366,17.755822234577515,5.713531464731427,2731,57.901060070671384,17.55877867100427,5.822669934469645
few_moving,0.5,284,7701,162.69718309859155,17.755674349320145,5.693723870086833,2747,58.03521126760563,17.557995007237942,5.776147873548824
few_moving,0.5,285,7712,162.35789473684213,17.755745044561703,5.710089068159286,2762,58.147368421052626,17.557732790697617,5.757684686114041
few_moving,0.5,286,7754,162.67132867132867,17.756158987991192,5.766103145465356,2779,58.3006993006993,17.557448910274953,5.732819606745062
few_moving,0.5,287,7765,162.33449477351917,17.756070732930873,5.751835004301577,2800,58.53658536585366,17.55770746009196,5.740712567993663
few_moving,0.5,288,7807,162.64583333333334,17.7559769917065,5.738109767776705,2811,58.56250000000001,17.55734853215741,5.716694927647334
few_moving,0.5,289,7817,162.2906574394464,17.755924969477213,5.736052902456092,2824,58.62975778546713,17.557154420321464,5.692659930392916
few_moving,0.5,290,7858,162.57931034482758,17.75588988929105,5.724467690109334,2824,58.42758620689655,17.557252679301556,5.709192432505853
few_moving,0.5,291,7868,162.22680412371133,17.75582862014773,5.718213157645698,2826,58.26804123711341,17.557490217174816,5.733246694934968
few_moving,0.5,292,7907,162.47260273972606,17.756170767371124,5.753824208255115,2827,58.089041095890416,17.557864751281315,5.753848676549951
few_moving,0.5,293,7917,162.12286689419795,17.756281526354304,5.765729336275558,2830,57.95221843003412,17.55833649194609,5.780331429918204
few_moving,0.5,294,7959,162.42857142857142,17.756288340987297,5.766003017012447,2841,57.97959183673469,17.558609445236286,5.790036899836375
few_moving,0.5,295,7969,162.08135593220337,17.75644950177336,5.755405974340681,2848,57.925423728813556,17.55909126570326,5.812370564993107
few_moving,0.5,296,8011,162.38513513513513,17.757147829676693,5.788153751463316,2856,57.891891891891895,17.559526540570193,5.831906255402165
few_moving,0.5,297,8021,162.04040404040404,17.7564044486455,5.753515064529536,2863,57.83838383838384,17.55963028340286,5.82470415425177
few_moving,0.5,298,8061,162.3020134228188,17.756292880149932,5.754063632410272,2870,57.785234899328856,17.560034933957485,5.8489339183185605
few_moving,0.5,299,8071,161.9598662207358,17.75596726343771,5.7313472071413205,2877,57.7324414715719,17.56030403609755,5.862296080155464
few_moving,0.5,300,8110,162.2,17.75589778589755,5.723556027714533,2881,57.620000000000005,17.56046857064968,5.868958704816024
few_moving,0.5,301,8121,161.88039867109634,17.755737924634843,5.706814380158275,2883,57.46843853820598,17.560627385926693,5.875727116243346
few_moving,0.5,302,8163,162.17880794701986,17.755661365729583,5.691196642847875,2888,57.37748344370861,17.561152627810465,5.899198681071477
few_moving,0.5,303,8173,161.84158415841583,17.755813541553124,5.714709954062404,2888,57.18811881188119,17.561477931527733,5.905318816391
few_moving,0.5,304,8214,162.1184210526316,17.75587698118105,5.7265559396304955,2895,57.13815789473684,17.56061811762357,5.862750831742746
few_moving,0.5,305,8225,161.80327868852459,17.756240819097066,5.755064334700449,2895,56.95081967213115,17.560407078231535,5.840435225883222
few_moving,0.5,306,8267,162.0980392156863,17.75646705509614,5.77708481492555,2897,56.80392156862745,17.56054489790058,5.841032502655655
few_moving,0.5,307,8279,161.80456026058633,17.756259681417266,5.7574394498828365,2898,56.6384364820847,17.55922405477488,5.813440698810309
few_moving,0.5,308,8320,162.07792207792207,17.75604433910978,5.731848770466405,2903,56.55194805194805,17.55876814841355,5.804184655400312
few_moving,0.5,309,8330,161.74757281553397,17.756155078079242,5.7389950263894605,2909,56.485436893203875,17.55887426181208,5.807741467028459
few_moving,0.5,310,8371,162.01935483870966,17.756533336292087,5.763747951032117,2915,56.41935483870967,17.55918156511233,5.810183992516373
few_moving,0.5,311,8381,161.69131832797427,17.755882077450327,5.721578892876373,2922,56.372990353697745,17.559640165887423,5.824235495708849
few_moving,0.5,312,8423,161.98076923076923,17.756041144955397,5.732103886297715,2929,56.32692307692307,17.56015845989098,5.838872929211482
few_moving,0.5,313,8433,161.6549520766773,17.755765106071166,5.696886644965579,2935,56.26198083067092,17.560616586254444,5.853177294866673
few_moving,0.5,314,8475,161.94267515923568,17.755976552435037,5.733603314703158,2943,56.23566878980892,17.561123467431237,5.876284877773241
few_moving,0.5,315,8486,161.63809523809525,17.755895262897255,5.726412929076408,2945,56.095238095238095,17.56132032652549,5.872124158809456
few_moving,0.5,316,8528,161.9240506329114,17.75599571664922,5.7368220917415345,2947,55.95569620253164,17.56152187145592,5.870937229902362
few_moving,0.5,317,8539,161.62145110410094,17.755993400228867,5.727326515451159,2952,55.873817034700316,17.56141002411876,5.848249191136649
few_moving,0.5,318,8581,161.9056603773585,17.755944745873947,5.724764068056171,2952,55.698113207547166,17.561469837190614,5.837393407438311
few_moving,0.5,319,8591,161.58620689655174,17.755692012270018,5.699648754335056,2960,55.67398119122257,17.560701820888518,5.8208443673543915
few_moving,0.5,320,8630,161.8125,17.755844715388204,5.714047503850981,2960,55.5,17.56022290593877,5.817599393228828
few_moving,0.5,321,8641,161.5140186915888,17.755825244925667,5.708494166731343,2962,55.36448598130841,17.55992649980029,5.81720901547851
few_moving,0.5,322,8684,161.8136645962733,17.756071531893884,5.747497453729581,2963,55.21118012422361,17.559082459432314,5.79455840269503
few_moving,0.5,323,8694,161.4984520123839,17.755758810166252,5.707021765464924,2963,55.040247678018574,17.55864623390263,5.779456644862671
few_moving,0.5,324,8736,161.77777777777777,17.756050174708324,5.747799624629504,2970,54.99999999999999,17.55835423162686,5.758330788913074
few_moving,0.5,325,8746,161.46461538461537,17.756411257196138,5.774836261911745,2980,55.01538461538461,17.55800046343804,5.741305168319151
few_moving,0.5,326,8786,161.70552147239263,17.756772635162445,5.804659960483603,2997,55.15950920245398,17.55830477755075,5.7489313430229405
few_moving,0.5,327,8795,161.3761467889908,17.756562529737533,5.786671652717434,3013,55.28440366972477,17.558186284848766,5.7622248117773225
few_moving,0.5,328,8837,161.65243902439025,17.756333962118447,5.768985683178029,3028,55.390243902439025,17.557999224799143,5.756092262374848
few_moving,0.5,329,8847,161.34346504559272,17.756222842538577,5.762509024476283,3048,55.58662613981763,17.55792129273497,5.748785537004685
few_moving,0.5,330,8889,161.61818181818182,17.756488193836034,5.789866890969516,3062,55.67272727272727,17.55713357035075,5.693088631402623
few_moving,0.5,331,8900,161.32930513595167,17.756552514729623,5.7918845893336774,3070,55.64954682779456,17.556953767334658,5.675047378783285
few_moving,0.5,332,8942,161.60240963855424,17.756278233042636,5.771714100817822,3078,55.626506024096386,17.556973865864563,5.675559825904569
few_moving,0.5,333,8953,161.3153153153153,17.75579902167271,5.713183794057067,3078,55.45945945945947,17.55722289170545,5.705397417192004
few_moving,0.5,334,8993,161.55089820359282,17.755738094951013,5.700714921193813,3083,55.383233532934135,17.55752091202077,5.732296290630647
few_moving,0.5,335,9001,161.21194029850747,17.756047980175666,5.741505949150219,3083,55.2179104477612,17.557894783344214,5.7599490685619426
few_moving,0.5,336,9043,161.48214285714286,17.756319512073695,5.761077854217999,3083,55.05357142857143,17.558281576444145,5.784679811152824
few_moving,0.5,337,9053,161.18100890207717,17.75585608429182,5.72345206519752,3084,54.9080118694362,17.55864764966245,5.8056056157982034
few_moving,0.5,338,9095,161.44970414201183,17.755724095130905,5.695525013128405,3084,54.745562130177504,17.558977019236792,5.822900278465594
few_moving,0.5,339,9104,161.13274336283183,17.75580523351042,5.71213642658496,3084,54.58407079646017,17.559264015912053,5.8370276015063265
few_moving,0.5,340,9141,161.31176470588235,17.756025108310983,5.731354837350859,3084,54.4235294117647,17.559508722375142,5.8484913863835875
few_moving,0.5,341,9151,161.01466275659823,17.756592458879897,5.772278792476753,3085,54.28152492668622,17.559714192388505,5.857755667294655
few_moving,0.5,342,9193,161.28070175438594,17.75738266817665,5.810401173978685,3086,54.140350877192986,17.55988479739767,5.865222191147739
few_moving,0.5,343,9203,160.98542274052477,17.75636496504092,5.759608134890763,3086,53.98250728862974,17.560025277118488,5.8712285779076385
few_moving,0.5,344,9245,161.25,17.7560209537357,5.731851445989088,3090,53.895348837209305,17.560169592850922,5.878282031175584
few_moving,0.5,345,9255,160.95652173913044,17.756184890172623,5.754483894930557,3093,53.79130434782609,17.56003900070534,5.874496658350267
few_moving,0.5,346,9295,161.1849710982659,17.756081868268122,5.739815289398032,3097,53.705202312138724,17.559997944299162,5.874178713661695
few_moving,0.5,347,9307,160.92795389048993,17.75597943831295,5.734656491541897,3102,53.636887608069166,17.559761159332872,5.866449547685798
few_moving,0.5,348,9344,161.10344827586206,17.755745451215095,5.704590127432346,3102,53.48275862068966,17.559521556718305,5.856466849261222
few_moving,0.5,349,9353,160.79656160458453,17.755903408877106,5.725171789416279,3107,53.41547277936963,17.55932541727486,5.846670082804352
few_moving,0.5,350,9395,161.05714285714288,17.756226267580814,5.738911645822611,3107,53.26285714285714,17.559273520781975,5.842847238176249
few_moving,0.5,351,9405,160.76923076923077,17.75654014191601,5.762875343237984,3107,53.111111111111114,17.559299008181256,5.842146503043555
few_moving,0.5,352,9447,161.02840909090912,17.756427318545377,5.7583486491786555,3108,52.977272727272734,17.559362181437532,5.842969521156965
few_moving,0.5,353,9456,160.72521246458922,17.7561157232794,5.733622553324636,3111,52.87818696883853,17.559509270507327,5.847592255397204
few_moving,0.5,354,9496,160.94915254237287,17.75585326353627,5.71638179359204,3118,52.847457627118644,17.55945845064099,5.849279426794839
few_moving,0.5,355,9506,160.66478873239436,17.75578155613259,5.714886180184355,3124,52.79999999999999,17.55905891786944,5.830053388897236
few_moving,0.5,356,9546,160.8876404494382,17.755959317370205,5.740863682095132,3132,52.78651685393258,17.55887490014038,5.82100672283484
few_moving,0.5,357,9558,160.63865546218486,17.756217684984065,5.755211569288838,3140,52.773109243697476,17.55865723832736,5.802729268616785
few_moving,0.5,358,9599,160.87709497206703,17.75658163699725,5.782772546160389,3147,52.74301675977653,17.558694796424323,5.8055996866125215
few_moving,0.5,359,9609,160.59610027855152,17.75614238437243,5.747720575743136,3154,52.71309192200557,17.558766838375025,5.809608379280496
few_moving,0.5,360,9650,160.83333333333334,17.755841047309552,5.712815377482465,3161,52.68333333333334,17.55858046321064,5.795113127885872
few_moving,0.5,361,9660,160.55401662049863,17.7556932104238,5.691839075238065,3165,52.60387811634349,17.558501478382375,5.785455787515818
few_moving,0.5,362,9702,160.80662983425415,17.755643710598164,5.693037240529622,3170,52.5414364640884,17.557939513503165,5.754961406386275
few_moving,0.5,363,9713,160.54545454545453,17.755621726281316,5.690333627211841,3170,52.396694214876035,17.55763286794199,5.730651953120781
few_moving,0.5,364,9755,160.7967032967033,17.755712911128825,5.703159075727275,3175,52.33516483516484,17.55745042419332,5.715851712403381
few_moving,0.5,365,9763,160.48767123287672,17.756178593650162,5.756364933504735,3175,52.19178082191781,17.55744191764458,5.722658201968097
few_moving,0.5,366,9803,160.70491803278688,17.75650205224196,5.781494050454454,3179,52.114754098360656,17.557537783651,5.734785832002675
few_moving,0.5,367,9815,160.4632152588556,17.75642384262663,5.776675953135338,3186,52.08719346049047,17.557590049598442,5.736733824686782
few_moving,0.5,368,9857,160.71195652173913,17.756495549049575,5.780338917701256,3191,52.02717391304348,17.557610055654816,5.727544250469719
few_moving,0.5,369,9868,160.4552845528455,17.756261386232325,5.754850082907911,3203,52.08130081300813,17.557667175174842,5.7245041942278
few_moving,0.5,370,9909,160.68648648648647,17.756493727660388,5.781371330309467,3216,52.15135135135135,17.557947839679702,5.748845020214532
few_moving,0.5,371,9919,160.41509433962264,17.756286514481747,5.767135697808875,3231,52.2533692722372,17.558159150596197,5.7644706439453355
few_moving,0.5,372,9960,160.64516129032256,17.756264402441072,5.762482543464392,3247,52.37096774193548,17.55782886228761,5.742776084052186
few_moving,0.5,373,9969,160.3592493297587,17.75659527890922,5.78526824734405,3262,52.47184986595174,17.55768955554442,5.712779836177942
few_moving,0.5,374,10010,160.58823529411765,17.756948623963783,5.808279940787835,3276,52.55614973262033,17.557884868099045,5.734223639353743
few_moving,0.5,375,10020,160.32,17.75637074759938,5.764094789440756,3289,52.623999999999995,17.557897718138822,5.73835723127085
few_moving,0.5,376,10062,160.56382978723406,17.756179817574143,5.749491122501341,3295,52.579787234042556,17.55813874621458,5.758212052772633
few_moving,0.5,377,10072,160.29708222811672,17.756167051883157,5.756190295212119,3302,52.55172413793103,17.55846807809654,5.77964677795807
few_moving,0.5,378,10114,160.53968253968253,17.756506580734793,5.7838048405957085,3303,52.42857142857143,17.558734058552563,5.796968647878353
few_moving,0.5,379,10125,160.29023746701847,17.756103002623796,5.754984616929046,3308,52.36939313984169,17.55858433819707,5.799306172308579
few_moving,0.5,380,10166,160.5157894736842,17.756050656143426,5.744970215477271,3308,52.231578947368426,17.558661524693612,5.804257655819
few_moving,0.5,381,10175,160.23622047244095,17.75607451295911,5.73039451009871,3308,52.094488188976385,17.55884913942904,5.810388293237943
few_moving,0.5,382,10217,160.47643979057594,17.756146668840834,5.747257472473278,3309,51.973821989528794,17.55907969026101,5.817440084400412
few_moving,0.5,383,10226,160.19843342036552,17.75609228932494,5.738893711590707,3315,51.932114882506525,17.559321439178955,5.826791197355791
few_moving,0.5,384,10267,160.421875,17.756057447672884,5.748751313838595,3327,51.98437499999999,17.559028020562934,5.81859329673407
few_moving,0.5,385,10276,160.14545454545453,17.75584663839547,5.719042744294628,3339,52.03636363636363,17.5590218799955,5.8168460249210465
few_moving,0.5,386,10314,160.32124352331607,17.756016767633717,5.728234995102053,3352,52.103626943005175,17.55928394466776,5.833014944907444
few_moving,0.5,387,10325,160.07751937984494,17.755765177314693,5.706383272340936,3365,52.17054263565891,17.55926809104199,5.828997412820464
few_moving,0.5,388,10367,160.31443298969072,17.755786856302645,5.71296024439337,3379,52.25257731958762,17.55896501728842,5.807094040766398
few_moving,0.5,389,10377,160.05655526992288,17.75594207879985,5.731730354603952,3390,52.2879177377892,17.558655769613097,5.789315899061084
few_moving,0.5,390,10417,160.26153846153846,17.756095567831483,5.746674459519493,3399,52.29230769230769,17.558775447670065,5.771143685715416
few_moving,0.5,391,10427,160.00511508951408,17.75599594508611,5.738617146276688,3401,52.18925831202046,17.559092989909836,5.777928046701212
few_moving,0.5,392,10468,160.22448979591837,17.756181810738084,5.754768506920111,3406,52.132653061224495,17.55887397699433,5.786484080113203
few_moving,0.5,393,10479,159.9847328244275,17.756079601871285,5.75267583697546,3406,52.00000000000001,17.558576975935225,5.787866590475839
few_moving,0.5,394,10520,160.2030456852792,17.756695253663505,5.788717643423834,3408,51.89847715736041,17.558228282054653,5.777389610710627
few_moving,0.5,395,10531,159.9645569620253,17.756216998374782,5.748590531386341,3415,51.87341772151899,17.557959138847238,5.760173744105471
few_moving,0.5,396,10571,160.16666666666666,17.756314118130618,5.760467223832133,3422,51.84848484848485,17.557978723357607,5.760107978031533
few_moving,0.5,397,10582,159.9294710327456,17.756135061363064,5.750567148727654,3430,51.83879093198993,17.557989311520757,5.746757130998194
few_moving,0.5,398,10622,160.13065326633165,17.756200022317273,5.766187952798203,3436,51.798994974874375,17.558212751339834,5.7567755067865605
few_moving,0.5,399,10633,159.89473684210526,17.756077894446236,5.746389154411822,3443,51.774436090225564,17.558649537904973,5.774236503499484
few_moving,0.5,400,10673,160.095,17.756375906726223,5.764678444061384,3450,51.75,17.558783394746207,5.780892835462831
few_moving,0.5,401,10682,159.83042394014961,17.756361318342353,5.767634418042573,3458,51.74064837905237,17.55884535900361,5.786017021641758
few_moving,0.5,402,10721,160.0149253731343,17.756402151403595,5.776377359282261,3466,51.73134328358209,17.559090386221225,5.800663927784302
few_moving,0.5,403,10730,159.7518610421836,17.75633630203274,5.773463132707362,3468,51.63275434243176,17.55907774989761,5.797706281589964
few_moving,0.5,404,10772,159.98019801980197,17.7564268707469,5.773074590888172,3473,51.57920792079208,17.558620847325194,5.7806703683618395
few_moving,0.5,405,10781,159.7185185185185,17.756098284588965,5.73557549382272,3475,51.48148148148148,17.558012771205412,5.753751608780473
few_moving,0.5,406,10821,159.91625615763544,17.75580181442393,5.711461281191509,3477,51.38423645320197,17.557738536264893,5.738948360875151
few_moving,0.5,407,10832,159.6855036855037,17.75587733898787,5.714904451698063,3482,51.33169533169533,17.55762063811926,5.727138499936754
few_moving,0.5,408,10872,159.8823529411765,17.75569623053653,5.688960725938996,3482,51.205882352941174,17.557339478961932,5.706496747581
few_moving,0.5,409,10883,159.65281173594133,17.755707860692148,5.695324488412004,3484,51.11002444987775,17.55718271148998,5.69832793501406
few_moving,0.5,410,10924,159.86341463414635,17.75571789473717,5.703943022536637,3484,50.985365853658536,17.557349279783335,5.712460629944727
few_moving,0.5,411,10933,159.6058394160584,17.756095168910832,5.756547456750115,3490,50.948905109489054,17.557519641591966,5.72529571230711
few_moving,0.5,412,10975,159.83009708737865,17.756119050525108,5.757074449649813,3497,50.92718446601942,17.557769393632963,5.752236080464313
few_moving,0.5,413,10985,159.58837772397092,17.756079601527937,5.755315631440518,3503,50.8910411622276,17.557892771040283,5.760059571588627
few_moving,0.5,414,11024,159.768115942029,17.756425754362656,5.784600309788965,3509,50.85507246376811,17.55783879357548,5.750442619966147
few_moving,0.5,415,11033,159.51325301204818,17.755864245476943,5.723274563181425,3515,50.81927710843373,17.558123439610423,5.765898250637726
few_moving,0.5,416,11074,159.72115384615387,17.755839159759102,5.725108039503219,3521,50.78365384615385,17.558271466878004,5.777657122871235
few_moving,0.5,417,11085,159.49640287769785,17.75597415367872,5.738450719968586,3531,50.805755395683455,17.558504643804678,5.790003049773331
few_moving,0.5,418,11124,159.67464114832538,17.75600220527859,5.741975697788137,3533,50.71291866028708,17.558457200868002,5.784145336107172
few_moving,0.5,419,11134,159.436754176611,17.755756963097596,5.707427523501415,3538,50.66348448687351,17.558283207353078,5.774232506898191
few_moving,0.5,420,11174,159.62857142857143,17.755652297465915,5.684370420185209,3538,50.542857142857144,17.55818792038488,5.768791969727667
few_moving,0.5,421,11183,159.37767220902612,17.755731337571213,5.7061932160045,3540,50.451306413301666,17.558166274171278,5.767831226136683
few_moving,0.5,422,11223,159.56872037914692,17.75587107228638,5.717508973965566,3545,50.40284360189573,17.558189989302473,5.76811871070156
few_moving,0.5,423,11233,159.33333333333334,17.755771207125257,5.711943075768966,3549,50.34042553191489,17.558315940993385,5.7795165216054825
few_moving,0.5,424,11274,159.53773584905662,17.756076958271784,5.752520068904456,3556,50.320754716981135,17.55801601011465,5.750509037343796
few_moving,0.5,425,11284,159.3035294117647,17.756303256989845,5.776700364864384,3562,50.287058823529414,17.55801301022437,5.7496517340912625
few_moving,0.5,426,11325,159.50704225352112,17.756530347026576,5.795756248513618,3572,50.309859154929576,17.5580148723003,5.7478880189096255
few_moving,0.5,427,11336,159.28805620608898,17.75633471980409,5.770270879131043,3585,50.37470725995316,17.558105865123732,5.744893332941215
few_moving,0.5,428,11378,159.50467289719626,17.756552726814313,5.779251006081749,3597,50.42523364485981,17.55853159190853,5.779602560212977
few_moving,0.5,429,11388,159.27272727272725,17.75622303169257,5.754113673896154,3608,50.46153846153846,17.55901255064626,5.80296858656466
few_moving,0.5,430,11425,159.41860465116278,17.756485466783726,5.7813046378775494,3619,50.497674418604646,17.559373763218478,5.821589481424296
few_moving,0.5,431,11435,159.1879350348028,17.756642966740603,5.781195929851931,3628,50.50580046403712,17.559681567083892,5.834740325332242
few_moving,0.5,432,11476,159.38888888888889,17.756693898156403,5.789948761699639,3639,50.541666666666664,17.559795432329192,5.83721604620119
few_moving,0.5,433,11487,159.1732101616628,17.756591656499456,5.78283992798247,3641,50.4526558891455,17.55997168019315,5.844840883431935
few_moving,0.5,434,11529,159.38709677419357,17.756228296690622,5.754246556819475,3646,50.40552995391705,17.560373653935358,5.860473017929823
few_moving,0.5,435,11539,159.15862068965518,17.755836439807656,5.705637448963272,3646,50.289655172413795,17.560540621804147,5.8638508884081215
few_moving,0.5,436,11581,159.37155963302752,17.75611700932003,5.747918997348118,3648,50.201834862385326,17.56076998710988,5.871981660191809
few_moving,0.5,437,11589,159.11670480549202,17.756010722168448,5.73679617492861,3651,50.12814645308925,17.561135828699875,5.8894587156002345
few_moving,0.5,438,11629,159.30136986301372,17.756018329069526,5.745690946364859,3651,50.01369863013699,17.561373543880666,5.900502283555546
few_moving,0.5,439,11640,159.08883826879273,17.75565537931227,5.6928880478730814,3653,49.92710706150342,17.561394118847605,5.903614688414223
few_moving,0.5,440,11682,159.3,17.755838093898088,5.719651438800197,3653,49.81363636363637,17.561542162935194,5.9100973909115675
few_moving,0.5,441,11692,159.0748299319728,17.755951078845833,5.725274810642701,3653,49.70068027210885,17.561744778561277,5.91732390835405
few_moving,0.5,442,11732,159.25791855203622,17.756248542989976,5.761121928480291,3654,49.60180995475113,17.561960728526596,5.924166067314201
few_moving,0.5,443,11743,159.0474040632054,17.756071074038317,5.744434932317727,3654,49.48984198645598,17.562167947742225,5.9302207189746
few_moving,0.5,444,11784,159.24324324324326,17.756655585738468,5.786392955211966,3654,49.37837837837837,17.562355772011465,5.935398602861781
few_moving,0.5,445,11793,159.0067415730337,17.756378988804318,5.765617831113568,3656,49.294382022471915,17.562479894918194,5.938387310880285
few_moving,0.5,446,11835,159.2152466367713,17.75621984550787,5.754933471126464,3657,49.19730941704036,17.562639659420544,5.943947076175963
few_moving,0.5,447,11846,159.00671140939596,17.756197312131988,5.752738349737328,3665,49.19463087248322,17.562640333660365,5.936510982280071
few_moving,0.5,448,11885,159.17410714285714,17.75634229039474,5.764780257950756,3665,49.08482142857143,17.562678185981998,5.936909261638897
few_moving,0.5,449,11894,158.93986636971047,17.75602029801517,5.735332801126696,3670,49.042316258351896,17.562706147127816,5.939976754614562
few_moving,0.5,450,11936,159.14666666666665,17.75574813053663,5.702308552618334,3670,48.93333333333333,17.562709380225805,5.939396008251597
few_moving,0.5,451,11947,158.940133037694,17.75577097619969,5.701156619230805,3672,48.851441241685144,17.562803493159212,5.945073599054409
few_moving,0.5,452,11990,159.15929203539824,17.755979280579844,5.727488268685868,3675,48.783185840707965,17.5624758204668,5.944093663715603
few_moving,0.5,453,11998,158.91390728476821,17.7561879055656,5.748716123358094,3678,48.71523178807947,17.56206814509891,5.940281118934402
few_moving,0.5,454,12039,159.10572687224672,17.75599795402328,5.735788120191628,3687,48.72687224669603,17.561518350715424,5.923191842702594
few_moving,0.5,455,12049,158.8879120879121,17.75580734052987,5.713860978652535,3694,48.71208791208791,17.56073268982087,5.8830429088627465
few_moving,0.5,456,12090,159.07894736842107,17.755979353187332,5.735885291900925,3701,48.69736842105264,17.560674019439347,5.880394850663557
few_moving,0.5,457,12100,158.8621444201313,17.755924342111165,5.724026423395266,3709,48.695842450765866,17.56080906965269,5.885914958222047
few_moving,0.5,458,12141,159.05240174672488,17.755999045118646,5.732021080427106,3716,48.68122270742358,17.56094475268076,5.890029967967316
few_moving,0.5,459,12151,158.8366013071895,17.75613281049871,5.744432963255244,3723,48.666666666666664,17.561028069627934,5.888954095341941
few_moving,0.5,460,12191,159.01304347826084,17.75654051314894,5.783764369219809,3729,48.6391304347826,17.560931957932073,5.879924820558305
few_moving,0.5,461,12202,158.81127982646422,17.756426903831155,5.778409646279547,3730,48.546637744034705,17.56090553697369,5.87820548518961
few_moving,0.5,462,12244,159.01298701298703,17.756754933210722,5.793423751916115,3738,48.54545454545455,17.560526611565344,5.852986972048795
few_moving,0.5,463,12254,158.79913606911447,17.756532464559857,5.786685102042477,3738,48.44060475161987,17.560418918078433,5.840799434680426
few_moving,0.5,464,12295,158.98706896551724,17.756542307240373,5.78335987319512,3740,48.36206896551724,17.560419124750826,5.830965455576216
few_moving,0.5,465,12305,158.7741935483871,17.755982051904546,5.727082286863434,3740,48.25806451612903,17.560595940225117,5.847827402605744
few_moving,0.5,466,12346,158.96137339055792,17.75580298919407,5.7148196483363085,3742,48.18025751072961,17.560850532765897,5.869350780218264
few_moving,0.5,467,12357,158.76231263383298,17.75588527131105,5.715579634181948,3750,48.179871520342616,17.56059565739949,5.867934194879127
few_moving,0.5,468,12397,158.93589743589746,17.75563692657591,5.6874003348565605,3756,48.15384615384616,17.560133026698686,5.855251790101952
few_moving,0.5,469,12408,158.73773987206823,17.756014724303572,5.734913111013977,3763,48.1407249466951,17.559738475060286,5.847094932370621
few_moving,0.5,470,12448,158.91063829787234,17.75656403074422,5.7798181025369555,3769,48.11489361702127,17.55941359416738,5.833342211889039
few_moving,0.5,471,12459,158.71337579617835,17.756204455739535,5.7605903796685665,3775,48.089171974522294,17.559440213329044,5.832739407730522
few_moving,0.5,472,12501,158.91101694915253,17.756106891334746,5.739276462619271,3782,48.07627118644068,17.55956207475583,5.84244634304766
few_moving,0.5,473,12511,158.70190274841437,17.75616739822057,5.734392165041726,3788,48.0507399577167,17.559483280951948,5.832676626627241
few_moving,0.5,474,12551,158.87341772151896,17.756544934290716,5.7671890680347655,3790,47.974683544303794,17.559413053469605,5.8240820385991565
few_moving,0.5,475,12561,158.6652631578947,17.756364768728933,5.76058750586135,3792,47.89894736842105,17.559270360708826,5.80832643520349
few_moving,0.5,476,12601,158.83613445378148,17.7563964484418,5.762653909541056,3793,47.8109243697479,17.559010726689085,5.786036594324582
few_moving,0.5,477,12612,158.64150943396226,17.75622071986742,5.7531450418726,3799,47.78616352201257,17.558950904518234,5.784162626703422
few_moving,0.5,478,12654,158.83682008368203,17.756284286078653,5.759237440303612,3799,47.68619246861925,17.558973255818852,5.784775371822008
few_moving,0.5,479,12664,158.6304801670146,17.755922064952724,5.731327285374003,3801,47.611691022964514,17.558503312801605,5.773531163802432
few_moving,0.5,480,12703,158.7875,17.75597134221597,5.728606562654205,3801,47.5125,17.558220859361686,5.767097167143999
few_moving,0.5,481,12712,158.56964656964655,17.756330958759094,5.756433582565132,3803,47.438669438669436,17.558054744300794,5.763561806765312
few_moving,0.5,482,12754,158.76348547717845,17.756594747284932,5.780094213013087,3806,47.37759336099585,17.557893067942857,5.760764899701707
few_moving,0.5,483,12764,158.55900621118013,17.756779600989155,5.785021872898134,3810,47.32919254658385,17.557819701533145,5.754833853807128
few_moving,0.5,484,12806,158.75206611570246,17.756614203537424,5.759777221337239,3818,47.3305785123967,17.557476565617655,5.726739288020025
few_moving,0.5,485,12815,158.5360824742268,17.75643023237855,5.771023686229567,3824,47.307216494845356,17.557439568058484,5.723359171442679
few_moving,0.5,486,12855,158.70370370370372,17.75633995445855,5.7679890305784784,3830,47.28395061728395,17.55767316623128,5.732924225156878
few_moving,0.5,487,12865,158.50102669404515,17.755838326453556,5.718392899558338,3837,47.27310061601642,17.557976903242206,5.748745776417942
few_moving,0.5,488,12904,158.65573770491807,17.756008237861362,5.737429113494765,3845,47.27459016393443,17.55819354532447,5.759812258634872
few_moving,0.5,489,12911,158.41717791411043,17.7559608857266,5.73557814779209,3852,47.26380368098159,17.558470387100602,5.773634657875839
few_moving,0.5,490,12953,158.60816326530613,17.755743447890204,5.7063085234513,3857,47.22857142857143,17.55865682484376,5.7736069623561095
few_moving,0.5,491,12964,158.4195519348269,17.7559843272761,5.727225521466238,3859,47.156822810590626,17.558866700410842,5.769938470763235
few_moving,0.5,492,13005,158.59756097560978,17.756282557929158,5.758134880055858,3865,47.13414634146342,17.559047218350166,5.78153768902624
few_moving,0.5,493,13015,158.3975659229209,17.756256187446354,5.747510934631981,3865,47.038539553752535,17.55934592096436,5.803070542375993
few_moving,0.5,494,13056,158.57489878542512,17.75632350438678,5.764243780926673,3868,46.979757085020246,17.559326780296626,5.8106703588493485
few_moving,0.5,495,13066,158.37575757575758,17.755851142755603,5.711770381948768,3868,46.88484848484848,17.559390149161377,5.8180760238087
few_moving,0.5,496,13106,158.54032258064512,17.755962280341386,5.718358336951928,3870,46.814516129032256,17.559491201322402,5.825525807923522
few_moving,0.5,497,13115,158.32997987927567,17.755799041408196,5.71209439258369,3873,46.756539235412475,17.55919211148787,5.81961705845883
few_moving,0.5,498,13156,158.50602409638552,17.755852254284683,5.724273435010126,3873,46.662650602409634,17.559050128155683,5.814815904543359
few_moving,0.5,499,13166,158.30861723446893,17.75568879545697,5.694342441385102,3875,46.59318637274549,17.55861644085941,5.79030774219969
few_moving,0.5,500,13207,158.48399999999998,17.756106483684295,5.7421942232500145,3875,46.5,17.558470941550368,5.778016033281231
few_moving,0.5,501,13218,158.2994011976048,17.755653259806163,5.68847877639469,3875,46.40718562874252,17.558483440779725,5.77653984333101
few_moving,0.5,502,13259,158.47410358565736,17.755877417706362,5.7197651586386105,3876,46.32669322709163,17.558575918094107,5.779555385521984
few_moving,0.5,503,13270,158.2902584493042,17.75568536286946,5.6983498793237075,3878,46.25844930417495,17.558657424274575,5.785670687665528
few_moving,0.5,504,13309,158.4404761904762,17.755839547084143,5.717418734126666,3880,46.19047619047619,17.558783002726187,5.794920641950697
few_moving,0.5,505,13320,158.25742574257427,17.755753955040333,5.713045050751054,3882,46.122772277227725,17.558891582397646,5.803152959522137
few_moving,0.5,506,13361,158.4308300395257,17.75577163963482,5.712056960913628,3883,46.04347826086956,17.558623703201647,5.79439804940383
few_moving,0.5,507,13373,158.2603550295858,17.755666722894645,5.699838020798917,3889,46.023668639053255,17.5582278457304,5.770570993198331
few_moving,0.5,508,13415,158.44488188976376,17.755837245866562,5.711701528344215,3889,45.933070866141726,17.55787352505126,5.7443660698904715
few_moving,0.5,509,13425,158.2514734774067,17.756299552767434,5.762786079673882,3892,45.87819253438114,17.557785079058846,5.736302584563296
few_moving,0.5,510,13466,158.4235294117647,17.75635241754772,5.768861339480832,3892,45.78823529411765,17.557839131517817,5.741038002097749
few_moving,0.5,511,13474,158.20743639921722,17.756039669477612,5.738446712885191,3899,45.78082191780821,17.557986845079814,5.7515089190584145
few_moving,0.5,512,13517,158.40234375,17.75602947578855,5.736479164360713,3907,45.78515625,17.557718365099028,5.730454196483306
few_moving,0.5,513,13526,158.1988304093567,17.755922652957974,5.72650867329231,3914,45.77777777777777,17.557680240493795,5.73625714637825
few_moving,0.5,514,13567,158.3696498054475,17.755912456921024,5.731142522886917,3922,45.782101167315176,17.557768155939915,5.744800818982188
few_moving,0.5,515,13577,158.178640776699,17.755930089149697,5.715963749158922,3931,45.79805825242718,17.55796119067494,5.752627275606792
few_moving,0.5,516,13618,158.34883720930233,17.756115665206572,5.741655416503294,3942,45.83720930232558,17.557523179325894,5.728319657429073
few_moving,0.5,517,13630,158.1818181818182,17.75586817454969,5.718834574493009,3954,45.887814313346226,17.557216696071958,5.706804171346545
few_moving,0.5,518,13669,158.32818532818536,17.755906073454398,5.7307533118090195,3959,45.857142857142854,17.55705777189175,5.692819880386888
few_moving,0.5,519,13679,158.13872832369944,17.755865652099907,5.71682263227395,3966,45.84971098265896,17.557128068938223,5.699428981640001
few_moving,0.5,520,13721,158.31923076923076,17.756027415100128,5.730873958720676,3975,45.86538461538462,17.557272902218124,5.715822020888323
few_moving,0.5,521,13730,158.1190019193858,17.756321913143243,5.758867042834366,3984,45.8809980806142,17.557487152571696,5.729391414230104
few_moving,0.5,522,13773,158.31034482758622,17.75655368277601,5.773907394153326,3995,45.91954022988506,17.55761235741299,5.740301242891292
few_moving,0.5,523,13784,158.1338432122371,17.756038481944692,5.729065450231563,3999,45.87762906309751,17.5575450535031,5.723622982980858
few_moving,0.5,524,13823,158.27862595419847,17.75600303484704,5.734715062512382,4006,45.8702290076336,17.558003881080918,5.766502324360119
few_moving,0.5,525,13832,158.08,17.755823950358554,5.7192802758612284,4010,45.82857142857143,17.558523890927685,5.791393612681073
few_moving,0.5,526,13873,158.24714828897336,17.75631259136164,5.763096956388731,4013,45.77566539923954,17.55926512819775,5.8242393413468845
few_moving,0.5,527,13885,158.08349146110058,17.755965189228508,5.7372216354594965,4014,45.70018975332068,17.559996385503702,5.85412157525362
few_moving,0.5,528,13925,158.23863636363635,17.756382819553295,5.766821425224923,4014,45.61363636363636,17.560684877166267,5.879802720013202
few_moving,0.5,529,13934,158.04158790170135,17.75633619035375,5.763635946115299,4016,45.550094517958414,17.561111840660033,5.895541688481402
few_moving,0.5,530,13974,158.19622641509434,17.756516322974463,5.779903412483002,4016,45.46415094339623,17.56147844085361,5.908540035792793
few_moving,0.5,531,13983,158,17.756105452096385,5.741220051870068,4016,45.37853107344633,17.5617877880637,5.919161093066199
few_moving,0.5,532,14025,158.1766917293233,17.75605265720802,5.744442434964801,4020,45.338345864661655,17.56223456423424,5.937331675607423
few_moving,0.5,533,14035,157.99249530956848,17.755735982929277,5.7062115502067705,4022,45.27579737335835,17.56228187301794,5.936225230017117
few_moving,0.5,534,14076,158.1573033707865,17.755897653167242,5.723259359794444,4024,45.21348314606741,17.56235932526668,5.936457011874476
few_moving,0.5,535,14087,157.98504672897198,17.755953290943427,5.734850335100832,4026,45.15140186915888,17.562227189371157,5.9321484265470374
few_moving,0.5,536,14128,158.14925373134326,17.756311748932543,5.766503833133241,4027,45.07835820895522,17.562127456956183,5.928657019821285
few_moving,0.5,537,14138,157.9664804469274,17.756339325322735,5.76960474780371,4032,45.05027932960894,17.562014572605158,5.924369693037223
few_moving,0.5,538,14179,158.13011152416357,17.75644594321906,5.780512854845548,4032,44.966542750929364,17.56053263265844,5.895346903603544
few_moving,0.5,539,14189,157.94805194805198,17.75603924925947,5.7353311660183675,4035,44.916512059369204,17.55978802058631,5.876407787371356
few_moving,0.5,540,14230,158.11111111111111,17.756190150801846,5.760376052983224,4035,44.833333333333336,17.559573881503134,5.868310745549598
few_moving,0.5,541,14239,157.91866913123843,17.756070598413064,5.75053769757858,4042,44.82809611829944,17.559273782284624,5.849419849232714
few_moving,0.5,542,14282,158.10332103321034,17.756016794052325,5.743420737599384,4049,44.82287822878229,17.55938339809146,5.8518099236911585
few_moving,0.5,543,14290,157.90055248618782,17.75571681521706,5.705589091957245,4055,44.80662983425414,17.559281642963015,5.850330441415746
few_moving,0.5,544,14330,158.0514705882353,17.75568715180911,5.697949367732067,4064,44.8235294117647,17.559301825957554,5.8486614764808795
few_moving,0.5,545,14341,157.88256880733942,17.755955193173566,5.7272427224016695,4070,44.80733944954128,17.559647302638744,5.856647011133335
few_moving,0.5,546,14383,158.05494505494505,17.75617408113945,5.7529090126835625,4077,44.8021978021978,17.560122305320366,5.86357841933786
few_moving,0.5,547,14395,157.89762340036563,17.755963722169923,5.738680706928591,4085,44.808043875685556,17.560634290285634,5.869400449887515
few_moving,0.5,548,14436,158.05839416058393,17.755825311834297,5.720263951702895,4094,44.824817518248175,17.560885213101525,5.856649020009157
few_moving,0.5,549,14446,157.879781420765,17.75580016627519,5.716933910572786,4096,44.76502732240437,17.56126973308133,5.864259705686107
few_moving,0.5,550,14486,158.0290909090909,17.755910268243248,5.73234933150809,4098,44.70545454545455,17.561424017646143,5.869388353213674
few_moving,0.5,551,14496,157.8511796733212,17.75600307860302,5.74027146875231,4099,44.635208711433755,17.561764835266036,5.889152714487305
few_moving,0.5,552,14537,158.0108695652174,17.756263910302824,5.76793843154174,4104,44.608695652173914,17.562105655164434,5.905282251953017
few_moving,0.5,553,14546,157.82278481012656,17.75604293409264,5.740493411103316,4104,44.52802893309222,17.561670253842188,5.9026213830201755
few_moving,0.5,554,14588,157.9927797833935,17.756130359713865,5.755223537293387,4106,44.46931407942239,17.560838107399682,5.888438801330638
few_moving,0.5,555,14599,157.82702702702704,17.756387164246348,5.772933785817402,4106,44.38918918918919,17.560419156621254,5.880043388782794
few_moving,0.5,556,14638,157.9640287769784,17.757155077168125,5.822981489841871,4112,44.374100719424455,17.56047410293599,5.884468482013995
few_moving,0.5,557,14650,157.8096947935368,17.756341983285882,5.776872169386838,4119,44.36983842010772,17.559978896262272,5.862064375681382
few_moving,0.5,558,14689,157.94623655913978,17.756224693571774,5.76729366609079,4124,44.34408602150537,17.55946891117534,5.840702241171369
few_moving,0.5,559,14700,157.78175313059035,17.75577396386301,5.707043092727327,4132,44.35062611806798,17.559034720981213,5.81561548963182
few_moving,0.5,560,14742,157.95,17.755865149643046,5.724440988326879,4137,44.324999999999996,17.559088961585665,5.815992863978282
few_moving,0.5,561,14751,157.76470588235293,17.755883055072186,5.7231937394796955,4143,44.31016042780749,17.55900106946353,5.804753322180853
few_moving,0.5,562,14791,157.91103202846972,17.75586535564481,5.72157958698647,4150,44.306049822064054,17.559161468504442,5.8127127534615415
few_moving,0.5,563,14801,157.73712255772645,17.75607672022383,5.736168171539017,4156,44.29129662522203,17.558950430061067,5.8080069544786905
few_moving,0.5,564,14841,157.88297872340425,17.756282837628973,5.747858709402839,4158,44.234042553191486,17.55895172416269,5.810559135621843
few_moving,0.5,565,14851,157.70973451327433,17.756323361298243,5.748713551060165,4160,44.17699115044248,17.55899093970159,5.819165231695944
few_moving,0.5,566,14890,157.84452296819788,17.756447607419936,5.768791390606657,4161,44.109540636042404,17.55888575582124,5.810250604495743
few_moving,0.5,567,14902,157.6931216931217,17.756687029752054,5.788714481744225,4164,44.06349206349206,17.558875499642596,5.807798543124564
few_moving,0.5,568,14942,157.83802816901408,17.757170879531287,5.8116452575028505,4164,43.985915492957744,17.55893681083678,5.814727199140013
few_moving,0.5,569,14951,157.6555360281195,17.756756141614495,5.7779194028300465,4171,43.98242530755712,17.559005091208416,5.820653198258745
few_moving,0.5,570,14992,157.81052631578947,17.756683092959236,5.7658601736212445,4177,43.96842105263158,17.55916393035124,5.834393581284209
few_moving,0.5,571,15003,157.6497373029772,17.75621095509157,5.74455284223245,4185,43.9754816112084,17.55929641406935,5.842245907084667
few_moving,0.5,572,15045,157.8146853146853,17.75619803989426,5.745987952759033,4191,43.96153846153847,17.559215203288524,5.835759523490399
few_moving,0.5,573,15056,157.65445026178008,17.75605519207846,5.738722029312876,4197,43.94764397905759,17.55911200924336,5.824329837037476
few_moving,0.5,574,15098,157.81881533101046,17.755949675832536,5.733516383346502,4205,43.954703832752614,17.5592385379062,5.8332026091933065
few_moving,0.5,575,15108,157.6486956521739,17.75584067989995,5.719030128692812,4210,43.93043478260869,17.55950225951943,5.850268848343275
few_moving,0.5,576,15150,157.8125,17.75599506655727,5.7368079998669135,4212,43.875,17.55956500805117,5.853628513691072
few_moving,0.5,577,15162,157.6637781629116,17.756136991348995,5.746820256695964,4215,43.83015597920277,17.559644873887237,5.859156756924899
few_moving,0.5,578,15202,157.80622837370242,17.75632310174308,5.762852015544096,4219,43.79584775086505,17.559527031008308,5.849951977430825
few_moving,0.5,579,15212,157.63730569948186,17.756263042919812,5.7571420889136355,4221,43.740932642487046,17.559460708386403,5.843489712179468
few_moving,0.5,580,15254,157.8,17.756097418690814,5.743847804808874,4221,43.66551724137931,17.55923354404442,5.82584337127693
few_moving,0.5,581,15262,157.61101549053356,17.755749325485294,5.703343667508693,4222,43.600688468158346,17.559112029430988,5.81498195676764
few_moving,0.5,582,15303,157.76288659793815,17.75562540029706,5.687501639270191,4225,43.55670103092784,17.559053363752177,5.808104149427396
few_moving,0.5,583,15313,157.59519725557462,17.75622456591915,5.757754850226679,4225,43.481989708404804,17.558613721761606,5.787769684567146
few_moving,0.5,584,15352,157.72602739726028,17.756739654032952,5.797307668218158,4231,43.46917808219179,17.55837952219462,5.776795330545108
few_moving,0.5,585,15363,157.56923076923076,17.756071574608214,5.749548716204974,4237,43.45641025641026,17.558238996072422,5.766830221448833
few_moving,0.5,586,15404,157.72013651877134,17.75589436520153,5.717665273843838,4245,43.46416382252559,17.5581398634252,5.76197638633903
few_moving,0.5,587,15416,157.57410562180578,17.75577460535213,5.707558789861476,4252,43.46166950596252,17.558104634140488,5.75688150007964
few_moving,0.5,588,15456,157.7142857142857,17.75604463000391,5.749388834275814,4258,43.44897959183673,17.558036253715343,5.753474660457091
few_moving,0.5,589,15467,157.55857385398983,17.755746135289964,5.708975435316749,4266,43.45670628183362,17.55815139590822,5.758964875205082
few_moving,0.5,590,15508,157.7084745762712,17.75591846366309,5.7318707268224935,4274,43.46440677966101,17.558344083831503,5.770546964424989
few_moving,0.5,591,15518,157.54314720812184,17.756093168249794,5.7445295168016735,4275,43.401015228426395,17.558347671052065,5.7680143064004605
few_moving,0.5,592,15560,157.7027027027027,17.75617618134181,5.752912437544428,4276,43.33783783783784,17.558504860062733,5.775939038545809
few_moving,0.5,593,15570,157.5379426644182,17.75628511497491,5.759569271234073,4281,43.31534569983137,17.55876280596581,5.79217646116116
few_moving,0.5,594,15611,157.68686868686868,17.75632231684134,5.75431348317225,4283,43.26262626262626,17.55903385228194,5.805692659901501
few_moving,0.5,595,15619,157.5025210084034,17.75591855250423,5.727226154009904,4286,43.22016806722689,17.55930280705736,5.810377477844643
few_moving,0.5,596,15661,157.66107382550334,17.75570743426008,5.704041562143791,4294,43.22818791946308,17.559492237670526,5.812999486689205
few_moving,0.5,597,15670,157.48743718592965,17.755621304354094,5.68810083983621,4300,43.21608040201005,17.55930176492894,5.798826608067423
few_moving,0.5,598,15712,157.6454849498328,17.75570834697795,5.703690716501414,4305,43.19397993311037,17.559270470552292,5.8009743247107695
few_moving,0.5,599,15723,157.49248747913188,17.755863082282502,5.720549072613784,4313,43.202003338898166,17.5593022880062,5.8054611021786116
few_moving,0.5,600,15763,157.63,17.756216700448963,5.759270380495893,4318,43.18,17.559077111515837,5.797014983682895
many_moving,0.5,0,0,,18.187917130173428,17.241615522676813,0,,18.187917130173428,17.241615522676813
many_moving,0.5,1,0,0,18.187917130173428,17.241615522676813,39,234,9.726738895546044,8.688337424652413
many_moving,0.5,2,39,117,9.720762753771664,8.677504038865644,95,285,9.341080619124613,8.273634515900808
many_moving,0.5,3,52,104,9.335343428700286,8.245123134023363,153,306,8.93853449994967,7.842294434453407
many_moving,0.5,4,97,145.5,8.935541812388188,7.822378013141028,213,319.5,8.548192052664774,7.4221077115788345
many_moving,0.5,5,110,132,8.542096445234046,7.408785426224067,269,322.8,8.165865639221495,7.023037091722419
many_moving,0.5,6,157,156.99999999999997,8.145515590440692,6.993051843678542,326,326,7.779562024600544,6.625922722158096
many_moving,0.5,7,168,144,7.764479688458981,6.617672783734797,373,319.71428571428567,7.403421720397866,6.2556497445576715
many_moving,0.5,8,214,160.5,7.394676940908164,6.25136020257258,379,284.25,7.043213021532116,5.920828481011458
many_moving,0.5,9,227,151.33333333333334,7.0218131027613016,5.897896334158612,379,252.66666666666666,6.691086687510207,5.605877787095319
many_moving,0.5,10,271,162.60000000000002,6.666572212477636,5.574943930457073,379,227.4,6.348807658225742,5.306945800855533
many_moving,0.5,11,284,154.9090909090909,6.309723648403617,5.2674246147213095,379,206.72727272727275,6.018433365302556,5.025394949268924
many_moving,0.5,12,328,163.99999999999997,5.952437348532422,4.948411210465245,379,189.49999999999997,5.698221170060473,4.758361410299434
many_moving,0.5,13,342,157.84615384615387,5.597768540352747,4.636682151487544,379,174.9230769230769,5.387156471655432,4.503781266487712
many_moving,0.5,14,387,165.85714285714286,5.244909703505043,4.338005910015026,379,162.42857142857142,5.084802994640077,4.259988984480755
many_moving,0.5,15,399,159.6,4.893859269746816,4.046301229938874,379,151.6,4.791212910413391,4.02543745485317
many_moving,0.5,16,443,166.125,4.538617747747223,3.737734525762574,379,142.125,4.5068826960518455,3.7986463214835977
many_moving,0.5,17,457,161.29411764705884,4.196525871066905,3.460964672241631,379,133.76470588235293,4.232745216306356,3.5783484661032277
many_moving,0.5,18,502,167.33333333333334,3.8570098336370626,3.181165702827216,379,126.33333333333333,3.970191116290225,3.363611017837895
many_moving,0.5,19,516,162.94736842105263,3.5172678873451733,2.8960710389360256,379,119.6842105263158,3.7278654741840067,3.15999469182347
many_moving,0.5,20,559,167.70000000000002,3.190389861260017,2.622718921038719,379,113.7,3.5100899652690427,2.970797853720609
many_moving,0.5,21,573,163.71428571428572,2.8978052599389525,2.3870653284182843,385,110,3.314282860540555,2.7930187327866545
many_moving,0.5,22,615,167.72727272727275,2.6172748606632315,2.14377693790259,402,109.63636363636365,2.9883801474546363,2.4757441379849325
many_moving,0.5,23,627,163.56521739130434,2.357467476336019,1.9212015922754593,402,104.86956521739131,2.720941073723099,2.2140314905110823
many_moving,0.5,24,672,168,2.065174294018417,1.6864274397563483,402,100.5,2.4971514919542916,1.9968738439765061
many_moving,0.5,25,686,164.64,1.8196819233956862,1.4858442024723832,402,96.48,2.314726470402082,1.8233721844790853
many_moving,0.5,26,732,168.92307692307693,1.6435343697388387,1.3261709214271313,402,92.76923076923077,2.1667200466171916,1.6873084746682896
many_moving,0.5,27,746,165.77777777777777,1.4402349766204405,1.1672312794493127,402,89.33333333333334,2.0457241070157006,1.581590049782006
many_moving,0.5,28,792,169.71428571428572,1.253229700620305,1.0148901904825816,402,86.14285714285715,1.9508773825665942,1.5034827201401886
many_moving,0.5,29,803,166.13793103448276,1.169979249035588,0.914084723559788,409,84.62068965517241,1.8722187524920342,1.4236534291054972
many_moving,0.5,30,849,169.8,1.0924114347160836,0.8436726269631556,415,83,1.816576013053616,1.3694206982983173
many_moving,0.5,31,863,167.0322580645161,0.959974726228372,0.7437567264665452,420,81.29032258064515,1.775204194777744,1.3273493389891653
many_moving,0.5,32,908,170.25,0.8303502631676818,0.6510625617024179,426,79.875,1.7450250934657368,1.296653416955627
many_moving,0.5,33,922,167.63636363636363,0.6917863852346139,0.5461352587759591,433,78.72727272727272,1.7244930174652047,1.284641669216483
many_moving,0.5,34,968,170.8235294117647,0.6398280929401957,0.4896649522620374,440,77.64705882352942,1.707484961108264,1.2596202175800548
many_moving,0.5,35,981,168.17142857142855,0.655747661147964,0.4843660143822415,447,76.62857142857143,1.6952744987929875,1.2549434313925556
many_moving,0.5,36,1026,171,0.5938626105064013,0.4408465975870907,453,75.5,1.6863317972699006,1.2549999359399344
many_moving,0.5,37,1039,168.48648648648648,0.5514928950647354,0.40510525317879653,467,75.72972972972973,1.5297091548178068,1.1576095311544006
many_moving,0.5,38,1084,171.1578947368421,0.5355655957818718,0.39521816268549514,467,73.73684210526316,1.3746955758866264,1.043254328540045
many_moving,0.5,39,1096,168.6153846153846,0.4867048915321748,0.37748715654396464,467,71.84615384615385,1.247085194377817,0.9535084496826702
many_moving,0.5,40,1142,171.3,0.48116445956845977,0.36710449131564427,467,70.05000000000001,1.1550443780485127,0.8874227016827317
many_moving,0.5,41,1153,168.73170731707316,0.4024969013738424,0.3240035715394529,467,68.34146341463415,1.0939982372666268,0.8460899491821376
many_moving,0.5,42,1197,171.00000000000003,0.3336006519534648,0.29299262668622206,467,66.71428571428572,1.0546740747120547,0.8161828113004287
many_moving,0.5,43,1211,168.9767441860465,0.3300764482493612,0.30100069468858714,474,66.13953488372093,0.9058034868776723,0.7278307510984661
many_moving,0.5,44,1254,171.00000000000003,0.2948347385166573,0.26639434092247194,487,66.40909090909092,0.7814316474179903,0.6393089228936724
many_moving,0.5,45,1267,168.93333333333334,0.26904537486222824,0.22461286495226726,500,66.66666666666667,0.6989924007209556,0.5900334230593254
many_moving,0.5,46,1312,171.13043478260866,0.24617808187112958,0.2123442224589381,513,66.91304347826086,0.6163064035479643,0.5290697544705385
many_moving,0.5,47,1323,168.8936170212766,0.2519747974508659,0.21000357113685042,525,67.02127659574468,0.5624078145656386,0.4766952750779227
many_moving,0.5,48,1368,171,0.29017783587586626,0.22903661722738433,537,67.125,0.5200704953625195,0.4329534818159556
many_moving,0.5,49,1381,169.10204081632654,0.2481708280438526,0.2008705131762783,550,67.34693877551021,0.5034947469048544,0.4187190368796595
many_moving,0.5,50,1424,170.88,0.21089424261778195,0.15948656950851453,559,67.08,0.4824212953480107,0.39507357939602106
many_moving,0.5,51,1437,169.05882352941177,0.13407189830968258,0.12074635108118999,563,66.23529411764706,0.48196071177593197,0.3946362076594726
many_moving,0.5,52,1483,171.1153846153846,0.13037768756137014,0.12199160860273912,575,66.34615384615384,0.4084961388321978,0.3468439846483652
many_moving,0.5,53,1496,169.35849056603774,0.15483968096344844,0.14178752089464366,575,65.09433962264151,0.3657737767227149,0.3198767457311653
many_moving,0.5,54,1541,171.2222222222222,0.18513669337798658,0.1589038571552112,575,63.888888888888886,0.3478619510379228,0.31175789812557386
many_moving,0.5,55,1555,169.63636363636365,0.21760829684656963,0.15974325548841706,575,62.72727272727273,0.34574221094394403,0.3135040068503074
many_moving,0.5,56,1600,171.42857142857142,0.26155138215484186,0.18677121518958897,575,61.607142857142854,0.35208706939231865,0.32112158722890216
many_moving,0.5,57,1614,169.8947368421053,0.22833825387676834,0.18245819700990373,575,60.526315789473685,0.3620689715965892,0.33205978893518084
many_moving,0.5,58,1657,171.41379310344826,0.17707809470633695,0.1569741207129185,586,60.62068965517241,0.3741633771106359,0.3446220086813509
many_moving,0.5,59,1669,169.72881355932205,0.17980877821782099,0.15566953251399024,604,61.42372881355932,0.36828019207671897,0.3390915284405444
many_moving,0.5,60,1713,171.3,0.18172800655114804,0.15967552978881422,621,62.1,0.3728362389526449,0.3454914166483651
many_moving,0.5,61,1727,169.86885245901638,0.16371717729151597,0.14332555061085508,640,62.95081967213115,0.3583538691121624,0.31332030879504974
many_moving,0.5,62,1774,171.6774193548387,0.17853516523995688,0.16328235995830442,657,63.58064516129032,0.3428654570340271,0.28816853828985456
many_moving,0.5,63,1788,170.28571428571428,0.1550553521918196,0.14326656422539505,676,64.38095238095238,0.33095445626934145,0.2791702500401332
many_moving,0.5,64,1833,171.84375,0.15172034197271125,0.13160518465072754,698,65.4375,0.3134198653092493,0.2703528611612621
many_moving,0.5,65,1845,170.30769230769232,0.13949255727340604,0.1376247089763611,708,65.35384615384615,0.22413821837505507,0.20385103274539987
many_moving,0.5,66,1890,171.8181818181818,0.18240715064084614,0.17176446850535412,708,64.36363636363636,0.19850839722044206,0.18298453885418461
many_moving,0.5,67,1903,170.4179104477612,0.17625754991803722,0.1517942959796726,718,64.29850746268656,0.22077585600383834,0.19348858776405461
many_moving,0.5,68,1949,171.97058823529412,0.20909287090641743,0.17228617750286335,718,63.35294117647059,0.2550610612013669,0.2179970186818621
many_moving,0.5,69,1963,170.69565217391306,0.20162599335898168,0.16463908800770347,718,62.434782608695656,0.2894361032104126,0.24553339825292336
many_moving,0.5,70,2007,172.0285714285714,0.15800661680279424,0.13815410628162306,718,61.54285714285714,0.31996186667197246,0.2727589829115347
many_moving,0.5,71,2019,170.61971830985917,0.1534557921980109,0.13501669735715466,718,60.67605633802817,0.3458050213118772,0.29723166462956274
many_moving,0.5,72,2064,172,0.19363960188578502,0.16221575779966801,718,59.833333333333336,0.36719658692274226,0.31788662806724066
many_moving,0.5,73,2076,170.63013698630138,0.2426685045494997,0.19789867964806515,718,59.013698630136986,0.38469163336096884,0.33488233191473704
many_moving,0.5,74,2122,172.05405405405403,0.28577887437914345,0.23642861667552445,718,58.21621621621621,0.39889962800327333,0.3487108248115763
many_moving,0.5,75,2136,170.88,0.21743448501930504,0.20103913847069296,718,57.44,0.4103874850175531,0.3598965286038365
many_moving,0.5,76,2182,172.26315789473685,0.17741788050614601,0.16936612335368323,718,56.68421052631579,0.4196490780401025,0.36891351612873097
many_moving,0.5,77,2192,170.8051948051948,0.13200891067171255,0.11849587510997439,718,55.94805194805194,0.4271010012150076,0.37616652032545816
many_moving,0.5,78,2237,172.07692307692307,0.14133690442013236,0.12661237870833575,718,55.230769230769226,0.43308841750190546,0.38199219196479967
many_moving,0.5,79,2250,170.8860759493671,0.1251848837175586,0.103622854220486,728,55.291139240506325,0.4334261909049028,0.37840165520740576
many_moving,0.5,80,2294,172.05,0.15727647926800054,0.14306302220742678,731,54.824999999999996,0.3226125651547701,0.2934008229839706
many_moving,0.5,81,2305,170.74074074074073,0.14310157947565907,0.12758176169763064,731,54.14814814814814,0.2464100017108543,0.2273377480388718
many_moving,0.5,82,2352,172.09756097560975,0.14160755889807025,0.12369636500602599,741,54.21951219512194,0.19021330367784844,0.16044682790465636
many_moving,0.5,83,2364,170.89156626506025,0.14633389038722866,0.1365605778547551,741,53.56626506024096,0.1839739659440807,0.1606580141773401
many_moving,0.5,84,2411,172.21428571428572,0.14562929583408826,0.13250264005846277,741,52.92857142857143,0.20747776483365252,0.18548121644768326
many_moving,0.5,85,2424,171.10588235294117,0.17690683369926496,0.16223257627779056,741,52.30588235294117,0.2397730137554267,0.21063328393649633
many_moving,0.5,86,2469,172.25581395348837,0.21927397137527638,0.18560833099962876,746,52.04651162790697,0.285035220677748,0.24551983471081412
many_moving,0.5,87,2482,171.17241379310346,0.21559212816506884,0.19645933196077411,750,51.724137931034484,0.2913112209431982,0.2601500882486472
many_moving,0.5,88,2529,172.4318181818182,0.2038353544349708,0.18835491659759,755,51.477272727272734,0.31787055332739583,0.2846366106945458
many_moving,0.5,89,2542,171.3707865168539,0.2425076779463634,0.2148249601884778,760,51.235955056179776,0.3036601090128527,0.27902420629145736
many_moving,0.5,90,2586,172.4,0.2930006311210491,0.2595205205295362,765,51,0.29249306625388455,0.2670691110706242
many_moving,0.5,91,2600,171.42857142857144,0.22697120538949014,0.19481248368212076,770,50.769230769230774,0.29967359868436333,0.2734526253584657
many_moving,0.5,92,2646,172.56521739130434,0.22262580101203155,0.19993422636882685,774,50.47826086956522,0.31210638495612153,0.2822672423722238
many_moving,0.5,93,2658,171.48387096774195,0.20697917917452263,0.18881702177963117,774,49.935483870967744,0.32397422886154364,0.2903511812177904
many_moving,0.5,94,2701,172.40425531914894,0.17961869956065044,0.16891614825311513,784,50.04255319148937,0.33216302938579767,0.29465073515534906
many_moving,0.5,95,2714,171.41052631578947,0.17143658168395012,0.15604560473386261,787,49.70526315789474,0.30878732787218605,0.2713779050731594
many_moving,0.5,96,2760,172.5,0.20079899706632223,0.18390460937932634,787,49.1875,0.3000481545191325,0.26298641224657715
many_moving,0.5,97,2772,171.46391752577318,0.1723943272457503,0.15144325804375847,794,49.11340206185567,0.2984164511559751,0.2599738933319641
many_moving,0.5,98,2819,172.59183673469386,0.17454428871504035,0.14926924392309943,794,48.61224489795919,0.3056566836942226,0.2697180778152153
many_moving,0.5,99,2830,171.51515151515153,0.15609743935328138,0.1337219160318902,794,48.121212121212125,0.3165818170591545,0.28249043575615046
many_moving,0.5,100,2875,172.5,0.18979972192516742,0.17140759673918846,794,47.64,0.32828941817583446,0.2955210579549074
many_moving,0.5,101,2886,171.44554455445547,0.14445258078096718,0.13050428590958882,800,47.524752475247524,0.35138061467765624,0.32273622097053584
many_moving,0.5,102,2933,172.52941176470588,0.11937621831994545,0.11387545370659262,804,47.294117647058826,0.3439467866824563,0.3117164096445499
many_moving,0.5,103,2944,171.49514563106797,0.13635150617318073,0.12597035886491667,810,47.18446601941748,0.3342356297411796,0.29195776625916103
many_moving,0.5,104,2988,172.3846153846154,0.14007547868354506,0.1283762983221467,816,47.07692307692307,0.3358195268282315,0.2912843551007749
many_moving,0.5,105,3002,171.54285714285714,0.16422306486054292,0.1573994284932995,822,46.971428571428575,0.33805858235058744,0.29294412873181336
many_moving,0.5,106,3047,172.47169811320754,0.21411286226744775,0.2072423794526363,828,46.867924528301884,0.3458952549844594,0.3036278232058251
many_moving,0.5,107,3060,171.58878504672896,0.15985065022518313,0.15075430461623385,836,46.87850467289719,0.31484013237014935,0.2696474040158591
many_moving,0.5,108,3105,172.5,0.14672375340802107,0.1332853410838849,836,46.44444444444444,0.3016026509233446,0.260615273851855
many_moving,0.5,109,3119,171.6880733944954,0.09979846385499981,0.08560001239550219,846,46.56880733944954,0.2927825081807977,0.2558534139940468
many_moving,0.5,110,3165,172.63636363636365,0.13158573973772467,0.12224092500161218,849,46.30909090909091,0.2681831045189116,0.23798988667419002
many_moving,0.5,111,3177,171.7297297297297,0.1508526754312915,0.1397387954053043,849,45.891891891891895,0.25694250481616443,0.23052478371597634
many_moving,0.5,112,3223,172.66071428571428,0.18593653613731445,0.1669716137492906,854,45.75,0.24315814933803528,0.21262424479426878
many_moving,0.5,113,3235,171.76991150442478,0.1619676688570443,0.13640480887573153,854,45.34513274336283,0.24546667043962095,0.2162381498918841
many_moving,0.5,114,3279,172.57894736842104,0.19176974893399473,0.17220838262299715,854,44.94736842105264,0.2557481906534731,0.23109713267997983
many_moving,0.5,115,3292,171.75652173913042,0.19024390189821958,0.17124106532842837,857,44.71304347826087,0.26956177754429456,0.24703650217928508
many_moving,0.5,116,3338,172.6551724137931,0.19976332804201843,0.181509589574535,864,44.689655172413794,0.2692784449962739,0.23337999695727835
many_moving,0.5,117,3352,171.89743589743588,0.1705990752734771,0.15291907564270613,872,44.71794871794872,0.2773300127525829,0.2400214631773853
many_moving,0.5,118,3398,172.77966101694918,0.17809635300314988,0.1584685671481541,886,45.05084745762712,0.2921585014376427,0.25590046037595104
many_moving,0.5,119,3409,171.88235294117646,0.2138263128224617,0.18967414167214142,900,45.3781512605042,0.3052438339123992,0.27433549723171036
many_moving,0.5,120,3453,172.65,0.21929676118494498,0.19369948381147034,915,45.75,0.3022712366427162,0.26365350438040414
many_moving,0.5,121,3466,171.86776859504133,0.31485735280505905,0.2967859703011159,952,47.20661157024794,0.3509073184422173,0.3219872442004702
many_moving,0.5,122,3510,172.62295081967216,0.552641891653256,0.5171496897604967,996,48.98360655737705,0.47266080519379966,0.39798908761481283
many_moving,0.5,123,3523,171.85365853658539,0.6516884958384782,0.5765245687460185,1037,50.585365853658544,0.6442412245273819,0.5737058708026797
many_moving,0.5,124,3568,172.64516129032256,0.7988918034172336,0.702788763041502,1079,52.20967741935483,0.7559586184041428,0.6662292121216647
many_moving,0.5,125,3580,171.83999999999997,0.9058649460036836,0.7900286643480311,1119,53.711999999999996,0.8908483100251244,0.7980261031847882
many_moving,0.5,126,3623,172.52380952380952,1.0376123071616004,0.901342037036217,1159,55.19047619047619,1.0505770508984693,0.9377334897379569
many_moving,0.5,127,3634,171.68503937007873,1.142998036413311,0.9775877748197411,1201,56.740157480314956,1.1801925551749082,1.036501100965345
many_moving,0.5,128,3675,172.265625,1.2597714032691727,1.0661186480300457,1239,58.078125,1.326703614683945,1.1631466028614814
many_moving,0.5,129,3687,171.48837209302326,1.3230787543381117,1.1261258008764534,1277,59.395348837209305,1.4671011899343323,1.277856279299629
many_moving,0.5,130,3729,172.1076923076923,1.4164280316904105,1.23169838133055,1317,60.784615384615385,1.593432884697456,1.3790394079391117
many_moving,0.5,131,3741,171.3435114503817,1.454134052448928,1.2582068058494664,1354,62.015267175572525,1.6885933761415979,1.452414144883997
many_moving,0.5,132,3781,171.86363636363637,1.5041747274392425,1.2938381304547313,1387,63.04545454545453,1.8079918117918845,1.5547284250818096
many_moving,0.5,133,3791,171.02255639097746,1.4408763064408088,1.0345355942108723,1423,64.19548872180451,1.9617557507213832,1.6886250098813977
many_moving,0.5,134,3832,171.58208955223878,1.5285695221874587,1.1017789651590681,1460,65.3731343283582,2.101149518053635,1.7963499514088839
many_moving,0.5,135,3847,170.97777777777776,1.6103123851847663,1.125805321905483,1494,66.4,2.19980753834148,1.862409145054729
many_moving,0.5,136,3886,171.44117647058826,1.7137825140066894,1.1467766993665922,1529,67.45588235294117,2.3111410877039664,1.9316980883815518
many_moving,0.5,137,3897,170.67153284671534,15.177370867443937,5.371170794456257,1565,68.54014598540147,2.4340878441985776,2.009513299234996
many_moving,0.5,138,3934,171.04347826086956,15.25737502174361,5.4270764374513725,1602,69.65217391304348,2.5531909696474466,2.064350006799315
many_moving,0.5,139,3946,170.33093525179856,15.337492247263247,5.4403339649812725,1640,70.79136690647482,2.6881871807179554,2.1518198802196573
many_moving,0.5,140,3985,170.78571428571428,15.419684365128902,5.448933877176191,1676,71.82857142857142,2.849304764523001,2.275910258343746
many_moving,0.5,141,3997,170.08510638297872,15.503177062687444,5.483147996224817,1712,72.85106382978722,2.9875612938988554,2.355955735529584
many_moving,0.5,142,4035,170.49295774647888,15.588860878094433,5.522184256103613,1751,73.98591549295774,3.132384783950562,2.453914452254599
many_moving,0.5,143,4045,169.72027972027973,15.6754108913703,5.5531604495094005,1785,74.8951048951049,3.274785869500709,2.5221147283036363
many_moving,0.5,144,4082,170.08333333333334,15.76335780463954,5.601993959359257,1819,75.79166666666667,3.3437034571540765,2.5366251151150125
many_moving,0.5,145,4091,169.28275862068966,15.852246141306484,5.658127998335599,1858,76.88275862068967,3.4614206864970427,2.5971223034993187
many_moving,0.5,146,4127,169.6027397260274,15.942895236496893,5.696591009832862,1901,78.12328767123289,3.5793609198716374,2.6591298200266738
many_moving,0.5,147,4136,168.81632653061223,16.033628443045053,5.721476164976144,1943,79.3061224489796,3.6551343772722613,2.6933752520290217
many_moving,0.5,148,4172,169.13513513513513,16.125261872479864,5.705754417632478,1991,80.71621621621621,3.7645504652683326,2.802760705889054
many_moving,0.5,149,4181,168.36241610738256,16.218012019365744,5.775921800837736,2040,82.14765100671141,3.7237358565582666,2.329714392987147
many_moving,0.5,150,4217,168.68,16.31187622732854,5.846436699095053,2083,83.32000000000001,3.8726065530452356,2.3871192198469235
many_moving,0.5,151,4224,167.841059602649,16.406593959625194,5.928118694826038,2123,84.35761589403974,4.01019975751175,2.478383355058937
many_moving,0.5,152,4258,168.07894736842107,16.498832863288868,5.907852943483737,2161,85.30263157894737,16.35754936041338,5.937304405435176
many_moving,0.5,153,4263,167.1764705882353,16.59213457332532,5.881932387566826,2195,86.07843137254902,16.45080266480524,5.953893321079298
many_moving,0.5,154,4298,167.45454545454544,16.688691218823365,5.906883338641052,2225,86.68831168831169,16.54715264772193,5.971926824029466
many_moving,0.5,155,4304,166.60645161290321,16.787193725674783,5.939909872511331,2254,87.2516129032258,16.64550952104978,6.026662929107391
many_moving,0.5,156,4338,166.84615384615384,16.886888096603236,5.98116860373322,2282,87.76923076923076,16.747069074768532,6.08572128666452
many_moving,0.5,157,4343,165.97452229299364,16.97869814690638,5.87566385021831,2305,88.08917197452229,16.849743231396555,6.161856444787728
many_moving,0.5,158,4379,166.2911392405063,17.08649783779296,6.050104138900288,2330,88.48101265822785,16.953293895369175,6.236547188600456
many_moving,0.5,159,4387,165.54716981132074,17.186587546848667,6.0188927164950545,2361,89.09433962264151,17.05819630525023,6.297272967157662
many_moving,0.5,160,4423,165.8625,17.289106231509678,6.054551528795283,2389,89.5875,17.16367447509299,6.362063228033277
many_moving,0.5,161,4429,165.055900621118,17.39212730534357,6.103019722391496,2419,90.14906832298138,17.268680082967013,6.410803378706042
many_moving,0.5,162,4465,165.37037037037035,17.49387811933266,6.091598594103269,2447,90.62962962962962,17.37410944261905,6.483423252464561
many_moving,0.5,163,4470,164.53987730061348,17.597578718777218,6.071294947286747,2475,91.1042944785276,17.47847861839899,6.531644154956888
many_moving,0.5,164,4506,164.85365853658536,17.70215453908072,6.115681792794117,2508,91.75609756097562,17.578389436577595,6.5437207746700965
many_moving,0.5,165,4514,164.14545454545453,17.808296809016696,6.140056467281874,2544,92.50909090909092,17.673350426486323,6.479817237194254
many_moving,0.5,166,4551,164.49397590361448,17.908803890793457,6.156910268381379,2579,93.21686746987952,17.764072294742697,6.401741679144912
many_moving,0.5,167,4559,163.79640718562874,17.908961953740643,6.163412846438502,2617,94.02395209580838,17.756773374018607,6.278190057311755
many_moving,0.5,168,4597,164.17857142857144,17.908648596393498,6.15968439480824,2656,94.85714285714288,17.75384739679044,6.2353238913481315
many_moving,0.5,169,4606,163.52662721893492,17.907436271016532,6.107914648213492,2690,95.50295857988165,17.753001959849165,6.223446159579423
many_moving,0.5,170,4643,163.87058823529412,17.90672493583532,6.086331037516738,2718,95.92941176470588,17.750742217296114,6.185868540445928
many_moving,0.5,171,4649,163.12280701754383,17.907172801106128,6.0746866881814245,2747,96.3859649122807,17.748125094713,6.129748673868043
many_moving,0.5,172,4687,163.5,17.9072429211471,6.061868004815173,2776,96.83720930232559,17.747031213660847,6.101715760168203
many_moving,0.5,173,4694,162.79768786127167,17.907056156356266,6.067881781915602,2805,97.28323699421965,17.747600526909725,6.102086988309794
many_moving,0.5,174,4730,163.10344827586206,17.9083792927457,6.1056545368473305,2834,97.72413793103448,17.747215260786948,6.1106291912821336
many_moving,0.5,175,4739,162.48,17.908997187901505,6.115045175383438,2866,98.26285714285716,17.790966389038076,6.74771113212999
many_moving,0.5,176,4777,162.85227272727275,17.9542445867381,6.8504095662723685,2900,98.86363636363637,17.78539014522657,6.67090490856985
many_moving,0.5,177,4786,162.23728813559322,17.952263605331495,6.835576067371237,2930,99.32203389830508,17.783124402646564,6.632720166687626
many_moving,0.5,178,4821,162.5056179775281,17.95236950605023,6.826676729326543,2957,99.67415730337078,17.7807732265878,6.624914740152597
many_moving,0.5,179,4831,161.93296089385476,17.94974028081141,6.769744650341818,2986,100.08938547486034,17.78013013094097,6.5802849934965835
many_moving,0.5,180,4870,162.33333333333334,17.94790632024062,6.71517403804217,3015,100.5,17.7784420186566,6.566512168066778
many_moving,0.5,181,4878,161.70165745856355,17.93871421199088,6.620892164854726,3030,100.44198895027624,17.76786355749352,6.454286691565623
many_moving,0.5,182,4917,162.0989010989011,17.931610770142246,6.54052946622023,3035,100.05494505494507,17.764687816122898,6.429928396458385
many_moving,0.5,183,4927,161.54098360655738,17.92539868472035,6.460515057370904,3035,99.50819672131148,17.762507453988224,6.415299403641507
many_moving,0.5,184,4966,161.93478260869566,17.922243685335975,6.420572320040826,3035,98.96739130434781,17.760995055911387,6.405324534635575
many_moving,0.5,185,4976,161.38378378378377,17.914999704156426,6.309850879434263,3037,98.4972972972973,17.759852773859386,6.397950557608123
many_moving,0.5,186,5014,161.74193548387095,17.910746145832,6.23642368871298,3037,97.96774193548386,17.759066226468736,6.39243533257318
many_moving,0.5,187,5024,161.19786096256684,17.90760366710684,6.128988339058521,3038,97.47593582887701,17.7585186225473,6.38826581490272
many_moving,0.5,188,5062,161.5531914893617,17.906440972709518,6.102880235396937,3038,96.95744680851064,17.758132874668263,6.385087935909828
many_moving,0.5,189,5071,160.984126984127,17.90639693365089,6.121815921272341,3038,96.44444444444446,17.757857816520012,6.38264934710542
many_moving,0.5,190,5108,161.30526315789476,17.905957486557416,6.120934073161841,3041,96.03157894736843,17.757051506121343,6.370216569873731
many_moving,0.5,191,5117,160.7434554973822,17.904799710002195,6.078899580939605,3055,95.96858638743456,17.7557012853191,6.3387452917125024
many_moving,0.5,192,5155,161.09375,17.90452377654635,6.06754284379185,3068,95.875,17.755408068827716,6.33177178513667
many_moving,0.5,193,5165,160.56994818652848,17.90285118280547,6.00993819120277,3080,95.75129533678756,17.75340267955076,6.2796241752265995
many_moving,0.5,194,5204,160.9484536082474,17.902700472917353,6.01262175105506,3091,95.5979381443299,17.753422327006184,6.278540279821291
many_moving,0.5,195,5213,160.39999999999998,17.903148894214496,6.038701612602659,3106,95.56923076923077,17.75136817195712,6.210465817342465
many_moving,0.5,196,5251,160.74489795918367,17.903074568815853,6.036909387221817,3117,95.41836734693878,17.74991564758677,6.161938866844823
many_moving,0.5,197,5261,160.23350253807106,17.901997725783595,5.984461884188649,3123,95.11675126903555,17.747794556546005,6.1186378693105175
many_moving,0.5,198,5300,160.60606060606062,17.902498881751264,5.989432201121973,3123,94.63636363636364,17.746677208073802,6.10141948213572
many_moving,0.5,199,5310,160.1005025125628,17.90262531451674,5.997395291933684,3123,94.1608040201005,17.746154605164023,6.094800658449577
many_moving,0.5,200,5349,160.47,17.90186433519606,5.97176610654401,3125,93.75,17.745775644549216,6.081099971581187
many_moving,0.5,201,5357,159.91044776119404,17.90088711301018,5.920922917754401,3125,93.28358208955224,17.745667040364854,6.073654858220264
many_moving,0.5,202,5396,160.2772277227723,17.90027361308965,5.879777003084185,3129,92.94059405940594,17.745733561352655,6.072498071884611
many_moving,0.5,203,5406,159.7832512315271,17.90019843185731,5.86558836003307,3134,92.63054187192118,17.744840143829613,6.063137701858682
many_moving,0.5,204,5445,160.14705882352942,17.899836911783893,5.852012179108071,3138,92.29411764705883,17.7437032281522,6.041789556583514
many_moving,0.5,205,5454,159.62926829268292,17.899690857148002,5.845455980913658,3143,91.99024390243903,17.743107472667866,6.0315938312671395
many_moving,0.5,206,5492,159.9611650485437,17.89988407827688,5.86110035422857,3152,91.80582524271846,17.7420667052749,6.001420876454096
many_moving,0.5,207,5502,159.47826086956522,17.899562741669524,5.829115766877473,3158,91.53623188405797,17.741532898425465,5.9784918482975575
many_moving,0.5,208,5540,159.8076923076923,17.89946448027021,5.823412235112027,3163,91.24038461538461,17.74141958805569,5.964059871325635
many_moving,0.5,209,5550,159.33014354066987,17.899168053699082,5.796015668811962,3163,90.80382775119618,17.741647804167187,5.969918523533174
many_moving,0.5,210,5588,159.65714285714284,17.899110498363594,5.784108038339152,3169,90.54285714285713,17.741155636506605,5.963195675990731
many_moving,0.5,211,5597,159.1563981042654,17.898897833940264,5.76479413845093,3177,90.34123222748815,17.740398618668443,5.9401309456831815
many_moving,0.5,212,5637,159.53773584905662,17.89883262399902,5.7548742208068555,3178,89.9433962264151,17.738325464616683,5.87527744619275
many_moving,0.5,213,5647,159.0704225352113,17.898869098130753,5.7606000818828615,3178,89.52112676056339,17.73736991440115,5.841572671591415
many_moving,0.5,214,5684,159.3644859813084,17.898964099285052,5.766950839608396,3178,89.10280373831776,17.737057189042815,5.82358378602118
many_moving,0.5,215,5693,158.87441860465114,17.898761719016083,5.746524069900839,3180,88.74418604651163,17.737111509870783,5.817989793316014
many_moving,0.5,216,5730,159.16666666666666,17.89895556076591,5.773042942085774,3180,88.33333333333333,17.737356226504808,5.833766066166864
many_moving,0.5,217,5739,158.68202764976957,17.898978270326648,5.774840344431116,3187,88.11981566820276,17.737554017671023,5.844504772733507
many_moving,0.5,218,5778,159.0275229357798,17.89895409737957,5.7697768628711685,3193,87.88073394495413,17.73682220128445,5.812795210510975
many_moving,0.5,219,5786,158.5205479452055,17.89911889837563,5.791384411600528,3199,87.64383561643835,17.73682239141756,5.8134349586985925
many_moving,0.5,220,5825,158.86363636363637,17.899269662226054,5.811534554530215,3205,87.4090909090909,17.736811345115292,5.802061464014833
many_moving,0.5,221,5833,158.36199095022624,17.89909353127298,5.782330719289705,3215,87.28506787330318,17.736960608992778,5.812358356950341
many_moving,0.5,222,5873,158.7297297297297,17.899715595264777,5.831702024277042,3227,87.21621621621621,17.737063700713588,5.82423428853137
many_moving,0.5,223,5882,158.26008968609867,17.900197044861727,5.867468780939946,3240,87.17488789237667,17.73758713349113,5.862239937832128
many_moving,0.5,224,5919,158.54464285714286,17.900964967465054,5.928506462439986,3245,86.91964285714286,17.73794714464732,5.883871667620555
many_moving,0.5,225,5929,158.10666666666665,17.899818610225964,5.856687782233011,3255,86.8,17.737494302863645,5.854742612773785
many_moving,0.5,226,5967,158.41592920353983,17.900042313180624,5.861440480381381,3267,86.73451327433628,17.737458801437988,5.844414114137377
many_moving,0.5,227,5977,157.98237885462558,17.899223867226503,5.80508027960034,3273,86.51101321585904,17.737199664304335,5.818812907777368
many_moving,0.5,228,6015,158.28947368421052,17.899368058619633,5.80947243325383,3278,86.26315789473685,17.737219272530044,5.814586321723025
many_moving,0.5,229,6024,157.83406113537117,17.89945458728584,5.819791101125047,3281,85.9650655021834,17.73734774927628,5.8106586251063375
many_moving,0.5,230,6063,158.16521739130434,17.899700025294294,5.838274413027648,3285,85.69565217391305,17.73772898612625,5.826798646435994
many_moving,0.5,231,6072,157.71428571428572,17.899414974742896,5.812145357382061,3285,85.32467532467533,17.738128694561343,5.8463940037863456
many_moving,0.5,232,6112,158.0689655172414,17.899282697331433,5.800485376017804,3286,84.98275862068967,17.73850906738956,5.864894769962658
many_moving,0.5,233,6122,157.6480686695279,17.89910162418954,5.787284709278182,3286,84.61802575107296,17.73885214599902,5.880911836012024
many_moving,0.5,234,6160,157.94871794871796,17.899054041335454,5.776085801918457,3286,84.25641025641026,17.73915142430261,5.894289813826594
many_moving,0.5,235,6170,157.53191489361703,17.899030915073553,5.775204725860327,3286,83.89787234042554,17.73940672670206,5.905274769943491
many_moving,0.5,236,6208,157.83050847457628,17.899168242740423,5.7940355043498295,3287,83.5677966101695,17.739621130561694,5.914213304853453
many_moving,0.5,237,6217,157.39240506329114,17.899255702809945,5.808188805470128,3288,83.24050632911393,17.73979915671592,5.921448167850146
many_moving,0.5,238,6255,157.6890756302521,17.90007848106853,5.864396132572726,3294,83.04201680672269,17.739304971785874,5.892570524663137
many_moving,0.5,239,6264,157.255230125523,17.89979729663833,5.8405878626660614,3294,82.69456066945607,17.739044914823616,5.872813134290601
many_moving,0.5,240,6300,157.5,17.900209201122816,5.873810083495051,3299,82.475,17.738994942575278,5.863380793131796
many_moving,0.5,241,6310,157.0954356846473,17.899367087717195,5.807648561016461,3306,82.30705394190872,17.73794170599512,5.800875532795353
many_moving,0.5,242,6347,157.36363636363637,17.89906434593715,5.782001411927474,3307,81.99173553719008,17.7375331036322,5.808846155568098
many_moving,0.5,243,6355,156.9135802469136,17.899985731157305,5.8583814320320995,3307,81.65432098765432,17.7380647665611,5.849669192829113
many_moving,0.5,244,6393,157.20491803278688,17.90049584118566,5.888904485212544,3309,81.3688524590164,17.739039610556535,5.8939902995469735
many_moving,0.5,245,6402,156.78367346938776,17.900990487481582,5.907355575596069,3311,81.0857142857143,17.740191738597257,5.937091189769631
many_moving,0.5,246,6440,157.07317073170734,17.90176489781454,5.947694896255708,3311,80.75609756097562,17.741355400805954,5.973394192752474
many_moving,0.5,247,6451,156.70445344129556,17.901472959760362,5.92791739360326,3312,80.45344129554657,17.742441170602085,6.003313146667406
many_moving,0.5,248,6490,157.01612903225805,17.899682722116722,5.829899363861446,3312,80.1290322580645,17.743408873982272,6.0277683997696805
many_moving,0.5,249,6500,156.6265060240964,17.89904136014175,5.779918884973801,3312,79.80722891566263,17.744246446413598,6.047676400318493
many_moving,0.5,250,6539,156.93599999999998,17.89896541511816,5.768918831497798,3312,79.48799999999999,17.744957082890895,6.063839686139073
many_moving,0.5,251,6548,156.5258964143426,17.89889733307006,5.75985297718416,3318,79.31474103585657,17.745497016589546,6.076281775057963
many_moving,0.5,252,6588,156.85714285714283,17.898810279206362,5.743606915350634,3324,79.14285714285714,17.745744062560668,6.06847420818782
many_moving,0.5,253,6598,156.47430830039525,17.8991100856349,5.7715638327253505,3333,79.04347826086956,17.74521826970363,6.043217933589157
many_moving,0.5,254,6636,156.75590551181102,17.89973089938018,5.835297340691076,3338,78.85039370078741,17.744985138426223,6.029664899845797
many_moving,0.5,255,6646,156.3764705882353,17.899096859481137,5.786967560800317,3348,78.7764705882353,17.744698685943636,6.017000509003976
many_moving,0.5,256,6685,156.6796875,17.89885114922997,5.753836798684564,3360,78.75,17.74367824387156,6.0015748222387915
many_moving,0.5,257,6695,156.30350194552528,17.898875106148665,5.759487759880907,3366,78.58365758754864,17.741832612744354,5.961400412734229
many_moving,0.5,258,6734,156.6046511627907,17.89892277605494,5.770337948426609,3366,78.27906976744187,17.74046437714558,5.918369944139166
many_moving,0.5,259,6744,156.23166023166024,17.89903077783194,5.781169023283292,3368,78.02316602316603,17.739600305628848,5.891181011706091
many_moving,0.5,260,6781,156.4846153846154,17.899185362970016,5.79700892533039,3368,77.72307692307693,17.739071631319735,5.878524457985399
many_moving,0.5,261,6789,156.0689655172414,17.899285093293997,5.805165745887409,3368,77.42528735632185,17.738756265871476,5.873933557101702
many_moving,0.5,262,6828,156.36641221374046,17.899777652829073,5.84713343201256,3369,77.1526717557252,17.738572791898044,5.873403439635555
many_moving,0.5,263,6837,155.97718631178708,17.900088118105725,5.858115232596081,3369,76.8593155893536,17.738470041195814,5.874799864180559
many_moving,0.5,264,6875,156.25,17.900753226424843,5.889026878396896,3369,76.56818181818181,17.738416010844713,5.876944923408207
many_moving,0.5,265,6884,155.8641509433962,17.90017424957258,5.863507394483634,3369,76.27924528301885,17.73839081131948,5.879244441932171
many_moving,0.5,266,6920,156.09022556390977,17.900006854885195,5.860595673212203,3370,76.01503759398496,17.738382185372146,5.881422336718204
many_moving,0.5,267,6930,155.73033707865167,17.900046917433208,5.865540864928805,3371,75.75280898876404,17.738382665040795,5.883365208465664
many_moving,0.5,268,6968,155.99999999999997,17.900109337794895,5.857176067380305,3377,75.6044776119403,17.738335814541138,5.881920820728633
many_moving,0.5,269,6976,155.59851301115242,17.900172755623117,5.854852092086956,3377,75.32342007434944,17.738343971538836,5.883126218430252
many_moving,0.5,270,7015,155.88888888888889,17.900222536839628,5.847041483359674,3382,75.15555555555555,17.738257230967815,5.87344122649774
many_moving,0.5,271,7023,155.49077490774906,17.899915771080373,5.8415267052915585,3389,75.03321033210332,17.738088539080863,5.861548687112181
many_moving,0.5,272,7061,155.7573529411765,17.899533512403707,5.819374082493073,3392,74.82352941176471,17.73820150165092,5.864773392173278
many_moving,0.5,273,7071,155.40659340659343,17.900424074261387,5.8778750899641246,3392,74.54945054945055,17.73844059565638,5.873428643888266
many_moving,0.5,274,7109,155.67153284671534,17.901377467489894,5.929199743331234,3394,74.32116788321167,17.73872708885973,5.883309435429554
many_moving,0.5,275,7119,155.32363636363638,17.901506911117853,5.9368124332775745,3394,74.05090909090909,17.73900808229264,5.892250716730226
many_moving,0.5,276,7158,155.6086956521739,17.901500924681002,5.927989874889414,3394,73.78260869565217,17.73928456193541,5.901399874734521
many_moving,0.5,277,7168,155.2635379061372,17.900581725985354,5.893837983227109,3401,73.66787003610109,17.73942112003371,5.9000378566212355
many_moving,0.5,278,7207,155.54676258992805,17.899900235488087,5.853405329569777,3410,73.59712230215827,17.739409615528885,5.885670750625038
many_moving,0.5,279,7215,155.16129032258064,17.89935638102164,5.814493262416374,3420,73.54838709677419,17.73906082350101,5.870891595245877
many_moving,0.5,280,7254,155.44285714285712,17.89945658200003,5.823436644088814,3429,73.47857142857141,17.738650130691795,5.8684157059852184
many_moving,0.5,281,7263,155.08185053380782,17.900203219949105,5.870954530638962,3440,73.45195729537366,17.738647254256332,5.874487681991218
many_moving,0.5,282,7302,155.36170212765958,17.900608265061546,5.889559142971376,3451,73.42553191489363,17.737911849957413,5.845093190327045
many_moving,0.5,283,7312,155.02473498233215,17.9004275587906,5.884361612985342,3464,73.4416961130742,17.737854087161192,5.831981429979959
many_moving,0.5,284,7351,155.30281690140845,17.90059555535073,5.901860326293066,3468,73.26760563380282,17.738070460763296,5.844709676142398
many_moving,0.5,285,7361,154.96842105263158,17.90107790190182,5.9185173391931425,3472,73.09473684210526,17.738291786398452,5.860741994307503
many_moving,0.5,286,7397,155.1818181818182,17.90146730928524,5.922652208370686,3478,72.96503496503497,17.737776006156597,5.847179431358982
many_moving,0.5,287,7406,154.82926829268294,17.901297893390332,5.9338304127966675,3481,72.77351916376307,17.737767358262605,5.835045182668398
many_moving,0.5,288,7443,155.0625,17.901065553405985,5.928498774289208,3481,72.52083333333334,17.737913451795308,5.841725776349943
many_moving,0.5,289,7450,154.67128027681662,17.90059175757995,5.903091866777151,3483,72.31141868512111,17.738128266746774,5.851874167499085
many_moving,0.5,290,7489,154.9448275862069,17.90064824774009,5.904857965273837,3483,72.06206896551724,17.738403462062934,5.865762628015344
many_moving,0.5,291,7499,154.61855670103094,17.900203047973353,5.886600497285942,3483,71.81443298969073,17.73867836462487,5.878270582936733
many_moving,0.5,292,7537,154.86986301369865,17.90012802934997,5.878093212026196,3484,71.58904109589041,17.738933301257283,5.889193118249254
many_moving,0.5,293,7547,154.54607508532422,17.900300665073082,5.882228730589757,3484,71.34470989761091,17.73915964793117,5.898689179754235
many_moving,0.5,294,7583,154.7551020408163,17.90009241714234,5.8674182768143135,3484,71.10204081632652,17.739355053394075,5.906975335727517
many_moving,0.5,295,7592,154.4135593220339,17.899391920554148,5.8190834033349725,3484,70.86101694915253,17.73952054456675,5.914146742426779
many_moving,0.5,296,7629,154.64189189189187,17.89920511302552,5.788242212485861,3485,70.64189189189189,17.739658802610688,5.920224583690727
many_moving,0.5,297,7640,154.34343434343432,17.899090820251445,5.773992067199557,3486,70.42424242424242,17.739773161865454,5.925273418305132
many_moving,0.5,298,7678,154.59060402684563,17.899062980238586,5.775520367313477,3492,70.30872483221476,17.739987036800603,5.93213400421023
many_moving,0.5,299,7687,154.2541806020067,17.899074075557827,5.782108743439351,3494,70.11371237458194,17.740116956071397,5.938140264181274
many_moving,0.5,300,7726,154.52,17.899138031834763,5.784920974624922,3498,69.96000000000001,17.74027177134739,5.94500897233077
many_moving,0.5,301,7733,154.14617940199335,17.899077170117824,5.786951574563597,3502,69.80730897009967,17.74046334297175,5.955686865578875
many_moving,0.5,302,7773,154.43046357615893,17.89916837531042,5.7990732719287905,3505,69.63576158940397,17.740230923121,5.956382541992694
many_moving,0.5,303,7783,154.11881188118812,17.89894758996768,5.770999940709829,3505,69.4059405940594,17.740278524891128,5.965510908204872
many_moving,0.5,304,7821,154.36184210526318,17.899348165385547,5.805141509371182,3507,69.21710526315789,17.74046599758302,5.977717015099318
many_moving,0.5,305,7830,154.0327868852459,17.899392157846762,5.7968169118611605,3507,68.99016393442623,17.74058667753315,5.978168487953505
many_moving,0.5,306,7867,154.25490196078434,17.898961509204263,5.763359221547967,3507,68.76470588235294,17.740810530939108,5.984858389152653
many_moving,0.5,307,7876,153.928338762215,17.89886340929436,5.763360481677225,3512,68.6384364820847,17.74237873232879,6.031063162287355
many_moving,0.5,308,7914,154.16883116883116,17.89912817449126,5.789778539132464,3517,68.51298701298701,17.740969133450033,5.994451057009475
many_moving,0.5,309,7924,153.8640776699029,17.899049438545305,5.787977448116653,3522,68.3883495145631,17.740382317903602,5.978319677426728
many_moving,0.5,310,7962,154.1032258064516,17.899428675192166,5.80699034060927,3526,68.24516129032259,17.740311061928843,5.977636479535995
many_moving,0.5,311,7969,153.74276527331187,17.899364792538808,5.796836959916135,3532,68.14147909967845,17.740026260183924,5.9672785046076715
many_moving,0.5,312,8007,153.98076923076923,17.89950617254167,5.808761789621319,3538,68.03846153846153,17.740420499294498,5.972884392641118
many_moving,0.5,313,8015,153.64217252396165,17.899186613996225,5.79391648522652,3547,67.99361022364216,17.74063888654284,5.976428707697899
many_moving,0.5,314,8052,153.85987261146497,17.899255869924605,5.805415594353609,3549,67.81528662420382,17.740448998547397,5.984952822618241
many_moving,0.5,315,8061,153.54285714285714,17.899012303954613,5.776780798691037,3553,67.67619047619048,17.740462740186874,5.994072389974031
many_moving,0.5,316,8099,153.77848101265823,17.898963267502474,5.766155499156176,3557,67.5379746835443,17.74016722716962,5.985714064531793
many_moving,0.5,317,8109,153.4826498422713,17.898860010226414,5.7564172230424955,3560,67.38170347003155,17.739684565393294,5.963822274765446
many_moving,0.5,318,8148,153.73584905660377,17.899076823066185,5.775051847727783,3560,67.16981132075472,17.739560125111428,5.9491787886274805
many_moving,0.5,319,8158,153.44200626959247,17.898903467603304,5.760338871149729,3562,66.99686520376176,17.739628038838443,5.9415483194296845
many_moving,0.5,320,8194,153.63750000000002,17.899033575388184,5.774135332729946,3562,66.78750000000001,17.739591668736406,5.9241512732026615
many_moving,0.5,321,8203,153.3271028037383,17.899038588932985,5.780174099289136,3562,66.57943925233646,17.739787924706963,5.932254370894972
many_moving,0.5,322,8243,153.59627329192546,17.899052601716896,5.777408271237207,3563,66.3913043478261,17.74008926728267,5.952625941921399
many_moving,0.5,323,8253,153.3065015479876,17.898928588625846,5.769456286040906,3563,66.18575851393189,17.74042277206051,5.972121795537173
many_moving,0.5,324,8292,153.55555555555554,17.898898248579844,5.762061601522602,3563,65.98148148148148,17.740748758204482,5.988688348108137
many_moving,0.5,325,8302,153.2676923076923,17.899014054710364,5.770044118924025,3563,65.77846153846154,17.74104743694357,6.0023657124924235
many_moving,0.5,326,8341,153.51533742331287,17.89915826168624,5.780000527136947,3564,65.59509202453987,17.741310635938785,6.013525659279168
many_moving,0.5,327,8350,153.21100917431193,17.898917892741693,5.762964615970714,3565,65.41284403669725,17.74153672222803,6.022574604519688
many_moving,0.5,328,8388,153.4390243902439,17.899000377003524,5.772473908647231,3573,65.35975609756098,17.741246118318124,6.009168621356267
many_moving,0.5,329,8396,153.11854103343467,17.89894434984651,5.769537205367456,3575,65.19756838905775,17.74130606857307,6.009839835699038
many_moving,0.5,330,8434,153.34545454545454,17.899483843772675,5.81364356582578,3579,65.07272727272726,17.741474536854998,6.014629869999309
many_moving,0.5,331,8442,153.02719033232628,17.899237309876053,5.800293187241231,3583,64.94864048338368,17.740279986774667,5.975904396954099
many_moving,0.5,332,8481,153.2710843373494,17.899421554160057,5.810514377944864,3586,64.80722891566266,17.739229363714287,5.923986839462942
many_moving,0.5,333,8491,152.990990990991,17.899376806468254,5.802140562692901,3586,64.61261261261262,17.73884502255408,5.901182495927173
many_moving,0.5,334,8529,153.21556886227546,17.89943677863159,5.818485377061913,3588,64.45508982035929,17.738829450829016,5.914769501074401
many_moving,0.5,335,8538,152.91940298507464,17.899276233833277,5.801506316131006,3588,64.26268656716418,17.739003779979562,5.92951353055769
many_moving,0.5,336,8577,153.1607142857143,17.89929804464204,5.8066317671742045,3588,64.07142857142858,17.739262767085798,5.9426268807742195
many_moving,0.5,337,8587,152.88427299703267,17.899372525272646,5.812487432046471,3589,63.89910979228487,17.73954644027776,5.953902921230013
many_moving,0.5,338,8625,153.10650887573962,17.899324969032417,5.804598957616422,3589,63.71005917159763,17.73982232158758,5.963414914210572
many_moving,0.5,339,8634,152.81415929203538,17.899371173033693,5.804960507783754,3589,63.5221238938053,17.740074346292634,5.971335719630824
many_moving,0.5,340,8673,153.05294117647057,17.899684104616558,5.833942263166572,3589,63.33529411764705,17.740296008623737,5.977870750820945
many_moving,0.5,341,8681,152.74486803519062,17.89950280893686,5.817496802292216,3598,63.30791788856305,17.74075409787078,5.999673706296401
many_moving,0.5,342,8721,153,17.899501232120837,5.8152507974344685,3608,63.29824561403509,17.74001944223728,5.956491967916103
many_moving,0.5,343,8731,152.72886297376093,17.89973416145773,5.842519641436742,3625,63.411078717201164,17.739380162419874,5.927141334078447
many_moving,0.5,344,8770,152.96511627906978,17.899774626273185,5.8437717149057296,3637,63.43604651162791,17.738259151715578,5.871287454282763
many_moving,0.5,345,8778,152.66086956521738,17.900317017510535,5.858910826432032,3652,63.51304347826087,17.738147022562483,5.865980236483177
many_moving,0.5,346,8817,152.89595375722544,17.902285678232154,5.9211854358010445,3663,63.52023121387283,17.73780226848464,5.848016298242481
many_moving,0.5,347,8828,152.64553314121036,17.900139279008958,5.837852602320259,3675,63.544668587896254,17.737720166061713,5.83139512819365
many_moving,0.5,348,8865,152.8448275862069,17.899421720587664,5.806202200262357,3681,63.46551724137932,17.738250978933277,5.86452571653508
many_moving,0.5,349,8873,152.54441260744986,17.898962925495187,5.77145946112677,3689,63.421203438395416,17.738748684830213,5.887881074913687
many_moving,0.5,350,8912,152.77714285714288,17.899036025445348,5.780906324775344,3691,63.274285714285725,17.739307623011467,5.912165564290175
many_moving,0.5,351,8922,152.51282051282053,17.899356457254598,5.80248606290008,3691,63.094017094017104,17.739930290980528,5.946933365107888
many_moving,0.5,352,8959,152.71022727272728,17.899614524655323,5.824955444950305,3692,62.93181818181819,17.740540716322272,5.976609566833233
many_moving,0.5,353,8969,152.44759206798867,17.89940734509364,5.812419542861035,3692,62.753541076487245,17.741100900699294,6.001080885707175
many_moving,0.5,354,9007,152.66101694915255,17.899376765254576,5.812596855282304,3692,62.57627118644067,17.741595016473784,6.021012111038628
many_moving,0.5,355,9017,152.4,17.898958627068065,5.7663316094957535,3692,62.39999999999999,17.742019722409665,6.037144343754082
many_moving,0.5,356,9053,152.57865168539325,17.898820726736528,5.747427674805847,3693,62.241573033707866,17.742378308309377,6.050154490514122
many_moving,0.5,357,9064,152.3361344537815,17.898991217468446,5.774424387020449,3694,62.08403361344537,17.742677220796327,6.060622890366876
many_moving,0.5,358,9103,152.56424581005587,17.899277450767578,5.803076342912055,3702,62.04469273743017,17.74337027634523,6.082520835809911
many_moving,0.5,359,9111,152.27298050139277,17.89928259700058,5.79910747405434,3704,61.90529247910863,17.741338664062788,6.032338419354766
many_moving,0.5,360,9150,152.5,17.89919583679821,5.794522556529235,3708,61.800000000000004,17.740698673767003,5.998165608273511
many_moving,0.5,361,9159,152.22714681440442,17.899240442272298,5.803610154639375,3708,61.62880886426593,17.740397566473877,5.974427846685958
many_moving,0.5,362,9198,152.45303867403314,17.899646515380553,5.8402250037368715,3711,61.508287292817684,17.74021245468385,5.974144008881533
many_moving,0.5,363,9208,152.19834710743802,17.89992145677805,5.860982657665977,3711,61.33884297520662,17.74039490224489,5.984048441241741
many_moving,0.5,364,9247,152.42307692307693,17.900103073920782,5.868743490006642,3718,61.28571428571429,17.740198763696473,5.979804966053908
many_moving,0.5,365,9256,152.15342465753426,17.90017778049271,5.873238766364171,3725,61.23287671232877,17.740247411554346,5.981828106256897
many_moving,0.5,366,9295,152.37704918032787,17.90069027433165,5.900409829219901,3730,61.14754098360656,17.740382434020262,5.981923881403274
many_moving,0.5,367,9306,152.14168937329703,17.89983696080849,5.854998387537849,3736,61.07901907356949,17.740875900662306,5.997594153976554
many_moving,0.5,368,9345,152.3641304347826,17.89956635207675,5.82573550400543,3741,60.994565217391305,17.741547215275837,6.015101435580143
many_moving,0.5,369,9355,152.11382113821136,17.899973879792565,5.855704099617073,3746,60.91056910569106,17.742464891997145,6.041514653112143
many_moving,0.5,370,9392,152.3027027027027,17.90020458178472,5.86854417307114,3751,60.82702702702703,17.743123305992246,6.061999065918721
many_moving,0.5,371,9401,152.0377358490566,17.900406799599484,5.877932583912802,3753,60.695417789757414,17.74382736767085,6.08588188529293
many_moving,0.5,372,9438,152.2258064516129,17.900035352350535,5.852466147559321,3754,60.548387096774185,17.744540588292946,6.114915972319423
many_moving,0.5,373,9446,151.94638069705093,17.89982924553376,5.838181939832227,3762,60.51474530831099,17.744869636917752,6.13027438338049
many_moving,0.5,374,9485,152.1657754010695,17.89987545850245,5.842587480532155,3764,60.38502673796791,17.744325551495795,6.123048786554763
many_moving,0.5,375,9494,151.904,17.900602081027,5.893473207233191,3766,60.256,17.7440308549544,6.117745955882951
many_moving,0.5,376,9533,152.12234042553192,17.90045729544767,5.886110157669862,3768,60.12765957446809,17.743261139923753,6.094596265911933
many_moving,0.5,377,9544,151.89389920424404,17.900760059512624,5.910046955130688,3771,60.0159151193634,17.741936742025548,6.0528240930239665
many_moving,0.5,378,9583,152.11111111111111,17.900932713688505,5.9184120216122995,3771,59.85714285714286,17.741065927777615,6.0203027523136665
many_moving,0.5,379,9593,151.86807387862797,17.90112334615622,5.92136205608284,3777,59.794195250659634,17.740357947135163,5.9914925107104136
many_moving,0.5,380,9630,152.05263157894737,17.901225752696913,5.932097953835924,3785,59.76315789473684,17.739327878736063,5.931346122751111
many_moving,0.5,381,9639,151.7952755905512,17.900967167524527,5.919464946388482,3795,59.76377952755906,17.738395388141342,5.8772770557159895
many_moving,0.5,382,9679,152.0261780104712,17.90064378014622,5.896529169032641,3805,59.76439790575917,17.737901762769326,5.843326703310944
many_moving,0.5,383,9686,151.73890339425586,17.901066953743165,5.9036600782431705,3815,59.765013054830284,17.737794677649724,5.840698479785032
many_moving,0.5,384,9725,151.953125,17.901738842135323,5.934097354817574,3825,59.765625,17.73798902508591,5.866332044613556
many_moving,0.5,385,9735,151.7142857142857,17.901249399078107,5.913963630760129,3836,59.78181818181818,17.737993532005586,5.8716921301653695
many_moving,0.5,386,9774,151.92746113989637,17.90092760621699,5.90106140655333,3846,59.78238341968912,17.73762246252153,5.842849349132119
many_moving,0.5,387,9784,151.68992248062014,17.901107592089097,5.928252492753561,3848,59.65891472868217,17.73724711893156,5.832710428579522
many_moving,0.5,388,9823,151.9020618556701,17.90067526835131,5.913598188541279,3855,59.613402061855666,17.736478774799263,5.784535230211496
many_moving,0.5,389,9831,151.6349614395887,17.90077327797207,5.913120191138581,3855,59.46015424164524,17.736058460802614,5.752022694268647
many_moving,0.5,390,9870,151.84615384615384,17.901333608239057,5.947367335449874,3857,59.33846153846154,17.735946827446334,5.736337289597758
many_moving,0.5,391,9880,151.61125319693096,17.9011052659246,5.9304157528715455,3859,59.21739130434782,17.735997137502203,5.730946444601195
many_moving,0.5,392,9917,151.79081632653063,17.900731466068056,5.911035007181367,3862,59.11224489795918,17.736209449408634,5.755307839097953
many_moving,0.5,393,9926,151.54198473282443,17.900502380477942,5.892912056766109,3862,58.961832061068705,17.736528136302802,5.78657363433079
many_moving,0.5,394,9964,151.73604060913706,17.900941536808396,5.915007666144298,3864,58.84263959390863,17.736878270391486,5.814000913809798
many_moving,0.5,395,9972,151.473417721519,17.90069651187578,5.90453460191011,3864,58.69367088607595,17.737308764355628,5.840346421042723
many_moving,0.5,396,10011,151.6818181818182,17.901171856877905,5.927860445941137,3864,58.54545454545455,17.73771337715249,5.8620397873101275
many_moving,0.5,397,10018,151.40554156171285,17.900317199348706,5.885526887934246,3865,58.413098236775824,17.738075594331146,5.879701264460574
many_moving,0.5,398,10055,151.58291457286433,17.900082262034893,5.87130243822574,3865,58.266331658291456,17.738390018828344,5.8939945976148085
many_moving,0.5,399,10062,151.30827067669173,17.899642523748252,5.840467253432367,3865,58.1203007518797,17.738657331517242,5.905521359499195
many_moving,0.5,400,10100,151.5,17.899203921941094,5.78358074050085,3867,58.004999999999995,17.738881274681674,5.914796141974745
many_moving,0.5,401,10109,151.25685785536157,17.899233352372686,5.793636341842492,3872,57.935162094763086,17.73895998838203,5.9122320595244044
many_moving,0.5,402,10149,151.4776119402985,17.899171446395012,5.787765829557761,3873,57.80597014925373,17.739089660389336,5.9144229504992065
many_moving,0.5,403,10159,151.25062034739454,17.899291485081644,5.806725837250158,3880,57.7667493796526,17.738774413550086,5.899270338071824
many_moving,0.5,404,10196,151.42574257425744,17.899130185822393,5.797171322178537,3880,57.62376237623762,17.738480223609873,5.862198997507916
many_moving,0.5,405,10205,151.1851851851852,17.898897399731514,5.762572362147292,3882,57.51111111111111,17.738679767823847,5.864098195961779
many_moving,0.5,406,10243,151.3743842364532,17.89910031116023,5.782859924524294,3882,57.36945812807882,17.738841516437564,5.886617126258218
many_moving,0.5,407,10254,151.16461916461918,17.89923677870976,5.798012860225377,3885,57.27272727272727,17.738759585385974,5.896943519826413
many_moving,0.5,408,10293,151.36764705882354,17.899613481206543,5.827983497703984,3885,57.13235294117647,17.738903723429612,5.908462475896793
many_moving,0.5,409,10303,151.1442542787286,17.89921725910735,5.797924594360676,3887,57.02200488997555,17.739153083273862,5.9189606720464685
many_moving,0.5,410,10340,151.3170731707317,17.899516493374083,5.8208616360668275,3887,56.88292682926829,17.739289357749467,5.917216403519511
many_moving,0.5,411,10349,151.08029197080293,17.899694290618463,5.833727874335349,3887,56.74452554744526,17.739498138689214,5.916868838590487
many_moving,0.5,412,10388,151.28155339805826,17.899828332778352,5.84273618139486,3888,56.62135922330098,17.73972900707608,5.9178276110052686
many_moving,0.5,413,10396,151.03147699757866,17.8991697176598,5.795466474087296,3888,56.48426150121065,17.73995455938336,5.919959075796788
many_moving,0.5,414,10435,151.231884057971,17.898980003335048,5.773749264970226,3888,56.34782608695652,17.740161148707994,5.92300090624049
many_moving,0.5,415,10444,150.9975903614458,17.898925686708655,5.76438630517732,3890,56.24096385542168,17.740343153767217,5.927051237570305
many_moving,0.5,416,10483,151.1971153846154,17.899435419509448,5.8169211053976335,3900,56.25,17.74075062853708,5.936906771561887
many_moving,0.5,417,10491,150.94964028776977,17.899819690522193,5.845943260921321,3906,56.201438848920866,17.74023127566729,5.93668529146056
many_moving,0.5,418,10529,151.13397129186603,17.900121235158938,5.857506232344162,3919,56.253588516746404,17.739169580851307,5.903989278386087
many_moving,0.5,419,10539,150.9164677804296,17.8996510296735,5.834041631550369,3923,56.17661097852029,17.7375120152477,5.842341437747064
many_moving,0.5,420,10574,151.05714285714288,17.899859349703586,5.833008631892442,3928,56.114285714285714,17.73672190663448,5.798191401641121
many_moving,0.5,421,10582,150.812351543943,17.89964439701098,5.816026904892768,3934,56.06650831353919,17.73657699708306,5.785220234332416
many_moving,0.5,422,10621,151.00947867298578,17.89952296714058,5.81476504521398,3943,56.06161137440758,17.73698011142249,5.814104174884522
many_moving,0.5,423,10628,150.75177304964538,17.899922918297303,5.846818467023897,3948,56,17.73741912246294,5.833677955852026
many_moving,0.5,424,10665,150.91981132075472,17.90042103733164,5.879894445164218,3952,55.924528301886795,17.737873732512757,5.855179689053795
many_moving,0.5,425,10674,150.69176470588238,17.899520614995634,5.829063200124534,3956,55.84941176470589,17.738371823790047,5.886691730248616
many_moving,0.5,426,10710,150.84507042253523,17.899388544605387,5.8106914698614425,3960,55.774647887323944,17.738909922102692,5.905206257649292
many_moving,0.5,427,10721,150.6463700234192,17.89913597912231,5.794324997250838,3965,55.714285714285715,17.73931949918622,5.9221452984869085
many_moving,0.5,428,10757,150.79906542056074,17.899303778456304,5.797514133693449,3969,55.640186915887845,17.73959442847279,5.933685828879669
many_moving,0.5,429,10767,150.5874125874126,17.899838361182674,5.860815665269966,3971,55.53846153846154,17.739851937984792,5.9460085772726545
many_moving,0.5,430,10806,150.78139534883718,17.90101915209517,5.932250118115675,3973,55.43720930232558,17.74008304955766,5.956857927104088
many_moving,0.5,431,10815,150.5568445475638,17.900232299926817,5.876692404373495,3978,55.37819025522042,17.73970948584251,5.939394968697537
many_moving,0.5,432,10854,150.75,17.899994333555128,5.858856524643865,3979,55.263888888888886,17.739590005806765,5.928443039464752
many_moving,0.5,433,10863,150.52655889145495,17.900050013718868,5.868148974763881,3987,55.24711316397229,17.738812445447994,5.902612381271598
many_moving,0.5,434,10899,150.67741935483872,17.89961669573727,5.832213125898014,3987,55.11981566820276,17.737887571407175,5.864791361878474
many_moving,0.5,435,10909,150.4689655172414,17.9000750664835,5.845447155572311,3989,55.02068965517241,17.73743867534932,5.844038719645548
many_moving,0.5,436,10948,150.6605504587156,17.90065849022167,5.866804370946861,3990,54.908256880733944,17.737211997635825,5.8308244900006
many_moving,0.5,437,10959,150.46681922196797,17.899350944403448,5.792034800358079,3993,54.82379862700229,17.737077530063623,5.819632994791123
many_moving,0.5,438,10998,150.65753424657535,17.898960427922336,5.772581709752094,3993,54.6986301369863,17.737120054343446,5.822418939890374
many_moving,0.5,439,11008,150.4510250569476,17.89908417401216,5.783245117771267,3993,54.57403189066059,17.737250088571788,5.829986510397085
many_moving,0.5,440,11045,150.61363636363637,17.899507480873147,5.829659785261762,3993,54.45,17.737415539537146,5.838803231041681
many_moving,0.5,441,11053,150.38095238095238,17.89970145339553,5.843744091227064,3993,54.3265306122449,17.737587197634067,5.847275656750345
many_moving,0.5,442,11092,150.57013574660635,17.89968149181848,5.834144808515015,3994,54.217194570135746,17.737749667140516,5.854800649357266
many_moving,0.5,443,11102,150.36568848758463,17.89939994687606,5.805715642202284,4000,54.17607223476298,17.73766003018457,5.85304938310501
many_moving,0.5,444,11138,150.5135135135135,17.899254573254932,5.791605553925977,4008,54.16216216216216,17.737691865250998,5.850685380100382
many_moving,0.5,445,11147,150.29662921348316,17.899165961691324,5.7868365640489206,4016,54.14831460674157,17.73762275585722,5.848843532946397
many_moving,0.5,446,11183,150.4439461883408,17.899317782307662,5.799879371638715,4025,54.147982062780265,17.73673107623688,5.79355178467952
many_moving,0.5,447,11189,150.18791946308727,17.899485767607665,5.812529872007284,4032,54.12080536912752,17.736389752775704,5.777622067224494
many_moving,0.5,448,11226,150.34821428571428,17.899843015650145,5.842455834780784,4044,54.160714285714285,17.736130195184437,5.747561672737296
many_moving,0.5,449,11234,150.12026726057908,17.89950211762932,5.8262879091874185,4050,54.12026726057906,17.736108787279278,5.750505705883079
many_moving,0.5,450,11273,150.30666666666667,17.899297693417303,5.802752883237561,4054,54.05333333333333,17.73616562982007,5.747667618182286
many_moving,0.5,451,11283,150.10643015521063,17.899392047139134,5.810186146822206,4056,53.96008869179601,17.73649036572014,5.774030835219348
many_moving,0.5,452,11322,150.2920353982301,17.899383846561346,5.81299410114107,4059,53.88053097345133,17.736975741492227,5.811800976129351
many_moving,0.5,453,11330,150.0662251655629,17.899280129040246,5.799314291235789,4059,53.76158940397351,17.73748338259175,5.845424285821978
many_moving,0.5,454,11368,150.23788546255506,17.899146211246602,5.78317151485928,4062,53.68281938325991,17.737929987153223,5.871200251314288
many_moving,0.5,455,11374,149.9868131868132,17.899464548818088,5.80585767869196,4067,53.63076923076923,17.73774814407645,5.862147812149159
many_moving,0.5,456,11413,150.17105263157896,17.899949537283856,5.831424144266194,4071,53.56578947368422,17.738075069088325,5.8810817122174175
many_moving,0.5,457,11423,149.9737417943107,17.899845707151034,5.820795060841966,4077,53.527352297593,17.738580906577116,5.910604037363642
many_moving,0.5,458,11462,150.15720524017468,17.89989275101647,5.826640634744362,4084,53.50218340611353,17.738592942556632,5.907768688851191
many_moving,0.5,459,11472,149.9607843137255,17.900221351013297,5.872728306830748,4089,53.45098039215686,17.738607088479892,5.912923051789819
many_moving,0.5,460,11508,150.10434782608695,17.900893337623614,5.916773023966837,4092,53.373913043478254,17.73871740599834,5.9213086091613745
many_moving,0.5,461,11517,149.89587852494577,17.900583562766915,5.897137382097665,4097,53.3232104121475,17.73870865529241,5.919924770213203
many_moving,0.5,462,11557,150.0909090909091,17.900789286172923,5.920166609259392,4098,53.22077922077922,17.738709540559146,5.919112800159607
many_moving,0.5,463,11564,149.8574514038877,17.900183419192487,5.883293702825456,4105,53.196544276457885,17.738325423090274,5.8944460239859415
many_moving,0.5,464,11602,150.02586206896552,17.89981693881612,5.848242990290476,4107,53.10775862068965,17.737889761958304,5.864885470706145
many_moving,0.5,465,11612,149.83225806451614,17.899380224624,5.804319282546583,4114,53.08387096774193,17.737878265422005,5.860491687341922
many_moving,0.5,466,11650,150,17.899050617704166,5.768931051319003,4121,53.06008583690988,17.737712295429347,5.853459398672129
many_moving,0.5,467,11661,149.82012847965737,17.89897524216164,5.772102613704225,4127,53.023554603854386,17.737690860425506,5.853123692197166
many_moving,0.5,468,11699,149.9871794871795,17.899501453320926,5.8255810408806585,4131,52.96153846153847,17.737726732402344,5.850652945973862
many_moving,0.5,469,11708,149.7825159914712,17.899686324829997,5.840013098982372,4135,52.8997867803838,17.737887266308434,5.862701189431458
many_moving,0.5,470,11746,149.94893617021276,17.89970472799976,5.836053304256563,4143,52.889361702127665,17.738078616871395,5.8783862617189335
many_moving,0.5,471,11752,149.70700636942675,17.899518851463604,5.8173569288786044,4152,52.89171974522293,17.737134812741676,5.818333844485083
many_moving,0.5,472,11792,149.89830508474577,17.899134998058013,5.784107578762343,4157,52.84322033898305,17.736967873916598,5.79050719287111
many_moving,0.5,473,11802,149.70824524312897,17.89943945559484,5.825539636179282,4163,52.807610993657505,17.737117667898968,5.798175962780246
many_moving,0.5,474,11840,149.873417721519,17.899960245442248,5.868222629785064,4167,52.74683544303797,17.737296676561446,5.816525818356159
many_moving,0.5,475,11848,149.65894736842105,17.899610835416127,5.8375455359261315,4173,52.71157894736842,17.737439262396226,5.824915384678278
many_moving,0.5,476,11886,149.8235294117647,17.89941334027254,5.815408276563581,4178,52.66386554621849,17.737268101146725,5.809317714844727
many_moving,0.5,477,11896,149.63522012578616,17.899095775589103,5.789813435548657,4179,52.56603773584905,17.737328255976283,5.813599648737856
many_moving,0.5,478,11934,149.79916317991632,17.899274674133128,5.807249289464206,4187,52.55648535564853,17.737212603943615,5.811128766931789
many_moving,0.5,479,11943,149.5991649269311,17.899224424172257,5.804884327680376,4189,52.47181628392484,17.73702260054191,5.795962834514233
many_moving,0.5,480,11982,149.775,17.89901514778612,5.78303309740499,4191,52.3875,17.736791850209965,5.777302228951241
many_moving,0.5,481,11992,149.58835758835758,17.899317307484296,5.815282440626115,4193,52.3035343035343,17.736734761267815,5.773971101849035
many_moving,0.5,482,12031,149.76348547717842,17.899611570332358,5.841908298341449,4194,52.20746887966805,17.73674844583591,5.7802494042627135
many_moving,0.5,483,12041,149.57763975155277,17.899223573096613,5.797840987273617,4194,52.09937888198757,17.736797380143777,5.788143281083803
many_moving,0.5,484,12078,149.72727272727272,17.89919831694294,5.784696405196103,4194,51.99173553719008,17.736860838378643,5.795781799172966
many_moving,0.5,485,12088,149.5422680412371,17.8993736325622,5.795129470513649,4194,51.88453608247422,17.73692716346564,5.802528114913517
many_moving,0.5,486,12127,149.71604938271605,17.899642289021127,5.820458262934458,4196,51.802469135802475,17.737007694262523,5.8106228707010805
many_moving,0.5,487,12136,149.5195071868583,17.899278704007283,5.790301182264509,4197,51.708418891170425,17.737083464446894,5.817461178348912
many_moving,0.5,488,12174,149.6803278688525,17.89921166327771,5.791896044455064,4199,51.627049180327866,17.73715134349017,5.823132971924178
many_moving,0.5,489,12184,149.49693251533742,17.899179835087878,5.793151421313587,4199,51.52147239263803,17.737489552392436,5.838083893108877
many_moving,0.5,490,12223,149.66938775510204,17.89952217415282,5.823463301321889,4201,51.440816326530616,17.737798146858854,5.850542462416959
many_moving,0.5,491,12230,149.45010183299388,17.89977413430959,5.81474694199092,4204,51.37270875763747,17.7379841339782,5.851179549239012
many_moving,0.5,492,12268,149.609756097561,17.899699453425097,5.815479955883108,4205,51.28048780487806,17.738278106216253,5.862017089936414
many_moving,0.5,493,12277,149.4158215010142,17.89963869450028,5.820097382071293,4213,51.27383367139959,17.738662496190464,5.872803683235989
many_moving,0.5,494,12313,149.5506072874494,17.90065831969809,5.877140719832101,4215,51.194331983805675,17.73924066834543,5.892318212627134
many_moving,0.5,495,12323,149.36969696969697,17.90030459219297,5.860864501041537,4217,51.11515151515152,17.739948711360448,5.929205289424137
many_moving,0.5,496,12361,149.5282258064516,17.90018663795315,5.86167982260815,4218,51.024193548387096,17.74077361757049,5.97348520612489
many_moving,0.5,497,12371,149.3480885311871,17.899765341671547,5.838518800366288,4219,50.93360160965795,17.741590718473887,6.011099785511665
many_moving,0.5,498,12408,149.49397590361443,17.899595063242874,5.821573580598082,4219,50.831325301204814,17.742345003317226,6.042010253594028
many_moving,0.5,499,12418,149.31462925851704,17.899524581608507,5.811948895949572,4219,50.72945891783567,17.743012822494148,6.067137882653386
many_moving,0.5,500,12457,149.484,17.900040217365902,5.858701173049845,4219,50.62799999999999,17.74358829015231,6.087453737235814
many_moving,0.5,501,12465,149.2814371257485,17.90020252121003,5.8576419602041625,4221,50.55089820359282,17.743871741055685,6.098165228120851
many_moving,0.5,502,12501,149.41434262948206,17.900540368337754,5.880587177160293,4222,50.46215139442231,17.744179581900887,6.1079516976324015
many_moving,0.5,503,12510,149.22465208747516,17.899792500209323,5.838394035149969,4224,50.385685884691846,17.744477806029423,6.116371276025715
many_moving,0.5,504,12547,149.36904761904762,17.899326924310984,5.8109201211441635,4224,50.28571428571428,17.744776146385895,6.123636786964028
many_moving,0.5,505,12557,149.1920792079208,17.89919921318613,5.796992094165436,4226,50.209900990099015,17.745054776185324,6.130518180415508
many_moving,0.5,506,12596,149.35968379446638,17.899066412381313,5.78242394260276,4229,50.14624505928853,17.74467459550452,6.111763398036324
many_moving,0.5,507,12607,149.19526627218937,17.899155643694485,5.783837889516188,4230,50.05917159763314,17.744528375179964,6.09852135317232
many_moving,0.5,508,12645,149.3503937007874,17.89944417848898,5.806396000590436,4237,50.04330708661417,17.74384221949588,6.0723559796584246
many_moving,0.5,509,12654,149.16306483300593,17.899419820393582,5.797597406039271,4239,49.96856581532417,17.742942101980724,6.02994237361183
many_moving,0.5,510,12691,149.30588235294115,17.899815567108355,5.82294027332812,4241,49.89411764705883,17.742436877627995,5.996169822537553
many_moving,0.5,511,12698,149.09589041095887,17.899778136565278,5.818411315876458,4243,49.81996086105675,17.742226647056384,5.975606435764526
many_moving,0.5,512,12737,149.26171875,17.89966425642177,5.811321212446993,4244,49.734375,17.74218594832785,5.966901205110136
many_moving,0.5,513,12746,149.07602339181284,17.899343117124964,5.8073206792825385,4244,49.637426900584785,17.742234955065673,5.97438398812073
many_moving,0.5,514,12782,149.20622568093387,17.899206246868978,5.7980880512391035,4244,49.540856031128406,17.74232634891444,5.9824940584479815
many_moving,0.5,515,12790,149.00970873786406,17.899418220120833,5.814919072443027,4244,49.44466019417475,17.7424328573446,5.989606396755387
many_moving,0.5,516,12827,149.1511627906977,17.899278516694608,5.804137763322807,4246,49.37209302325582,17.742313834761617,5.990516298918342
many_moving,0.5,517,12838,148.99032882011605,17.8995857512916,5.823000324634711,4247,49.28820116054158,17.742240310147757,5.991816940814231
many_moving,0.5,518,12876,149.14285714285714,17.899892799149878,5.835822154683589,4249,49.21621621621622,17.742195373360612,5.99338829166385
many_moving,0.5,519,12886,148.97109826589593,17.90012570973239,5.872791673646483,4249,49.12138728323699,17.741972928450043,5.98659108271454
many_moving,0.5,520,12923,149.11153846153846,17.90062570081188,5.894827746321086,4251,49.050000000000004,17.741877098627086,5.983876330413921
many_moving,0.5,521,12932,148.92898272552785,17.900961903772103,5.911613823222639,4254,48.99040307101727,17.74185686773023,5.989907086106827
many_moving,0.5,522,12971,149.09195402298852,17.901265424750886,5.918764486487943,4259,48.95402298850575,17.741994367323894,6.00724385447508
many_moving,0.5,523,12980,148.91013384321224,17.900491967145463,5.887538097174154,4273,49.021032504780116,17.740960677693373,5.986455540750695
many_moving,0.5,524,13018,149.06106870229007,17.900145086817798,5.850548259270119,4279,48.99618320610687,17.740498004033658,5.965779843357949
many_moving,0.5,525,13028,148.89142857142858,17.900272868582064,5.8651878757993945,4287,48.994285714285716,17.74056537671854,5.9527769621914794
many_moving,0.5,526,13066,149.04182509505702,17.899961357924436,5.853382545525126,4293,48.969581749049425,17.740528241723897,5.957408779182205
many_moving,0.5,527,13076,148.87286527514232,17.89966962212941,5.8307783751455355,4300,48.95635673624289,17.740775241335683,5.972869324923942
many_moving,0.5,528,13113,149.01136363636363,17.89977033487264,5.841242814882618,4306,48.93181818181818,17.740736794791026,5.978721660200147
many_moving,0.5,529,13122,148.83175803402648,17.899387003570634,5.808032754483462,4307,48.85066162570889,17.74037920619288,5.971644465782119
many_moving,0.5,530,13161,148.99245283018865,17.8995960528767,5.819472214653563,4307,48.75849056603773,17.740165977261583,5.967419698435905
many_moving,0.5,531,13168,148.7909604519774,17.89953784162596,5.82383210140595,4309,48.68926553672316,17.740083970094734,5.965744851367804
many_moving,0.5,532,13208,148.96240601503757,17.899395039378085,5.808591208595733,4316,48.67669172932331,17.73944733282672,5.93553414636004
many_moving,0.5,533,13216,148.77298311444653,17.899168269546895,5.7867310741032885,4324,48.67542213883677,17.739122509989777,5.924245786282048
many_moving,0.5,534,13254,148.92134831460675,17.899324153909458,5.8038683870733765,4329,48.64044943820224,17.738659441731983,5.891760450989686
many_moving,0.5,535,13264,148.7551401869159,17.899572582108316,5.826666567755772,4337,48.6392523364486,17.738441928005305,5.872737181073715
many_moving,0.5,536,13303,148.9141791044776,17.899734262084213,5.833590619813304,4346,48.649253731343286,17.737467493828884,5.8444429273687195
many_moving,0.5,537,13313,148.74860335195532,17.899826700458103,5.83402557212928,4353,48.63687150837989,17.736864377102748,5.8169083970565465
many_moving,0.5,538,13352,148.90706319702602,17.89977917689768,5.823072332068051,4364,48.669144981412636,17.7365115663214,5.793956622362061
many_moving,0.5,539,13361,148.7309833024119,17.899921262636237,5.85278302490004,4364,48.57884972170687,17.736319100695177,5.776340679553497
many_moving,0.5,540,13397,148.85555555555555,17.899860176445518,5.857991853911076,4366,48.51111111111111,17.736213197189315,5.762719973532375
many_moving,0.5,541,13406,148.68022181146023,17.899452051021708,5.814725118882865,4368,48.443622920517555,17.736122781436983,5.747877876158747
many_moving,0.5,542,13445,148.83763837638378,17.899656259855075,5.828938814031328,4369,48.36531365313653,17.736078331586505,5.736793005114466
many_moving,0.5,543,13454,148.66298342541435,17.899362282098977,5.8153618733894366,4371,48.29834254143646,17.736045498149767,5.728114809320034
many_moving,0.5,544,13492,148.80882352941177,17.89938531828786,5.81061675313692,4371,48.20955882352941,17.736035957728653,5.722630560691204
many_moving,0.5,545,13502,148.64587155963304,17.89931489826282,5.814217064512226,4371,48.12110091743119,17.736143641603157,5.727212696305996
many_moving,0.5,546,13540,148.7912087912088,17.899271191015977,5.807333653743127,4373,48.05494505494506,17.736270184254387,5.738007891495672
many_moving,0.5,547,13550,148.6288848263254,17.899428905236228,5.814470314948613,4374,47.9780621572212,17.73646093140281,5.750760093414101
many_moving,0.5,548,13587,148.76277372262774,17.89980141259016,5.8359304916216646,4376,47.91240875912409,17.73667082948439,5.762864080697181
many_moving,0.5,549,13595,148.5792349726776,17.899181136536274,5.791221310999757,4376,47.82513661202186,17.73697105135748,5.780452580965213
many_moving,0.5,550,13633,148.72363636363636,17.898919414941773,5.757783253006546,4378,47.760000000000005,17.737247063243018,5.794924324139899
many_moving,0.5,551,13642,148.55172413793105,17.898719274857832,5.7278378841660675,4381,47.705989110707804,17.737820494865968,5.862077392396644
many_moving,0.5,552,13679,148.68478260869568,17.898903647405014,5.768881606560411,4386,47.673913043478265,17.738959519267556,5.932109103981478
many_moving,0.5,553,13687,148.50271247739602,17.899028700003917,5.771858792173176,4399,47.728752260397826,17.739359103934266,5.951659301831211
many_moving,0.5,554,13724,148.63537906137185,17.89932507387453,5.8037199431156115,4405,47.707581227436826,17.740074243239267,5.972237332228863
many_moving,0.5,555,13734,148.4756756756757,17.899403263430756,5.816656229619833,4418,47.76216216216216,17.74082036061588,5.990150642811738
many_moving,0.5,556,13773,148.6294964028777,17.899727326778315,5.8457492888511835,4429,47.794964028776974,17.741896932936886,6.02240918503055
many_moving,0.5,557,13783,148.47037701974864,17.899022508854898,5.776856952414764,4441,47.838420107719934,17.74265579199261,6.045701135293449
many_moving,0.5,558,13821,148.61290322580643,17.899246072259196,5.805480239018854,4452,47.87096774193548,17.74369598577449,6.07790374502306
many_moving,0.5,559,13830,148.44364937388193,17.899117611251928,5.792594493244541,4459,47.860465116279066,17.744204414848138,6.093003348562505
many_moving,0.5,560,13869,148.59642857142856,17.89944504304896,5.819803573359259,4464,47.82857142857142,17.744716612743684,6.106138103195931
many_moving,0.5,561,13878,148.42780748663102,17.899616976325966,5.832254236673495,4469,47.79679144385027,17.74515949765548,6.119072677837092
many_moving,0.5,562,13915,148.55871886120997,17.899253907765594,5.8024623291910125,4470,47.72241992882562,17.745457099410004,6.127889748061323
many_moving,0.5,563,13925,148.40142095914743,17.898930229157155,5.762088842187945,4472,47.65896980461812,17.745754290389463,6.1357619848511025
many_moving,0.5,564,13962,148.53191489361703,17.899157239450776,5.7973798916091965,4472,47.57446808510638,17.746100250675966,6.1440855548653825
many_moving,0.5,565,13969,148.34336283185843,17.89892838290214,5.764070535473814,4474,47.511504424778764,17.746398821389448,6.151180184330265
many_moving,0.5,566,14007,148.48409893992934,17.89911750894263,5.773656931426883,4477,47.45936395759717,17.745668964787274,6.130400352674071
many_moving,0.5,567,14017,148.32804232804236,17.899523105844157,5.820514688162847,4478,47.38624338624339,17.745301832687623,6.1165889880069235
many_moving,0.5,568,14055,148.4683098591549,17.89984573864036,5.856761739323437,4486,47.387323943661976,17.742362941539927,6.03178651659157
many_moving,0.5,569,14063,148.29173989455185,17.89952485768228,5.833696797548282,4486,47.30404217926187,17.740039854806028,5.940668739306503
many_moving,0.5,570,14101,148.43157894736842,17.899501361542548,5.826318517497967,4488,47.242105263157896,17.738725277428692,5.876449315452352
many_moving,0.5,571,14111,148.27670753064797,17.899447148534914,5.80917458877485,4489,47.16987740805604,17.737789328386377,5.840114901193244
many_moving,0.5,572,14151,148.43706293706293,17.899373576291925,5.802675813053009,4490,47.0979020979021,17.73741474999788,5.822311932298474
many_moving,0.5,573,14160,148.2722513089005,17.899369326756513,5.791557556725154,4492,47.03664921465968,17.737457862153725,5.834192992420678
many_moving,0.5,574,14198,148.41114982578398,17.89989648556018,5.824441923240047,4492,46.954703832752614,17.737646206136958,5.850121827689645
many_moving,0.5,575,14208,148.2573913043478,17.899772496908398,5.82702601858198,4492,46.87304347826087,17.737925438823183,5.866012508673917
many_moving,0.5,576,14245,148.38541666666669,17.899941817507198,5.844077410516263,4494,46.8125,17.738245753712878,5.8792559046277635
many_moving,0.5,577,14253,148.21143847487,17.900306411970927,5.879499555366502,4495,46.74176776429809,17.738567030883065,5.8921047421638635
many_moving,0.5,578,14290,148.33910034602076,17.90094734442896,5.918107691389925,4497,46.68166089965398,17.738865671766835,5.904343158984016
many_moving,0.5,579,14300,148.1865284974093,17.900467479751978,5.894384616754804,4497,46.60103626943005,17.739133982851342,5.91522027872629
many_moving,0.5,580,14338,148.3241379310345,17.90013991280419,5.875981792625636,4503,46.58275862068966,17.739232856348757,5.923491827268291
many_moving,0.5,581,14346,148.15146299483646,17.89989579985155,5.855693785394587,4512,46.595524956970735,17.738906149645207,5.914066432431747
many_moving,0.5,582,14385,148.29896907216497,17.89966813968196,5.831683562912208,4518,46.57731958762887,17.73927288721746,5.931163989499568
many_moving,0.5,583,14395,148.147512864494,17.899513571390152,5.817981168180891,4532,46.64150943396226,17.738294132272113,5.891554445498207
many_moving,0.5,584,14433,148.28424657534248,17.899443762284992,5.810224704192966,4538,46.62328767123288,17.73786398754789,5.8655653080388905
many_moving,0.5,585,14443,148.13333333333333,17.899498133838765,5.814648507585069,4546,46.62564102564103,17.737610575478254,5.84927245946318
many_moving,0.5,586,14482,148.27986348122866,17.899900628156335,5.847588329847427,4554,46.62798634812286,17.73688321065673,5.817468441863534
many_moving,0.5,587,14491,148.11925042589436,17.899946010233972,5.855094742211051,4557,46.57921635434412,17.736680782105356,5.802873733084373
many_moving,0.5,588,14530,148.26530612244898,17.899716902330344,5.848924585206478,4557,46.49999999999999,17.736600451442634,5.79544833735117
many_moving,0.5,589,14540,148.11544991511036,17.89942684362891,5.814854797975839,4557,46.421052631578945,17.736588417886782,5.793096975038928
many_moving,0.5,590,14579,148.26101694915255,17.89971457221079,5.83828332436064,4560,46.3728813559322,17.736635462152815,5.7964182932466475
many_moving,0.5,591,14589,148.11167512690358,17.899185778588194,5.7919105591504,4566,46.35532994923858,17.736916068582534,5.815173968979032
many_moving,0.5,592,14628,148.25675675675674,17.89913260339298,5.7867561299601045,4571,46.3277027027027,17.73722258229366,5.831327125669887
many_moving,0.5,593,14638,148.10792580101182,17.899473096809395,5.8020603941410265,4577,46.31028667790894,17.737032623597,5.820534942795458
many_moving,0.5,594,14676,148.24242424242422,17.900050860473556,5.830710520433603,4581,46.27272727272727,17.73689847018356,5.812565246569362
many_moving,0.5,595,14685,148.0840336134454,17.899689118360588,5.806288664501078,4587,46.25546218487395,17.73736340523117,5.836115228304033
many_moving,0.5,596,14723,148.21812080536913,17.899439248090435,5.812613428728714,4592,46.22818791946308,17.736718562705878,5.794638227613865
many_moving,0.5,597,14734,148.08040201005028,17.899147800352893,5.7797095218964305,4593,46.16080402010051,17.736718162512624,5.790853765407638
many_moving,0.5,598,14772,148.2140468227425,17.899384620341323,5.8066162275032065,4601,46.163879598662206,17.736556548820953,5.779681459283027
many_moving,0.5,599,14781,148.05676126878132,17.89924037540104,5.801386058696416,4601,46.08681135225376,17.736364974393624,5.771557811403797
many_moving,0.5,600,14819,148.19,17.89917427700776,5.792578819727796,4603,46.03,17.736284240823522,5.769478956758298