scenario,time_s,node_count,tx_per_node_per_min,rmse_m
none_moving,0,5,0,18.858415076087777
none_moving,1,5,192,6.301944347373236
none_moving,2,5,264,4.939807510356657
none_moving,3,5,240,3.900011858159826
none_moving,4,5,252,3.108013237704226
none_moving,5,5,252,2.4939532051531224
none_moving,6,5,252,2.008669579147994
none_moving,7,5,192,1.5936102053482595
none_moving,8,5,0,1.2729540098339278
none_moving,9,5,0,1.0174908439044685
none_moving,10,5,0,0.8145729784488407
none_moving,11,5,0,0.6541149631886065
none_moving,12,5,0,0.528101169442433
none_moving,13,5,0,0.4301664642910223
none_moving,14,5,0,0.35522732209800295
none_moving,15,5,0,0.2991434444114733
none_moving,16,5,0,0.25841038789545273
none_moving,17,5,0,0.22992056740946054
none_moving,18,5,0,0.2108505937991636
none_moving,19,5,0,0.19868941283461136
none_moving,20,5,0,0.19133559918290519
none_moving,21,5,48,0.18716093895550054
none_moving,22,5,84,0.18656449769226482
none_moving,23,5,0,0.24884068929898673
none_moving,24,5,0,0.31790056977492265
none_moving,25,5,0,0.37884929369937853
none_moving,26,5,0,0.42968917853900146
none_moving,27,5,0,0.4712534358116165
none_moving,28,5,36,0.38832237850044954
none_moving,29,5,72,0.2054334144604069
none_moving,30,5,84,0.1314928518915738
none_moving,31,5,60,0.12689486522697754
none_moving,32,5,60,0.07496745712481125
none_moving,33,5,60,0.07341949712157297
none_moving,34,5,48,0.0628462356663458
none_moving,35,5,60,0.05985203668498621
none_moving,36,5,48,0.09393757648311268
none_moving,37,5,84,0.12532174741796348
none_moving,38,5,0,0.15723484659362083
none_moving,39,5,0,0.1849108119064377
none_moving,40,5,0,0.20788131156417552
none_moving,41,5,0,0.22662945352067443
none_moving,42,5,0,0.24181174324647522
none_moving,43,5,0,0.25405474766086905
none_moving,44,5,0,0.26390302187775283
none_moving,45,5,0,0.2718125441412914
none_moving,46,5,0,0.2781583414332037
none_moving,47,5,0,0.28324587754381125
none_moving,48,5,0,0.28732253401389996
none_moving,49,5,0,0.2905879341655087
none_moving,50,5,24,0.29320278118262155
none_moving,51,5,24,0.23619740204444453
none_moving,52,5,84,0.17078297929848174
none_moving,53,5,0,0.11918297003488551
none_moving,54,5,0,0.07896454287718797
none_moving,55,5,0,0.04897875413389206
none_moving,56,5,0,0.030759692519412792
none_moving,57,5,36,0.0310673387836238
none_moving,58,5,60,0.06515788828773063
none_moving,59,5,48,0.14792370598454616
none_moving,60,5,60,0.16731350186940952
none_moving,61,5,60,0.1941996469692958
none_moving,62,5,60,0.18786094911748558
none_moving,63,5,48,0.19326380894925574
none_moving,64,5,0,0.17693657374633803
none_moving,65,5,24,0.16404452475520478
none_moving,66,5,24,0.17113010429430256
none_moving,67,5,48,0.0835018381635112
none_moving,68,5,0,0.08750604478746192
none_moving,69,5,0,0.14204399368588957
none_moving,70,5,0,0.1947165054203769
none_moving,71,5,0,0.23891531963079385
none_moving,72,5,48,0.1921012502957303
none_moving,73,5,48,0.2108628773659609
none_moving,74,5,48,0.18940655174997756
none_moving,75,5,48,0.17604381219408477
none_moving,76,5,48,0.19581228697293004
none_moving,77,5,48,0.17747701402507426
none_moving,78,5,72,0.16481515127240742
none_moving,79,5,0,0.15509602572983616
none_moving,80,5,24,0.14763665991187142
none_moving,81,5,24,0.11738779502774448
none_moving,82,5,24,0.0801700532904979
none_moving,83,5,0,0.053671328400431983
none_moving,84,5,36,0.06690923768652624
none_moving,85,5,48,0.06979368204570731
none_moving,86,5,60,0.04199041547056995
none_moving,87,5,60,0.054985194204635615
none_moving,88,5,60,0.05264474530785675
none_moving,89,5,60,0.06221862715706657
none_moving,90,5,60,0.09178395005553963
none_moving,91,5,24,0.04926221558297113
none_moving,92,5,0,0.09712351774907678
none_moving,93,5,60,0.0748931000165902
none_moving,94,5,0,0.06878274725221882
none_moving,95,5,0,0.07365255442580965
none_moving,96,5,24,0.08290347469851508
none_moving,97,5,24,0.08383758340903338
none_moving,98,5,0,0.08917079021804913
none_moving,99,5,0,0.09604688491454615
none_moving,100,5,0,0.10295177869658612
none_moving,101,5,0,0.10923382137431771
none_moving,102,5,0,0.11467873744241026
none_moving,103,5,0,0.11927286932674978
none_moving,104,5,0,0.12308678142696096
none_moving,105,5,24,0.12622017664275278
none_moving,106,5,0,0.12877649767801
none_moving,107,5,0,0.13085184184774523
none_moving,108,5,60,0.09994860797365465
none_moving,109,5,0,0.08832322139423232
none_moving,110,5,0,0.09110943154438202
none_moving,111,5,24,0.10070456173960833
none_moving,112,5,108,0.0932887795449825
none_moving,113,5,108,0.06278248779514156
none_moving,114,5,108,0.10185882913166276
none_moving,115,5,108,0.1257829179106396
none_moving,116,5,108,0.026127622406714495
none_moving,117,5,84,0.059766700112045844
none_moving,118,5,108,0.07360925938688304
none_moving,119,5,0,0.04961137167232312
none_moving,120,5,24,0.04874260430223479
none_moving,121,5,0,0.04725454728859153
none_moving,122,5,0,0.0484788098321022
none_moving,123,5,0,0.05091399235252617
none_moving,124,5,0,0.053673648940089455
none_moving,125,5,0,0.05632601388728924
none_moving,126,5,24,0.05869423846675047
none_moving,127,5,24,0.05446850171138612
none_moving,128,5,0,0.05335664687821686
none_moving,129,5,0,0.05419129265723152
none_moving,130,5,0,0.05600349918411224
none_moving,131,5,0,0.058160538768220325
none_moving,132,5,0,0.060310874921003364
none_moving,133,5,84,0.04535657872702801
none_moving,134,5,48,0.05278293787190176
none_moving,135,5,72,0.074140195404328
none_moving,136,5,48,0.06319771943418338
none_moving,137,5,48,0.05566718830990334
none_moving,138,5,48,0.051232563458526066
none_moving,139,5,48,0.04825373481883772
none_moving,140,5,12,0.046743081039723695
none_moving,141,5,0,0.046053439050613695
none_moving,142,5,24,0.04584219821218441
none_moving,143,5,0,0.04591409287394383
none_moving,144,5,0,0.04612780627954508
none_moving,145,5,0,0.04639879939852319
none_moving,146,5,0,0.04667923841080183
none_moving,147,5,0,0.04694397679987877
none_moving,148,5,60,0.0464157338362657
none_moving,149,5,0,0.04634003716950535
none_moving,150,5,24,0.0465031670827832
none_moving,151,5,0,0.035547334388178926
none_moving,152,5,0,0.02799337524402109
none_moving,153,5,0,0.02350149188190578
none_moving,154,5,24,0.021558982346060584
none_moving,155,5,0,0.0212559496427475
none_moving,156,5,0,0.023368601267972727
none_moving,157,5,24,0.02426081097437736
none_moving,158,5,0,0.02525114806719542
none_moving,159,5,0,0.026205493116073897
none_moving,160,5,0,0.02706457852262092
none_moving,161,5,0,0.0278089198379224
none_moving,162,5,0,0.02843888526522109
none_moving,163,5,60,0.024256200617769782
none_moving,164,5,0,0.02378740704857295
none_moving,165,5,24,0.025421719637306942
none_moving,166,5,0,0.06246183103377021
none_moving,167,5,0,0.09493880198158924
none_moving,168,5,0,0.12127570223524237
none_moving,169,5,24,0.14244454932070272
none_moving,170,5,0,0.15941743178233558
none_moving,171,5,0,0.17301267966889894
none_moving,172,5,24,0.18389726877895132
none_moving,173,5,0,0.19260938099488323
none_moving,174,5,0,0.19958153275876445
none_moving,175,5,0,0.20516066562320495
none_moving,176,5,36,0.20965125059114886
none_moving,177,5,48,0.21318123714958817
none_moving,178,5,96,0.19711948627549197
none_moving,179,5,48,0.18455748231877248
none_moving,180,5,72,0.17490629614894912
none_moving,181,5,36,0.15406516580862287
none_moving,182,5,48,0.13757145417503636
none_moving,183,5,0,0.12454991149408204
none_moving,184,5,24,0.11426307998245484
none_moving,185,5,0,0.10580558193489922
none_moving,186,5,0,0.09901271452497723
none_moving,187,5,0,0.09357200998356506
none_moving,188,5,0,0.08922510602813725
none_moving,189,5,0,0.08575850519513488
none_moving,190,5,0,0.08299714544249874
none_moving,191,5,0,0.08079880466454699
none_moving,192,5,0,0.07904889088591374
none_moving,193,5,60,0.05937823021105744
none_moving,194,5,0,0.051816416847321654
none_moving,195,5,24,0.053556616420464255
none_moving,196,5,0,0.06034106532059224
none_moving,197,5,24,0.0661590697750859
none_moving,198,5,0,0.07096882157602573
none_moving,199,5,24,0.07486081725149774
none_moving,200,5,0,0.0778645069056485
none_moving,201,5,0,0.08085552257850516
none_moving,202,5,0,0.08366070749539375
none_moving,203,5,0,0.08618276344489768
none_moving,204,5,0,0.08838355432437014
none_moving,205,5,0,0.09026335681122631
none_moving,206,5,0,0.09184417697563496
none_moving,207,5,0,0.09315834949309028
none_moving,208,5,48,0.10740431893391089
none_moving,209,5,0,0.12279152993804222
none_moving,210,5,24,0.13680468767272788
none_moving,211,5,0,0.133542005898453
none_moving,212,5,24,0.1317534919006494
none_moving,213,5,0,0.13197589816871733
none_moving,214,5,24,0.13319557647932714
none_moving,215,5,0,0.1336564298596513
none_moving,216,5,0,0.13498198256433094
none_moving,217,5,0,0.13655268991010963
none_moving,218,5,0,0.1380852309248043
none_moving,219,5,0,0.13946350411018305
none_moving,220,5,0,0.14065188994277852
none_moving,221,5,0,0.14165189617815677
none_moving,222,5,0,0.14248075344632474
none_moving,223,5,60,0.1144167161287316
none_moving,224,5,0,0.09230672371587217
none_moving,225,5,24,0.07503365580822545
none_moving,226,5,0,0.03655445926572725
none_moving,227,5,24,0.02358465896940996
none_moving,228,5,0,0.04014517993828801
none_moving,229,5,24,0.05941942662717039
none_moving,230,5,0,0.07552171299216678
none_moving,231,5,0,0.08877246429421816
none_moving,232,5,0,0.09958365157070864
none_moving,233,5,0,0.10836865673566044
none_moving,234,5,0,0.11548730500661847
none_moving,235,5,0,0.12124275224989436
none_moving,236,5,0,0.12588731505498774
none_moving,237,5,0,0.12962949617244196
none_moving,238,5,60,0.10752721798483421
none_moving,239,5,0,0.0902271138346756
none_moving,240,5,24,0.07680044214803365
none_moving,241,5,0,0.044063360786878246
none_moving,242,5,24,0.02346414425378418
none_moving,243,5,0,0.023914845431661284
none_moving,244,5,24,0.03628352884289578
none_moving,245,5,0,0.04877215259463463
none_moving,246,5,0,0.059394154573100905
none_moving,247,5,0,0.06810719586791891
none_moving,248,5,0,0.07516801107147295
none_moving,249,5,0,0.08085967587612349
none_moving,250,5,0,0.08543522380326742
none_moving,251,5,36,0.08752718297227795
none_moving,252,5,48,0.08930495823743445
none_moving,253,5,108,0.08941381213984638
none_moving,254,5,48,0.08984271490515261
none_moving,255,5,72,0.0897537578911463
none_moving,256,5,36,0.07595587112424164
none_moving,257,5,48,0.06526163563363038
none_moving,258,5,0,0.056256710947270444
none_moving,259,5,60,0.02972484668062868
none_moving,260,5,60,0.027519012926780155
none_moving,261,5,60,0.026400230443726743
none_moving,262,5,60,0.05814262342504758
none_moving,263,5,60,0.02692777593671101
none_moving,264,5,60,0.04130818884505343
none_moving,265,5,60,0.07268778194803364
none_moving,266,5,12,0.07512464526008635
none_moving,267,5,0,0.07781659901140323
none_moving,268,5,60,0.01072847349571472
none_moving,269,5,0,0.056655079715272796
none_moving,270,5,0,0.10347667423362426
none_moving,271,5,0,0.14113617507281304
none_moving,272,5,24,0.17131913071159838
none_moving,273,5,0,0.19553636704339655
none_moving,274,5,24,0.21492686632990637
none_moving,275,5,0,0.23044167379787187
none_moving,276,5,0,0.24285234471748832
none_moving,277,5,0,0.2527791641394421
none_moving,278,5,0,0.2607191574967824
none_moving,279,5,36,0.26684284712735756
none_moving,280,5,72,0.2719645703230901
none_moving,281,5,36,0.25240951682056856
none_moving,282,5,36,0.2369490220219074
none_moving,283,5,108,0.2186922391001586
none_moving,284,5,48,0.2045706037416554
none_moving,285,5,36,0.1937260410566158
none_moving,286,5,0,0.18534565086096033
none_moving,287,5,0,0.1788573589887938
none_moving,288,5,0,0.17382587092127583
none_moving,289,5,24,0.16991657991117404
none_moving,290,5,0,0.16689819314435608
none_moving,291,5,0,0.16452637324735986
none_moving,292,5,0,0.16265971198157755
none_moving,293,5,0,0.16118952553555874
none_moving,294,5,0,0.16003068821341526
none_moving,295,5,24,0.1591162938912668
none_moving,296,5,0,0.14514755282809394
none_moving,297,5,0,0.13419006375709455
none_moving,298,5,60,0.10647199207882745
none_moving,299,5,0,0.08462578611324471
none_moving,300,5,24,0.06758672690628946
none_moving,301,5,0,0.05452320926872284
none_moving,302,5,0,0.04477096361490324
none_moving,303,5,0,0.03777888486711551
none_moving,304,5,24,0.03304761162035996
none_moving,305,5,0,0.029668859762032793
none_moving,306,5,0,0.027800528891501145
none_moving,307,5,0,0.02693799866948455
none_moving,308,5,0,0.026714365496332743
none_moving,309,5,0,0.02686476550261232
none_moving,310,5,24,0.02720882118677068
none_moving,311,5,0,0.03645849087895149
none_moving,312,5,0,0.05615985150080121
none_moving,313,5,60,0.07577007576454464
none_moving,314,5,0,0.09194405544463452
none_moving,315,5,24,0.10530458333095674
none_moving,316,5,0,0.11606596269332192
none_moving,317,5,0,0.12471000929653711
none_moving,318,5,0,0.13164339137325307
none_moving,319,5,24,0.1372000473767024
none_moving,320,5,0,0.14123661196629464
none_moving,321,5,0,0.14451036523626665
none_moving,322,5,0,0.1471550848294518
none_moving,323,5,0,0.14928601575167622
none_moving,324,5,0,0.15099983491022417
none_moving,325,5,24,0.1523763943189121
none_moving,326,5,0,0.1532354600898843
none_moving,327,5,0,0.15433347849740187
none_moving,328,5,60,0.11901694499948763
none_moving,329,5,0,0.09358834139852579
none_moving,330,5,24,0.07691719145246402
none_moving,331,5,0,0.06775612346645139
none_moving,332,5,36,0.0632404393164458
none_moving,333,5,60,0.06100685900800852
none_moving,334,5,72,0.0617321669579362
none_moving,335,5,60,0.05189937729532235
none_moving,336,5,60,0.05505968479783745
none_moving,337,5,108,0.05926420975385102
none_moving,338,5,96,0.05334176745369627
none_moving,339,5,48,0.05960920431681785
none_moving,340,5,72,0.0705258263316408
none_moving,341,5,48,0.04528556203815114
none_moving,342,5,48,0.029974108122976365
none_moving,343,5,36,0.03159711055910039
none_moving,344,5,0,0.04249752559813305
none_moving,345,5,24,0.054537337681204515
none_moving,346,5,0,0.06501782455030787
none_moving,347,5,0,0.07371675724281163
none_moving,348,5,0,0.08081360812786256
none_moving,349,5,0,0.0865583063123177
none_moving,350,5,0,0.09118935955116642
none_moving,351,5,0,0.09491369572265243
none_moving,352,5,0,0.09790432583521387
none_moving,353,5,36,0.10256410396608961
none_moving,354,5,0,0.10634859095276188
none_moving,355,5,24,0.10940866131445276
none_moving,356,5,0,0.13129040597266514
none_moving,357,5,24,0.14917318816965902
none_moving,358,5,24,0.13801761752768985
none_moving,359,5,0,0.1296605114072685
none_moving,360,5,24,0.12202426364451664
none_moving,361,5,0,0.11645177942026452
none_moving,362,5,0,0.11239242432560738
none_moving,363,5,0,0.10943072314200349
none_moving,364,5,0,0.10726061128244928
none_moving,365,5,0,0.10566051954335355
none_moving,366,5,0,0.10447180236762531
none_moving,367,5,0,0.10358147156790395
none_moving,368,5,36,0.08961689234948862
none_moving,369,5,0,0.07920298204879601
none_moving,370,5,24,0.0715741738073631
none_moving,371,5,0,0.08629669920134177
none_moving,372,5,24,0.09910982721327725
none_moving,373,5,24,0.10790308393519801
none_moving,374,5,0,0.11524765130165189
none_moving,375,5,24,0.12105345638690342
none_moving,376,5,0,0.1258552740228182
none_moving,377,5,36,0.13772496808540313
none_moving,378,5,60,0.1505400169263286
none_moving,379,5,60,0.12299896127148657
none_moving,380,5,48,0.11043848753703768
none_moving,381,5,60,0.07269543281958443
none_moving,382,5,60,0.10016215956168226
none_moving,383,5,60,0.11112387966810323
none_moving,384,5,0,0.11295327437917053
none_moving,385,5,24,0.11443413534627972
none_moving,386,5,0,0.09177749090446197
none_moving,387,5,24,0.07474179457694488
none_moving,388,5,24,0.04666340905823558
none_moving,389,5,0,0.05319221059757686
none_moving,390,5,24,0.07415068217216242
none_moving,391,5,0,0.09483087621697539
none_moving,392,5,0,0.11254184507784966
none_moving,393,5,0,0.12719319392717038
none_moving,394,5,0,0.13916134904092672
none_moving,395,5,0,0.1488780599327974
none_moving,396,5,0,0.15673821300961321
none_moving,397,5,0,0.1630808336721984
none_moving,398,5,36,0.14437357057583872
none_moving,399,5,0,0.12975418594306432
none_moving,400,5,24,0.1183656229070311
none_moving,401,5,0,0.0714039260238388
none_moving,402,5,24,0.03955165714702361
none_moving,403,5,24,0.03393318358799219
none_moving,404,5,0,0.05109692665748146
none_moving,405,5,24,0.06836467699555843
none_moving,406,5,0,0.08434239810397988
none_moving,407,5,0,0.09772611035273943
none_moving,408,5,0,0.10863658210104811
none_moving,409,5,36,0.11747043272211284
none_moving,410,5,48,0.12451785166061537
none_moving,411,5,48,0.13037166897148553
none_moving,412,5,36,0.13476155055761052
none_moving,413,5,84,0.08599287762302053
none_moving,414,5,48,0.04803034888453462
none_moving,415,5,72,0.021704399030012672
none_moving,416,5,0,0.02652327809080504
none_moving,417,5,24,0.045256745566345666
none_moving,418,5,24,0.0408950557171392
none_moving,419,5,0,0.04958580380175021
none_moving,420,5,0,0.06151350118639721
none_moving,421,5,0,0.07273077744227613
none_moving,422,5,36,0.0873677587305844
none_moving,423,5,60,0.10778168235103297
none_moving,424,5,36,0.09676190609712017
none_moving,425,5,60,0.09166411643229835
none_moving,426,5,60,0.0744539332281723
none_moving,427,5,60,0.11573688020004361
none_moving,428,5,60,0.11642438321331922
none_moving,429,5,0,0.11607202141598458
none_moving,430,5,48,0.11641309426865837
none_moving,431,5,0,0.10387406512386307
none_moving,432,5,24,0.0995831883022522
none_moving,433,5,24,0.0787715996205488
none_moving,434,5,0,0.06454519905725098
none_moving,435,5,0,0.05572561965248152
none_moving,436,5,0,0.05109412058540825
none_moving,437,5,0,0.04935863805362142
none_moving,438,5,0,0.04935852709689665
none_moving,439,5,0,0.05024402840764542
none_moving,440,5,0,0.051487738650752526
none_moving,441,5,0,0.05279958905746814
none_moving,442,5,0,0.05403621332810287
none_moving,443,5,36,0.05992803024194098
none_moving,444,5,0,0.06571816610345395
none_moving,445,5,48,0.0707047333913007
none_moving,446,5,0,0.0630376927533885
none_moving,447,5,24,0.056712253647699405
none_moving,448,5,24,0.0531802913222678
none_moving,449,5,0,0.05160995063613843
none_moving,450,5,0,0.051308863067891224
none_moving,451,5,0,0.05173388342656725
none_moving,452,5,0,0.052513256076280684
none_moving,453,5,0,0.05341793838076665
none_moving,454,5,0,0.054319008952233974
none_moving,455,5,0,0.055151060725809394
none_moving,456,5,0,0.055886367020886216
none_moving,457,5,0,0.05651831818392844
none_moving,458,5,36,0.05454565146794063
none_moving,459,5,0,0.05340676073295554
none_moving,460,5,48,0.05282321352487046
none_moving,461,5,0,0.033076673712816466
none_moving,462,5,24,0.01968874381353328
none_moving,463,5,24,0.009910314504185445
none_moving,464,5,0,0.017078803723378153
none_moving,465,5,0,0.026811351459221165
none_moving,466,5,0,0.035143962425335275
none_moving,467,5,0,0.04195102180833345
none_moving,468,5,0,0.047448040840373136
none_moving,469,5,0,0.05186816564128384
none_moving,470,5,0,0.055415287747789505
none_moving,471,5,0,0.05825878804843897
none_moving,472,5,0,0.060536798581532665
none_moving,473,5,36,0.04790173558582784
none_moving,474,5,0,0.03942221749937498
none_moving,475,5,48,0.032960946348552136
none_moving,476,5,0,0.028011174610370795
none_moving,477,5,24,0.03535891204801272
none_moving,478,5,24,0.04357558661286282
none_moving,479,5,0,0.05203229770687551
none_moving,480,5,0,0.05945355326732659
none_moving,481,5,0,0.06564949326944954
none_moving,482,5,0,0.07072003853882335
none_moving,483,5,0,0.07483069085543069
none_moving,484,5,0,0.0781466682130026
none_moving,485,5,0,0.08081402273312084
none_moving,486,5,0,0.08295593162887163
none_moving,487,5,0,0.08467400981510632
none_moving,488,5,36,0.06857442716486492
none_moving,489,5,0,0.05775282775635027
none_moving,490,5,48,0.04823596985142905
none_moving,491,5,0,0.03333434085781128
none_moving,492,5,24,0.03734468250804947
none_moving,493,5,24,0.04044941333824959
none_moving,494,5,0,0.043996427600552224
none_moving,495,5,0,0.04737009816641454
none_moving,496,5,0,0.050346357393224433
none_moving,497,5,0,0.05287633495443787
none_moving,498,5,0,0.054983215081514616
none_moving,499,5,0,0.05671622755786064
none_moving,500,5,0,0.05813051212742243
none_moving,501,5,0,0.05927859998134148
none_moving,502,5,0,0.060207173034520584
none_moving,503,5,36,0.06233186724029667
none_moving,504,5,0,0.06405031172008561
none_moving,505,5,48,0.06481887796921068
none_moving,506,5,0,0.08016187957127417
none_moving,507,5,24,0.09283951790726087
none_moving,508,5,24,0.10307937257537302
none_moving,509,5,0,0.11133248238061516
none_moving,510,5,0,0.1179659802839604
none_moving,511,5,0,0.12328946122849709
none_moving,512,5,48,0.12996454397507326
none_moving,513,5,48,0.09585863926562846
none_moving,514,5,48,0.0692613652507279
none_moving,515,5,48,0.049060314677308335
none_moving,516,5,48,0.07387535479531349
none_moving,517,5,48,0.04103023929971653
none_moving,518,5,84,0.04101509707142419
none_moving,519,5,0,0.08138800028289185
none_moving,520,5,48,0.11397937659477116
none_moving,521,5,0,0.12188820633920298
none_moving,522,5,24,0.12833221888070895
none_moving,523,5,0,0.13327542336820422
none_moving,524,5,0,0.1373383135993467
none_moving,525,5,0,0.14066896912540705
none_moving,526,5,0,0.14339510822643253
none_moving,527,5,0,0.14562226231208927
none_moving,528,5,0,0.14743763054492567
none_moving,529,5,0,0.14891373354187964
none_moving,530,5,0,0.15011109203856224
none_moving,531,5,0,0.15108018488237415
none_moving,532,5,0,0.15186297975410154
none_moving,533,5,60,0.11044752216511446
none_moving,534,5,0,0.07966252272819647
none_moving,535,5,48,0.05303424358553048
none_moving,536,5,0,0.04425122327489794
none_moving,537,5,24,0.04718583327011164
none_moving,538,5,0,0.054867783591437354
none_moving,539,5,0,0.0631185942000573
none_moving,540,5,0,0.07054197225340547
none_moving,541,5,0,0.07682947218320024
none_moving,542,5,48,0.08688585710134333
none_moving,543,5,48,0.0871054051076254
none_moving,544,5,84,0.07091087131216317
none_moving,545,5,72,0.05759979450632343
none_moving,546,5,84,0.06355420091550915
none_moving,547,5,96,0.07164466337859758
none_moving,548,5,132,0.0858971261862225
none_moving,549,5,48,0.06103407491681682
none_moving,550,5,72,0.04160070631483121
none_moving,551,5,48,0.035449555109348434
none_moving,552,5,72,0.030314904577880268
none_moving,553,5,0,0.02722431400060875
none_moving,554,5,0,0.025532591340285266
none_moving,555,5,0,0.024838488809725227
none_moving,556,5,0,0.02477436193724218
none_moving,557,5,36,0.019902120547538142
none_moving,558,5,60,0.03512021513609308
none_moving,559,5,60,0.05321845567736829
none_moving,560,5,60,0.08730537913224334
none_moving,561,5,60,0.09086947006115788
none_moving,562,5,60,0.07101273899279979
none_moving,563,5,84,0.07463960334511976
none_moving,564,5,0,0.10447820048576051
none_moving,565,5,24,0.12877193007591048
none_moving,566,5,0,0.09608068139377718
none_moving,567,5,48,0.0705945126777783
none_moving,568,5,0,0.05137344642822853
none_moving,569,5,0,0.037385656601373364
none_moving,570,5,0,0.028232737664142082
none_moving,571,5,0,0.0237344281448541
none_moving,572,5,0,0.023081289418811515
none_moving,573,5,0,0.024657916492369036
none_moving,574,5,0,0.02705551589107688
none_moving,575,5,0,0.029530341119190787
none_moving,576,5,0,0.03178457166290625
none_moving,577,5,0,0.03372868195521906
none_moving,578,5,60,0.040485646193246266
none_moving,579,5,0,0.06717595385162392
none_moving,580,5,24,0.091617326668564
none_moving,581,5,0,0.10348812153295887
none_moving,582,5,48,0.11358257004344587
none_moving,583,5,0,0.12200043909753398
none_moving,584,5,0,0.12893870700067092
none_moving,585,5,0,0.13461503397738067
none_moving,586,5,0,0.13923498860788808
none_moving,587,5,0,0.14298094383287294
none_moving,588,5,0,0.14600954989663267
none_moving,589,5,36,0.14844720555555946
none_moving,590,5,48,0.15041235720632928
none_moving,591,5,48,0.15196701751652583
none_moving,592,5,48,0.1532330009744896
none_moving,593,5,96,0.10622944592828439
none_moving,594,5,48,0.0715064936415692
none_moving,595,5,72,0.05002013218837019
none_moving,596,5,0,0.0396598161305011
none_moving,597,5,24,0.06004607116353921
none_moving,598,5,0,0.08370767228643597
none_moving,599,5,0,0.10422927874008167
none_moving,600,5,0,0.12114311548432394
none_moving,0,10,0,18.49718659901042
none_moving,1,10,204,9.44943062152477
none_moving,2,10,264,7.811954902130821
none_moving,3,10,252,6.644364453288773
none_moving,4,10,264,5.722306204596144
none_moving,5,10,264,4.978283619728821
none_moving,6,10,252,4.34352244703413
none_moving,7,10,186,3.834484240611795
none_moving,8,10,18,3.428637373460945
none_moving,9,10,0,3.1118095201832454
none_moving,10,10,0,2.865143970229851
none_moving,11,10,0,2.673423654875323
none_moving,12,10,0,2.524490169498735
none_moving,13,10,0,2.408732643867745
none_moving,14,10,0,2.3186309901812203
none_moving,15,10,0,2.2483508861107966
none_moving,16,10,0,2.1933935166165592
none_moving,17,10,0,2.150302154778765
none_moving,18,10,0,2.1164238448856256
none_moving,19,10,0,2.089720837811108
none_moving,20,10,0,2.0686243516348077
none_moving,21,10,48,2.0519227273624354
none_moving,22,10,78,1.8885062369897145
none_moving,23,10,0,1.7775318126795108
none_moving,24,10,0,1.6966377024037835
none_moving,25,10,0,1.6377652017080357
none_moving,26,10,0,1.5948478829600452
none_moving,27,10,0,1.5634247485353823
none_moving,28,10,12,1.5419195020717589
none_moving,29,10,36,1.534297857963815
none_moving,30,10,54,1.3754242319089791
none_moving,31,10,54,1.2575832531327251
none_moving,32,10,54,1.1557791514011004
none_moving,33,10,54,1.0604408479291947
none_moving,34,10,54,0.9686762779077296
none_moving,35,10,54,0.9000297843930473
none_moving,36,10,48,0.8351610642813546
none_moving,37,10,66,0.7506669452365252
none_moving,38,10,0,0.6735747726117013
none_moving,39,10,0,0.6350663012004977
none_moving,40,10,0,0.6220846290680692
none_moving,41,10,0,0.62394392600881
none_moving,42,10,0,0.6332504123029649
none_moving,43,10,0,0.6455015173139609
none_moving,44,10,12,0.6580404626143709
none_moving,45,10,18,0.6624413418648264
none_moving,46,10,18,0.6602920745443809
none_moving,47,10,24,0.6679923808184418
none_moving,48,10,24,0.6735921967310822
none_moving,49,10,24,0.6819608150163762
none_moving,50,10,48,0.668164959391827
none_moving,51,10,60,0.6511762576212753
none_moving,52,10,54,0.5308653035153384
none_moving,53,10,0,0.4142337844455807
none_moving,54,10,0,0.35740048101642186
none_moving,55,10,0,0.3478784572491639
none_moving,56,10,0,0.36578849105959915
none_moving,57,10,24,0.40663478323438523
none_moving,58,10,30,0.43638606021398746
none_moving,59,10,30,0.444222418137905
none_moving,60,10,30,0.4646329876134851
none_moving,61,10,30,0.4903885049584867
none_moving,62,10,24,0.4936539401165407
none_moving,63,10,30,0.49875370434217137
none_moving,64,10,6,0.5054017493740054
none_moving,65,10,12,0.5133067923373749
none_moving,66,10,48,0.5197625754678598
none_moving,67,10,54,0.40134494253951464
none_moving,68,10,0,0.2816418962881185
none_moving,69,10,0,0.2496421017380265
none_moving,70,10,0,0.28234617037280274
none_moving,71,10,0,0.33687977173815215
none_moving,72,10,0,0.3914236523990006
none_moving,73,10,12,0.4395147196633588
none_moving,74,10,24,0.48297171322663074
none_moving,75,10,24,0.5149135436987198
none_moving,76,10,24,0.5372763579527652
none_moving,77,10,24,0.5670139901448624
none_moving,78,10,36,0.5784789064276488
none_moving,79,10,24,0.5731945196433815
none_moving,80,10,0,0.5815955400952654
none_moving,81,10,48,0.5718198311248257
none_moving,82,10,54,0.43855114785695337
none_moving,83,10,0,0.27309569701402814
none_moving,84,10,0,0.16434303122910732
none_moving,85,10,0,0.13710775673902242
none_moving,86,10,0,0.1770273555009217
none_moving,87,10,0,0.2315239123910961
none_moving,88,10,0,0.2815061103080712
none_moving,89,10,0,0.32368537733390396
none_moving,90,10,0,0.3583323730131826
none_moving,91,10,0,0.3864709632475497
none_moving,92,10,0,0.40919503935256907
none_moving,93,10,12,0.41338314159802153
none_moving,94,10,12,0.42577613087906063
none_moving,95,10,0,0.4405373280017519
none_moving,96,10,48,0.43237112421552437
none_moving,97,10,54,0.32978160110101823
none_moving,98,10,0,0.2408184416483307
none_moving,99,10,0,0.24718655516718094
none_moving,100,10,0,0.3024755244917385
none_moving,101,10,0,0.3655531737548408
none_moving,102,10,0,0.42276805861980626
none_moving,103,10,12,0.47134791687487637
none_moving,104,10,24,0.4970318907053376
none_moving,105,10,24,0.5246450729979037
none_moving,106,10,24,0.5410349956714595
none_moving,107,10,24,0.5586030106741303
none_moving,108,10,36,0.5555853873722315
none_moving,109,10,24,0.554772397310108
none_moving,110,10,6,0.5617336936029165
none_moving,111,10,48,0.543476403395335
none_moving,112,10,54,0.41863570932015065
none_moving,113,10,0,0.2804503580506837
none_moving,114,10,0,0.18843792572440415
none_moving,115,10,0,0.1510866224989499
none_moving,116,10,0,0.1632516049409057
none_moving,117,10,0,0.1965966614972894
none_moving,118,10,0,0.23231818198241938
none_moving,119,10,0,0.2643703438933455
none_moving,120,10,0,0.29149990875201587
none_moving,121,10,0,0.31390665564618925
none_moving,122,10,0,0.33218998990172416
none_moving,123,10,12,0.34212885755554184
none_moving,124,10,12,0.35367560520817853
none_moving,125,10,0,0.3657194058602244
none_moving,126,10,48,0.3779546949585563
none_moving,127,10,54,0.32870148296775403
none_moving,128,10,0,0.2705302041302845
none_moving,129,10,0,0.22907069237150424
none_moving,130,10,0,0.20124173538964577
none_moving,131,10,0,0.18401704330315558
none_moving,132,10,0,0.17446962572714222
none_moving,133,10,18,0.16883728880038962
none_moving,134,10,30,0.1567916255413345
none_moving,135,10,30,0.16469369526823108
none_moving,136,10,30,0.17282435922450876
none_moving,137,10,30,0.17518759803734948
none_moving,138,10,42,0.1631378498626321
none_moving,139,10,42,0.16245400600035942
none_moving,140,10,30,0.17630666949391496
none_moving,141,10,54,0.19693663495394811
none_moving,142,10,42,0.13691454188253732
none_moving,143,10,0,0.10456306600598723
none_moving,144,10,0,0.10545005844698611
none_moving,145,10,0,0.12405842759646862
none_moving,146,10,0,0.1464476350656099
none_moving,147,10,0,0.16728020132645036
none_moving,148,10,0,0.18518623387333516
none_moving,149,10,0,0.20009059935400084
none_moving,150,10,0,0.2123063898995936
none_moving,151,10,0,0.22223505795996157
none_moving,152,10,0,0.23026487176304844
none_moving,153,10,12,0.23634208061978723
none_moving,154,10,12,0.24125927415158674
none_moving,155,10,12,0.24606020379005028
none_moving,156,10,48,0.24976651317321613
none_moving,157,10,42,0.2265726731064668
none_moving,158,10,0,0.20786792970655746
none_moving,159,10,0,0.2052030897188942
none_moving,160,10,30,0.20945399790255456
none_moving,161,10,30,0.19827732850474505
none_moving,162,10,30,0.2110633884256637
none_moving,163,10,66,0.2207913076219085
none_moving,164,10,78,0.19658844168862308
none_moving,165,10,84,0.21271511590270945
none_moving,166,10,78,0.18863331237914197
none_moving,167,10,42,0.1852765341765556
none_moving,168,10,66,0.17185663113758579
none_moving,169,10,60,0.1807690208999555
none_moving,170,10,30,0.2022334100219159
none_moving,171,10,42,0.20473508003035218
none_moving,172,10,30,0.2181359015181081
none_moving,173,10,0,0.2132440241816601
none_moving,174,10,0,0.21572817484925272
none_moving,175,10,0,0.22166243038907732
none_moving,176,10,0,0.228728481172455
none_moving,177,10,0,0.23572402200824785
none_moving,178,10,0,0.24210063492008127
none_moving,179,10,0,0.24766012309595897
none_moving,180,10,0,0.25238024266080394
none_moving,181,10,12,0.24370811658911726
none_moving,182,10,0,0.23888423596161576
none_moving,183,10,12,0.22835388040255344
none_moving,184,10,24,0.23801390494375113
none_moving,185,10,12,0.2501093578474776
none_moving,186,10,36,0.25861161541424654
none_moving,187,10,30,0.2268841472694603
none_moving,188,10,0,0.21634336009101557
none_moving,189,10,0,0.21699290724114528
none_moving,190,10,0,0.2231592934042151
none_moving,191,10,0,0.23135063347637777
none_moving,192,10,0,0.2397376871443076
none_moving,193,10,0,0.24748176508611386
none_moving,194,10,0,0.25426830662601785
none_moving,195,10,0,0.2600411369712538
none_moving,196,10,12,0.2638090632111338
none_moving,197,10,0,0.26731139752826044
none_moving,198,10,12,0.2687654111935293
none_moving,199,10,24,0.2663360218871611
none_moving,200,10,12,0.25219560785094025
none_moving,201,10,36,0.23128084625384024
none_moving,202,10,30,0.2133369987814818
none_moving,203,10,0,0.2040859042327754
none_moving,204,10,0,0.20110384938673864
none_moving,205,10,0,0.20169729624842297
none_moving,206,10,0,0.20407263190795677
none_moving,207,10,0,0.20715136675629386
none_moving,208,10,12,0.21025444177145483
none_moving,209,10,24,0.22098510314192926
none_moving,210,10,24,0.22068436784189202
none_moving,211,10,36,0.1922561572957623
none_moving,212,10,24,0.1868661960718798
none_moving,213,10,36,0.18240708086188856
none_moving,214,10,48,0.19077717644900652
none_moving,215,10,6,0.17532170092731905
none_moving,216,10,36,0.15543974042188513
none_moving,217,10,30,0.13836464085786962
none_moving,218,10,0,0.12474748088728048
none_moving,219,10,0,0.12229355275113211
none_moving,220,10,0,0.12619337854265805
none_moving,221,10,0,0.13279487210460797
none_moving,222,10,0,0.1400081724412132
none_moving,223,10,24,0.14772974659953425
none_moving,224,10,30,0.1433650081221194
none_moving,225,10,30,0.1485602974561465
none_moving,226,10,42,0.14786030380286758
none_moving,227,10,30,0.14710538068411566
none_moving,228,10,36,0.1486354178066095
none_moving,229,10,48,0.15340693585068654
none_moving,230,10,6,0.15580256509787205
none_moving,231,10,36,0.15976683028806143
none_moving,232,10,30,0.1500518972928905
none_moving,233,10,0,0.14539915416484217
none_moving,234,10,12,0.1449678519463855
none_moving,235,10,42,0.13553715791491322
none_moving,236,10,60,0.11825552268692198
none_moving,237,10,60,0.14433555918597135
none_moving,238,10,60,0.1311512673580024
none_moving,239,10,60,0.12764097081716871
none_moving,240,10,54,0.14783291197486795
none_moving,241,10,36,0.17349700253937347
none_moving,242,10,30,0.17686691458614726
none_moving,243,10,12,0.19229309028067607
none_moving,244,10,36,0.21037764259954148
none_moving,245,10,0,0.19748006181968214
none_moving,246,10,24,0.18764908009764686
none_moving,247,10,24,0.18357305810655822
none_moving,248,10,0,0.18688687300806212
none_moving,249,10,0,0.19358513725736215
none_moving,250,10,0,0.20128414785434806
none_moving,251,10,18,0.21049613330849737
none_moving,252,10,18,0.21404903845212056
none_moving,253,10,24,0.2186122172672127
none_moving,254,10,24,0.22129796895250514
none_moving,255,10,36,0.22475387185301798
none_moving,256,10,30,0.22062413050639718
none_moving,257,10,36,0.21947200540881603
none_moving,258,10,36,0.2117738688068576
none_moving,259,10,36,0.1962811928133372
none_moving,260,10,0,0.155489976936868
none_moving,261,10,24,0.13001849026515064
none_moving,262,10,12,0.11534913857008294
none_moving,263,10,0,0.11221372673328527
none_moving,264,10,0,0.11578677360503344
none_moving,265,10,0,0.12224810721956765
none_moving,266,10,30,0.12784166544658712
none_moving,267,10,48,0.1590597323976102
none_moving,268,10,60,0.17702359016583757
none_moving,269,10,60,0.12473434802993776
none_moving,270,10,66,0.13498767271732717
none_moving,271,10,66,0.12425905981230223
none_moving,272,10,48,0.1049629586040936
none_moving,273,10,54,0.1000572187319214
none_moving,274,10,42,0.0790124259029972
none_moving,275,10,0,0.06618888723525868
none_moving,276,10,24,0.06757096093583954
none_moving,277,10,0,0.07615716031277141
none_moving,278,10,0,0.0896494985596403
none_moving,279,10,24,0.09665731910507114
none_moving,280,10,30,0.10999137298964859
none_moving,281,10,30,0.1172765791986202
none_moving,282,10,24,0.11649685193591998
none_moving,283,10,30,0.13632545527946566
none_moving,284,10,30,0.12472978917078867
none_moving,285,10,36,0.13055141065172102
none_moving,286,10,12,0.13330065617992695
none_moving,287,10,12,0.13232772008654067
none_moving,288,10,36,0.11016121475837352
none_moving,289,10,24,0.09704741127840713
none_moving,290,10,0,0.07225145878856311
none_moving,291,10,24,0.07607689557998867
none_moving,292,10,0,0.08277009196979007
none_moving,293,10,0,0.09872829273041389
none_moving,294,10,0,0.11564250646617748
none_moving,295,10,0,0.1308101109025893
none_moving,296,10,0,0.14365771234524097
none_moving,297,10,0,0.15427691991534292
none_moving,298,10,0,0.16294724764837593
none_moving,299,10,0,0.16997804715296114
none_moving,300,10,24,0.17580040840063274
none_moving,301,10,6,0.18538211729487478
none_moving,302,10,12,0.1958375042918544
none_moving,303,10,36,0.20187908472651953
none_moving,304,10,24,0.18163155878293724
none_moving,305,10,0,0.17055849639655102
none_moving,306,10,24,0.18443193258985993
none_moving,307,10,0,0.21817129455006423
none_moving,308,10,0,0.25644017321455764
none_moving,309,10,0,0.29148883848519364
none_moving,310,10,0,0.321438469159948
none_moving,311,10,30,0.33745420801350845
none_moving,312,10,30,0.35803723260320214
none_moving,313,10,30,0.3731451712655909
none_moving,314,10,30,0.39207859948171936
none_moving,315,10,54,0.403529041696505
none_moving,316,10,36,0.38384659604525445
none_moving,317,10,24,0.37364089803222206
none_moving,318,10,36,0.3136507685231944
none_moving,319,10,24,0.23525149573503643
none_moving,320,10,0,0.17418043844071382
none_moving,321,10,24,0.11937315644202189
none_moving,322,10,0,0.13296777310508698
none_moving,323,10,0,0.1758156492558007
none_moving,324,10,0,0.21956301580697565
none_moving,325,10,0,0.2575687120227012
none_moving,326,10,24,0.2479703053773147
none_moving,327,10,30,0.18140939842780116
none_moving,328,10,30,0.16627093711278002
none_moving,329,10,30,0.1698741471885551
none_moving,330,10,54,0.16762348304806923
none_moving,331,10,36,0.1653645057776728
none_moving,332,10,36,0.1590910355694506
none_moving,333,10,54,0.14600229582912239
none_moving,334,10,24,0.14773730115955183
none_moving,335,10,0,0.15250251699641548
none_moving,336,10,24,0.16014818175330697
none_moving,337,10,18,0.17458052536664445
none_moving,338,10,36,0.188401902835978
none_moving,339,10,30,0.20701947400199894
none_moving,340,10,48,0.2003320217925132
none_moving,341,10,48,0.18621860735387563
none_moving,342,10,48,0.17493078584624197
none_moving,343,10,48,0.16976474722509435
none_moving,344,10,24,0.1824004727808975
none_moving,345,10,42,0.1879628795160215
none_moving,346,10,12,0.17296568864835515
none_moving,347,10,12,0.15314262926860145
none_moving,348,10,24,0.13751163580561596
none_moving,349,10,12,0.10186029226649854
none_moving,350,10,0,0.08981989232771238
none_moving,351,10,24,0.09696657644705983
none_moving,352,10,0,0.11232403832133869
none_moving,353,10,0,0.13413000052927004
none_moving,354,10,0,0.15518253179078265
none_moving,355,10,0,0.17349230971186502
none_moving,356,10,0,0.1888025716244528
none_moving,357,10,0,0.20137618516369546
none_moving,358,10,12,0.2130710990944834
none_moving,359,10,0,0.22358910325702644
none_moving,360,10,36,0.2293358650601024
none_moving,361,10,6,0.22205759692228424
none_moving,362,10,12,0.22160847568602002
none_moving,363,10,24,0.1981974939727588
none_moving,364,10,12,0.1781044073828846
none_moving,365,10,0,0.1871560104479595
none_moving,366,10,24,0.1992336836058628
none_moving,367,10,0,0.21542798370212676
none_moving,368,10,12,0.2327552522765094
none_moving,369,10,24,0.23247871750895183
none_moving,370,10,24,0.2406976603212387
none_moving,371,10,24,0.25145658349820726
none_moving,372,10,24,0.27332542782008684
none_moving,373,10,36,0.2616569200548795
none_moving,374,10,24,0.26014918633760514
none_moving,375,10,30,0.25729614064212825
none_moving,376,10,6,0.2563996454482424
none_moving,377,10,12,0.22865520001863998
none_moving,378,10,24,0.20498740333048776
none_moving,379,10,12,0.20670231258463917
none_moving,380,10,0,0.19596190196557664
none_moving,381,10,24,0.18671338506256294
none_moving,382,10,0,0.18922479472450848
none_moving,383,10,0,0.19675664209257163
none_moving,384,10,0,0.2059638571678553
none_moving,385,10,30,0.20480905118103793
none_moving,386,10,24,0.20892776617216374
none_moving,387,10,30,0.1994413251863755
none_moving,388,10,42,0.21061254015440503
none_moving,389,10,42,0.22484042363336565
none_moving,390,10,54,0.20800603386441316
none_moving,391,10,36,0.18515718504369116
none_moving,392,10,0,0.14928042591044402
none_moving,393,10,24,0.12653661376207762
none_moving,394,10,12,0.12253442808697321
none_moving,395,10,0,0.13939008461287697
none_moving,396,10,24,0.19141538918438766
none_moving,397,10,0,0.2493029829483759
none_moving,398,10,0,0.2998454545501067
none_moving,399,10,0,0.3417783788129535
none_moving,400,10,0,0.3759588060953695
none_moving,401,10,0,0.4036042557739346
none_moving,402,10,0,0.42587516730905867
none_moving,403,10,12,0.4417396710670414
none_moving,404,10,12,0.45469467942714786
none_moving,405,10,24,0.46107884130003063
none_moving,406,10,12,0.4418696010146494
none_moving,407,10,0,0.4361070199154421
none_moving,408,10,24,0.4254493923838305
none_moving,409,10,12,0.3538712003332799
none_moving,410,10,0,0.25882964591321317
none_moving,411,10,24,0.22119552069910556
none_moving,412,10,0,0.24846697208911228
none_moving,413,10,0,0.2988855318502501
none_moving,414,10,0,0.3500515844721348
none_moving,415,10,0,0.3952614226532816
none_moving,416,10,0,0.43331186516484826
none_moving,417,10,0,0.4646612943238465
none_moving,418,10,12,0.48703218735630466
none_moving,419,10,12,0.5056508864155734
none_moving,420,10,24,0.4929170062456134
none_moving,421,10,18,0.49063496958019215
none_moving,422,10,0,0.4928646118180518
none_moving,423,10,24,0.4553550963530246
none_moving,424,10,12,0.3767209415457286
none_moving,425,10,0,0.27660942425482876
none_moving,426,10,24,0.1879447799464124
none_moving,427,10,0,0.14228574562450685
none_moving,428,10,0,0.14605967868594086
none_moving,429,10,0,0.17496200317058033
none_moving,430,10,0,0.20835263091512773
none_moving,431,10,0,0.23893262031177648
none_moving,432,10,0,0.26501089453745047
none_moving,433,10,12,0.28669280684712095
none_moving,434,10,12,0.30437852245045594
none_moving,435,10,24,0.322067842137723
none_moving,436,10,18,0.3311586479317462
none_moving,437,10,0,0.3411855496792891
none_moving,438,10,24,0.29485566003278924
none_moving,439,10,12,0.2345220684663556
none_moving,440,10,0,0.1605259122715269
none_moving,441,10,24,0.15830410038003775
none_moving,442,10,0,0.2062468924517113
none_moving,443,10,0,0.26307459441167363
none_moving,444,10,0,0.31411240552723085
none_moving,445,10,0,0.3569763192379282
none_moving,446,10,0,0.39213784074466557
none_moving,447,10,0,0.42068270161372645
none_moving,448,10,12,0.4437325975790626
none_moving,449,10,12,0.46228872334322213
none_moving,450,10,24,0.47325387135885943
none_moving,451,10,18,0.4777213260537519
none_moving,452,10,0,0.4832024943910255
none_moving,453,10,24,0.46732560147037167
none_moving,454,10,36,0.45590327353216376
none_moving,455,10,30,0.3958966331607398
none_moving,456,10,54,0.3392635402779695
none_moving,457,10,30,0.29697080809274196
none_moving,458,10,24,0.2660154802310791
none_moving,459,10,30,0.24220175644846334
none_moving,460,10,48,0.22185763249309493
none_moving,461,10,30,0.14248592146502687
none_moving,462,10,24,0.13348430775778733
none_moving,463,10,36,0.13201307361171652
none_moving,464,10,36,0.1471037112174351
none_moving,465,10,36,0.15946122481714708
none_moving,466,10,42,0.16625236353024092
none_moving,467,10,0,0.19443056304665188
none_moving,468,10,24,0.231654349064335
none_moving,469,10,12,0.2618902812924587
none_moving,470,10,0,0.28854706878531244
none_moving,471,10,12,0.3120421492550779
none_moving,472,10,0,0.3322513553520554
none_moving,473,10,0,0.34899170895377657
none_moving,474,10,0,0.36269909200979544
none_moving,475,10,12,0.37077022592089703
none_moving,476,10,0,0.3713297228632524
none_moving,477,10,0,0.37417774856811536
none_moving,478,10,12,0.3784713967000015
none_moving,479,10,12,0.38353150898416644
none_moving,480,10,12,0.3469433715848409
none_moving,481,10,30,0.2558975023196946
none_moving,482,10,0,0.2045359891983302
none_moving,483,10,24,0.18615015300015642
none_moving,484,10,12,0.1889285530616372
none_moving,485,10,0,0.20758585611233824
none_moving,486,10,12,0.22971143982046194
none_moving,487,10,0,0.2389246642326942
none_moving,488,10,0,0.25347578341953303
none_moving,489,10,12,0.26902675680974897
none_moving,490,10,60,0.3316891277724458
none_moving,491,10,42,0.230620718460577
none_moving,492,10,54,0.19666148743848283
none_moving,493,10,66,0.171464485437436
none_moving,494,10,60,0.18494926852752763
none_moving,495,10,60,0.1778515241314003
none_moving,496,10,72,0.17942632765214775
none_moving,497,10,18,0.16835276710013206
none_moving,498,10,36,0.15893054256736186
none_moving,499,10,12,0.1601984909450491
none_moving,500,10,0,0.1719398915351047
none_moving,501,10,12,0.18710726349644732
none_moving,502,10,0,0.17234476347336866
none_moving,503,10,0,0.1727235402576022
none_moving,504,10,0,0.18093843281978034
none_moving,505,10,12,0.18672425728905884
none_moving,506,10,0,0.19899620795453352
none_moving,507,10,0,0.213340082822595
none_moving,508,10,12,0.2385426016163188
none_moving,509,10,12,0.2642296201759432
none_moving,510,10,0,0.2873732817502435
none_moving,511,10,24,0.2901518822267758
none_moving,512,10,12,0.3003630229918454
none_moving,513,10,30,0.30102486266080375
none_moving,514,10,12,0.30455772275596205
none_moving,515,10,0,0.31024154549680494
none_moving,516,10,12,0.3166984855056326
none_moving,517,10,0,0.307609164417176
none_moving,518,10,24,0.30191546139642156
none_moving,519,10,30,0.2984549143357169
none_moving,520,10,60,0.22820828854355188
none_moving,521,10,54,0.1854520047946282
none_moving,522,10,54,0.16824514796275308
none_moving,523,10,66,0.15021729008832452
none_moving,524,10,66,0.15190267177627262
none_moving,525,10,24,0.1302282969551707
none_moving,526,10,24,0.13095525289404455
none_moving,527,10,12,0.1468820641046811
none_moving,528,10,24,0.16187411794547094
none_moving,529,10,12,0.17697608871455392
none_moving,530,10,0,0.1905112747223704
none_moving,531,10,12,0.20335264298039682
none_moving,532,10,0,0.20039496177087304
none_moving,533,10,0,0.20079197773641058
none_moving,534,10,0,0.20287490233613706
none_moving,535,10,12,0.2010461440840223
none_moving,536,10,0,0.20396054298767127
none_moving,537,10,0,0.2081735637585029
none_moving,538,10,12,0.21469253261877347
none_moving,539,10,24,0.2088067153204278
none_moving,540,10,0,0.1966555014652469
none_moving,541,10,12,0.19804966360517143
none_moving,542,10,12,0.20658002430205014
none_moving,543,10,30,0.16643996908918798
none_moving,544,10,12,0.17258897788003832
none_moving,545,10,0,0.19995180485031105
none_moving,546,10,12,0.23185940441728883
none_moving,547,10,0,0.2510796268791479
none_moving,548,10,0,0.2707571181919235
none_moving,549,10,0,0.28869244481925604
none_moving,550,10,12,0.3041950671104205
none_moving,551,10,0,0.3408191741721392
none_moving,552,10,0,0.3777613881709721
none_moving,553,10,12,0.410747491152175
none_moving,554,10,24,0.4532914112672139
none_moving,555,10,0,0.4895500487408206
none_moving,556,10,24,0.5214664764236138
none_moving,557,10,36,0.5208291061179477
none_moving,558,10,54,0.5308296638434735
none_moving,559,10,60,0.5159694009918365
none_moving,560,10,48,0.5221271179857352
none_moving,561,10,54,0.5026975528759978
none_moving,562,10,54,0.4935315043197433
none_moving,563,10,30,0.4985458349638456
none_moving,564,10,54,0.4468606732821679
none_moving,565,10,60,0.31711609961304543
none_moving,566,10,54,0.24825213483358974
none_moving,567,10,60,0.2310067690882419
none_moving,568,10,42,0.2071391813706922
none_moving,569,10,54,0.20989926815010446
none_moving,570,10,30,0.23635045710011718
none_moving,571,10,18,0.2783734057167327
none_moving,572,10,12,0.31915937986140747
none_moving,573,10,18,0.3455918077744536
none_moving,574,10,12,0.36942298831814807
none_moving,575,10,0,0.38779245423660663
none_moving,576,10,0,0.40412522867627426
none_moving,577,10,12,0.4181180635256353
none_moving,578,10,0,0.40757187053577804
none_moving,579,10,0,0.39987482051276846
none_moving,580,10,0,0.39421956849685225
none_moving,581,10,0,0.39003143841757965
none_moving,582,10,12,0.37033888413308835
none_moving,583,10,12,0.2864779739863304
none_moving,584,10,24,0.22279630719734056
none_moving,585,10,12,0.17671501371748
none_moving,586,10,12,0.15411669644933773
none_moving,587,10,12,0.15066623320471612
none_moving,588,10,18,0.14812846263405527
none_moving,589,10,12,0.1475888879013197
none_moving,590,10,0,0.14340671968948326
none_moving,591,10,0,0.14944287379874682
none_moving,592,10,12,0.1596894390875644
none_moving,593,10,0,0.16867449006103757
none_moving,594,10,0,0.1777186299206636
none_moving,595,10,0,0.1859689718380895
none_moving,596,10,0,0.19313510334566927
none_moving,597,10,12,0.18825840291924945
none_moving,598,10,12,0.14700296997560622
none_moving,599,10,24,0.1157093727804722
none_moving,600,10,12,0.11516303857863598
none_moving,0,20,0,18.072713061853733
none_moving,1,20,285,17.569437031127464
none_moving,2,20,435,16.761232325314637
none_moving,3,20,456,16.07975269202516
none_moving,4,20,444,15.486781622199212
none_moving,5,20,453,14.985707943449874
none_moving,6,20,441,14.547370229145692
none_moving,7,20,393,14.119719002069825
none_moving,8,20,78,13.766645045745825
none_moving,9,20,0,13.490439706511024
none_moving,10,20,0,13.273743834552295
none_moving,11,20,0,13.10326155508235
none_moving,12,20,0,12.968791202691381
none_moving,13,20,0,12.862480843200565
none_moving,14,20,0,12.778263732545616
none_moving,15,20,0,12.71143294755544
none_moving,16,20,0,12.658321468843456
none_moving,17,20,0,12.616061249892876
none_moving,18,20,0,12.582401135539962
none_moving,19,20,0,12.555568588998833
none_moving,20,20,0,12.534164105355293
none_moving,21,20,24,12.517080120984113
none_moving,22,20,117,12.33877226428572
none_moving,23,20,9,12.148164298872821
none_moving,24,20,0,11.997732388480179
none_moving,25,20,0,11.878753284804805
none_moving,26,20,0,11.784471809041845
none_moving,27,20,0,11.709638132503615
none_moving,28,20,9,11.625909415828094
none_moving,29,20,129,11.449345073777465
none_moving,30,20,150,11.273179512891913
none_moving,31,20,162,11.131908426405678
none_moving,32,20,162,11.006948571097523
none_moving,33,20,156,10.884444849160545
none_moving,34,20,147,10.7672153994625
none_moving,35,20,147,10.665328089775711
none_moving,36,20,72,10.582936856223636
none_moving,37,20,84,10.419535405244199
none_moving,38,20,9,10.233898803824468
none_moving,39,20,0,10.086770684336392
none_moving,40,20,0,9.969993671220882
none_moving,41,20,0,9.877186574873733
none_moving,42,20,0,9.803345956443714
none_moving,43,20,42,9.743211291414854
none_moving,44,20,60,9.673181011178063
none_moving,45,20,51,9.6194793490937
none_moving,46,20,51,9.577800252134363
none_moving,47,20,51,9.529448491627651
none_moving,48,20,54,9.499733843878975
none_moving,49,20,60,9.469640755695815
none_moving,50,20,48,9.398725524782579
none_moving,51,20,27,9.340204719902388
none_moving,52,20,63,9.211167717761551
none_moving,53,20,12,9.095090859447584
none_moving,54,20,0,9.002873757876785
none_moving,55,20,0,8.929525539876412
none_moving,56,20,6,8.871277555143092
none_moving,57,20,48,8.815060445394803
none_moving,58,20,93,8.717085855971673
none_moving,59,20,108,8.620060603967293
none_moving,60,20,114,8.567593604135377
none_moving,61,20,122.99999999999999,8.505399092981264
none_moving,62,20,111,8.44991789613017
none_moving,63,20,93,8.402785829781589
none_moving,64,20,81,8.364462007584248
none_moving,65,20,75,8.294592527699317
none_moving,66,20,24,8.232484893271755
none_moving,67,20,42,8.114016378760098
none_moving,68,20,9,7.999450098903857
none_moving,69,20,0,7.909072492303633
none_moving,70,20,21,7.834312549229154
none_moving,71,20,90,7.800346246031313
none_moving,72,20,114,7.725464289550301
none_moving,73,20,117,7.656787102784628
none_moving,74,20,129,7.582619854692274
none_moving,75,20,122.99999999999999,7.5099972348361685
none_moving,76,20,126,7.439643354553327
none_moving,77,20,117,7.380255671326301
none_moving,78,20,54,7.305053981001108
none_moving,79,20,33,7.231552520439764
none_moving,80,20,51,7.148221351487696
none_moving,81,20,3,7.080687439179429
none_moving,82,20,30,6.998485651558263
none_moving,83,20,6,6.916668841897027
none_moving,84,20,0,6.851449119262522
none_moving,85,20,0,6.79942756418205
none_moving,86,20,0,6.757911473058996
none_moving,87,20,30,6.72494709568234
none_moving,88,20,36,6.675955315733936
none_moving,89,20,42,6.627743851788037
none_moving,90,20,42,6.593828546814551
none_moving,91,20,54,6.550350732857224
none_moving,92,20,54,6.504072980653356
none_moving,93,20,57,6.434258149229137
none_moving,94,20,30,6.376641446260434
none_moving,95,20,39,6.310527574917429
none_moving,96,20,6,6.251907111353184
none_moving,97,20,24,6.1948675301982306
none_moving,98,20,87,6.143123960963756
none_moving,99,20,114,6.095066438072886
none_moving,100,20,122.99999999999999,6.055581618555391
none_moving,101,20,150,6.021890247533462
none_moving,102,20,144,5.976186804584045
none_moving,103,20,159,5.93771625616251
none_moving,104,20,147,5.899557558450983
none_moving,105,20,84,5.860515396361081
none_moving,106,20,42,5.829700961420213
none_moving,107,20,57,5.801947613969158
none_moving,108,20,30,5.770128552186984
none_moving,109,20,15,5.732221151168111
none_moving,110,20,33,5.685504551107707
none_moving,111,20,6,5.643932869334151
none_moving,112,20,15,5.601712831179416
none_moving,113,20,18,5.566280505005677
none_moving,114,20,45,5.531086894505696
none_moving,115,20,48,5.4982195307504576
none_moving,116,20,57,5.458637729938983
none_moving,117,20,75,5.460116542376013
none_moving,118,20,93,5.4006373719500385
none_moving,119,20,114,5.349656462470436
none_moving,120,20,66,5.293427999407779
none_moving,121,20,48,5.2435987831618185
none_moving,122,20,60,5.20114925569622
none_moving,123,20,45,5.1420419255959136
none_moving,124,20,21,5.0996700099442025
none_moving,125,20,33,5.057733474675565
none_moving,126,20,45,5.020560040184878
none_moving,127,20,45,4.992454341265703
none_moving,128,20,51,4.96692127520911
none_moving,129,20,99,4.945659314284475
none_moving,130,20,90,4.921113502120678
none_moving,131,20,102,4.908692942078301
none_moving,132,20,96,4.886253680805923
none_moving,133,20,93,4.871375296987933
none_moving,134,20,84,4.8526405081194595
none_moving,135,20,60,4.829476575578532
none_moving,136,20,24,4.811842448998041
none_moving,137,20,45,4.79586408103394
none_moving,138,20,36,4.763411189904367
none_moving,139,20,12,4.718451338523857
none_moving,140,20,15,4.669036652104567
none_moving,141,20,21,4.622633589280851
none_moving,142,20,30,4.5912841362362045
none_moving,143,20,30,4.56223691516809
none_moving,144,20,30,4.538034129248898
none_moving,145,20,24,4.518884492636763
none_moving,146,20,33,4.498920228946072
none_moving,147,20,27,4.48889004601235
none_moving,148,20,12,4.482283309369336
none_moving,149,20,18,4.479045109901835
none_moving,150,20,15,4.454264778720162
none_moving,151,20,9,4.4346767859108756
none_moving,152,20,33,4.416046781631995
none_moving,153,20,33,4.3800119482646425
none_moving,154,20,12,4.3509219682303195
none_moving,155,20,15,4.319846998016797
none_moving,156,20,21,4.293098947429031
none_moving,157,20,27,4.2730065067112655
none_moving,158,20,63,4.250839764008497
none_moving,159,20,108,4.243825646443204
none_moving,160,20,138,4.193270963168968
none_moving,161,20,147,4.15868369612675
none_moving,162,20,162,4.150929447613649
none_moving,163,20,156,4.089659163740402
none_moving,164,20,132,4.036669816803538
none_moving,165,20,114,3.983123037430337
none_moving,166,20,54,3.936398989983888
none_moving,167,20,54,3.8893902311595547
none_moving,168,20,54,3.846364522534294
none_moving,169,20,42,3.808211416580999
none_moving,170,20,69,3.768843452889073
none_moving,171,20,69,3.749484395183779
none_moving,172,20,75,3.7302159800585777
none_moving,173,20,72,3.7029192900355983
none_moving,174,20,69,3.6891439141196702
none_moving,175,20,60,3.675790449591304
none_moving,176,20,42,3.657285052190461
none_moving,177,20,24,3.641274521973132
none_moving,178,20,24,3.6283013379186313
none_moving,179,20,21,3.61630022225842
none_moving,180,20,24,3.585917514721498
none_moving,181,20,15,3.5474656169526844
none_moving,182,20,33,3.502347792364159
none_moving,183,20,15,3.463794014982265
none_moving,184,20,27,3.4329427745655225
none_moving,185,20,36,3.4016633693297633
none_moving,186,20,54,3.37434061185226
none_moving,187,20,57,3.355295890272443
none_moving,188,20,63,3.340278975825692
none_moving,189,20,78,3.3275085037079535
none_moving,190,20,93,3.320893471577639
none_moving,191,20,93,3.2955877288474733
none_moving,192,20,117,3.271553604958608
none_moving,193,20,93,3.2431782247441654
none_moving,194,20,90,3.22247346172695
none_moving,195,20,108,3.1822378207725293
none_moving,196,20,69,3.1482686167165426
none_moving,197,20,87,3.123930597735676
none_moving,198,20,75,3.094986382412073
none_moving,199,20,48,3.0726696620244986
none_moving,200,20,48,3.0596915555996516
none_moving,201,20,42,3.047512357223907
none_moving,202,20,60,3.030088885705558
none_moving,203,20,63,2.9982907582909957
none_moving,204,20,57,2.9644757172116636
none_moving,205,20,48,2.947942625197436
none_moving,206,20,42,2.922818243430554
none_moving,207,20,45,2.9119236979879606
none_moving,208,20,21,2.900413050503836
none_moving,209,20,6,2.893673866183317
none_moving,210,20,18,2.888078977696494
none_moving,211,20,15,2.867669503538881
none_moving,212,20,24,2.848498033002859
none_moving,213,20,24,2.8291655476507516
none_moving,214,20,51,2.796464108640037
none_moving,215,20,69,2.7642344727358616
none_moving,216,20,96,2.740968220670489
none_moving,217,20,102,2.725361265977218
none_moving,218,20,114,2.701160415751506
none_moving,219,20,93,2.698221932557521
none_moving,220,20,114,2.6939776801575244
none_moving,221,20,69,2.6860574957051626
none_moving,222,20,57,2.678046038947424
none_moving,223,20,42,2.663279501974108
none_moving,224,20,45,2.6539243029492754
none_moving,225,20,54,2.646560603348622
none_moving,226,20,42,2.64332633743103
none_moving,227,20,45,2.643232595906339
none_moving,228,20,48,2.641938991516011
none_moving,229,20,39,2.6408263198373616
none_moving,230,20,36,2.6229962038270664
none_moving,231,20,21,2.6088462191581434
none_moving,232,20,12,2.5936627551980695
none_moving,233,20,21,2.5893801891506842
none_moving,234,20,33,2.5878560317397685
none_moving,235,20,72,2.582811234661833
none_moving,236,20,60,2.5672574034553026
none_moving,237,20,75,2.5354269847873434
none_moving,238,20,60,2.522367561160728
none_moving,239,20,60,2.5151833554230074
none_moving,240,20,63,2.491892685164739
none_moving,241,20,36,2.4522126649098444
none_moving,242,20,48,2.423586214785163
none_moving,243,20,39,2.4014957162924464
none_moving,244,20,51,2.3848413803705455
none_moving,245,20,69,2.3663575758864983
none_moving,246,20,72,2.3484500281123553
none_moving,247,20,84,2.330114544272265
none_moving,248,20,90,2.3193988560544163
none_moving,249,20,60,2.3107994234753937
none_moving,250,20,72,2.3047712738374306
none_moving,251,20,60,2.2935466773447435
none_moving,252,20,54,2.2801505906402735
none_moving,253,20,15,2.2618933838440753
none_moving,254,20,15,2.2483674293989653
none_moving,255,20,51,2.2331583752186734
none_moving,256,20,45,2.2055200178632686
none_moving,257,20,51,2.1723287911482854
none_moving,258,20,45,2.1474238901395744
none_moving,259,20,54,2.1230394375936372
none_moving,260,20,66,2.1055867337276246
none_moving,261,20,51,2.1048641931647225
none_moving,262,20,42,2.108903135308277
none_moving,263,20,48,2.1043975141002
none_moving,264,20,39,2.1024307902833246
none_moving,265,20,48,2.098016367879811
none_moving,266,20,21,2.0847546004847133
none_moving,267,20,18,2.073826255921644
none_moving,268,20,12,2.061026012882406
none_moving,269,20,21,2.0551859714483482
none_moving,270,20,63,2.0464970265284728
none_moving,271,20,51,2.0318284245198637
none_moving,272,20,72,2.007953098699812
none_moving,273,20,84,1.9918813530801787
none_moving,274,20,81,1.9713912601586103
none_moving,275,20,87,1.9303301759337064
none_moving,276,20,60,1.90163469161503
none_moving,277,20,30,1.8808952071102047
none_moving,278,20,33,1.8668902098149949
none_moving,279,20,24,1.8559786936066534
none_moving,280,20,18,1.8491850007130903
none_moving,281,20,9,1.850866388121703
none_moving,282,20,18,1.8483354900989364
none_moving,283,20,12,1.8456943917045754
none_moving,284,20,6,1.8438792121122274
none_moving,285,20,36,1.8389739769755502
none_moving,286,20,51,1.834760817851555
none_moving,287,20,63,1.828975688636384
none_moving,288,20,54,1.8222967312890852
none_moving,289,20,93,1.8248341272977575
none_moving,290,20,111,1.8137836491743635
none_moving,291,20,102,1.7918236937691365
none_moving,292,20,78,1.7694511772462915
none_moving,293,20,69,1.763286573881983
none_moving,294,20,54,1.7446525392015437
none_moving,295,20,75,1.7277438478205909
none_moving,296,20,27,1.724013963842874
none_moving,297,20,57,1.7032139137222253
none_moving,298,20,54,1.686885506758296
none_moving,299,20,42,1.6688923993581657
none_moving,300,20,66,1.6589842844215406
none_moving,301,20,72,1.6407297244349464
none_moving,302,20,87,1.6443238575197028
none_moving,303,20,78,1.6363672036672612
none_moving,304,20,30,1.6278646153032537
none_moving,305,20,30,1.6089531759831153
none_moving,306,20,30,1.5952307894918818
none_moving,307,20,6,1.5850655040325474
none_moving,308,20,15,1.5787952088818618
none_moving,309,20,0,1.570824021866771
none_moving,310,20,27,1.5683810585360392
none_moving,311,20,3,1.569046628306002
none_moving,312,20,21,1.5696164663419154
none_moving,313,20,39,1.5707362370904654
none_moving,314,20,39,1.5684853012696178
none_moving,315,20,27,1.5680649123888373
none_moving,316,20,51,1.56785222831315
none_moving,317,20,63,1.559571941622666
none_moving,318,20,54,1.5702375552193701
none_moving,319,20,63,1.56918643286924
none_moving,320,20,57,1.5738199050973438
none_moving,321,20,57,1.5693008537740576
none_moving,322,20,48,1.5599776590353507
none_moving,323,20,45,1.557414152658936
none_moving,324,20,27,1.5632062579105968
none_moving,325,20,36,1.5453735182044823
none_moving,326,20,3,1.5287691545634898
none_moving,327,20,12,1.517203255277962
none_moving,328,20,36,1.5124857759249741
none_moving,329,20,30,1.507796507561363
none_moving,330,20,21,1.5041009467104476
none_moving,331,20,24,1.5008175710616827
none_moving,332,20,69,1.4956812329519196
none_moving,333,20,72,1.486889605519853
none_moving,334,20,54,1.4782105321443209
none_moving,335,20,45,1.4687818349397257
none_moving,336,20,30,1.4560753377821907
none_moving,337,20,36,1.4419273425386439
none_moving,338,20,42,1.4287890378180403
none_moving,339,20,36,1.3988833379076446
none_moving,340,20,75,1.3784400924094022
none_moving,341,20,63,1.3491565291088232
none_moving,342,20,63,1.326699222355229
none_moving,343,20,66,1.322940976573913
none_moving,344,20,72,1.3199626585277802
none_moving,345,20,69,1.3267571720217637
none_moving,346,20,69,1.3160641460332874
none_moving,347,20,81,1.3024330855264175
none_moving,348,20,51,1.3034462755076401
none_moving,349,20,42,1.300256414230261
none_moving,350,20,33,1.3045885860697775
none_moving,351,20,27,1.3083701514437154
none_moving,352,20,36,1.3105989689422557
none_moving,353,20,48,1.3126370021048612
none_moving,354,20,30,1.3240865795962744
none_moving,355,20,63,1.3113664594398846
none_moving,356,20,90,1.289308962361269
none_moving,357,20,96,1.2870048666244536
none_moving,358,20,87,1.2812632420454362
none_moving,359,20,87,1.2773579196596818
none_moving,360,20,114,1.2527271306787247
none_moving,361,20,99,1.2342296829298465
none_moving,362,20,81,1.2349351470670968
none_moving,363,20,42,1.2362704628389196
none_moving,364,20,36,1.240304013244321
none_moving,365,20,39,1.2390685372163814
none_moving,366,20,36,1.2486017026426366
none_moving,367,20,30,1.2457744901037582
none_moving,368,20,42,1.2411064802919969
none_moving,369,20,18,1.2463644108448217
none_moving,370,20,24,1.2484391731953632
none_moving,371,20,18,1.25214980125521
none_moving,372,20,15,1.2566490161780919
none_moving,373,20,3,1.2584002239348313
none_moving,374,20,12,1.2592631092076614
none_moving,375,20,48,1.254487253620836
none_moving,376,20,60,1.2535444187819438
none_moving,377,20,75,1.2463495508790703
none_moving,378,20,66,1.2403367420155456
none_moving,379,20,57,1.2402007830710822
none_moving,380,20,54,1.2318995737864495
none_moving,381,20,63,1.2208639804744517
none_moving,382,20,66,1.203887976915694
none_moving,383,20,78,1.1962182048874581
none_moving,384,20,75,1.1939792712493924
none_moving,385,20,99,1.1828693721555117
none_moving,386,20,96,1.1780687626508397
none_moving,387,20,99,1.1720771190936095
none_moving,388,20,90,1.1680348005187209
none_moving,389,20,39,1.1625234220439573
none_moving,390,20,27,1.1524269563862701
none_moving,391,20,36,1.1383861329827945
none_moving,392,20,18,1.1278628157598516
none_moving,393,20,18,1.1190468666889675
none_moving,394,20,6,1.1111576644421146
none_moving,395,20,9,1.1049050483437823
none_moving,396,20,18,1.1161855251845583
none_moving,397,20,3,1.1228477413134343
none_moving,398,20,18,1.1330586453357656
none_moving,399,20,18,1.1310994535635899
none_moving,400,20,27,1.127671769787363
none_moving,401,20,27,1.1264876316578223
none_moving,402,20,39,1.1226473106800285
none_moving,403,20,39,1.1272712023816323
none_moving,404,20,21,1.1242170350449554
none_moving,405,20,12,1.1264194626274797
none_moving,406,20,39,1.1284429793370943
none_moving,407,20,57,1.128204196997488
none_moving,408,20,51,1.1317329461052958
none_moving,409,20,78,1.1311859432370674
none_moving,410,20,93,1.115911641011444
none_moving,411,20,96,1.09108328725286
none_moving,412,20,78,1.0650390892726829
none_moving,413,20,69,1.046883926495299
none_moving,414,20,39,1.0359419908244158
none_moving,415,20,66,1.0239046303707238
none_moving,416,20,54,1.0204001680882304
none_moving,417,20,45,1.0121862302916853
none_moving,418,20,48,1.0018631575547043
none_moving,419,20,39,0.9913912119949949
none_moving,420,20,42,0.9697074775994038
none_moving,421,20,51,0.9608406342691395
none_moving,422,20,27,0.9516266133778569
none_moving,423,20,12,0.9449870734633472
none_moving,424,20,6,0.9362670861928959
none_moving,425,20,9,0.9270957421633749
none_moving,426,20,12,0.9114583232257532
none_moving,427,20,30,0.9046344411352202
none_moving,428,20,33,0.9039983926169433
none_moving,429,20,30,0.9022174416712426
none_moving,430,20,39,0.8933908098042461
none_moving,431,20,33,0.890932102723858
none_moving,432,20,39,0.8879227112484775
none_moving,433,20,36,0.8879564281399227
none_moving,434,20,18,0.8898984642422842
none_moving,435,20,9,0.8813085159178747
none_moving,436,20,27,0.8722131266759711
none_moving,437,20,36,0.871086755550007
none_moving,438,20,51,0.8693455572131118
none_moving,439,20,60,0.8660073170308364
none_moving,440,20,54,0.858851329468152
none_moving,441,20,75,0.8498971393267425
none_moving,442,20,78,0.8487202548413908
none_moving,443,20,90,0.8391634498573103
none_moving,444,20,102,0.8230247302736032
none_moving,445,20,102,0.8099320208439161
none_moving,446,20,69,0.8225833016301746
none_moving,447,20,72,0.8078252979334737
none_moving,448,20,69,0.803452457947069
none_moving,449,20,63,0.7951727083059816
none_moving,450,20,48,0.7916857121518083
none_moving,451,20,42,0.7864455506611412
none_moving,452,20,21,0.7778933184046015
none_moving,453,20,12,0.7724188760655085
none_moving,454,20,6,0.7621174352645932
none_moving,455,20,0,0.7614699384852681
none_moving,456,20,9,0.7667695996689333
none_moving,457,20,9,0.7683887239856112
none_moving,458,20,15,0.774453295845163
none_moving,459,20,27,0.7435713593850242
none_moving,460,20,33,0.7085167708408309
none_moving,461,20,21,0.6964847417748311
none_moving,462,20,27,0.6916207616078894
none_moving,463,20,27,0.6761171251111527
none_moving,464,20,57,0.6703519011565005
none_moving,465,20,57,0.6576882779646525
none_moving,466,20,108,0.646504469386923
none_moving,467,20,132,0.6414493221172016
none_moving,468,20,138,0.630837637924085
none_moving,469,20,129,0.6274597067751935
none_moving,470,20,122.99999999999999,0.6292636516764247
none_moving,471,20,129,0.6138665567595801
none_moving,472,20,132,0.6115456958320651
none_moving,473,20,81,0.6008204365472134
none_moving,474,20,69,0.5974758412774507
none_moving,475,20,57,0.5760016257057785
none_moving,476,20,45,0.5832163132274754
none_moving,477,20,36,0.5769537477195065
none_moving,478,20,27,0.5747560387966408
none_moving,479,20,15,0.573228151661411
none_moving,480,20,12,0.5702887577919227
none_moving,481,20,30,0.5704281247992203
none_moving,482,20,45,0.5742820467624862
none_moving,483,20,33,0.5788500151727239
none_moving,484,20,48,0.5819868676079772
none_moving,485,20,78,0.5814788818755835
none_moving,486,20,84,0.5842093361116665
none_moving,487,20,90,0.5921858798878011
none_moving,488,20,84,0.5931609869382293
none_moving,489,20,78,0.5914802025079465
none_moving,490,20,78,0.5934258689084142
none_moving,491,20,60,0.5964889888511139
none_moving,492,20,60,0.5965283993531529
none_moving,493,20,69,0.5845649509546705
none_moving,494,20,111,0.5726349316661647
none_moving,495,20,126,0.5790388346375215
none_moving,496,20,135,0.5746113560340677
none_moving,497,20,141,0.578095176013978
none_moving,498,20,129,0.5837931641435588
none_moving,499,20,105,0.5938850849419203
none_moving,500,20,57,0.5984177125650612
none_moving,501,20,60,0.604531464851631
none_moving,502,20,45,0.5941249459084061
none_moving,503,20,30,0.5951450622978193
none_moving,504,20,33,0.5967808612587583
none_moving,505,20,30,0.5942394962447206
none_moving,506,20,27,0.5990669599621833
none_moving,507,20,27,0.6023642744038482
none_moving,508,20,6,0.6030980777176383
none_moving,509,20,15,0.6040960420533844
none_moving,510,20,12,0.6138467119218503
none_moving,511,20,21,0.6209765726460625
none_moving,512,20,48,0.625566600713251
none_moving,513,20,54,0.6304764904537258
none_moving,514,20,81,0.6261199351144701
none_moving,515,20,78,0.6312382822622792
none_moving,516,20,81,0.633789540389702
none_moving,517,20,81,0.6332529174996222
none_moving,518,20,66,0.6371974152999133
none_moving,519,20,42,0.640759184729288
none_moving,520,20,45,0.6504404216918835
none_moving,521,20,27,0.6547655706786094
none_moving,522,20,42,0.6532191019229691
none_moving,523,20,78,0.6487667565786763
none_moving,524,20,102,0.6512228995946792
none_moving,525,20,87,0.644063793039674
none_moving,526,20,99,0.6459631215425607
none_moving,527,20,84,0.6346120445947534
none_moving,528,20,60,0.6268673650991621
none_moving,529,20,69,0.6270203838846562
none_moving,530,20,21,0.6305063910127926
none_moving,531,20,15,0.6359824030529803
none_moving,532,20,18,0.6303582335117531
none_moving,533,20,6,0.6232892817946701
none_moving,534,20,9,0.6194502534700882
none_moving,535,20,21,0.6182199129745566
none_moving,536,20,36,0.617208312235004
none_moving,537,20,45,0.6187110840903316
none_moving,538,20,30,0.6208996556592123
none_moving,539,20,48,0.6235581312433452
none_moving,540,20,45,0.6285264299009022
none_moving,541,20,78,0.6099348201530373
none_moving,542,20,78,0.5965214562647839
none_moving,543,20,45,0.5837864318879742
none_moving,544,20,78,0.5725030613756137
none_moving,545,20,60,0.5512821077198161
none_moving,546,20,66,0.5326513633643187
none_moving,547,20,72,0.4970731100588997
none_moving,548,20,30,0.48494076521710694
none_moving,549,20,27,0.4819423797082891
none_moving,550,20,18,0.4964753823382919
none_moving,551,20,54,0.5121417642435245
none_moving,552,20,81,0.5151439486534496
none_moving,553,20,90,0.5055878378416747
none_moving,554,20,93,0.5012091975260685
none_moving,555,20,87,0.5003771341044442
none_moving,556,20,126,0.5031636564369965
none_moving,557,20,132,0.4998611796124799
none_moving,558,20,57,0.4971296759260289
none_moving,559,20,66,0.4942784525892771
none_moving,560,20,48,0.4886222877350727
none_moving,561,20,63,0.4889193254266216
none_moving,562,20,72,0.4888530947972223
none_moving,563,20,36,0.4875965812609028
none_moving,564,20,51,0.4895227055933741
none_moving,565,20,78,0.4662056132917736
none_moving,566,20,60,0.4482314328873055
none_moving,567,20,75,0.4390512703203038
none_moving,568,20,72,0.4303534111241141
none_moving,569,20,69,0.4120187726191104
none_moving,570,20,63,0.39511680832719787
none_moving,571,20,51,0.39047554425318326
none_moving,572,20,54,0.3967249346860225
none_moving,573,20,21,0.40193687704364683
none_moving,574,20,33,0.40985700380377404
none_moving,575,20,9,0.41158922535902975
none_moving,576,20,15,0.41538242134727504
none_moving,577,20,21,0.4146799023589745
none_moving,578,20,18,0.4132815749411039
none_moving,579,20,39,0.4119107464241559
none_moving,580,20,87,0.4142494651885488
none_moving,581,20,99,0.4172817692188386
none_moving,582,20,108,0.42171222878221076
none_moving,583,20,105,0.41881726814818465
none_moving,584,20,144,0.4111384829917015
none_moving,585,20,117,0.41538536625305506
none_moving,586,20,111,0.41501305548367884
none_moving,587,20,108,0.4123792127271075
none_moving,588,20,69,0.4107586577576849
none_moving,589,20,93,0.39610057863642567
none_moving,590,20,63,0.3987590752104119
none_moving,591,20,30,0.4062448912690324
none_moving,592,20,39,0.42483009951357015
none_moving,593,20,42,0.4395320504632542
none_moving,594,20,45,0.4512907797341225
none_moving,595,20,57,0.44247217148102136
none_moving,596,20,51,0.432195368939428
none_moving,597,20,48,0.4332933549104567
none_moving,598,20,51,0.4388515188391184
none_moving,599,20,51,0.4358559544768326
none_moving,600,20,45,0.44991590370674495
none_moving,0,35,0,18.720225893108573
none_moving,1,35,408,17.65415754844951
none_moving,2,35,665.1428571428571,16.98891770170347
none_moving,3,35,663.4285714285714,16.37628461673787
none_moving,4,35,675.4285714285714,15.828454240780548
none_moving,5,35,666.8571428571429,15.319428379216493
none_moving,6,35,673.7142857142857,14.855364058940538
none_moving,7,35,651.4285714285714,14.422513658935328
none_moving,8,35,219.42857142857142,14.039162968883604
none_moving,9,35,0,13.737261274071702
none_moving,10,35,0,13.499008912213945
none_moving,11,35,0,13.31061418987969
none_moving,12,35,0,13.161373016119871
none_moving,13,35,0,13.04295691465992
none_moving,14,35,0,12.948866717916943
none_moving,15,35,0,12.874015080286881
none_moving,16,35,0,12.81440771318129
none_moving,17,35,0,12.766899647069062
none_moving,18,35,0,12.729008302942928
none_moving,19,35,0,12.698769569438829
none_moving,20,35,0,12.674626508448528
none_moving,21,35,13.714285714285714,12.655342911067988
none_moving,22,35,116.57142857142857,12.459353165734319
none_moving,23,35,15.428571428571427,12.200053680110713
none_moving,24,35,0,11.9948438807197
none_moving,25,35,0,11.83217868361336
none_moving,26,35,0,11.703049027250733
none_moving,27,35,0,11.600408704511597
none_moving,28,35,36,11.494821370946166
none_moving,29,35,216,11.285653970701386
none_moving,30,35,252,11.118904437750365
none_moving,31,35,253.71428571428572,10.954989997326082
none_moving,32,35,269.14285714285717,10.80851788663273
none_moving,33,35,248.57142857142858,10.668321119520908
none_moving,34,35,265.7142857142857,10.536254084378433
none_moving,35,35,219.42857142857142,10.42406392366556
none_moving,36,35,72,10.329516451361501
none_moving,37,35,89.14285714285714,10.160360338011564
none_moving,38,35,27.428571428571427,9.987268002612403
none_moving,39,35,8.571428571428571,9.847157323409274
none_moving,40,35,0,9.735625246711948
none_moving,41,35,0,9.646768356879225
none_moving,42,35,0,9.575925574669297
none_moving,43,35,48,9.51027872632095
none_moving,44,35,178.28571428571428,9.408630161744869
none_moving,45,35,205.7142857142857,9.30778657248449
none_moving,46,35,202.28571428571428,9.211807814028344
none_moving,47,35,212.57142857142856,9.126121021582858
none_moving,48,35,207.42857142857144,9.04361212145051
none_moving,49,35,221.14285714285714,8.963570156333407
none_moving,50,35,207.42857142857144,8.852642539150713
none_moving,51,35,96,8.754283264012043
none_moving,52,35,37.714285714285715,8.624386159927347
none_moving,53,35,10.285714285714286,8.488067653271818
none_moving,54,35,1.7142857142857142,8.376883042141166
none_moving,55,35,17.142857142857142,8.282540537694365
none_moving,56,35,37.714285714285715,8.200513913842679
none_moving,57,35,80.57142857142857,8.13382287075642
none_moving,58,35,99.42857142857143,8.06856766493587
none_moving,59,35,133.71428571428572,8.010132005279871
none_moving,60,35,157.71428571428572,7.937450989004483
none_moving,61,35,168,7.87592816297051
none_moving,62,35,157.71428571428572,7.825571204477759
none_moving,63,35,135.42857142857142,7.776010289021773
none_moving,64,35,121.71428571428571,7.717253243015027
none_moving,65,35,123.42857142857142,7.611636154374938
none_moving,66,35,56.57142857142857,7.502663599926845
none_moving,67,35,42.85714285714286,7.394163868654828
none_moving,68,35,12,7.2898863620707735
none_moving,69,35,0,7.206744144189798
none_moving,70,35,0,7.140415798106868
none_moving,71,35,34.285714285714285,7.086985383003509
none_moving,72,35,73.71428571428572,7.0362969170822804
none_moving,73,35,106.28571428571428,6.983125237899275
none_moving,74,35,152.57142857142856,6.919529480275883
none_moving,75,35,150.85714285714286,6.862097516529866
none_moving,76,35,162.85714285714286,6.810905853100719
none_moving,77,35,156,6.755862427751672
none_moving,78,35,116.57142857142857,6.700095074081438
none_moving,79,35,113.14285714285714,6.639425112101608
none_moving,80,35,89.14285714285714,6.54663369567475
none_moving,81,35,37.714285714285715,6.466375931968987
none_moving,82,35,25.71428571428571,6.371238741122107
none_moving,83,35,8.571428571428571,6.281843402106193
none_moving,84,35,12,6.210412282488816
none_moving,85,35,30.857142857142854,6.150444513841845
none_moving,86,35,106.28571428571428,6.104800293129003
none_moving,87,35,147.42857142857144,6.052905180167159
none_moving,88,35,228,6.000193468808035
none_moving,89,35,248.57142857142858,5.9456032056789
none_moving,90,35,246.85714285714283,5.894608564374714
none_moving,91,35,246.85714285714283,5.846714190495785
none_moving,92,35,228,5.802607386972906
none_moving,93,35,144,5.74783994896035
none_moving,94,35,118.28571428571429,5.689891419201422
none_moving,95,35,36,5.61749493260943
none_moving,96,35,15.428571428571427,5.553851085024856
none_moving,97,35,22.285714285714285,5.479667718357882
none_moving,98,35,24,5.411118337897975
none_moving,99,35,53.14285714285714,5.355142456998063
none_moving,100,35,73.71428571428572,5.3032992561613135
none_moving,101,35,101.14285714285714,5.249366116586876
none_moving,102,35,123.42857142857142,5.191042192490222
none_moving,103,35,144,5.1432993064495065
none_moving,104,35,149.14285714285714,5.084588527807087
none_moving,105,35,135.42857142857142,5.0393511386286685
none_moving,106,35,125.14285714285715,4.991919985549006
none_moving,107,35,97.71428571428571,4.939861185166597
none_moving,108,35,54.857142857142854,4.888461823859267
none_moving,109,35,54.857142857142854,4.834225657590298
none_moving,110,35,30.857142857142854,4.77935776796354
none_moving,111,35,15.428571428571427,4.73242551032025
none_moving,112,35,12,4.677761100898212
none_moving,113,35,37.714285714285715,4.624573258701911
none_moving,114,35,101.14285714285714,4.578740569412608
none_moving,115,35,145.7142857142857,4.536048121028477
none_moving,116,35,181.71428571428572,4.495473892261286
none_moving,117,35,197.14285714285714,4.450442359125623
none_moving,118,35,198.85714285714286,4.415625527107864
none_moving,119,35,205.7142857142857,4.376126191124868
none_moving,120,35,169.71428571428572,4.3445866427235345
none_moving,121,35,114.85714285714286,4.314255213451596
none_moving,122,35,94.28571428571428,4.281583231103001
none_moving,123,35,34.285714285714285,4.242710642604824
none_moving,124,35,30.857142857142854,4.195658603450947
none_moving,125,35,39.42857142857143,4.1434168171461545
none_moving,126,35,44.57142857142857,4.098431852584265
none_moving,127,35,84,4.044032506940447
none_moving,128,35,102.85714285714285,3.9928480768644197
none_moving,129,35,135.42857142857142,3.95026413627969
none_moving,130,35,137.14285714285714,3.901887767240069
none_moving,131,35,190.28571428571428,3.8480231796994087
none_moving,132,35,190.28571428571428,3.793373789580694
none_moving,133,35,183.42857142857142,3.7534649369920414
none_moving,134,35,159.42857142857142,3.714438515523011
none_moving,135,35,135.42857142857142,3.672258174679965
none_moving,136,35,108,3.6358008141103184
none_moving,137,35,87.42857142857143,3.595608400839193
none_moving,138,35,34.285714285714285,3.5544108852006455
none_moving,139,35,18.857142857142858,3.5121889435289257
none_moving,140,35,6.857142857142857,3.471488417300462
none_moving,141,35,63.42857142857143,3.4388033620781564
none_moving,142,35,101.14285714285714,3.4023868370547454
none_moving,143,35,133.71428571428572,3.3725438662641207
none_moving,144,35,159.42857142857142,3.3481726154702343
none_moving,145,35,152.57142857142856,3.3248575976079557
none_moving,146,35,162.85714285714286,3.296003213039622
none_moving,147,35,162.85714285714286,3.268069872872315
none_moving,148,35,120,3.237823231963815
none_moving,149,35,84,3.210584643157778
none_moving,150,35,51.42857142857142,3.182431293934331
none_moving,151,35,10.285714285714286,3.155743359351622
none_moving,152,35,13.714285714285714,3.127680748145932
none_moving,153,35,8.571428571428571,3.101297530009401
none_moving,154,35,10.285714285714286,3.0733428936829528
none_moving,155,35,20.571428571428573,3.043123304111231
none_moving,156,35,82.28571428571429,3.0149197988254763
none_moving,157,35,137.14285714285714,2.9805848801213672
none_moving,158,35,156,2.9427112792849335
none_moving,159,35,168,2.90854856611083
none_moving,160,35,190.28571428571428,2.880977482387818
none_moving,161,35,195.42857142857142,2.846317482115512
none_moving,162,35,186.85714285714286,2.813793959132517
none_moving,163,35,126.85714285714286,2.7797934363790953
none_moving,164,35,77.14285714285715,2.7571008093833265
none_moving,165,35,48,2.733857328540508
none_moving,166,35,18.857142857142858,2.713372723146349
none_moving,167,35,18.857142857142858,2.6863755317308398
none_moving,168,35,1.7142857142857142,2.6610285317892752
none_moving,169,35,51.42857142857142,2.6338537284872467
none_moving,170,35,85.71428571428572,2.609072908362717
none_moving,171,35,168,2.5849861978975297
none_moving,172,35,178.28571428571428,2.5604612790231074
none_moving,173,35,174.85714285714286,2.537856344535953
none_moving,174,35,166.28571428571428,2.5199091045114366
none_moving,175,35,166.28571428571428,2.50172708003658
none_moving,176,35,156,2.4866661636605385
none_moving,177,35,138.85714285714286,2.4694603657547676
none_moving,178,35,42.85714285714286,2.4469879119280358
none_moving,179,35,42.85714285714286,2.4165165211165602
none_moving,180,35,27.428571428571427,2.3942221764074136
none_moving,181,35,24,2.3677279908864173
none_moving,182,35,29.142857142857142,2.347416294580699
none_moving,183,35,51.42857142857142,2.3294655591386673
none_moving,184,35,96,2.3125754472214437
none_moving,185,35,106.28571428571428,2.2961267387524726
none_moving,186,35,120,2.279617864897032
none_moving,187,35,135.42857142857142,2.252333718151536
none_moving,188,35,156,2.2293676163537657
none_moving,189,35,156,2.200030515496377
none_moving,190,35,149.14285714285714,2.1775471405681004
none_moving,191,35,106.28571428571428,2.16106193698162
none_moving,192,35,84,2.134991439690404
none_moving,193,35,58.285714285714285,2.109390666728388
none_moving,194,35,48,2.084661745396127
none_moving,195,35,27.428571428571427,2.0627685335326675
none_moving,196,35,8.571428571428571,2.044877032638437
none_moving,197,35,32.57142857142857,2.028689465648716
none_moving,198,35,63.42857142857143,2.0147634623819477
none_moving,199,35,130.28571428571428,1.9959389816050106
none_moving,200,35,137.14285714285714,1.9838164103279818
none_moving,201,35,185.14285714285714,1.9665217940464157
none_moving,202,35,168,1.9491248206577614
none_moving,203,35,156,1.9356402781771418
none_moving,204,35,145.7142857142857,1.9214234526968854
none_moving,205,35,120,1.9032246372056085
none_moving,206,35,75.42857142857143,1.8870404395062048
none_moving,207,35,56.57142857142857,1.8679136527571272
none_moving,208,35,17.142857142857142,1.8465046579596902
none_moving,209,35,18.857142857142858,1.8241244721043817
none_moving,210,35,17.142857142857142,1.802098064889621
none_moving,211,35,77.14285714285715,1.781029531118102
none_moving,212,35,154.2857142857143,1.7608518642868072
none_moving,213,35,152.57142857142856,1.7404223159858239
none_moving,214,35,193.71428571428572,1.7196931463059326
none_moving,215,35,186.85714285714286,1.7001821107561774
none_moving,216,35,186.85714285714286,1.684159848641458
none_moving,217,35,178.28571428571428,1.6687177180609591
none_moving,218,35,133.71428571428572,1.658659773832433
none_moving,219,35,44.57142857142857,1.6476842678908523
none_moving,220,35,30.857142857142854,1.634644963159631
none_moving,221,35,27.428571428571427,1.6244922130350699
none_moving,222,35,39.42857142857143,1.6102415986101921
none_moving,223,35,32.57142857142857,1.5983495640629681
none_moving,224,35,36,1.58733226765576
none_moving,225,35,44.57142857142857,1.5735317994142224
none_moving,226,35,58.285714285714285,1.5563293616688496
none_moving,227,35,106.28571428571428,1.5394871851704688
none_moving,228,35,152.57142857142856,1.5204258630741865
none_moving,229,35,140.57142857142858,1.4919770896973723
none_moving,230,35,132,1.475221430207397
none_moving,231,35,149.14285714285714,1.4547178848848659
none_moving,232,35,147.42857142857144,1.4336419173223283
none_moving,233,35,125.14285714285715,1.4104658604216498
none_moving,234,35,68.57142857142857,1.3902565897507257
none_moving,235,35,22.285714285714285,1.3687854846998655
none_moving,236,35,20.571428571428573,1.3495013179109154
none_moving,237,35,25.71428571428571,1.3301182251388082
none_moving,238,35,60,1.3136284123352948
none_moving,239,35,94.28571428571428,1.2989405316846638
none_moving,240,35,104.57142857142857,1.2807099419677006
none_moving,241,35,133.71428571428572,1.266465909072597
none_moving,242,35,173.14285714285714,1.2529370208880886
none_moving,243,35,204,1.2344945555856341
none_moving,244,35,186.85714285714286,1.2247354710747913
none_moving,245,35,157.71428571428572,1.2146082581399318
none_moving,246,35,116.57142857142857,1.2066130579464769
none_moving,247,35,99.42857142857143,1.2011883967642902
none_moving,248,35,78.85714285714286,1.1925612670651047
none_moving,249,35,61.71428571428571,1.1844794371658371
none_moving,250,35,18.857142857142858,1.1772572223127409
none_moving,251,35,10.285714285714286,1.17195385604903
none_moving,252,35,12,1.1674386998631627
none_moving,253,35,15.428571428571427,1.1613313028253163
none_moving,254,35,68.57142857142857,1.1602273963673897
none_moving,255,35,140.57142857142858,1.1421023999721753
none_moving,256,35,190.28571428571428,1.1206370083175323
none_moving,257,35,193.71428571428572,1.1096528963919075
none_moving,258,35,192,1.0921415600214723
none_moving,259,35,221.14285714285714,1.0802164858748102
none_moving,260,35,229.71428571428572,1.0625455889932598
none_moving,261,35,157.71428571428572,1.042153091857879
none_moving,262,35,96,1.022507492033325
none_moving,263,35,39.42857142857143,1.0051211879177955
none_moving,264,35,41.142857142857146,0.9838997404810818
none_moving,265,35,27.428571428571427,0.9690403277346836
none_moving,266,35,15.428571428571427,0.9559411498358548
none_moving,267,35,58.285714285714285,0.9393478468407063
none_moving,268,35,84,0.9228256321224076
none_moving,269,35,102.85714285714285,0.9091467379492428
none_moving,270,35,123.42857142857142,0.8978761924470041
none_moving,271,35,130.28571428571428,0.8909710678823138
none_moving,272,35,135.42857142857142,0.8851605335243354
none_moving,273,35,152.57142857142856,0.8780868575722488
none_moving,274,35,126.85714285714286,0.871194101549394
none_moving,275,35,130.28571428571428,0.8651113822600186
none_moving,276,35,89.14285714285714,0.8619905980054844
none_moving,277,35,66.85714285714286,0.8575784317544094
none_moving,278,35,46.285714285714285,0.8556331150139317
none_moving,279,35,54.857142857142854,0.850865175353799
none_moving,280,35,25.71428571428571,0.8480224378839145
none_moving,281,35,22.285714285714285,0.8447675453209105
none_moving,282,35,128.57142857142856,0.8308208893369792
none_moving,283,35,190.28571428571428,0.8233848005662088
none_moving,284,35,282.8571428571429,0.8083631590237842
none_moving,285,35,291.4285714285714,0.8001688040814848
none_moving,286,35,286.2857142857143,0.790037272295028
none_moving,287,35,288,0.7784341785533389
none_moving,288,35,284.57142857142856,0.7737274613027251
none_moving,289,35,185.14285714285714,0.7698751995390596
none_moving,290,35,120,0.7641384980453673
none_moving,291,35,25.71428571428571,0.7597425313387215
none_moving,292,35,17.142857142857142,0.7556879524869352
none_moving,293,35,15.428571428571427,0.7516140691007764
none_moving,294,35,24,0.7472752869230582
none_moving,295,35,36,0.7452022564072993
none_moving,296,35,54.857142857142854,0.7416200604271311
none_moving,297,35,116.57142857142857,0.7426998449458058
none_moving,298,35,132,0.7451848226500943
none_moving,299,35,121.71428571428571,0.7442681986980372
none_moving,300,35,133.71428571428572,0.7405459115620617
none_moving,301,35,162.85714285714286,0.7382320803861908
none_moving,302,35,168,0.7202628059529519
none_moving,303,35,156,0.7112529048881547
none_moving,304,35,94.28571428571428,0.7008558434189601
none_moving,305,35,75.42857142857143,0.6961102623682223
none_moving,306,35,68.57142857142857,0.6888020390590937
none_moving,307,35,51.42857142857142,0.6841470627469818
none_moving,308,35,27.428571428571427,0.6812467569067271
none_moving,309,35,32.57142857142857,0.6796277224221035
none_moving,310,35,78.85714285714286,0.6785157353066733
none_moving,311,35,90.85714285714286,0.674246012765277
none_moving,312,35,137.14285714285714,0.6728567898193087
none_moving,313,35,140.57142857142858,0.6712713805359639
none_moving,314,35,138.85714285714286,0.6649390485590921
none_moving,315,35,133.71428571428572,0.6631611763393477
none_moving,316,35,120,0.6632801298350144
none_moving,317,35,89.14285714285714,0.6565608821657909
none_moving,318,35,80.57142857142857,0.6485617020084624
none_moving,319,35,44.57142857142857,0.646972735885997
none_moving,320,35,29.142857142857142,0.6398639284589539
none_moving,321,35,29.142857142857142,0.6400333149588454
none_moving,322,35,34.285714285714285,0.6385275921619111
none_moving,323,35,63.42857142857143,0.6314595316722409
none_moving,324,35,94.28571428571428,0.6247697054682118
none_moving,325,35,171.42857142857144,0.6089650890314724
none_moving,326,35,178.28571428571428,0.6022565624970715
none_moving,327,35,178.28571428571428,0.600386946793058
none_moving,328,35,198.85714285714286,0.5929600840468684
none_moving,329,35,217.71428571428572,0.5920942800178818
none_moving,330,35,202.28571428571428,0.5934495944927694
none_moving,331,35,193.71428571428572,0.5916955861347256
none_moving,332,35,111.42857142857143,0.586763817449766
none_moving,333,35,106.28571428571428,0.5848844899135821
none_moving,334,35,87.42857142857143,0.5871647500262719
none_moving,335,35,49.714285714285715,0.5890968381450773
none_moving,336,35,36,0.5895699955268284
none_moving,337,35,25.71428571428571,0.5913051883731274
none_moving,338,35,37.714285714285715,0.592427071815819
none_moving,339,35,89.14285714285714,0.5854288880865587
none_moving,340,35,138.85714285714286,0.5835412223139065
none_moving,341,35,135.42857142857142,0.56240111846265
none_moving,342,35,133.71428571428572,0.548857637593211
none_moving,343,35,164.57142857142858,0.5344215941837747
none_moving,344,35,152.57142857142856,0.522399742785995
none_moving,345,35,126.85714285714286,0.5169677750524866
none_moving,346,35,92.57142857142857,0.516893290285549
none_moving,347,35,48,0.5189266696123476
none_moving,348,35,36,0.5240265943200115
none_moving,349,35,30.857142857142854,0.5273153566650101
none_moving,350,35,32.57142857142857,0.5251082310214631
none_moving,351,35,27.428571428571427,0.5247162461244624
none_moving,352,35,27.428571428571427,0.5242119622764081
none_moving,353,35,61.71428571428571,0.5208005485464906
none_moving,354,35,90.85714285714286,0.52268757496194
none_moving,355,35,114.85714285714286,0.5243482660374992
none_moving,356,35,114.85714285714286,0.518944552670255
none_moving,357,35,108,0.5141765658246682
none_moving,358,35,125.14285714285715,0.4991097827937201
none_moving,359,35,126.85714285714286,0.4872357876550686
none_moving,360,35,113.14285714285714,0.471073673928881
none_moving,361,35,80.57142857142857,0.4489888847752896
none_moving,362,35,42.85714285714286,0.43517571843909786
none_moving,363,35,53.14285714285714,0.4226490943308937
none_moving,364,35,66.85714285714286,0.4063250693335023
none_moving,365,35,63.42857142857143,0.3951395737867079
none_moving,366,35,77.14285714285715,0.38911626053654713
none_moving,367,35,126.85714285714286,0.38017975727641334
none_moving,368,35,150.85714285714286,0.3751276640226944
none_moving,369,35,142.28571428571428,0.3736875887203943
none_moving,370,35,164.57142857142858,0.37014005136755507
none_moving,371,35,171.42857142857144,0.36459497929204615
none_moving,372,35,154.2857142857143,0.3637285639336481
none_moving,373,35,145.7142857142857,0.3507176034359018
none_moving,374,35,97.71428571428571,0.34232044637478665
none_moving,375,35,97.71428571428571,0.3364501107994101
none_moving,376,35,65.14285714285714,0.32696912414599116
none_moving,377,35,48,0.32685358058422076
none_moving,378,35,32.57142857142857,0.32786427919198646
none_moving,379,35,39.42857142857143,0.3278491927154684
none_moving,380,35,49.714285714285715,0.31786883414880407
none_moving,381,35,61.71428571428571,0.31172810235355564
none_moving,382,35,132,0.30450600306337955
none_moving,383,35,154.2857142857143,0.29791737848959754
none_moving,384,35,171.42857142857144,0.29255907111877616
none_moving,385,35,169.71428571428572,0.29116900852436295
none_moving,386,35,176.57142857142858,0.28786844784840804
none_moving,387,35,183.42857142857142,0.28586693413990083
none_moving,388,35,171.42857142857144,0.27068372035576954
none_moving,389,35,87.42857142857143,0.2642343438429425
none_moving,390,35,68.57142857142857,0.2584640902276396
none_moving,391,35,77.14285714285715,0.25138648344760783
none_moving,392,35,63.42857142857143,0.24402404001004208
none_moving,393,35,63.42857142857143,0.24036967577862678
none_moving,394,35,54.857142857142854,0.233284215566641
none_moving,395,35,109.71428571428571,0.22836164071951753
none_moving,396,35,125.14285714285715,0.21819638287038207
none_moving,397,35,123.42857142857142,0.22084409777550665
none_moving,398,35,137.14285714285714,0.21457321237385296
none_moving,399,35,130.28571428571428,0.21651107494804792
none_moving,400,35,132,0.21722133937563956
none_moving,401,35,130.28571428571428,0.21228388893098968
none_moving,402,35,77.14285714285715,0.21141198187467064
none_moving,403,35,70.28571428571429,0.20804435121858397
none_moving,404,35,46.285714285714285,0.2082886121013653
none_moving,405,35,10.285714285714286,0.2086374911228813
none_moving,406,35,25.71428571428571,0.20637215332708292
none_moving,407,35,36,0.20110117029770283
none_moving,408,35,46.285714285714285,0.19770743228075538
none_moving,409,35,78.85714285714286,0.19440823805913965
none_moving,410,35,145.7142857142857,0.19543612089613743
none_moving,411,35,161.14285714285714,0.19093351303273323
none_moving,412,35,178.28571428571428,0.18495405730839898
none_moving,413,35,154.2857142857143,0.17681450038632673
none_moving,414,35,150.85714285714286,0.18030132790361109
none_moving,415,35,154.2857142857143,0.17361946383487137
none_moving,416,35,116.57142857142857,0.1700389086157563
none_moving,417,35,44.57142857142857,0.17048237844118516
none_moving,418,35,32.57142857142857,0.17495682834455123
none_moving,419,35,56.57142857142857,0.17828370237476604
none_moving,420,35,46.285714285714285,0.18213605056745072
none_moving,421,35,65.14285714285714,0.18237481883834158
none_moving,422,35,133.71428571428572,0.18334257501460965
none_moving,423,35,152.57142857142856,0.18429973176880163
none_moving,424,35,164.57142857142858,0.18189076360022124
none_moving,425,35,243.42857142857142,0.1671283390315265
none_moving,426,35,224.57142857142858,0.16108792937672917
none_moving,427,35,205.7142857142857,0.1590927646429612
none_moving,428,35,185.14285714285714,0.1628967800703515
none_moving,429,35,132,0.16030554059298344
none_moving,430,35,128.57142857142856,0.15619014717962887
none_moving,431,35,104.57142857142857,0.15162377282177203
none_moving,432,35,42.85714285714286,0.15181547040573012
none_moving,433,35,24,0.15246513052956573
none_moving,434,35,46.285714285714285,0.15295554440308579
none_moving,435,35,51.42857142857142,0.1529350756827748
none_moving,436,35,53.14285714285714,0.15374640411334461
none_moving,437,35,92.57142857142857,0.1597507534034533
none_moving,438,35,118.28571428571429,0.15889851283555792
none_moving,439,35,137.14285714285714,0.15855458658108065
none_moving,440,35,162.85714285714286,0.1528219467911108
none_moving,441,35,132,0.15389195202914957
none_moving,442,35,116.57142857142857,0.15871018407983717
none_moving,443,35,116.57142857142857,0.16213946956568595
none_moving,444,35,72,0.16187348041115396
none_moving,445,35,68.57142857142857,0.16283024544586924
none_moving,446,35,53.14285714285714,0.15176334699737784
none_moving,447,35,13.714285714285714,0.14656560924000428
none_moving,448,35,24,0.14615578450071876
none_moving,449,35,24,0.14939986956966841
none_moving,450,35,51.42857142857142,0.15549547677790898
none_moving,451,35,73.71428571428572,0.15805040873368026
none_moving,452,35,133.71428571428572,0.15881122686755544
none_moving,453,35,168,0.16217214946065076
none_moving,454,35,183.42857142857142,0.1574018172530546
none_moving,455,35,200.57142857142858,0.15582146720753956
none_moving,456,35,192,0.14799621653572154
none_moving,457,35,157.71428571428572,0.14330214257250395
none_moving,458,35,157.71428571428572,0.13820324423664218
none_moving,459,35,85.71428571428572,0.13914169940058235
none_moving,460,35,36,0.14311229043591928
none_moving,461,35,37.714285714285715,0.14778173602346156
none_moving,462,35,90.85714285714286,0.14787083267987894
none_moving,463,35,102.85714285714285,0.1546976298237762
none_moving,464,35,104.57142857142857,0.15591745543764485
none_moving,465,35,109.71428571428571,0.15564734118416948
none_moving,466,35,125.14285714285715,0.15932092365334177
none_moving,467,35,152.57142857142856,0.16104218958761563
none_moving,468,35,133.71428571428572,0.15761993764020701
none_moving,469,35,108,0.1616870887341335
none_moving,470,35,85.71428571428572,0.15742051806301624
none_moving,471,35,72,0.1520495815559752
none_moving,472,35,65.14285714285714,0.15121506001751092
none_moving,473,35,61.71428571428571,0.15027689389551946
none_moving,474,35,37.714285714285715,0.1519505744883076
none_moving,475,35,29.142857142857142,0.15724723594307974
none_moving,476,35,39.42857142857143,0.1573528889344212
none_moving,477,35,39.42857142857143,0.15821256966918584
none_moving,478,35,80.57142857142857,0.1577228643963473
none_moving,479,35,87.42857142857143,0.15493297348614649
none_moving,480,35,161.14285714285714,0.15699290218753983
none_moving,481,35,202.28571428571428,0.15576940794038532
none_moving,482,35,267.42857142857144,0.1584511087820609
none_moving,483,35,241.71428571428572,0.1574501457007579
none_moving,484,35,222.85714285714286,0.14793060427952864
none_moving,485,35,190.28571428571428,0.14552732939383953
none_moving,486,35,178.28571428571428,0.14301505490809352
none_moving,487,35,130.28571428571428,0.14579113137641242
none_moving,488,35,68.57142857142857,0.15034088004852056
none_moving,489,35,25.71428571428571,0.1499795997443276
none_moving,490,35,41.142857142857146,0.15470770038663464
none_moving,491,35,48,0.16310691845888664
none_moving,492,35,51.42857142857142,0.17086781384094907
none_moving,493,35,78.85714285714286,0.1794475031111866
none_moving,494,35,94.28571428571428,0.1810904278098589
none_moving,495,35,138.85714285714286,0.1846792577570478
none_moving,496,35,133.71428571428572,0.18677747765124006
none_moving,497,35,130.28571428571428,0.1853970803581741
none_moving,498,35,106.28571428571428,0.18321620500118968
none_moving,499,35,92.57142857142857,0.1862350056789885
none_moving,500,35,72,0.17709729211686415
none_moving,501,35,63.42857142857143,0.1684170116468302
none_moving,502,35,29.142857142857142,0.16406947541254807
none_moving,503,35,8.571428571428571,0.16041995102230266
none_moving,504,35,8.571428571428571,0.15098188407245036
none_moving,505,35,18.857142857142858,0.14656643389673565
none_moving,506,35,77.14285714285715,0.13591865341981638
none_moving,507,35,75.42857142857143,0.12766361498766735
none_moving,508,35,132,0.12222297508599464
none_moving,509,35,210.85714285714286,0.11854378654607482
none_moving,510,35,282.8571428571429,0.1099311329943273
none_moving,511,35,288,0.10208441566240409
none_moving,512,35,264,0.09138807502811289
none_moving,513,35,229.71428571428572,0.08795790526374031
none_moving,514,35,221.14285714285714,0.08911989273408052
none_moving,515,35,156,0.0903276550099483
none_moving,516,35,75.42857142857143,0.09236304501525251
none_moving,517,35,8.571428571428571,0.10047102049749003
none_moving,518,35,5.142857142857143,0.1099043648247836
none_moving,519,35,17.142857142857142,0.11639100096351768
none_moving,520,35,42.85714285714286,0.1217523465238861
none_moving,521,35,70.28571428571429,0.12791443346990156
none_moving,522,35,94.28571428571428,0.13192679507940103
none_moving,523,35,171.42857142857144,0.13543893459892217
none_moving,524,35,183.42857142857142,0.13144610658001016
none_moving,525,35,183.42857142857142,0.13194605393890266
none_moving,526,35,197.14285714285714,0.12928645807789244
none_moving,527,35,157.71428571428572,0.12321307841714464
none_moving,528,35,128.57142857142856,0.10962559546152706
none_moving,529,35,128.57142857142856,0.10971395163788394
none_moving,530,35,65.14285714285714,0.11439719238166669
none_moving,531,35,15.428571428571427,0.12012880927205895
none_moving,532,35,8.571428571428571,0.12929650886341734
none_moving,533,35,5.142857142857143,0.1385166200160687
none_moving,534,35,20.571428571428573,0.14536579048082604
none_moving,535,35,36,0.15187656161233112
none_moving,536,35,80.57142857142857,0.15449066356412428
none_moving,537,35,106.28571428571428,0.1578507164341268
none_moving,538,35,118.28571428571429,0.15864948574373705
none_moving,539,35,133.71428571428572,0.15887482148627163
none_moving,540,35,140.57142857142858,0.15611923998001762
none_moving,541,35,156,0.14843930638018332
none_moving,542,35,130.28571428571428,0.14931053598091024
none_moving,543,35,84,0.13211970774211504
none_moving,544,35,90.85714285714286,0.121871236021329
none_moving,545,35,51.42857142857142,0.12051946453431893
none_moving,546,35,37.714285714285715,0.12274054401402233
none_moving,547,35,58.285714285714285,0.12162991688659108
none_moving,548,35,68.57142857142857,0.12401509941571105
none_moving,549,35,85.71428571428572,0.12804583277752968
none_moving,550,35,133.71428571428572,0.12464757602503095
none_moving,551,35,219.42857142857142,0.11859067320958455
none_moving,552,35,238.28571428571428,0.11166775146242931
none_moving,553,35,245.1428571428571,0.11004804838993996
none_moving,554,35,229.71428571428572,0.11425119194441861
none_moving,555,35,200.57142857142858,0.11648259470162647
none_moving,556,35,188.57142857142856,0.1254522638918277
none_moving,557,35,140.57142857142858,0.1279078024604943
none_moving,558,35,78.85714285714286,0.12835718870035492
none_moving,559,35,54.857142857142854,0.12876577222412597
none_moving,560,35,48,0.13131923514428118
none_moving,561,35,42.85714285714286,0.13661245496261404
none_moving,562,35,20.571428571428573,0.1423828864397862
none_moving,563,35,13.714285714285714,0.15228289867141523
none_moving,564,35,42.85714285714286,0.16166048969233002
none_moving,565,35,61.71428571428571,0.1671625934575312
none_moving,566,35,70.28571428571429,0.17166269932064107
none_moving,567,35,82.28571428571429,0.17225727975582944
none_moving,568,35,99.42857142857143,0.18405627163099358
none_moving,569,35,92.57142857142857,0.18805066854445107
none_moving,570,35,99.42857142857143,0.1909428850684674
none_moving,571,35,104.57142857142857,0.18641358179632778
none_moving,572,35,96,0.18762095586098962
none_moving,573,35,70.28571428571429,0.1840474680084488
none_moving,574,35,36,0.18980090498204288
none_moving,575,35,75.42857142857143,0.19988577187107048
none_moving,576,35,120,0.19810764539539075
none_moving,577,35,128.57142857142856,0.2015253545678546
none_moving,578,35,159.42857142857142,0.20321563971675063
none_moving,579,35,183.42857142857142,0.18940507860632574
none_moving,580,35,181.71428571428572,0.1887713477227142
none_moving,581,35,197.14285714285714,0.18661053360940597
none_moving,582,35,171.42857142857144,0.18517416865502917
none_moving,583,35,156,0.18354184976044777
none_moving,584,35,156,0.18719260224337053
none_moving,585,35,121.71428571428571,0.17748407220540233
none_moving,586,35,94.28571428571428,0.16716347906085688
none_moving,587,35,92.57142857142857,0.15753505900285864
none_moving,588,35,80.57142857142857,0.1496683286048849
none_moving,589,35,53.14285714285714,0.15198881291920285
none_moving,590,35,29.142857142857142,0.15766079965212595
none_moving,591,35,17.142857142857142,0.1647235252699935
none_moving,592,35,12,0.1731407848670145
none_moving,593,35,25.71428571428571,0.18117622323054072
none_moving,594,35,54.857142857142854,0.18488390925062395
none_moving,595,35,123.42857142857142,0.18582766385388882
none_moving,596,35,147.42857142857144,0.18655163273550848
none_moving,597,35,138.85714285714286,0.18619819434822157
none_moving,598,35,144,0.18684743205434579
none_moving,599,35,161.14285714285714,0.18384866376442574
none_moving,600,35,157.71428571428572,0.1872487014737843
none_moving,0,50,0,21.50020158859256
none_moving,1,50,415.2,21.120858637798833
none_moving,2,50,680.4,20.621646581223533
none_moving,3,50,700.8,20.17249715381367
none_moving,4,50,704.4,19.76220223853454
none_moving,5,50,738,19.38587697679111
none_moving,6,50,698.4000000000001,19.034717225740327
none_moving,7,50,676.8,18.703023367882224
none_moving,8,50,199.2,18.397935741847874
none_moving,9,50,0,18.156053476843503
none_moving,10,50,0,17.964009812926253
none_moving,11,50,0,17.811343156057053
none_moving,12,50,0,17.689846558340992
none_moving,13,50,0,17.593065685029668
none_moving,14,50,0,17.515912119916358
none_moving,15,50,0,17.454365199547546
none_moving,16,50,0,17.4052415056898
none_moving,17,50,0,17.366016053707245
none_moving,18,50,0,17.33468306627472
none_moving,19,50,0,17.309647166880755
none_moving,20,50,0,17.2896380493427
none_moving,21,50,14.399999999999999,17.273643345820737
none_moving,22,50,134.4,17.111517751520186
none_moving,23,50,10.799999999999999,16.880343756740015
none_moving,24,50,0,16.696262153457344
none_moving,25,50,0,16.549564787459015
none_moving,26,50,0,16.432580454171557
none_moving,27,50,0,16.339237377209088
none_moving,28,50,22.8,16.26847024652996
none_moving,29,50,245.99999999999997,16.117780160598468
none_moving,30,50,292.8,15.953714765836638
none_moving,31,50,286.8,15.797066097581652
none_moving,32,50,282,15.645617649569298
none_moving,33,50,298.8,15.505674588594529
none_moving,34,50,292.8,15.374584139494434
none_moving,35,50,284.40000000000003,15.249861206323777
none_moving,36,50,92.4,15.142664849699853
none_moving,37,50,80.4,14.990845725532983
none_moving,38,50,9.6,14.813175687995374
none_moving,39,50,0,14.671488294771681
none_moving,40,50,0,14.558434045223162
none_moving,41,50,0,14.468184387776738
none_moving,42,50,0,14.396111030921087
none_moving,43,50,50.4,14.319430571866258
none_moving,44,50,98.39999999999999,14.235351321167169
none_moving,45,50,99.6,14.157038256530255
none_moving,46,50,97.2,14.091722938657396
none_moving,47,50,93.60000000000001,14.032244988612167
none_moving,48,50,96,13.98052149868918
none_moving,49,50,106.8,13.931400363690658
none_moving,50,50,99.6,13.857026669720147
none_moving,51,50,7.199999999999999,13.773091455919324
none_moving,52,50,62.400000000000006,13.64332176899468
none_moving,53,50,7.199999999999999,13.489662382723274
none_moving,54,50,0,13.36708631328864
none_moving,55,50,0,13.269256731123626
none_moving,56,50,43.199999999999996,13.177890918678523
none_moving,57,50,153.6,13.067014122769473
none_moving,58,50,216,12.941868840731605
none_moving,59,50,283.2,12.820621790733291
none_moving,60,50,301.2,12.68103987831552
none_moving,61,50,301.2,12.56006897877947
none_moving,62,50,292.8,12.437148290919746
none_moving,63,50,262.8,12.316217141918953
none_moving,64,50,198,12.20447869192714
none_moving,65,50,118.8,12.087689570062896
none_moving,66,50,32.400000000000006,11.9839275820164
none_moving,67,50,50.4,11.872630039274723
none_moving,68,50,8.4,11.76221389512818
none_moving,69,50,0,11.674050240892127
none_moving,70,50,6,11.603357618805303
none_moving,71,50,31.200000000000003,11.541951912208306
none_moving,72,50,69.6,11.484683343975096
none_moving,73,50,85.19999999999999,11.42841418618202
none_moving,74,50,134.4,11.35360703927466
none_moving,75,50,146.4,11.284753547609554
none_moving,76,50,148.8,11.217495208281475
none_moving,77,50,160.8,11.15742117321882
none_moving,78,50,132,11.08772634013937
none_moving,79,50,122.4,11.008133369716052
none_moving,80,50,90,10.904845228215446
none_moving,81,50,26.4,10.811806264477587
none_moving,82,50,34.8,10.718327567362707
none_moving,83,50,2.4,10.63163232273753
none_moving,84,50,45.6,10.549666955024158
none_moving,85,50,109.2,10.464813143951897
none_moving,86,50,159.60000000000002,10.383869173541443
none_moving,87,50,210,10.283276133948778
none_moving,88,50,231.6,10.183510104915811
none_moving,89,50,272.4,10.083978523724067
none_moving,90,50,289.20000000000005,9.988828637240195
none_moving,91,50,248.39999999999998,9.895525278029288
none_moving,92,50,211.2,9.80922035881765
none_moving,93,50,158.4,9.719165367955444
none_moving,94,50,97.2,9.63380189076102
none_moving,95,50,78,9.543162818929757
none_moving,96,50,33.6,9.467927860837385
none_moving,97,50,26.4,9.400707587604245
none_moving,98,50,16.8,9.336123037983322
none_moving,99,50,42,9.279643839847685
none_moving,100,50,78,9.223916103569989
none_moving,101,50,88.8,9.172390391346624
none_moving,102,50,93.60000000000001,9.123260064252065
none_moving,103,50,122.4,9.081811938204046
none_moving,104,50,150,9.040172560403168
none_moving,105,50,153.6,8.99182668631736
none_moving,106,50,121.2,8.938629308807464
none_moving,107,50,88.8,8.88195844558458
none_moving,108,50,63.6,8.820890656206297
none_moving,109,50,73.2,8.75318300153851
none_moving,110,50,42,8.672074792427614
none_moving,111,50,20.400000000000002,8.60566964158541
none_moving,112,50,85.19999999999999,8.541903910784724
none_moving,113,50,109.2,8.470184471576616
none_moving,114,50,118.8,8.406339391589611
none_moving,115,50,153.6,8.339083381401302
none_moving,116,50,208.8,8.261592092404108
none_moving,117,50,242.4,8.176260173068687
none_moving,118,50,256.8,8.091712283760295
none_moving,119,50,235.2,8.015268689394352
none_moving,120,50,205.2,7.939011138804558
none_moving,121,50,183.6,7.862454557908635
none_moving,122,50,150,7.788978289237986
none_moving,123,50,96,7.712405080912292
none_moving,124,50,78,7.647547858118783
none_moving,125,50,43.199999999999996,7.5812879760844964
none_moving,126,50,13.2,7.5275290403637305
none_moving,127,50,22.8,7.479471624302778
none_moving,128,50,16.8,7.441108635430796
none_moving,129,50,67.2,7.408342061721506
none_moving,130,50,92.4,7.377997467237603
none_moving,131,50,138,7.339811743452176
none_moving,132,50,172.79999999999998,7.303995327624735
none_moving,133,50,172.79999999999998,7.267702565920308
none_moving,134,50,165.6,7.2310832825993625
none_moving,135,50,178.8,7.193867348664517
none_moving,136,50,154.8,7.147534796153803
none_moving,137,50,123.60000000000001,7.088896191206011
none_moving,138,50,80.4,7.025685935948301
none_moving,139,50,58.8,6.964534477189659
none_moving,140,50,62.400000000000006,6.899821578236658
none_moving,141,50,61.2,6.836626550245016
none_moving,142,50,85.19999999999999,6.780027018333421
none_moving,143,50,94.80000000000001,6.729124163172953
none_moving,144,50,135.6,6.667542763343953
none_moving,145,50,162,6.616989317068472
none_moving,146,50,186,6.558030480385672
none_moving,147,50,168,6.503709990004226
none_moving,148,50,135.6,6.450512971853753
none_moving,149,50,109.2,6.401170441707391
none_moving,150,50,98.39999999999999,6.3521247799955365
none_moving,151,50,58.8,6.304618213294069
none_moving,152,50,58.8,6.251606998493118
none_moving,153,50,34.8,6.196805413846544
none_moving,154,50,45.6,6.147134407946093
none_moving,155,50,42,6.098205290719282
none_moving,156,50,37.2,6.058028965329367
none_moving,157,50,84,6.0252198461707405
none_moving,158,50,124.80000000000001,5.986994843574193
none_moving,159,50,146.4,5.957006719487893
none_moving,160,50,169.2,5.9279366985129265
none_moving,161,50,170.39999999999998,5.897797479270025
none_moving,162,50,195.6,5.8674264107896485
none_moving,163,50,196.79999999999998,5.835447217913226
none_moving,164,50,156,5.79791960432483
none_moving,165,50,109.2,5.7552999393912625
none_moving,166,50,82.8,5.716901961901831
none_moving,167,50,78,5.674341548907232
none_moving,168,50,78,5.624023243640346
none_moving,169,50,108,5.5776978814225115
none_moving,170,50,112.8,5.5331695251783355
none_moving,171,50,117.6,5.489354608474892
none_moving,172,50,129.60000000000002,5.451045868159066
none_moving,173,50,159.60000000000002,5.413639510468947
none_moving,174,50,205.2,5.376200840235545
none_moving,175,50,199.2,5.331388890431757
none_moving,176,50,159.60000000000002,5.296256833507768
none_moving,177,50,146.4,5.262904206266582
none_moving,178,50,132,5.226796625238234
none_moving,179,50,105.6,5.186480098788914
none_moving,180,50,70.8,5.144504196724282
none_moving,181,50,46.800000000000004,5.105827428906896
none_moving,182,50,31.200000000000003,5.06395848965612
none_moving,183,50,18,5.0275962391541205
none_moving,184,50,30,4.994468570155982
none_moving,185,50,31.200000000000003,4.96301134448589
none_moving,186,50,33.6,4.938652513504248
none_moving,187,50,50.4,4.906133414932709
none_moving,188,50,66,4.874403290704951
none_moving,189,50,106.8,4.845835489745766
none_moving,190,50,96,4.812564447721993
none_moving,191,50,93.60000000000001,4.785383315187614
none_moving,192,50,106.8,4.755490307973402
none_moving,193,50,117.6,4.7279746373527995
none_moving,194,50,110.4,4.6915698500802305
none_moving,195,50,82.8,4.65160609874502
none_moving,196,50,96,4.61651714874532
none_moving,197,50,105.6,4.577612960357686
none_moving,198,50,96,4.539238853751131
none_moving,199,50,118.8,4.503861215336126
none_moving,200,50,142.79999999999998,4.471241730529175
none_moving,201,50,186,4.434886106289795
none_moving,202,50,207.6,4.400383726041098
none_moving,203,50,212.4,4.3677717181291955
none_moving,204,50,211.2,4.332763371382309
none_moving,205,50,182.4,4.297400610192098
none_moving,206,50,165.6,4.2654750901292005
none_moving,207,50,159.60000000000002,4.233993165813137
none_moving,208,50,102,4.200790700285997
none_moving,209,50,80.4,4.16820353946944
none_moving,210,50,50.4,4.132744257649679
none_moving,211,50,49.199999999999996,4.100809093348509
none_moving,212,50,55.2,4.064945032955889
none_moving,213,50,37.2,4.032526219692425
none_moving,214,50,15.600000000000001,4.007976120436639
none_moving,215,50,32.400000000000006,3.9857773334113498
none_moving,216,50,49.199999999999996,3.9686996126169474
none_moving,217,50,62.400000000000006,3.9554628580530333
none_moving,218,50,82.8,3.9394795270376513
none_moving,219,50,91.2,3.9237649444114275
none_moving,220,50,100.8,3.9014249679619097
none_moving,221,50,104.4,3.8808695788494716
none_moving,222,50,114,3.8542439622823483
none_moving,223,50,111.60000000000001,3.8283599396030916
none_moving,224,50,120,3.8052834776355953
none_moving,225,50,117.6,3.7805530732346884
none_moving,226,50,114,3.7559829678590106
none_moving,227,50,136.79999999999998,3.725357006515091
none_moving,228,50,172.79999999999998,3.692224387569411
none_moving,229,50,164.4,3.6637599592707235
none_moving,230,50,176.4,3.6430580106024943
none_moving,231,50,144,3.6206601482288936
none_moving,232,50,147.6,3.595027190186347
none_moving,233,50,166.79999999999998,3.5666193299977924
none_moving,234,50,158.4,3.537633939226297
none_moving,235,50,141.6,3.508546641033175
none_moving,236,50,135.6,3.4844673074799286
none_moving,237,50,128.4,3.458044680072827
none_moving,238,50,102,3.4304909210953154
none_moving,239,50,106.8,3.405267047555943
none_moving,240,50,93.60000000000001,3.383749691764131
none_moving,241,50,68.39999999999999,3.359773367614123
none_moving,242,50,54,3.339036871318875
none_moving,243,50,68.39999999999999,3.318459753906944
none_moving,244,50,87.6,3.294725719549983
none_moving,245,50,86.39999999999999,3.2733883548880383
none_moving,246,50,64.80000000000001,3.2547527089225863
none_moving,247,50,61.2,3.239841039897087
none_moving,248,50,73.2,3.2227672485758987
none_moving,249,50,66,3.2054000196536827
none_moving,250,50,52.8,3.1903454575968446
none_moving,251,50,49.199999999999996,3.1766144660475866
none_moving,252,50,86.39999999999999,3.161376944099192
none_moving,253,50,92.4,3.145558221734607
none_moving,254,50,108,3.1269643452535854
none_moving,255,50,174,3.0984807381282633
none_moving,256,50,186,3.0698321198390564
none_moving,257,50,199.2,3.0441155704807543
none_moving,258,50,181.2,3.0245891529547504
none_moving,259,50,156,3.007123465067897
none_moving,260,50,158.4,2.9906548442658565
none_moving,261,50,158.4,2.9704749899248992
none_moving,262,50,135.6,2.953451148359435
none_moving,263,50,128.4,2.9316628017263597
none_moving,264,50,136.79999999999998,2.910161629589814
none_moving,265,50,122.4,2.8876372936188313
none_moving,266,50,84,2.867439399423406
none_moving,267,50,86.39999999999999,2.8483563516082304
none_moving,268,50,82.8,2.8278269956366677
none_moving,269,50,96,2.806624003299495
none_moving,270,50,82.8,2.787398426747604
none_moving,271,50,74.4,2.769208440924415
none_moving,272,50,103.2,2.7516801877447556
none_moving,273,50,99.6,2.731441627881026
none_moving,274,50,79.2,2.7167266634389233
none_moving,275,50,86.39999999999999,2.7017427649826105
none_moving,276,50,88.8,2.684632604377511
none_moving,277,50,88.8,2.670768215797176
none_moving,278,50,78,2.650716793676093
none_moving,279,50,88.8,2.631841305553291
none_moving,280,50,109.2,2.6144445096116464
none_moving,281,50,105.6,2.596511861821243
none_moving,282,50,128.4,2.5768837985622906
none_moving,283,50,189.60000000000002,2.5602554167131504
none_moving,284,50,211.2,2.540334160266317
none_moving,285,50,190.8,2.518709615120844
none_moving,286,50,158.4,2.497865600755994
none_moving,287,50,160.8,2.4793357105788405
none_moving,288,50,172.79999999999998,2.4652605799472895
none_moving,289,50,160.8,2.450527631497249
none_moving,290,50,146.4,2.4415177989555135
none_moving,291,50,154.8,2.430334401538706
none_moving,292,50,168,2.416834634383492
none_moving,293,50,138,2.3984314373923663
none_moving,294,50,112.8,2.3766484340781795
none_moving,295,50,92.4,2.358886427203001
none_moving,296,50,86.39999999999999,2.3409904460471886
none_moving,297,50,90,2.3240747017657877
none_moving,298,50,60,2.3067823245957366
none_moving,299,50,58.8,2.2914423996544104
none_moving,300,50,61.2,2.2748669731525135
none_moving,301,50,60,2.2587442184749693
none_moving,302,50,61.2,2.2411714354034906
none_moving,303,50,62.400000000000006,2.2275350736523625
none_moving,304,50,52.8,2.2137063333195655
none_moving,305,50,37.2,2.2021051828545595
none_moving,306,50,78,2.1892198850077396
none_moving,307,50,82.8,2.1734788370719396
none_moving,308,50,117.6,2.156864345903724
none_moving,309,50,105.6,2.137066827207702
none_moving,310,50,116.39999999999999,2.1189787345831412
none_moving,311,50,140.39999999999998,2.10367443879836
none_moving,312,50,150,2.090366852321487
none_moving,313,50,127.2,2.070902312613687
none_moving,314,50,171.6,2.052629512311658
none_moving,315,50,165.6,2.0331794485086725
none_moving,316,50,162,2.017603293427869
none_moving,317,50,174,2.000427549680303
none_moving,318,50,201.6,1.9855461032170385
none_moving,319,50,186,1.9664588406683463
none_moving,320,50,177.6,1.9487287571579532
none_moving,321,50,140.39999999999998,1.9375304938461013
none_moving,322,50,134.4,1.9216944993053726
none_moving,323,50,151.2,1.9019641623168149
none_moving,324,50,147.6,1.887045397164869
none_moving,325,50,116.39999999999999,1.8691424081580306
none_moving,326,50,116.39999999999999,1.8489212458862385
none_moving,327,50,110.4,1.8369720984179385
none_moving,328,50,70.8,1.8268249448375207
none_moving,329,50,52.8,1.8182139845644683
none_moving,330,50,28.799999999999997,1.807408833389341
none_moving,331,50,14.399999999999999,1.800532327208526
none_moving,332,50,26.4,1.7912021064660473
none_moving,333,50,13.2,1.7833923602495951
none_moving,334,50,24,1.776631053197591
none_moving,335,50,54,1.771947188486782
none_moving,336,50,60,1.7638798106753397
none_moving,337,50,52.8,1.7581882078983604
none_moving,338,50,62.400000000000006,1.7528374602066346
none_moving,339,50,70.8,1.745388850265779
none_moving,340,50,75.6,1.7366485109424115
none_moving,341,50,120,1.7289569035468624
none_moving,342,50,151.2,1.716600279673372
none_moving,343,50,139.2,1.7046092456413964
none_moving,344,50,150,1.6954377374601541
none_moving,345,50,158.4,1.6839791582117487
none_moving,346,50,169.2,1.6758352585277116
none_moving,347,50,171.6,1.6632344521311424
none_moving,348,50,148.8,1.6486429494642518
none_moving,349,50,117.6,1.635866111758168
none_moving,350,50,134.4,1.6198892374263383
none_moving,351,50,138,1.6069633375709387
none_moving,352,50,132,1.5927772134328784
none_moving,353,50,120,1.5803240729306616
none_moving,354,50,145.2,1.5653522163760956
none_moving,355,50,136.79999999999998,1.5549331341594328
none_moving,356,50,123.60000000000001,1.5414703330518496
none_moving,357,50,111.60000000000001,1.5296598135325299
none_moving,358,50,92.4,1.5187141816818304
none_moving,359,50,112.8,1.5065834129017344
none_moving,360,50,114,1.4934586874502513
none_moving,361,50,105.6,1.4826662001059658
none_moving,362,50,112.8,1.471955308781862
none_moving,363,50,109.2,1.4615939152363613
none_moving,364,50,91.2,1.4560482008583366
none_moving,365,50,88.8,1.4504727864064009
none_moving,366,50,67.2,1.4464882170800737
none_moving,367,50,42,1.443071769905815
none_moving,368,50,55.2,1.4388312553166989
none_moving,369,50,67.2,1.4341116795139597
none_moving,370,50,67.2,1.4261018759537045
none_moving,371,50,62.400000000000006,1.4170199797569205
none_moving,372,50,72,1.4048104101417764
none_moving,373,50,76.8,1.3966053379014531
none_moving,374,50,106.8,1.3923996799888663
none_moving,375,50,106.8,1.3837953114261305
none_moving,376,50,120,1.376309129008124
none_moving,377,50,132,1.3631699237462895
none_moving,378,50,139.2,1.353158581057048
none_moving,379,50,134.4,1.346029855385797
none_moving,380,50,130.8,1.333953305405876
none_moving,381,50,108,1.3222959049234617
none_moving,382,50,142.79999999999998,1.313572674470479
none_moving,383,50,146.4,1.307358773452848
none_moving,384,50,142.79999999999998,1.2954258837657013
none_moving,385,50,124.80000000000001,1.2868075035044382
none_moving,386,50,115.19999999999999,1.2765129956671175
none_moving,387,50,120,1.260985075569659
none_moving,388,50,111.60000000000001,1.249895433524217
none_moving,389,50,74.4,1.2409196488586427
none_moving,390,50,70.8,1.2354442963920826
none_moving,391,50,46.800000000000004,1.2318576894952706
none_moving,392,50,60,1.2293409723915625
none_moving,393,50,82.8,1.2279789954846052
none_moving,394,50,78,1.2242892499110294
none_moving,395,50,85.19999999999999,1.2219781496445667
none_moving,396,50,76.8,1.2204707383633373
none_moving,397,50,105.6,1.2128787740125784
none_moving,398,50,138,1.2006691924592208
none_moving,399,50,146.4,1.1913595955910623
none_moving,400,50,147.6,1.1805309776397734
none_moving,401,50,145.2,1.1730013717613077
none_moving,402,50,154.8,1.1639193389544502
none_moving,403,50,165.6,1.1535876766710127
none_moving,404,50,140.39999999999998,1.1473912704463567
none_moving,405,50,153.6,1.139726467257723
none_moving,406,50,151.2,1.1290734398416582
none_moving,407,50,134.4,1.121433863524294
none_moving,408,50,105.6,1.1121552143459095
none_moving,409,50,111.60000000000001,1.1001217744292346
none_moving,410,50,120,1.0954771585311107
none_moving,411,50,102,1.0840114783687986
none_moving,412,50,105.6,1.076848130312991
none_moving,413,50,117.6,1.0681695634736736
none_moving,414,50,102,1.0570646397822012
none_moving,415,50,103.2,1.0477683459416607
none_moving,416,50,87.6,1.0369066371678433
none_moving,417,50,96,1.0294875515954123
none_moving,418,50,96,1.0243716804142562
none_moving,419,50,46.800000000000004,1.0204008707193999
none_moving,420,50,51.6,1.015091277816667
none_moving,421,50,49.199999999999996,1.0093835962365567
none_moving,422,50,42,1.0062246236171088
none_moving,423,50,36,1.003679633012649
none_moving,424,50,68.39999999999999,1.00026885574178
none_moving,425,50,94.80000000000001,0.9996641091346108
none_moving,426,50,133.20000000000002,0.9941134361801502
none_moving,427,50,172.79999999999998,0.9869326541010027
none_moving,428,50,198,0.9798410084468656
none_moving,429,50,237.6,0.9715666257216641
none_moving,430,50,242.4,0.9623463717598686
none_moving,431,50,193.20000000000002,0.9555790198965578
none_moving,432,50,201.6,0.9477677309037816
none_moving,433,50,202.79999999999998,0.939503055563594
none_moving,434,50,150,0.9269976244682812
none_moving,435,50,145.2,0.9160713848313524
none_moving,436,50,84,0.9100071548932476
none_moving,437,50,70.8,0.9026911862961958
none_moving,438,50,72,0.8946280807873145
none_moving,439,50,97.2,0.8905012095026277
none_moving,440,50,106.8,0.8818948138172907
none_moving,441,50,108,0.8722093372527799
none_moving,442,50,114,0.8599604382175748
none_moving,443,50,152.4,0.8508559927911727
none_moving,444,50,148.8,0.8410863184164803
none_moving,445,50,135.6,0.8323542682775703
none_moving,446,50,105.6,0.8227130071204681
none_moving,447,50,108,0.8141681883526879
none_moving,448,50,100.8,0.8080697882314017
none_moving,449,50,68.39999999999999,0.8051401484629563
none_moving,450,50,56.4,0.8020838837520164
none_moving,451,50,49.199999999999996,0.8013681250462285
none_moving,452,50,85.19999999999999,0.7976398511332564
none_moving,453,50,91.2,0.7933164291852554
none_moving,454,50,120,0.7887866933735023
none_moving,455,50,148.8,0.7879341620083755
none_moving,456,50,151.2,0.7868841236316615
none_moving,457,50,163.20000000000002,0.7878551571166432
none_moving,458,50,147.6,0.7878955024736057
none_moving,459,50,114,0.7882988831003829
none_moving,460,50,122.4,0.7907199999171202
none_moving,461,50,75.6,0.795381193020471
none_moving,462,50,57.599999999999994,0.794210638826456
none_moving,463,50,84,0.7927318275565486
none_moving,464,50,51.6,0.7908271853403388
none_moving,465,50,75.6,0.7879608350035308
none_moving,466,50,92.4,0.7848818272601119
none_moving,467,50,104.4,0.7839769834561491
none_moving,468,50,100.8,0.7784177225509642
none_moving,469,50,115.19999999999999,0.77051734517071
none_moving,470,50,134.4,0.7694601330302331
none_moving,471,50,127.2,0.7631654872731121
none_moving,472,50,138,0.7582599387723138
none_moving,473,50,118.8,0.7514409552196346
none_moving,474,50,103.2,0.7428986041051483
none_moving,475,50,114,0.7398825275006521
none_moving,476,50,93.60000000000001,0.735197518915601
none_moving,477,50,87.6,0.7360687558936689
none_moving,478,50,85.19999999999999,0.7310171683979497
none_moving,479,50,62.400000000000006,0.7226774632586462
none_moving,480,50,57.599999999999994,0.7188035969354352
none_moving,481,50,51.6,0.7117899570334895
none_moving,482,50,82.8,0.7058388718852505
none_moving,483,50,114,0.7026163653956227
none_moving,484,50,99.6,0.6999828481664746
none_moving,485,50,108,0.6918211878530389
none_moving,486,50,97.2,0.6821203670441317
none_moving,487,50,96,0.6777628656860697
none_moving,488,50,96,0.6725736616434864
none_moving,489,50,106.8,0.6680172196350603
none_moving,490,50,84,0.6629852584816524
none_moving,491,50,73.2,0.6537530153057407
none_moving,492,50,78,0.6496211818623185
none_moving,493,50,80.4,0.6490682142024844
none_moving,494,50,90,0.6402522759898
none_moving,495,50,80.4,0.6363794305551859
none_moving,496,50,99.6,0.6310087312276831
none_moving,497,50,120,0.6291596519849123
none_moving,498,50,122.4,0.6226075665985799
none_moving,499,50,136.79999999999998,0.6165490829986013
none_moving,500,50,175.2,0.6105699805806882
none_moving,501,50,198,0.605119647651453
none_moving,502,50,217.20000000000002,0.6005887670584457
none_moving,503,50,201.6,0.5956326481133499
none_moving,504,50,199.2,0.5928932996707905
none_moving,505,50,200.39999999999998,0.5896365919656136
none_moving,506,50,180,0.5828565488270946
none_moving,507,50,187.20000000000002,0.5809415517693838
none_moving,508,50,141.6,0.575910949530449
none_moving,509,50,92.4,0.5738196370623225
none_moving,510,50,93.60000000000001,0.5700726581409957
none_moving,511,50,94.80000000000001,0.5695868577303881
none_moving,512,50,99.6,0.5688551950959267
none_moving,513,50,87.6,0.5719903309129951
none_moving,514,50,84,0.5725443917976903
none_moving,515,50,73.2,0.5734721120274148
none_moving,516,50,70.8,0.5713566044392543
none_moving,517,50,67.2,0.5734107357076987
none_moving,518,50,70.8,0.5740389738175461
none_moving,519,50,85.19999999999999,0.5676188130382216
none_moving,520,50,63.6,0.561063069610472
none_moving,521,50,51.6,0.5600486682128727
none_moving,522,50,72,0.559166784991558
none_moving,523,50,84,0.5587836377501854
none_moving,524,50,73.2,0.5546152811127675
none_moving,525,50,61.2,0.5539044402297195
none_moving,526,50,79.2,0.553330782399823
none_moving,527,50,111.60000000000001,0.5522230271400705
none_moving,528,50,129.60000000000002,0.5449793330305143
none_moving,529,50,183.6,0.5380229145980059
none_moving,530,50,188.4,0.5325326381640137
none_moving,531,50,186,0.5268005694225483
none_moving,532,50,170.39999999999998,0.5223425117596608
none_moving,533,50,122.4,0.5193199085723438
none_moving,534,50,133.20000000000002,0.5183925394041524
none_moving,535,50,106.8,0.5154958257311163
none_moving,536,50,85.19999999999999,0.5125414925762929
none_moving,537,50,68.39999999999999,0.5052645111890536
none_moving,538,50,52.8,0.4986117074425844
none_moving,539,50,67.2,0.49270256332943857
none_moving,540,50,66,0.48974040893584925
none_moving,541,50,64.80000000000001,0.48597670181896435
none_moving,542,50,73.2,0.4841975813402374
none_moving,543,50,67.2,0.479833352778055
none_moving,544,50,76.8,0.47580343395642055
none_moving,545,50,74.4,0.4725849091542674
none_moving,546,50,63.6,0.47145827124145184
none_moving,547,50,62.400000000000006,0.47000751133830243
none_moving,548,50,61.2,0.46669971471717236
none_moving,549,50,90,0.46172016727449294
none_moving,550,50,82.8,0.45826469475784976
none_moving,551,50,68.39999999999999,0.45381843204305083
none_moving,552,50,105.6,0.4554173350706035
none_moving,553,50,121.2,0.45424059051170634
none_moving,554,50,151.2,0.4538668143631316
none_moving,555,50,160.8,0.4493124562364454
none_moving,556,50,176.4,0.4431926882901677
none_moving,557,50,205.2,0.4367525716640499
none_moving,558,50,216,0.4339134100960436
none_moving,559,50,192,0.43036404769564174
none_moving,560,50,176.4,0.4255474633809129
none_moving,561,50,145.2,0.4238960224981924
none_moving,562,50,136.79999999999998,0.4278192318778536
none_moving,563,50,93.60000000000001,0.4333302572715986
none_moving,564,50,96,0.4353341457637804
none_moving,565,50,69.6,0.4342986207891894
none_moving,566,50,44.4,0.43558799648776936
none_moving,567,50,28.799999999999997,0.4383519182512942
none_moving,568,50,33.6,0.44030562426914144
none_moving,569,50,68.39999999999999,0.44217552233419294
none_moving,570,50,80.4,0.4406640391911357
none_moving,571,50,94.80000000000001,0.4428655849227507
none_moving,572,50,91.2,0.4400268459340323
none_moving,573,50,109.2,0.4353236528939093
none_moving,574,50,96,0.43296189093391674
none_moving,575,50,104.4,0.43239868888554517
none_moving,576,50,80.4,0.43148971771675204
none_moving,577,50,78,0.43122394172297274
none_moving,578,50,51.6,0.42949342194587037
none_moving,579,50,93.60000000000001,0.42076200316300555
none_moving,580,50,75.6,0.41403262669745916
none_moving,581,50,69.6,0.4090738634851487
none_moving,582,50,86.39999999999999,0.4068805970528108
none_moving,583,50,97.2,0.4049958632861614
none_moving,584,50,126,0.3980486272398227
none_moving,585,50,158.4,0.39475955634580057
none_moving,586,50,180,0.3934651133403271
none_moving,587,50,210,0.39437859527180424
none_moving,588,50,225.6,0.3831059331467274
none_moving,589,50,208.8,0.3822214655000717
none_moving,590,50,182.4,0.37856850608642956
none_moving,591,50,146.4,0.3757054384416795
none_moving,592,50,115.19999999999999,0.3696732424690755
none_moving,593,50,68.39999999999999,0.36487773949789254
none_moving,594,50,72,0.3606572286679721
none_moving,595,50,40.800000000000004,0.3566962675454721
none_moving,596,50,49.199999999999996,0.3533553724097534
none_moving,597,50,75.6,0.3490185435396364
none_moving,598,50,85.19999999999999,0.34835540086124117
none_moving,599,50,100.8,0.34223222620750027
none_moving,600,50,110.4,0.33469595246115164
few_moving,0,5,0,15.129601844088073
few_moving,1,5,192,22.245538630598944
few_moving,2,5,228,22.075680860347834
few_moving,3,5,228,22.000226037285053
few_moving,4,5,228,21.965562466975314
few_moving,5,5,228,21.949609018922718
few_moving,6,5,156,21.942230125142277
few_moving,7,5,144,21.938725926013962
few_moving,8,5,12,21.93703361185597
few_moving,9,5,0,21.93614585648146
few_moving,10,5,0,21.93573634582952
few_moving,11,5,0,21.935602301115935
few_moving,12,5,0,21.935619479997985
few_moving,13,5,0,21.93571310661052
few_moving,14,5,0,21.935839259596424
few_moving,15,5,0,21.935973045385527
few_moving,16,5,0,21.93610113757547
few_moving,17,5,0,21.93621710749933
few_moving,18,5,0,21.936318528773537
few_moving,19,5,0,21.936405202733678
few_moving,20,5,24,21.936478087530013
few_moving,21,5,24,21.936538665576254
few_moving,22,5,48,21.935958289266093
few_moving,23,5,0,21.935679960736973
few_moving,24,5,0,21.935606615877667
few_moving,25,5,0,21.935637619488105
few_moving,26,5,0,21.935716753519827
few_moving,27,5,0,21.935813245080656
few_moving,28,5,36,21.936125214395997
few_moving,29,5,48,21.935703964262025
few_moving,30,5,60,21.935645002664906
few_moving,31,5,108,21.935758726109555
few_moving,32,5,48,21.935884302220494
few_moving,33,5,60,21.935944146048506
few_moving,34,5,48,21.935926872403556
few_moving,35,5,84,21.935895193367873
few_moving,36,5,48,21.935907768234987
few_moving,37,5,48,21.936044650261206
few_moving,38,5,0,21.93616766505538
few_moving,39,5,0,21.936282349609602
few_moving,40,5,0,21.936384516638487
few_moving,41,5,24,21.936472921141466
few_moving,42,5,0,21.936547915370017
few_moving,43,5,0,21.936610644598964
few_moving,44,5,0,21.936662577973518
few_moving,45,5,0,21.936705244836322
few_moving,46,5,24,21.936740095317262
few_moving,47,5,0,21.93676843462019
few_moving,48,5,0,21.936791399792742
few_moving,49,5,0,21.93680995992968
few_moving,50,5,48,21.93682492836443
few_moving,51,5,24,21.93663772540378
few_moving,52,5,48,21.935919815251797
few_moving,53,5,0,21.93560831740465
few_moving,54,5,0,21.935578305553623
few_moving,55,5,0,21.935694628324708
few_moving,56,5,24,21.935877525685537
few_moving,57,5,0,21.93608135394354
few_moving,58,5,0,21.93628122989954
few_moving,59,5,0,21.93646469460153
few_moving,60,5,0,21.936466633526724
few_moving,61,5,108,21.96984352661708
few_moving,62,5,108,22.007166015970526
few_moving,63,5,120,22.046480416223982
few_moving,64,5,108,22.086721559480324
few_moving,65,5,144,22.12813579470315
few_moving,66,5,144,22.168642252587592
few_moving,67,5,132,22.207647798958092
few_moving,68,5,120,22.24526276573843
few_moving,69,5,96,22.281227417943498
few_moving,70,5,108,22.315361132526636
few_moving,71,5,132,22.344581369613504
few_moving,72,5,108,22.372413854473674
few_moving,73,5,96,22.39493744684388
few_moving,74,5,96,22.412073136554042
few_moving,75,5,108,22.423609943808316
few_moving,76,5,132,22.42759323227527
few_moving,77,5,60,22.42433645183626
few_moving,78,5,84,22.414214614292327
few_moving,79,5,84,22.398738336819065
few_moving,80,5,96,22.379454077859886
few_moving,81,5,108,22.355247872054065
few_moving,82,5,108,22.32603613500855
few_moving,83,5,84,22.293546693942922
few_moving,84,5,84,22.259255160116044
few_moving,85,5,84,22.222373207122782
few_moving,86,5,108,22.183523935227928
few_moving,87,5,84,22.144727593241285
few_moving,88,5,84,22.101265996035327
few_moving,89,5,132,22.061349082788066
few_moving,90,5,120,22.023907902916132
few_moving,91,5,156,21.988309988078864
few_moving,92,5,132,21.955973736397212
few_moving,93,5,132,21.92606979616281
few_moving,94,5,132,21.898437837735333
few_moving,95,5,108,21.874399320675195
few_moving,96,5,108,21.852938916815166
few_moving,97,5,72,21.83522325357686
few_moving,98,5,72,25.387049482013744
few_moving,99,5,60,25.487283503941388
few_moving,100,5,72,25.59019251030746
few_moving,101,5,120,21.781356279333064
few_moving,102,5,120,21.768735352173564
few_moving,103,5,108,21.770273248800244
few_moving,104,5,120,21.777961181288706
few_moving,105,5,120,21.78922286293042
few_moving,106,5,204,21.804388981262555
few_moving,107,5,180,21.824421158884242
few_moving,108,5,180,21.849017309337363
few_moving,109,5,168,21.87612066285117
few_moving,110,5,192,21.906318175564476
few_moving,111,5,204,21.93885097405325
few_moving,112,5,192,22.132287922501206
few_moving,113,5,204,21.951487335167855
few_moving,114,5,204,21.835788189780423
few_moving,115,5,204,21.7712760708491
few_moving,116,5,216,21.737745905941924
few_moving,117,5,216,21.720617386982088
few_moving,118,5,216,21.713800221126487
few_moving,119,5,216,21.710804300681872
few_moving,120,5,216,21.71014521369639
few_moving,121,5,120,21.701352303478973
few_moving,122,5,0,21.69656712118
few_moving,123,5,0,21.69417833723992
few_moving,124,5,0,21.69318829721225
few_moving,125,5,12,21.692985528099616
few_moving,126,5,36,21.692988905369457
few_moving,127,5,0,21.693184048135056
few_moving,128,5,0,21.69346333189366
few_moving,129,5,0,21.693765589831784
few_moving,130,5,0,21.694057848670948
few_moving,131,5,12,21.694323945465474
few_moving,132,5,0,21.694557488298877
few_moving,133,5,0,21.69475754836972
few_moving,134,5,0,21.694926060899785
few_moving,135,5,36,21.694738025059774
few_moving,136,5,60,21.694241382206563
few_moving,137,5,0,21.69391263894064
few_moving,138,5,0,21.693694494318475
few_moving,139,5,0,21.693549304953862
few_moving,140,5,12,21.693452292691905
few_moving,141,5,36,21.69335387545001
few_moving,142,5,48,21.693076538121108
few_moving,143,5,60,21.692976400581692
few_moving,144,5,72,21.693064095831076
few_moving,145,5,72,21.69294787599251
few_moving,146,5,84,21.692866754140844
few_moving,147,5,72,21.692799255707328
few_moving,148,5,60,21.692852170242052
few_moving,149,5,72,21.69278059152985
few_moving,150,5,96,21.692844788516698
few_moving,151,5,72,21.692801187627108
few_moving,152,5,0,21.692848220868715
few_moving,153,5,0,21.692938153155993
few_moving,154,5,0,21.693043512733496
few_moving,155,5,12,21.693149153155286
few_moving,156,5,72,21.693224260772784
few_moving,157,5,72,21.693267356641027
few_moving,158,5,72,21.693099844846884
few_moving,159,5,72,21.693044015457435
few_moving,160,5,72,21.692960909746212
few_moving,161,5,84,21.69312634499174
few_moving,162,5,72,21.69315791682303
few_moving,163,5,36,21.693043499790303
few_moving,164,5,0,21.692972267073937
few_moving,165,5,36,21.692926520160817
few_moving,166,5,36,21.692816358419076
few_moving,167,5,0,21.69277136541756
few_moving,168,5,0,21.69276299218773
few_moving,169,5,0,21.69277397816118
few_moving,170,5,12,21.69279408860385
few_moving,171,5,36,21.692760596520372
few_moving,172,5,48,21.692782527715348
few_moving,173,5,60,21.692815089454296
few_moving,174,5,72,21.692761293035584
few_moving,175,5,60,21.692855699361584
few_moving,176,5,72,21.69287734939508
few_moving,177,5,96,21.692800251010805
few_moving,178,5,72,21.6928190153481
few_moving,179,5,72,21.692750795101805
few_moving,180,5,36,21.69272350226426
few_moving,181,5,36,21.692711946456754
few_moving,182,5,0,21.692709239074812
few_moving,183,5,0,21.69271123659202
few_moving,184,5,0,21.692715488961834
few_moving,185,5,12,21.69272058449776
few_moving,186,5,36,21.692683877718817
few_moving,187,5,0,21.69266988953387
few_moving,188,5,0,21.692668538208547
few_moving,189,5,0,21.69267375311646
few_moving,190,5,0,21.692681953880466
few_moving,191,5,12,21.692691092649362
few_moving,192,5,24,21.69270005353241
few_moving,193,5,0,21.69269717932088
few_moving,194,5,24,21.692695370339607
few_moving,195,5,12,21.692682126806226
few_moving,196,5,36,21.692674726962412
few_moving,197,5,0,21.692670882359284
few_moving,198,5,0,21.69266915414539
few_moving,199,5,0,21.692668645338625
few_moving,200,5,12,21.69266880394614
few_moving,201,5,84,21.6926742965844
few_moving,202,5,72,21.692669579565756
few_moving,203,5,72,21.692677753630072
few_moving,204,5,60,21.692685014180604
few_moving,205,5,72,21.692687373252454
few_moving,206,5,84,21.692702357160908
few_moving,207,5,96,21.69273496251186
few_moving,208,5,24,21.69272792400122
few_moving,209,5,0,21.692727790426538
few_moving,210,5,12,21.692711935979716
few_moving,211,5,36,21.692713870435437
few_moving,212,5,0,21.69272476838445
few_moving,213,5,0,21.69273946835074
few_moving,214,5,72,21.692709675380975
few_moving,215,5,72,21.692699642082697
few_moving,216,5,108,21.692775554717226
few_moving,217,5,48,21.692730215880836
few_moving,218,5,60,21.69271663714238
few_moving,219,5,72,21.6927057040248
few_moving,220,5,72,21.692768978807543
few_moving,221,5,84,21.692771416888228
few_moving,222,5,120,21.692784565300062
few_moving,223,5,0,21.69280295804727
few_moving,224,5,0,21.69282817308036
few_moving,225,5,0,21.692855041183456
few_moving,226,5,12,21.692880808922418
few_moving,227,5,0,21.692904151854336
few_moving,228,5,0,21.692924569497837
few_moving,229,5,0,21.69294201775841
few_moving,230,5,12,21.69295668862726
few_moving,231,5,36,21.69292978706926
few_moving,232,5,0,21.69293288886877
few_moving,233,5,0,21.692951135804478
few_moving,234,5,0,21.692975826688
few_moving,235,5,0,21.693002040863824
few_moving,236,5,12,21.6930271484266
few_moving,237,5,84,21.69302436917204
few_moving,238,5,0,21.692965004292518
few_moving,239,5,0,21.6929323297815
few_moving,240,5,0,21.69291603498903
few_moving,241,5,12,21.692909529833866
few_moving,242,5,0,21.692908641263138
few_moving,243,5,0,21.692910769315766
few_moving,244,5,0,21.692914331050318
few_moving,245,5,12,21.69291839330411
few_moving,246,5,36,21.69291838964643
few_moving,247,5,0,21.692919086276934
few_moving,248,5,0,21.692920096992793
few_moving,249,5,0,21.692921198714128
few_moving,250,5,0,21.69292226924471
few_moving,251,5,12,21.692923247523296
few_moving,252,5,120,21.692951560453043
few_moving,253,5,72,21.69292020518414
few_moving,254,5,72,21.692872080152497
few_moving,255,5,72,21.692869281824553
few_moving,256,5,84,21.692906545285247
few_moving,257,5,72,21.692927228174124
few_moving,258,5,72,21.692899779859435
few_moving,259,5,96,21.692914211472218
few_moving,260,5,84,21.69293601963637
few_moving,261,5,96,21.692875136059993
few_moving,262,5,60,21.69288258535495
few_moving,263,5,72,21.69287495105813
few_moving,264,5,72,21.69280216991523
few_moving,265,5,60,21.692781952842264
few_moving,266,5,12,21.692786645149017
few_moving,267,5,24,21.692806591843045
few_moving,268,5,0,21.692801004719257
few_moving,269,5,0,21.69281080420684
few_moving,270,5,0,21.692827785563463
few_moving,271,5,12,21.6928472272625
few_moving,272,5,0,21.692866532286065
few_moving,273,5,24,21.69288707240917
few_moving,274,5,0,21.692900192129137
few_moving,275,5,12,21.69291201191049
few_moving,276,5,36,21.692907213481057
few_moving,277,5,0,21.69290434134064
few_moving,278,5,0,21.692902663280876
few_moving,279,5,0,21.692901717935758
few_moving,280,5,96,21.69278225070089
few_moving,281,5,72,21.692750713363722
few_moving,282,5,84,21.69275586875521
few_moving,283,5,60,21.69267990900239
few_moving,284,5,48,21.692657354043963
few_moving,285,5,60,21.69272810055929
few_moving,286,5,72,21.692715588541198
few_moving,287,5,0,21.69269848635941
few_moving,288,5,24,21.692728567758397
few_moving,289,5,0,21.69275969740692
few_moving,290,5,12,21.69280365744726
few_moving,291,5,12,21.6928510012362
few_moving,292,5,0,21.692896658359373
few_moving,293,5,0,21.692938159274494
few_moving,294,5,0,21.692974541419655
few_moving,295,5,36,21.692970546696362
few_moving,296,5,12,21.69298000827635
few_moving,297,5,24,21.6929956779589
few_moving,298,5,0,21.69286142313219
few_moving,299,5,0,21.69278667177001
few_moving,300,5,0,21.692747783465077
few_moving,301,5,36,21.69270423749326
few_moving,302,5,0,21.69270239692678
few_moving,303,5,24,21.692724493895426
few_moving,304,5,0,21.692758805430977
few_moving,305,5,12,21.69280459967426
few_moving,306,5,12,21.692852976656855
few_moving,307,5,0,21.69289919325066
few_moving,308,5,0,21.692940976328146
few_moving,309,5,0,21.692977481163613
few_moving,310,5,96,21.692984954390987
few_moving,311,5,72,21.69281283585752
few_moving,312,5,72,21.692820899728066
few_moving,313,5,60,21.692845878129766
few_moving,314,5,60,21.692833775598746
few_moving,315,5,60,21.692929728646927
few_moving,316,5,72,21.69286877661749
few_moving,317,5,0,21.692850253056847
few_moving,318,5,24,21.69283309936271
few_moving,319,5,0,21.692959805941896
few_moving,320,5,12,21.693087279166466
few_moving,321,5,12,21.693205991291187
few_moving,322,5,0,21.693311683096162
few_moving,323,5,0,21.693403105204926
few_moving,324,5,0,21.693480642193613
few_moving,325,5,72,21.693683571282623
few_moving,326,5,84,21.69354956052621
few_moving,327,5,96,21.693262138854795
few_moving,328,5,72,21.693052187635345
few_moving,329,5,48,21.692818331286837
few_moving,330,5,60,21.692869712888335
few_moving,331,5,108,21.69296087471055
few_moving,332,5,72,21.69295815262453
few_moving,333,5,24,21.693031328002096
few_moving,334,5,0,21.692915065749318
few_moving,335,5,12,21.692879128892702
few_moving,336,5,12,21.692886781007694
few_moving,337,5,36,21.69292206462363
few_moving,338,5,84,21.6928396177279
few_moving,339,5,72,21.69286864647157
few_moving,340,5,72,21.692924180159245
few_moving,341,5,84,21.693061666174824
few_moving,342,5,72,21.69306632039597
few_moving,343,5,72,21.693145767696514
few_moving,344,5,36,21.693053833029715
few_moving,345,5,0,21.69298914706561
few_moving,346,5,36,21.69291844922048
few_moving,347,5,36,21.692890328726246
few_moving,348,5,24,21.69287077464226
few_moving,349,5,0,21.692777441451625
few_moving,350,5,12,21.692754253592966
few_moving,351,5,12,21.692768661908467
few_moving,352,5,60,21.692771132422422
few_moving,353,5,72,21.692784843558766
few_moving,354,5,48,21.692855030978155
few_moving,355,5,72,21.692818419748168
few_moving,356,5,84,21.69288057345437
few_moving,357,5,48,21.692796926837794
few_moving,358,5,84,21.692789552889078
few_moving,359,5,24,21.692705697301058
few_moving,360,5,0,21.69269214480525
few_moving,361,5,36,21.692724746557158
few_moving,362,5,36,21.69277342152469
few_moving,363,5,0,21.69282422009718
few_moving,364,5,0,21.6928723972158
few_moving,365,5,48,21.692933830175196
few_moving,366,5,84,21.69293862568938
few_moving,367,5,72,21.69281393740925
few_moving,368,5,72,21.692775524533193
few_moving,369,5,72,21.69281244049768
few_moving,370,5,60,21.69280170238732
few_moving,371,5,84,21.69280868228005
few_moving,372,5,36,21.692762530740023
few_moving,373,5,24,21.692727039118722
few_moving,374,5,0,21.692745449798924
few_moving,375,5,0,21.692765326352927
few_moving,376,5,36,21.692843757048387
few_moving,377,5,36,21.692920475892542
few_moving,378,5,0,21.693005163690785
few_moving,379,5,0,21.693087832429207
few_moving,380,5,12,21.693163514398048
few_moving,381,5,12,21.69323016958941
few_moving,382,5,0,21.693287403663224
few_moving,383,5,0,21.693335693150463
few_moving,384,5,0,21.693375926103727
few_moving,385,5,0,21.693409137306684
few_moving,386,5,36,21.693436362150248
few_moving,387,5,0,21.69342771953398
few_moving,388,5,24,21.693395416550903
few_moving,389,5,0,21.69320048650892
few_moving,390,5,0,21.693081086396184
few_moving,391,5,36,21.692908172598194
few_moving,392,5,24,21.692822207233746
few_moving,393,5,0,21.692817368578844
few_moving,394,5,0,21.692854414572682
few_moving,395,5,12,21.6929102377287
few_moving,396,5,12,21.692971655222536
few_moving,397,5,0,21.69303151477729
few_moving,398,5,0,21.69308626667628
few_moving,399,5,0,21.69313446126171
few_moving,400,5,0,21.69317582846145
few_moving,401,5,36,21.693210721584727
few_moving,402,5,0,21.693204664425483
few_moving,403,5,24,21.69325085326443
few_moving,404,5,0,21.693054867403113
few_moving,405,5,0,21.692932816908662
few_moving,406,5,36,21.692859845550835
few_moving,407,5,36,21.692804668010734
few_moving,408,5,0,21.692793801024067
few_moving,409,5,0,21.692806406021017
few_moving,410,5,12,21.692830122379583
few_moving,411,5,12,21.692857820807742
few_moving,412,5,0,21.69288556408409
few_moving,413,5,0,21.6929113329653
few_moving,414,5,0,21.692934235676667
few_moving,415,5,0,21.69295402195427
few_moving,416,5,36,21.692970788026294
few_moving,417,5,0,21.69296531071133
few_moving,418,5,24,21.692968556950465
few_moving,419,5,0,21.692944651891906
few_moving,420,5,0,21.69293110781658
few_moving,421,5,36,21.692878020247612
few_moving,422,5,36,21.69276215950306
few_moving,423,5,0,21.692713740011722
few_moving,424,5,0,21.692703336907392
few_moving,425,5,12,21.69271314727689
few_moving,426,5,12,21.692732600598887
few_moving,427,5,36,21.692763197287857
few_moving,428,5,84,21.692758889536528
few_moving,429,5,72,21.69278721556081
few_moving,430,5,72,21.692740848563762
few_moving,431,5,84,21.69277701807887
few_moving,432,5,60,21.692747432017327
few_moving,433,5,96,21.692748244480477
few_moving,434,5,36,21.69270719154851
few_moving,435,5,0,21.692748453775486
few_moving,436,5,36,21.692757372173354
few_moving,437,5,36,21.69280271029021
few_moving,438,5,0,21.692866320938624
few_moving,439,5,0,21.69293473456371
few_moving,440,5,12,21.693000695548978
few_moving,441,5,12,21.693060658761773
few_moving,442,5,0,21.693113237431927
few_moving,443,5,0,21.693158251428876
few_moving,444,5,0,21.693196152265813
few_moving,445,5,0,21.69322768279609
few_moving,446,5,12,21.693253681782753
few_moving,447,5,0,21.693274976820813
few_moving,448,5,48,21.693287374401677
few_moving,449,5,0,21.693183142284216
few_moving,450,5,0,21.693119128771244
few_moving,451,5,36,21.693079855450662
few_moving,452,5,36,21.69281229760435
few_moving,453,5,0,21.692700576787775
few_moving,454,5,0,21.69267667024891
few_moving,455,5,12,21.692699436323153
few_moving,456,5,12,21.6927444546135
few_moving,457,5,60,21.69279918636786
few_moving,458,5,72,21.692827538219667
few_moving,459,5,72,21.69280089621363
few_moving,460,5,72,21.692770565566832
few_moving,461,5,72,21.692776264690664
few_moving,462,5,72,21.692814378234758
few_moving,463,5,84,21.692861266100763
few_moving,464,5,60,21.692837236532142
few_moving,465,5,24,21.692771687377967
few_moving,466,5,36,21.692789982461015
few_moving,467,5,24,21.69279781902529
few_moving,468,5,0,21.692815617580624
few_moving,469,5,0,21.692837235161885
few_moving,470,5,12,21.69285925160458
few_moving,471,5,12,21.69287988707124
few_moving,472,5,0,21.692898329719004
few_moving,473,5,0,21.692914321769663
few_moving,474,5,0,21.69292790768518
few_moving,475,5,0,21.692939283472622
few_moving,476,5,12,21.69294870861727
few_moving,477,5,0,21.692956456422124
few_moving,478,5,24,21.692962787586904
few_moving,479,5,24,21.692933670380153
few_moving,480,5,0,21.692924583001005
few_moving,481,5,36,21.69282670103717
few_moving,482,5,36,21.692796818275283
few_moving,483,5,0,21.69280998919921
few_moving,484,5,0,21.69284429455332
few_moving,485,5,12,21.69288697088089
few_moving,486,5,72,21.693050241530475
few_moving,487,5,60,21.693019084351203
few_moving,488,5,72,21.693043202379794
few_moving,489,5,60,21.693145967834177
few_moving,490,5,72,21.69327187804804
few_moving,491,5,84,21.69338325789937
few_moving,492,5,72,21.69325267990662
few_moving,493,5,24,21.693133504964596
few_moving,494,5,24,21.692966856617428
few_moving,495,5,0,21.692804178410015
few_moving,496,5,36,21.69271391925629
few_moving,497,5,0,21.692754742547912
few_moving,498,5,0,21.692859700809255
few_moving,499,5,0,21.6929899185484
few_moving,500,5,12,21.693123682831775
few_moving,501,5,12,21.69324962644711
few_moving,502,5,0,21.6933624951284
few_moving,503,5,0,21.69346054145441
few_moving,504,5,0,21.693543938657935
few_moving,505,5,0,21.693613830531916
few_moving,506,5,12,21.693671775267305
few_moving,507,5,36,21.6933496034968
few_moving,508,5,24,21.69314873189629
few_moving,509,5,24,21.692963486461153
few_moving,510,5,0,21.69292151061143
few_moving,511,5,36,21.69284958397585
few_moving,512,5,0,21.69281794989073
few_moving,513,5,0,21.692809358894
few_moving,514,5,0,21.69281325435761
few_moving,515,5,12,21.692823298332005
few_moving,516,5,12,21.692835785627956
few_moving,517,5,0,21.692848634289927
few_moving,518,5,0,21.692860747726293
few_moving,519,5,0,21.69287161505123
few_moving,520,5,0,21.69288106319693
few_moving,521,5,12,21.692889105110932
few_moving,522,5,36,21.692865748318223
few_moving,523,5,24,21.692867984294434
few_moving,524,5,24,21.69287715750039
few_moving,525,5,0,21.692931009350648
few_moving,526,5,36,21.693034354644453
few_moving,527,5,0,21.693139533771298
few_moving,528,5,0,21.693238066472308
few_moving,529,5,0,21.693326095420833
few_moving,530,5,12,21.693402405050925
few_moving,531,5,12,21.69346721839151
few_moving,532,5,0,21.69352147819468
few_moving,533,5,0,21.69356642743051
few_moving,534,5,0,21.69360337307969
few_moving,535,5,0,21.69363356068714
few_moving,536,5,12,21.693658114608652
few_moving,537,5,36,21.69364426082247
few_moving,538,5,24,21.693636192492363
few_moving,539,5,24,21.693369618811776
few_moving,540,5,0,21.6931755060106
few_moving,541,5,36,21.69287854530878
few_moving,542,5,0,21.692796519974504
few_moving,543,5,0,21.692830497685115
few_moving,544,5,0,21.692921448037303
few_moving,545,5,12,21.69303503288237
few_moving,546,5,72,21.693411271065894
few_moving,547,5,60,21.693413455650546
few_moving,548,5,60,21.693453723279834
few_moving,549,5,60,21.69358450401361
few_moving,550,5,48,21.69389355569947
few_moving,551,5,72,21.693731267598103
few_moving,552,5,96,21.69387545547157
few_moving,553,5,24,21.69380077185361
few_moving,554,5,24,21.69356717683317
few_moving,555,5,0,21.69340255623883
few_moving,556,5,12,21.69332472858156
few_moving,557,5,0,21.693296943320377
few_moving,558,5,0,21.69329678066767
few_moving,559,5,0,21.693310772663736
few_moving,560,5,12,21.693331004489668
few_moving,561,5,12,21.693352974450658
few_moving,562,5,0,21.69337425251521
few_moving,563,5,0,21.693393644315456
few_moving,564,5,0,21.693410674142243
few_moving,565,5,0,21.693425268492756
few_moving,566,5,12,21.69343756508699
few_moving,567,5,60,21.69332564657776
few_moving,568,5,24,21.693263135133513
few_moving,569,5,24,21.693145198413962
few_moving,570,5,0,21.69298142808874
few_moving,571,5,12,21.692882761032756
few_moving,572,5,0,21.692824658957196
few_moving,573,5,48,21.692735979023656
few_moving,574,5,72,21.692700940692067
few_moving,575,5,60,21.692754965411034
few_moving,576,5,84,21.692894341487715
few_moving,577,5,72,21.692826164974473
few_moving,578,5,72,21.692782085158512
few_moving,579,5,72,21.692746775579895
few_moving,580,5,12,21.69272252680718
few_moving,581,5,12,21.69274541118604
few_moving,582,5,60,21.69276443367216
few_moving,583,5,24,21.692809453909558
few_moving,584,5,0,21.69292155379706
few_moving,585,5,0,21.693079501063938
few_moving,586,5,12,21.693249628934566
few_moving,587,5,0,21.69341378448832
few_moving,588,5,0,21.693563083707755
few_moving,589,5,0,21.69369403753191
few_moving,590,5,12,21.693806175259926
few_moving,591,5,12,21.693900608005485
few_moving,592,5,0,21.69397917806293
few_moving,593,5,0,21.694043970107124
few_moving,594,5,24,21.694153067586136
few_moving,595,5,0,21.694092609584693
few_moving,596,5,12,21.694054702510655
few_moving,597,5,60,21.693739078686406
few_moving,598,5,24,21.693526420087462
few_moving,599,5,0,21.693235810500735
few_moving,600,5,0,21.693054781370034
few_moving,0,10,0,22.085777006079997
few_moving,1,10,162,29.74920224652822
few_moving,2,10,186,29.591525912591706
few_moving,3,10,192,29.508396192418804
few_moving,4,10,192,29.45821333328044
few_moving,5,10,186,29.424687541338592
few_moving,6,10,120,29.40227765194112
few_moving,7,10,90,29.38790949411739
few_moving,8,10,6,29.378601330537762
few_moving,9,10,0,29.37257688910395
few_moving,10,10,0,29.36866872772889
few_moving,11,10,0,29.366126029715335
few_moving,12,10,0,29.364465760782924
few_moving,13,10,0,29.363376941279583
few_moving,14,10,0,29.36265914731172
few_moving,15,10,0,29.36218302196462
few_moving,16,10,0,29.361864922466292
few_moving,17,10,0,29.361650640346156
few_moving,18,10,0,29.36150494342752
few_moving,19,10,0,29.361404853470184
few_moving,20,10,36,29.361335321321718
few_moving,21,10,24,29.361286441366122
few_moving,22,10,36,29.361075362284346
few_moving,23,10,0,29.36081832000243
few_moving,24,10,0,29.360714034541356
few_moving,25,10,0,29.360695393574392
few_moving,26,10,0,29.36072190512083
few_moving,27,10,0,29.360769605265023
few_moving,28,10,0,29.360824708834336
few_moving,29,10,0,29.360879629948148
few_moving,30,10,0,29.360930500457602
few_moving,31,10,66,29.360975632903276
few_moving,32,10,0,29.36101457716367
few_moving,33,10,0,29.36104754869545
few_moving,34,10,0,29.36107508803905
few_moving,35,10,30,29.361097863166467
few_moving,36,10,54,29.361116559153125
few_moving,37,10,36,29.361041989412517
few_moving,38,10,0,29.360964058525283
few_moving,39,10,0,29.361001765844243
few_moving,40,10,0,29.361096742251952
few_moving,41,10,30,29.361214608157848
few_moving,42,10,0,29.36133591715047
few_moving,43,10,0,29.3614503627871
few_moving,44,10,0,29.36155310970687
few_moving,45,10,0,29.361642497478083
few_moving,46,10,36,29.36171862396336
few_moving,47,10,0,29.36178248698912
few_moving,48,10,0,29.36183547678373
few_moving,49,10,0,29.36187908616135
few_moving,50,10,30,29.36191475388393
few_moving,51,10,54,29.361943787911446
few_moving,52,10,36,29.36149239290491
few_moving,53,10,0,29.36127812895762
few_moving,54,10,0,29.361167836420115
few_moving,55,10,0,29.361117520727632
few_moving,56,10,30,29.36110092815774
few_moving,57,10,0,29.361102489499817
few_moving,58,10,24,29.361362805953107
few_moving,59,10,30,29.36111666263741
few_moving,60,10,24,29.36094336231217
few_moving,61,10,114,29.36107258863038
few_moving,62,10,78,29.362233844559313
few_moving,63,10,66,29.363600736016934
few_moving,64,10,78,29.36450648497352
few_moving,65,10,102,29.365166900943347
few_moving,66,10,150,26.71583320233406
few_moving,67,10,108,26.614921283453874
few_moving,68,10,96,26.567393331855694
few_moving,69,10,96,26.53742773949373
few_moving,70,10,96,26.521852079534746
few_moving,71,10,126,26.51290629152773
few_moving,72,10,84,26.505887674776883
few_moving,73,10,78,26.499841451661577
few_moving,74,10,78,26.49760582574683
few_moving,75,10,78,26.49742623718102
few_moving,76,10,126,17.016539025833758
few_moving,77,10,108,16.777738241122403
few_moving,78,10,96,16.641290673589253
few_moving,79,10,96,16.567697505935094
few_moving,80,10,114,16.533574378561735
few_moving,81,10,138,16.522909734143305
few_moving,82,10,120,18.993287416614223
few_moving,83,10,138,18.754970487060394
few_moving,84,10,132,18.572409963247228
few_moving,85,10,132,18.404706693697193
few_moving,86,10,156,18.266258827652706
few_moving,87,10,126,18.15531899240772
few_moving,88,10,84,18.06150010466845
few_moving,89,10,108,17.922864661331946
few_moving,90,10,120,17.781374813463206
few_moving,91,10,144,17.680245344393207
few_moving,92,10,120,17.58545020380454
few_moving,93,10,108,17.50843765556768
few_moving,94,10,120,17.44759535165503
few_moving,95,10,120,17.399883288438
few_moving,96,10,120,17.35560045384117
few_moving,97,10,108,17.307486372909548
few_moving,98,10,144,11.712550453804084
few_moving,99,10,144,11.047995028556608
few_moving,100,10,150,10.633846582559368
few_moving,101,10,174,10.38225040155559
few_moving,102,10,150,10.216471347013634
few_moving,103,10,120,10.117998582621054
few_moving,104,10,90,10.023738069254716
few_moving,105,10,84,16.050272847066644
few_moving,106,10,120,16.024930425742294
few_moving,107,10,96,16.010332467464618
few_moving,108,10,102,16.002062448706123
few_moving,109,10,114,15.998042411110271
few_moving,110,10,108,16.007250473198102
few_moving,111,10,108,16.011426962931893
few_moving,112,10,90,16.010566814974855
few_moving,113,10,90,16.020865298308617
few_moving,114,10,78,16.035425714905394
few_moving,115,10,90,16.04922640481149
few_moving,116,10,120,16.057584055346485
few_moving,117,10,120,16.065204484549362
few_moving,118,10,114,16.074748635633355
few_moving,119,10,96,16.084622790549986
few_moving,120,10,108,16.087561486102416
few_moving,121,10,102,16.058254371689404
few_moving,122,10,54,16.039381352878276
few_moving,123,10,66,16.03669688043334
few_moving,124,10,72,15.650749496991054
few_moving,125,10,90,15.639874949887744
few_moving,126,10,66,15.631766834143445
few_moving,127,10,48,15.630974647089117
few_moving,128,10,66,15.621514059055157
few_moving,129,10,72,15.612586759171892
few_moving,130,10,60,15.60857999761706
few_moving,131,10,60,15.60553741214538
few_moving,132,10,66,15.601954742267965
few_moving,133,10,90,21.45816008826836
few_moving,134,10,48,21.453460389497398
few_moving,135,10,48,21.451887035278087
few_moving,136,10,54,21.449727221518625
few_moving,137,10,54,21.448445604448192
few_moving,138,10,54,32.63626595240323
few_moving,139,10,24,32.63572803627227
few_moving,140,10,48,32.63533885985641
few_moving,141,10,48,32.63505406372892
few_moving,142,10,36,32.63463847808179
few_moving,143,10,12,32.63434221735774
few_moving,144,10,0,32.63412842766951
few_moving,145,10,6,32.633972279178685
few_moving,146,10,12,32.63385689740029
few_moving,147,10,24,32.63377070161677
few_moving,148,10,18,32.6330866763597
few_moving,149,10,0,32.63261212716784
few_moving,150,10,6,32.63227908096818
few_moving,151,10,18,32.63204250563441
few_moving,152,10,18,32.63187237797299
few_moving,153,10,18,32.6319276160233
few_moving,154,10,0,32.631997900749575
few_moving,155,10,24,32.632070774860935
few_moving,156,10,24,32.632139700007045
few_moving,157,10,24,32.63205603723685
few_moving,158,10,12,32.63199922011899
few_moving,159,10,24,32.63204755693687
few_moving,160,10,66,32.631472780736466
few_moving,161,10,72,32.63163270127754
few_moving,162,10,78,32.63093664819425
few_moving,163,10,60,32.63086957413416
few_moving,164,10,60,32.630629109797745
few_moving,165,10,60,32.63065835263704
few_moving,166,10,54,32.63035178234316
few_moving,167,10,18,32.63014374945087
few_moving,168,10,6,32.63003735244455
few_moving,169,10,0,32.62999065848845
few_moving,170,10,24,32.6299778968257
few_moving,171,10,24,32.62998342849259
few_moving,172,10,24,32.629997928633124
few_moving,173,10,12,32.63001597690403
few_moving,174,10,0,32.63003454248276
few_moving,175,10,6,32.63005203627185
few_moving,176,10,12,32.63006772178724
few_moving,177,10,24,32.630081352127284
few_moving,178,10,6,32.630060676751704
few_moving,179,10,0,32.63005008026428
few_moving,180,10,18,32.63000908073725
few_moving,181,10,30,32.629876842280126
few_moving,182,10,18,32.62988804942009
few_moving,183,10,6,32.629971866001945
few_moving,184,10,0,32.63008680906696
few_moving,185,10,48,32.630237376905775
few_moving,186,10,54,32.63024700348886
few_moving,187,10,54,32.63022389872855
few_moving,188,10,42,32.6302005683369
few_moving,189,10,24,32.63024933194996
few_moving,190,10,36,32.630280493378514
few_moving,191,10,36,32.6303603844567
few_moving,192,10,30,32.630474320279525
few_moving,193,10,6,32.63056726299837
few_moving,194,10,0,32.63065408586013
few_moving,195,10,6,32.630731513362264
few_moving,196,10,30,32.63069835174896
few_moving,197,10,18,32.630679154561506
few_moving,198,10,6,32.63066848195799
few_moving,199,10,0,32.63066293860889
few_moving,200,10,24,32.630660418645874
few_moving,201,10,24,32.6306596271191
few_moving,202,10,24,32.630663149834554
few_moving,203,10,12,32.63066608933615
few_moving,204,10,0,32.63066851807824
few_moving,205,10,6,32.6306705101813
few_moving,206,10,24,32.63059115662851
few_moving,207,10,24,32.63043552072176
few_moving,208,10,6,32.63035832956002
few_moving,209,10,0,32.630320060467405
few_moving,210,10,6,32.63030446859176
few_moving,211,10,30,32.63029885115732
few_moving,212,10,18,32.630295495918176
few_moving,213,10,6,32.63029353853291
few_moving,214,10,0,32.63029243681862
few_moving,215,10,24,32.630291852057375
few_moving,216,10,24,32.63029157384386
few_moving,217,10,24,32.630291472496964
few_moving,218,10,12,32.630291468944016
few_moving,219,10,0,32.63029151568784
few_moving,220,10,6,32.630291584803146
few_moving,221,10,24,32.63026737892257
few_moving,222,10,24,32.63025398548016
few_moving,223,10,30,32.630189465976805
few_moving,224,10,30,32.630221204106384
few_moving,225,10,36,32.63020140374937
few_moving,226,10,60,32.63002425385952
few_moving,227,10,48,32.62995885500371
few_moving,228,10,36,32.62991788402766
few_moving,229,10,30,32.629921950105036
few_moving,230,10,30,32.629934984947305
few_moving,231,10,24,32.62997036062596
few_moving,232,10,24,32.63003157203219
few_moving,233,10,12,32.630096686418206
few_moving,234,10,0,32.63015912846142
few_moving,235,10,6,32.63021571538498
few_moving,236,10,12,32.63026523479015
few_moving,237,10,24,32.63030757255622
few_moving,238,10,6,32.63030771720095
few_moving,239,10,0,32.63031707843061
few_moving,240,10,6,32.63033048475046
few_moving,241,10,30,32.63028217129932
few_moving,242,10,18,32.630247828533584
few_moving,243,10,6,32.630223111756024
few_moving,244,10,12,32.63020085024795
few_moving,245,10,24,32.63019059232679
few_moving,246,10,24,32.63018721889592
few_moving,247,10,36,32.630186909667515
few_moving,248,10,36,32.63012304054455
few_moving,249,10,24,32.630175220140536
few_moving,250,10,24,32.63028830613364
few_moving,251,10,60,32.630223853633716
few_moving,252,10,66,32.63023279852921
few_moving,253,10,60,32.63020065489501
few_moving,254,10,30,32.63014383078392
few_moving,255,10,30,32.63006389063737
few_moving,256,10,48,32.63003615688865
few_moving,257,10,48,32.63005326571635
few_moving,258,10,36,32.63012535507042
few_moving,259,10,12,32.63005939176404
few_moving,260,10,24,32.630085347282865
few_moving,261,10,24,32.630124870814875
few_moving,262,10,24,32.63015606436843
few_moving,263,10,12,32.630189738163125
few_moving,264,10,0,32.63022225302569
few_moving,265,10,6,32.63025183123067
few_moving,266,10,12,32.63027777509785
few_moving,267,10,12,32.63029998964087
few_moving,268,10,18,32.63031869502262
few_moving,269,10,0,32.63033425677231
few_moving,270,10,6,32.6303470884574
few_moving,271,10,18,32.6303575984276
few_moving,272,10,18,32.630366162941165
few_moving,273,10,18,32.63037311472531
few_moving,274,10,12,32.63035959628254
few_moving,275,10,24,32.63035034488066
few_moving,276,10,24,32.630343944348766
few_moving,277,10,24,32.63034404279051
few_moving,278,10,12,32.63034887707289
few_moving,279,10,36,32.63034364531826
few_moving,280,10,60,32.63025390393413
few_moving,281,10,66,32.63018884165445
few_moving,282,10,66,32.63030388288655
few_moving,283,10,60,32.63033998570098
few_moving,284,10,54,32.63022073660246
few_moving,285,10,60,32.63001257464161
few_moving,286,10,30,32.62996033420785
few_moving,287,10,18,32.62994641700393
few_moving,288,10,18,32.629976048744986
few_moving,289,10,0,32.63001980960251
few_moving,290,10,24,32.630067648738844
few_moving,291,10,24,32.630114128930984
few_moving,292,10,24,32.6301382349511
few_moving,293,10,12,32.63015834641196
few_moving,294,10,0,32.63017496368546
few_moving,295,10,6,32.63018859500602
few_moving,296,10,12,32.63019971581508
few_moving,297,10,12,32.63020875041677
few_moving,298,10,6,32.63021606632382
few_moving,299,10,0,32.63022197548054
few_moving,300,10,30,32.630215542291936
few_moving,301,10,18,32.630154934263416
few_moving,302,10,18,32.63012112771838
few_moving,303,10,18,32.63015011442588
few_moving,304,10,0,32.63018291637281
few_moving,305,10,24,32.63021530987291
few_moving,306,10,24,32.630245161857836
few_moving,307,10,48,32.6301375910098
few_moving,308,10,42,32.62995243467587
few_moving,309,10,30,32.62995934218513
few_moving,310,10,36,32.62990923895125
few_moving,311,10,42,32.629903357839
few_moving,312,10,42,32.62988677123563
few_moving,313,10,36,32.62990251635894
few_moving,314,10,0,32.62993546783257
few_moving,315,10,30,32.62996575123357
few_moving,316,10,18,32.62999622671938
few_moving,317,10,18,32.630029549556625
few_moving,318,10,6,32.63006192592204
few_moving,319,10,0,32.63009148399599
few_moving,320,10,24,32.6301174695912
few_moving,321,10,24,32.63013975443187
few_moving,322,10,24,32.630148195627356
few_moving,323,10,12,32.630155688510534
few_moving,324,10,0,32.6301621563033
few_moving,325,10,6,32.630167633534555
few_moving,326,10,12,32.63017220922027
few_moving,327,10,12,32.63017599385638
few_moving,328,10,18,32.63000421773962
few_moving,329,10,0,32.629920659985025
few_moving,330,10,30,32.62988356687956
few_moving,331,10,18,32.629887964356605
few_moving,332,10,18,32.62991037774029
few_moving,333,10,6,32.6299404732045
few_moving,334,10,0,32.62997237288066
few_moving,335,10,24,32.63000291938672
few_moving,336,10,24,32.63003058407345
few_moving,337,10,24,32.63006293581401
few_moving,338,10,12,32.63009185540133
few_moving,339,10,0,32.63011693638818
few_moving,340,10,6,32.63013824664336
few_moving,341,10,12,32.630156092189196
few_moving,342,10,12,32.63017087905198
few_moving,343,10,18,32.63007698987545
few_moving,344,10,0,32.63008808988359
few_moving,345,10,30,32.63013924843236
few_moving,346,10,18,32.63015009240855
few_moving,347,10,18,32.630196831259475
few_moving,348,10,6,32.630258469558676
few_moving,349,10,0,32.6303232401149
few_moving,350,10,24,32.630384920986344
few_moving,351,10,24,32.63044056356978
few_moving,352,10,24,32.63050109143399
few_moving,353,10,12,32.63055900798495
few_moving,354,10,0,32.63061141321874
few_moving,355,10,6,32.630657221270816
few_moving,356,10,12,32.63069635225767
few_moving,357,10,12,32.63072924657969
few_moving,358,10,18,32.63052259602899
few_moving,359,10,0,32.63038227360673
few_moving,360,10,30,32.63015487973826
few_moving,361,10,18,32.63003845315767
few_moving,362,10,18,32.62998844513898
few_moving,363,10,6,32.629976064154725
few_moving,364,10,0,32.62998384985988
few_moving,365,10,24,32.63000140552871
few_moving,366,10,24,32.63002270205075
few_moving,367,10,54,32.630098435597695
few_moving,368,10,42,32.630132112725036
few_moving,369,10,30,32.63017387351942
few_moving,370,10,36,32.6300289199498
few_moving,371,10,42,32.63000091571263
few_moving,372,10,42,32.62998411382674
few_moving,373,10,36,32.62994744199874
few_moving,374,10,0,32.629892149198305
few_moving,375,10,30,32.62987562997915
few_moving,376,10,18,32.629915453302765
few_moving,377,10,18,32.62996360906616
few_moving,378,10,6,32.63001254859536
few_moving,379,10,0,32.630058357949586
few_moving,380,10,24,32.6300992623703
few_moving,381,10,24,32.63013470829013
few_moving,382,10,24,32.63014392449893
few_moving,383,10,12,32.63015247280488
few_moving,384,10,0,32.63016006366022
few_moving,385,10,6,32.630166617756
few_moving,386,10,12,32.630172169134276
few_moving,387,10,12,32.630176807421094
few_moving,388,10,18,32.63009975114382
few_moving,389,10,0,32.63005011807194
few_moving,390,10,30,32.630022958727594
few_moving,391,10,18,32.62996898441581
few_moving,392,10,18,32.629938441980045
few_moving,393,10,6,32.62992210650012
few_moving,394,10,24,32.62992051694705
few_moving,395,10,54,32.6299207525007
few_moving,396,10,54,32.629973795229446
few_moving,397,10,54,32.6299989444655
few_moving,398,10,42,32.63012190179138
few_moving,399,10,24,32.63017210439428
few_moving,400,10,36,32.63019727032381
few_moving,401,10,18,32.6301367697622
few_moving,402,10,12,32.630100926109876
few_moving,403,10,18,32.63009239724269
few_moving,404,10,0,32.63009597124694
few_moving,405,10,18,32.63010548249051
few_moving,406,10,18,32.6300941362512
few_moving,407,10,18,32.63009676560888
few_moving,408,10,6,32.63010635979345
few_moving,409,10,0,32.63011882848216
few_moving,410,10,24,32.630131870807084
few_moving,411,10,24,32.63014426759863
few_moving,412,10,18,32.6301554412115
few_moving,413,10,12,32.63016518400709
few_moving,414,10,0,32.630173492717454
few_moving,415,10,18,32.630193186071246
few_moving,416,10,12,32.63018467139062
few_moving,417,10,12,32.630209989622735
few_moving,418,10,18,32.63013314666808
few_moving,419,10,0,32.63009273980094
few_moving,420,10,18,32.630074022855545
few_moving,421,10,18,32.63008772243691
few_moving,422,10,42,32.63009662438502
few_moving,423,10,36,32.630170336053524
few_moving,424,10,30,32.630121338720016
few_moving,425,10,54,32.63010070171799
few_moving,426,10,54,32.63009728050017
few_moving,427,10,54,32.63011972383324
few_moving,428,10,42,32.630115025473856
few_moving,429,10,6,32.63012377276463
few_moving,430,10,6,32.63013423418704
few_moving,431,10,12,32.630144819495186
few_moving,432,10,12,32.6301547058629
few_moving,433,10,18,32.630205590883094
few_moving,434,10,0,32.63026363857876
few_moving,435,10,18,32.63032117426794
few_moving,436,10,18,32.63037430531249
few_moving,437,10,18,32.63042135578154
few_moving,438,10,6,32.63046190538179
few_moving,439,10,0,32.63049620697617
few_moving,440,10,24,32.63052483988201
few_moving,441,10,24,32.6305485088528
few_moving,442,10,48,32.63036137022972
few_moving,443,10,42,32.63015659460084
few_moving,444,10,30,32.63013114065087
few_moving,445,10,36,32.62996713394869
few_moving,446,10,42,32.62986868198835
few_moving,447,10,42,32.629887928653
few_moving,448,10,36,32.62988244834336
few_moving,449,10,30,32.62987507541343
few_moving,450,10,48,32.62993600626037
few_moving,451,10,18,32.63001778654809
few_moving,452,10,18,32.63011522394359
few_moving,453,10,6,32.63021366179914
few_moving,454,10,0,32.63030552409083
few_moving,455,10,24,32.63038740545852
few_moving,456,10,24,32.63045828105357
few_moving,457,10,18,32.63044205837781
few_moving,458,10,24,32.63022915305132
few_moving,459,10,0,32.63017694542321
few_moving,460,10,6,32.630194998553456
few_moving,461,10,12,32.63024769815441
few_moving,462,10,12,32.6303143284948
few_moving,463,10,6,32.63038328690289
few_moving,464,10,0,32.63044846865705
few_moving,465,10,30,32.630386986684485
few_moving,466,10,18,32.630328939487676
few_moving,467,10,18,32.630300346534824
few_moving,468,10,6,32.630288896878255
few_moving,469,10,0,32.6302870510159
few_moving,470,10,24,32.6302902562434
few_moving,471,10,24,32.63029581738552
few_moving,472,10,24,32.630302184625734
few_moving,473,10,24,32.630142883463165
few_moving,474,10,0,32.630048108818194
few_moving,475,10,6,32.62999174620679
few_moving,476,10,12,32.62995911163217
few_moving,477,10,12,32.62994097720993
few_moving,478,10,30,32.6298947726865
few_moving,479,10,30,32.629876959027044
few_moving,480,10,54,32.629887492935325
few_moving,481,10,48,32.629883184057014
few_moving,482,10,48,32.62991594133641
few_moving,483,10,36,32.62990268764371
few_moving,484,10,24,32.62992024143233
few_moving,485,10,30,32.62992450359571
few_moving,486,10,24,32.62994653652256
few_moving,487,10,18,32.629975054659226
few_moving,488,10,12,32.630004843301016
few_moving,489,10,0,32.63003313775603
few_moving,490,10,6,32.630058630035236
few_moving,491,10,12,32.630080852180754
few_moving,492,10,12,32.6300998000357
few_moving,493,10,6,32.63011570721457
few_moving,494,10,0,32.63012891225358
few_moving,495,10,30,32.63003822892235
few_moving,496,10,18,32.629972778228904
few_moving,497,10,18,32.62993404892179
few_moving,498,10,6,32.62991178905896
few_moving,499,10,12,32.629891224706455
few_moving,500,10,24,32.629891212373494
few_moving,501,10,24,32.62990043639612
few_moving,502,10,24,32.62991301733304
few_moving,503,10,12,32.62992648042391
few_moving,504,10,0,32.62993942594796
few_moving,505,10,6,32.62995117445823
few_moving,506,10,12,32.62996146423463
few_moving,507,10,12,32.62997026629078
few_moving,508,10,6,32.62997767289402
few_moving,509,10,0,32.629983831754
few_moving,510,10,30,32.629970147145315
few_moving,511,10,18,32.62998460840456
few_moving,512,10,18,32.63000029449571
few_moving,513,10,6,32.63001547939235
few_moving,514,10,12,32.629999604273095
few_moving,515,10,24,32.62999445305301
few_moving,516,10,24,32.62999681645083
few_moving,517,10,24,32.62999574133723
few_moving,518,10,12,32.62999654880578
few_moving,519,10,0,32.6299982624674
few_moving,520,10,6,32.630000316946564
few_moving,521,10,12,32.63000239811994
few_moving,522,10,12,32.630004343176864
few_moving,523,10,6,32.63000607852912
few_moving,524,10,0,32.630007581583136
few_moving,525,10,30,32.62995947242847
few_moving,526,10,18,32.629990075719334
few_moving,527,10,18,32.63013985793303
few_moving,528,10,6,32.630339953689266
few_moving,529,10,12,32.63051433989791
few_moving,530,10,24,32.63073507232517
few_moving,531,10,48,32.63085844947001
few_moving,532,10,48,32.63103178299918
few_moving,533,10,36,32.63117774234175
few_moving,534,10,30,32.63119360499788
few_moving,535,10,36,32.631183808339905
few_moving,536,10,42,32.631124272124
few_moving,537,10,36,32.631249790187795
few_moving,538,10,12,32.6313148720559
few_moving,539,10,0,32.6313785110837
few_moving,540,10,30,32.63106305346267
few_moving,541,10,18,32.630520863572755
few_moving,542,10,18,32.63025819370962
few_moving,543,10,6,32.630157583578246
few_moving,544,10,0,32.63014720820094
few_moving,545,10,24,32.63018378804045
few_moving,546,10,24,32.63024177916492
few_moving,547,10,24,32.63030979145912
few_moving,548,10,12,32.63038357700292
few_moving,549,10,0,32.630455005808855
few_moving,550,10,6,32.6305200850393
few_moving,551,10,12,32.63057722755218
few_moving,552,10,24,32.63066014666082
few_moving,553,10,6,32.630674861885076
few_moving,554,10,0,32.630698813726475
few_moving,555,10,30,32.630631401799825
few_moving,556,10,18,32.63060638915794
few_moving,557,10,18,32.630604886304454
few_moving,558,10,6,32.630615528874685
few_moving,559,10,0,32.63063162373402
few_moving,560,10,24,32.630649351381756
few_moving,561,10,24,32.63066663864876
few_moving,562,10,54,32.630521003543016
few_moving,563,10,36,32.63036823102593
few_moving,564,10,30,32.63043525678101
few_moving,565,10,36,32.63044847401043
few_moving,566,10,42,32.63045878779906
few_moving,567,10,54,32.63037413815399
few_moving,568,10,36,32.630345195964736
few_moving,569,10,0,32.63031785168966
few_moving,570,10,18,32.630314542913915
few_moving,571,10,18,32.630339541493335
few_moving,572,10,18,32.63036821228098
few_moving,573,10,6,32.63039669264561
few_moving,574,10,0,32.630423021714314
few_moving,575,10,24,32.630446351985974
few_moving,576,10,24,32.63046646625588
few_moving,577,10,24,32.63047557589723
few_moving,578,10,12,32.63048658206181
few_moving,579,10,0,32.630497765654475
few_moving,580,10,6,32.63050823428427
few_moving,581,10,12,32.630517582811144
few_moving,582,10,24,32.630460159749866
few_moving,583,10,18,32.63048408587964
few_moving,584,10,0,32.6305105527651
few_moving,585,10,18,32.63053641437823
few_moving,586,10,18,32.63044664640518
few_moving,587,10,18,32.63038814521859
few_moving,588,10,6,32.6303498647577
few_moving,589,10,0,32.63032469352043
few_moving,590,10,24,32.630308046542595
few_moving,591,10,24,32.63029696257126
few_moving,592,10,24,32.63028952490656
few_moving,593,10,12,32.63028448966329
few_moving,594,10,0,32.630281046997546
few_moving,595,10,6,32.630278667603534
few_moving,596,10,12,32.630277003921066
few_moving,597,10,24,32.630179131262224
few_moving,598,10,42,32.63004847961327
few_moving,599,10,30,32.62991767182983
few_moving,600,10,42,32.62989950536621
few_moving,0,20,0,19.971998579307627
few_moving,1,20,282,22.376961444627472
few_moving,2,20,408,21.778038782915445
few_moving,3,20,408,21.324378620777747
few_moving,4,20,414,20.940908814782862
few_moving,5,20,420,20.620145840983383
few_moving,6,20,408,20.358663789045767
few_moving,7,20,360,20.12975469508682
few_moving,8,20,69,19.931398322129287
few_moving,9,20,0,19.778501585076327
few_moving,10,20,0,19.65997698963946
few_moving,11,20,0,19.567629705516545
few_moving,12,20,0,19.495357138137102
few_moving,13,20,0,19.438578129834777
few_moving,14,20,0,19.393825862694793
few_moving,15,20,0,19.358456483165547
few_moving,16,20,0,19.330439284137213
few_moving,17,20,0,19.30820442908844
few_moving,18,20,0,19.290531446649037
few_moving,19,20,0,19.2764668035265
few_moving,20,20,6,19.26526238960254
few_moving,21,20,24,19.256329184586903
few_moving,22,20,87,19.166255136760014
few_moving,23,20,3,19.071156246761593
few_moving,24,20,0,18.996597602891985
few_moving,25,20,0,18.937937848238786
few_moving,26,20,0,18.891648936713967
few_moving,27,20,0,18.85503030277041
few_moving,28,20,18,18.82744577575125
few_moving,29,20,108,18.754735127670045
few_moving,30,20,122.99999999999999,18.682115489195972
few_moving,31,20,141,18.611184558806393
few_moving,32,20,114,18.553065709086557
few_moving,33,20,117,18.49616564521042
few_moving,34,20,120,18.446900016576702
few_moving,35,20,105,18.3961040390618
few_moving,36,20,30,18.348998425969345
few_moving,37,20,75,18.272762670606873
few_moving,38,20,6,18.192449240193294
few_moving,39,20,0,18.128944221133974
few_moving,40,20,0,18.07862319083159
few_moving,41,20,6,18.038678402850348
few_moving,42,20,0,18.00692377242888
few_moving,43,20,45,17.974766473678997
few_moving,44,20,66,17.93434000752917
few_moving,45,20,78,17.90167948419404
few_moving,46,20,78,17.86258794608313
few_moving,47,20,78,17.823774026947248
few_moving,48,20,78,17.78785465521586
few_moving,49,20,81,17.752261894381455
few_moving,50,20,66,17.700029653963377
few_moving,51,20,27,17.650285703989915
few_moving,52,20,57,17.58824399952415
few_moving,53,20,3,17.53283197202435
few_moving,54,20,0,17.48886343569244
few_moving,55,20,0,17.453921761969216
few_moving,56,20,24,17.421290959299817
few_moving,57,20,78,17.389514338715777
few_moving,58,20,96,17.36205258932934
few_moving,59,20,108,17.333721180991866
few_moving,60,20,99,17.306637183495546
few_moving,61,20,159,17.286792154333618
few_moving,62,20,147,17.27436233704633
few_moving,63,20,132,17.26463002835556
few_moving,64,20,147,17.214562543503344
few_moving,65,20,141,17.138635330937742
few_moving,66,20,111,17.06994593158896
few_moving,67,20,129,16.95154199252227
few_moving,68,20,108,16.857570920618322
few_moving,69,20,105,16.773512977617134
few_moving,70,20,87,16.695004646585552
few_moving,71,20,81,16.633009647202808
few_moving,72,20,78,16.57904100216694
few_moving,73,20,54,16.543087742181783
few_moving,74,20,54,16.51521812875617
few_moving,75,20,54,16.499222510766224
few_moving,76,20,48,16.486028856301935
few_moving,77,20,51,16.47492262127959
few_moving,78,20,63,16.46780535853195
few_moving,79,20,84,16.422305178285896
few_moving,80,20,78,16.368508986680542
few_moving,81,20,69,16.327018618166303
few_moving,82,20,90,16.29096779057931
few_moving,83,20,96,16.253887541990384
few_moving,84,20,111,16.212189441937138
few_moving,85,20,141,16.168037917479896
few_moving,86,20,156,16.131572212895495
few_moving,87,20,150,16.09058379416872
few_moving,88,20,144,16.05662983386708
few_moving,89,20,120,16.022702010644277
few_moving,90,20,153,15.998784021865426
few_moving,91,20,186,15.968137592112448
few_moving,92,20,180,15.940332658402076
few_moving,93,20,159,15.917706565669718
few_moving,94,20,180,15.871781932183636
few_moving,95,20,189,15.813972468516342
few_moving,96,20,183,15.752157235336078
few_moving,97,20,165,15.699536836764839
few_moving,98,20,144,15.644352709203826
few_moving,99,20,141,15.590157603215847
few_moving,100,20,132,15.54187403164108
few_moving,101,20,126,15.495210880828875
few_moving,102,20,120,15.453376831903311
few_moving,103,20,159,15.41558702944159
few_moving,104,20,141,15.379757235763979
few_moving,105,20,117,15.34733432558729
few_moving,106,20,129,15.320271472999355
few_moving,107,20,114,15.291558340756954
few_moving,108,20,129,15.263843658968423
few_moving,109,20,153,15.213196570878248
few_moving,110,20,114,15.171309371725425
few_moving,111,20,135,15.135025566323428
few_moving,112,20,141,15.102066121563155
few_moving,113,20,129,15.073815490936422
few_moving,114,20,117,15.05135294775509
few_moving,115,20,126,15.028392283334728
few_moving,116,20,135,15.009553713016773
few_moving,117,20,132,14.985049751960705
few_moving,118,20,111,14.966464279685134
few_moving,119,20,108,14.956018437406996
few_moving,120,20,108,14.948728629286824
few_moving,121,20,111,14.93459836028202
few_moving,122,20,72,14.92120194808835
few_moving,123,20,42,14.911187385234735
few_moving,124,20,27,14.89590754979231
few_moving,125,20,18,14.876908092306866
few_moving,126,20,18,14.859646449509247
few_moving,127,20,45,14.842349589359644
few_moving,128,20,99,14.830307174685686
few_moving,129,20,72,14.81514123702361
few_moving,130,20,63,14.798635806327551
few_moving,131,20,75,14.775902895045276
few_moving,132,20,135,14.75916426784727
few_moving,133,20,117,14.741205268316584
few_moving,134,20,93,14.723725660483971
few_moving,135,20,120,14.710276505633413
few_moving,136,20,171,14.69556124098014
few_moving,137,20,141,14.671580699555447
few_moving,138,20,93,14.651217908424053
few_moving,139,20,87,14.630840386554556
few_moving,140,20,90,14.613207282623524
few_moving,141,20,81,14.591326746168665
few_moving,142,20,75,14.570605195864292
few_moving,143,20,27,14.555994743390176
few_moving,144,20,33,14.544915888736334
few_moving,145,20,15,14.535394077387672
few_moving,146,20,12,14.52786985544417
few_moving,147,20,6,14.52179357972345
few_moving,148,20,6,14.516127152248549
few_moving,149,20,0,14.511652753115229
few_moving,150,20,6,14.508110870131175
few_moving,151,20,15,14.505263501042766
few_moving,152,20,30,14.498269028150407
few_moving,153,20,6,14.491563816662227
few_moving,154,20,6,14.484978781251531
few_moving,155,20,12,14.4785383871579
few_moving,156,20,12,14.472713876992822
few_moving,157,20,21,14.461606302893957
few_moving,158,20,15,14.452269953619902
few_moving,159,20,66,14.44225976090247
few_moving,160,20,57,14.431677509681432
few_moving,161,20,54,14.423771148000984
few_moving,162,20,72,14.4162396315158
few_moving,163,20,72,14.40593753423402
few_moving,164,20,84,14.396634259039285
few_moving,165,20,81,14.386501360932051
few_moving,166,20,54,14.379841395871999
few_moving,167,20,51,14.372080875996021
few_moving,168,20,42,14.364867503418035
few_moving,169,20,27,14.358917105965983
few_moving,170,20,30,14.352562280874345
few_moving,171,20,12,14.344989393770884
few_moving,172,20,21,14.332079983192099
few_moving,173,20,15,14.321368791219966
few_moving,174,20,48,14.311989058671326
few_moving,175,20,60,14.303442071183264
few_moving,176,20,63,14.295751897710279
few_moving,177,20,72,14.289953107579926
few_moving,178,20,60,14.283678252277795
few_moving,179,20,69,14.28036310029763
few_moving,180,20,54,14.274923912227703
few_moving,181,20,66,14.267985826533737
few_moving,182,20,30,14.259974988420044
few_moving,183,20,36,14.251698521606368
few_moving,184,20,30,14.247013217132638
few_moving,185,20,42,14.236239888829175
few_moving,186,20,30,14.22838067651716
few_moving,187,20,39,14.221001676444391
few_moving,188,20,3,14.214217939358907
few_moving,189,20,24,14.207929733343814
few_moving,190,20,21,14.199735826496326
few_moving,191,20,33,14.192405135553418
few_moving,192,20,48,14.185406867065364
few_moving,193,20,36,14.178992445905866
few_moving,194,20,51,14.175913926363538
few_moving,195,20,51,14.170322704555936
few_moving,196,20,84,14.16615498220437
few_moving,197,20,57,14.161039947385252
few_moving,198,20,51,14.156926990570947
few_moving,199,20,42,14.151380868790206
few_moving,200,20,54,14.148629487751622
few_moving,201,20,99,14.144917231676622
few_moving,202,20,138,14.140441184311252
few_moving,203,20,102,14.135202906914492
few_moving,204,20,114,14.129517827883966
few_moving,205,20,99,14.124709324523282
few_moving,206,20,114,14.11971013464999
few_moving,207,20,114,14.115422616392305
few_moving,208,20,72,14.11116414705955
few_moving,209,20,78,14.10671591835664
few_moving,210,20,66,14.100865201862016
few_moving,211,20,69,14.096913695439552
few_moving,212,20,48,14.093944877750115
few_moving,213,20,36,14.090457948060601
few_moving,214,20,24,14.08779253221244
few_moving,215,20,24,14.085338437822783
few_moving,216,20,24,14.083727566589715
few_moving,217,20,45,14.080074573235093
few_moving,218,20,48,14.077387962212871
few_moving,219,20,48,14.074507237117484
few_moving,220,20,30,14.071845709601119
few_moving,221,20,60,14.06868792287555
few_moving,222,20,66,14.064234008560751
few_moving,223,20,72,14.06141513906605
few_moving,224,20,51,14.058707122396038
few_moving,225,20,66,14.054903386068965
few_moving,226,20,75,14.053187923851535
few_moving,227,20,72,14.052158726404668
few_moving,228,20,66,14.050046380722943
few_moving,229,20,63,14.048353403627113
few_moving,230,20,69,14.04701399002936
few_moving,231,20,90,14.046506132470348
few_moving,232,20,78,14.046113583362454
few_moving,233,20,48,14.045390276367092
few_moving,234,20,36,14.044775197988859
few_moving,235,20,24,14.044451539730977
few_moving,236,20,30,14.044294341911073
few_moving,237,20,42,14.044077011089861
few_moving,238,20,45,14.043199618264138
few_moving,239,20,48,14.041870116644162
few_moving,240,20,54,14.040286848289945
few_moving,241,20,63,14.03891842143037
few_moving,242,20,60,14.03593676296142
few_moving,243,20,51,14.032660146951484
few_moving,244,20,33,14.030906235783096
few_moving,245,20,33,14.02959569036636
few_moving,246,20,66,14.027904989233464
few_moving,247,20,45,14.02673417517163
few_moving,248,20,48,14.026256829104112
few_moving,249,20,81,14.023867503902022
few_moving,250,20,111,14.021693592230736
few_moving,251,20,129,14.01979895318848
few_moving,252,20,126,14.018086839656824
few_moving,253,20,117,14.0160978376513
few_moving,254,20,96,14.015425231378684
few_moving,255,20,87,14.01440434332142
few_moving,256,20,75,14.013305003254372
few_moving,257,20,27,14.012014421383045
few_moving,258,20,12,14.009617060681293
few_moving,259,20,0,14.007750734695813
few_moving,260,20,6,14.006323106682695
few_moving,261,20,21,14.004991573687143
few_moving,262,20,0,14.003962288597535
few_moving,263,20,12,14.003165460206013
few_moving,264,20,12,14.001684475802747
few_moving,265,20,15,14.00071593671965
few_moving,266,20,21,13.999429308323124
few_moving,267,20,24,13.998576750411887
few_moving,268,20,51,13.997118160111675
few_moving,269,20,48,13.995288057647254
few_moving,270,20,81,13.993499240697883
few_moving,271,20,93,13.991993245043641
few_moving,272,20,99,13.990399360053031
few_moving,273,20,96,13.988930731517573
few_moving,274,20,117,13.987064151373973
few_moving,275,20,114,13.985294562794309
few_moving,276,20,132,13.983878695900739
few_moving,277,20,102,13.982491185715688
few_moving,278,20,141,13.982239377262815
few_moving,279,20,126,13.981455138324677
few_moving,280,20,129,13.980608169795953
few_moving,281,20,93,13.979833712028693
few_moving,282,20,84,13.979247589772122
few_moving,283,20,81,13.97833601667422
few_moving,284,20,75,13.97721869225381
few_moving,285,20,54,13.975883015035942
few_moving,286,20,48,13.975008385303102
few_moving,287,20,24,13.972368165116723
few_moving,288,20,24,13.97075358854493
few_moving,289,20,15,13.969905887166929
few_moving,290,20,6,13.96945153232444
few_moving,291,20,33,13.967703694703943
few_moving,292,20,18,13.966127382093992
few_moving,293,20,30,13.965283295568625
few_moving,294,20,30,13.964846643540586
few_moving,295,20,69,13.96430886513347
few_moving,296,20,84,13.964895848179674
few_moving,297,20,81,13.964183371983474
few_moving,298,20,60,13.963552657863016
few_moving,299,20,69,13.962930909640873
few_moving,300,20,72,13.961921010546266
few_moving,301,20,63,13.960944607687239
few_moving,302,20,51,13.959885366598105
few_moving,303,20,78,13.958801116339297
few_moving,304,20,60,13.958065335875473
few_moving,305,20,45,13.957510999153051
few_moving,306,20,57,13.956413048201156
few_moving,307,20,48,13.955954471383182
few_moving,308,20,57,13.955091216712395
few_moving,309,20,57,13.954416253477735
few_moving,310,20,69,13.95350502503641
few_moving,311,20,66,13.95263603875898
few_moving,312,20,60,13.950197528384873
few_moving,313,20,51,13.94789022617136
few_moving,314,20,51,13.946325395839953
few_moving,315,20,57,13.945686778576755
few_moving,316,20,63,13.945037680304045
few_moving,317,20,54,13.94455358430015
few_moving,318,20,60,13.943229797096032
few_moving,319,20,33,13.941992351665576
few_moving,320,20,33,13.941392556083157
few_moving,321,20,48,13.94052738721942
few_moving,322,20,48,13.939911735366703
few_moving,323,20,75,13.939214290309144
few_moving,324,20,87,13.938290106621057
few_moving,325,20,72,13.937427837593244
few_moving,326,20,87,13.936437360925147
few_moving,327,20,75,13.935877642225416
few_moving,328,20,60,13.935540079891314
few_moving,329,20,66,13.935448844585572
few_moving,330,20,54,13.935446069354642
few_moving,331,20,69,13.935344729604818
few_moving,332,20,42,13.935133233155526
few_moving,333,20,63,13.934847508399015
few_moving,334,20,69,13.935048999652237
few_moving,335,20,69,13.93492689367151
few_moving,336,20,66,13.934976620788996
few_moving,337,20,45,13.934750068015441
few_moving,338,20,45,13.934544433844087
few_moving,339,20,51,13.934337097653792
few_moving,340,20,27,13.93416359023779
few_moving,341,20,27,13.933700761539571
few_moving,342,20,12,13.932578751388348
few_moving,343,20,0,13.93162569426377
few_moving,344,20,12,13.930813789664015
few_moving,345,20,45,13.930224220130254
few_moving,346,20,78,13.929941189727332
few_moving,347,20,96,13.929671910194974
few_moving,348,20,122.99999999999999,13.929938315575766
few_moving,349,20,120,13.929552448530373
few_moving,350,20,120,13.929292612794217
few_moving,351,20,129,13.929248161404006
few_moving,352,20,105,13.929190339583885
few_moving,353,20,84,13.929128639710132
few_moving,354,20,90,13.929088070517745
few_moving,355,20,66,13.92907898195658
few_moving,356,20,72,13.929274517585144
few_moving,357,20,66,13.929152495400452
few_moving,358,20,54,13.929263567007862
few_moving,359,20,60,13.929259156365038
few_moving,360,20,51,13.929255315713322
few_moving,361,20,39,13.928859101049103
few_moving,362,20,45,13.928481634645955
few_moving,363,20,60,13.928124411658718
few_moving,364,20,54,13.927956417318722
few_moving,365,20,45,13.927100106238187
few_moving,366,20,60,13.927036184955073
few_moving,367,20,48,13.926825091979879
few_moving,368,20,27,13.926216314549368
few_moving,369,20,39,13.925720244917295
few_moving,370,20,60,13.925274689896174
few_moving,371,20,60,13.924474816819336
few_moving,372,20,48,13.923765266986162
few_moving,373,20,63,13.923616766607203
few_moving,374,20,129,13.922816961551963
few_moving,375,20,153,13.92226394579177
few_moving,376,20,171,13.921890386212757
few_moving,377,20,117,13.921389313916633
few_moving,378,20,117,13.921278958808498
few_moving,379,20,114,13.92116653175319
few_moving,380,20,90,13.921285179683716
few_moving,381,20,48,13.92114975229062
few_moving,382,20,27,13.921078321196529
few_moving,383,20,3,13.920982565202108
few_moving,384,20,6,13.920923085947676
few_moving,385,20,27,13.920949245181134
few_moving,386,20,39,13.92095114898083
few_moving,387,20,30,13.921024849741066
few_moving,388,20,27,13.921036969962802
few_moving,389,20,36,13.921125909770327
few_moving,390,20,36,13.921104059198004
few_moving,391,20,51,13.920965471659068
few_moving,392,20,9,13.921060450026916
few_moving,393,20,21,13.921293026407312
few_moving,394,20,36,13.921374802734395
few_moving,395,20,39,13.921323361802296
few_moving,396,20,39,13.921371805769152
few_moving,397,20,45,13.921203461723472
few_moving,398,20,54,13.920749800710173
few_moving,399,20,66,13.920737513229966
few_moving,400,20,45,13.920291186295822
few_moving,401,20,63,13.919948833899598
few_moving,402,20,57,13.919885096304519
few_moving,403,20,57,13.919923751370543
few_moving,404,20,60,13.919635942331078
few_moving,405,20,24,13.919669162710754
few_moving,406,20,42,13.919773221733685
few_moving,407,20,24,13.919836776856682
few_moving,408,20,6,13.919892375133974
few_moving,409,20,15,13.919935957116369
few_moving,410,20,18,13.920096443150223
few_moving,411,20,18,13.920235982733512
few_moving,412,20,42,13.92012694319569
few_moving,413,20,48,13.920155003311
few_moving,414,20,51,13.92017124990082
few_moving,415,20,72,13.920086253466431
few_moving,416,20,87,13.920062551991878
few_moving,417,20,138,13.9199701426898
few_moving,418,20,198,13.919959180502726
few_moving,419,20,204,13.91905437617577
few_moving,420,20,168,13.918479967995808
few_moving,421,20,156,13.917965958253388
few_moving,422,20,132,13.917526999935475
few_moving,423,20,105,13.917082391025012
few_moving,424,20,45,13.91697597372263
few_moving,425,20,33,13.91684052374649
few_moving,426,20,27,13.916601975413997
few_moving,427,20,24,13.91636290122444
few_moving,428,20,36,13.916151408172452
few_moving,429,20,48,13.916140162314365
few_moving,430,20,33,13.916032957131847
few_moving,431,20,45,13.915954095592493
few_moving,432,20,15,13.915924163086988
few_moving,433,20,27,13.91593966454742
few_moving,434,20,39,13.916092039269623
few_moving,435,20,12,13.91593687046141
few_moving,436,20,18,13.91586160587123
few_moving,437,20,15,13.915794229992406
few_moving,438,20,24,13.915714716884281
few_moving,439,20,6,13.915632174981837
few_moving,440,20,18,13.915570588818406
few_moving,441,20,24,13.915431442416502
few_moving,442,20,15,13.9152070837733
few_moving,443,20,15,13.915155078366707
few_moving,444,20,51,13.915277394435424
few_moving,445,20,96,13.91546027307266
few_moving,446,20,138,13.915095139979158
few_moving,447,20,111,13.9150333755713
few_moving,448,20,117,13.915065785474125
few_moving,449,20,126,13.914965293120574
few_moving,450,20,111,13.914755957965557
few_moving,451,20,114,13.91485194664923
few_moving,452,20,78,13.914807019387931
few_moving,453,20,42,13.914864765389481
few_moving,454,20,6,13.914976693987198
few_moving,455,20,39,13.915165581696286
few_moving,456,20,54,13.915180296713386
few_moving,457,20,45,13.915409941111003
few_moving,458,20,45,13.915514321561565
few_moving,459,20,63,13.915699883453515
few_moving,460,20,69,13.915560440621983
few_moving,461,20,84,13.915526439563706
few_moving,462,20,57,13.915482344800097
few_moving,463,20,57,13.915602159269245
few_moving,464,20,75,13.915304708670863
few_moving,465,20,60,13.914907437664022
few_moving,466,20,57,13.914759176114716
few_moving,467,20,39,13.914610526755256
few_moving,468,20,45,13.91442750890751
few_moving,469,20,18,13.91428986046235
few_moving,470,20,24,13.914192597775223
few_moving,471,20,33,13.914165996594278
few_moving,472,20,39,13.91415356242831
few_moving,473,20,60,13.914105678289687
few_moving,474,20,72,13.914169436126679
few_moving,475,20,69,13.914176069392305
few_moving,476,20,93,13.914165900816755
few_moving,477,20,63,13.914179307871041
few_moving,478,20,51,13.914175196113616
few_moving,479,20,36,13.914265095729432
few_moving,480,20,21,13.914450468469367
few_moving,481,20,45,13.914702335319395
few_moving,482,20,60,13.914923436878041
few_moving,483,20,54,13.915113602774175
few_moving,484,20,33,13.915364576226652
few_moving,485,20,39,13.915617629703046
few_moving,486,20,39,13.915824620034346
few_moving,487,20,48,13.91590432080584
few_moving,488,20,45,13.915918698225083
few_moving,489,20,66,13.91612398952176
few_moving,490,20,75,13.91616813165521
few_moving,491,20,122.99999999999999,13.91599904285739
few_moving,492,20,102,13.915483866723621
few_moving,493,20,102,13.915258663420484
few_moving,494,20,102,13.91484511545158
few_moving,495,20,66,13.914812315901651
few_moving,496,20,63,13.914616717389867
few_moving,497,20,36,13.914520520233628
few_moving,498,20,60,13.914445794896181
few_moving,499,20,57,13.914829776577045
few_moving,500,20,54,13.914864186461104
few_moving,501,20,54,13.914444155001874
few_moving,502,20,51,13.914477025375302
few_moving,503,20,51,13.914312954356351
few_moving,504,20,33,13.91396458748873
few_moving,505,20,3,13.913879796084228
few_moving,506,20,27,13.913970961802917
few_moving,507,20,9,13.914135466464522
few_moving,508,20,12,13.914284830769006
few_moving,509,20,12,13.914343718917397
few_moving,510,20,6,13.914399737864754
few_moving,511,20,21,13.914456544354124
few_moving,512,20,15,13.914522732790026
few_moving,513,20,30,13.914514407982002
few_moving,514,20,24,13.914541033713617
few_moving,515,20,24,13.914611096436404
few_moving,516,20,54,13.91471569863092
few_moving,517,20,93,13.914795674613819
few_moving,518,20,126,13.91478498449479
few_moving,519,20,132,13.914511681711566
few_moving,520,20,117,13.914444412546697
few_moving,521,20,147,13.914362389381164
few_moving,522,20,111,13.914218837928766
few_moving,523,20,87,13.914118153732177
few_moving,524,20,78,13.914003817159296
few_moving,525,20,15,13.913957710243155
few_moving,526,20,21,13.913960531421777
few_moving,527,20,9,13.913999835689301
few_moving,528,20,30,13.914161182681045
few_moving,529,20,57,13.914138095514874
few_moving,530,20,60,13.91414972074444
few_moving,531,20,63,13.91422596944443
few_moving,532,20,57,13.914403942058382
few_moving,533,20,66,13.914419265730645
few_moving,534,20,51,13.914240854047021
few_moving,535,20,30,13.914184426502965
few_moving,536,20,45,13.91441625892757
few_moving,537,20,36,13.914559253505866
few_moving,538,20,30,13.914664269738354
few_moving,539,20,39,13.91480729938126
few_moving,540,20,36,13.91494146399137
few_moving,541,20,48,13.915317115517555
few_moving,542,20,24,13.915554160196283
few_moving,543,20,18,13.915644884821553
few_moving,544,20,57,13.915584378387237
few_moving,545,20,105,13.915610773031853
few_moving,546,20,117,13.915556365874476
few_moving,547,20,105,13.915557452920082
few_moving,548,20,105,13.91546019350458
few_moving,549,20,99,13.91476920516791
few_moving,550,20,81,13.914412852352186
few_moving,551,20,96,13.914206101548308
few_moving,552,20,21,13.914121173160977
few_moving,553,20,12,13.91412464584814
few_moving,554,20,15,13.914147348489301
few_moving,555,20,15,13.914183069597582
few_moving,556,20,69,13.914263922001455
few_moving,557,20,63,13.914339592936722
few_moving,558,20,57,13.914407067322388
few_moving,559,20,69,13.914497943120622
few_moving,560,20,114,13.914610747509995
few_moving,561,20,114,13.914605442746456
few_moving,562,20,120,13.914556404294318
few_moving,563,20,135,13.9145613118594
few_moving,564,20,78,13.91437691371767
few_moving,565,20,60,13.914251518490778
few_moving,566,20,63,13.914087295672282
few_moving,567,20,18,13.914050390186159
few_moving,568,20,6,13.914067548541334
few_moving,569,20,24,13.914092067127354
few_moving,570,20,33,13.914134744083734
few_moving,571,20,45,13.914157714528946
few_moving,572,20,30,13.91411660942811
few_moving,573,20,36,13.914206626024566
few_moving,574,20,33,13.91410622859629
few_moving,575,20,60,13.914062285011228
few_moving,576,20,57,13.914110212585161
few_moving,577,20,45,13.914139903325077
few_moving,578,20,54,13.913997140058552
few_moving,579,20,39,13.913823473082486
few_moving,580,20,39,13.913753597054757
few_moving,581,20,60,13.913629619418359
few_moving,582,20,6,13.913595491760134
few_moving,583,20,6,13.91362636501268
few_moving,584,20,6,13.913679940558644
few_moving,585,20,0,13.913747390260438
few_moving,586,20,12,13.913805798511131
few_moving,587,20,21,13.913879996352573
few_moving,588,20,45,13.913941096595218
few_moving,589,20,57,13.913980273882117
few_moving,590,20,63,13.91403588877731
few_moving,591,20,66,13.914139924033764
few_moving,592,20,60,13.914153836916936
few_moving,593,20,120,13.914062343731947
few_moving,594,20,99,13.913998077246905
few_moving,595,20,72,13.914085905454078
few_moving,596,20,54,13.914175356403817
few_moving,597,20,33,13.91431070261309
few_moving,598,20,39,13.914427148724446
few_moving,599,20,42,13.914561029044181
few_moving,600,20,51,13.91459415731762
few_moving,0,35,0,21.42750140641915
few_moving,1,35,341.14285714285717,20.96807307778751
few_moving,2,35,521.1428571428571,20.453621673384276
few_moving,3,35,526.2857142857143,19.996718796648633
few_moving,4,35,546.8571428571429,19.580816123252262
few_moving,5,35,536.5714285714286,19.20011023069692
few_moving,6,35,550.2857142857142,18.840149648259988
few_moving,7,35,534.8571428571429,18.505655709437626
few_moving,8,35,161.14285714285714,18.199567790183288
few_moving,9,35,3.4285714285714284,17.95865531625456
few_moving,10,35,0,17.768567160088175
few_moving,11,35,0,17.61824462938614
few_moving,12,35,0,17.499135298203655
few_moving,13,35,0,17.40459863435914
few_moving,14,35,0,17.329457943644467
few_moving,15,35,0,17.269662332708148
few_moving,16,35,0,17.222030863905072
few_moving,17,35,0,17.184058024998787
few_moving,18,35,0,17.15376502770034
few_moving,19,35,0,17.12958550285579
few_moving,20,35,0,17.110277154737368
few_moving,21,35,10.285714285714286,17.09485312876836
few_moving,22,35,116.57142857142857,16.960409510304924
few_moving,23,35,17.142857142857142,16.742065949363823
few_moving,24,35,3.4285714285714284,16.569797815834264
few_moving,25,35,0,16.43357387811727
few_moving,26,35,0,16.32563905929279
few_moving,27,35,0,16.23997333717898
few_moving,28,35,32.57142857142857,16.154896380796576
few_moving,29,35,120,16.035246200682067
few_moving,30,35,154.2857142857143,15.90618968066416
few_moving,31,35,157.71428571428572,15.796797790372619
few_moving,32,35,156,15.688229288457787
few_moving,33,35,162.85714285714286,15.58592144038772
few_moving,34,35,159.42857142857142,15.491597163774811
few_moving,35,35,145.7142857142857,15.407956974252077
few_moving,36,35,82.28571428571429,15.336377031457102
few_moving,37,35,106.28571428571428,15.20633464151192
few_moving,38,35,17.142857142857142,15.048965934278339
few_moving,39,35,1.7142857142857142,14.924635393147605
few_moving,40,35,0,14.826198350333486
few_moving,41,35,0,14.748119892243356
few_moving,42,35,0,14.686093769440584
few_moving,43,35,29.142857142857142,14.630607063407565
few_moving,44,35,114.85714285714286,14.57116067794621
few_moving,45,35,123.42857142857142,14.504543564409182
few_moving,46,35,116.57142857142857,14.44693237011306
few_moving,47,35,118.28571428571429,14.378587541292733
few_moving,48,35,116.57142857142857,14.323480509997353
few_moving,49,35,116.57142857142857,14.275615221447525
few_moving,50,35,116.57142857142857,14.211788657277916
few_moving,51,35,54.857142857142854,14.152827024631247
few_moving,52,35,73.71428571428572,14.040120454982489
few_moving,53,35,17.142857142857142,13.910138716723987
few_moving,54,35,3.4285714285714284,13.807025236935402
few_moving,55,35,0,13.725105549032463
few_moving,56,35,17.142857142857142,13.65657017415807
few_moving,57,35,51.42857142857142,13.593070423126852
few_moving,58,35,78.85714285714286,13.529089172748268
few_moving,59,35,80.57142857142857,13.476897052027887
few_moving,60,35,75.42857142857143,13.430034953520053
few_moving,61,35,121.71428571428571,13.374623802996947
few_moving,62,35,132,13.319796337391551
few_moving,63,35,133.71428571428572,13.271717152693759
few_moving,64,35,114.85714285714286,13.221329918313167
few_moving,65,35,82.28571428571429,13.165035411078524
few_moving,66,35,78.85714285714286,13.10596372578378
few_moving,67,35,114.85714285714286,13.006765037004788
few_moving,68,35,97.71428571428571,12.892371794120615
few_moving,69,35,85.71428571428572,12.7994395477282
few_moving,70,35,90.85714285714286,12.717262312001816
few_moving,71,35,97.71428571428571,12.646244894169595
few_moving,72,35,159.42857142857142,12.564593657965329
few_moving,73,35,185.14285714285714,12.490220429448398
few_moving,74,35,197.14285714285714,12.426959781327165
few_moving,75,35,176.57142857142858,12.357975042954305
few_moving,76,35,174.85714285714286,12.297987927078218
few_moving,77,35,183.42857142857142,12.24251041054269
few_moving,78,35,171.42857142857144,12.177417026077947
few_moving,79,35,101.14285714285714,12.129803820432878
few_moving,80,35,99.42857142857143,12.07506694717038
few_moving,81,35,84,12.015470564005254
few_moving,82,35,90.85714285714286,11.935419683160404
few_moving,83,35,89.14285714285714,11.857402149823946
few_moving,84,35,96,11.792129022662888
few_moving,85,35,130.28571428571428,11.73265697487895
few_moving,86,35,149.14285714285714,11.687160214647559
few_moving,87,35,171.42857142857144,11.641435067076914
few_moving,88,35,205.7142857142857,11.578574993510129
few_moving,89,35,221.14285714285714,11.512053906480054
few_moving,90,35,226.28571428571428,11.451873692077594
few_moving,91,35,204,11.397497310444972
few_moving,92,35,181.71428571428572,11.3446165584077
few_moving,93,35,150.85714285714286,11.292032330100408
few_moving,94,35,128.57142857142856,11.243469119705383
few_moving,95,35,138.85714285714286,11.197075168966272
few_moving,96,35,157.71428571428572,11.156592929197119
few_moving,97,35,197.14285714285714,11.101881154344643
few_moving,98,35,200.57142857142858,11.042879331586505
few_moving,99,35,185.14285714285714,10.98001161351077
few_moving,100,35,174.85714285714286,10.934649049756755
few_moving,101,35,150.85714285714286,10.901879016221999
few_moving,102,35,140.57142857142858,10.863613737324819
few_moving,103,35,133.71428571428572,10.826148403141076
few_moving,104,35,102.85714285714285,10.787875836564444
few_moving,105,35,123.42857142857142,10.754776828487422
few_moving,106,35,109.71428571428571,10.727801205058949
few_moving,107,35,123.42857142857142,10.696162612320283
few_moving,108,35,96,10.661706086279958
few_moving,109,35,89.14285714285714,10.626268736230067
few_moving,110,35,108,10.584251967992184
few_moving,111,35,120,10.550574774505225
few_moving,112,35,145.7142857142857,10.509674782309716
few_moving,113,35,164.57142857142858,10.460436192518436
few_moving,114,35,173.14285714285714,10.413150171039211
few_moving,115,35,185.14285714285714,10.358747333786766
few_moving,116,35,197.14285714285714,10.309902503161569
few_moving,117,35,204,10.254367611915102
few_moving,118,35,207.42857142857144,10.186265926239066
few_moving,119,35,186.85714285714286,10.137432740203797
few_moving,120,35,186.85714285714286,10.078625658974593
few_moving,121,35,173.14285714285714,10.020030336606467
few_moving,122,35,157.71428571428572,9.962014875038758
few_moving,123,35,126.85714285714286,9.910294701527393
few_moving,124,35,104.57142857142857,9.861745005935125
few_moving,125,35,96,9.818763423231252
few_moving,126,35,72,9.769676353599271
few_moving,127,35,85.71428571428572,9.72759490543909
few_moving,128,35,84,9.689211248542257
few_moving,129,35,125.14285714285715,9.645110631175404
few_moving,130,35,133.71428571428572,9.603770100624363
few_moving,131,35,126.85714285714286,9.571425959747389
few_moving,132,35,154.2857142857143,9.544508641703988
few_moving,133,35,157.71428571428572,9.513238877269837
few_moving,134,35,183.42857142857142,9.49197073878584
few_moving,135,35,178.28571428571428,9.462036644188473
few_moving,136,35,147.42857142857144,9.430742794555945
few_moving,137,35,137.14285714285714,9.39938205900541
few_moving,138,35,130.28571428571428,9.367241172533706
few_moving,139,35,132,9.332758294605915
few_moving,140,35,138.85714285714286,9.291198847624035
few_moving,141,35,157.71428571428572,9.250155057524543
few_moving,142,35,193.71428571428572,9.202672631113217
few_moving,143,35,243.42857142857142,9.158459663253046
few_moving,144,35,209.14285714285714,9.112627645981776
few_moving,145,35,198.85714285714286,9.072012449112162
few_moving,146,35,152.57142857142856,9.026310054778298
few_moving,147,35,121.71428571428571,8.984500567514553
few_moving,148,35,114.85714285714286,8.952031600912049
few_moving,149,35,102.85714285714285,8.907333017989398
few_moving,150,35,56.57142857142857,8.86971648279594
few_moving,151,35,42.85714285714286,8.837738190274168
few_moving,152,35,32.57142857142857,8.806809002874054
few_moving,153,35,13.714285714285714,8.772096884301863
few_moving,154,35,27.428571428571427,8.743727240094875
few_moving,155,35,25.71428571428571,8.716254045672411
few_moving,156,35,32.57142857142857,8.690547390183962
few_moving,157,35,44.57142857142857,8.66897949654927
few_moving,158,35,42.85714285714286,8.650838277263091
few_moving,159,35,41.142857142857146,8.631219960308515
few_moving,160,35,30.857142857142854,8.612498362685514
few_moving,161,35,30.857142857142854,8.591763535238329
few_moving,162,35,51.42857142857142,8.57400657267745
few_moving,163,35,51.42857142857142,8.552580583483074
few_moving,164,35,53.14285714285714,8.520759669411953
few_moving,165,35,66.85714285714286,8.489700247350827
few_moving,166,35,60,8.455598590600411
few_moving,167,35,66.85714285714286,8.422992133595594
few_moving,168,35,94.28571428571428,8.38775180053223
few_moving,169,35,120,8.343416494937866
few_moving,170,35,104.57142857142857,8.316355972964512
few_moving,171,35,89.14285714285714,8.290159531362885
few_moving,172,35,75.42857142857143,8.263533751766886
few_moving,173,35,73.71428571428572,8.2406825600981
few_moving,174,35,85.71428571428572,8.21761987782131
few_moving,175,35,61.71428571428571,8.188731989565932
few_moving,176,35,29.142857142857142,8.163213591780194
few_moving,177,35,24,8.141201105961791
few_moving,178,35,20.571428571428573,8.116553769519639
few_moving,179,35,20.571428571428573,8.097028203294618
few_moving,180,35,24,8.066618356245073
few_moving,181,35,32.57142857142857,8.033512977472373
few_moving,182,35,36,7.999124374091874
few_moving,183,35,32.57142857142857,7.9675036057359305
few_moving,184,35,80.57142857142857,7.940165208339564
few_moving,185,35,114.85714285714286,7.911413836078899
few_moving,186,35,120,7.8755208185104495
few_moving,187,35,125.14285714285715,7.845782246020967
few_moving,188,35,97.71428571428571,7.816521450859886
few_moving,189,35,113.14285714285714,7.777816335808891
few_moving,190,35,102.85714285714285,7.750061995748847
few_moving,191,35,84,7.72717715144059
few_moving,192,35,72,7.7029774987070345
few_moving,193,35,68.57142857142857,7.6804745508489995
few_moving,194,35,75.42857142857143,7.6622588616839575
few_moving,195,35,92.57142857142857,7.64405769798638
few_moving,196,35,133.71428571428572,7.623738671753749
few_moving,197,35,126.85714285714286,7.596142723811986
few_moving,198,35,113.14285714285714,7.573002398825141
few_moving,199,35,87.42857142857143,7.551608494568827
few_moving,200,35,94.28571428571428,7.530729099341883
few_moving,201,35,102.85714285714285,7.511380028537399
few_moving,202,35,116.57142857142857,7.480361355195126
few_moving,203,35,87.42857142857143,7.458723397657935
few_moving,204,35,65.14285714285714,7.42844958280864
few_moving,205,35,60,7.401219706023255
few_moving,206,35,61.71428571428571,7.367510899508505
few_moving,207,35,42.85714285714286,7.330674633469449
few_moving,208,35,32.57142857142857,7.300383309567933
few_moving,209,35,60,7.276833368387223
few_moving,210,35,61.71428571428571,7.25735114074415
few_moving,211,35,63.42857142857143,7.231621651630588
few_moving,212,35,61.71428571428571,7.205819298163755
few_moving,213,35,80.57142857142857,7.177496021509957
few_moving,214,35,89.14285714285714,7.147305532064171
few_moving,215,35,80.57142857142857,7.12452462612043
few_moving,216,35,60,7.105538068803877
few_moving,217,35,60,7.078800115471996
few_moving,218,35,56.57142857142857,7.055680106235309
few_moving,219,35,65.14285714285714,7.03587907555791
few_moving,220,35,60,7.011899677822543
few_moving,221,35,54.857142857142854,6.9914266001994765
few_moving,222,35,61.71428571428571,6.967712862106602
few_moving,223,35,53.14285714285714,6.9458558141282385
few_moving,224,35,65.14285714285714,6.922327917736611
few_moving,225,35,85.71428571428572,6.906551995658855
few_moving,226,35,99.42857142857143,6.880414483601632
few_moving,227,35,89.14285714285714,6.85270862716097
few_moving,228,35,65.14285714285714,6.831248998316563
few_moving,229,35,90.85714285714286,6.8138818729566495
few_moving,230,35,106.28571428571428,6.7933509686805875
few_moving,231,35,89.14285714285714,6.770789382725673
few_moving,232,35,94.28571428571428,6.752792349652029
few_moving,233,35,84,6.7333348290988075
few_moving,234,35,80.57142857142857,6.713919954533485
few_moving,235,35,66.85714285714286,6.690809100404439
few_moving,236,35,66.85714285714286,6.6624117929672435
few_moving,237,35,85.71428571428572,6.6331866119120875
few_moving,238,35,92.57142857142857,6.612998438160771
few_moving,239,35,90.85714285714286,6.5920236614495185
few_moving,240,35,77.14285714285715,6.570996245103758
few_moving,241,35,104.57142857142857,6.5411212276464
few_moving,242,35,109.71428571428571,6.516922583702702
few_moving,243,35,77.14285714285715,6.496085558720662
few_moving,244,35,51.42857142857142,6.475934601165854
few_moving,245,35,58.285714285714285,6.460973331278542
few_moving,246,35,56.57142857142857,6.441037709720857
few_moving,247,35,87.42857142857143,6.422235407618956
few_moving,248,35,77.14285714285715,6.40795422765222
few_moving,249,35,66.85714285714286,6.3916385778087506
few_moving,250,35,66.85714285714286,6.368269763602421
few_moving,251,35,66.85714285714286,6.340305984997153
few_moving,252,35,89.14285714285714,6.316256779078487
few_moving,253,35,85.71428571428572,6.3224340780228685
few_moving,254,35,78.85714285714286,6.322842535692332
few_moving,255,35,72,6.289403498409203
few_moving,256,35,82.28571428571429,6.262376883212031
few_moving,257,35,99.42857142857143,6.244835223835855
few_moving,258,35,84,6.222217249413122
few_moving,259,35,63.42857142857143,6.210961508559775
few_moving,260,35,75.42857142857143,6.186648374212322
few_moving,261,35,49.714285714285715,6.1712272672378585
few_moving,262,35,58.285714285714285,6.148560902246427
few_moving,263,35,42.85714285714286,6.124469040695902
few_moving,264,35,65.14285714285714,6.102965150343586
few_moving,265,35,72,6.077577128458468
few_moving,266,35,78.85714285714286,6.053330016030913
few_moving,267,35,82.28571428571429,6.034163638709476
few_moving,268,35,78.85714285714286,6.021645330494017
few_moving,269,35,82.28571428571429,5.996848854896461
few_moving,270,35,97.71428571428571,5.980033422650895
few_moving,271,35,96,5.961367701328077
few_moving,272,35,102.85714285714285,5.940479378455737
few_moving,273,35,77.14285714285715,5.925865357817812
few_moving,274,35,60,5.914303756042099
few_moving,275,35,85.71428571428572,5.902603542555137
few_moving,276,35,75.42857142857143,5.886527900796138
few_moving,277,35,75.42857142857143,5.868969788928772
few_moving,278,35,51.42857142857142,5.8518204559399445
few_moving,279,35,48,5.83548933453312
few_moving,280,35,61.71428571428571,5.8181770983657115
few_moving,281,35,72,5.7991543905056435
few_moving,282,35,68.57142857142857,5.779033798932915
few_moving,283,35,75.42857142857143,5.760362751684679
few_moving,284,35,80.57142857142857,5.732568066329665
few_moving,285,35,85.71428571428572,5.710252439278215
few_moving,286,35,84,5.689637648033581
few_moving,287,35,82.28571428571429,5.674943411982085
few_moving,288,35,72,5.654265492637408
few_moving,289,35,56.57142857142857,5.633079145218616
few_moving,290,35,85.71428571428572,5.612113520089782
few_moving,291,35,99.42857142857143,5.594307120964373
few_moving,292,35,101.14285714285714,5.570928620968705
few_moving,293,35,80.57142857142857,5.552099788374345
few_moving,294,35,68.57142857142857,5.535116659779994
few_moving,295,35,66.85714285714286,5.522221585553707
few_moving,296,35,101.14285714285714,5.503872458186489
few_moving,297,35,92.57142857142857,5.487246742627862
few_moving,298,35,84,5.469075292261401
few_moving,299,35,84,5.447667458029056
few_moving,300,35,102.85714285714285,5.43005339117748
few_moving,301,35,113.14285714285714,5.4126889350523335
few_moving,302,35,120,5.397246325346178
few_moving,303,35,90.85714285714286,5.382670725157043
few_moving,304,35,80.57142857142857,5.372217360846805
few_moving,305,35,72,5.360753270780576
few_moving,306,35,53.14285714285714,5.3444875134953715
few_moving,307,35,49.714285714285715,5.327436172426526
few_moving,308,35,60,5.316556153367207
few_moving,309,35,111.42857142857143,5.296711481596232
few_moving,310,35,118.28571428571429,5.281418804623421
few_moving,311,35,125.14285714285715,5.260269277127034
few_moving,312,35,135.42857142857142,5.244329730430297
few_moving,313,35,132,5.217399072789328
few_moving,314,35,108,5.192404709243502
few_moving,315,35,114.85714285714286,5.169777437313682
few_moving,316,35,65.14285714285714,5.148425732456789
few_moving,317,35,68.57142857142857,5.130241362390468
few_moving,318,35,42.85714285714286,5.109581889172073
few_moving,319,35,39.42857142857143,5.091556061227986
few_moving,320,35,46.285714285714285,5.065081347400968
few_moving,321,35,29.142857142857142,5.042363220667724
few_moving,322,35,18.857142857142858,5.028519828536847
few_moving,323,35,27.428571428571427,5.013015182471216
few_moving,324,35,53.14285714285714,4.999019523036461
few_moving,325,35,65.14285714285714,4.986863670141289
few_moving,326,35,60,4.974059998359433
few_moving,327,35,75.42857142857143,4.956421930453014
few_moving,328,35,80.57142857142857,4.9349723358185305
few_moving,329,35,66.85714285714286,4.915377744221405
few_moving,330,35,90.85714285714286,4.898252318643549
few_moving,331,35,82.28571428571429,4.882900809922698
few_moving,332,35,84,4.870495839105228
few_moving,333,35,82.28571428571429,4.858386273036526
few_moving,334,35,75.42857142857143,4.8531949221951995
few_moving,335,35,84,4.845481238925743
few_moving,336,35,101.14285714285714,4.8289621004642775
few_moving,337,35,145.7142857142857,4.813271401559818
few_moving,338,35,116.57142857142857,4.804184709249228
few_moving,339,35,142.28571428571428,4.789746927926043
few_moving,340,35,140.57142857142858,4.778852592713853
few_moving,341,35,126.85714285714286,4.767301391133589
few_moving,342,35,137.14285714285714,4.751751702598271
few_moving,343,35,111.42857142857143,4.7318980250307385
few_moving,344,35,65.14285714285714,4.71528105573389
few_moving,345,35,90.85714285714286,4.697714164309556
few_moving,346,35,90.85714285714286,4.6808966829443435
few_moving,347,35,101.14285714285714,4.663447773480993
few_moving,348,35,101.14285714285714,4.642774329658472
few_moving,349,35,75.42857142857143,4.63423297737261
few_moving,350,35,89.14285714285714,4.627968205401392
few_moving,351,35,96,4.618041118888448
few_moving,352,35,85.71428571428572,4.60446289512275
few_moving,353,35,72,4.593865093554894
few_moving,354,35,75.42857142857143,4.584158036577878
few_moving,355,35,54.857142857142854,4.570118016314719
few_moving,356,35,56.57142857142857,4.56037523788274
few_moving,357,35,60,4.551057341224005
few_moving,358,35,41.142857142857146,4.5338565834043765
few_moving,359,35,32.57142857142857,4.518068678442969
few_moving,360,35,56.57142857142857,4.504622205164568
few_moving,361,35,60,4.492686740317325
few_moving,362,35,46.285714285714285,4.4801102180273285
few_moving,363,35,60,4.462854990338967
few_moving,364,35,54.857142857142854,4.448197478636639
few_moving,365,35,65.14285714285714,4.432711942248549
few_moving,366,35,78.85714285714286,4.415691836173599
few_moving,367,35,85.71428571428572,4.401372098744638
few_moving,368,35,75.42857142857143,4.39006081616993
few_moving,369,35,75.42857142857143,4.382731623528874
few_moving,370,35,73.71428571428572,4.369208448502064
few_moving,371,35,70.28571428571429,4.361056716655787
few_moving,372,35,106.28571428571428,4.351524007375776
few_moving,373,35,109.71428571428571,4.343998546922949
few_moving,374,35,96,4.329043162999734
few_moving,375,35,102.85714285714285,4.311511395378489
few_moving,376,35,92.57142857142857,4.29663503177798
few_moving,377,35,84,4.277803561229664
few_moving,378,35,89.14285714285714,4.253892851723761
few_moving,379,35,56.57142857142857,4.233506009076918
few_moving,380,35,63.42857142857143,4.2196400295560705
few_moving,381,35,70.28571428571429,4.204725230110756
few_moving,382,35,87.42857142857143,4.19107044661714
few_moving,383,35,87.42857142857143,4.1774623593138935
few_moving,384,35,113.14285714285714,4.159398831470623
few_moving,385,35,108,4.149912432125898
few_moving,386,35,102.85714285714285,4.134162981432153
few_moving,387,35,94.28571428571428,4.123612624824382
few_moving,388,35,75.42857142857143,4.118059717650508
few_moving,389,35,60,4.109596610094027
few_moving,390,35,85.71428571428572,4.096660373865432
few_moving,391,35,54.857142857142854,4.083785031710603
few_moving,392,35,54.857142857142854,4.073024523696663
few_moving,393,35,63.42857142857143,4.057644618310735
few_moving,394,35,49.714285714285715,4.046926035854091
few_moving,395,35,53.14285714285714,4.035408134580791
few_moving,396,35,54.857142857142854,4.02288940686796
few_moving,397,35,51.42857142857142,4.0109000234477366
few_moving,398,35,42.85714285714286,4.0016494580811095
few_moving,399,35,84,3.9898233348224066
few_moving,400,35,96,3.982799152539212
few_moving,401,35,90.85714285714286,3.9723558060937845
few_moving,402,35,123.42857142857142,3.9590665678228434
few_moving,403,35,102.85714285714285,3.946664045248779
few_moving,404,35,85.71428571428572,3.9344111572608083
few_moving,405,35,116.57142857142857,3.919270836558054
few_moving,406,35,72,3.901415091852297
few_moving,407,35,44.57142857142857,3.8865863359891546
few_moving,408,35,39.42857142857143,3.872767264879911
few_moving,409,35,63.42857142857143,3.8603827004964777
few_moving,410,35,72,3.8506763058063282
few_moving,411,35,61.71428571428571,3.8386810663495066
few_moving,412,35,77.14285714285715,3.8218318858315317
few_moving,413,35,68.57142857142857,3.8096087019313822
few_moving,414,35,75.42857142857143,3.7971480917910685
few_moving,415,35,78.85714285714286,3.779534845617585
few_moving,416,35,32.57142857142857,3.769682110983376
few_moving,417,35,60,3.759151193740232
few_moving,418,35,46.285714285714285,3.742962259476714
few_moving,419,35,29.142857142857142,3.7340036065860565
few_moving,420,35,60,3.7236619327150122
few_moving,421,35,63.42857142857143,3.71273471083173
few_moving,422,35,54.857142857142854,3.6931870479584714
few_moving,423,35,54.857142857142854,3.6765373349679535
few_moving,424,35,42.85714285714286,3.660904294619082
few_moving,425,35,54.857142857142854,3.6489927535864175
few_moving,426,35,63.42857142857143,3.6303617192194735
few_moving,427,35,96,3.6164329800432555
few_moving,428,35,78.85714285714286,3.6037643750661164
few_moving,429,35,96,3.596806787762656
few_moving,430,35,108,3.5812505915919286
few_moving,431,35,75.42857142857143,3.5726118113675462
few_moving,432,35,87.42857142857143,3.5671146921809473
few_moving,433,35,68.57142857142857,3.5574368971724697
few_moving,434,35,12,3.5495974688968372
few_moving,435,35,29.142857142857142,3.5424874286498094
few_moving,436,35,20.571428571428573,3.535108365257819
few_moving,437,35,44.57142857142857,3.528782410491413
few_moving,438,35,41.142857142857146,3.5170258746441707
few_moving,439,35,53.14285714285714,3.5100696527602615
few_moving,440,35,61.71428571428571,3.5006177266129574
few_moving,441,35,102.85714285714285,3.487450333058079
few_moving,442,35,126.85714285714286,3.477896641367426
few_moving,443,35,99.42857142857143,3.468419445295482
few_moving,444,35,99.42857142857143,3.455321461800623
few_moving,445,35,109.71428571428571,3.4393783575133616
few_moving,446,35,80.57142857142857,3.4216626951024094
few_moving,447,35,111.42857142857143,3.408091262784899
few_moving,448,35,75.42857142857143,3.3929335351921672
few_moving,449,35,49.714285714285715,3.3867808031846853
few_moving,450,35,66.85714285714286,3.374127284658522
few_moving,451,35,48,3.3658893375156436
few_moving,452,35,54.857142857142854,3.3547103793173987
few_moving,453,35,53.14285714285714,3.342405191888098
few_moving,454,35,63.42857142857143,3.3325123099185774
few_moving,455,35,44.57142857142857,3.3262461334042808
few_moving,456,35,44.57142857142857,3.315163817176621
few_moving,457,35,42.85714285714286,3.300259961058287
few_moving,458,35,36,3.2871286363827243
few_moving,459,35,36,3.2757729851240844
few_moving,460,35,46.285714285714285,3.2690491964630035
few_moving,461,35,18.857142857142858,3.2643402341863847
few_moving,462,35,34.285714285714285,3.2579456582345303
few_moving,463,35,32.57142857142857,3.255804042804709
few_moving,464,35,24,3.25191021667057
few_moving,465,35,48,3.246514914169812
few_moving,466,35,42.85714285714286,3.2391090302882324
few_moving,467,35,72,3.228280991884873
few_moving,468,35,82.28571428571429,3.2230726614522336
few_moving,469,35,128.57142857142856,3.211803625430987
few_moving,470,35,168,3.202306997855681
few_moving,471,35,159.42857142857142,3.1913523660987
few_moving,472,35,159.42857142857142,3.1796687348272124
few_moving,473,35,150.85714285714286,3.1695053348150086
few_moving,474,35,142.28571428571428,3.15731192478458
few_moving,475,35,130.28571428571428,3.147353739732156
few_moving,476,35,108,3.137925209230031
few_moving,477,35,106.28571428571428,3.128688008840462
few_moving,478,35,121.71428571428571,3.11078745598086
few_moving,479,35,102.85714285714285,3.1008010950564495
few_moving,480,35,106.28571428571428,3.0883488685795877
few_moving,481,35,125.14285714285715,3.0756391687198232
few_moving,482,35,116.57142857142857,3.062179916121656
few_moving,483,35,108,3.04652532644477
few_moving,484,35,75.42857142857143,3.0366616620025684
few_moving,485,35,63.42857142857143,3.021785634867361
few_moving,486,35,68.57142857142857,3.0135117877224378
few_moving,487,35,77.14285714285715,3.003501770231262
few_moving,488,35,49.714285714285715,2.9920826268081306
few_moving,489,35,49.714285714285715,2.9786131183107387
few_moving,490,35,66.85714285714286,2.964219785835748
few_moving,491,35,39.42857142857143,2.9515850936766785
few_moving,492,35,36,2.9450282416268014
few_moving,493,35,48,2.9345928599687885
few_moving,494,35,34.285714285714285,2.926247947937614
few_moving,495,35,41.142857142857146,2.920945917012067
few_moving,496,35,41.142857142857146,2.911611824239384
few_moving,497,35,92.57142857142857,2.9054780827876074
few_moving,498,35,97.71428571428571,2.8898703344302707
few_moving,499,35,101.14285714285714,2.8815569007243993
few_moving,500,35,87.42857142857143,2.876293448180795
few_moving,501,35,82.28571428571429,2.8686976367002734
few_moving,502,35,102.85714285714285,2.858416812427752
few_moving,503,35,78.85714285714286,2.850518363452072
few_moving,504,35,36,2.8409487761472123
few_moving,505,35,53.14285714285714,2.831600936980486
few_moving,506,35,63.42857142857143,2.8317476050300527
few_moving,507,35,54.857142857142854,2.8234395650970168
few_moving,508,35,60,2.8188598623661885
few_moving,509,35,61.71428571428571,2.8165829118234535
few_moving,510,35,78.85714285714286,2.8094123904210604
few_moving,511,35,65.14285714285714,2.7945627241843742
few_moving,512,35,73.71428571428572,2.781801421522727
few_moving,513,35,56.57142857142857,2.7762366322960257
few_moving,514,35,60,2.7638474288958594
few_moving,515,35,72,2.754024573084269
few_moving,516,35,44.57142857142857,2.7416513712946444
few_moving,517,35,60,2.733075927391283
few_moving,518,35,77.14285714285715,2.7287286357933973
few_moving,519,35,75.42857142857143,2.7205497728946186
few_moving,520,35,97.71428571428571,2.711256643315518
few_moving,521,35,101.14285714285714,2.705623114295212
few_moving,522,35,77.14285714285715,2.696530054696165
few_moving,523,35,92.57142857142857,2.685856401697381
few_moving,524,35,101.14285714285714,2.6766666488762976
few_moving,525,35,123.42857142857142,2.668690608175839
few_moving,526,35,111.42857142857143,2.6622132093387827
few_moving,527,35,109.71428571428571,2.6532805116393816
few_moving,528,35,85.71428571428572,2.6424631937200522
few_moving,529,35,99.42857142857143,2.626324419029582
few_moving,530,35,113.14285714285714,2.6176486531318868
few_moving,531,35,61.71428571428571,2.6137921353485756
few_moving,532,35,36,2.6107019242171967
few_moving,533,35,29.142857142857142,2.6039729827835485
few_moving,534,35,13.714285714285714,2.599229268266313
few_moving,535,35,37.714285714285715,2.5964053714920827
few_moving,536,35,22.285714285714285,2.5905591150093015
few_moving,537,35,8.571428571428571,2.586448010528592
few_moving,538,35,22.285714285714285,2.5849448542231195
few_moving,539,35,25.71428571428571,2.585037250146092
few_moving,540,35,41.142857142857146,2.5825887086606687
few_moving,541,35,39.42857142857143,2.5771124546712714
few_moving,542,35,48,2.570810372120191
few_moving,543,35,36,2.5681239630061232
few_moving,544,35,54.857142857142854,2.570686467897883
few_moving,545,35,94.28571428571428,2.568759188746238
few_moving,546,35,89.14285714285714,2.5645060578705627
few_moving,547,35,80.57142857142857,2.557425347779056
few_moving,548,35,92.57142857142857,2.5504872946077257
few_moving,549,35,108,2.5450289056668347
few_moving,550,35,109.71428571428571,2.5377354577742106
few_moving,551,35,113.14285714285714,2.535330559173185
few_moving,552,35,101.14285714285714,2.525668847399338
few_moving,553,35,125.14285714285715,2.5169667957757547
few_moving,554,35,130.28571428571428,2.5082282961639137
few_moving,555,35,114.85714285714286,2.4983302971296912
few_moving,556,35,101.14285714285714,2.4932889207610747
few_moving,557,35,99.42857142857143,2.4881845263418287
few_moving,558,35,90.85714285714286,2.480699868511114
few_moving,559,35,82.28571428571429,2.4755364410232152
few_moving,560,35,80.57142857142857,2.4667116085632514
few_moving,561,35,65.14285714285714,2.460365316015742
few_moving,562,35,49.714285714285715,2.453606739242064
few_moving,563,35,51.42857142857142,2.4476537569739016
few_moving,564,35,72,2.44565389477635
few_moving,565,35,63.42857142857143,2.4425451476333233
few_moving,566,35,63.42857142857143,2.437192106001641
few_moving,567,35,39.42857142857143,2.430205281187456
few_moving,568,35,66.85714285714286,2.425629354970507
few_moving,569,35,94.28571428571428,2.4164292038667186
few_moving,570,35,73.71428571428572,2.409255645319491
few_moving,571,35,58.285714285714285,2.4061793799431705
few_moving,572,35,56.57142857142857,2.3919245577641837
few_moving,573,35,48,2.3814130266448057
few_moving,574,35,42.85714285714286,2.374437006214256
few_moving,575,35,37.714285714285715,2.36734022672428
few_moving,576,35,51.42857142857142,2.358270192727695
few_moving,577,35,56.57142857142857,2.3547644401959933
few_moving,578,35,72,2.3526443870105505
few_moving,579,35,77.14285714285715,2.3395957352891394
few_moving,580,35,90.85714285714286,2.327740519073589
few_moving,581,35,104.57142857142857,2.314568147473472
few_moving,582,35,113.14285714285714,2.3075440900206936
few_moving,583,35,96,2.2949838591163285
few_moving,584,35,116.57142857142857,2.2881767400209116
few_moving,585,35,101.14285714285714,2.28332965978964
few_moving,586,35,78.85714285714286,2.2775632811172146
few_moving,587,35,70.28571428571429,2.2729747577753194
few_moving,588,35,77.14285714285715,2.270089106002361
few_moving,589,35,68.57142857142857,2.266065651705144
few_moving,590,35,68.57142857142857,2.2685023902482016
few_moving,591,35,60,2.265184395475752
few_moving,592,35,49.714285714285715,2.2614589467506936
few_moving,593,35,66.85714285714286,2.2582132032793765
few_moving,594,35,96,2.2515655890090267
few_moving,595,35,99.42857142857143,2.240564043809486
few_moving,596,35,87.42857142857143,2.233139790951808
few_moving,597,35,89.14285714285714,2.227218312884407
few_moving,598,35,80.57142857142857,2.221448101819104
few_moving,599,35,82.28571428571429,2.214654385342401
few_moving,600,35,66.85714285714286,2.2044458092993264
few_moving,0,50,0,19.7670469254231
few_moving,1,50,469.20000000000005,19.115478807060935
few_moving,2,50,770.4,18.495427165126703
few_moving,3,50,774,17.943916162704394
few_moving,4,50,793.2,17.433663162740974
few_moving,5,50,782.4,16.95473488704286
few_moving,6,50,768,16.496100177875448
few_moving,7,50,738,16.06450499999978
few_moving,8,50,225.6,15.6789099995867
few_moving,9,50,2.4,15.37218480471477
few_moving,10,50,0,15.128537059876189
few_moving,11,50,0,14.934782974438882
few_moving,12,50,0,14.780554609287352
few_moving,13,50,0,14.657683808570322
few_moving,14,50,0,14.559723227996141
few_moving,15,50,0,14.481574287247605
few_moving,16,50,0,14.419197955945172
few_moving,17,50,0,14.36938950847466
few_moving,18,50,0,14.32960265499188
few_moving,19,50,0,14.297811836882033
few_moving,20,50,0,14.272404096097826
few_moving,21,50,19.2,14.252093935035967
few_moving,22,50,106.8,14.025761079796725
few_moving,23,50,10.799999999999999,13.735474349189232
few_moving,24,50,1.2,13.502637337709453
few_moving,25,50,0,13.317232972504913
few_moving,26,50,0,13.169487193648619
few_moving,27,50,0,13.05167315584265
few_moving,28,50,37.2,12.955264495060774
few_moving,29,50,253.2,12.813114104796508
few_moving,30,50,340.79999999999995,12.627591100286438
few_moving,31,50,325.2,12.459118246889293
few_moving,32,50,334.8,12.295304858398204
few_moving,33,50,325.2,12.1453276131892
few_moving,34,50,336,12.00434570780451
few_moving,35,50,306,11.876399383072735
few_moving,36,50,141.6,11.765768546546422
few_moving,37,50,90,11.55083764330852
few_moving,38,50,21.599999999999998,11.33764708557974
few_moving,39,50,3.5999999999999996,11.165708718302966
few_moving,40,50,0,11.028768455345208
few_moving,41,50,0,10.919622160893992
few_moving,42,50,0,10.83257303948439
few_moving,43,50,48,10.75199464945753
few_moving,44,50,98.39999999999999,10.666772266393918
few_moving,45,50,100.8,10.588866897070675
few_moving,46,50,99.6,10.52104069643448
few_moving,47,50,108,10.460573433109811
few_moving,48,50,100.8,10.407618922371885
few_moving,49,50,109.2,10.352102919491864
few_moving,50,50,93.60000000000001,10.271884498393439
few_moving,51,50,31.200000000000003,10.18990271868655
few_moving,52,50,44.4,10.018080453328242
few_moving,53,50,8.4,9.843681747522783
few_moving,54,50,1.2,9.704139107376124
few_moving,55,50,0,9.592968251127864
few_moving,56,50,40.800000000000004,9.499376911950622
few_moving,57,50,168,9.393584825290613
few_moving,58,50,230.39999999999998,9.26498200812413
few_moving,59,50,300,9.123177723392358
few_moving,60,50,337.2,8.989220672397913
few_moving,61,50,352.8,8.885455582518766
few_moving,62,50,358.8,8.781356082256831
few_moving,63,50,332.4,8.689397921558891
few_moving,64,50,264,8.598848383882087
few_moving,65,50,201.6,8.50301166774278
few_moving,66,50,151.2,8.414446261008916
few_moving,67,50,126,8.29389929627422
few_moving,68,50,64.80000000000001,8.189816446352895
few_moving,69,50,48,8.107084175088776
few_moving,70,50,52.8,8.039156143566435
few_moving,71,50,87.6,7.974763641834813
few_moving,72,50,133.20000000000002,7.917508971464188
few_moving,73,50,150,7.8628069912024445
few_moving,74,50,157.20000000000002,7.810155238039451
few_moving,75,50,150,7.765945861015135
few_moving,76,50,141.6,7.727450058132527
few_moving,77,50,144,7.692410640415484
few_moving,78,50,121.2,7.647245409971886
few_moving,79,50,82.8,7.588070982747303
few_moving,80,50,66,7.5126729730941415
few_moving,81,50,56.4,7.4246680833332475
few_moving,82,50,66,7.327532176591593
few_moving,83,50,73.2,7.241015912206962
few_moving,84,50,112.8,7.160308738637197
few_moving,85,50,205.2,7.072792737069647
few_moving,86,50,264,6.990731638922449
few_moving,87,50,307.2,6.900675857095645
few_moving,88,50,331.2,6.800388288435255
few_moving,89,50,340.79999999999995,6.700792407600545
few_moving,90,50,348,6.599435996702979
few_moving,91,50,324,6.496120921979457
few_moving,92,50,301.2,6.394402595844324
few_moving,93,50,264,6.281714235862604
few_moving,94,50,268.8,6.169070811427817
few_moving,95,50,309.6,6.064436916727597
few_moving,96,50,250.79999999999998,5.956586248705032
few_moving,97,50,204,5.859930376501046
few_moving,98,50,174,5.768632751332015
few_moving,99,50,176.4,5.68163297794384
few_moving,100,50,213.6,5.588156824422306
few_moving,101,50,234,5.496499165112307
few_moving,102,50,245.99999999999997,5.408605994630427
few_moving,103,50,243.59999999999997,5.325001666348215
few_moving,104,50,235.2,5.236865324216385
few_moving,105,50,214.8,5.152985015087495
few_moving,106,50,170.39999999999998,5.074919331070767
few_moving,107,50,150,4.98911159197915
few_moving,108,50,135.6,4.9042296984148654
few_moving,109,50,188.4,4.824759322138583
few_moving,110,50,223.20000000000002,4.744358146998544
few_moving,111,50,256.8,4.673104730435068
few_moving,112,50,273.59999999999997,4.608781253327398
few_moving,113,50,259.20000000000005,4.549700469834184
few_moving,114,50,290.4,4.486199536636766
few_moving,115,50,255.6,4.42923471952398
few_moving,116,50,271.2,4.375067979579518
few_moving,117,50,276,4.325060535867068
few_moving,118,50,234,4.279868770149247
few_moving,119,50,207.6,4.240925433656732
few_moving,120,50,212.4,4.206437909084194
few_moving,121,50,182.4,4.15251941877088
few_moving,122,50,122.4,4.094733115445476
few_moving,123,50,45.6,4.04199028140846
few_moving,124,50,10.799999999999999,3.9987697764431194
few_moving,125,50,10.799999999999999,3.9637138210062037
few_moving,126,50,45.6,3.927686344268158
few_moving,127,50,54,3.890313989422525
few_moving,128,50,42,3.8602354093982845
few_moving,129,50,97.2,3.8171015338931458
few_moving,130,50,192,3.7626365085753073
few_moving,131,50,248.39999999999998,3.7118394512163
few_moving,132,50,175.2,3.6695038209122695
few_moving,133,50,181.2,3.6355606904065287
few_moving,134,50,186,3.5929949015039973
few_moving,135,50,194.4,3.556928431691154
few_moving,136,50,232.79999999999998,3.514918262671675
few_moving,137,50,198,3.4725310743692006
few_moving,138,50,242.4,3.4311254225760845
few_moving,139,50,235.2,3.3905777335345726
few_moving,140,50,253.2,3.3508184679555915
few_moving,141,50,270,3.3168662053657996
few_moving,142,50,238.8,3.279317848408126
few_moving,143,50,199.2,3.241846464950638
few_moving,144,50,224.4,3.207981203062295
few_moving,145,50,210,3.1712015570868304
few_moving,146,50,158.4,3.137598804606129
few_moving,147,50,102,3.1056008453286115
few_moving,148,50,112.8,3.078325391240188
few_moving,149,50,112.8,3.0531699311211704
few_moving,150,50,104.4,3.02444983365267
few_moving,151,50,60,2.9894487763893838
few_moving,152,50,54,2.961390315997539
few_moving,153,50,39.6,2.9336272386017486
few_moving,154,50,43.199999999999996,2.9080458166190577
few_moving,155,50,20.400000000000002,2.886614135928428
few_moving,156,50,56.4,2.863385185203327
few_moving,157,50,90,2.833190405686201
few_moving,158,50,84,2.799784337626395
few_moving,159,50,82.8,2.776015667903052
few_moving,160,50,127.2,2.7525660755059236
few_moving,161,50,121.2,2.7301714939099533
few_moving,162,50,118.8,2.707923869570195
few_moving,163,50,147.6,2.6825569678829946
few_moving,164,50,201.6,2.6537173849937035
few_moving,165,50,219.60000000000002,2.6282071704250995
few_moving,166,50,300,2.595162706673822
few_moving,167,50,363.59999999999997,2.5622312440535824
few_moving,168,50,270,2.5332858524834623
few_moving,169,50,253.2,2.505305526264543
few_moving,170,50,222,2.4792400704720245
few_moving,171,50,176.4,2.4531337268338667
few_moving,172,50,126,2.428703308663141
few_moving,173,50,124.80000000000001,2.4062034776039103
few_moving,174,50,49.199999999999996,2.38647875812855
few_moving,175,50,66,2.3711119971444714
few_moving,176,50,69.6,2.3442262816696084
few_moving,177,50,68.39999999999999,2.3206648842118587
few_moving,178,50,63.6,2.2995403220416466
few_moving,179,50,50.4,2.2754651570933864
few_moving,180,50,38.4,2.2554906425788013
few_moving,181,50,42,2.2324088694588573
few_moving,182,50,91.2,2.209933501620554
few_moving,183,50,110.4,2.188463771640887
few_moving,184,50,117.6,2.1684326638843983
few_moving,185,50,142.79999999999998,2.147736359310575
few_moving,186,50,182.4,2.127104646059222
few_moving,187,50,199.2,2.101058607271843
few_moving,188,50,235.2,2.0716825451108933
few_moving,189,50,166.79999999999998,2.0484229414231785
few_moving,190,50,163.20000000000002,2.0255640898954153
few_moving,191,50,220.8,2.0039667630705296
few_moving,192,50,237.6,1.9750153759721987
few_moving,193,50,232.79999999999998,1.948595302500367
few_moving,194,50,270,1.9238663004152057
few_moving,195,50,241.2,1.8981372209777692
few_moving,196,50,247.20000000000002,1.8745362226486797
few_moving,197,50,249.60000000000002,1.853879939329421
few_moving,198,50,216,1.8296609105717174
few_moving,199,50,139.2,1.8072165716754258
few_moving,200,50,96,1.790571110256282
few_moving,201,50,80.4,1.7719017930090768
few_moving,202,50,60,1.7572125361444761
few_moving,203,50,64.80000000000001,1.7379390888323496
few_moving,204,50,24,1.723498743540119
few_moving,205,50,46.800000000000004,1.7114028270615695
few_moving,206,50,58.8,1.7000468919550338
few_moving,207,50,58.8,1.6874535998526632
few_moving,208,50,44.4,1.6759926597231618
few_moving,209,50,68.39999999999999,1.6641769348175648
few_moving,210,50,104.4,1.6511950801843274
few_moving,211,50,141.6,1.6385672911249183
few_moving,212,50,134.4,1.627156894486436
few_moving,213,50,118.8,1.6155699664946064
few_moving,214,50,132,1.5981933813575635
few_moving,215,50,151.2,1.576428166730964
few_moving,216,50,133.20000000000002,1.5640099714660052
few_moving,217,50,118.8,1.5469157982107333
few_moving,218,50,151.2,1.528192798866595
few_moving,219,50,135.6,1.510574972425076
few_moving,220,50,158.4,1.4902936202490673
few_moving,221,50,144,1.4732529606847327
few_moving,222,50,177.6,1.456942392409583
few_moving,223,50,162,1.4426472289236423
few_moving,224,50,193.20000000000002,1.4296339553400852
few_moving,225,50,210,1.4156736588889194
few_moving,226,50,223.20000000000002,1.405236275699044
few_moving,227,50,198,1.3941754837845133
few_moving,228,50,176.4,1.3749124622464166
few_moving,229,50,124.80000000000001,1.3607537234427793
few_moving,230,50,123.60000000000001,1.3473247006915277
few_moving,231,50,94.80000000000001,1.3380042766321787
few_moving,232,50,40.800000000000004,1.326097135658964
few_moving,233,50,43.199999999999996,1.314109975441021
few_moving,234,50,49.199999999999996,1.3047980120634064
few_moving,235,50,75.6,1.2927765552416015
few_moving,236,50,103.2,1.2793446981968888
few_moving,237,50,123.60000000000001,1.2597391088622374
few_moving,238,50,177.6,1.2455996482066816
few_moving,239,50,211.2,1.2263830753374119
few_moving,240,50,193.20000000000002,1.2159363247891755
few_moving,241,50,193.20000000000002,1.2024199312537414
few_moving,242,50,193.20000000000002,1.188206442411152
few_moving,243,50,195.6,1.1715991140668023
few_moving,244,50,162,1.1572194199449295
few_moving,245,50,148.8,1.139737961786823
few_moving,246,50,144,1.1228102195786283
few_moving,247,50,122.4,1.1084772814073576
few_moving,248,50,142.79999999999998,1.097212369787515
few_moving,249,50,150,1.086205426291075
few_moving,250,50,152.4,1.0705638811165101
few_moving,251,50,141.6,1.0590815847020463
few_moving,252,50,140.39999999999998,1.0462706860946134
few_moving,253,50,136.79999999999998,1.0306125473791405
few_moving,254,50,123.60000000000001,1.0194207471977395
few_moving,255,50,98.39999999999999,1.0103845568080374
few_moving,256,50,92.4,1.0000570831441697
few_moving,257,50,81.60000000000001,0.9863876842724615
few_moving,258,50,73.2,0.9787765585612239
few_moving,259,50,54,0.9712931614492212
few_moving,260,50,49.199999999999996,0.9635391748432269
few_moving,261,50,74.4,0.9578463523305936
few_moving,262,50,80.4,0.9514363615701711
few_moving,263,50,79.2,0.9483171663074984
few_moving,264,50,67.2,0.9424218773782768
few_moving,265,50,93.60000000000001,0.9381317244491415
few_moving,266,50,142.79999999999998,0.9297674979195767
few_moving,267,50,165.6,0.924326011517036
few_moving,268,50,174,0.9179021541053641
few_moving,269,50,180,0.9130135203071545
few_moving,270,50,202.79999999999998,0.9043106704211455
few_moving,271,50,211.2,0.8961168928456557
few_moving,272,50,216,0.881335810576347
few_moving,273,50,183.6,0.8664948791500403
few_moving,274,50,169.2,0.8497666021052129
few_moving,275,50,134.4,0.834154014199176
few_moving,276,50,129.60000000000002,0.8235055264314982
few_moving,277,50,124.80000000000001,0.8141009209954494
few_moving,278,50,123.60000000000001,0.8082424348879169
few_moving,279,50,102,0.8007762507832753
few_moving,280,50,112.8,0.794024756570776
few_moving,281,50,115.19999999999999,0.7866490872245314
few_moving,282,50,76.8,0.7822574058345715
few_moving,283,50,60,0.7731141367389808
few_moving,284,50,58.8,0.7679717559453456
few_moving,285,50,62.400000000000006,0.7618087174350457
few_moving,286,50,60,0.7579631615868371
few_moving,287,50,61.2,0.7544207723331521
few_moving,288,50,52.8,0.7528828363654092
few_moving,289,50,58.8,0.7496304840484741
few_moving,290,50,55.2,0.7442402040092507
few_moving,291,50,55.2,0.7408628888750314
few_moving,292,50,66,0.7378944906672885
few_moving,293,50,90,0.7336043886979724
few_moving,294,50,74.4,0.7285104187136378
few_moving,295,50,150,0.719649742335675
few_moving,296,50,224.4,0.7116166117778782
few_moving,297,50,249.60000000000002,0.7036108376556575
few_moving,298,50,276,0.6977977908321079
few_moving,299,50,232.79999999999998,0.6928231289530516
few_moving,300,50,258,0.6849411029043531
few_moving,301,50,266.40000000000003,0.677277151100353
few_moving,302,50,192,0.6691821881790764
few_moving,303,50,130.8,0.6650984650746905
few_moving,304,50,122.4,0.6609801672333143
few_moving,305,50,126,0.6553541792139795
few_moving,306,50,130.8,0.6479973367010652
few_moving,307,50,128.4,0.6387420793917662
few_moving,308,50,102,0.6320211869718638
few_moving,309,50,86.39999999999999,0.6271996530067858
few_moving,310,50,87.6,0.6203720216966152
few_moving,311,50,92.4,0.6138681615090373
few_moving,312,50,82.8,0.6078570744213668
few_moving,313,50,72,0.6054928367391494
few_moving,314,50,72,0.6043010392981111
few_moving,315,50,68.39999999999999,0.594843367996573
few_moving,316,50,56.4,0.5865546251314817
few_moving,317,50,46.800000000000004,0.5807275423873839
few_moving,318,50,78,0.5739193224000424
few_moving,319,50,87.6,0.5688130007280585
few_moving,320,50,84,0.5667638669097954
few_moving,321,50,91.2,0.5646339724995565
few_moving,322,50,141.6,0.5547278847209355
few_moving,323,50,210,0.5459393145995705
few_moving,324,50,223.20000000000002,0.5339296529032661
few_moving,325,50,199.2,0.5251568753196467
few_moving,326,50,181.2,0.5146928101932859
few_moving,327,50,204,0.5070110708145773
few_moving,328,50,245.99999999999997,0.5047548285129524
few_moving,329,50,224.4,0.5016745056138736
few_moving,330,50,178.8,0.4994508240962126
few_moving,331,50,142.79999999999998,0.49278833263965105
few_moving,332,50,116.39999999999999,0.4895816438853385
few_moving,333,50,146.4,0.4842097309547521
few_moving,334,50,164.4,0.47614414431284696
few_moving,335,50,118.8,0.4715123759497651
few_moving,336,50,128.4,0.4632726400144131
few_moving,337,50,165.6,0.4575155234895328
few_moving,338,50,159.60000000000002,0.44955809729128904
few_moving,339,50,163.20000000000002,0.43906525435266874
few_moving,340,50,142.79999999999998,0.43559704798540944
few_moving,341,50,111.60000000000001,0.4305143485839145
few_moving,342,50,126,0.4265800594527022
few_moving,343,50,142.79999999999998,0.4237725562265091
few_moving,344,50,126,0.42081724880311244
few_moving,345,50,81.60000000000001,0.41909564592188686
few_moving,346,50,68.39999999999999,0.41614848009690847
few_moving,347,50,69.6,0.4121664650079666
few_moving,348,50,76.8,0.41024215579993256
few_moving,349,50,73.2,0.41093958877079423
few_moving,350,50,67.2,0.41213641213035507
few_moving,351,50,109.2,0.4153442304276738
few_moving,352,50,126,0.4134319923214149
few_moving,353,50,124.80000000000001,0.4110852776374919
few_moving,354,50,138,0.4111779969940591
few_moving,355,50,169.2,0.40618590318359216
few_moving,356,50,195.6,0.40652797826183384
few_moving,357,50,192,0.4053545760052513
few_moving,358,50,151.2,0.40463330294853983
few_moving,359,50,115.19999999999999,0.4021958682778399
few_moving,360,50,117.6,0.3975785807175026
few_moving,361,50,132,0.389502648726336
few_moving,362,50,139.2,0.38138835212740013
few_moving,363,50,110.4,0.3778550423459966
few_moving,364,50,124.80000000000001,0.37419052253194224
few_moving,365,50,183.6,0.3707913183112363
few_moving,366,50,176.4,0.3633335983217237
few_moving,367,50,154.8,0.36020888117192834
few_moving,368,50,168,0.3565156379172819
few_moving,369,50,158.4,0.356842442745983
few_moving,370,50,172.79999999999998,0.3567768683307805
few_moving,371,50,156,0.3513552025062559
few_moving,372,50,98.39999999999999,0.3506200848099981
few_moving,373,50,115.19999999999999,0.3433325411294918
few_moving,374,50,120,0.33673702346295864
few_moving,375,50,96,0.3317342152390358
few_moving,376,50,105.6,0.328720007434317
few_moving,377,50,72,0.3252403151570127
few_moving,378,50,68.39999999999999,0.32550080213524435
few_moving,379,50,80.4,0.3262426889867848
few_moving,380,50,88.8,0.32588571255598753
few_moving,381,50,109.2,0.3248660070124495
few_moving,382,50,110.4,0.324830006081245
few_moving,383,50,141.6,0.32274743666301775
few_moving,384,50,164.4,0.31647557440698076
few_moving,385,50,144,0.3083808122424434
few_moving,386,50,116.39999999999999,0.2983967093447227
few_moving,387,50,111.60000000000001,0.2926687745401088
few_moving,388,50,102,0.2894250809643907
few_moving,389,50,106.8,0.28724496510273445
few_moving,390,50,69.6,0.28269489411442816
few_moving,391,50,88.8,0.2789983097077979
few_moving,392,50,116.39999999999999,0.27580453355554013
few_moving,393,50,123.60000000000001,0.27581774770719986
few_moving,394,50,124.80000000000001,0.27339248195807403
few_moving,395,50,117.6,0.27208980069104094
few_moving,396,50,141.6,0.2676837564527612
few_moving,397,50,145.2,0.26154216432935623
few_moving,398,50,171.6,0.2613261212027703
few_moving,399,50,166.79999999999998,0.2585453623516719
few_moving,400,50,156,0.25697835972823563
few_moving,401,50,162,0.25206573373270375
few_moving,402,50,189.60000000000002,0.2512852892975437
few_moving,403,50,154.8,0.24914673729083417
few_moving,404,50,148.8,0.24610923823676406
few_moving,405,50,114,0.24542790019907734
few_moving,406,50,116.39999999999999,0.24332206371908868
few_moving,407,50,102,0.2415253349574626
few_moving,408,50,108,0.2427342657398411
few_moving,409,50,126,0.24632816219366102
few_moving,410,50,154.8,0.24275372893939487
few_moving,411,50,153.6,0.23737815784961783
few_moving,412,50,170.39999999999998,0.23443969846832927
few_moving,413,50,175.2,0.23153509822468687
few_moving,414,50,181.2,0.2318742121575245
few_moving,415,50,145.2,0.23016026707229859
few_moving,416,50,128.4,0.23058376060878272
few_moving,417,50,96,0.2300702089098566
few_moving,418,50,76.8,0.2300320102010894
few_moving,419,50,81.60000000000001,0.22921985157357586
few_moving,420,50,69.6,0.22910766396557372
few_moving,421,50,81.60000000000001,0.22812437350009576
few_moving,422,50,81.60000000000001,0.22833847783045208
few_moving,423,50,111.60000000000001,0.23024172248408192
few_moving,424,50,114,0.22715932218760748
few_moving,425,50,153.6,0.2248114848231258
few_moving,426,50,182.4,0.22358216056055888
few_moving,427,50,200.39999999999998,0.22224459873497854
few_moving,428,50,187.20000000000002,0.222490595761981
few_moving,429,50,217.20000000000002,0.22301401677211222
few_moving,430,50,224.4,0.22464008672303043
few_moving,431,50,213.6,0.22174742990010726
few_moving,432,50,170.39999999999998,0.21812056698569432
few_moving,433,50,114,0.2129834112242452
few_moving,434,50,80.4,0.20981039168938712
few_moving,435,50,69.6,0.20912116093143485
few_moving,436,50,69.6,0.2109123032781065
few_moving,437,50,25.2,0.21111438398362295
few_moving,438,50,33.6,0.21257445488414342
few_moving,439,50,40.800000000000004,0.21338140405896094
few_moving,440,50,57.599999999999994,0.21795191725921986
few_moving,441,50,96,0.2147449673572037
few_moving,442,50,99.6,0.21162410077089847
few_moving,443,50,94.80000000000001,0.21149890109100353
few_moving,444,50,96,0.2100424223751647
few_moving,445,50,75.6,0.20501496898552973
few_moving,446,50,74.4,0.20384352823550717
few_moving,447,50,92.4,0.1999771604464841
few_moving,448,50,68.39999999999999,0.1926422490732579
few_moving,449,50,62.400000000000006,0.1887674442946728
few_moving,450,50,88.8,0.18665867821571513
few_moving,451,50,112.8,0.18424365501771509
few_moving,452,50,141.6,0.187058371364683
few_moving,453,50,172.79999999999998,0.1799085273771596
few_moving,454,50,222,0.17739103604070863
few_moving,455,50,279.6,0.17920816978864107
few_moving,456,50,242.4,0.18360213048178192
few_moving,457,50,231.6,0.1846505112737238
few_moving,458,50,208.8,0.18352489423098176
few_moving,459,50,193.20000000000002,0.18163814259548683
few_moving,460,50,138,0.18514761226965004
few_moving,461,50,112.8,0.18879771011442284
few_moving,462,50,79.2,0.18950342159274297
few_moving,463,50,72,0.18957725587532517
few_moving,464,50,54,0.1893013567409603
few_moving,465,50,38.4,0.1915214204510956
few_moving,466,50,64.80000000000001,0.19138330124982353
few_moving,467,50,70.8,0.19306797136881304
few_moving,468,50,98.39999999999999,0.19472784091857082
few_moving,469,50,184.8,0.18847386017639925
few_moving,470,50,183.6,0.18352749524110024
few_moving,471,50,198,0.17932849807455192
few_moving,472,50,169.2,0.171044352302819
few_moving,473,50,165.6,0.16722885082543046
few_moving,474,50,171.6,0.16375483698992202
few_moving,475,50,171.6,0.16606067914913514
few_moving,476,50,115.19999999999999,0.1631789014812961
few_moving,477,50,73.2,0.16677139694320497
few_moving,478,50,80.4,0.1701832460558491
few_moving,479,50,116.39999999999999,0.17492355839992893
few_moving,480,50,123.60000000000001,0.1799721763432419
few_moving,481,50,146.4,0.18144599801261982
few_moving,482,50,166.79999999999998,0.18178989824249922
few_moving,483,50,194.4,0.18109143627979069
few_moving,484,50,170.39999999999998,0.1806715336421136
few_moving,485,50,176.4,0.18082687606550793
few_moving,486,50,160.8,0.18084556329434437
few_moving,487,50,146.4,0.1813557794967851
few_moving,488,50,133.20000000000002,0.18124112841193898
few_moving,489,50,116.39999999999999,0.1762495776457744
few_moving,490,50,94.80000000000001,0.17112841878689697
few_moving,491,50,102,0.16636962398323304
few_moving,492,50,85.19999999999999,0.16624177986488387
few_moving,493,50,80.4,0.1693828472938466
few_moving,494,50,82.8,0.17104865771401587
few_moving,495,50,108,0.17593404772110918
few_moving,496,50,144,0.17151747047674687
few_moving,497,50,159.60000000000002,0.17008610186798223
few_moving,498,50,186,0.1731556409625534
few_moving,499,50,193.20000000000002,0.17049371203513936
few_moving,500,50,184.8,0.17052544749883594
few_moving,501,50,180,0.17260134374066474
few_moving,502,50,151.2,0.16980124763757942
few_moving,503,50,118.8,0.17043197698489607
few_moving,504,50,110.4,0.16680928157768188
few_moving,505,50,76.8,0.1628030278599256
few_moving,506,50,66,0.15954997725584383
few_moving,507,50,82.8,0.16053965229867648
few_moving,508,50,96,0.1597182805512174
few_moving,509,50,106.8,0.15483372512695334
few_moving,510,50,115.19999999999999,0.1593024631045302
few_moving,511,50,169.2,0.15295183073532753
few_moving,512,50,186,0.14511169356777157
few_moving,513,50,226.79999999999998,0.14080887295614772
few_moving,514,50,247.20000000000002,0.14232691015264295
few_moving,515,50,325.2,0.14724524042149065
few_moving,516,50,322.8,0.14901183053639266
few_moving,517,50,219.60000000000002,0.1495520452409999
few_moving,518,50,159.60000000000002,0.1517036913431964
few_moving,519,50,138,0.15495930161057703
few_moving,520,50,126,0.15725941557388512
few_moving,521,50,105.6,0.15885764025331536
few_moving,522,50,57.599999999999994,0.16152548318644727
few_moving,523,50,73.2,0.16714537307987945
few_moving,524,50,70.8,0.1677693180243648
few_moving,525,50,85.19999999999999,0.1711839043161132
few_moving,526,50,115.19999999999999,0.17403982012027075
few_moving,527,50,97.2,0.17654161794986697
few_moving,528,50,93.60000000000001,0.1777138946079577
few_moving,529,50,106.8,0.17672265115797955
few_moving,530,50,76.8,0.1787354899242485
few_moving,531,50,70.8,0.17586573578749323
few_moving,532,50,80.4,0.1728755632315001
few_moving,533,50,52.8,0.17045811779803385
few_moving,534,50,79.2,0.16945464553792347
few_moving,535,50,109.2,0.16220958032125307
few_moving,536,50,117.6,0.16032824301638018
few_moving,537,50,136.79999999999998,0.1619459827871017
few_moving,538,50,158.4,0.15582405001078656
few_moving,539,50,168,0.16006665083984023
few_moving,540,50,207.6,0.15925617321961985
few_moving,541,50,218.4,0.15939135588714745
few_moving,542,50,214.8,0.1609790483235012
few_moving,543,50,214.8,0.1599780695047897
few_moving,544,50,182.4,0.15948569293415302
few_moving,545,50,150,0.16110368325834462
few_moving,546,50,158.4,0.16362865431541945
few_moving,547,50,109.2,0.16618830082447414
few_moving,548,50,52.8,0.16328617634585701
few_moving,549,50,55.2,0.16129101080963737
few_moving,550,50,31.200000000000003,0.15976910178044434
few_moving,551,50,51.6,0.1589577305805396
few_moving,552,50,58.8,0.15722628825415258
few_moving,553,50,73.2,0.15578925246457942
few_moving,554,50,72,0.15418922963199602
few_moving,555,50,81.60000000000001,0.15361783189441097
few_moving,556,50,74.4,0.15457270184567906
few_moving,557,50,72,0.15286920062687032
few_moving,558,50,85.19999999999999,0.15050296190302784
few_moving,559,50,110.4,0.15193030224037027
few_moving,560,50,110.4,0.15174902841401974
few_moving,561,50,146.4,0.1442197222022638
few_moving,562,50,157.20000000000002,0.1341352450172769
few_moving,563,50,145.2,0.13385546570733078
few_moving,564,50,181.2,0.12974355728150033
few_moving,565,50,198,0.12845554301078696
few_moving,566,50,218.4,0.12639647875045046
few_moving,567,50,194.4,0.1269477200558351
few_moving,568,50,216,0.1263611196898826
few_moving,569,50,223.20000000000002,0.1279697280497362
few_moving,570,50,240,0.12800412760600363
few_moving,571,50,224.4,0.12941652985931157
few_moving,572,50,169.2,0.13177104495385883
few_moving,573,50,133.20000000000002,0.13441512543337106
few_moving,574,50,132,0.13898995691380683
few_moving,575,50,74.4,0.14184919071139104
few_moving,576,50,80.4,0.1440701627410277
few_moving,577,50,82.8,0.14486910313058537
few_moving,578,50,93.60000000000001,0.14661665594013312
few_moving,579,50,102,0.14541220140868022
few_moving,580,50,86.39999999999999,0.14686962375997145
few_moving,581,50,103.2,0.14769668809501169
few_moving,582,50,90,0.14281875225025703
few_moving,583,50,94.80000000000001,0.14231091913357352
few_moving,584,50,75.6,0.14319459860434153
few_moving,585,50,61.2,0.14732346783402392
few_moving,586,50,74.4,0.1456194124523451
few_moving,587,50,60,0.1439615830965066
few_moving,588,50,94.80000000000001,0.14211503087043628
few_moving,589,50,124.80000000000001,0.1412184590023449
few_moving,590,50,121.2,0.1393258307177378
few_moving,591,50,141.6,0.14115752059918754
few_moving,592,50,164.4,0.14247431267414942
few_moving,593,50,186,0.13945622703029237
few_moving,594,50,206.4,0.13488958716454857
few_moving,595,50,220.8,0.13114958911534208
few_moving,596,50,218.4,0.12960143453027473
few_moving,597,50,201.6,0.12956539614269505
few_moving,598,50,184.8,0.1260811867261022
few_moving,599,50,164.4,0.128095563594278
few_moving,600,50,117.6,0.13064812916853524
many_moving,0,5,0,17.744445037287864
many_moving,1,5,156,30.93599741795544
many_moving,2,5,180,30.933492822903677
many_moving,3,5,168,30.93271840063942
many_moving,4,5,180,30.93249363358582
many_moving,5,5,180,30.93242852861074
many_moving,6,5,84,30.932412105299623
many_moving,7,5,48,30.932409577533313
many_moving,8,5,0,30.93240640850813
many_moving,9,5,0,30.93240459474951
many_moving,10,5,0,30.93240363081749
many_moving,11,5,0,30.93240318418555
many_moving,12,5,0,30.93240304103546
many_moving,13,5,0,30.9324030668525
many_moving,14,5,0,30.93240317898614
many_moving,15,5,0,30.932403328086604
many_moving,16,5,0,30.932403485809807
many_moving,17,5,0,30.932403636811443
many_moving,18,5,0,30.932403773611593
many_moving,19,5,0,30.93240389334818
many_moving,20,5,48,30.932403995756417
many_moving,21,5,24,30.932404081934084
many_moving,22,5,24,30.932403236241154
many_moving,23,5,0,30.932403038206107
many_moving,24,5,0,30.9324030859473
many_moving,25,5,0,30.932403210712746
many_moving,26,5,0,30.932403345263722
many_moving,27,5,0,30.932403465654005
many_moving,28,5,0,30.93240356573492
many_moving,29,5,0,30.932403646157947
many_moving,30,5,0,30.93240370975517
many_moving,31,5,84,30.932403759695266
many_moving,32,5,0,30.932403798823856
many_moving,33,5,0,30.932403829491054
many_moving,34,5,0,30.93240385356472
many_moving,35,5,36,30.93240387250287
many_moving,36,5,60,30.93240388743504
many_moving,37,5,24,30.932403426255622
many_moving,38,5,0,30.932403131026902
many_moving,39,5,0,30.932403035606306
many_moving,40,5,0,30.932403106146552
many_moving,41,5,36,30.932403289060055
many_moving,42,5,0,30.932403534280386
many_moving,43,5,0,30.9324038034405
many_moving,44,5,0,30.932404070640384
many_moving,45,5,0,30.9324043203193
many_moving,46,5,48,30.932404544474633
many_moving,47,5,0,30.93240474016412
many_moving,48,5,0,30.932404907573954
many_moving,49,5,0,30.932405048649933
many_moving,50,5,36,30.932405166188126
many_moving,51,5,60,30.932405263265057
many_moving,52,5,24,30.932406454941923
many_moving,53,5,0,30.9324076025166
many_moving,54,5,0,30.932408647717235
many_moving,55,5,0,30.932409566688396
many_moving,56,5,36,30.93241035559778
many_moving,57,5,0,30.93241102148808
many_moving,58,5,24,30.932411545493565
many_moving,59,5,48,30.93240467088027
many_moving,60,5,48,30.932403154470382
many_moving,61,5,144,31.077646991557398
many_moving,62,5,96,31.221024700501204
many_moving,63,5,96,31.36172901573657
many_moving,64,5,96,31.49786336176451
many_moving,65,5,132,31.62742832299368
many_moving,66,5,132,31.749361552096047
many_moving,67,5,96,31.862731566177708
many_moving,68,5,96,31.966573916364766
many_moving,69,5,96,32.059890815714766
many_moving,70,5,96,32.1419385402543
many_moving,71,5,144,32.21199246957069
many_moving,72,5,156,29.24313829879485
many_moving,73,5,156,28.998360924071896
many_moving,74,5,156,28.826791105191194
many_moving,75,5,156,28.679515743552294
many_moving,76,5,192,28.536523623780568
many_moving,77,5,156,28.390719632183274
many_moving,78,5,144,28.238626469888366
many_moving,79,5,132,28.078891376434054
many_moving,80,5,144,27.908149720557937
many_moving,81,5,156,27.73003345758927
many_moving,82,5,108,27.542415604954
many_moving,83,5,168,11.635826418269605
many_moving,84,5,192,10.790082465284833
many_moving,85,5,180,10.307498221730857
many_moving,86,5,216,10.047514967244936
many_moving,87,5,204,9.856269804746384
many_moving,88,5,216,9.748449052290622
many_moving,89,5,192,9.674366757378513
many_moving,90,5,192,9.632649505935362
many_moving,91,5,204,9.636259757789427
many_moving,92,5,180,9.645336249413337
many_moving,93,5,192,9.669852294366121
many_moving,94,5,192,9.707409273917868
many_moving,95,5,204,9.745158334122243
many_moving,96,5,216,9.80411676990158
many_moving,97,5,216,9.864684908453
many_moving,98,5,216,9.90808989369597
many_moving,99,5,204,9.891501824859002
many_moving,100,5,216,9.907167719508527
many_moving,101,5,228,9.922440515328685
many_moving,102,5,204,9.947097900462909
many_moving,103,5,180,9.970424874243257
many_moving,104,5,168,10.013561405149321
many_moving,105,5,180,10.068581015344717
many_moving,106,5,180,10.121083685815382
many_moving,107,5,168,10.105122335460836
many_moving,108,5,216,9.836488250544898
many_moving,109,5,204,9.649681906629134
many_moving,110,5,216,9.550350567198539
many_moving,111,5,204,9.507622831591867
many_moving,112,5,192,9.510811774280995
many_moving,113,5,204,9.52505751989228
many_moving,114,5,192,9.56266109730719
many_moving,115,5,204,9.596637157137279
many_moving,116,5,204,9.644876857306874
many_moving,117,5,180,9.698594858384585
many_moving,118,5,168,9.75677636990843
many_moving,119,5,180,9.817606842913682
many_moving,120,5,180,9.882155443302917
many_moving,121,5,96,9.866681703456706
many_moving,122,5,0,9.857638755497264
many_moving,123,5,36,9.801342598290303
many_moving,124,5,72,9.739553397013893
many_moving,125,5,84,9.692586550429722
many_moving,126,5,84,9.656614251016762
many_moving,127,5,72,9.628873074083915
many_moving,128,5,72,9.607349550652078
many_moving,129,5,72,9.594558424265433
many_moving,130,5,72,19.407321175594127
many_moving,131,5,72,19.406711398533645
many_moving,132,5,72,19.40659197685971
many_moving,133,5,72,19.406280210327377
many_moving,134,5,72,19.405929187371438
many_moving,135,5,48,19.40581645080608
many_moving,136,5,84,19.40545438181342
many_moving,137,5,96,28.577187918657845
many_moving,138,5,96,28.577164728369972
many_moving,139,5,60,28.57716105725155
many_moving,140,5,96,28.577162269003274
many_moving,141,5,84,28.577161039625572
many_moving,142,5,36,28.57716102481867
many_moving,143,5,0,28.577161091506312
many_moving,144,5,0,28.57716122307438
many_moving,145,5,12,28.577161408510996
many_moving,146,5,12,28.577161630006202
many_moving,147,5,12,28.577161867783385
many_moving,148,5,0,28.577162104873782
many_moving,149,5,0,28.57716232911163
many_moving,150,5,36,28.577162533135336
many_moving,151,5,36,28.577162713475293
many_moving,152,5,12,28.577162869427116
many_moving,153,5,0,28.577163002045086
many_moving,154,5,0,28.577163113367607
many_moving,155,5,24,28.577163205875944
many_moving,156,5,36,28.577163282144998
many_moving,157,5,24,28.577161372021333
many_moving,158,5,0,28.577160894967392
many_moving,159,5,0,28.577161124132875
many_moving,160,5,12,28.5771616672069
many_moving,161,5,12,28.577162316158446
many_moving,162,5,12,28.57716296463011
many_moving,163,5,24,28.577163570079364
many_moving,164,5,48,28.577162273952446
many_moving,165,5,84,28.577161257215376
many_moving,166,5,72,28.577164293554596
many_moving,167,5,60,28.577164387798863
many_moving,168,5,48,28.577162585411777
many_moving,169,5,48,28.57716095302737
many_moving,170,5,36,28.577161162395097
many_moving,171,5,12,28.577161520332048
many_moving,172,5,24,28.577161983968324
many_moving,173,5,0,28.577162501107043
many_moving,174,5,0,28.577163026940998
many_moving,175,5,12,28.57716352956273
many_moving,176,5,12,28.577163989614906
many_moving,177,5,12,28.577164397679997
many_moving,178,5,0,28.57716475129454
many_moving,179,5,0,28.5771650523812
many_moving,180,5,36,28.577161359726915
many_moving,181,5,36,28.5771609719358
many_moving,182,5,12,28.57716183130138
many_moving,183,5,0,28.577163046249947
many_moving,184,5,24,28.577164251876187
many_moving,185,5,24,28.57716591180194
many_moving,186,5,12,28.577167478952802
many_moving,187,5,24,28.57716888576365
many_moving,188,5,0,28.57717010918776
many_moving,189,5,0,28.57717115063015
many_moving,190,5,12,28.577172023913448
many_moving,191,5,12,28.577172748222583
many_moving,192,5,12,28.57717334410653
many_moving,193,5,0,28.577173831333056
many_moving,194,5,0,28.577174227846626
many_moving,195,5,36,28.57716676887483
many_moving,196,5,36,28.57716296429434
many_moving,197,5,12,28.577161315361877
many_moving,198,5,0,28.57716089419937
many_moving,199,5,24,28.5771611346772
many_moving,200,5,24,28.577161081135447
many_moving,201,5,12,28.577161086967497
many_moving,202,5,24,28.57716112306418
many_moving,203,5,0,28.57716117680606
many_moving,204,5,0,28.577161240024058
many_moving,205,5,12,28.577161306515997
many_moving,206,5,12,28.577161371731798
many_moving,207,5,12,28.577161432665548
many_moving,208,5,0,28.57716148761781
many_moving,209,5,0,28.57716153587842
many_moving,210,5,36,28.577160904651
many_moving,211,5,36,28.57716109943764
many_moving,212,5,12,28.577161700285508
many_moving,213,5,0,28.577162464309712
many_moving,214,5,24,28.57716325611355
many_moving,215,5,24,28.57716663928957
many_moving,216,5,12,28.577170223115484
many_moving,217,5,24,28.577173571047048
many_moving,218,5,0,28.57717651688007
many_moving,219,5,0,28.57717902455626
many_moving,220,5,12,28.577181117197906
many_moving,221,5,12,28.57718284155716
many_moving,222,5,12,28.577184250617112
many_moving,223,5,0,28.577185395482225
many_moving,224,5,0,28.577186321984854
many_moving,225,5,36,28.57718706963996
many_moving,226,5,36,28.57718767172207
many_moving,227,5,12,28.577188155833287
many_moving,228,5,0,28.577188544642734
many_moving,229,5,24,28.577188856640586
many_moving,230,5,24,28.577175808956508
many_moving,231,5,36,28.57716824387167
many_moving,232,5,72,28.57716300351505
many_moving,233,5,48,28.577163438790723
many_moving,234,5,48,28.57716152203929
many_moving,235,5,60,28.57716161404095
many_moving,236,5,48,28.577160905588915
many_moving,237,5,60,28.577161740408314
many_moving,238,5,0,28.577162916048
many_moving,239,5,0,28.577164219406193
many_moving,240,5,36,28.577161962178923
many_moving,241,5,36,28.577161158963342
many_moving,242,5,12,28.577160923866778
many_moving,243,5,0,28.57716089677109
many_moving,244,5,0,28.577160935548466
many_moving,245,5,24,28.577160987036528
many_moving,246,5,12,28.577161033480834
many_moving,247,5,24,28.577161070597448
many_moving,248,5,0,28.577161098778113
many_moving,249,5,0,28.577161119697212
many_moving,250,5,12,28.57716113509855
many_moving,251,5,12,28.577161146433156
many_moving,252,5,36,28.57716115480876
many_moving,253,5,0,28.577161089575508
many_moving,254,5,0,28.577161007993357
many_moving,255,5,36,28.5771614106924
many_moving,256,5,36,28.57716167632515
many_moving,257,5,12,28.577161754482045
many_moving,258,5,0,28.577161712749668
many_moving,259,5,0,28.57716161646979
many_moving,260,5,24,28.577161506553093
many_moving,261,5,12,28.577161403537797
many_moving,262,5,24,28.577161315425933
many_moving,263,5,0,28.577161243677434
many_moving,264,5,0,28.57716118684449
many_moving,265,5,12,28.577161142503076
many_moving,266,5,12,28.57716110816514
many_moving,267,5,36,28.577161081643975
many_moving,268,5,0,28.577161061152633
many_moving,269,5,0,28.577161045286093
many_moving,270,5,36,28.57716089643339
many_moving,271,5,36,28.577161057105922
many_moving,272,5,12,28.577161368409083
many_moving,273,5,0,28.57716173632387
many_moving,274,5,36,28.57716098586876
many_moving,275,5,72,28.57716089393628
many_moving,276,5,60,28.57716106986354
many_moving,277,5,72,28.577161255942844
many_moving,278,5,48,28.577161310685014
many_moving,279,5,48,28.577160907976136
many_moving,280,5,60,28.5771613061455
many_moving,281,5,12,28.57716140782519
many_moving,282,5,36,28.577161507676994
many_moving,283,5,0,28.577162337057914
many_moving,284,5,0,28.577163271552593
many_moving,285,5,24,28.577164200913327
many_moving,286,5,24,28.57716506502957
many_moving,287,5,12,28.577165835737546
many_moving,288,5,0,28.577166504267733
many_moving,289,5,0,28.57716707293348
many_moving,290,5,24,28.57716754982489
many_moving,291,5,12,28.577167945545675
many_moving,292,5,24,28.57716827129419
many_moving,293,5,0,28.577168537803505
many_moving,294,5,0,28.577168754814434
many_moving,295,5,36,28.57716893086803
many_moving,296,5,12,28.577169073281066
many_moving,297,5,36,28.577169188219187
many_moving,298,5,0,28.577167801793006
many_moving,299,5,0,28.577166934970144
many_moving,300,5,24,28.577166375933967
many_moving,301,5,48,28.57716597603374
many_moving,302,5,60,28.577163140859657
many_moving,303,5,48,28.577161689524782
many_moving,304,5,48,28.57716141704305
many_moving,305,5,60,28.57716175874022
many_moving,306,5,48,28.577161637772956
many_moving,307,5,72,28.57716091469279
many_moving,308,5,12,28.577161818711737
many_moving,309,5,0,28.577163188629545
many_moving,310,5,36,28.577161627054753
many_moving,311,5,12,28.577160986175574
many_moving,312,5,12,28.577160917813003
many_moving,313,5,0,28.57716117635442
many_moving,314,5,0,28.57716159870096
many_moving,315,5,24,28.577162082316097
many_moving,316,5,24,28.57716256652055
many_moving,317,5,12,28.577163018249053
many_moving,318,5,0,28.577163421899524
many_moving,319,5,0,28.577163772423784
many_moving,320,5,24,28.577164070793657
many_moving,321,5,12,28.57716432112367
many_moving,322,5,48,28.577164528908355
many_moving,323,5,0,28.577163662650484
many_moving,324,5,0,28.577163277176258
many_moving,325,5,36,28.57716442009935
many_moving,326,5,12,28.577165736942504
many_moving,327,5,12,28.57716711593338
many_moving,328,5,0,28.577168466914184
many_moving,329,5,0,28.57716972835215
many_moving,330,5,24,28.577170865165748
many_moving,331,5,24,28.577171862787136
many_moving,332,5,12,28.577172720744212
many_moving,333,5,0,28.577173447225334
many_moving,334,5,0,28.577174055027946
many_moving,335,5,24,28.57717455879655
many_moving,336,5,12,28.577174973283114
many_moving,337,5,48,28.57717531234597
many_moving,338,5,0,28.57716725742773
many_moving,339,5,0,28.57716332340956
many_moving,340,5,36,28.577161127716717
many_moving,341,5,12,28.577160927358793
many_moving,342,5,12,28.577161242385923
many_moving,343,5,0,28.577161591605808
many_moving,344,5,0,28.577161852677605
many_moving,345,5,24,28.577162019305955
many_moving,346,5,24,28.577162114411465
many_moving,347,5,12,28.577162162170207
many_moving,348,5,0,28.577162181019673
many_moving,349,5,0,28.57716218339203
many_moving,350,5,24,28.577162177121746
many_moving,351,5,12,28.57716216691192
many_moving,352,5,48,28.57716215545896
many_moving,353,5,0,28.577163842571
many_moving,354,5,0,28.57716557160006
many_moving,355,5,36,28.577164675248206
many_moving,356,5,12,28.577163747747427
many_moving,357,5,12,28.577162949583467
many_moving,358,5,0,28.57716232570693
many_moving,359,5,0,28.57716186605318
many_moving,360,5,24,28.577161540638205
many_moving,361,5,24,28.57716131678774
many_moving,362,5,12,28.57716116613969
many_moving,363,5,0,28.577161066529563
many_moving,364,5,0,28.577161001655035
many_moving,365,5,24,28.577160959987204
many_moving,366,5,12,28.57716093359307
many_moving,367,5,48,28.577160917122978
many_moving,368,5,0,28.57716150612375
many_moving,369,5,0,28.57716252661667
many_moving,370,5,36,28.577163288735086
many_moving,371,5,12,28.577163947704197
many_moving,372,5,12,28.577164493829343
many_moving,373,5,0,28.57716493680246
many_moving,374,5,0,28.577165292129358
many_moving,375,5,24,28.57716557556047
many_moving,376,5,24,28.57716580106566
many_moving,377,5,12,28.577165980325205
many_moving,378,5,0,28.577166122825183
many_moving,379,5,0,28.577166236156543
many_moving,380,5,24,28.57716632634959
many_moving,381,5,12,28.57716639817966
many_moving,382,5,48,28.577166455424855
many_moving,383,5,0,28.57716650107523
many_moving,384,5,0,28.577166537499323
many_moving,385,5,36,28.57716319788763
many_moving,386,5,12,28.57716156268568
many_moving,387,5,12,28.577160955883894
many_moving,388,5,0,28.57716093877788
many_moving,389,5,36,28.577160896407026
many_moving,390,5,72,28.577160925887245
many_moving,391,5,72,28.577160894086642
many_moving,392,5,60,28.577162476482464
many_moving,393,5,48,28.57716203917382
many_moving,394,5,48,28.57716160155403
many_moving,395,5,60,28.577160904785803
many_moving,396,5,12,28.577161149190957
many_moving,397,5,48,28.577161904519453
many_moving,398,5,0,28.57716289123657
many_moving,399,5,0,28.57716393787395
many_moving,400,5,12,28.577164946272095
many_moving,401,5,12,28.577165865800723
many_moving,402,5,12,28.57716667532515
many_moving,403,5,0,28.577167371116165
many_moving,404,5,0,28.577167959027474
many_moving,405,5,24,28.577168449604926
many_moving,406,5,24,28.577168855143864
many_moving,407,5,12,28.577169188004763
many_moving,408,5,0,28.577169459719514
many_moving,409,5,0,28.577169680579857
many_moving,410,5,48,28.577170291745386
many_moving,411,5,12,28.577170819224335
many_moving,412,5,48,28.57717126709761
many_moving,413,5,0,28.577169956869337
many_moving,414,5,0,28.577169427264646
many_moving,415,5,12,28.57716930604128
many_moving,416,5,12,28.57716939761213
many_moving,417,5,12,28.57716959309447
many_moving,418,5,0,28.57716983018962
many_moving,419,5,0,28.577170073482048
many_moving,420,5,24,28.577170303716862
many_moving,421,5,24,28.57717051146291
many_moving,422,5,12,28.57717069318003
many_moving,423,5,0,28.577170848732713
many_moving,424,5,0,28.57717097982318
many_moving,425,5,48,28.577166624056463
many_moving,426,5,12,28.577164085718262
many_moving,427,5,48,28.57716261716677
many_moving,428,5,0,28.57716315170172
many_moving,429,5,0,28.577163647986637
many_moving,430,5,12,28.57716409200814
many_moving,431,5,12,28.57716447890014
many_moving,432,5,12,28.577164809518695
many_moving,433,5,0,28.577165087953098
many_moving,434,5,0,28.577165319845697
many_moving,435,5,24,28.57716551132815
many_moving,436,5,24,28.577165668393427
many_moving,437,5,12,28.577165796559047
many_moving,438,5,0,28.57716590071588
many_moving,439,5,0,28.57716598508901
many_moving,440,5,48,28.57716509105676
many_moving,441,5,12,28.577164511807624
many_moving,442,5,48,28.577164124233363
many_moving,443,5,0,28.577162068609848
many_moving,444,5,0,28.577161158277697
many_moving,445,5,12,28.57716089742738
many_moving,446,5,12,28.577160986624012
many_moving,447,5,12,28.577161247967044
many_moving,448,5,0,28.577161578294355
many_moving,449,5,0,28.577161919984018
many_moving,450,5,24,28.57716224280004
many_moving,451,5,24,28.577162532664016
many_moving,452,5,12,28.577162784762717
many_moving,453,5,0,28.577162999362372
many_moving,454,5,0,28.577163179305124
many_moving,455,5,48,28.577162651747113
many_moving,456,5,12,28.577162274881744
many_moving,457,5,48,28.57716200346006
many_moving,458,5,0,28.57716230075647
many_moving,459,5,0,28.577162490538655
many_moving,460,5,12,28.577162602525426
many_moving,461,5,12,28.577162663327186
many_moving,462,5,12,28.577162692419392
many_moving,463,5,0,28.57716270283546
many_moving,464,5,0,28.5771627028564
many_moving,465,5,24,28.577162697549657
many_moving,466,5,24,28.577162689911074
many_moving,467,5,12,28.577162681642136
many_moving,468,5,0,28.577162673655426
many_moving,469,5,0,28.577162666394255
many_moving,470,5,48,28.577162837117747
many_moving,471,5,12,28.577162938728826
many_moving,472,5,48,28.577162995556865
many_moving,473,5,0,28.57716359660051
many_moving,474,5,0,28.577163883900546
many_moving,475,5,12,28.577163964321304
many_moving,476,5,12,28.577163928124403
many_moving,477,5,12,28.57716383567589
many_moving,478,5,0,28.57716372289496
many_moving,479,5,0,28.577163609314578
many_moving,480,5,24,28.57716350449564
many_moving,481,5,24,28.577163412311766
many_moving,482,5,12,28.577163333580952
many_moving,483,5,0,28.577163267599886
many_moving,484,5,0,28.577163213002613
many_moving,485,5,48,28.577163168221375
many_moving,486,5,12,28.5771631317202
many_moving,487,5,48,28.577163102102308
many_moving,488,5,0,28.577161510284636
many_moving,489,5,0,28.57716091510444
many_moving,490,5,12,28.57716106701796
many_moving,491,5,36,28.577161697158136
many_moving,492,5,60,28.577161543755484
many_moving,493,5,48,28.577160910005716
many_moving,494,5,48,28.577160901985224
many_moving,495,5,72,28.577160947223014
many_moving,496,5,72,28.577160901933777
many_moving,497,5,60,28.577160928139495
many_moving,498,5,12,28.57716098142263
many_moving,499,5,0,28.577161043073417
many_moving,500,5,48,28.57716105011053
many_moving,501,5,12,28.577161934271682
many_moving,502,5,24,28.57716320305549
many_moving,503,5,0,28.57716457699573
many_moving,504,5,0,28.57716590563604
many_moving,505,5,12,28.577167115308946
many_moving,506,5,12,28.577168176916484
many_moving,507,5,12,28.577169086249153
many_moving,508,5,0,28.577169852129877
many_moving,509,5,0,28.577170489411955
many_moving,510,5,24,28.57717101496319
many_moving,511,5,24,28.577171445466487
many_moving,512,5,36,28.577171796307937
many_moving,513,5,0,28.57716656011557
many_moving,514,5,0,28.57716358312742
many_moving,515,5,48,28.577161986785818
many_moving,516,5,12,28.577161217118437
many_moving,517,5,24,28.57716092857979
many_moving,518,5,0,28.577160908400497
many_moving,519,5,0,28.577161027708073
many_moving,520,5,12,28.577161210165627
many_moving,521,5,36,28.57716142393598
many_moving,522,5,60,28.57716101394476
many_moving,523,5,36,28.57716113746554
many_moving,524,5,48,28.57716137746171
many_moving,525,5,72,28.577161039612598
many_moving,526,5,72,28.57716175014885
many_moving,527,5,60,28.577160952426308
many_moving,528,5,12,28.57716111893475
many_moving,529,5,0,28.577161368711547
many_moving,530,5,48,28.577160918609316
many_moving,531,5,12,28.577160965159653
many_moving,532,5,24,28.57716125999583
many_moving,533,5,0,28.577161659361412
many_moving,534,5,0,28.57716208278946
many_moving,535,5,12,28.57716248768965
many_moving,536,5,12,28.577162853765337
many_moving,537,5,12,28.577163173510243
many_moving,538,5,0,28.577163446463324
many_moving,539,5,0,28.57716367578132
many_moving,540,5,24,28.57716386623443
many_moving,541,5,24,28.5771640230695
many_moving,542,5,36,28.577164151396648
many_moving,543,5,0,28.57716549006163
many_moving,544,5,0,28.577166706695746
many_moving,545,5,48,28.577167768899123
many_moving,546,5,12,28.577168673341312
many_moving,547,5,24,28.577169430762652
many_moving,548,5,0,28.57717005780045
many_moving,549,5,0,28.5771705726421
many_moving,550,5,12,28.57717099282114
many_moving,551,5,36,28.577171300211035
many_moving,552,5,48,28.577167265069416
many_moving,553,5,36,28.577165197557516
many_moving,554,5,48,28.577162415296815
many_moving,555,5,72,28.577161014009974
many_moving,556,5,60,28.57716089411998
many_moving,557,5,60,28.57716123417901
many_moving,558,5,48,28.57716148527915
many_moving,559,5,36,28.5771661401514
many_moving,560,5,60,28.577163908126817
many_moving,561,5,12,28.57716272096646
many_moving,562,5,24,28.577162064935855
many_moving,563,5,0,28.577161687718014
many_moving,564,5,0,28.57716146200835
many_moving,565,5,12,28.577161321643217
many_moving,566,5,12,28.577161231131623
many_moving,567,5,12,28.577161170802036
many_moving,568,5,0,28.577161129384034
many_moving,569,5,0,28.57716110020511
many_moving,570,5,24,28.577161079186823
many_moving,571,5,24,28.577161063758943
many_moving,572,5,12,28.577161052254283
many_moving,573,5,0,28.577161043561894
many_moving,574,5,24,28.57716103692288
many_moving,575,5,48,28.577160895941375
many_moving,576,5,12,28.577160914794902
many_moving,577,5,24,28.57716095450594
many_moving,578,5,0,28.577160981297325
many_moving,579,5,0,28.577160992979017
many_moving,580,5,12,28.57716099439097
many_moving,581,5,12,28.577160990261927
many_moving,582,5,12,28.577160983781255
many_moving,583,5,0,28.577160976774447
many_moving,584,5,0,28.577160970157987
many_moving,585,5,24,28.577160964316512
many_moving,586,5,24,28.57716095935084
many_moving,587,5,12,28.577160955224258
many_moving,588,5,0,28.57716095184269
many_moving,589,5,24,28.577160949095937
many_moving,590,5,48,28.577160894313895
many_moving,591,5,12,28.577160955006676
many_moving,592,5,24,28.577161091591176
many_moving,593,5,0,28.577161268907144
many_moving,594,5,0,28.577161460661898
many_moving,595,5,12,28.577161649398125
many_moving,596,5,36,28.577161824770766
many_moving,597,5,60,28.577161795272506
many_moving,598,5,48,28.57716103061441
many_moving,599,5,48,28.577161133282097
many_moving,600,5,72,28.577161957503368
many_moving,0,10,0,18.873556599875908
many_moving,1,10,216,14.615083209074374
many_moving,2,10,282,14.333087613648987
many_moving,3,10,288,14.104470811494194
many_moving,4,10,294,13.91622415098253
many_moving,5,10,288,13.771156265772614
many_moving,6,10,282,13.65171077315161
many_moving,7,10,222,13.540940296654334
many_moving,8,10,18,13.437807201220755
many_moving,9,10,0,13.359081837661504
many_moving,10,10,0,13.298590940204754
many_moving,11,10,0,13.251824387830206
many_moving,12,10,0,13.215467848009206
many_moving,13,10,0,13.187066737655522
many_moving,14,10,0,13.164787568748151
many_moving,15,10,0,13.147248871398265
many_moving,16,10,0,13.133401053871893
many_moving,17,10,0,13.122440499545855
many_moving,18,10,0,13.11374763153364
many_moving,19,10,0,13.106841830924829
many_moving,20,10,6,13.101348290214855
many_moving,21,10,36,13.096973393930654
many_moving,22,10,72,13.049635216034343
many_moving,23,10,6,12.991325546175048
many_moving,24,10,0,12.945893874057225
many_moving,25,10,0,12.910330050263589
many_moving,26,10,0,12.882381093156097
many_moving,27,10,0,12.86034439468457
many_moving,28,10,18,12.871787442460398
many_moving,29,10,36,12.837539155223702
many_moving,30,10,30,12.816730990609788
many_moving,31,10,42,12.799664233461918
many_moving,32,10,36,12.7876921853639
many_moving,33,10,36,12.772462637453303
many_moving,34,10,36,12.762739992822645
many_moving,35,10,18,12.74969009852316
many_moving,36,10,30,12.73932777449992
many_moving,37,10,72,12.70470391508216
many_moving,38,10,6,12.663703280543434
many_moving,39,10,0,12.63187610988042
many_moving,40,10,0,12.607059671334797
many_moving,41,10,6,12.587633046495146
many_moving,42,10,0,12.572372362827895
many_moving,43,10,0,12.560347561383978
many_moving,44,10,0,12.550847523903945
many_moving,45,10,0,12.543325325770654
many_moving,46,10,6,12.53735798187712
many_moving,47,10,0,12.532616683815881
many_moving,48,10,0,12.52884465546674
many_moving,49,10,12,12.525840562004507
many_moving,50,10,6,12.519205172608377
many_moving,51,10,30,12.513963858481347
many_moving,52,10,72,12.491420086650974
many_moving,53,10,6,12.47150595896087
many_moving,54,10,0,12.456033670334191
many_moving,55,10,0,12.443945433785313
many_moving,56,10,30,12.439529630166726
many_moving,57,10,24,12.41903167149832
many_moving,58,10,42,12.402780593981966
many_moving,59,10,54,12.38806422039614
many_moving,60,10,54,12.377289702933792
many_moving,61,10,186,12.453341350772133
many_moving,62,10,192,12.549583778709321
many_moving,63,10,192,12.659399101355342
many_moving,64,10,216,12.766737377384292
many_moving,65,10,198,12.872654691590194
many_moving,66,10,168,12.991938638117238
many_moving,67,10,174,13.111837431037257
many_moving,68,10,204,13.238226380456378
many_moving,69,10,276,13.356602049957138
many_moving,70,10,258,13.48360789905423
many_moving,71,10,264,13.617408767211968
many_moving,72,10,276,13.765028405042994
many_moving,73,10,276,13.894273036560099
many_moving,74,10,276,14.02564755674157
many_moving,75,10,234,14.148617623882986
many_moving,76,10,258,14.268812057754953
many_moving,77,10,245.99999999999997,14.380559648994334
many_moving,78,10,252,14.480217039074393
many_moving,79,10,264,14.569342622889383
many_moving,80,10,234,14.649497674932611
many_moving,81,10,210,14.718813759471828
many_moving,82,10,192,14.77709375296712
many_moving,83,10,192,14.820557707573412
many_moving,84,10,192,18.49660935733458
many_moving,85,10,216,18.067112383801824
many_moving,86,10,204,17.685499970612568
many_moving,87,10,204,17.339135116873507
many_moving,88,10,192,17.022245746868524
many_moving,89,10,228,16.72073770065954
many_moving,90,10,222,9.68153645642477
many_moving,91,10,245.99999999999997,8.593444478457434
many_moving,92,10,234,7.780887002586121
many_moving,93,10,245.99999999999997,7.103968610204738
many_moving,94,10,258,6.541167446131507
many_moving,95,10,240,6.0409555782947795
many_moving,96,10,288,5.573973207481464
many_moving,97,10,312,5.220328064758249
many_moving,98,10,306,4.884425906168998
many_moving,99,10,324,4.616399934498282
many_moving,100,10,324,4.351209082306233
many_moving,101,10,306,4.156834329587615
many_moving,102,10,282,4.002499317196912
many_moving,103,10,270,3.890536994977345
many_moving,104,10,276,3.819090921141364
many_moving,105,10,245.99999999999997,3.811750810871418
many_moving,106,10,222,3.837417971417221
many_moving,107,10,234,3.8580915630813886
many_moving,108,10,245.99999999999997,3.9060423927871506
many_moving,109,10,252,3.8610719273639464
many_moving,110,10,245.99999999999997,3.905425292920327
many_moving,111,10,270,3.9389874664090994
many_moving,112,10,258,4.011424843772026
many_moving,113,10,270,4.095867898455752
many_moving,114,10,234,4.198576904991783
many_moving,115,10,245.99999999999997,4.333656448227338
many_moving,116,10,234,4.457881038022658
many_moving,117,10,264,4.586529671517671
many_moving,118,10,288,4.734356142215828
many_moving,119,10,294,4.8648864993032666
many_moving,120,10,306,4.978002764436284
many_moving,121,10,180,4.895639486349122
many_moving,122,10,102,4.80874757077887
many_moving,123,10,84,1.1623429371493414
many_moving,124,10,72,1.0428852577909518
many_moving,125,10,66,0.9323551213245934
many_moving,126,10,102,0.844761546647697
many_moving,127,10,150,0.7511216739528046
many_moving,128,10,120,0.6945440240468046
many_moving,129,10,90,0.6546262738855686
many_moving,130,10,108,0.6245883926601192
many_moving,131,10,108,0.5941652413191758
many_moving,132,10,114,0.5991946347896586
many_moving,133,10,72,0.599905963370717
many_moving,134,10,66,0.6024185808787004
many_moving,135,10,78,0.596497297572549
many_moving,136,10,126,0.5727663449997697
many_moving,137,10,126,0.5603028847341853
many_moving,138,10,84,0.5665412622026695
many_moving,139,10,114,0.5214681387330193
many_moving,140,10,132,0.4979828158136042
many_moving,141,10,144,0.47382958650681584
many_moving,142,10,114,0.47025969034662984
many_moving,143,10,96,0.46338146195033864
many_moving,144,10,114,0.45634401050888396
many_moving,145,10,96,0.45999693067084546
many_moving,146,10,60,0.4633340686417195
many_moving,147,10,30,0.47139077662644546
many_moving,148,10,6,0.47659325744977094
many_moving,149,10,0,0.4829759046533793
many_moving,150,10,0,0.4894503176574318
many_moving,151,10,0,0.49547226669375705
many_moving,152,10,24,0.5003530347246153
many_moving,153,10,0,0.5044309720115084
many_moving,154,10,12,0.5086660471481578
many_moving,155,10,12,0.501088656152679
many_moving,156,10,12,0.49206071141344926
many_moving,157,10,12,0.48611879796405755
many_moving,158,10,12,0.48336207851515245
many_moving,159,10,42,0.4692347956003052
many_moving,160,10,54,0.45731470798680346
many_moving,161,10,42,0.4262467641129018
many_moving,162,10,72,0.42298207379489106
many_moving,163,10,72,0.4187517621698738
many_moving,164,10,72,0.4057256064825883
many_moving,165,10,72,0.4067487841063977
many_moving,166,10,36,0.4021737738696221
many_moving,167,10,72,0.397223675987842
many_moving,168,10,72,0.3569825004806193
many_moving,169,10,48,0.31248446226115245
many_moving,170,10,42,0.3018855642900881
many_moving,171,10,42,0.2846483614055366
many_moving,172,10,42,0.26842902305716493
many_moving,173,10,42,0.2645353380828389
many_moving,174,10,12,0.2639104885157793
many_moving,175,10,6,0.2641853704350023
many_moving,176,10,18,0.2651800728086908
many_moving,177,10,24,0.2664622169899584
many_moving,178,10,24,0.26777572495359997
many_moving,179,10,18,0.2690247545669136
many_moving,180,10,36,0.25893499231999956
many_moving,181,10,24,0.25174049068549514
many_moving,182,10,36,0.24653041483680044
many_moving,183,10,12,0.23826663463000572
many_moving,184,10,12,0.23329959364028494
many_moving,185,10,12,0.2312768420602584
many_moving,186,10,12,0.2322423555914909
many_moving,187,10,0,0.23177404433950544
many_moving,188,10,30,0.22587851197045
many_moving,189,10,84,0.23014775055572698
many_moving,190,10,78,0.22536020912687246
many_moving,191,10,78,0.23328705549299114
many_moving,192,10,66,0.24190770363528
many_moving,193,10,72,0.2232265548082955
many_moving,194,10,78,0.21493567904860353
many_moving,195,10,84,0.195311555783534
many_moving,196,10,18,0.1670120523738721
many_moving,197,10,24,0.15192217738138808
many_moving,198,10,12,0.14581996968434968
many_moving,199,10,12,0.15164105415956625
many_moving,200,10,12,0.16351370485146424
many_moving,201,10,18,0.17864766312107844
many_moving,202,10,42,0.1895616631441041
many_moving,203,10,60,0.19185764074255435
many_moving,204,10,54,0.2017935362473996
many_moving,205,10,42,0.19880076667246396
many_moving,206,10,42,0.204757195256416
many_moving,207,10,36,0.20096053116471282
many_moving,208,10,24,0.1964127926529559
many_moving,209,10,0,0.19402305796883065
many_moving,210,10,60,0.19168513304101428
many_moving,211,10,36,0.18646607862161332
many_moving,212,10,48,0.17574637546357533
many_moving,213,10,54,0.17743401227327404
many_moving,214,10,54,0.17945558115766366
many_moving,215,10,78,0.17027774225968376
many_moving,216,10,96,0.16860567703965093
many_moving,217,10,66,0.15581466803230595
many_moving,218,10,48,0.15610277906057093
many_moving,219,10,54,0.15086231994190766
many_moving,220,10,48,0.14557251088183462
many_moving,221,10,42,0.14846370733505768
many_moving,222,10,18,0.17109994501326556
many_moving,223,10,0,0.19596711235742703
many_moving,224,10,24,0.2206642136175934
many_moving,225,10,66,0.22872339450369977
many_moving,226,10,42,0.2127214279248243
many_moving,227,10,54,0.20922806083466308
many_moving,228,10,42,0.20766355844784565
many_moving,229,10,48,0.2102377766418089
many_moving,230,10,42,0.20461887283431401
many_moving,231,10,18,0.20064413948530382
many_moving,232,10,0,0.20309545780239333
many_moving,233,10,18,0.20988924916560084
many_moving,234,10,12,0.2175682733152054
many_moving,235,10,6,0.2218358907634114
many_moving,236,10,12,0.22741802683084011
many_moving,237,10,18,0.23108003091779752
many_moving,238,10,42,0.22772447363187234
many_moving,239,10,42,0.2221099824702709
many_moving,240,10,60,0.21620669315487556
many_moving,241,10,42,0.20686008466894593
many_moving,242,10,48,0.21347749535602267
many_moving,243,10,60,0.2138822707671652
many_moving,244,10,66,0.2105821023569848
many_moving,245,10,48,0.20771138323262
many_moving,246,10,48,0.20657450472648914
many_moving,247,10,36,0.20897071311991874
many_moving,248,10,54,0.20535951758011298
many_moving,249,10,48,0.22095654663156958
many_moving,250,10,42,0.22580790559433844
many_moving,251,10,18,0.19632014208233747
many_moving,252,10,36,0.18024822142953464
many_moving,253,10,36,0.17514401756922307
many_moving,254,10,42,0.17701303121451537
many_moving,255,10,54,0.18022846702703652
many_moving,256,10,72,0.17699526384638448
many_moving,257,10,78,0.19489803700054456
many_moving,258,10,96,0.20131967595700317
many_moving,259,10,60,0.18722098985050875
many_moving,260,10,42,0.1945519877340004
many_moving,261,10,48,0.18266615484610452
many_moving,262,10,36,0.2007594763291849
many_moving,263,10,24,0.2198149656512474
many_moving,264,10,12,0.24227486134887347
many_moving,265,10,18,0.25601302253720165
many_moving,266,10,0,0.27692447587661556
many_moving,267,10,0,0.29830187977608313
many_moving,268,10,24,0.3202640779381544
many_moving,269,10,36,0.33943366586667156
many_moving,270,10,48,0.35376423481919816
many_moving,271,10,36,0.3637720662407406
many_moving,272,10,48,0.3782640314600893
many_moving,273,10,60,0.38698838436935135
many_moving,274,10,48,0.3996252888362371
many_moving,275,10,12,0.40989224644550043
many_moving,276,10,12,0.426086083518489
many_moving,277,10,12,0.440278269045407
many_moving,278,10,18,0.3551925192673193
many_moving,279,10,0,0.3018367175496632
many_moving,280,10,12,0.24560867317735052
many_moving,281,10,0,0.2063675395461575
many_moving,282,10,0,0.18887786735135623
many_moving,283,10,30,0.19041706995390975
many_moving,284,10,36,0.20640410889944694
many_moving,285,10,48,0.21819693301749205
many_moving,286,10,42,0.22805852798254597
many_moving,287,10,48,0.25113075285445413
many_moving,288,10,54,0.2654313033866594
many_moving,289,10,66,0.2661908545219806
many_moving,290,10,6,0.2677895957889606
many_moving,291,10,12,0.26407333079798134
many_moving,292,10,12,0.2618789810715298
many_moving,293,10,18,0.2093722016554513
many_moving,294,10,0,0.17431470482672234
many_moving,295,10,12,0.1543913404457363
many_moving,296,10,30,0.1467471068537466
many_moving,297,10,42,0.17572913403345775
many_moving,298,10,42,0.2046334946721359
many_moving,299,10,36,0.18901368457891898
many_moving,300,10,54,0.1848245059135927
many_moving,301,10,42,0.16544056555177986
many_moving,302,10,54,0.15325462005156557
many_moving,303,10,18,0.14391488362553007
many_moving,304,10,36,0.13665543910168254
many_moving,305,10,6,0.14060147499197642
many_moving,306,10,12,0.15164119967754977
many_moving,307,10,0,0.15986868932343015
many_moving,308,10,18,0.16422596191477135
many_moving,309,10,0,0.1695232915866323
many_moving,310,10,12,0.17187177037529197
many_moving,311,10,18,0.1754172299061565
many_moving,312,10,24,0.18042422602905436
many_moving,313,10,24,0.1860273513306056
many_moving,314,10,24,0.19156062794881065
many_moving,315,10,36,0.1956136821323429
many_moving,316,10,24,0.19936319541054168
many_moving,317,10,36,0.20431845315702873
many_moving,318,10,12,0.18969634351685208
many_moving,319,10,36,0.17428337612387299
many_moving,320,10,6,0.17056567121305358
many_moving,321,10,12,0.17604737961282224
many_moving,322,10,0,0.18136513399526846
many_moving,323,10,18,0.18859616802632048
many_moving,324,10,0,0.19569016875033685
many_moving,325,10,12,0.2023665000012369
many_moving,326,10,0,0.2135862183960774
many_moving,327,10,0,0.2236299760979638
many_moving,328,10,0,0.23225932116853976
many_moving,329,10,0,0.2395016671324938
many_moving,330,10,12,0.24292900269860968
many_moving,331,10,0,0.246279978618155
many_moving,332,10,24,0.24867470193341332
many_moving,333,10,12,0.250030894792806
many_moving,334,10,36,0.261509373327144
many_moving,335,10,6,0.26712703110568287
many_moving,336,10,12,0.27087641435579846
many_moving,337,10,0,0.2705694793435718
many_moving,338,10,42,0.26109566954400854
many_moving,339,10,48,0.26133371666812033
many_moving,340,10,78,0.23223317275049263
many_moving,341,10,66,0.20819670647561622
many_moving,342,10,66,0.2047313271771638
many_moving,343,10,66,0.20140825444706847
many_moving,344,10,60,0.19675013942644562
many_moving,345,10,54,0.20363849749313429
many_moving,346,10,18,0.2136019262516965
many_moving,347,10,84,0.20378407687899813
many_moving,348,10,66,0.1879399320723934
many_moving,349,10,96,0.1783136984090515
many_moving,350,10,72,0.16633498952284972
many_moving,351,10,78,0.15968254650512095
many_moving,352,10,72,0.1365567053140405
many_moving,353,10,72,0.13049102669399829
many_moving,354,10,54,0.1286190796907702
many_moving,355,10,12,0.129989911573788
many_moving,356,10,0,0.13093016484364445
many_moving,357,10,0,0.13356713319251282
many_moving,358,10,30,0.14029325960679806
many_moving,359,10,54,0.12491275310784589
many_moving,360,10,66,0.1422207286340563
many_moving,361,10,36,0.12952887320449402
many_moving,362,10,54,0.149799285990527
many_moving,363,10,36,0.1456895068784669
many_moving,364,10,60,0.13903658628666402
many_moving,365,10,12,0.12220215796690073
many_moving,366,10,12,0.1149026100179792
many_moving,367,10,0,0.11974866232221545
many_moving,368,10,24,0.12972100464303044
many_moving,369,10,36,0.13454831131060244
many_moving,370,10,36,0.14631255012081645
many_moving,371,10,24,0.15816285177390507
many_moving,372,10,24,0.1689495117755709
many_moving,373,10,24,0.17822243559256437
many_moving,374,10,36,0.18597826156508201
many_moving,375,10,24,0.17803006711382158
many_moving,376,10,36,0.17213013519993067
many_moving,377,10,84,0.17933328215595762
many_moving,378,10,66,0.18387233117974158
many_moving,379,10,78,0.16735843690704247
many_moving,380,10,72,0.15921328503564447
many_moving,381,10,84,0.14792969821502078
many_moving,382,10,66,0.1443961603210607
many_moving,383,10,42,0.1414694150950877
many_moving,384,10,0,0.14000008002363898
many_moving,385,10,12,0.15046780276698937
many_moving,386,10,0,0.16385283903988324
many_moving,387,10,0,0.17749207987784693
many_moving,388,10,0,0.18987813133713038
many_moving,389,10,24,0.20059180328517234
many_moving,390,10,24,0.20041034973137367
many_moving,391,10,0,0.20189981737390264
many_moving,392,10,12,0.2041174097292696
many_moving,393,10,0,0.20652393938038427
many_moving,394,10,12,0.2090088871825566
many_moving,395,10,0,0.20773393041374175
many_moving,396,10,12,0.2006859583748038
many_moving,397,10,12,0.19233755017853185
many_moving,398,10,24,0.16771543970162245
many_moving,399,10,0,0.14343809209318661
many_moving,400,10,12,0.1343690300148647
many_moving,401,10,0,0.13962904408575433
many_moving,402,10,0,0.15060967960394897
many_moving,403,10,0,0.16289459740504472
many_moving,404,10,24,0.17369057596107093
many_moving,405,10,24,0.18344133915268218
many_moving,406,10,0,0.19194738139643766
many_moving,407,10,12,0.19911361136387867
many_moving,408,10,0,0.2050584353598556
many_moving,409,10,12,0.20917123522899486
many_moving,410,10,0,0.22815605667313257
many_moving,411,10,12,0.2495826452840248
many_moving,412,10,12,0.25832817573939737
many_moving,413,10,24,0.26818574429535424
many_moving,414,10,0,0.2726974902272656
many_moving,415,10,12,0.28073040961069323
many_moving,416,10,0,0.2845586533567161
many_moving,417,10,0,0.290027799043319
many_moving,418,10,0,0.2958613179189289
many_moving,419,10,24,0.29983034740066433
many_moving,420,10,60,0.3105875195165509
many_moving,421,10,42,0.3157726334909878
many_moving,422,10,48,0.3213887066428619
many_moving,423,10,42,0.3166865710256262
many_moving,424,10,48,0.30611189470501715
many_moving,425,10,42,0.28765141518826604
many_moving,426,10,48,0.2482087069474375
many_moving,427,10,6,0.2280675803582709
many_moving,428,10,24,0.21205628188641293
many_moving,429,10,0,0.19410457335751963
many_moving,430,10,12,0.18111679953699913
many_moving,431,10,0,0.17342463707456146
many_moving,432,10,0,0.17115726863342987
many_moving,433,10,0,0.17194799114169637
many_moving,434,10,24,0.17314139503665701
many_moving,435,10,24,0.17344734955616448
many_moving,436,10,0,0.17442286340066274
many_moving,437,10,12,0.1757130642524019
many_moving,438,10,0,0.1771453181625313
many_moving,439,10,12,0.1756461618326554
many_moving,440,10,0,0.1859215799567055
many_moving,441,10,24,0.1977144162239078
many_moving,442,10,0,0.20568445269121619
many_moving,443,10,24,0.2134241567792691
many_moving,444,10,0,0.2347822469086284
many_moving,445,10,42,0.2525735429438662
many_moving,446,10,36,0.26262455267462786
many_moving,447,10,24,0.2771372205360135
many_moving,448,10,36,0.28900139768496735
many_moving,449,10,66,0.29578595142274705
many_moving,450,10,84,0.2931681429868715
many_moving,451,10,66,0.30280181613024254
many_moving,452,10,84,0.29927837873807345
many_moving,453,10,42,0.3141029936216502
many_moving,454,10,48,0.32833739593736694
many_moving,455,10,36,0.3337113235994779
many_moving,456,10,24,0.33096105921471186
many_moving,457,10,0,0.32433941462856647
many_moving,458,10,24,0.32182239754285685
many_moving,459,10,0,0.3040742149949739
many_moving,460,10,0,0.29161125877931066
many_moving,461,10,0,0.2829029099126335
many_moving,462,10,0,0.27682248387574065
many_moving,463,10,0,0.2725644676956123
many_moving,464,10,30,0.2710343124745267
many_moving,465,10,54,0.2433610601267773
many_moving,466,10,36,0.2211980985012084
many_moving,467,10,66,0.22524929605344374
many_moving,468,10,48,0.21797018454091927
many_moving,469,10,54,0.20553472711589696
many_moving,470,10,48,0.18400323993462825
many_moving,471,10,42,0.19466730679568578
many_moving,472,10,0,0.21465249234464337
many_moving,473,10,24,0.236920310648379
many_moving,474,10,24,0.2569443465678855
many_moving,475,10,24,0.2741961500695902
many_moving,476,10,24,0.28860949479134373
many_moving,477,10,18,0.300469278359216
many_moving,478,10,18,0.3101440923594636
many_moving,479,10,24,0.31797604258828327
many_moving,480,10,18,0.32434136418176385
many_moving,481,10,0,0.3295138302425902
many_moving,482,10,24,0.3336341747027873
many_moving,483,10,6,0.33724220434261554
many_moving,484,10,12,0.3322002910951065
many_moving,485,10,24,0.30230935934474745
many_moving,486,10,48,0.2785693180953921
many_moving,487,10,42,0.25816559024645386
many_moving,488,10,54,0.23633685437458493
many_moving,489,10,42,0.22676816173768227
many_moving,490,10,36,0.23055402876929826
many_moving,491,10,42,0.2381950279435657
many_moving,492,10,126,0.20535537721836586
many_moving,493,10,150,0.16684843594440227
many_moving,494,10,132,0.14141983010231182
many_moving,495,10,126,0.12030314603809412
many_moving,496,10,108,0.0972848528703968
many_moving,497,10,132,0.09485606354394181
many_moving,498,10,108,0.09802041475421716
many_moving,499,10,24,0.08328737237739182
many_moving,500,10,24,0.09238513247836075
many_moving,501,10,0,0.10591763831859889
many_moving,502,10,0,0.12016604435090264
many_moving,503,10,12,0.13305828447348722
many_moving,504,10,12,0.14410920127495855
many_moving,505,10,24,0.15343734813613535
many_moving,506,10,24,0.1607674057367753
many_moving,507,10,24,0.1670972546491001
many_moving,508,10,36,0.16701435021476388
many_moving,509,10,24,0.16953844714591462
many_moving,510,10,42,0.1961565138885133
many_moving,511,10,6,0.22414035611516242
many_moving,512,10,24,0.24845553878837165
many_moving,513,10,42,0.26293368410313844
many_moving,514,10,0,0.2800005506966307
many_moving,515,10,24,0.28402222796489524
many_moving,516,10,0,0.2882379362556273
many_moving,517,10,0,0.2952701347440279
many_moving,518,10,0,0.30308213627578556
many_moving,519,10,0,0.3106273176759882
many_moving,520,10,60,0.3037141164325996
many_moving,521,10,72,0.30761368490126156
many_moving,522,10,108,0.3127872498270468
many_moving,523,10,120,0.3208939161513448
many_moving,524,10,96,0.2200620520424132
many_moving,525,10,126,0.15710109171705725
many_moving,526,10,90,0.11343342187035511
many_moving,527,10,102,0.07370213406728492
many_moving,528,10,54,0.05267882059668563
many_moving,529,10,30,0.06810207056655011
many_moving,530,10,42,0.09321019836653373
many_moving,531,10,30,0.1062597274662422
many_moving,532,10,30,0.12080977269351513
many_moving,533,10,30,0.13555253609720017
many_moving,534,10,30,0.14756457508946588
many_moving,535,10,36,0.16164436255117776
many_moving,536,10,12,0.17087292556945136
many_moving,537,10,0,0.17916655523997135
many_moving,538,10,12,0.18123476857775137
many_moving,539,10,0,0.15181813280900938
many_moving,540,10,30,0.13804236643875833
many_moving,541,10,12,0.13622645354679433
many_moving,542,10,24,0.13471874093678676
many_moving,543,10,24,0.13591283578299473
many_moving,544,10,0,0.1345059966335196
many_moving,545,10,12,0.13807515872122542
many_moving,546,10,0,0.1415104486788657
many_moving,547,10,0,0.1468967250058874
many_moving,548,10,18,0.15275422823571885
many_moving,549,10,36,0.16807772187260434
many_moving,550,10,54,0.16649047842502748
many_moving,551,10,48,0.16311896065969425
many_moving,552,10,30,0.17157885516134147
many_moving,553,10,54,0.17389718029107212
many_moving,554,10,42,0.16459746897612743
many_moving,555,10,66,0.14153836229770828
many_moving,556,10,36,0.12148113490081716
many_moving,557,10,24,0.10821422884201369
many_moving,558,10,24,0.10548323860231328
many_moving,559,10,0,0.10469273266168559
many_moving,560,10,0,0.10768228145803249
many_moving,561,10,0,0.11225642332976891
many_moving,562,10,0,0.11716984407977958
many_moving,563,10,0,0.12181506661064395
many_moving,564,10,24,0.11075397569598404
many_moving,565,10,42,0.11507831467115
many_moving,566,10,42,0.12366154413911595
many_moving,567,10,24,0.12623769252285705
many_moving,568,10,42,0.12321966697268548
many_moving,569,10,36,0.13523484713180237
many_moving,570,10,78,0.15777257430799804
many_moving,571,10,6,0.17033334727261076
many_moving,572,10,24,0.18333430693151914
many_moving,573,10,24,0.19187306389478792
many_moving,574,10,0,0.19487791713170996
many_moving,575,10,0,0.20137994432834533
many_moving,576,10,0,0.20896754466382958
many_moving,577,10,54,0.21114857453944677
many_moving,578,10,60,0.2150478031312091
many_moving,579,10,72,0.22747568595032178
many_moving,580,10,72,0.22436426832990475
many_moving,581,10,72,0.21864467877231164
many_moving,582,10,72,0.19647162051818334
many_moving,583,10,84,0.20603887114751318
many_moving,584,10,18,0.20187076390176198
many_moving,585,10,54,0.20810466698116126
many_moving,586,10,0,0.22730140263838822
many_moving,587,10,24,0.2440284088760476
many_moving,588,10,0,0.25942647100594535
many_moving,589,10,30,0.2784572242850567
many_moving,590,10,30,0.27960408733361053
many_moving,591,10,54,0.29141146903827436
many_moving,592,10,78,0.26006604540547573
many_moving,593,10,72,0.24928062241678275
many_moving,594,10,78,0.25052291386563047
many_moving,595,10,72,0.24234148150479295
many_moving,596,10,42,0.24381653069797699
many_moving,597,10,36,0.2455609431527962
many_moving,598,10,54,0.23610016503233314
many_moving,599,10,0,0.2069118906564225
many_moving,600,10,42,0.19340261170103404
many_moving,0,20,0,18.656861414444858
many_moving,1,20,315,15.83022287102055
many_moving,2,20,483.00000000000006,15.192569355228839
many_moving,3,20,471,14.648743648782347
many_moving,4,20,471,14.196340367325568
many_moving,5,20,495,13.784992648033285
many_moving,6,20,477,13.43251977305557
many_moving,7,20,471,13.121757111954482
many_moving,8,20,111,12.85656705421318
many_moving,9,20,0,12.653631835584994
many_moving,10,20,0,12.497521696112551
many_moving,11,20,0,12.376798647976925
many_moving,12,20,0,12.28297397214435
many_moving,13,20,0,12.209721615297001
many_moving,14,20,0,12.152299409724526
many_moving,15,20,0,12.107128355886955
many_moving,16,20,0,12.071488187897831
many_moving,17,20,0,12.043296979012965
many_moving,18,20,0,12.020950963757402
many_moving,19,20,0,12.003207397511607
many_moving,20,20,3,11.989098229132589
many_moving,21,20,18,11.977865940753112
many_moving,22,20,105,11.90268109830402
many_moving,23,20,6,11.798871702094855
many_moving,24,20,0,11.717519121876169
many_moving,25,20,0,11.653545242992454
many_moving,26,20,0,11.603087461111576
many_moving,27,20,0,11.563189100024646
many_moving,28,20,57,11.525541226478145
many_moving,29,20,186,11.484001389955539
many_moving,30,20,213,11.379493955391478
many_moving,31,20,222,11.290361457314075
many_moving,32,20,225,11.202258449963336
many_moving,33,20,216,11.122074074919707
many_moving,34,20,207,11.06112867027288
many_moving,35,20,165,11.011498210731753
many_moving,36,20,42,10.955995110794731
many_moving,37,20,60,10.891789240146684
many_moving,38,20,6,10.824604028054605
many_moving,39,20,0,10.77167496566807
many_moving,40,20,0,10.729864726849621
many_moving,41,20,3,10.696762171174557
many_moving,42,20,0,10.67050364570392
many_moving,43,20,0,10.649641062999065
many_moving,44,20,63,10.622944163485762
many_moving,45,20,90,10.599530065381519
many_moving,46,20,93,10.569541140446907
many_moving,47,20,87,10.549098075659458
many_moving,48,20,81,10.535122989516163
many_moving,49,20,108,10.516044250770086
many_moving,50,20,122.99999999999999,10.489467127061118
many_moving,51,20,39,10.473589553214396
many_moving,52,20,42,10.417911967708298
many_moving,53,20,3,10.346190181110435
many_moving,54,20,0,10.289251156514348
many_moving,55,20,0,10.243985758367636
many_moving,56,20,33,10.207443606170227
many_moving,57,20,63,10.17366862730401
many_moving,58,20,87,10.154296769544239
many_moving,59,20,117,10.090863811321311
many_moving,60,20,111,10.041299818034929
many_moving,61,20,258,9.997861861500331
many_moving,62,20,309,9.863981609230253
many_moving,63,20,321,9.73924346698622
many_moving,64,20,366,9.589883075560426
many_moving,65,20,366,9.361014185118732
many_moving,66,20,351,9.183731005425797
many_moving,67,20,282,9.010341698097681
many_moving,68,20,267,8.845543731292183
many_moving,69,20,258,8.699863974497593
many_moving,70,20,258,8.558313744127434
many_moving,71,20,252,8.38796268995689
many_moving,72,20,245.99999999999997,8.212728866834167
many_moving,73,20,282,8.014658574180872
many_moving,74,20,333,7.745914217820982
many_moving,75,20,330,7.510555387227638
many_moving,76,20,339,7.2965280904975165
many_moving,77,20,360,7.110418481484706
many_moving,78,20,396,6.919268452445505
many_moving,79,20,426,6.7485516718755685
many_moving,80,20,384,6.58247756503467
many_moving,81,20,375,6.3768672385642295
many_moving,82,20,366,6.190378488887529
many_moving,83,20,363,6.037015964124897
many_moving,84,20,291,5.915769662507266
many_moving,85,20,291,5.807061467390811
many_moving,86,20,297,5.673726387648494
many_moving,87,20,297,5.544657471393588
many_moving,88,20,309,5.409323516069309
many_moving,89,20,285,5.306355550109938
many_moving,90,20,276,5.210354690078017
many_moving,91,20,282,5.116395372654716
many_moving,92,20,264,4.9777276209933685
many_moving,93,20,264,4.841115823378544
many_moving,94,20,300,4.747777248367253
many_moving,95,20,297,4.624386668654233
many_moving,96,20,261,4.52102013505009
many_moving,97,20,264,4.43851397702412
many_moving,98,20,258,4.364047097226935
many_moving,99,20,240,4.319104573636911
many_moving,100,20,201,4.287634008743312
many_moving,101,20,228,4.26779847448611
many_moving,102,20,228,4.259574456353106
many_moving,103,20,234,4.2677469770212495
many_moving,104,20,255,4.288135975282536
many_moving,105,20,288,4.317632165517518
many_moving,106,20,291,4.337596394219156
many_moving,107,20,276,4.380341166301141
many_moving,108,20,306,4.422612453449889
many_moving,109,20,306,4.464158377305051
many_moving,110,20,282,4.500433736265859
many_moving,111,20,240,4.529663727305818
many_moving,112,20,261,4.561888594259223
many_moving,113,20,249.00000000000003,4.585457475683796
many_moving,114,20,228,4.603298675481589
many_moving,115,20,243,4.594947978126852
many_moving,116,20,267,4.586062803129676
many_moving,117,20,300,4.57114232130755
many_moving,118,20,291,4.547673471854874
many_moving,119,20,285,4.536494639143993
many_moving,120,20,279,4.523864488003796
many_moving,121,20,213,4.423921392872829
many_moving,122,20,198,4.327348484421787
many_moving,123,20,201,4.260326199034211
many_moving,124,20,228,4.204678503667332
many_moving,125,20,234,4.170925805107556
many_moving,126,20,207,4.149887700804913
many_moving,127,20,162,4.128929261588302
many_moving,128,20,96,4.112494047476022
many_moving,129,20,48,4.093395018353067
many_moving,130,20,15,4.083719960209526
many_moving,131,20,6,4.076741868663193
many_moving,132,20,6,4.070993157921202
many_moving,133,20,0,4.067198910484878
many_moving,134,20,9,4.061919161783316
many_moving,135,20,72,4.0210380476808885
many_moving,136,20,84,3.9818155133798836
many_moving,137,20,87,3.9529659560437915
many_moving,138,20,72,3.9273018893914267
many_moving,139,20,129,3.911099878255856
many_moving,140,20,159,3.886283743747241
many_moving,141,20,147,3.864906991088365
many_moving,142,20,99,3.8471302505457303
many_moving,143,20,96,3.835085800322052
many_moving,144,20,111,3.8162427869420115
many_moving,145,20,63,3.797784057514934
many_moving,146,20,24,3.779257070795766
many_moving,147,20,3,3.7650243227294458
many_moving,148,20,63,3.755841373274816
many_moving,149,20,111,3.7471698372917697
many_moving,150,20,150,3.738947606983937
many_moving,151,20,180,3.719906262459197
many_moving,152,20,192,3.6929875444608573
many_moving,153,20,192,3.6779591378280294
many_moving,154,20,195,3.646593332257225
many_moving,155,20,144,3.627447862956946
many_moving,156,20,96,3.6072545330103623
many_moving,157,20,78,3.5848258299973907
many_moving,158,20,24,3.5627019399111157
many_moving,159,20,18,3.5448704277227407
many_moving,160,20,15,3.5288223996936434
many_moving,161,20,3,3.519375280343534
many_moving,162,20,0,3.512442154787757
many_moving,163,20,27,3.5059631908360314
many_moving,164,20,30,3.5013061683088633
many_moving,165,20,33,3.497727005352128
many_moving,166,20,45,3.4915043065432756
many_moving,167,20,57,3.48831642214622
many_moving,168,20,54,3.486097452409835
many_moving,169,20,75,3.477894021920857
many_moving,170,20,51,3.4640765325808074
many_moving,171,20,24,3.456108170307429
many_moving,172,20,45,3.4466490275758415
many_moving,173,20,21,3.4292896853968777
many_moving,174,20,18,3.414719010122529
many_moving,175,20,30,3.4003335928343312
many_moving,176,20,39,3.3891828459622815
many_moving,177,20,84,3.3784758091616487
many_moving,178,20,114,3.3645419308805025
many_moving,179,20,138,3.3402612719817895
many_moving,180,20,153,3.3091801720790777
many_moving,181,20,168,3.2895719532698804
many_moving,182,20,156,3.2862572198917737
many_moving,183,20,129,3.2873466207599416
many_moving,184,20,108,3.2779885857204785
many_moving,185,20,81,3.268068785602712
many_moving,186,20,33,3.2606868860218623
many_moving,187,20,30,3.2563701367940014
many_moving,188,20,9,3.2483278463483307
many_moving,189,20,48,3.2382950504980625
many_moving,190,20,42,3.2221621019785083
many_moving,191,20,36,3.2101834476435323
many_moving,192,20,87,3.1969732118465135
many_moving,193,20,99,3.1909504418886616
many_moving,194,20,99,3.1867944974095854
many_moving,195,20,99,3.177860309653507
many_moving,196,20,75,3.1739544278617307
many_moving,197,20,75,3.170001379938812
many_moving,198,20,69,3.1689803872767364
many_moving,199,20,27,3.1640557225468178
many_moving,200,20,24,3.1584375419941546
many_moving,201,20,9,3.1519700711575034
many_moving,202,20,27,3.146136617782115
many_moving,203,20,39,3.134976633729709
many_moving,204,20,48,3.1269715431465634
many_moving,205,20,81,3.1145354276969033
many_moving,206,20,84,3.0992837264747406
many_moving,207,20,93,3.089439069874881
many_moving,208,20,93,3.079220424807406
many_moving,209,20,75,3.0590127986314695
many_moving,210,20,63,3.0432958049122285
many_moving,211,20,69,3.0230190968896933
many_moving,212,20,54,3.0118904025999096
many_moving,213,20,57,2.9887161115087073
many_moving,214,20,45,2.984647779957787
many_moving,215,20,36,2.9767434692233397
many_moving,216,20,30,2.968269940490182
many_moving,217,20,63,2.9629490487613652
many_moving,218,20,63,2.9523356685803757
many_moving,219,20,45,2.9443298785650747
many_moving,220,20,78,2.940447883494148
many_moving,221,20,75,2.9340262658522525
many_moving,222,20,81,2.922305879715572
many_moving,223,20,69,2.9143463006203354
many_moving,224,20,96,2.907143238813115
many_moving,225,20,93,2.8977476546755687
many_moving,226,20,111,2.8914998952615925
many_moving,227,20,60,2.88080359204291
many_moving,228,20,69,2.8740965551129607
many_moving,229,20,48,2.8571608447906454
many_moving,230,20,36,2.8429462516217034
many_moving,231,20,30,2.8317680745121696
many_moving,232,20,36,2.8293490382659927
many_moving,233,20,42,2.8196501731326666
many_moving,234,20,39,2.8204402046819808
many_moving,235,20,54,2.808261615087759
many_moving,236,20,63,2.7970652955255546
many_moving,237,20,60,2.7949838882305653
many_moving,238,20,48,2.790439335933572
many_moving,239,20,60,2.788721276492201
many_moving,240,20,60,2.7910984523939555
many_moving,241,20,60,2.790457342386599
many_moving,242,20,24,2.7856834239891697
many_moving,243,20,27,2.7800746167650354
many_moving,244,20,33,2.7666559412379073
many_moving,245,20,33,2.746843008653133
many_moving,246,20,27,2.7318364999843743
many_moving,247,20,54,2.722876859611616
many_moving,248,20,81,2.71786358222094
many_moving,249,20,75,2.7106798049512775
many_moving,250,20,66,2.7063986682120436
many_moving,251,20,72,2.694577839895396
many_moving,252,20,84,2.687592866549159
many_moving,253,20,84,2.681350899087433
many_moving,254,20,81,2.669672687242977
many_moving,255,20,45,2.6579826699813447
many_moving,256,20,54,2.65131814515914
many_moving,257,20,36,2.6434487157551465
many_moving,258,20,36,2.6359745051546373
many_moving,259,20,36,2.626910645918012
many_moving,260,20,36,2.6133275950699244
many_moving,261,20,30,2.606559798125813
many_moving,262,20,66,2.5994192507519194
many_moving,263,20,99,2.591967030122288
many_moving,264,20,102,2.58379909818815
many_moving,265,20,96,2.569719351583977
many_moving,266,20,99,2.5631268793158757
many_moving,267,20,99,2.560272042786478
many_moving,268,20,93,2.555071080901776
many_moving,269,20,57,2.5490713139833754
many_moving,270,20,27,2.548398814823891
many_moving,271,20,27,2.5469403205068315
many_moving,272,20,24,2.539673224834984
many_moving,273,20,24,2.5347291464755313
many_moving,274,20,30,2.527678990284602
many_moving,275,20,36,2.5261224301858776
many_moving,276,20,27,2.5139659239055443
many_moving,277,20,48,2.5006312723231057
many_moving,278,20,57,2.481362714057623
many_moving,279,20,54,2.465916385796284
many_moving,280,20,48,2.4517572908471656
many_moving,281,20,51,2.4366405426748328
many_moving,282,20,57,2.429165435669286
many_moving,283,20,57,2.414647630952201
many_moving,284,20,54,2.403942216447424
many_moving,285,20,12,2.3888886565478438
many_moving,286,20,9,2.3775025930373435
many_moving,287,20,6,2.370966783023064
many_moving,288,20,0,2.3649160651028462
many_moving,289,20,33,2.3607988517278584
many_moving,290,20,156,2.355855627701655
many_moving,291,20,150,2.3503066024904067
many_moving,292,20,159,2.3523182395931
many_moving,293,20,165,2.3505035739399927
many_moving,294,20,138,2.343295264060571
many_moving,295,20,153,2.3420900461838623
many_moving,296,20,132,2.334962792861067
many_moving,297,20,12,2.3320477927369607
many_moving,298,20,12,2.3302853199347866
many_moving,299,20,27,2.3267751508626184
many_moving,300,20,0,2.323495191244637
many_moving,301,20,3,2.3212364347040766
many_moving,302,20,6,2.312442906671225
many_moving,303,20,0,2.3032316344664863
many_moving,304,20,21,2.2946202767325503
many_moving,305,20,57,2.285101081361412
many_moving,306,20,57,2.269922190172097
many_moving,307,20,54,2.258028247440206
many_moving,308,20,51,2.2472996185900382
many_moving,309,20,51,2.239398186423345
many_moving,310,20,63,2.229026841784433
many_moving,311,20,54,2.2235207065351466
many_moving,312,20,27,2.2199727894012917
many_moving,313,20,36,2.2166464449390304
many_moving,314,20,63,2.208126878688768
many_moving,315,20,48,2.191583811995366
many_moving,316,20,66,2.1830409723396813
many_moving,317,20,126,2.166904642032716
many_moving,318,20,204,2.1636347875724478
many_moving,319,20,174,2.1567474037698116
many_moving,320,20,216,2.150093703037336
many_moving,321,20,249.00000000000003,2.146563045666222
many_moving,322,20,219,2.1418983707339194
many_moving,323,20,216,2.125180930010666
many_moving,324,20,150,2.110939084893953
many_moving,325,20,78,2.1009776777202847
many_moving,326,20,81,2.092180854644318
many_moving,327,20,45,2.0843319845665786
many_moving,328,20,6,2.0778654279167257
many_moving,329,20,12,2.0717794062240626
many_moving,330,20,0,2.0651361760392377
many_moving,331,20,3,2.059971478525101
many_moving,332,20,30,2.0563819520821394
many_moving,333,20,42,2.05352585003576
many_moving,334,20,39,2.052099990893403
many_moving,335,20,45,2.050443986797079
many_moving,336,20,45,2.042244216103507
many_moving,337,20,36,2.035229827820047
many_moving,338,20,72,2.0288543881083276
many_moving,339,20,12,2.025521136665397
many_moving,340,20,12,2.023306978376334
many_moving,341,20,15,2.021878500241957
many_moving,342,20,18,2.02167711722167
many_moving,343,20,24,2.013846399528167
many_moving,344,20,48,2.0094073431021817
many_moving,345,20,81,2.000337828559384
many_moving,346,20,132,1.9919985216313114
many_moving,347,20,126,1.9913300971024332
many_moving,348,20,138,1.9887516624914594
many_moving,349,20,108,1.989266639284793
many_moving,350,20,117,1.981516200350734
many_moving,351,20,102,1.9804719759572118
many_moving,352,20,72,1.9802080934556552
many_moving,353,20,57,1.978588610836917
many_moving,354,20,15,1.9817626807591437
many_moving,355,20,21,1.983614857810319
many_moving,356,20,36,1.9827986945898113
many_moving,357,20,54,1.98212242569079
many_moving,358,20,63,1.9750581120480113
many_moving,359,20,75,1.9720360643705088
many_moving,360,20,144,1.9710654190630739
many_moving,361,20,141,1.970731056632002
many_moving,362,20,129,1.972313914736655
many_moving,363,20,144,1.9759739525163356
many_moving,364,20,114,1.9800083017781736
many_moving,365,20,102,1.9821311295846538
many_moving,366,20,111,1.9707197839100135
many_moving,367,20,36,1.9744902775683622
many_moving,368,20,36,1.970394454141207
many_moving,369,20,18,1.9678782095551248
many_moving,370,20,30,1.9617830310363429
many_moving,371,20,42,1.9597442600065222
many_moving,372,20,54,1.958110428937672
many_moving,373,20,66,1.9498118282148218
many_moving,374,20,60,1.94584409569991
many_moving,375,20,75,1.9409967360946137
many_moving,376,20,81,1.925864968520501
many_moving,377,20,60,1.9226996111536336
many_moving,378,20,72,1.9201481179900075
many_moving,379,20,39,1.9140458526175723
many_moving,380,20,42,1.9070583154097096
many_moving,381,20,33,1.9078609940017182
many_moving,382,20,12,1.9116836913376483
many_moving,383,20,12,1.9145013258646562
many_moving,384,20,21,1.9193588553311605
many_moving,385,20,57,1.9224808368680526
many_moving,386,20,54,1.924101221638033
many_moving,387,20,117,1.9198454464808927
many_moving,388,20,117,1.9237362930959756
many_moving,389,20,117,1.921532295272914
many_moving,390,20,129,1.908672759612955
many_moving,391,20,102,1.8940344558743116
many_moving,392,20,63,1.8823911747437794
many_moving,393,20,78,1.8763586674116066
many_moving,394,20,39,1.8660246057951937
many_moving,395,20,33,1.8582643222645945
many_moving,396,20,36,1.8511762599673138
many_moving,397,20,21,1.8435823963907756
many_moving,398,20,24,1.8341505088018177
many_moving,399,20,18,1.8240298844900789
many_moving,400,20,30,1.8175557341516977
many_moving,401,20,42,1.8118484874595329
many_moving,402,20,54,1.8059457782509696
many_moving,403,20,66,1.8056157311544339
many_moving,404,20,45,1.8049595457498087
many_moving,405,20,63,1.8076455554580768
many_moving,406,20,54,1.8026223404081256
many_moving,407,20,33,1.797536528237812
many_moving,408,20,51,1.7912401422472393
many_moving,409,20,24,1.7855194660784393
many_moving,410,20,21,1.7804688938045248
many_moving,411,20,42,1.7790910853885582
many_moving,412,20,63,1.7770678736590033
many_moving,413,20,78,1.775174337123769
many_moving,414,20,84,1.7682657871998826
many_moving,415,20,135,1.7661883266387888
many_moving,416,20,192,1.7660897296841875
many_moving,417,20,183,1.7600163726188613
many_moving,418,20,189,1.7548570921035187
many_moving,419,20,129,1.7518071358209706
many_moving,420,20,126,1.7495024017037168
many_moving,421,20,129,1.7485200985221865
many_moving,422,20,90,1.7466573846169025
many_moving,423,20,66,1.745241190313641
many_moving,424,20,51,1.7437168802223284
many_moving,425,20,9,1.743061271830224
many_moving,426,20,21,1.7417129026361993
many_moving,427,20,12,1.7420051151843674
many_moving,428,20,21,1.7398318258486238
many_moving,429,20,21,1.73986618758248
many_moving,430,20,18,1.7389397517320124
many_moving,431,20,21,1.7414554398975874
many_moving,432,20,27,1.739939077734646
many_moving,433,20,36,1.7369431210117052
many_moving,434,20,6,1.7320503411791974
many_moving,435,20,6,1.7284948079784774
many_moving,436,20,21,1.7227925007944107
many_moving,437,20,6,1.720094656852628
many_moving,438,20,24,1.7173178769153117
many_moving,439,20,33,1.7132201845927744
many_moving,440,20,39,1.7102552042219539
many_moving,441,20,42,1.708244214643484
many_moving,442,20,54,1.7095004285892934
many_moving,443,20,93,1.7085366696911972
many_moving,444,20,117,1.705223593729066
many_moving,445,20,150,1.703672306191882
many_moving,446,20,168,1.7006405953456973
many_moving,447,20,165,1.7003793883314666
many_moving,448,20,174,1.693947324621441
many_moving,449,20,141,1.687595269518093
many_moving,450,20,99,1.6861763134365764
many_moving,451,20,87,1.6833304009857486
many_moving,452,20,30,1.6812861159273214
many_moving,453,20,18,1.6797883727400422
many_moving,454,20,30,1.6786622445203956
many_moving,455,20,48,1.6750811075319947
many_moving,456,20,57,1.6768227854736653
many_moving,457,20,36,1.6752614336668583
many_moving,458,20,39,1.6752203603807592
many_moving,459,20,75,1.674976019060039
many_moving,460,20,99,1.6671327808887304
many_moving,461,20,63,1.6660736577436914
many_moving,462,20,78,1.6640132808283368
many_moving,463,20,84,1.6547293657876556
many_moving,464,20,87,1.6465140919259935
many_moving,465,20,72,1.6404383796670645
many_moving,466,20,78,1.6388439867168907
many_moving,467,20,48,1.638895012353372
many_moving,468,20,57,1.638784137164851
many_moving,469,20,39,1.6309536584064384
many_moving,470,20,45,1.626479213436778
many_moving,471,20,102,1.6235274690145016
many_moving,472,20,81,1.6231293215682423
many_moving,473,20,141,1.6217237338770532
many_moving,474,20,162,1.6216780691967514
many_moving,475,20,168,1.6272126307436645
many_moving,476,20,162,1.622228816892251
many_moving,477,20,156,1.6229325136589452
many_moving,478,20,117,1.6224016593721862
many_moving,479,20,117,1.618651757136491
many_moving,480,20,66,1.6127308925825552
many_moving,481,20,54,1.604597046238893
many_moving,482,20,12,1.5989951601730616
many_moving,483,20,18,1.594960527859746
many_moving,484,20,3,1.590856569785801
many_moving,485,20,9,1.5877544319383359
many_moving,486,20,15,1.584407205234962
many_moving,487,20,0,1.5819299194969618
many_moving,488,20,6,1.5800137988779739
many_moving,489,20,15,1.580975866697747
many_moving,490,20,30,1.5792149693728708
many_moving,491,20,30,1.5837199607039003
many_moving,492,20,27,1.5874524405043258
many_moving,493,20,24,1.5911395224407276
many_moving,494,20,48,1.5913028069860666
many_moving,495,20,45,1.5889380757069127
many_moving,496,20,78,1.5875850454671505
many_moving,497,20,36,1.5874682283303463
many_moving,498,20,39,1.5840419351440935
many_moving,499,20,60,1.581625085212378
many_moving,500,20,75,1.5802011172246968
many_moving,501,20,122.99999999999999,1.5809685948804866
many_moving,502,20,114,1.5790760188044335
many_moving,503,20,93,1.578162373140524
many_moving,504,20,90,1.5780968396972137
many_moving,505,20,111,1.5784951783035404
many_moving,506,20,120,1.58065169852731
many_moving,507,20,81,1.5732165286759523
many_moving,508,20,45,1.5728540208697785
many_moving,509,20,45,1.5703564703853916
many_moving,510,20,21,1.565272582745826
many_moving,511,20,42,1.5588841105532862
many_moving,512,20,36,1.5535097014838284
many_moving,513,20,42,1.5508744230380893
many_moving,514,20,36,1.5495802285960414
many_moving,515,20,36,1.5477428366555464
many_moving,516,20,45,1.5472852117301301
many_moving,517,20,45,1.5489220569840048
many_moving,518,20,57,1.5458104601003313
many_moving,519,20,24,1.546787145201504
many_moving,520,20,30,1.5422141641294684
many_moving,521,20,33,1.536311351229603
many_moving,522,20,24,1.533896170701007
many_moving,523,20,24,1.5321179517427153
many_moving,524,20,18,1.52843665190568
many_moving,525,20,6,1.5265468336533357
many_moving,526,20,42,1.5234901659927
many_moving,527,20,39,1.5207525262917359
many_moving,528,20,72,1.5179971510670924
many_moving,529,20,102,1.5166128397801306
many_moving,530,20,122.99999999999999,1.5143753743673314
many_moving,531,20,117,1.515003634208181
many_moving,532,20,122.99999999999999,1.514454161475471
many_moving,533,20,141,1.5133791649529096
many_moving,534,20,114,1.5122188118821123
many_moving,535,20,99,1.508755769099466
many_moving,536,20,39,1.5108215093722084
many_moving,537,20,27,1.513157282646615
many_moving,538,20,33,1.5134019109832233
many_moving,539,20,30,1.510867488826176
many_moving,540,20,27,1.5084084421606847
many_moving,541,20,57,1.5094439901593668
many_moving,542,20,33,1.5103664398954058
many_moving,543,20,54,1.5107665951946185
many_moving,544,20,57,1.5137357564321352
many_moving,545,20,60,1.516598478479497
many_moving,546,20,54,1.5190360629100144
many_moving,547,20,39,1.5203833282944883
many_moving,548,20,54,1.5192210767922072
many_moving,549,20,30,1.5191280232093314
many_moving,550,20,24,1.5197947402724192
many_moving,551,20,3,1.5214962567908183
many_moving,552,20,6,1.522368290472845
many_moving,553,20,18,1.5256106783805274
many_moving,554,20,9,1.5304614644441257
many_moving,555,20,6,1.534170301917351
many_moving,556,20,30,1.5382207297757362
many_moving,557,20,9,1.541415913687457
many_moving,558,20,21,1.544612610302132
many_moving,559,20,27,1.5443485404732582
many_moving,560,20,105,1.5442290437251038
many_moving,561,20,141,1.5424242369178254
many_moving,562,20,171,1.5425044876320584
many_moving,563,20,189,1.5434646343912357
many_moving,564,20,186,1.5452035555929806
many_moving,565,20,180,1.54312896591899
many_moving,566,20,153,1.5403468135422491
many_moving,567,20,75,1.539682312192157
many_moving,568,20,75,1.5392854376641274
many_moving,569,20,63,1.5364526579747435
many_moving,570,20,36,1.5369373779030215
many_moving,571,20,60,1.5353500931037192
many_moving,572,20,66,1.5353574151962879
many_moving,573,20,63,1.5334247551584324
many_moving,574,20,63,1.5308083816256333
many_moving,575,20,57,1.5257319114875054
many_moving,576,20,69,1.5256358074311522
many_moving,577,20,51,1.526491882261151
many_moving,578,20,60,1.5270609204721075
many_moving,579,20,54,1.5258150328527205
many_moving,580,20,45,1.5252242221204364
many_moving,581,20,63,1.5244826537190581
many_moving,582,20,36,1.5225529250059873
many_moving,583,20,24,1.5216166627294596
many_moving,584,20,33,1.5145217417490404
many_moving,585,20,45,1.510041946476972
many_moving,586,20,45,1.5054724211807629
many_moving,587,20,39,1.5005014872066562
many_moving,588,20,120,1.496038148116281
many_moving,589,20,150,1.4930047342951047
many_moving,590,20,159,1.4913674874437937
many_moving,591,20,180,1.4896140361418568
many_moving,592,20,138,1.4889324987169685
many_moving,593,20,132,1.4881516193648103
many_moving,594,20,129,1.4900192317371241
many_moving,595,20,72,1.4912940653317968
many_moving,596,20,36,1.4931878731642192
many_moving,597,20,12,1.497457822900347
many_moving,598,20,30,1.501095917454708
many_moving,599,20,36,1.5025826774756814
many_moving,600,20,33,1.5003458606671547
many_moving,0,35,0,20.630823484515126
many_moving,1,35,408,20.318865842896503
many_moving,2,35,654.8571428571429,19.888161659011867
many_moving,3,35,642.8571428571428,19.493763198897565
many_moving,4,35,661.7142857142857,19.17271571983081
many_moving,5,35,656.5714285714286,18.890581025032233
many_moving,6,35,653.1428571428571,18.64595655621077
many_moving,7,35,625.7142857142858,18.439321024910708
many_moving,8,35,188.57142857142856,18.263851770118542
many_moving,9,35,0,18.130288295352905
many_moving,10,35,0,18.027898944869758
many_moving,11,35,0,17.948893783692426
many_moving,12,35,0,17.887575318911214
many_moving,13,35,0,17.83974027157816
many_moving,14,35,0,17.80225936697957
many_moving,15,35,0,17.77278170065447
many_moving,16,35,0,17.749525752431975
many_moving,17,35,0,17.731130598877723
many_moving,18,35,0,17.716549053685704
many_moving,19,35,0,17.7049701663222
many_moving,20,35,0,17.69576243129608
many_moving,21,35,13.714285714285714,17.688431740125164
many_moving,22,35,109.71428571428571,17.616807373899732
many_moving,23,35,3.4285714285714284,17.52534488688833
many_moving,24,35,0,17.453624516629226
many_moving,25,35,0,17.397188163617802
many_moving,26,35,0,17.35264685523163
many_moving,27,35,0,17.31740595082897
many_moving,28,35,58.285714285714285,17.301488583341673
many_moving,29,35,282.8571428571429,17.20779336353985
many_moving,30,35,334.2857142857143,17.130389571500828
many_moving,31,35,322.2857142857143,17.047484878447246
many_moving,32,35,332.57142857142856,16.981172847447368
many_moving,33,35,330.85714285714283,16.913646141989314
many_moving,34,35,312,16.848597193144716
many_moving,35,35,279.42857142857144,16.776431248027404
many_moving,36,35,109.71428571428571,16.711564321223467
many_moving,37,35,89.14285714285714,16.629196443466387
many_moving,38,35,6.857142857142857,16.552314756808844
many_moving,39,35,0,16.49119914136803
many_moving,40,35,0,16.442559213224346
many_moving,41,35,0,16.403810523354117
many_moving,42,35,0,16.37291688110254
many_moving,43,35,30.857142857142854,16.345660939432737
many_moving,44,35,92.57142857142857,16.315086591897643
many_moving,45,35,108,16.285700293026036
many_moving,46,35,108,16.25950535382419
many_moving,47,35,109.71428571428571,16.233225418019227
many_moving,48,35,106.28571428571428,16.211620767827892
many_moving,49,35,123.42857142857142,16.187504728565063
many_moving,50,35,102.85714285714285,16.147250261170633
many_moving,51,35,20.571428571428573,16.11122433249858
many_moving,52,35,46.285714285714285,16.049756475071646
many_moving,53,35,1.7142857142857142,15.983427121614628
many_moving,54,35,0,15.93056126197033
many_moving,55,35,0,15.888396494495531
many_moving,56,35,96,15.871826765385961
many_moving,57,35,205.7142857142857,15.81416805754923
many_moving,58,35,238.28571428571428,15.755929338531164
many_moving,59,35,228,15.700663031695917
many_moving,60,35,228,15.646138908634102
many_moving,61,35,279.42857142857144,15.604486615486534
many_moving,62,35,298.2857142857143,15.567743605567038
many_moving,63,35,253.71428571428572,15.512544229264364
many_moving,64,35,202.28571428571428,15.459967974078477
many_moving,65,35,192,15.402392427367328
many_moving,66,35,178.28571428571428,15.337023573699645
many_moving,67,35,217.71428571428572,15.269720408477893
many_moving,68,35,181.71428571428572,15.211067955209822
many_moving,69,35,161.14285714285714,15.161145505526852
many_moving,70,35,209.14285714285714,15.107055847537103
many_moving,71,35,255.42857142857142,15.04477132771934
many_moving,72,35,277.7142857142857,14.979266907900497
many_moving,73,35,265.7142857142857,14.947025970155764
many_moving,74,35,303.42857142857144,14.88071433683247
many_moving,75,35,334.2857142857143,14.81018438926844
many_moving,76,35,318.85714285714283,14.758558089270263
many_moving,77,35,296.57142857142856,14.712082081102917
many_moving,78,35,300,14.65199227613129
many_moving,79,35,253.71428571428572,14.591772955175667
many_moving,80,35,233.14285714285714,14.532605985875762
many_moving,81,35,193.71428571428572,14.482476928526472
many_moving,82,35,207.42857142857144,14.43372140999713
many_moving,83,35,198.85714285714286,14.384974313743808
many_moving,84,35,204,14.339984028003073
many_moving,85,35,205.7142857142857,14.300949710969613
many_moving,86,35,222.85714285714286,14.267129312007576
many_moving,87,35,245.1428571428571,14.227810843229474
many_moving,88,35,234.85714285714286,14.195081764292608
many_moving,89,35,234.85714285714286,14.160876659678818
many_moving,90,35,224.57142857142858,14.126960817792794
many_moving,91,35,217.71428571428572,14.092867502186925
many_moving,92,35,192,14.051640875529138
many_moving,93,35,168,13.99967707239563
many_moving,94,35,147.42857142857144,13.95572491872877
many_moving,95,35,144,13.913489737262472
many_moving,96,35,132,13.864662229997174
many_moving,97,35,180,13.810371977690586
many_moving,98,35,252,13.763077244866716
many_moving,99,35,250.2857142857143,13.710504254816824
many_moving,100,35,234.85714285714286,13.65620239337227
many_moving,101,35,234.85714285714286,13.606701929066821
many_moving,102,35,241.71428571428572,13.549101845536324
many_moving,103,35,233.14285714285714,13.492130521131108
many_moving,104,35,214.2857142857143,13.435948495112987
many_moving,105,35,216,13.384822205095338
many_moving,106,35,228,13.3380939499346
many_moving,107,35,210.85714285714286,13.274978217191087
many_moving,108,35,214.2857142857143,13.204908920691
many_moving,109,35,202.28571428571428,13.136930473880362
many_moving,110,35,190.28571428571428,13.058619931036779
many_moving,111,35,169.71428571428572,12.997594254238992
many_moving,112,35,190.28571428571428,12.938368341291998
many_moving,113,35,207.42857142857144,12.8811952362554
many_moving,114,35,258.85714285714283,12.827160444025463
many_moving,115,35,255.42857142857142,12.779787183888581
many_moving,116,35,245.1428571428571,12.729608674887762
many_moving,117,35,291.4285714285714,12.690730695285511
many_moving,118,35,324,12.654498785944567
many_moving,119,35,318.85714285714283,12.625348528581782
many_moving,120,35,274.2857142857143,12.594139684772005
many_moving,121,35,245.1428571428571,12.56770156725166
many_moving,122,35,236.57142857142858,12.533449907707869
many_moving,123,35,265.7142857142857,12.479759324559165
many_moving,124,35,282.8571428571429,12.438987141879942
many_moving,125,35,248.57142857142858,12.40369021057684
many_moving,126,35,236.57142857142858,12.364964992800777
many_moving,127,35,195.42857142857142,12.330209503574736
many_moving,128,35,197.14285714285714,12.298748712640123
many_moving,129,35,173.14285714285714,12.267441894737594
many_moving,130,35,116.57142857142857,12.229259512479748
many_moving,131,35,94.28571428571428,12.198936552540848
many_moving,132,35,97.71428571428571,12.170833849734779
many_moving,133,35,108,12.138622136608808
many_moving,134,35,123.42857142857142,12.107647190992564
many_moving,135,35,99.42857142857143,12.080742171339933
many_moving,136,35,94.28571428571428,12.045849626574805
many_moving,137,35,53.14285714285714,12.010621970933764
many_moving,138,35,46.285714285714285,11.968806400824146
many_moving,139,35,49.714285714285715,11.930303959985824
many_moving,140,35,37.714285714285715,11.893645808908898
many_moving,141,35,41.142857142857146,11.862786912227254
many_moving,142,35,65.14285714285714,11.838138724401073
many_moving,143,35,116.57142857142857,11.805460685128685
many_moving,144,35,132,11.776848624888169
many_moving,145,35,108,11.744881891209658
many_moving,146,35,84,11.717952149631872
many_moving,147,35,130.28571428571428,11.700426635367249
many_moving,148,35,145.7142857142857,11.676726532898549
many_moving,149,35,145.7142857142857,11.662479002034248
many_moving,150,35,121.71428571428571,11.644871544682369
many_moving,151,35,210.85714285714286,11.615571547427669
many_moving,152,35,209.14285714285714,11.576718739054039
many_moving,153,35,200.57142857142858,11.548000458241566
many_moving,154,35,147.42857142857144,11.51084249344352
many_moving,155,35,125.14285714285715,11.474067910307594
many_moving,156,35,140.57142857142858,11.440974238205314
many_moving,157,35,102.85714285714285,11.409146837622613
many_moving,158,35,73.71428571428572,11.379175517008315
many_moving,159,35,39.42857142857143,11.343000693938585
many_moving,160,35,27.428571428571427,11.313755544996496
many_moving,161,35,20.571428571428573,11.288371438400208
many_moving,162,35,18.857142857142858,11.26879931540842
many_moving,163,35,36,11.256295484202791
many_moving,164,35,54.857142857142854,11.239481071018295
many_moving,165,35,56.57142857142857,11.21491364871662
many_moving,166,35,87.42857142857143,11.201809037926575
many_moving,167,35,87.42857142857143,11.183682560536216
many_moving,168,35,109.71428571428571,11.16232217810165
many_moving,169,35,99.42857142857143,11.139800061211831
many_moving,170,35,92.57142857142857,11.116457468698977
many_moving,171,35,118.28571428571429,11.088729905219003
many_moving,172,35,133.71428571428572,11.053828572539265
many_moving,173,35,109.71428571428571,11.018667196117326
many_moving,174,35,102.85714285714285,10.981951885330709
many_moving,175,35,94.28571428571428,10.944223736670708
many_moving,176,35,84,10.911778361913738
many_moving,177,35,73.71428571428572,10.887454268210286
many_moving,178,35,99.42857142857143,10.861312425814198
many_moving,179,35,111.42857142857143,10.829713103559582
many_moving,180,35,188.57142857142856,10.799897748484968
many_moving,181,35,258.85714285714283,10.756741993151245
many_moving,182,35,264,10.716641704172568
many_moving,183,35,214.2857142857143,10.681961873750659
many_moving,184,35,197.14285714285714,10.648728082738858
many_moving,185,35,166.28571428571428,10.6189513455358
many_moving,186,35,133.71428571428572,10.59146547772473
many_moving,187,35,89.14285714285714,10.566693830152333
many_moving,188,35,58.285714285714285,10.533936607063874
many_moving,189,35,48,10.508418451836198
many_moving,190,35,68.57142857142857,10.484015745522164
many_moving,191,35,65.14285714285714,10.463642759241093
many_moving,192,35,60,10.447638098199588
many_moving,193,35,89.14285714285714,10.43313349667051
many_moving,194,35,101.14285714285714,10.415084197142297
many_moving,195,35,125.14285714285715,10.393432241102794
many_moving,196,35,113.14285714285714,10.379115044464905
many_moving,197,35,73.71428571428572,10.363224417093903
many_moving,198,35,102.85714285714285,10.345859968570608
many_moving,199,35,120,10.320249185628906
many_moving,200,35,101.14285714285714,10.288718127939147
many_moving,201,35,97.71428571428571,10.26042036055308
many_moving,202,35,85.71428571428572,10.234161494156261
many_moving,203,35,77.14285714285715,10.207791480654958
many_moving,204,35,90.85714285714286,10.185782113675037
many_moving,205,35,84,10.16545591657985
many_moving,206,35,97.71428571428571,10.145290773131551
many_moving,207,35,90.85714285714286,10.127581016630316
many_moving,208,35,128.57142857142856,10.105960518542036
many_moving,209,35,123.42857142857142,10.095872230786007
many_moving,210,35,133.71428571428572,10.075214123677481
many_moving,211,35,109.71428571428571,10.041880708593101
many_moving,212,35,102.85714285714285,10.017178549136798
many_moving,213,35,89.14285714285714,9.989898778422326
many_moving,214,35,75.42857142857143,9.9750716408524
many_moving,215,35,44.57142857142857,9.952283015717452
many_moving,216,35,25.71428571428571,9.932271345232438
many_moving,217,35,63.42857142857143,9.907319371725015
many_moving,218,35,97.71428571428571,9.881874541936424
many_moving,219,35,89.14285714285714,9.862089767365601
many_moving,220,35,89.14285714285714,9.843889639511001
many_moving,221,35,96,9.828872456041047
many_moving,222,35,97.71428571428571,9.813767737074444
many_moving,223,35,114.85714285714286,9.801073719873367
many_moving,224,35,85.71428571428572,9.785865632012609
many_moving,225,35,61.71428571428571,9.771643488363663
many_moving,226,35,53.14285714285714,9.755061106147677
many_moving,227,35,56.57142857142857,9.741579896041113
many_moving,228,35,54.857142857142854,9.730257357599937
many_moving,229,35,42.85714285714286,9.714649827500999
many_moving,230,35,54.857142857142854,9.697795476259493
many_moving,231,35,49.714285714285715,9.667138635774586
many_moving,232,35,82.28571428571429,9.637177768204591
many_moving,233,35,80.57142857142857,9.600311482277162
many_moving,234,35,77.14285714285715,9.567924114794888
many_moving,235,35,116.57142857142857,9.533159063638633
many_moving,236,35,137.14285714285714,9.506107893011045
many_moving,237,35,152.57142857142856,9.479685195667068
many_moving,238,35,140.57142857142858,9.452007658099086
many_moving,239,35,116.57142857142857,9.421841242004781
many_moving,240,35,133.71428571428572,9.399656964309575
many_moving,241,35,125.14285714285715,9.378198542359074
many_moving,242,35,104.57142857142857,9.36091456045065
many_moving,243,35,102.85714285714285,9.343916268867446
many_moving,244,35,106.28571428571428,9.31905340256042
many_moving,245,35,135.42857142857142,9.297395365089693
many_moving,246,35,130.28571428571428,9.27670217761799
many_moving,247,35,123.42857142857142,9.251504798586584
many_moving,248,35,120,9.226146589911865
many_moving,249,35,113.14285714285714,9.202510636635678
many_moving,250,35,106.28571428571428,9.1817459211746
many_moving,251,35,126.85714285714286,9.156855814535604
many_moving,252,35,135.42857142857142,9.122020803065144
many_moving,253,35,84,9.094994544105747
many_moving,254,35,77.14285714285715,9.060855410238052
many_moving,255,35,78.85714285714286,9.044400786146358
many_moving,256,35,87.42857142857143,9.018732203115333
many_moving,257,35,80.57142857142857,8.992830873991982
many_moving,258,35,78.85714285714286,8.96273186468032
many_moving,259,35,27.428571428571427,8.936050209620623
many_moving,260,35,27.428571428571427,8.916837885709615
many_moving,261,35,17.142857142857142,8.899604894927407
many_moving,262,35,22.285714285714285,8.883868474869134
many_moving,263,35,20.571428571428573,8.868436955561904
many_moving,264,35,32.57142857142857,8.851854379794997
many_moving,265,35,65.14285714285714,8.835910968677007
many_moving,266,35,63.42857142857143,8.825929710916377
many_moving,267,35,75.42857142857143,8.813804262274363
many_moving,268,35,63.42857142857143,8.8021482059492
many_moving,269,35,58.285714285714285,8.7921104593402
many_moving,270,35,58.285714285714285,8.780847981995013
many_moving,271,35,58.285714285714285,8.771058875554795
many_moving,272,35,29.142857142857142,8.76264959811761
many_moving,273,35,111.42857142857143,8.737573855902381
many_moving,274,35,164.57142857142858,8.71443988005457
many_moving,275,35,210.85714285714286,8.682377883397818
many_moving,276,35,216,8.658390514413913
many_moving,277,35,205.7142857142857,8.634987479061582
many_moving,278,35,241.71428571428572,8.603112937803735
many_moving,279,35,248.57142857142858,8.574800847351172
many_moving,280,35,159.42857142857142,8.550601383750468
many_moving,281,35,87.42857142857143,8.52513301775087
many_moving,282,35,89.14285714285714,8.501192186718052
many_moving,283,35,84,8.484664910904296
many_moving,284,35,84,8.47548767837941
many_moving,285,35,61.71428571428571,8.4642398841651
many_moving,286,35,70.28571428571429,8.44736501976785
many_moving,287,35,60,8.431529884634987
many_moving,288,35,65.14285714285714,8.402704901626645
many_moving,289,35,27.428571428571427,8.378651341787986
many_moving,290,35,37.714285714285715,8.36001508700366
many_moving,291,35,46.285714285714285,8.34327734354578
many_moving,292,35,58.285714285714285,8.32633390089241
many_moving,293,35,82.28571428571429,8.316634994690913
many_moving,294,35,101.14285714285714,8.302129555998372
many_moving,295,35,92.57142857142857,8.290847681973831
many_moving,296,35,80.57142857142857,8.283965331867236
many_moving,297,35,84,8.27861884987859
many_moving,298,35,73.71428571428572,8.270444108495363
many_moving,299,35,87.42857142857143,8.260906680103432
many_moving,300,35,39.42857142857143,8.248987481933051
many_moving,301,35,132,8.235656533807491
many_moving,302,35,185.14285714285714,8.216824599172817
many_moving,303,35,241.71428571428572,8.1930508730675
many_moving,304,35,262.2857142857143,8.170213728743377
many_moving,305,35,212.57142857142856,8.149522082235684
many_moving,306,35,214.2857142857143,8.133654110910738
many_moving,307,35,210.85714285714286,8.113226600707389
many_moving,308,35,142.28571428571428,8.082072144149214
many_moving,309,35,113.14285714285714,8.055345539465467
many_moving,310,35,65.14285714285714,8.03207551719242
many_moving,311,35,60,8.011876060007097
many_moving,312,35,44.57142857142857,7.99365564230094
many_moving,313,35,51.42857142857142,7.976539979502791
many_moving,314,35,29.142857142857142,7.959765983670302
many_moving,315,35,8.571428571428571,7.946721850333947
many_moving,316,35,49.714285714285715,7.932262395538803
many_moving,317,35,60,7.914858583155266
many_moving,318,35,60,7.892607037197227
many_moving,319,35,49.714285714285715,7.8747446532717476
many_moving,320,35,72,7.855918444609258
many_moving,321,35,92.57142857142857,7.837598624953554
many_moving,322,35,106.28571428571428,7.822617666379925
many_moving,323,35,68.57142857142857,7.807712204588628
many_moving,324,35,60,7.791606660567105
many_moving,325,35,51.42857142857142,7.780340234182982
many_moving,326,35,60,7.764969203908144
many_moving,327,35,49.714285714285715,7.741975926701327
many_moving,328,35,58.285714285714285,7.7227870015721845
many_moving,329,35,29.142857142857142,7.699533659244271
many_moving,330,35,49.714285714285715,7.6844821784076025
many_moving,331,35,99.42857142857143,7.653365006029541
many_moving,332,35,102.85714285714285,7.627777578874016
many_moving,333,35,97.71428571428571,7.606000798951729
many_moving,334,35,84,7.589838014319045
many_moving,335,35,135.42857142857142,7.583397043736578
many_moving,336,35,173.14285714285714,7.574235942990511
many_moving,337,35,150.85714285714286,7.558202124708965
many_moving,338,35,123.42857142857142,7.539712372941223
many_moving,339,35,108,7.523002065162538
many_moving,340,35,96,7.5042691378187705
many_moving,341,35,102.85714285714285,7.490453160007501
many_moving,342,35,48,7.479816843784055
many_moving,343,35,34.285714285714285,7.470873166349472
many_moving,344,35,72,7.45527087403882
many_moving,345,35,101.14285714285714,7.444310839865232
many_moving,346,35,140.57142857142858,7.43287815194343
many_moving,347,35,133.71428571428572,7.422266446179696
many_moving,348,35,132,7.407246298936756
many_moving,349,35,128.57142857142856,7.395056994972515
many_moving,350,35,130.28571428571428,7.385140380396226
many_moving,351,35,82.28571428571429,7.375366032007196
many_moving,352,35,49.714285714285715,7.360475855472953
many_moving,353,35,34.285714285714285,7.348939868631939
many_moving,354,35,18.857142857142858,7.3399224233535465
many_moving,355,35,3.4285714285714284,7.332171858865558
many_moving,356,35,24,7.321513656298222
many_moving,357,35,1.7142857142857142,7.31023973196175
many_moving,358,35,22.285714285714285,7.298940647438376
many_moving,359,35,58.285714285714285,7.290315764591933
many_moving,360,35,61.71428571428571,7.275263571249984
many_moving,361,35,78.85714285714286,7.260495606134805
many_moving,362,35,82.28571428571429,7.246019849927204
many_moving,363,35,104.57142857142857,7.230966888410288
many_moving,364,35,130.28571428571428,7.212154688829133
many_moving,365,35,168,7.18792003599451
many_moving,366,35,147.42857142857144,7.168881493293464
many_moving,367,35,138.85714285714286,7.151790276446112
many_moving,368,35,144,7.135652099580285
many_moving,369,35,138.85714285714286,7.112452707727869
many_moving,370,35,126.85714285714286,7.086575883782363
many_moving,371,35,130.28571428571428,7.064974734847938
many_moving,372,35,77.14285714285715,7.047713645506548
many_moving,373,35,85.71428571428572,7.032678650154326
many_moving,374,35,85.71428571428572,7.009762882389718
many_moving,375,35,92.57142857142857,6.9879031188335325
many_moving,376,35,101.14285714285714,6.968265988301884
many_moving,377,35,116.57142857142857,6.9502707382926285
many_moving,378,35,108,6.9337231724238375
many_moving,379,35,104.57142857142857,6.914914077129612
many_moving,380,35,104.57142857142857,6.902080065009205
many_moving,381,35,116.57142857142857,6.88836129114206
many_moving,382,35,116.57142857142857,6.881163534522367
many_moving,383,35,87.42857142857143,6.869341753347589
many_moving,384,35,54.857142857142854,6.854624249330023
many_moving,385,35,53.14285714285714,6.84249872707254
many_moving,386,35,63.42857142857143,6.831923435563992
many_moving,387,35,51.42857142857142,6.8186526152261955
many_moving,388,35,85.71428571428572,6.812942129003743
many_moving,389,35,113.14285714285714,6.794794638674053
many_moving,390,35,111.42857142857143,6.777360479933043
many_moving,391,35,106.28571428571428,6.752171627528334
many_moving,392,35,128.57142857142856,6.733810370197876
many_moving,393,35,210.85714285714286,6.706752592616096
many_moving,394,35,190.28571428571428,6.684311626208882
many_moving,395,35,135.42857142857142,6.659345972758374
many_moving,396,35,121.71428571428571,6.6385330954222646
many_moving,397,35,109.71428571428571,6.619023937538349
many_moving,398,35,111.42857142857143,6.590515353570632
many_moving,399,35,99.42857142857143,6.580800776468766
many_moving,400,35,96,6.5667613009960855
many_moving,401,35,85.71428571428572,6.552248607274708
many_moving,402,35,72,6.540589873473072
many_moving,403,35,75.42857142857143,6.534927673116344
many_moving,404,35,108,6.5218459983972075
many_moving,405,35,111.42857142857143,6.513526493226717
many_moving,406,35,120,6.507116811227525
many_moving,407,35,99.42857142857143,6.498363141605074
many_moving,408,35,73.71428571428572,6.490037749349006
many_moving,409,35,72,6.479876961711418
many_moving,410,35,73.71428571428572,6.472822639893289
many_moving,411,35,80.57142857142857,6.458263491446021
many_moving,412,35,75.42857142857143,6.443101139400154
many_moving,413,35,96,6.4233132951022744
many_moving,414,35,87.42857142857143,6.409820378716869
many_moving,415,35,87.42857142857143,6.397983528542486
many_moving,416,35,152.57142857142856,6.376580155459657
many_moving,417,35,150.85714285714286,6.364090689270429
many_moving,418,35,113.14285714285714,6.353769019377045
many_moving,419,35,113.14285714285714,6.344628086115749
many_moving,420,35,99.42857142857143,6.33255032377327
many_moving,421,35,138.85714285714286,6.317785642764167
many_moving,422,35,162.85714285714286,6.305115091089246
many_moving,423,35,109.71428571428571,6.298890983145554
many_moving,424,35,87.42857142857143,6.292004846674337
many_moving,425,35,80.57142857142857,6.2815197533472364
many_moving,426,35,87.42857142857143,6.269829813197985
many_moving,427,35,97.71428571428571,6.2552266876970055
many_moving,428,35,104.57142857142857,6.248526628852872
many_moving,429,35,87.42857142857143,6.238563153874641
many_moving,430,35,63.42857142857143,6.224433017772521
many_moving,431,35,82.28571428571429,6.20843476447697
many_moving,432,35,80.57142857142857,6.202621550662725
many_moving,433,35,89.14285714285714,6.191018089092753
many_moving,434,35,72,6.177780187553558
many_moving,435,35,51.42857142857142,6.168737204140739
many_moving,436,35,53.14285714285714,6.163353802694853
many_moving,437,35,66.85714285714286,6.152264753459586
many_moving,438,35,96,6.125130793168447
many_moving,439,35,84,6.114588541830386
many_moving,440,35,78.85714285714286,6.096766389205275
many_moving,441,35,78.85714285714286,6.08535123061927
many_moving,442,35,78.85714285714286,6.076685701295407
many_moving,443,35,82.28571428571429,6.068209779959979
many_moving,444,35,156,6.047691643808071
many_moving,445,35,109.71428571428571,6.024016968225799
many_moving,446,35,116.57142857142857,6.007302727538499
many_moving,447,35,109.71428571428571,5.996785117543734
many_moving,448,35,123.42857142857142,5.988715754051395
many_moving,449,35,116.57142857142857,5.976447767340789
many_moving,450,35,101.14285714285714,5.960374178638943
many_moving,451,35,73.71428571428572,5.947054365107091
many_moving,452,35,51.42857142857142,5.929465538228352
many_moving,453,35,80.57142857142857,5.914519984186911
many_moving,454,35,73.71428571428572,5.901382752124918
many_moving,455,35,114.85714285714286,5.891572794416411
many_moving,456,35,174.85714285714286,5.881533395439451
many_moving,457,35,183.42857142857142,5.8662826529221315
many_moving,458,35,159.42857142857142,5.8569252290748794
many_moving,459,35,176.57142857142858,5.8346157493696165
many_moving,460,35,133.71428571428572,5.810454546552387
many_moving,461,35,120,5.796678954844056
many_moving,462,35,73.71428571428572,5.784524219734567
many_moving,463,35,48,5.766791421306206
many_moving,464,35,60,5.763324474076201
many_moving,465,35,73.71428571428572,5.754581754458413
many_moving,466,35,116.57142857142857,5.747820694495371
many_moving,467,35,132,5.739345730662093
many_moving,468,35,126.85714285714286,5.727327826127165
many_moving,469,35,121.71428571428571,5.722061779853111
many_moving,470,35,132,5.717244615232085
many_moving,471,35,126.85714285714286,5.708061916643887
many_moving,472,35,121.71428571428571,5.703203826846735
many_moving,473,35,92.57142857142857,5.694444646325387
many_moving,474,35,106.28571428571428,5.685307490689722
many_moving,475,35,123.42857142857142,5.6746367940017475
many_moving,476,35,106.28571428571428,5.664375064870346
many_moving,477,35,85.71428571428572,5.659966118011015
many_moving,478,35,85.71428571428572,5.651820027291971
many_moving,479,35,72,5.643922307589108
many_moving,480,35,70.28571428571429,5.63474535358189
many_moving,481,35,77.14285714285715,5.6210368881369295
many_moving,482,35,75.42857142857143,5.6073081390706285
many_moving,483,35,94.28571428571428,5.590894615000883
many_moving,484,35,106.28571428571428,5.575765274665206
many_moving,485,35,102.85714285714285,5.558250341203338
many_moving,486,35,106.28571428571428,5.544933814572118
many_moving,487,35,84,5.528391803019419
many_moving,488,35,53.14285714285714,5.513965736614936
many_moving,489,35,48,5.501538430263987
many_moving,490,35,29.142857142857142,5.490355935657617
many_moving,491,35,51.42857142857142,5.478644385540591
many_moving,492,35,66.85714285714286,5.469048132510173
many_moving,493,35,78.85714285714286,5.45500616044962
many_moving,494,35,120,5.4409239086376
many_moving,495,35,118.28571428571429,5.427943746118631
many_moving,496,35,120,5.421753256147985
many_moving,497,35,161.14285714285714,5.412814571357741
many_moving,498,35,154.2857142857143,5.39859811343665
many_moving,499,35,118.28571428571429,5.391559910416979
many_moving,500,35,132,5.37803609334591
many_moving,501,35,183.42857142857142,5.365294267560875
many_moving,502,35,181.71428571428572,5.34564231070224
many_moving,503,35,193.71428571428572,5.327368029446693
many_moving,504,35,152.57142857142856,5.312424400456219
many_moving,505,35,132,5.296979020506349
many_moving,506,35,116.57142857142857,5.2823238536793635
many_moving,507,35,89.14285714285714,5.268672488803317
many_moving,508,35,39.42857142857143,5.255534024172144
many_moving,509,35,39.42857142857143,5.245446653173823
many_moving,510,35,29.142857142857142,5.2350043350416895
many_moving,511,35,29.142857142857142,5.221893512319569
many_moving,512,35,58.285714285714285,5.207862760705395
many_moving,513,35,63.42857142857143,5.1951981541520595
many_moving,514,35,104.57142857142857,5.176365105782656
many_moving,515,35,82.28571428571429,5.162648593750013
many_moving,516,35,96,5.1468610567771655
many_moving,517,35,92.57142857142857,5.12857358382711
many_moving,518,35,77.14285714285715,5.114866063228852
many_moving,519,35,65.14285714285714,5.105151294793039
many_moving,520,35,84,5.096220795289542
many_moving,521,35,72,5.091210058057787
many_moving,522,35,80.57142857142857,5.092370232228056
many_moving,523,35,102.85714285714285,5.080749405223299
many_moving,524,35,101.14285714285714,5.077613330552966
many_moving,525,35,133.71428571428572,5.078666568164674
many_moving,526,35,128.57142857142856,5.077316322961631
many_moving,527,35,123.42857142857142,5.079126460802584
many_moving,528,35,162.85714285714286,5.06598636234857
many_moving,529,35,204,5.04973914707311
many_moving,530,35,154.2857142857143,5.030520681676775
many_moving,531,35,140.57142857142858,5.011706330317163
many_moving,532,35,123.42857142857142,5.005101685627256
many_moving,533,35,99.42857142857143,4.997149893881038
many_moving,534,35,94.28571428571428,4.987088572988491
many_moving,535,35,75.42857142857143,4.979409409615254
many_moving,536,35,13.714285714285714,4.970977001880418
many_moving,537,35,5.142857142857143,4.96234823522217
many_moving,538,35,6.857142857142857,4.952291705586209
many_moving,539,35,34.285714285714285,4.943232140572336
many_moving,540,35,46.285714285714285,4.936027930104742
many_moving,541,35,58.285714285714285,4.928381987207365
many_moving,542,35,73.71428571428572,4.924074973190118
many_moving,543,35,85.71428571428572,4.918656821482519
many_moving,544,35,82.28571428571429,4.911673778165863
many_moving,545,35,75.42857142857143,4.901237200916505
many_moving,546,35,78.85714285714286,4.892680265728142
many_moving,547,35,42.85714285714286,4.889756638489291
many_moving,548,35,42.85714285714286,4.884212498908137
many_moving,549,35,65.14285714285714,4.881291050375914
many_moving,550,35,101.14285714285714,4.87479098366717
many_moving,551,35,96,4.868524470411505
many_moving,552,35,99.42857142857143,4.865963327298844
many_moving,553,35,137.14285714285714,4.861174067755185
many_moving,554,35,142.28571428571428,4.858999652501759
many_moving,555,35,147.42857142857144,4.853232518158443
many_moving,556,35,152.57142857142856,4.84643073838988
many_moving,557,35,128.57142857142856,4.842721330817543
many_moving,558,35,123.42857142857142,4.833453636448692
many_moving,559,35,109.71428571428571,4.8250227528062215
many_moving,560,35,61.71428571428571,4.818252732512389
many_moving,561,35,78.85714285714286,4.800787992224989
many_moving,562,35,53.14285714285714,4.783055603207912
many_moving,563,35,8.571428571428571,4.7671844087570605
many_moving,564,35,20.571428571428573,4.75310421355056
many_moving,565,35,29.142857142857142,4.743839217277928
many_moving,566,35,48,4.736783083801395
many_moving,567,35,53.14285714285714,4.7223819363829485
many_moving,568,35,58.285714285714285,4.713623799494309
many_moving,569,35,149.14285714285714,4.70881666623583
many_moving,570,35,197.14285714285714,4.696851327538297
many_moving,571,35,197.14285714285714,4.6788011120637885
many_moving,572,35,168,4.666733376770854
many_moving,573,35,166.28571428571428,4.658960855118984
many_moving,574,35,157.71428571428572,4.655736921648652
many_moving,575,35,144,4.646646722501197
many_moving,576,35,80.57142857142857,4.6349669803215745
many_moving,577,35,49.714285714285715,4.6240734857651935
many_moving,578,35,46.285714285714285,4.6150540348216476
many_moving,579,35,78.85714285714286,4.605394707296486
many_moving,580,35,101.14285714285714,4.5950720182034415
many_moving,581,35,111.42857142857143,4.587900147137616
many_moving,582,35,101.14285714285714,4.583447607998598
many_moving,583,35,99.42857142857143,4.563640298304773
many_moving,584,35,147.42857142857144,4.545764492116456
many_moving,585,35,140.57142857142858,4.532761316921957
many_moving,586,35,121.71428571428571,4.522038747589525
many_moving,587,35,96,4.507803286007225
many_moving,588,35,90.85714285714286,4.493300747963398
many_moving,589,35,82.28571428571429,4.480127053607834
many_moving,590,35,65.14285714285714,4.468056342204061
many_moving,591,35,13.714285714285714,4.458505878736978
many_moving,592,35,29.142857142857142,4.446649475747691
many_moving,593,35,30.857142857142854,4.434197089440551
many_moving,594,35,41.142857142857146,4.42647863931092
many_moving,595,35,85.71428571428572,4.421627643762941
many_moving,596,35,138.85714285714286,4.4080246941554
many_moving,597,35,234.85714285714286,4.40102307947078
many_moving,598,35,233.14285714285714,4.387925024180799
many_moving,599,35,224.57142857142858,4.370466012992507
many_moving,600,35,205.7142857142857,4.354171415867628
many_moving,0,50,0,19.361101538137355
many_moving,1,50,462,18.818805898684097
many_moving,2,50,775.2,18.157872086321802
many_moving,3,50,789.6,17.569769039813803
many_moving,4,50,878.4000000000001,17.0104345773747
many_moving,5,50,829.2,16.49378200929809
many_moving,6,50,776.4,16.006770803739403
many_moving,7,50,778.8000000000001,15.54687111056044
many_moving,8,50,267.6,15.111642995740377
many_moving,9,50,1.2,14.764863313611981
many_moving,10,50,0,14.488403355821102
many_moving,11,50,0,14.267888843882172
many_moving,12,50,0,14.091915479643673
many_moving,13,50,0,13.951428088120764
many_moving,14,50,0,13.839230393951462
many_moving,15,50,0,13.749598327476077
many_moving,16,50,0,13.677974987304877
many_moving,17,50,0,13.620729841960012
many_moving,18,50,0,13.574968424201124
many_moving,19,50,0,13.538381726360376
many_moving,20,50,0,13.509126846159317
many_moving,21,50,9.6,13.485732269363995
many_moving,22,50,118.8,13.289673767794152
many_moving,23,50,7.199999999999999,12.979904172009633
many_moving,24,50,2.4,12.732554717827252
many_moving,25,50,0,12.534991522363997
many_moving,26,50,0,12.37715331119073
many_moving,27,50,0,12.251023989219625
many_moving,28,50,79.2,12.12602156154435
many_moving,29,50,342,11.919040814436904
many_moving,30,50,415.2,11.676964159695823
many_moving,31,50,404.40000000000003,11.445163596293902
many_moving,32,50,408,11.226594807826347
many_moving,33,50,404.40000000000003,11.022636205870066
many_moving,34,50,414,10.824753684434226
many_moving,35,50,350.4,10.643477403821386
many_moving,36,50,135.6,10.483948216370727
many_moving,37,50,94.80000000000001,10.286298662347457
many_moving,38,50,7.199999999999999,10.078442745952058
many_moving,39,50,1.2,9.912496088815168
many_moving,40,50,0,9.779966526159457
many_moving,41,50,0,9.674094830627514
many_moving,42,50,0,9.58949804680014
many_moving,43,50,50.4,9.509283828516093
many_moving,44,50,128.4,9.388473280746492
many_moving,45,50,146.4,9.27623256914812
many_moving,46,50,136.79999999999998,9.177599157200078
many_moving,47,50,146.4,9.091127915714745
many_moving,48,50,139.2,9.01261566177869
many_moving,49,50,159.60000000000002,8.934602371206639
many_moving,50,50,145.2,8.804838297883755
many_moving,51,50,44.4,8.665713172992337
many_moving,52,50,52.8,8.504437647165153
many_moving,53,50,4.8,8.340672101930279
many_moving,54,50,0,8.209878140313515
many_moving,55,50,12,8.10419027709475
many_moving,56,50,98.39999999999999,8.00502765986992
many_moving,57,50,218.4,7.886170567080756
many_moving,58,50,330,7.756027544897527
many_moving,59,50,360,7.620171386628022
many_moving,60,50,342,7.482854217880307
many_moving,61,50,393.59999999999997,7.3764722873858695
many_moving,62,50,367.2,7.276437404283062
many_moving,63,50,327.6,7.177899398636199
many_moving,64,50,261.6,7.087712648260681
many_moving,65,50,226.79999999999998,6.984633380629446
many_moving,66,50,211.2,6.871627849044789
many_moving,67,50,210,6.757644266041976
many_moving,68,50,184.8,6.647242530298824
many_moving,69,50,180,6.552868076175235
many_moving,70,50,198,6.4700437240137445
many_moving,71,50,238.8,6.385072041649037
many_moving,72,50,261.6,6.300013694161068
many_moving,73,50,313.2,6.212589877529494
many_moving,74,50,318,6.128472694274527
many_moving,75,50,319.20000000000005,6.047390020865901
many_moving,76,50,307.2,5.965102883727812
many_moving,77,50,298.8,5.884865453155103
many_moving,78,50,268.8,5.796733054146227
many_moving,79,50,205.2,5.710454577216103
many_moving,80,50,165.6,5.62425639627596
many_moving,81,50,168,5.540895380780464
many_moving,82,50,245.99999999999997,5.448957201680327
many_moving,83,50,231.6,5.356130696413087
many_moving,84,50,278.4,5.272056123402005
many_moving,85,50,332.4,5.179061936400408
many_moving,86,50,402,5.078721072496945
many_moving,87,50,399.6,4.978486426583946
many_moving,88,50,423.59999999999997,4.875635715558304
many_moving,89,50,451.2,4.760792252106269
many_moving,90,50,490.79999999999995,4.651547708867465
many_moving,91,50,456,4.542760198816053
many_moving,92,50,424.8,4.442235636159897
many_moving,93,50,387.6,4.338462428448187
many_moving,94,50,332.4,4.233766582401696
many_moving,95,50,328.8,4.134473430243493
many_moving,96,50,340.79999999999995,4.029232212049025
many_moving,97,50,330,3.9275086009833085
many_moving,98,50,294,3.825381340860061
many_moving,99,50,298.8,3.728181133923587
many_moving,100,50,289.20000000000005,3.6392796654318817
many_moving,101,50,278.4,3.5566524689880055
many_moving,102,50,248.39999999999998,3.47874039098577
many_moving,103,50,290.4,3.4076602858820557
many_moving,104,50,333.59999999999997,3.3417953248914842
many_moving,105,50,360,3.265391160694853
many_moving,106,50,370.79999999999995,3.179870077876342
many_moving,107,50,376.8,3.096494288971011
many_moving,108,50,351.6,3.0111572475023523
many_moving,109,50,349.20000000000005,2.933192800323823
many_moving,110,50,364.8,2.85758256389184
many_moving,111,50,330,2.7850154195695214
many_moving,112,50,346.8,2.7175172028835712
many_moving,113,50,380.4,2.659784958590506
many_moving,114,50,388.8,2.6012542225429285
many_moving,115,50,391.2,2.549608652067536
many_moving,116,50,385.2,2.5034551313945794
many_moving,117,50,361.2,2.4632940907461323
many_moving,118,50,355.2,2.4336380851012462
many_moving,119,50,324,2.401867989411772
many_moving,120,50,315.59999999999997,2.3800084095839042
many_moving,121,50,284.40000000000003,2.302657868819946
many_moving,122,50,274.8,2.225100865096097
many_moving,123,50,260.4,2.164121567725031
many_moving,124,50,236.4,2.1081216540252106
many_moving,125,50,166.79999999999998,2.057669538810499
many_moving,126,50,159.60000000000002,2.012523859690011
many_moving,127,50,164.4,1.9691056646095542
many_moving,128,50,154.8,1.9257661065877647
many_moving,129,50,163.20000000000002,1.8867534191767048
many_moving,130,50,144,1.8483845880384782
many_moving,131,50,240,1.814664517221445
many_moving,132,50,245.99999999999997,1.777242285755295
many_moving,133,50,253.2,1.7415100442380143
many_moving,134,50,282,1.7094727725810916
many_moving,135,50,312,1.6750158838108564
many_moving,136,50,325.2,1.6439788508208641
many_moving,137,50,307.2,1.6141599953256243
many_moving,138,50,290.4,1.585328088490248
many_moving,139,50,315.59999999999997,1.549773391207891
many_moving,140,50,332.4,1.517878455484726
many_moving,141,50,327.6,1.4945167358782658
many_moving,142,50,409.20000000000005,1.4704163907056307
many_moving,143,50,321.6,1.4442992532294758
many_moving,144,50,268.8,1.4222593681598255
many_moving,145,50,208.8,1.3982796086849325
many_moving,146,50,139.2,1.3748098895960983
many_moving,147,50,48,1.3526034212946272
many_moving,148,50,32.400000000000006,1.3336237273536466
many_moving,149,50,39.6,1.3159309420543135
many_moving,150,50,49.199999999999996,1.2975703971535504
many_moving,151,50,81.60000000000001,1.2781894803163962
many_moving,152,50,68.39999999999999,1.2599500279888403
many_moving,153,50,52.8,1.2371224663045917
many_moving,154,50,51.6,1.2193993225081796
many_moving,155,50,33.6,1.2017771988193167
many_moving,156,50,42,1.1855446209695748
many_moving,157,50,33.6,1.1713182217923566
many_moving,158,50,21.599999999999998,1.1572065692024345
many_moving,159,50,33.6,1.1441741763162119
many_moving,160,50,34.8,1.1334550857102677
many_moving,161,50,68.39999999999999,1.1195127102681028
many_moving,162,50,93.60000000000001,1.1028083939047189
many_moving,163,50,144,1.0859835297661673
many_moving,164,50,156,1.070007546080978
many_moving,165,50,160.8,1.0591185274003536
many_moving,166,50,229.2,1.0429635085182243
many_moving,167,50,331.2,1.0236272569900684
many_moving,168,50,350.4,1.0017836379544343
many_moving,169,50,324,0.9800839424529566
many_moving,170,50,267.6,0.9628077556191108
many_moving,171,50,261.6,0.9493658094327799
many_moving,172,50,261.6,0.9362300922278948
many_moving,173,50,219.60000000000002,0.9231377402802028
many_moving,174,50,127.2,0.9115657113326071
many_moving,175,50,62.400000000000006,0.90081882512189
many_moving,176,50,55.2,0.8909119794372504
many_moving,177,50,51.6,0.8841014127141406
many_moving,178,50,90,0.8748008090177243
many_moving,179,50,102,0.864688326694522
many_moving,180,50,87.6,0.8554785881663094
many_moving,181,50,92.4,0.8463111081189155
many_moving,182,50,136.79999999999998,0.8356106791549949
many_moving,183,50,141.6,0.8236526218136891
many_moving,184,50,136.79999999999998,0.8085183763504193
many_moving,185,50,110.4,0.7947876461244153
many_moving,186,50,82.8,0.7833839620026004
many_moving,187,50,82.8,0.7715520432567006
many_moving,188,50,96,0.7581814464978859
many_moving,189,50,45.6,0.7469314199359494
many_moving,190,50,43.199999999999996,0.7379470142608736
many_moving,191,50,50.4,0.7282434870287969
many_moving,192,50,51.6,0.7203420486499745
many_moving,193,50,96,0.7092114141050199
many_moving,194,50,136.79999999999998,0.7032709197989779
many_moving,195,50,170.39999999999998,0.7005788985385043
many_moving,196,50,213.6,0.6932633231806238
many_moving,197,50,231.6,0.6826155339987814
many_moving,198,50,217.20000000000002,0.6754815594501344
many_moving,199,50,219.60000000000002,0.6623166328382274
many_moving,200,50,225.6,0.6573007985833899
many_moving,201,50,204,0.6475638020569465
many_moving,202,50,168,0.6401743516163817
many_moving,203,50,118.8,0.6345262069790867
many_moving,204,50,112.8,0.6267393218717301
many_moving,205,50,124.80000000000001,0.6181673560395361
many_moving,206,50,152.4,0.6089699581675793
many_moving,207,50,122.4,0.598746635323897
many_moving,208,50,99.6,0.5907820893229934
many_moving,209,50,99.6,0.5833540258596127
many_moving,210,50,134.4,0.5751275965872179
many_moving,211,50,130.8,0.5649645769528073
many_moving,212,50,127.2,0.5600224441346918
many_moving,213,50,82.8,0.5556027254604863
many_moving,214,50,86.39999999999999,0.5499888677629732
many_moving,215,50,82.8,0.5436894748715102
many_moving,216,50,72,0.5389753078414682
many_moving,217,50,27.6,0.5329931461622148
many_moving,218,50,28.799999999999997,0.5251554120685176
many_moving,219,50,34.8,0.5200517791880668
many_moving,220,50,40.800000000000004,0.517906881531054
many_moving,221,50,96,0.5134798124372479
many_moving,222,50,140.39999999999998,0.5040136295667461
many_moving,223,50,177.6,0.49166784469303315
many_moving,224,50,241.2,0.4837021465498759
many_moving,225,50,244.8,0.4771526177489667
many_moving,226,50,241.2,0.477424009154408
many_moving,227,50,272.4,0.47015796685242756
many_moving,228,50,231.6,0.467706708952902
many_moving,229,50,204,0.4606411277311851
many_moving,230,50,150,0.4542736340444538
many_moving,231,50,124.80000000000001,0.44463625771403975
many_moving,232,50,61.2,0.436922640305774
many_moving,233,50,62.400000000000006,0.4307687296064238
many_moving,234,50,73.2,0.4268611489376618
many_moving,235,50,70.8,0.42133658845486843
many_moving,236,50,94.80000000000001,0.4171821182584304
many_moving,237,50,146.4,0.41132020944620457
many_moving,238,50,170.39999999999998,0.40610744158300277
many_moving,239,50,172.79999999999998,0.4009286106415182
many_moving,240,50,168,0.39982018188944346
many_moving,241,50,151.2,0.39532073537321394
many_moving,242,50,162,0.39052823323350705
many_moving,243,50,154.8,0.3808603742899739
many_moving,244,50,102,0.3730831020295515
many_moving,245,50,66,0.3675130791142488
many_moving,246,50,78,0.3593449115165484
many_moving,247,50,64.80000000000001,0.35499387823360656
many_moving,248,50,75.6,0.350380369890778
many_moving,249,50,87.6,0.34767114360917695
many_moving,250,50,110.4,0.3483640939254801
many_moving,251,50,126,0.34747029824925835
many_moving,252,50,124.80000000000001,0.3431821815710986
many_moving,253,50,128.4,0.33858881936537794
many_moving,254,50,128.4,0.33624800801784466
many_moving,255,50,123.60000000000001,0.3359537258144882
many_moving,256,50,93.60000000000001,0.33374241119549153
many_moving,257,50,115.19999999999999,0.329489294275887
many_moving,258,50,142.79999999999998,0.32507957065797105
many_moving,259,50,126,0.3135817940841413
many_moving,260,50,111.60000000000001,0.3047226444966005
many_moving,261,50,108,0.29932621672582116
many_moving,262,50,126,0.29442409608928666
many_moving,263,50,132,0.2882290086735865
many_moving,264,50,148.8,0.28476157782648803
many_moving,265,50,150,0.2837306992318636
many_moving,266,50,144,0.28186201769085706
many_moving,267,50,153.6,0.28110873541565545
many_moving,268,50,196.79999999999998,0.282111299996033
many_moving,269,50,205.2,0.2804908938450775
many_moving,270,50,195.6,0.28137295304214377
many_moving,271,50,150,0.27550164227605867
many_moving,272,50,111.60000000000001,0.27147625838279904
many_moving,273,50,98.39999999999999,0.2712071748293097
many_moving,274,50,87.6,0.27150921866578165
many_moving,275,50,32.400000000000006,0.27476590011212987
many_moving,276,50,38.4,0.27741462163371444
many_moving,277,50,40.800000000000004,0.2782595357218209
many_moving,278,50,81.60000000000001,0.28137937975350336
many_moving,279,50,87.6,0.2777929089574676
many_moving,280,50,112.8,0.2771984212536698
many_moving,281,50,111.60000000000001,0.27114491018810505
many_moving,282,50,108,0.2684578285203576
many_moving,283,50,133.20000000000002,0.26542286217113675
many_moving,284,50,146.4,0.25995009600885066
many_moving,285,50,139.2,0.25410671666733603
many_moving,286,50,138,0.2494359232900367
many_moving,287,50,144,0.2401349017410445
many_moving,288,50,138,0.23444681042261872
many_moving,289,50,121.2,0.2248815471631515
many_moving,290,50,103.2,0.21901822192917422
many_moving,291,50,133.20000000000002,0.21556845553771836
many_moving,292,50,170.39999999999998,0.21629103917249082
many_moving,293,50,163.20000000000002,0.21736902889296192
many_moving,294,50,144,0.2175711419074676
many_moving,295,50,182.4,0.21891237619796972
many_moving,296,50,189.60000000000002,0.2192807164057906
many_moving,297,50,187.20000000000002,0.22170601511591215
many_moving,298,50,153.6,0.2208123513900268
many_moving,299,50,105.6,0.2220391363301784
many_moving,300,50,109.2,0.21609395817904314
many_moving,301,50,98.39999999999999,0.20843755652767398
many_moving,302,50,75.6,0.2023450476989741
many_moving,303,50,58.8,0.19484927652872486
many_moving,304,50,76.8,0.18635147781881212
many_moving,305,50,85.19999999999999,0.18299387283369922
many_moving,306,50,100.8,0.17846508571465958
many_moving,307,50,153.6,0.1763029300962515
many_moving,308,50,165.6,0.171451538238754
many_moving,309,50,178.8,0.1649492478694565
many_moving,310,50,228,0.1591490690054456
many_moving,311,50,252,0.15837475125273034
many_moving,312,50,224.4,0.1579395091558851
many_moving,313,50,216,0.1596561645117678
many_moving,314,50,196.79999999999998,0.15851169304583387
many_moving,315,50,163.20000000000002,0.1671385884036665
many_moving,316,50,147.6,0.16539846241335823
many_moving,317,50,108,0.1664311575407791
many_moving,318,50,98.39999999999999,0.16485204619454585
many_moving,319,50,85.19999999999999,0.1686704351871871
many_moving,320,50,75.6,0.1716992927828485
many_moving,321,50,80.4,0.17470697482324263
many_moving,322,50,86.39999999999999,0.17861312596647463
many_moving,323,50,98.39999999999999,0.18207958722376139
many_moving,324,50,116.39999999999999,0.18370498840829044
many_moving,325,50,110.4,0.18597386468260413
many_moving,326,50,120,0.190470935553729
many_moving,327,50,103.2,0.1904275666082885
many_moving,328,50,80.4,0.19088246050522437
many_moving,329,50,110.4,0.19297411943489928
many_moving,330,50,109.2,0.18912696321975594
many_moving,331,50,114,0.18871027424229578
many_moving,332,50,103.2,0.18913228715024508
many_moving,333,50,98.39999999999999,0.18830420933636205
many_moving,334,50,144,0.18728387388257592
many_moving,335,50,164.4,0.1879290585187401
many_moving,336,50,163.20000000000002,0.18015546148558956
many_moving,337,50,205.2,0.17414271840140122
many_moving,338,50,240,0.17067304613379597
many_moving,339,50,270,0.16547967692978463
many_moving,340,50,247.20000000000002,0.1644031204601814
many_moving,341,50,254.4,0.16115708101926385
many_moving,342,50,225.6,0.15535262008767647
many_moving,343,50,184.8,0.15198281621225798
many_moving,344,50,184.8,0.14682465649092385
many_moving,345,50,159.60000000000002,0.14176595221018867
many_moving,346,50,140.39999999999998,0.1407230363193866
many_moving,347,50,118.8,0.1385403105865834
many_moving,348,50,110.4,0.1310708893046073
many_moving,349,50,112.8,0.1334502752046013
many_moving,350,50,115.19999999999999,0.1336123018435299
many_moving,351,50,108,0.13833034449562
many_moving,352,50,100.8,0.13942259631091766
many_moving,353,50,97.2,0.13993612234427547
many_moving,354,50,99.6,0.1368891725046171
many_moving,355,50,90,0.13686258144013913
many_moving,356,50,73.2,0.13693385262211336
many_moving,357,50,61.2,0.13254853636680336
many_moving,358,50,42,0.1311189002226665
many_moving,359,50,51.6,0.12940340056874347
many_moving,360,50,62.400000000000006,0.1269106832753284
many_moving,361,50,87.6,0.12483556691943883
many_moving,362,50,97.2,0.12299915609753057
many_moving,363,50,128.4,0.12482330185642117
many_moving,364,50,141.6,0.12770982292485103
many_moving,365,50,144,0.12946945266638588
many_moving,366,50,152.4,0.12791937832895722
many_moving,367,50,188.4,0.1300652485625145
many_moving,368,50,154.8,0.1288068501942233
many_moving,369,50,152.4,0.13154223846088298
many_moving,370,50,120,0.13136813938763892
many_moving,371,50,140.39999999999998,0.12796727104132502
many_moving,372,50,145.2,0.12527056095091893
many_moving,373,50,145.2,0.12305956214969223
many_moving,374,50,164.4,0.11962541501936731
many_moving,375,50,164.4,0.12243820707191824
many_moving,376,50,200.39999999999998,0.12075057127935862
many_moving,377,50,222,0.12005270917028471
many_moving,378,50,213.6,0.12007512514725598
many_moving,379,50,201.6,0.12047723007023364
many_moving,380,50,183.6,0.12036314675073954
many_moving,381,50,159.60000000000002,0.12208113840594347
many_moving,382,50,168,0.12314676254091139
many_moving,383,50,138,0.12689105665135736
many_moving,384,50,90,0.13163739197479804
many_moving,385,50,58.8,0.13688078849177543
many_moving,386,50,61.2,0.1410060629347024
many_moving,387,50,74.4,0.14292592760523554
many_moving,388,50,76.8,0.14522967882458407
many_moving,389,50,80.4,0.1458763555473393
many_moving,390,50,123.60000000000001,0.149328228375198
many_moving,391,50,121.2,0.15241640003578252
many_moving,392,50,164.4,0.15094357321515042
many_moving,393,50,182.4,0.15250607300624475
many_moving,394,50,165.6,0.1541925017592923
many_moving,395,50,139.2,0.15542935913597195
many_moving,396,50,103.2,0.15745735981236023
many_moving,397,50,91.2,0.16077718045956008
many_moving,398,50,118.8,0.15992633621312694
many_moving,399,50,91.2,0.15920069439654708
many_moving,400,50,114,0.16297713664900648
many_moving,401,50,152.4,0.15844962949337488
many_moving,402,50,199.2,0.15222117020633683
many_moving,403,50,216,0.14506773326362762
many_moving,404,50,265.2,0.13783912621917085
many_moving,405,50,238.8,0.12752223302699486
many_moving,406,50,236.4,0.12456511472528045
many_moving,407,50,216,0.12057004460316387
many_moving,408,50,166.79999999999998,0.12133260844845448
many_moving,409,50,134.4,0.11845899682754826
many_moving,410,50,103.2,0.11260380179266499
many_moving,411,50,69.6,0.10978757512319202
many_moving,412,50,60,0.11200770461620824
many_moving,413,50,73.2,0.11573216052824488
many_moving,414,50,54,0.11993335156235169
many_moving,415,50,73.2,0.12126447341522585
many_moving,416,50,62.400000000000006,0.12261706016760683
many_moving,417,50,78,0.12375589236820214
many_moving,418,50,90,0.1207407634385695
many_moving,419,50,109.2,0.12201525755405676
many_moving,420,50,121.2,0.12070027777657262
many_moving,421,50,135.6,0.12506449125946073
many_moving,422,50,121.2,0.12548927522739697
many_moving,423,50,157.20000000000002,0.12150760135385473
many_moving,424,50,134.4,0.11869352330911218
many_moving,425,50,132,0.1181915774344593
many_moving,426,50,106.8,0.12053503381878992
many_moving,427,50,102,0.12017522500726152
many_moving,428,50,140.39999999999998,0.12085841546148163
many_moving,429,50,158.4,0.12034213660815594
many_moving,430,50,208.8,0.11823665334923897
many_moving,431,50,241.2,0.12065277452830085
many_moving,432,50,217.20000000000002,0.1235596484556718
many_moving,433,50,216,0.12608357274954266
many_moving,434,50,231.6,0.1261668484361983
many_moving,435,50,159.60000000000002,0.12425322084911164
many_moving,436,50,169.2,0.12303859175585752
many_moving,437,50,129.60000000000002,0.11819239836223512
many_moving,438,50,84,0.11799009734144739
many_moving,439,50,85.19999999999999,0.12077425533599795
many_moving,440,50,98.39999999999999,0.12519138897203813
many_moving,441,50,88.8,0.12572326470044617
many_moving,442,50,88.8,0.1269902342199077
many_moving,443,50,80.4,0.12775015040094395
many_moving,444,50,84,0.13109649237425416
many_moving,445,50,93.60000000000001,0.13110718709108338
many_moving,446,50,140.39999999999998,0.1303756726439876
many_moving,447,50,160.8,0.13025753177849514
many_moving,448,50,198,0.12781493717932343
many_moving,449,50,202.79999999999998,0.12431356536757504
many_moving,450,50,187.20000000000002,0.12013077419247252
many_moving,451,50,187.20000000000002,0.11445086110006496
many_moving,452,50,177.6,0.10977330529589083
many_moving,453,50,115.19999999999999,0.10954952170649336
many_moving,454,50,93.60000000000001,0.10674584888886923
many_moving,455,50,91.2,0.10877795905787373
many_moving,456,50,115.19999999999999,0.11198040459496177
many_moving,457,50,135.6,0.11446729849380302
many_moving,458,50,170.39999999999998,0.11196866719333858
many_moving,459,50,157.20000000000002,0.11510044451481881
many_moving,460,50,130.8,0.11663520934726691
many_moving,461,50,135.6,0.11820397958356776
many_moving,462,50,127.2,0.12150341471093114
many_moving,463,50,115.19999999999999,0.126399259951969
many_moving,464,50,105.6,0.13022674823291144
many_moving,465,50,90,0.1326073227113118
many_moving,466,50,100.8,0.13130732838204526
many_moving,467,50,66,0.1302023119627575
many_moving,468,50,49.199999999999996,0.12982090014590295
many_moving,469,50,20.400000000000002,0.13198940712755228
many_moving,470,50,24,0.13337128347718202
many_moving,471,50,37.2,0.13669903223476065
many_moving,472,50,78,0.14028859284787307
many_moving,473,50,150,0.1361977249862396
many_moving,474,50,192,0.12743514700951636
many_moving,475,50,229.2,0.12455006964745637
many_moving,476,50,252,0.11954900468954424
many_moving,477,50,245.99999999999997,0.1145993110456339
many_moving,478,50,223.20000000000002,0.1141349417387378
many_moving,479,50,181.2,0.11655981137246288
many_moving,480,50,145.2,0.12208136404743354
many_moving,481,50,117.6,0.12621760794462575
many_moving,482,50,118.8,0.13538045467284063
many_moving,483,50,132,0.13913722905357068
many_moving,484,50,123.60000000000001,0.14574247560538756
many_moving,485,50,140.39999999999998,0.14720341951573332
many_moving,486,50,150,0.14607549034559497
many_moving,487,50,135.6,0.14451692401594496
many_moving,488,50,157.20000000000002,0.14417013047417573
many_moving,489,50,165.6,0.1425734356537499
many_moving,490,50,165.6,0.1408550694445223
many_moving,491,50,152.4,0.13802772474530456
many_moving,492,50,169.2,0.13252427728875163
many_moving,493,50,163.20000000000002,0.12966706029102643
many_moving,494,50,136.79999999999998,0.12497487895765244
many_moving,495,50,99.6,0.1214631198654361
many_moving,496,50,79.2,0.12108443635474542
many_moving,497,50,57.599999999999994,0.12126720718722574
many_moving,498,50,68.39999999999999,0.12405452819886958
many_moving,499,50,61.2,0.12441936195531175
many_moving,500,50,90,0.12199591568217799
many_moving,501,50,105.6,0.12450345239694219
many_moving,502,50,120,0.1294572551134969
many_moving,503,50,128.4,0.1301869071437424
many_moving,504,50,157.20000000000002,0.12744197353844536
many_moving,505,50,152.4,0.1235677954114237
many_moving,506,50,135.6,0.1223029878654377
many_moving,507,50,122.4,0.12528278015873798
many_moving,508,50,114,0.12350409078080707
many_moving,509,50,93.60000000000001,0.1256100144226234
many_moving,510,50,103.2,0.12262865493754924
many_moving,511,50,70.8,0.12306582866846559
many_moving,512,50,80.4,0.12596676763580122
many_moving,513,50,97.2,0.12780852121956027
many_moving,514,50,96,0.13113901808456152
many_moving,515,50,132,0.130398641023292
many_moving,516,50,153.6,0.1302412534652944
many_moving,517,50,148.8,0.13610368770192133
many_moving,518,50,202.79999999999998,0.13695642004635777
many_moving,519,50,183.6,0.1391706458245374
many_moving,520,50,245.99999999999997,0.13822132763091138
many_moving,521,50,249.60000000000002,0.13318546049217767
many_moving,522,50,200.39999999999998,0.12896075034355228
many_moving,523,50,187.20000000000002,0.12461802169981868
many_moving,524,50,181.2,0.12334372338476594
many_moving,525,50,140.39999999999998,0.1241633808408909
many_moving,526,50,111.60000000000001,0.1251520229100659
many_moving,527,50,91.2,0.12979158424043893
many_moving,528,50,94.80000000000001,0.1378094271685915
many_moving,529,50,86.39999999999999,0.1435983721890819
many_moving,530,50,87.6,0.14686621701917757
many_moving,531,50,104.4,0.14960955728869277
many_moving,532,50,115.19999999999999,0.15174357306885347
many_moving,533,50,133.20000000000002,0.15912949479460378
many_moving,534,50,109.2,0.1616898460923117
many_moving,535,50,88.8,0.1696393056953795
many_moving,536,50,108,0.17323751370252236
many_moving,537,50,141.6,0.17086324750760187
many_moving,538,50,112.8,0.16947365041324555
many_moving,539,50,102,0.1650981767777498
many_moving,540,50,128.4,0.15814745046345263
many_moving,541,50,128.4,0.15339910513877225
many_moving,542,50,116.39999999999999,0.14785906131930537
many_moving,543,50,147.6,0.1451906565732069
many_moving,544,50,138,0.14391435680123918
many_moving,545,50,140.39999999999998,0.1446523903615621
many_moving,546,50,150,0.14249445178705733
many_moving,547,50,134.4,0.14018874790061378
many_moving,548,50,166.79999999999998,0.13482144629773776
many_moving,549,50,169.2,0.13121064264772556
many_moving,550,50,158.4,0.1333478073378284
many_moving,551,50,146.4,0.13147356557400616
many_moving,552,50,123.60000000000001,0.12821693018686003
many_moving,553,50,115.19999999999999,0.12850633792766758
many_moving,554,50,103.2,0.1309176016205856
many_moving,555,50,73.2,0.1359525866664011
many_moving,556,50,50.4,0.14101423293782134
many_moving,557,50,42,0.1464543115108009
many_moving,558,50,66,0.14996333891210145
many_moving,559,50,110.4,0.14560240274964734
many_moving,560,50,136.79999999999998,0.13765608068939558
many_moving,561,50,169.2,0.136233786742307
many_moving,562,50,166.79999999999998,0.1333708085737705
many_moving,563,50,168,0.1315135986892112
many_moving,564,50,184.8,0.12819846161805545
many_moving,565,50,220.8,0.12494663065918638
many_moving,566,50,183.6,0.12015207736313131
many_moving,567,50,156,0.11820977450669592
many_moving,568,50,182.4,0.11118416145958385
many_moving,569,50,172.79999999999998,0.11166450562665307
many_moving,570,50,153.6,0.11392925382619923
many_moving,571,50,163.20000000000002,0.11661531791757339
many_moving,572,50,128.4,0.11640657910682728
many_moving,573,50,141.6,0.11928037056280284
many_moving,574,50,121.2,0.11949894980039286
many_moving,575,50,132,0.12168330225073017
many_moving,576,50,182.4,0.12353898641665331
many_moving,577,50,182.4,0.1251337983232393
many_moving,578,50,147.6,0.12270460333295828
many_moving,579,50,135.6,0.1224553414086955
many_moving,580,50,127.2,0.12176889907455567
many_moving,581,50,133.20000000000002,0.12251852970265732
many_moving,582,50,94.80000000000001,0.12104749931564432
many_moving,583,50,31.200000000000003,0.12220585606972136
many_moving,584,50,28.799999999999997,0.12340231186464005
many_moving,585,50,48,0.12386124435671367
many_moving,586,50,55.2,0.12244839982190017
many_moving,587,50,57.599999999999994,0.12383546443121633
many_moving,588,50,80.4,0.12564623634361277
many_moving,589,50,124.80000000000001,0.12627533163175722
many_moving,590,50,136.79999999999998,0.12658959939203118
many_moving,591,50,141.6,0.12674892180197717
many_moving,592,50,153.6,0.12588261812065885
many_moving,593,50,150,0.1295174307636791
many_moving,594,50,141.6,0.13064699846840527
many_moving,595,50,154.8,0.12912465591124206
many_moving,596,50,171.6,0.126740900875426
many_moving,597,50,160.8,0.12324955182315876
many_moving,598,50,158.4,0.1244314157335043
many_moving,599,50,122.4,0.12772935956106093
many_moving,600,50,153.6,0.12904417437404048