scenario,noise_sigma,time_s,baseline_tx_total,baseline_tx_per_node_per_min,baseline_rmse_aligned_m,baseline_mae_aligned_m,icum_tx_total,icum_tx_per_node_per_min,icum_rmse_aligned_m,icum_mae_aligned_m
none_moving,0,0,0,,18.187917130173428,17.241615522676813,0,,18.187917130173428,17.241615522676813
none_moving,0,1,40,240,8.732732372315386,7.427804860803237,40,240,8.732732372315386,7.427804860803237
none_moving,0,2,100,300,5.726723138072793,4.812547840903697,100,300,5.726723138072793,4.812547840903697
none_moving,0,3,161,322,3.0648841827969058,2.63075579720807,161,322,3.0648841827969058,2.63075579720807
none_moving,0,4,222,333,1.9018216384055475,1.4001777131128779,222,333,1.9018216384055475,1.4001777131128779
none_moving,0,5,283,339.6,1.3194923817273232,0.8804961099354985,283,339.6,1.3194923817273232,0.8804961099354985
none_moving,0,6,344,343.99999999999994,0.830375259062732,0.5754025316081653,344,343.99999999999994,0.830375259062732,0.5754025316081653
none_moving,0,7,405,347.1428571428571,0.5805761354409638,0.3728209052866186,396,339.42857142857144,0.5805761354409638,0.3728209052866186
none_moving,0,8,466,349.5,0.43504778830390345,0.2562192236750025,402,301.5,0.5053512786557446,0.29303523441624957
none_moving,0,9,527,351.33333333333337,0.26335079587026733,0.1698085336621727,402,268.00000000000006,0.49510907500223333,0.28406845185317875
none_moving,0,10,588,352.8,0.17974589659299417,0.11608873936488733,402,241.20000000000002,0.4932821203887342,0.2825163652881977
none_moving,0,11,649,354.00000000000006,0.15079835640791348,0.08285185659580349,402,219.2727272727273,0.49292580240572564,0.28221657374835996
none_moving,0,12,710,355,0.08500816943963498,0.05374137307892124,402,201,0.4928549033703263,0.2821570533526064
none_moving,0,13,771,355.8461538461538,0.056770311134246874,0.037038936015916145,402,185.53846153846155,0.4928407381587309,0.2821451669015596
none_moving,0,14,832,356.57142857142856,0.05334115286203166,0.02896725308259116,402,172.2857142857143,0.4928379057003348,0.28214279031738015
none_moving,0,15,893,357.2,0.028571152550873405,0.017221063716646504,402,160.8,0.49283733923201356,0.2821423150287936
none_moving,0,16,954,357.75,0.020746965021316028,0.012086430712806493,402,150.75,0.49283722593928336,0.2821422199722056
none_moving,0,17,1015,358.2352941176471,0.018252923470842595,0.010239992211331499,402,141.8823529411765,0.4928372032807756,0.28214220096093384
none_moving,0,18,1076,358.6666666666667,0.011299684986551749,0.005495762061074715,402,134.00000000000003,0.49283719874907544,0.28214219715868155
none_moving,0,19,1137,359.0526315789474,0.009087663017992362,0.004873925082735001,402,126.94736842105264,0.49283719784273516,0.28214219639823107
none_moving,0,20,1198,359.40000000000003,0.005491404884967967,0.003232100062410688,402,120.60000000000001,0.49283719766146733,0.2821421962461403
none_moving,0,21,1259,359.7142857142858,0.005708564940541066,0.003269124479898604,408,116.57142857142857,0.4928371976252134,0.28214219621572345
none_moving,0,22,1320,360,0.004006828569952552,0.002270205580560006,425,115.90909090909092,0.24514982744763103,0.1611853418147259
none_moving,0,23,1381,360.2608695652174,0.001397456020709676,0.0008913756616906659,425,110.8695652173913,0.2265127675173247,0.14418087745508984
none_moving,0,24,1442,360.49999999999994,0.0031055128214442468,0.0019190370436476007,425,106.25,0.2252197344672911,0.14339115414629447
none_moving,0,25,1503,360.72,0.0015198100225790995,0.0008811597568752192,425,102,0.2250645842883743,0.14326840575307517
none_moving,0,26,1564,360.9230769230769,0.0008547156693018114,0.00048030386128388336,425,98.07692307692308,0.22503771492217758,0.14324536611573652
none_moving,0,27,1625,361.1111111111111,0.0015709230472580656,0.0009884342440607927,425,94.44444444444444,0.2250325076065978,0.14324081975915806
none_moving,0,28,1686,361.2857142857143,0.00043110825751982933,0.00025327840998421813,425,91.07142857142857,0.22503147280675648,0.14323991296057584
none_moving,0,29,1747,361.44827586206895,0.0007056988038337966,0.00043830139632639574,425,87.93103448275862,0.2250312661133269,0.14323973169984833
none_moving,0,30,1808,361.6,0.0006951103843111569,0.00043911608862614497,425,85,0.22503122478530255,0.14323969545166357
none_moving,0,31,1869,361.7419354838709,0.0001673511045162347,0.00010316441198198403,425,82.25806451612902,0.22503121652012434,0.1432396882021857
none_moving,0,32,1930,361.875,0.0004530192485706438,0.0002842767907490788,425,79.6875,0.2250312148671055,0.14323968675229548
none_moving,0,33,1991,361.99999999999994,0.0002514093148541904,0.00015884031206806889,425,77.27272727272727,0.22503121453650246,0.1432396864623182
none_moving,0,34,2052,362.11764705882354,0.0001725406857739235,0.00010855474509430768,425,75,0.22503121447038252,0.14323968640432358
none_moving,0,35,2113,362.2285714285714,0.00023999034379314327,0.00015079072199013823,425,72.85714285714285,0.22503121445715757,0.14323968639272228
none_moving,0,36,2174,362.33333333333337,0.00006263772895813888,0.000039200065035829496,431,71.83333333333334,0.22503121445451316,0.1432396863904026
none_moving,0,37,2235,362.4324324324324,0.00013153901166808727,0.00008313438439682141,448,72.64864864864865,0.17719850924114205,0.09701299025420271
none_moving,0,38,2296,362.5263157894737,0.00010622743699095336,0.00006666082810426888,448,70.73684210526315,0.20247934412541405,0.11947395107139633
none_moving,0,39,2357,362.6153846153846,0.00002644498359767306,0.00001652950596332165,448,68.92307692307692,0.20851189257071362,0.12582929663150894
none_moving,0,40,2418,362.70000000000005,0.00007968694103379572,0.000050342954222320375,448,67.2,0.2097509444972838,0.12711328469869754
none_moving,0,41,2479,362.780487804878,0.000037142667935133145,0.000023184628462736144,448,65.5609756097561,0.21000000945586106,0.1273705208568383
none_moving,0,42,2540,362.8571428571429,0.000030045207602029945,0.00001898704443943143,448,64,0.21004987226233565,0.12742198512113537
none_moving,0,43,2601,362.93023255813955,0.00004059035776995138,0.000025614265484669478,448,62.51162790697674,0.21005984681328987,0.12743227865137255
none_moving,0,44,2662,363,0.000008675912369431974,0.0000052738934753725265,448,61.09090909090909,0.21006184180304263,0.12743433738448268
none_moving,0,45,2723,363.06666666666666,0.000022545274754523242,0.00001423724419486931,448,59.73333333333333,0.21006224080417635,0.1274347491321873
none_moving,0,46,2784,363.13043478260863,0.000017317667468614515,0.000010907657999557733,448,58.43478260869564,0.21006232060453003,0.12743483148177176
none_moving,0,47,2845,363.1914893617021,0.000005364494095335448,0.0000033909839854398236,448,57.191489361702125,0.210062336564606,0.1274348479516904
none_moving,0,48,2906,363.25,0.000013380130359595831,0.000008442269214934355,448,55.99999999999999,0.21006233975662184,0.12743485124567397
none_moving,0,49,2967,363.3061224489796,0.0000057446846432395,0.0000035993918498986645,448,54.857142857142854,0.21006234039502514,0.12743485190447046
none_moving,0,50,3028,363.36,0.000005532467167160913,0.000003497715436912148,448,53.75999999999999,0.21006234052270556,0.12743485203623034
none_moving,0,51,3089,363.4117647058823,0.000006661114870470885,0.000004197993394265165,454,53.411764705882355,0.21006234054824183,0.12743485206258204
none_moving,0,52,3150,363.46153846153845,0.000001266366056626844,7.683518420473297e-7,471,54.34615384615385,0.09520522611194629,0.051173205712672046
none_moving,0,53,3211,363.5094339622642,0.000003942152514124901,0.0000024902220655849434,471,53.320754716981135,0.13530683272612892,0.0805275725641815
none_moving,0,54,3272,363.55555555555554,0.00000275560973564287,0.0000017328379820066986,471,52.333333333333336,0.14426391711464454,0.08750929963016445
none_moving,0,55,3333,363.6,0.0000010314176978492155,6.522231500217982e-7,471,51.38181818181818,0.14607916200842416,0.08891342802616939
none_moving,0,56,3394,363.6428571428571,0.000002266080656206504,0.000001430100322136074,471,50.464285714285715,0.1464430912893056,0.08919451361840161
none_moving,0,57,3455,363.6842105263158,8.651815390071677e-7,5.400868606519137e-7,471,49.578947368421055,0.1465159118161938,0.08925074079028818
none_moving,0,58,3516,363.7241379310345,9.938949862359577e-7,6.282191194824996e-7,471,48.724137931034484,0.14653047730413096,0.0892619866241507
none_moving,0,59,3577,363.7627118644068,0.0000010967275121881231,6.912457394428018e-7,471,47.898305084745765,0.14653339045698652,0.0892642358068807
none_moving,0,60,3638,363.8,1.9315724815969913e-7,1.1742049896118704e-7,471,47.1,0.14653397308976765,0.0892646856440653
none_moving,0,61,3699,363.8360655737705,6.811456646888604e-7,4.301572772548586e-7,471,46.32786885245902,0.14653408961641287,0.08926477561152736
none_moving,0,62,3760,363.87096774193543,4.380268955689244e-7,2.753908347132806e-7,471,45.58064516129032,0.14653411292174529,0.08926479360502042
none_moving,0,63,3821,363.9047619047619,1.982817227897232e-7,1.2540427905014785e-7,471,44.857142857142854,0.14653411758281185,0.08926479720371953
none_moving,0,64,3882,363.9375,3.8080970518885613e-7,2.402570270884091e-7,471,44.15625,0.1465341185150251,0.08926479792345934
none_moving,0,65,3943,363.9692307692308,1.2921144900095063e-7,8.047553884993629e-8,471,43.47692307692308,0.14653411870146768,0.0892647980674071
none_moving,0,66,4004,363.99999999999994,1.778495396769228e-7,1.1240286623717083e-7,477,43.36363636363636,0.14653411873875635,0.08926479809619711
none_moving,0,67,4065,364.02985074626866,1.7932674771781726e-7,1.129834416440304e-7,494,44.23880597014925,0.10519114422382903,0.0653924787797758
none_moving,0,68,4126,364.05882352941177,3.2152972661076434e-8,1.982188220495657e-8,494,43.588235294117645,0.15059995795695316,0.09605288179107588
none_moving,0,69,4187,364.0869565217391,1.1732630558415125e-7,7.40861504275247e-8,494,42.95652173913044,0.15985160227893294,0.10238418764095847
none_moving,0,70,4248,364.1142857142857,6.901307311765346e-8,4.335373042144368e-8,494,42.34285714285714,0.1617063299029381,0.1036508554404914
none_moving,0,71,4309,364.14084507042253,3.746069314546278e-8,2.3691280913920605e-8,494,41.74647887323943,0.162077438875831,0.10390420376330034
none_moving,0,72,4370,364.1666666666667,6.378809423086632e-8,4.02387637873204e-8,494,41.166666666666664,0.1621516671153349,0.10395487400769524
none_moving,0,73,4431,364.19178082191786,1.9001455009103743e-8,1.1784639706051568e-8,494,40.6027397260274,0.16216651302029836,0.10396500807968308
none_moving,0,74,4492,364.2162162162162,3.15568892042046e-8,1.9941297160142555e-8,494,40.05405405405405,0.16216948221156843,0.10396703489500414
none_moving,0,75,4553,364.24,2.919662681918956e-8,1.839007085635263e-8,494,39.519999999999996,0.1621700760502324,0.1039674402581047
none_moving,0,76,4614,364.2631578947368,5.871242189934359e-9,3.6736697335838618e-9,494,39,0.16217019481798287,0.103967521330727
none_moving,0,77,4675,364.2857142857143,2.0103650870246163e-8,1.2692531646071768e-8,494,38.49350649350649,0.16217021857153305,0.10396753754525132
none_moving,0,78,4736,364.3076923076923,1.0791712414417008e-8,6.77372800107966e-9,494,38,0.16217022332224343,0.10396754078815693
none_moving,0,79,4797,364.3291139240506,6.989923871031044e-9,4.420208212480283e-9,494,37.51898734177215,0.1621702242723854,0.10396754143673814
none_moving,0,80,4858,364.35,1.0636650389328974e-8,6.708465004753745e-9,494,37.050000000000004,0.16217022446241325,0.10396754156645331
none_moving,0,81,4919,364.3703703703703,2.7574673981735964e-9,1.7005647292197068e-9,500,37.03703703703704,0.1621702245004196,0.10396754159239659
none_moving,0,82,4980,364.390243902439,5.5636381098228184e-9,3.5152768072493014e-9,517,37.829268292682926,0.08812737393572435,0.05457465356848236
none_moving,0,83,5041,364.4096385542169,4.728058876679019e-9,2.9770049537116424e-9,517,37.373493975903614,0.13684374759086784,0.08636843561161227
none_moving,0,84,5102,364.42857142857144,1.1316040709799313e-9,7.131257782915424e-10,517,36.92857142857143,0.1466475631673486,0.09282688357074026
none_moving,0,85,5163,364.44705882352935,3.429549388459386e-9,2.1649473614633734e-9,517,36.49411764705882,0.14860976558207412,0.09411871718933039
none_moving,0,86,5224,364.4651162790698,1.6722434299558513e-9,1.0484761030968814e-9,517,36.06976744186046,0.14900225898313768,0.09437708917075247
none_moving,0,87,5285,364.48275862068965,1.288548183265361e-9,8.14737345544724e-10,517,35.6551724137931,0.149080759745888,0.09442876377374361
none_moving,0,88,5346,364.50000000000006,1.7662071284955806e-9,1.1137127493989254e-9,517,35.25000000000001,0.14909645998147028,0.09443909870258181
none_moving,0,89,5407,364.5168539325843,3.9643496910812984e-10,2.426408004654981e-10,517,34.853932584269664,0.14909960003190564,0.0944411656886798
none_moving,0,90,5468,364.5333333333333,9.748098845810418e-10,6.158306966835609e-10,517,34.46666666666667,0.14910022804212633,0.09444157908591218
none_moving,0,91,5529,364.54945054945057,7.614736792342723e-10,4.792722625757065e-10,517,34.08791208791209,0.14910035364417576,0.09444166176535936
none_moving,0,92,5590,364.5652173913043,2.216584215035899e-10,1.4004869383183788e-10,517,33.71739130434783,0.14910037876458532,0.0944416783012475
none_moving,0,93,5651,364.5806451612903,5.824556680961808e-10,3.6762723724476577e-10,517,33.35483870967742,0.14910038378866763,0.09444168160842667
none_moving,0,94,5712,364.5957446808511,2.565433285345867e-10,1.6062408873496617e-10,517,33,0.14910038479348453,0.09444168226986285
none_moving,0,95,5773,364.61052631578946,2.350463467880781e-10,1.4859922447345052e-10,517,32.65263157894737,0.1491003849944474,0.09444168240214978
none_moving,0,96,5834,364.62499999999994,2.9199059163816393e-10,1.8408167200606474e-10,523,32.68749999999999,0.1491003850346401,0.09444168242860693
none_moving,0,97,5895,364.63917525773195,5.727478606689091e-11,3.478778421205565e-11,540,33.402061855670105,0.09401388526479747,0.059500388173487885
none_moving,0,98,5956,364.6530612244898,1.6983144496145837e-10,1.0727660914262071e-10,540,33.06122448979592,0.1423007523963411,0.09037968406463145
none_moving,0,99,6017,364.6666666666667,1.2191003481675442e-10,7.669615393443325e-11,540,32.72727272727273,0.15197113078790295,0.09660841491758565
none_moving,0,100,6078,364.67999999999995,4.320941828963674e-11,2.73236384921849e-11,540,32.4,0.15390551901607086,0.0978541757753214
none_moving,0,101,6139,364.6930693069307,9.849578407786802e-11,6.215872672018247e-11,540,32.07920792079208,0.15429240815114614,0.0981033284354115
none_moving,0,102,6200,364.70588235294116,3.891254160510007e-11,2.4320097731068246e-11,540,31.764705882352942,0.15436978643027166,0.09815315898625801
none_moving,0,103,6261,364.71844660194176,4.247277687775997e-11,2.6850306968855773e-11,540,31.45631067961165,0.1543852621041217,0.09816312509717515
none_moving,0,104,6322,364.7307692307692,4.8056030351297605e-11,3.029060117654197e-11,540,31.153846153846153,0.15438835723961286,0.09816511831938926
none_moving,0,105,6383,364.74285714285713,8.578249012283624e-12,5.204318484572677e-12,540,30.857142857142858,0.1543889762667396,0.09816551696383202
none_moving,0,106,6444,364.75471698113205,2.9428874305620855e-11,1.8587822411395622e-11,540,30.566037735849058,0.15438910007216616,0.09816559669272092
none_moving,0,107,6505,364.7663551401869,1.9392588754884612e-11,1.2194963281934087e-11,540,30.280373831775698,0.1543891248332513,0.09816561263850004
none_moving,0,108,6566,364.77777777777777,8.319171867731192e-12,5.264277867279779e-12,540,30,0.15438912978546812,0.09816561582765441
none_moving,0,109,6627,364.7889908256881,1.6584726764077065e-11,1.0467105632783305e-11,540,29.724770642201836,0.1543891307759124,0.09816561646548669
none_moving,0,110,6688,364.8,5.8285222352299114e-12,3.6350214805504207e-12,540,29.454545454545457,0.15438913097400092,0.09816561659305179
none_moving,0,111,6749,364.8108108108108,7.611105780046806e-12,4.812229150730858e-12,546,29.513513513513512,0.15438913101361845,0.09816561661856454
none_moving,0,112,6810,364.82142857142856,7.872004220245707e-12,4.9619941950991996e-12,563,30.160714285714285,0.09032057063135208,0.05684577520214038
none_moving,0,113,6871,364.83185840707966,1.3893338701895644e-12,8.538412625945683e-13,563,29.893805309734514,0.13918785358542046,0.08792825269642494
none_moving,0,114,6932,364.8421052631579,5.075185640018488e-12,3.2062719948612565e-12,563,29.63157894736842,0.14896528766012687,0.09417538154682631
none_moving,0,115,6993,364.85217391304343,3.062545600676757e-12,1.9257422754616366e-12,563,29.373913043478257,0.15092087512227356,0.09542482791526344
none_moving,0,116,7054,364.8620689655172,1.5786962542995105e-12,1.0014419756550896e-12,563,29.120689655172413,0.15131199636133005,0.09567471798294226
none_moving,0,117,7115,364.87179487179486,2.7813058541694156e-12,1.7570499252071476e-12,563,28.871794871794872,0.1513902207569525,0.09572469602802278
none_moving,0,118,7176,364.8813559322034,8.606590041027325e-13,5.365668922289788e-13,563,28.627118644067796,0.151405865641973,0.09573469163829905
none_moving,0,119,7237,364.890756302521,1.3533796268268696e-12,8.572083350501674e-13,563,28.386554621848738,0.15140899461921303,0.0957366907604047
none_moving,0,120,7298,364.9,1.2843529520087168e-12,8.106257529016271e-13,563,28.15,0.15140962041467088,0.09573709058482856
none_moving,0,121,7359,364.90909090909093,2.476373000817919e-13,1.5598194597942815e-13,563,27.917355371900825,0.15140974557376283,0.09573717054971281
none_moving,0,122,7420,364.91803278688525,8.706365504705074e-13,5.525345244545463e-13,563,27.688524590163933,0.15140977060558086,0.09573718654269045
none_moving,0,123,7481,364.92682926829275,4.806036755980354e-13,3.042328959988506e-13,563,27.463414634146343,0.15140977561194432,0.0957371897412849
none_moving,0,124,7542,364.93548387096774,2.962355318623554e-13,1.8936054546801955e-13,563,27.241935483870964,0.15140977661321695,0.09573719038100437
none_moving,0,125,7603,364.94399999999996,4.645554373794828e-13,2.947578475394686e-13,563,27.023999999999997,0.15140977681347184,0.09573719050894873
none_moving,0,126,7664,364.9523809523809,1.256733232767793e-13,7.903232706731357e-14,569,27.095238095238095,0.15140977685352267,0.09573719053453744
none_moving,0,127,7725,364.96062992125985,2.392456584880659e-13,1.5275469148687493e-13,586,27.68503937007874,0.0919798531656576,0.05808287152974937
none_moving,0,128,7786,364.96875,2.0746999991066636e-13,1.334637630387543e-13,586,27.46875,0.14062859133372388,0.08888417007233682
none_moving,0,129,7847,364.9767441860466,4.760503763803704e-14,3.231914370340016e-14,586,27.255813953488374,0.1503588983088622,0.09506172427776069
none_moving,0,130,7908,364.9846153846154,1.4845550915302397e-13,9.573417075928981e-14,586,27.04615384615385,0.1523049677775277,0.0962972239334903
none_moving,0,131,7969,364.99236641221376,7.447893738053135e-14,4.859379875269802e-14,586,26.839694656488554,0.15269418192519982,0.09654432340689595
none_moving,0,132,8030,364.99999999999994,5.448741154431249e-14,3.599106437505682e-14,586,26.636363636363633,0.15277202476438412,0.09659374328319442
none_moving,0,133,8091,365.0075187969925,7.781730505965914e-14,5.0625343701797174e-14,586,26.43609022556391,0.15278759333260294,0.09660362725771891
none_moving,0,134,8152,365.01492537313436,1.8539328369841094e-14,1.389143683078237e-14,586,26.238805970149254,0.1527907070462623,0.096605604052594
none_moving,0,135,8213,365.0222222222222,4.169049331050732e-14,2.904468772129371e-14,586,26.044444444444444,0.1527913297889946,0.09660599941156808
none_moving,0,136,8274,365.02941176470586,3.3992991247722494e-14,2.328202147858134e-14,586,25.85294117647059,0.1527914543375403,0.09660607848336214
none_moving,0,137,8335,365.036496350365,1.013068624374744e-14,7.768178148165013e-15,586,25.66423357664234,0.15279147924725003,0.09660609429772124
none_moving,0,138,8396,365.0434782608696,2.4713075745890217e-14,1.7222373868383193e-14,586,25.47826086956522,0.15279148422919187,0.09660609746059255
none_moving,0,139,8457,365.0503597122302,1.1883017379208074e-14,8.531931180528449e-15,586,25.294964028776977,0.15279148522558014,0.09660609809316764
none_moving,0,140,8518,365.0571428571428,1.0621069129169845e-14,7.82610117465031e-15,586,25.114285714285714,0.15279148542485838,0.0966060982196822
none_moving,0,141,8579,365.063829787234,1.2158640287401286e-14,8.794687049049546e-15,592,25.19148936170213,0.15279148546471358,0.09660609824498516
none_moving,0,142,8640,365.07042253521126,5.254534392573277e-15,4.9098490836052774e-15,609,25.732394366197184,0.0911063768055457,0.05742447353729898
none_moving,0,143,8701,365.0769230769231,8.743032752764687e-15,7.412860167044508e-15,609,25.552447552447553,0.1398893134666694,0.08826678101214755
none_moving,0,144,8762,365.08333333333337,5.9514581947975935e-15,5.012585405636632e-15,609,25.375,0.14964647339599405,0.09444592231646312
none_moving,0,145,8823,365.0896551724138,3.840794049104029e-15,2.9847725424993134e-15,609,25.2,0.15159792451106285,0.09568176441811474
none_moving,0,146,8884,365.09589041095893,5.817399146868075e-15,4.631167532770129e-15,609,25.027397260273975,0.15198821548104627,0.09592893338773055
none_moving,0,147,8945,365.1020408163265,3.618714001778642e-15,2.5604786846097296e-15,609,24.857142857142854,0.15206627370478792,0.09597836720359389
none_moving,0,148,9006,365.1081081081081,4.476278252366993e-15,3.9038140650977035e-15,609,24.689189189189186,0.1520818853507249,0.09598825396764407
none_moving,0,149,9067,365.1140939597316,4.67455314170478e-15,4.028837687908106e-15,609,24.523489932885905,0.15208500767995978,0.09599023132048987
none_moving,0,150,9128,365.12,3.736688108795262e-15,2.6595856104093903e-15,609,24.36,0.1520856321458083,0.09599062679105866
none_moving,0,151,9189,365.12582781456956,3.563798615811266e-15,2.294025158699692e-15,609,24.198675496688743,0.15208575703897875,0.09599070588517332
none_moving,0,152,9250,365.13157894736844,3.3351070093201305e-15,2.042810365310288e-15,609,24.039473684210527,0.15208578201761214,0.09599072170399574
none_moving,0,153,9311,365.13725490196083,3.5080236774354565e-15,2.173562303919814e-15,609,23.88235294117647,0.15208578701333914,0.09599072486776078
none_moving,0,154,9372,365.1428571428571,4.213000162292041e-15,3.2763608555084927e-15,609,23.727272727272723,0.15208578801248426,0.09599072550051398
none_moving,0,155,9433,365.1483870967742,3.991865514451162e-15,2.83227164565843e-15,609,23.574193548387093,0.15208578821231342,0.0959907256270642
none_moving,0,156,9494,365.15384615384613,3.7048859295321906e-15,2.5707677684393777e-15,615,23.653846153846153,0.15208578825227972,0.09599072565237492
none_moving,0,157,9555,365.1592356687898,3.574849180676073e-15,2.4868995751603505e-15,632,24.15286624203822,0.09152518907593127,0.05772408945996423
none_moving,0,158,9616,365.1645569620253,3.2994363900596664e-15,1.9539925233402757e-15,632,24,0.14023754624199444,0.08847546355256872
none_moving,0,159,9677,365.1698113207547,3.4854638056367166e-15,2.3828430006697048e-15,632,23.849056603773587,0.14997973320316565,0.09463150776514109
none_moving,0,160,9738,365.175,4.1753833363398335e-15,3.2763608555084927e-15,632,23.700000000000003,0.1519281582190538,0.09586270341356637
none_moving,0,161,9799,365.1801242236025,4.108725273333525e-15,3.0099073295984553e-15,632,23.552795031055904,0.15231784272228438,0.0961089420131503
none_moving,0,162,9860,365.18518518518516,3.7261175413410954e-15,2.466711193948732e-15,632,23.40740740740741,0.15239577960289724,0.0961581897118485
none_moving,0,163,9921,365.19018404907973,3.5080236774354565e-15,2.3092638912203257e-15,632,23.263803680981596,0.15241136697821733,0.09616803925073861
none_moving,0,164,9982,365.1951219512195,3.393724976515742e-15,1.9539925233402757e-15,632,23.121951219512194,0.15241448445324943,0.09617000915848212
none_moving,0,165,10043,365.2,3.2512668500080947e-15,1.7763568394002505e-15,632,22.981818181818184,0.1524151079482547,0.09617040314002892
none_moving,0,166,10104,365.2048192771084,3.2754401705733782e-15,1.7763568394002505e-15,632,22.843373493975903,0.15241523264725604,0.09617048193633874
none_moving,0,167,10165,365.20958083832335,3.2023728339893768e-15,1.5987211554602255e-15,632,22.70658682634731,0.15241525758705587,0.09617049769560035
none_moving,0,168,10226,365.2142857142857,4.259554063523935e-15,3.3651786974785053e-15,632,22.571428571428573,0.15241526257501545,0.09617050084745268
none_moving,0,169,10287,365.21893491124257,4.011578550459736e-15,2.83227164565843e-15,632,22.437869822485208,0.15241526357260798,0.09617050147782358
none_moving,0,170,10348,365.2235294117647,3.618714001778642e-15,2.2154964005593277e-15,632,22.305882352941175,0.1524152637721263,0.09617050160389837
none_moving,0,171,10409,365.22807017543863,3.4854638056367166e-15,2.3092638912203257e-15,638,22.3859649122807,0.15241526381203,0.09617050162911192
none_moving,0,172,10470,365.2325581395349,3.3232593448441795e-15,1.9539925233402757e-15,655,22.848837209302324,0.0913170814309585,0.057564933561231865
none_moving,0,173,10531,365.2369942196531,3.2512668500080947e-15,1.7763568394002505e-15,655,22.716763005780347,0.14007175343425757,0.08833029401771615
none_moving,0,174,10592,365.2413793103449,4.1469467965984395e-15,3.18754301353848e-15,655,22.586206896551726,0.14982304112940317,0.09448730290136649
none_moving,0,175,10653,365.2457142857143,4.011578550459736e-15,2.83227164565843e-15,655,22.45714285714286,0.1517733125155195,0.09571871789551914
none_moving,0,176,10714,365.25000000000006,3.618714001778642e-15,2.2154964005593277e-15,655,22.329545454545457,0.15216336734516445,0.09596500142165629
none_moving,0,177,10775,365.2542372881356,3.4399002279594067e-15,2.1316282072803005e-15,655,22.203389830508474,0.15224137833317905,0.09601425814796599
none_moving,0,178,10836,365.25842696629206,3.2754401705733782e-15,1.7763568394002505e-15,655,22.078651685393258,0.1522569805316653,0.09602410949407006
none_moving,0,179,10897,365.2625698324022,3.2512668500080947e-15,1.7763568394002505e-15,655,21.955307262569832,0.15226010097139847,0.09602607976332593
none_moving,0,180,10958,365.26666666666665,4.1469467965984395e-15,3.18754301353848e-15,655,21.833333333333332,0.15226072505934596,0.09602647381717852
none_moving,0,181,11019,365.27071823204426,4.011578550459736e-15,2.83227164565843e-15,655,21.712707182320443,0.15226084987693603,0.09602655262794926
none_moving,0,182,11080,365.2747252747253,3.618714001778642e-15,2.2154964005593277e-15,655,21.593406593406595,0.1522608748404541,0.09602656839010269
none_moving,0,183,11141,365.27868852459017,3.4854638056367166e-15,2.3092638912203257e-15,655,21.475409836065577,0.1522608798331568,0.09602657154253345
none_moving,0,184,11202,365.2826086956522,3.3232593448441795e-15,1.9539925233402757e-15,655,21.35869565217391,0.1522608808316977,0.09602657217301958
none_moving,0,185,11263,365.28648648648647,3.2512668500080947e-15,1.7763568394002505e-15,655,21.243243243243242,0.15226088103140653,0.09602657229911607
none_moving,0,186,11324,365.2903225806452,4.1469467965984395e-15,3.18754301353848e-15,661,21.32258064516129,0.15226088107134805,0.09602657232433552
none_moving,0,187,11385,365.29411764705884,4.165926057296536e-15,3.18754301353848e-15,678,21.754010695187166,0.09141498152466523,0.057631347065438196
none_moving,0,188,11446,365.2978723404255,3.618714001778642e-15,2.2154964005593277e-15,678,21.638297872340424,0.1401415108785282,0.08836052629146661
none_moving,0,189,11507,365.30158730158735,3.4399002279594067e-15,2.1316282072803005e-15,678,21.523809523809522,0.14988647478287526,0.09450816005726334
none_moving,0,190,11568,365.30526315789473,3.462756959325817e-15,2.1316282072803005e-15,678,21.410526315789475,0.15183545378597357,0.09573767334001664
none_moving,0,191,11629,365.3089005235603,3.2023728339893768e-15,1.5987211554602255e-15,678,21.298429319371728,0.1522252490349087,0.09598357545680705
none_moving,0,192,11690,365.3125,3.2512668500080947e-15,1.7763568394002505e-15,678,21.187499999999996,0.1523032080626241,0.09603275585856814
none_moving,0,193,11751,365.31606217616576,3.2754401705733782e-15,1.7763568394002505e-15,678,21.077720207253883,0.15231879986728358,0.09604259193805555
none_moving,0,194,11812,365.319587628866,4.2223520054579615e-15,3.18754301353848e-15,678,20.969072164948454,0.15232191822818086,0.09604455915391923
none_moving,0,195,11873,365.3230769230769,3.991865514451162e-15,2.83227164565843e-15,678,20.861538461538462,0.15232254190035874,0.09604495259709032
none_moving,0,196,11934,365.32653061224494,3.683531942280588e-15,2.393132084499353e-15,678,20.755102040816325,0.15232266663479435,0.09604503128572495
none_moving,0,197,11995,365.3299492385787,3.4399002279594067e-15,2.1316282072803005e-15,678,20.6497461928934,0.1523226915816811,0.09604504702345074
none_moving,0,198,12056,365.3333333333333,3.2994363900596664e-15,1.9539925233402757e-15,678,20.545454545454547,0.15232269657105837,0.09604505017099632
none_moving,0,199,12117,365.3366834170854,3.3232593448441795e-15,1.9539925233402757e-15,678,20.44221105527638,0.1523226975689342,0.09604505080050642
none_moving,0,200,12178,365.34,4.108725273333525e-15,3.0099073295984553e-15,678,20.34,0.15232269776850987,0.09604505092640726
none_moving,0,201,12239,365.34328358208955,3.991865514451162e-15,2.83227164565843e-15,684,20.417910447761194,0.15232269780842414,0.09604505095158793
none_moving,0,202,12300,365.34653465346537,3.683531942280588e-15,2.393132084499353e-15,701,20.82178217821782,0.0913706384072794,0.05759813416716768
none_moving,0,203,12361,365.34975369458124,3.393724976515742e-15,1.9539925233402757e-15,701,20.719211822660096,0.14011780728137355,0.08833857785692986
none_moving,0,204,12422,365.3529411764706,3.2512668500080947e-15,1.7763568394002505e-15,701,20.61764705882353,0.149867579349818,0.09448825813901933
none_moving,0,205,12483,365.3560975609756,3.3232593448441795e-15,1.9539925233402757e-15,701,20.517073170731706,0.15181754724686877,0.09571820728416709
none_moving,0,206,12544,365.35922330097094,4.108725273333525e-15,3.0099073295984553e-15,701,20.41747572815534,0.15220754136528614,0.09596419763607832
none_moving,0,207,12605,365.3623188405797,3.991865514451162e-15,2.83227164565843e-15,701,20.31884057971014,0.15228554021052704,0.09601339572737001
none_moving,0,208,12666,365.3653846153846,3.683531942280588e-15,2.393132084499353e-15,701,20.221153846153843,0.1523011399804378,0.09602323534646509
none_moving,0,209,12727,365.36842105263156,3.4399002279594067e-15,2.1316282072803005e-15,701,20.124401913875595,0.15230425993445398,0.09602520327031652
none_moving,0,210,12788,365.37142857142857,3.2994363900596664e-15,1.9539925233402757e-15,701,20.02857142857143,0.15230488392525907,0.09602559685508971
none_moving,0,211,12849,365.37440758293843,3.3232593448441795e-15,1.9539925233402757e-15,701,19.933649289099524,0.15230500872341998,0.0960256755720432
none_moving,0,212,12910,365.37735849056605,4.108725273333525e-15,3.0099073295984553e-15,701,19.839622641509433,0.15230503368305193,0.09602569131543517
none_moving,0,213,12971,365.38028169014086,4.1469467965984395e-15,3.18754301353848e-15,701,19.746478873239436,0.15230503867497838,0.09602569446411309
none_moving,0,214,13032,365.38317757009344,3.683531942280588e-15,2.393132084499353e-15,701,19.654205607476634,0.1523050396733635,0.09602569509384787
none_moving,0,215,13093,365.38604651162785,3.393724976515742e-15,1.9539925233402757e-15,701,19.562790697674416,0.1523050398730408,0.0960256952197948
none_moving,0,216,13154,365.3888888888889,3.4399002279594067e-15,2.1316282072803005e-15,707,19.63888888888889,0.15230503991297648,0.09602569524498526
none_moving,0,217,13215,365.39170506912444,3.2754401705733782e-15,1.7763568394002505e-15,724,20.018433179723505,0.09138764734324348,0.05760699288013803
none_moving,0,218,13276,365.39449541284404,3.2023728339893768e-15,1.5987211554602255e-15,724,19.926605504587158,0.14011761190272787,0.0883272766862521
none_moving,0,219,13337,365.3972602739726,3.2512668500080947e-15,1.7763568394002505e-15,724,19.835616438356166,0.14986325862999342,0.09447174410171325
none_moving,0,220,13398,365.4,4.278033777464535e-15,3.3651786974785053e-15,724,19.745454545454546,0.15181237409210024,0.09570062403965199
none_moving,0,221,13459,365.40271493212674,3.952144471470652e-15,2.654635961718405e-15,724,19.65610859728507,0.1522021966289159,0.09594639948489975
none_moving,0,222,13520,365.40540540540536,3.66205343881779e-15,2.393132084499353e-15,724,19.56756756756757,0.15228016111405215,0.09599555455225092
none_moving,0,223,13581,365.4080717488789,3.5080236774354565e-15,2.3092638912203257e-15,724,19.47982062780269,0.152295754010191,0.09600538556485406
none_moving,0,224,13642,365.4107142857143,3.2512668500080947e-15,1.7763568394002505e-15,724,19.392857142857142,0.15229887258938296,0.09600735176733971
none_moving,0,225,13703,365.4133333333333,3.2994363900596664e-15,1.9539925233402757e-15,724,19.30666666666667,0.15229949630522005,0.09600774500783497
none_moving,0,226,13764,365.41592920353986,4.165926057296536e-15,3.18754301353848e-15,724,19.221238938053098,0.15229962104838762,0.09600782365593427
none_moving,0,227,13825,365.4185022026432,3.952144471470652e-15,2.654635961718405e-15,724,19.136563876651984,0.15229964599702164,0.09600783938555439
none_moving,0,228,13886,365.42105263157896,3.66205343881779e-15,2.393132084499353e-15,724,19.05263157894737,0.15229965098674755,0.09600784253147791
none_moving,0,229,13947,365.4235807860262,3.462756959325817e-15,2.1316282072803005e-15,724,18.96943231441048,0.152299651984693,0.0960078431606634
none_moving,0,230,14008,365.4260869565217,3.2023728339893768e-15,1.5987211554602255e-15,724,18.88695652173913,0.15229965218428215,0.09600784328650033
none_moving,0,231,14069,365.42857142857144,3.2994363900596664e-15,1.9539925233402757e-15,730,18.96103896103896,0.15229965222419992,0.09600784331166687
none_moving,0,232,14130,365.4310344827586,4.165926057296536e-15,3.18754301353848e-15,747,19.31896551724138,0.09138408257697368,0.057605734286833035
none_moving,0,233,14191,365.4334763948498,3.952144471470652e-15,2.654635961718405e-15,747,19.236051502145923,0.14012934897445106,0.08833797110658391
none_moving,0,234,14252,365.43589743589746,3.66205343881779e-15,2.393132084499353e-15,747,19.153846153846153,0.1498787394267215,0.0944851888713639
none_moving,0,235,14313,365.4382978723404,3.5080236774354565e-15,2.3092638912203257e-15,747,19.072340425531916,0.15182863097287386,0.0957146454710885
none_moving,0,236,14374,365.44067796610176,3.2512668500080947e-15,1.7763568394002505e-15,747,18.991525423728817,0.1522186098200875,0.09596053731247653
none_moving,0,237,14435,365.44303797468353,3.2994363900596664e-15,1.9539925233402757e-15,747,18.911392405063292,0.15229660561104794,0.09600971570160852
none_moving,0,238,14496,365.44537815126046,4.165926057296536e-15,3.18754301353848e-15,747,18.831932773109244,0.15231220477010046,0.0960195513802681
none_moving,0,239,14557,365.44769874476987,4.108725273333525e-15,3.0099073295984553e-15,747,18.753138075313807,0.1523153246019458,0.09602151851603472
none_moving,0,240,14618,365.45,3.66205343881779e-15,2.393132084499353e-15,747,18.675,0.1523159485683156,0.09602191194318936
none_moving,0,241,14679,365.4522821576764,3.462756959325817e-15,2.1316282072803005e-15,747,18.597510373443985,0.1523160733615898,0.09602199062861919
none_moving,0,242,14740,365.45454545454544,3.393724976515742e-15,1.9539925233402757e-15,747,18.520661157024794,0.15231609832024484,0.09602200636570558
none_moving,0,243,14801,365.45679012345676,3.2512668500080947e-15,1.7763568394002505e-15,747,18.444444444444446,0.15231610331197556,0.09602200951312326
none_moving,0,244,14862,365.45901639344265,3.2754401705733782e-15,1.7763568394002505e-15,747,18.368852459016395,0.15231610431032197,0.09602201014260692
none_moving,0,245,14923,365.46122448979594,3.2023728339893768e-15,1.5987211554602255e-15,747,18.29387755102041,0.15231610450999114,0.09602201026850334
none_moving,0,246,14984,365.4634146341464,4.259554063523935e-15,3.3651786974785053e-15,753,18.365853658536587,0.15231610454992522,0.09602201029368315
none_moving,0,247,15045,365.46558704453446,4.011578550459736e-15,2.83227164565843e-15,770,18.70445344129555,0.09138082742464185,0.057600487137037325
none_moving,0,248,15106,365.4677419354838,3.618714001778642e-15,2.2154964005593277e-15,770,18.629032258064516,0.1401116441952952,0.08831737662515622
none_moving,0,249,15167,365.4698795180723,3.4854638056367166e-15,2.3092638912203257e-15,770,18.55421686746988,0.14985746100144365,0.0944606788721557
none_moving,0,250,15228,365.472,3.3232593448441795e-15,1.9539925233402757e-15,770,18.48,0.15180661046957902,0.0956893257507467
none_moving,0,251,15289,365.47410358565736,3.2512668500080947e-15,1.7763568394002505e-15,770,18.40637450199203,0.15219643980723402,0.09593505458324145
none_moving,0,252,15350,365.4761904761905,4.1469467965984395e-15,3.18754301353848e-15,770,18.333333333333332,0.15227440565252445,0.09598420032800828
none_moving,0,253,15411,365.4782608695652,4.011578550459736e-15,2.83227164565843e-15,770,18.26086956521739,0.1522899988206922,0.09599402947609137
none_moving,0,254,15472,365.4803149606299,3.618714001778642e-15,2.2154964005593277e-15,770,18.188976377952756,0.15229311745429022,0.09599599530567403
none_moving,0,255,15533,365.4823529411765,3.4399002279594067e-15,2.1316282072803005e-15,770,18.11764705882353,0.15229374118100922,0.09599638847158913
none_moving,0,256,15594,365.484375,3.2754401705733782e-15,1.7763568394002505e-15,770,18.046875,0.152293865926352,0.09599646710477197
none_moving,0,257,15655,365.4863813229572,3.2512668500080947e-15,1.7763568394002505e-15,770,17.976653696498055,0.15229389087542092,0.09599648283140808
none_moving,0,258,15716,365.48837209302326,4.1469467965984395e-15,3.18754301353848e-15,770,17.906976744186046,0.15229389586523476,0.09599648597673531
none_moving,0,259,15777,365.4903474903475,4.011578550459736e-15,2.83227164565843e-15,770,17.83783783783784,0.15229389686319802,0.09599648660580246
none_moving,0,260,15838,365.4923076923077,3.618714001778642e-15,2.2154964005593277e-15,770,17.76923076923077,0.1522938970627894,0.09599648673161418
none_moving,0,261,15899,365.49425287356325,3.4854638056367166e-15,2.3092638912203257e-15,776,17.839080459770116,0.15229389710270846,0.09599648675677654
none_moving,0,262,15960,365.4961832061069,3.3232593448441795e-15,1.9539925233402757e-15,793,18.160305343511453,0.091387447032743,0.05760738651779124
none_moving,0,263,16021,365.4980988593155,3.2512668500080947e-15,1.7763568394002505e-15,793,18.091254752851707,0.14013223619376133,0.08833687848942144
none_moving,0,264,16082,365.5,4.1469467965984395e-15,3.18754301353848e-15,793,18.02272727272727,0.14988153110179386,0.09448325922930653
none_moving,0,265,16143,365.5018867924528,4.165926057296536e-15,3.18754301353848e-15,793,17.954716981132073,0.15183140353659483,0.09571254840908403
none_moving,0,266,16204,365.50375939849624,3.618714001778642e-15,2.2154964005593277e-15,793,17.887218045112782,0.15222137856144485,0.0959584067659676
none_moving,0,267,16265,365.50561797752806,3.4399002279594067e-15,2.1316282072803005e-15,793,17.820224719101123,0.15229937358792822,0.09600757845817864
none_moving,0,268,16326,365.5074626865671,3.462756959325817e-15,2.1316282072803005e-15,793,17.75373134328358,0.15231497259408572,0.09601741279745424
none_moving,0,269,16387,365.5092936802974,3.2023728339893768e-15,1.5987211554602255e-15,793,17.687732342007433,0.1523180923953512,0.09601937966534153
none_moving,0,270,16448,365.5111111111111,3.2512668500080947e-15,1.7763568394002505e-15,793,17.62222222222222,0.15231871635560562,0.09601977303892188
none_moving,0,271,16509,365.51291512915134,3.2754401705733782e-15,1.7763568394002505e-15,793,17.55719557195572,0.15231884114765717,0.09601985171363683
none_moving,0,272,16570,365.5147058823529,4.2223520054579615e-15,3.18754301353848e-15,793,17.49264705882353,0.15231886610606735,0.0960198674485807
none_moving,0,273,16631,365.5164835164835,3.991865514451162e-15,2.83227164565843e-15,793,17.428571428571427,0.15231887109774978,0.09601987059556924
none_moving,0,274,16692,365.5182481751825,3.683531942280588e-15,2.393132084499353e-15,793,17.364963503649637,0.1523188720960856,0.09601987122496648
none_moving,0,275,16753,365.52000000000004,3.4399002279594067e-15,2.1316282072803005e-15,793,17.30181818181818,0.15231887229575347,0.09601987135084647
none_moving,0,276,16814,365.5217391304348,3.2994363900596664e-15,1.9539925233402757e-15,799,17.369565217391308,0.15231887233568672,0.09601987137602278
none_moving,0,277,16875,365.52346570397117,3.3232593448441795e-15,1.9539925233402757e-15,816,17.67509025270758,0.0913791232746914,0.05759871367124751
none_moving,0,278,16936,365.5251798561151,4.108725273333525e-15,3.0099073295984553e-15,816,17.611510791366904,0.14011015269455135,0.0883143439815695
none_moving,0,279,16997,365.5268817204301,3.991865514451162e-15,2.83227164565843e-15,816,17.548387096774192,0.1498560119896666,0.09445722373344574
none_moving,0,280,17058,365.5285714285714,3.683531942280588e-15,2.393132084499353e-15,816,17.485714285714284,0.15180516995436216,0.09568578610389471
none_moving,0,281,17119,365.5302491103203,3.393724976515742e-15,1.9539925233402757e-15,816,17.423487544483983,0.15219500099128136,0.09593149803444441
none_moving,0,282,17180,365.531914893617,3.2512668500080947e-15,1.7763568394002505e-15,816,17.361702127659573,0.15227296717642264,0.09598064039881002
none_moving,0,283,17241,365.5335689045936,3.3232593448441795e-15,1.9539925233402757e-15,816,17.300353356890458,0.15228856041256114,0.09599046887081356
none_moving,0,284,17302,365.53521126760563,4.108725273333525e-15,3.0099073295984553e-15,816,17.239436619718308,0.1522916790597538,0.09599243456517881
none_moving,0,285,17363,365.53684210526313,3.991865514451162e-15,2.83227164565843e-15,816,17.178947368421053,0.15229230278918982,0.09599282770405174
none_moving,0,286,17424,365.53846153846155,3.683531942280588e-15,2.393132084499353e-15,816,17.118881118881117,0.1522924275350781,0.09599290633182574
none_moving,0,287,17485,365.5400696864112,3.4399002279594067e-15,2.1316282072803005e-15,816,17.05923344947735,0.15229245248425521,0.0959929220573809
none_moving,0,288,17546,365.5416666666667,3.2994363900596664e-15,1.9539925233402757e-15,816,17,0.15229245747409054,0.0959929252024919
none_moving,0,289,17607,365.54325259515576,3.3232593448441795e-15,1.9539925233402757e-15,816,16.941176470588236,0.15229245847205783,0.09599292583151395
none_moving,0,290,17668,365.5448275862069,4.108725273333525e-15,3.0099073295984553e-15,816,16.882758620689653,0.15229245867165123,0.09599292595731848
none_moving,0,291,17729,365.5463917525774,4.1469467965984395e-15,3.18754301353848e-15,822,16.948453608247423,0.1522924587115697,0.09599292598247755
none_moving,0,292,17790,365.5479452054795,3.683531942280588e-15,2.393132084499353e-15,839,17.239726027397264,0.0913882883357481,0.057607712393782665
none_moving,0,293,17851,365.5494880546075,3.393724976515742e-15,1.9539925233402757e-15,839,17.18088737201365,0.14013295808084705,0.08833627488677491
none_moving,0,294,17912,365.55102040816325,3.4399002279594067e-15,2.1316282072803005e-15,839,17.122448979591837,0.1498822290952741,0.09448236861901498
none_moving,0,295,17973,365.5525423728813,3.2754401705733782e-15,1.7763568394002505e-15,839,17.064406779661017,0.15183209675106013,0.09571160039190488
none_moving,0,296,18034,365.55405405405406,3.2023728339893768e-15,1.5987211554602255e-15,839,17.006756756756758,0.1522220708200966,0.09595744726722563
none_moving,0,297,18095,365.55555555555554,3.2512668500080947e-15,1.7763568394002505e-15,839,16.94949494949495,0.15230006565541693,0.09600661666311647
none_moving,0,298,18156,365.55704697986573,4.278033777464535e-15,3.3651786974785053e-15,839,16.89261744966443,0.15231566462334176,0.09601645054312853
none_moving,0,299,18217,365.55852842809367,3.952144471470652e-15,2.654635961718405e-15,839,16.836120401337794,0.15231878441696073,0.09601841731916357
none_moving,0,300,18278,365.56,3.66205343881779e-15,2.393132084499353e-15,839,16.78,0.15231940837568625,0.09601881067437254
none_moving,0,301,18339,365.56146179402,3.5080236774354565e-15,2.3092638912203257e-15,839,16.724252491694354,0.15231953316743146,0.09601888934541422
none_moving,0,302,18400,365.5629139072848,3.2512668500080947e-15,1.7763568394002505e-15,839,16.668874172185433,0.15231955812578069,0.09601890507962371
none_moving,0,303,18461,365.56435643564356,3.2994363900596664e-15,1.9539925233402757e-15,839,16.613861386138616,0.15231956311744982,0.09601890822646351
none_moving,0,304,18522,365.5657894736842,4.165926057296536e-15,3.18754301353848e-15,839,16.55921052631579,0.15231956411578387,0.0960189088558327
none_moving,0,305,18583,365.5672131147541,3.952144471470652e-15,2.654635961718405e-15,839,16.504918032786886,0.1523195643154511,0.09601890898170601
none_moving,0,306,18644,365.56862745098044,3.66205343881779e-15,2.393132084499353e-15,845,16.568627450980394,0.1523195643553841,0.0960189090068799
none_moving,0,307,18705,365.57003257328995,3.462756959325817e-15,2.1316282072803005e-15,862,16.846905537459286,0.09137869726416603,0.05759821862033511
none_moving,0,308,18766,365.5714285714285,3.2023728339893768e-15,1.5987211554602255e-15,862,16.79220779220779,0.14010977981034203,0.08831338999512581
none_moving,0,309,18827,365.5728155339806,3.2994363900596664e-15,1.9539925233402757e-15,862,16.7378640776699,0.14985564972445697,0.09445611804802115
none_moving,0,310,18888,365.5741935483871,4.165926057296536e-15,3.18754301353848e-15,862,16.683870967741935,0.151804809812739,0.09568465007543434
none_moving,0,311,18949,365.5755627009646,3.952144471470652e-15,2.654635961718405e-15,862,16.630225080385852,0.1521946412743678,0.09593035593726576
none_moving,0,312,19010,365.57692307692304,3.66205343881779e-15,2.393132084499353e-15,862,16.576923076923077,0.15227260754445054,0.09597949708788348
none_moving,0,313,19071,365.57827476038335,3.5080236774354565e-15,2.3092638912203257e-15,862,16.523961661341854,0.15228820079757727,0.0959893253171373
none_moving,0,314,19132,365.5796178343949,3.2512668500080947e-15,1.7763568394002505e-15,862,16.471337579617835,0.15229131944816637,0.09599129096295218
none_moving,0,315,19193,365.5809523809524,3.2994363900596664e-15,1.9539925233402757e-15,862,16.41904761904762,0.15229194317828362,0.09599168409211421
none_moving,0,316,19254,365.5822784810127,4.165926057296536e-15,3.18754301353848e-15,862,16.367088607594937,0.1522920679243063,0.09599176271794768
none_moving,0,317,19315,365.58359621451103,4.108725273333525e-15,3.0099073295984553e-15,862,16.315457413249213,0.15229209287351123,0.09599177844311282
none_moving,0,318,19376,365.58490566037733,3.66205343881779e-15,2.393132084499353e-15,862,16.264150943396228,0.15229209786335224,0.09599178158814772
none_moving,0,319,19437,365.58620689655174,3.462756959325817e-15,2.1316282072803005e-15,862,16.213166144200628,0.1522920988613202,0.09599178221715271
none_moving,0,320,19498,365.58750000000003,3.393724976515742e-15,1.9539925233402757e-15,862,16.1625,0.15229209906091384,0.09599178234295443
none_moving,0,321,19559,365.588785046729,3.2512668500080947e-15,1.7763568394002505e-15,868,16.22429906542056,0.15229209910083244,0.0959917823681149
none_moving,0,322,19620,365.5900621118013,3.2754401705733782e-15,1.7763568394002505e-15,885,16.490683229813666,0.09138849864817494,0.057607763224508224
none_moving,0,323,19681,365.5913312693498,3.2023728339893768e-15,1.5987211554602255e-15,885,16.439628482972136,0.14013313852009338,0.08833600793607274
none_moving,0,324,19742,365.59259259259255,4.259554063523935e-15,3.3651786974785053e-15,885,16.38888888888889,0.14988240355843235,0.09448200261249945
none_moving,0,325,19803,365.59384615384613,4.011578550459736e-15,2.83227164565843e-15,885,16.338461538461537,0.1518322700189565,0.09571121457231827
none_moving,0,326,19864,365.5950920245399,3.618714001778642e-15,2.2154964005593277e-15,885,16.288343558282207,0.15222224384893834,0.09595705748495885
none_moving,0,327,19925,365.5963302752293,3.4854638056367166e-15,2.3092638912203257e-15,885,16.238532110091743,0.15230023863644715,0.09600622608831116
none_moving,0,328,19986,365.5975609756097,3.3232593448441795e-15,1.9539925233402757e-15,885,16.1890243902439,0.15231583759480974,0.09601605980981423
none_moving,0,329,20047,365.5987841945289,3.2512668500080947e-15,1.7763568394002505e-15,885,16.13981762917933,0.15231895738651696,0.09601802655414862
none_moving,0,330,20108,365.59999999999997,4.1469467965984395e-15,3.18754301353848e-15,885,16.09090909090909,0.15231958134485996,0.09601841990301681
none_moving,0,331,20169,365.60120845921455,4.011578550459736e-15,2.83227164565843e-15,885,16.042296072507554,0.15231970613652848,0.09601849857279109
none_moving,0,332,20230,365.6024096385542,3.618714001778642e-15,2.2154964005593277e-15,885,15.993975903614459,0.15231973109486177,0.09601851430674553
none_moving,0,333,20291,365.6036036036036,3.4399002279594067e-15,2.1316282072803005e-15,885,15.945945945945946,0.15231973608652902,0.09601851745353782
none_moving,0,334,20352,365.6047904191617,3.2754401705733782e-15,1.7763568394002505e-15,885,15.898203592814372,0.15231973708486227,0.0960185180828949
none_moving,0,335,20413,365.6059701492537,3.2512668500080947e-15,1.7763568394002505e-15,885,15.850746268656717,0.15231973728452936,0.09601851820876588
none_moving,0,336,20474,365.6071428571429,4.1469467965984395e-15,3.18754301353848e-15,891,15.910714285714286,0.15231973732446188,0.0960185182339395
none_moving,0,337,20535,365.6083086053413,4.011578550459736e-15,2.83227164565843e-15,908,16.166172106824927,0.09137859073800277,0.05759807669383745
none_moving,0,338,20596,365.60946745562126,3.618714001778642e-15,2.2154964005593277e-15,908,16.11834319526627,0.14010968655037143,0.0883130827207516
none_moving,0,339,20657,365.6106194690265,3.4854638056367166e-15,2.3092638912203257e-15,908,16.07079646017699,0.14985555911650858,0.09445575666861601
none_moving,0,340,20718,365.61176470588236,3.3232593448441795e-15,1.9539925233402757e-15,908,16.023529411764706,0.15180471973515025,0.0956842778738767
none_moving,0,341,20779,365.61290322580646,3.2512668500080947e-15,1.7763568394002505e-15,908,15.976539589442813,0.15219455130284854,0.09592998157123658
none_moving,0,342,20840,365.6140350877193,4.1469467965984395e-15,3.18754301353848e-15,908,15.929824561403509,0.15227251759414537,0.09597912228895922
none_moving,0,343,20901,365.6151603498542,4.165926057296536e-15,3.18754301353848e-15,908,15.88338192419825,0.1522881108515147,0.09598895043163243
none_moving,0,344,20962,365.6162790697674,3.618714001778642e-15,2.2154964005593277e-15,908,15.837209302325581,0.1522912295029532,0.09599091606013312
none_moving,0,345,21023,365.61739130434785,3.4399002279594067e-15,2.1316282072803005e-15,908,15.791304347826086,0.1522918532332393,0.09599130918583214
none_moving,0,346,21084,365.6184971098266,3.462756959325817e-15,2.1316282072803005e-15,908,15.745664739884393,0.15229197797929636,0.09599138781097223
none_moving,0,347,21145,365.61959654178673,3.2023728339893768e-15,1.5987211554602255e-15,908,15.70028818443804,0.15229200292850845,0.0959914035360002
none_moving,0,348,21206,365.6206896551724,3.2512668500080947e-15,1.7763568394002505e-15,908,15.655172413793103,0.15229200791835035,0.09599140668100474
none_moving,0,349,21267,365.621776504298,3.2754401705733782e-15,1.7763568394002505e-15,908,15.61031518624642,0.15229200891631872,0.0959914073100064
none_moving,0,350,21328,365.6228571428572,4.2223520054579615e-15,3.18754301353848e-15,908,15.565714285714286,0.15229200911591262,0.09599140743580681
none_moving,0,351,21389,365.62393162393164,3.991865514451162e-15,2.83227164565843e-15,914,15.623931623931625,0.15229200915583155,0.09599140746096688
none_moving,0,352,21450,365.625,3.683531942280588e-15,2.393132084499353e-15,931,15.869318181818182,0.09138855120019618,0.05760776516151933
none_moving,0,353,21511,365.62606232294615,3.4399002279594067e-15,2.1316282072803005e-15,931,15.824362606232292,0.14013318358925772,0.08833590043259065
none_moving,0,354,21572,365.62711864406776,3.2994363900596664e-15,1.9539925233402757e-15,931,15.77966101694915,0.14988244713077206,0.09448186075638938
none_moving,0,355,21633,365.6281690140845,3.3232593448441795e-15,1.9539925233402757e-15,931,15.735211267605631,0.15183231329192154,0.09571106584500455
none_moving,0,356,21694,365.6292134831461,4.108725273333525e-15,3.0099073295984553e-15,931,15.691011235955054,0.15222228706202787,0.09595690738338171
none_moving,0,357,21755,365.6302521008403,3.991865514451162e-15,2.83227164565843e-15,931,15.64705882352941,0.15230028183756222,0.09600607571188038
none_moving,0,358,21816,365.6312849162011,3.683531942280588e-15,2.393132084499353e-15,931,15.60335195530726,0.15231588079352934,0.09601590937841209
none_moving,0,359,21877,365.63231197771586,3.393724976515742e-15,1.9539925233402757e-15,931,15.559888579387186,0.15231900058475759,0.09601787611175273
none_moving,0,360,21938,365.6333333333334,3.2512668500080947e-15,1.7763568394002505e-15,931,15.516666666666666,0.1523196245430045,0.09601826945842154
none_moving,0,361,21999,365.63434903047096,3.3232593448441795e-15,1.9539925233402757e-15,931,15.473684210526315,0.15231974933465392,0.09601834812775581
none_moving,0,362,22060,365.63535911602213,4.108725273333525e-15,3.0099073295984553e-15,931,15.430939226519337,0.15231977429298374,0.09601836386162248
none_moving,0,363,22121,365.6363636363636,3.991865514451162e-15,2.83227164565843e-15,931,15.388429752066115,0.1523197792846497,0.096018367008396
none_moving,0,364,22182,365.6373626373626,3.683531942280588e-15,2.393132084499353e-15,931,15.346153846153847,0.1523197802829833,0.09601836763774996
none_moving,0,365,22243,365.6383561643836,3.4399002279594067e-15,2.1316282072803005e-15,931,15.304109589041095,0.15231978048264916,0.09601836776362145
none_moving,0,366,22304,365.63934426229514,3.2994363900596664e-15,1.9539925233402757e-15,937,15.360655737704919,0.15231978052258285,0.09601836778879579
none_moving,0,367,22365,365.64032697547685,3.3232593448441795e-15,1.9539925233402757e-15,954,15.59673024523161,0.09137856407973437,0.057598034822794665
none_moving,0,368,22426,365.64130434782606,4.108725273333525e-15,3.0099073295984553e-15,954,15.554347826086957,0.14010966319426,0.08831298173523464
none_moving,0,369,22487,365.64227642276416,4.1469467965984395e-15,3.18754301353848e-15,954,15.512195121951219,0.14985553642055818,0.09445563647417311
none_moving,0,370,22548,365.64324324324326,3.683531942280588e-15,2.393132084499353e-15,954,15.470270270270271,0.15180469717122197,0.09568415383724538
none_moving,0,371,22609,365.644204851752,3.393724976515742e-15,1.9539925233402757e-15,954,15.428571428571429,0.15219452876532438,0.09592985676615283
none_moving,0,372,22670,365.64516129032256,3.4399002279594067e-15,2.1316282072803005e-15,954,15.387096774193548,0.15227249506190177,0.09597899733018424
none_moving,0,373,22731,365.6461126005362,3.2754401705733782e-15,1.7763568394002505e-15,954,15.345844504021448,0.15228808832032753,0.09598882544212092
none_moving,0,374,22792,365.6470588235294,3.2023728339893768e-15,1.5987211554602255e-15,954,15.304812834224599,0.1522912069719775,0.09599079106447259
none_moving,0,375,22853,365.648,3.2512668500080947e-15,1.7763568394002505e-15,954,15.264000000000001,0.15229183070230598,0.09599118418894215
none_moving,0,376,22914,365.6489361702128,4.278033777464535e-15,3.3651786974785053e-15,954,15.22340425531915,0.15229195544837182,0.09599126281383608
none_moving,0,377,22975,365.64986737400534,3.952144471470652e-15,2.654635961718405e-15,954,15.183023872679046,0.152291980397584,0.09599127853881548
none_moving,0,378,23036,365.6507936507937,3.66205343881779e-15,2.393132084499353e-15,954,15.142857142857144,0.15229198538742691,0.09599128168380947
none_moving,0,379,23097,365.6517150395778,3.5080236774354565e-15,2.3092638912203257e-15,954,15.102902374670187,0.15229198638539568,0.09599128231281001
none_moving,0,380,23158,365.6526315789474,3.2512668500080947e-15,1.7763568394002505e-15,954,15.063157894736843,0.15229198658498883,0.09599128243860855
none_moving,0,381,23219,365.65354330708664,3.2994363900596664e-15,1.9539925233402757e-15,960,15.118110236220474,0.15229198662490795,0.09599128246376873
none_moving,0,382,23280,365.65445026178014,4.165926057296536e-15,3.18754301353848e-15,977,15.345549738219896,0.09138856431130495,0.0576077618526436
none_moving,0,383,23341,365.6553524804177,3.952144471470652e-15,2.654635961718405e-15,977,15.305483028720626,0.14013319481527853,0.08833585922567269
none_moving,0,384,23402,365.65624999999994,3.66205343881779e-15,2.393132084499353e-15,977,15.265625,0.14988245797972183,0.09448180759322017
none_moving,0,385,23463,365.65714285714284,3.462756959325817e-15,2.1316282072803005e-15,977,15.225974025974025,0.15183232406545505,0.09571101029034626
none_moving,0,386,23524,365.6580310880829,3.2023728339893768e-15,1.5987211554602255e-15,977,15.186528497409327,0.15222229782047814,0.09595685135041629
none_moving,0,387,23585,365.65891472868213,3.2994363900596664e-15,1.9539925233402757e-15,977,15.147286821705427,0.1523002925929959,0.09600601958325387
none_moving,0,388,23646,365.659793814433,4.165926057296536e-15,3.18754301353848e-15,977,15.108247422680412,0.1523158915483604,0.0960158532306539
none_moving,0,389,23707,365.6606683804627,3.952144471470652e-15,2.654635961718405e-15,977,15.069408740359897,0.15231901133946713,0.09601781996016781
none_moving,0,390,23768,365.6615384615385,3.66205343881779e-15,2.393132084499353e-15,977,15.03076923076923,0.15231963529769024,0.09601821330607015
none_moving,0,391,23829,365.66240409207165,3.5080236774354565e-15,2.3092638912203257e-15,977,14.992327365728901,0.15231976008933518,0.09601829197525272
none_moving,0,392,23890,365.66326530612247,3.2512668500080947e-15,1.7763568394002505e-15,977,14.954081632653063,0.15231978504766377,0.09601830770908784
none_moving,0,393,23951,365.6641221374046,3.2994363900596664e-15,1.9539925233402757e-15,977,14.916030534351146,0.15231979003933,0.09601831085585724
none_moving,0,394,24012,365.66497461928935,4.165926057296536e-15,3.18754301353848e-15,977,14.878172588832488,0.15231979103766277,0.09601831148520915
none_moving,0,395,24073,365.6658227848102,4.108725273333525e-15,3.0099073295984553e-15,977,14.840506329113925,0.15231979123732967,0.09601831161107988
none_moving,0,396,24134,365.6666666666667,3.66205343881779e-15,2.393132084499353e-15,983,14.893939393939394,0.1523197912772629,0.09601831163625392
none_moving,0,397,24195,365.66750629722924,3.462756959325817e-15,2.1316282072803005e-15,1000,15.113350125944585,0.09137855738823428,0.0575980221004246
none_moving,0,398,24256,365.6683417085427,3.393724976515742e-15,1.9539925233402757e-15,1000,15.07537688442211,0.1401096573139339,0.0883129479862027
none_moving,0,399,24317,365.66917293233075,3.2512668500080947e-15,1.7763568394002505e-15,1000,15.037593984962406,0.14985553070240415,0.09445559592636307
none_moving,0,400,24378,365.67,3.2754401705733782e-15,1.7763568394002505e-15,1000,15,0.15180469148549913,0.09568411192953405
none_moving,0,401,24439,365.6708229426434,3.2023728339893768e-15,1.5987211554602255e-15,1000,14.962593516209475,0.15219452308608802,0.0959298145864591
none_moving,0,402,24500,365.67164179104475,4.259554063523935e-15,3.3651786974785053e-15,1000,14.925373134328359,0.152272489383963,0.09597895509609201
none_moving,0,403,24561,365.67245657568236,4.011578550459736e-15,2.83227164565843e-15,1000,14.88833746898263,0.15228808264264768,0.0959887831971486
none_moving,0,404,24622,365.6732673267326,3.618714001778642e-15,2.2154964005593277e-15,1000,14.851485148514852,0.1522912012943489,0.09599074881732449
none_moving,0,405,24683,365.6740740740741,3.4854638056367166e-15,2.3092638912203257e-15,1000,14.814814814814815,0.15229182502468777,0.095991141941359
none_moving,0,406,24744,365.67487684729065,3.3232593448441795e-15,1.9539925233402757e-15,1000,14.77832512315271,0.15229194977075564,0.09599122056616555
none_moving,0,407,24805,365.6756756756757,3.2512668500080947e-15,1.7763568394002505e-15,1000,14.742014742014742,0.15229197471996916,0.09599123629112742
none_moving,0,408,24866,365.6764705882353,4.1469467965984395e-15,3.18754301353848e-15,1000,14.705882352941178,0.15229197970981206,0.09599123943612019
none_moving,0,409,24927,365.67726161369194,4.011578550459736e-15,2.83227164565843e-15,1000,14.66992665036675,0.15229198070778036,0.09599124006511807
none_moving,0,410,24988,365.67804878048787,3.618714001778642e-15,2.2154964005593277e-15,1000,14.634146341463415,0.1522919809073742,0.09599124019091776
none_moving,0,411,25049,365.6788321167883,3.4399002279594067e-15,2.1316282072803005e-15,1006,14.686131386861314,0.15229198094729296,0.09599124021607773
none_moving,0,412,25110,365.67961165048547,3.2754401705733782e-15,1.7763568394002505e-15,1023,14.898058252427186,0.0913885675621334,0.057607759682492675
none_moving,0,413,25171,365.68038740920093,3.2512668500080947e-15,1.7763568394002505e-15,1023,14.861985472154963,0.14013319758045942,0.08833584387496125
none_moving,0,414,25232,365.6811594202898,4.1469467965984395e-15,3.18754301353848e-15,1023,14.826086956521738,0.14988246064776098,0.09448178806962317
none_moving,0,415,25293,365.6819277108434,4.011578550459736e-15,2.83227164565843e-15,1023,14.790361445783132,0.1518323267140658,0.09571098993208929
none_moving,0,416,25354,365.6826923076923,3.618714001778642e-15,2.2154964005593277e-15,1023,14.754807692307692,0.15222230046520324,0.095956830825223
none_moving,0,417,25415,365.68345323741005,3.4854638056367166e-15,2.3092638912203257e-15,1023,14.719424460431654,0.1523002952369439,0.09600599902467344
none_moving,0,418,25476,365.6842105263158,3.3232593448441795e-15,1.9539925233402757e-15,1023,14.68421052631579,0.15231589419215194,0.09601583266539683
none_moving,0,419,25537,365.6849642004773,3.2512668500080947e-15,1.7763568394002505e-15,1023,14.649164677804295,0.15231901398322867,0.09601779939357494
none_moving,0,420,25598,365.6857142857143,4.1469467965984395e-15,3.18754301353848e-15,1023,14.614285714285714,0.15231963794144482,0.09601819273921211
none_moving,0,421,25659,365.68646080760095,4.165926057296536e-15,3.18754301353848e-15,1023,14.579572446555819,0.1523197627330886,0.09601827140833996
none_moving,0,422,25720,365.6872037914692,3.618714001778642e-15,2.2154964005593277e-15,1023,14.545023696682465,0.15231978769141727,0.09601828714216482
none_moving,0,423,25781,365.68794326241135,3.4399002279594067e-15,2.1316282072803005e-15,1023,14.51063829787234,0.152319792683083,0.09601829028892934
none_moving,0,424,25842,365.688679245283,3.462756959325817e-15,2.1316282072803005e-15,1023,14.476415094339623,0.1523197936814159,0.09601829091828268
none_moving,0,425,25903,365.68941176470594,3.2023728339893768e-15,1.5987211554602255e-15,1023,14.442352941176472,0.1523197938810828,0.0960182910441534
none_moving,0,426,25964,365.69014084507046,3.2512668500080947e-15,1.7763568394002505e-15,1029,14.492957746478874,0.1523197939210159,0.09601829106932738
none_moving,0,427,26025,365.6908665105387,3.2754401705733782e-15,1.7763568394002505e-15,1046,14.697892271662763,0.09137855568841323,0.05759801811714114
none_moving,0,428,26086,365.6915887850467,4.2223520054579615e-15,3.18754301353848e-15,1046,14.663551401869157,0.14010965580253776,0.0883129365465041
none_moving,0,429,26147,365.6923076923076,3.991865514451162e-15,2.83227164565843e-15,1046,14.629370629370628,0.14985552922867704,0.09445558208474022
none_moving,0,430,26208,365.69302325581396,3.683531942280588e-15,2.393132084499353e-15,1046,14.5953488372093,0.15180469001930622,0.09568409760747817
none_moving,0,431,26269,365.6937354988399,3.4399002279594067e-15,2.1316282072803005e-15,1046,14.561484918793502,0.15219452162140135,0.09592980016831312
none_moving,0,432,26330,365.69444444444446,3.2994363900596664e-15,1.9539925233402757e-15,1046,14.527777777777777,0.1522724879195779,0.09597894065872996
none_moving,0,433,26391,365.69515011547344,3.3232593448441795e-15,1.9539925233402757e-15,1046,14.494226327944572,0.15228808117832346,0.09598876875594298
none_moving,0,434,26452,365.69585253456216,4.108725273333525e-15,3.0099073295984553e-15,1046,14.460829493087557,0.15229119983003608,0.0959907343753495
none_moving,0,435,26513,365.696551724138,3.991865514451162e-15,2.83227164565843e-15,1046,14.427586206896551,0.15229182356037738,0.0959911274992303
none_moving,0,436,26574,365.69724770642205,3.683531942280588e-15,2.393132084499353e-15,1046,14.394495412844035,0.15229194830644582,0.09599120612400641
none_moving,0,437,26635,365.6979405034325,3.393724976515742e-15,1.9539925233402757e-15,1046,14.361556064073225,0.15229197325565932,0.09599122184896106
none_moving,0,438,26696,365.6986301369863,3.2512668500080947e-15,1.7763568394002505e-15,1046,14.32876712328767,0.15229197824550192,0.09599122499395271
none_moving,0,439,26757,365.6993166287016,3.3232593448441795e-15,1.9539925233402757e-15,1046,14.296127562642369,0.15229197924347093,0.09599122562295108
none_moving,0,440,26818,365.70000000000005,4.108725273333525e-15,3.0099073295984553e-15,1046,14.263636363636364,0.15229197944306466,0.09599122574875074
none_moving,0,441,26879,365.70068027210885,3.991865514451162e-15,2.83227164565843e-15,1052,14.312925170068029,0.1522919794829834,0.09599122577391063
none_moving,0,442,26940,365.70135746606337,3.683531942280588e-15,2.393132084499353e-15,1069,14.511312217194572,0.09138856834788744,0.057607758657382636
none_moving,0,443,27001,365.70203160270876,3.4399002279594067e-15,2.1316282072803005e-15,1069,14.478555304740405,0.14013319823042467,0.08833583824752535
none_moving,0,444,27062,365.70270270270265,3.2994363900596664e-15,1.9539925233402757e-15,1069,14.445945945945946,0.14988246127056526,0.09448178098211071
none_moving,0,445,27123,365.70337078651687,3.3232593448441795e-15,1.9539925233402757e-15,1069,14.413483146067415,0.15183232733143764,0.09571098255253144
none_moving,0,446,27184,365.70403587443946,4.108725273333525e-15,3.0099073295984553e-15,1069,14.38116591928251,0.1522223010814884,0.09595682338725561
none_moving,0,447,27245,365.7046979865772,4.1469467965984395e-15,3.18754301353848e-15,1069,14.348993288590604,0.1523002958530122,0.0960059915750243
none_moving,0,448,27306,365.7053571428571,3.683531942280588e-15,2.393132084499353e-15,1069,14.316964285714286,0.15231589480817737,0.09601582521341104
none_moving,0,449,27367,365.70601336302894,3.393724976515742e-15,1.9539925233402757e-15,1069,14.285077951002227,0.15231901459924496,0.09601779194112278
none_moving,0,450,27428,365.7066666666667,3.4399002279594067e-15,2.1316282072803005e-15,1069,14.253333333333334,0.15231963855745936,0.09601818528666514
none_moving,0,451,27489,365.70731707317077,3.2754401705733782e-15,1.7763568394002505e-15,1069,14.221729490022174,0.15231976334910266,0.09601826395577431
none_moving,0,452,27550,365.7079646017699,3.2023728339893768e-15,1.5987211554602255e-15,1069,14.190265486725664,0.1523197883074311,0.09601827968959553
none_moving,0,453,27611,365.7086092715232,3.2512668500080947e-15,1.7763568394002505e-15,1069,14.158940397350994,0.1523197932990968,0.09601828283635948
none_moving,0,454,27672,365.70925110132157,4.278033777464535e-15,3.3651786974785053e-15,1069,14.12775330396476,0.15231979429742978,0.09601828346571217
none_moving,0,455,27733,365.7098901098901,3.952144471470652e-15,2.654635961718405e-15,1069,14.096703296703298,0.15231979449709707,0.09601828359158314
none_moving,0,456,27794,365.7105263157895,3.66205343881779e-15,2.393132084499353e-15,1075,14.144736842105264,0.1523197945370301,0.09601828361675707
none_moving,0,457,27855,365.711159737418,3.5080236774354565e-15,2.3092638912203257e-15,1092,14.336980306345735,0.09137855523651156,0.05759801682844866
none_moving,0,458,27916,365.7117903930131,3.2512668500080947e-15,1.7763568394002505e-15,1092,14.305676855895197,0.14010965538337278,0.08831293261543094
none_moving,0,459,27977,365.71241830065355,3.2994363900596664e-15,1.9539925233402757e-15,1092,14.274509803921568,0.14985552881605652,0.09445557730543866
none_moving,0,460,28038,365.7130434782609,4.165926057296536e-15,3.18754301353848e-15,1092,14.243478260869566,0.1518046896079939,0.09568409265851283
none_moving,0,461,28099,365.71366594360086,3.952144471470652e-15,2.654635961718405e-15,1092,14.212581344902386,0.1521945212103508,0.095929795185414
none_moving,0,462,28160,365.7142857142857,3.66205343881779e-15,2.393132084499353e-15,1092,14.181818181818182,0.15227248750857914,0.09597893566904352
none_moving,0,463,28221,365.7149028077754,3.462756959325817e-15,2.1316282072803005e-15,1092,14.151187904967603,0.15228808076733538,0.09598876376490005
none_moving,0,464,28282,365.7155172413793,3.2023728339893768e-15,1.5987211554602255e-15,1092,14.120689655172415,0.15229119941905075,0.09599072938403679
none_moving,0,465,28343,365.7161290322581,3.2994363900596664e-15,1.9539925233402757e-15,1092,14.09032258064516,0.15229182314939232,0.09599112250786238
none_moving,0,466,28404,365.7167381974249,4.165926057296536e-15,3.18754301353848e-15,1092,14.060085836909872,0.15229194789546077,0.09599120113262816
none_moving,0,467,28465,365.71734475374734,3.952144471470652e-15,2.654635961718405e-15,1092,14.02997858672377,0.15229197284467433,0.09599121685757994
none_moving,0,468,28526,365.71794871794873,3.66205343881779e-15,2.393132084499353e-15,1092,14,0.1522919778345167,0.09599122000257078
none_moving,0,469,28587,365.71855010660977,3.5080236774354565e-15,2.3092638912203257e-15,1092,13.970149253731345,0.15229197883248544,0.09599122063156898
none_moving,0,470,28648,365.71914893617026,3.2512668500080947e-15,1.7763568394002505e-15,1092,13.940425531914894,0.15229197903207936,0.09599122075736874
none_moving,0,471,28709,365.71974522293,3.2994363900596664e-15,1.9539925233402757e-15,1098,13.987261146496815,0.15229197907199818,0.0959912207825287
none_moving,0,472,28770,365.72033898305085,4.165926057296536e-15,3.18754301353848e-15,1115,14.173728813559324,0.09138856851737323,0.057607758220633576
none_moving,0,473,28831,365.7209302325581,4.108725273333525e-15,3.0099073295984553e-15,1115,14.143763213530654,0.1401331983515861,0.08833583619531934
none_moving,0,474,28892,365.7215189873417,3.66205343881779e-15,2.393132084499353e-15,1115,14.11392405063291,0.14988246138206127,0.0944817784173402
none_moving,0,475,28953,365.7221052631579,3.462756959325817e-15,2.1316282072803005e-15,1115,14.08421052631579,0.15183232744100025,0.09571097988523648
none_moving,0,476,29014,365.7226890756302,3.393724976515742e-15,1.9539925233402757e-15,1115,14.054621848739496,0.1522223011906649,0.09595682069945756
none_moving,0,477,29075,365.72327044025155,3.2512668500080947e-15,1.7763568394002505e-15,1115,14.025157232704402,0.15230029596211056,0.09600598888312341
none_moving,0,478,29136,365.7238493723849,3.2754401705733782e-15,1.7763568394002505e-15,1115,13.99581589958159,0.1523158949172606,0.09601582252068978
none_moving,0,479,29197,365.7244258872651,3.2023728339893768e-15,1.5987211554602255e-15,1115,13.96659707724426,0.15231901470832485,0.09601778924823642
none_moving,0,480,29258,365.725,4.259554063523935e-15,3.3651786974785053e-15,1115,13.9375,0.15231963866653872,0.09601818259374698
none_moving,0,481,29319,365.7255717255717,4.011578550459736e-15,2.83227164565843e-15,1115,13.908523908523907,0.15231976345818146,0.09601826126285051
none_moving,0,482,29380,365.72614107883817,3.618714001778642e-15,2.2154964005593277e-15,1115,13.879668049792532,0.1523197884165102,0.09601827699667043
none_moving,0,483,29441,365.72670807453414,3.4854638056367166e-15,2.3092638912203257e-15,1115,13.850931677018632,0.15231979340817625,0.09601828014343458
none_moving,0,484,29502,365.7272727272727,3.3232593448441795e-15,1.9539925233402757e-15,1115,13.822314049586778,0.15231979440650922,0.09601828077278723
none_moving,0,485,29563,365.7278350515464,3.2512668500080947e-15,1.7763568394002505e-15,1115,13.79381443298969,0.1523197946061759,0.09601828089865784
none_moving,0,486,29624,365.7283950617284,4.1469467965984395e-15,3.18754301353848e-15,1121,13.839506172839506,0.15231979464610895,0.09601828092383177
none_moving,0,487,29685,365.7289527720739,4.011578550459736e-15,2.83227164565843e-15,1138,14.02053388090349,0.09137855509658849,0.057598016392417316
none_moving,0,488,29746,365.7295081967213,3.618714001778642e-15,2.2154964005593277e-15,1138,13.991803278688526,0.14010965523726493,0.08831293123965243
none_moving,0,489,29807,365.7300613496932,3.4399002279594067e-15,2.1316282072803005e-15,1138,13.963190184049079,0.14985552866871102,0.0944555756294351
none_moving,0,490,29868,365.730612244898,3.2754401705733782e-15,1.7763568394002505e-15,1138,13.934693877551021,0.15180468946040104,0.09568409092245833
none_moving,0,491,29929,365.73116089613035,3.2512668500080947e-15,1.7763568394002505e-15,1138,13.90631364562118,0.1521945210627081,0.09592979343734961
none_moving,0,492,29990,365.7317073170732,4.1469467965984395e-15,3.18754301353848e-15,1138,13.878048780487806,0.15227248736092755,0.09597893391857792
none_moving,0,493,30051,365.73225152129817,4.011578550459736e-15,2.83227164565843e-15,1138,13.849898580121703,0.15228808061968035,0.09598876201395178
none_moving,0,494,30112,365.73279352226723,3.618714001778642e-15,2.2154964005593277e-15,1138,13.821862348178138,0.15229119927139556,0.0959907276329928
none_moving,0,495,30173,365.73333333333335,3.4854638056367166e-15,2.3092638912203257e-15,1138,13.793939393939393,0.15229182300173724,0.09599112075680002
none_moving,0,496,30234,365.7338709677419,3.3232593448441795e-15,1.9539925233402757e-15,1138,13.766129032258062,0.1522919477478054,0.09599119938156075
none_moving,0,497,30295,365.7344064386318,3.2512668500080947e-15,1.7763568394002505e-15,1138,13.738430583501007,0.15229197269701958,0.09599121510651291
none_moving,0,498,30356,365.7349397590361,4.1469467965984395e-15,3.18754301353848e-15,1138,13.710843373493974,0.1522919776868622,0.09599121825150322
none_moving,0,499,30417,365.73547094188376,4.165926057296536e-15,3.18754301353848e-15,1138,13.683366733466935,0.1522919786848303,0.09599121888050102
none_moving,0,500,30478,365.736,3.618714001778642e-15,2.2154964005593277e-15,1138,13.655999999999999,0.15229197888442517,0.09599121900630139
none_moving,0,501,30539,365.7365269461078,3.4399002279594067e-15,2.1316282072803005e-15,1144,13.700598802395211,0.15229197892434324,0.09599121903146088
none_moving,0,502,30600,365.73705179282865,3.462756959325817e-15,2.1316282072803005e-15,1161,13.876494023904382,0.09138856853279143,0.05760775803705198
none_moving,0,503,30661,365.7375745526839,3.2023728339893768e-15,1.5987211554602255e-15,1161,13.848906560636182,0.1401331983405456,0.0883358354387609
none_moving,0,504,30722,365.7380952380952,3.2512668500080947e-15,1.7763568394002505e-15,1161,13.82142857142857,0.14988246136572897,0.09448177747965593
none_moving,0,505,30783,365.73861386138617,3.2754401705733782e-15,1.7763568394002505e-15,1161,13.794059405940594,0.15183232742360944,0.09571097891132387
none_moving,0,506,30844,365.7391304347826,4.2223520054579615e-15,3.18754301353848e-15,1161,13.76679841897233,0.15222230117306246,0.09595681971829759
none_moving,0,507,30905,365.73964497041425,3.991865514451162e-15,2.83227164565843e-15,1161,13.739644970414203,0.15230029594446595,0.09600598790051547
none_moving,0,508,30966,365.74015748031496,3.683531942280588e-15,2.393132084499353e-15,1161,13.71259842519685,0.15231589489960723,0.09601582153779238
none_moving,0,509,31027,365.7406679764244,3.4399002279594067e-15,2.1316282072803005e-15,1161,13.68565815324165,0.1523190146906698,0.09601778826528076
none_moving,0,510,31088,365.74117647058824,3.2994363900596664e-15,1.9539925233402757e-15,1161,13.658823529411764,0.1523196386488839,0.09601818161078109
none_moving,0,511,31149,365.74168297455964,3.3232593448441795e-15,1.9539925233402757e-15,1161,13.632093933463794,0.15231976344052678,0.09601826027988034
none_moving,0,512,31210,365.7421875,4.108725273333525e-15,3.0099073295984553e-15,1161,13.60546875,0.1523197883988552,0.09601827601370072
none_moving,0,513,31271,365.74269005847947,3.991865514451162e-15,2.83227164565843e-15,1161,13.578947368421051,0.1523197933905212,0.09601827916046479
none_moving,0,514,31332,365.7431906614786,3.683531942280588e-15,2.393132084499353e-15,1161,13.552529182879377,0.15231979438885412,0.09601827978981747
none_moving,0,515,31393,365.74368932038834,3.393724976515742e-15,1.9539925233402757e-15,1161,13.526213592233008,0.15231979458852057,0.09601827991568787
none_moving,0,516,31454,365.74418604651163,3.2512668500080947e-15,1.7763568394002505e-15,1167,13.569767441860465,0.15231979462845394,0.09601827994086204
none_moving,0,517,31515,365.74468085106383,3.3232593448441795e-15,1.9539925233402757e-15,1184,13.74081237911025,0.09137855503466069,0.057598016232408275
none_moving,0,518,31576,365.74517374517376,4.108725273333525e-15,3.0099073295984553e-15,1184,13.714285714285715,0.1401096551594214,0.08831293074081223
none_moving,0,519,31637,365.7456647398844,3.991865514451162e-15,2.83227164565843e-15,1184,13.6878612716763,0.14985552858768414,0.09445557502340683
none_moving,0,520,31698,365.7461538461539,3.683531942280588e-15,2.393132084499353e-15,1184,13.661538461538463,0.15180468937873806,0.09568409029498896
none_moving,0,521,31759,365.74664107485603,3.4399002279594067e-15,2.1316282072803005e-15,1184,13.63531669865643,0.15219452098091765,0.0959297928055917
none_moving,0,522,31820,365.7471264367816,3.2994363900596664e-15,1.9539925233402757e-15,1184,13.609195402298852,0.152272487279111,0.09597893328596226
none_moving,0,523,31881,365.74760994263863,3.3232593448441795e-15,1.9539925233402757e-15,1184,13.583173996175908,0.15228808053785964,0.09598876138116562
none_moving,0,524,31942,365.74809160305347,4.108725273333525e-15,3.0099073295984553e-15,1184,13.557251908396948,0.15229119918957387,0.09599072700017075
none_moving,0,525,32003,365.74857142857144,4.1469467965984395e-15,3.18754301353848e-15,1184,13.531428571428572,0.1522918229199155,0.09599112012397075
none_moving,0,526,32064,365.74904942965776,3.683531942280588e-15,2.393132084499353e-15,1184,13.505703422053232,0.15229194766598336,0.0959911987487304
none_moving,0,527,32125,365.7495256166983,3.393724976515742e-15,1.9539925233402757e-15,1184,13.480075901328274,0.1522919726151967,0.09599121447368276
none_moving,0,528,32186,365.74999999999994,3.4399002279594067e-15,2.1316282072803005e-15,1184,13.454545454545453,0.15229197760503982,0.09599121761867335
none_moving,0,529,32247,365.750472589792,3.2754401705733782e-15,1.7763568394002505e-15,1184,13.429111531190927,0.1522919786030083,0.09599121824767139
none_moving,0,530,32308,365.75094339622643,3.2023728339893768e-15,1.5987211554602255e-15,1184,13.403773584905661,0.15229197880260179,0.09599121837347084
none_moving,0,531,32369,365.75141242937855,3.2512668500080947e-15,1.7763568394002505e-15,1190,13.44632768361582,0.15229197884252074,0.09599121839863091
none_moving,0,532,32430,365.7518796992481,4.278033777464535e-15,3.3651786974785053e-15,1207,13.612781954887218,0.09138856850969264,0.05760775795400943
none_moving,0,533,32491,365.7523452157599,3.952144471470652e-15,2.654635961718405e-15,1207,13.587242026266418,0.14013319829645596,0.08833583514721177
none_moving,0,534,32552,365.752808988764,3.66205343881779e-15,2.393132084499353e-15,1207,13.561797752808989,0.14988246131743968,0.0944817771230457
none_moving,0,535,32613,365.75327102803743,3.5080236774354565e-15,2.3092638912203257e-15,1207,13.536448598130843,0.1518323273744806,0.09571097854169977
none_moving,0,536,32674,365.75373134328356,3.2512668500080947e-15,1.7763568394002505e-15,1207,13.511194029850746,0.15222230112376528,0.09595681934607013
none_moving,0,537,32735,365.7541899441341,3.2994363900596664e-15,1.9539925233402757e-15,1207,13.486033519553073,0.15230029589513577,0.09600598752776754
none_moving,0,538,32796,365.75464684014867,4.165926057296536e-15,3.18754301353848e-15,1207,13.46096654275093,0.15231589485027042,0.0960158211649401
none_moving,0,539,32857,365.7551020408163,3.952144471470652e-15,2.654635961718405e-15,1207,13.435992578849723,0.1523190146413314,0.09601778789240711
none_moving,0,540,32918,365.7555555555556,3.66205343881779e-15,2.393132084499353e-15,1207,13.411111111111111,0.15231963859954503,0.09601818123790265
none_moving,0,541,32979,365.7560073937153,3.462756959325817e-15,2.1316282072803005e-15,1207,13.386321626617374,0.1523197633911875,0.09601825990700316
none_moving,0,542,33040,365.75645756457567,3.2023728339893768e-15,1.5987211554602255e-15,1207,13.361623616236162,0.15231978834951632,0.09601827564082303
none_moving,0,543,33101,365.75690607734805,3.2994363900596664e-15,1.9539925233402757e-15,1207,13.337016574585634,0.15231979334118187,0.09601827878758687
none_moving,0,544,33162,365.75735294117646,4.165926057296536e-15,3.18754301353848e-15,1207,13.3125,0.15231979433951512,0.09601827941693972
none_moving,0,545,33223,365.7577981651376,3.952144471470652e-15,2.654635961718405e-15,1207,13.288073394495413,0.15231979453918185,0.09601827954281032
none_moving,0,546,33284,365.7582417582418,3.66205343881779e-15,2.393132084499353e-15,1213,13.32967032967033,0.15231979457911585,0.0960182795679849
none_moving,0,547,33345,365.75868372943324,3.5080236774354565e-15,2.3092638912203257e-15,1230,13.491773308957951,0.09137855499223176,0.05759801616347911
none_moving,0,548,33406,365.75912408759126,3.2512668500080947e-15,1.7763568394002505e-15,1230,13.467153284671534,0.14010965509864462,0.08831293054481659
none_moving,0,549,33467,365.75956284153,3.2994363900596664e-15,1.9539925233402757e-15,1230,13.442622950819672,0.14985552852323786,0.09445557478815464
none_moving,0,550,33528,365.76000000000005,4.165926057296536e-15,3.18754301353848e-15,1230,13.41818181818182,0.1518046893135568,0.09568409005188414
none_moving,0,551,33589,365.7604355716878,4.108725273333525e-15,3.0099073295984553e-15,1230,13.39382940108893,0.15219452091559008,0.0959297925609174
none_moving,0,552,33650,365.76086956521743,3.66205343881779e-15,2.393132084499353e-15,1230,13.369565217391305,0.15227248721375375,0.0959789330409733
none_moving,0,553,33711,365.76130198915007,3.462756959325817e-15,2.1316282072803005e-15,1230,13.345388788426764,0.15228808047249656,0.0959887611361149
none_moving,0,554,33772,365.7617328519856,3.393724976515742e-15,1.9539925233402757e-15,1230,13.32129963898917,0.15229119912421044,0.09599072675510838
none_moving,0,555,33833,365.76216216216216,3.2512668500080947e-15,1.7763568394002505e-15,1230,13.297297297297296,0.15229182285455103,0.09599111987890623
none_moving,0,556,33894,365.76258992805754,3.2754401705733782e-15,1.7763568394002505e-15,1230,13.273381294964027,0.15229194760061893,0.09599119850366519
none_moving,0,557,33955,365.7630161579892,3.2023728339893768e-15,1.5987211554602255e-15,1230,13.249551166965889,0.15229197254983254,0.09599121422861699
none_moving,0,558,34016,365.76344086021504,4.259554063523935e-15,3.3651786974785053e-15,1230,13.225806451612902,0.15229197753967608,0.09599121737360786
none_moving,0,559,34077,365.7638640429338,4.011578550459736e-15,2.83227164565843e-15,1230,13.202146690518784,0.1522919785376444,0.0959912180026058
none_moving,0,560,34138,365.76428571428573,3.618714001778642e-15,2.2154964005593277e-15,1230,13.178571428571427,0.15229197873723854,0.0959912181284057
none_moving,0,561,34199,365.764705882353,3.4854638056367166e-15,2.3092638912203257e-15,1236,13.219251336898395,0.15229197877715708,0.09599121815356552
none_moving,0,562,34260,365.7651245551601,3.3232593448441795e-15,1.9539925233402757e-15,1253,13.377224199288255,0.09138856847696564,0.057607757909180844
none_moving,0,563,34321,365.76554174067496,3.2512668500080947e-15,1.7763568394002505e-15,1253,13.353463587921848,0.14013319824410284,0.08833583502146172
none_moving,0,564,34382,365.7659574468085,4.1469467965984395e-15,3.18754301353848e-15,1253,13.329787234042552,0.1498824612611615,0.094481776972906
none_moving,0,565,34443,365.766371681416,4.011578550459736e-15,2.83227164565843e-15,1253,13.306194690265487,0.15183232731741747,0.09571097838668179
none_moving,0,566,34504,365.7667844522968,3.618714001778642e-15,2.2154964005593277e-15,1253,13.282685512367491,0.15222230106654536,0.09595681919007693
none_moving,0,567,34565,365.7671957671958,3.4399002279594067e-15,2.1316282072803005e-15,1253,13.25925925925926,0.15230029583788376,0.09600598737157998
none_moving,0,568,34626,365.7676056338028,3.2754401705733782e-15,1.7763568394002505e-15,1253,13.235915492957746,0.15231589479301202,0.09601582100871331
none_moving,0,569,34687,365.76801405975397,3.2512668500080947e-15,1.7763568394002505e-15,1253,13.212653778558876,0.15231901458407235,0.09601778773617199
none_moving,0,570,34748,365.7684210526316,4.1469467965984395e-15,3.18754301353848e-15,1253,13.189473684210526,0.1523196385422851,0.0960181810816664
none_moving,0,571,34809,365.76882661996495,4.011578550459736e-15,2.83227164565843e-15,1253,13.166374781085812,0.15231976333392847,0.09601825975076521
none_moving,0,572,34870,365.7692307692308,3.618714001778642e-15,2.2154964005593277e-15,1253,13.143356643356643,0.15231978829225665,0.09601827548458483
none_moving,0,573,34931,365.76963350785337,3.4854638056367166e-15,2.3092638912203257e-15,1253,13.120418848167539,0.15231979328392253,0.09601827863134889
none_moving,0,574,34992,365.77003484320556,3.3232593448441795e-15,1.9539925233402757e-15,1253,13.097560975609756,0.15231979428225564,0.09601827926070165
none_moving,0,575,35053,365.7704347826087,3.2512668500080947e-15,1.7763568394002505e-15,1253,13.074782608695651,0.1523197944819224,0.09601827938657229
none_moving,0,576,35114,365.77083333333337,4.1469467965984395e-15,3.18754301353848e-15,1259,13.114583333333334,0.15231979452185557,0.09601827941174629
none_moving,0,577,35175,365.7712305025996,4.165926057296536e-15,3.18754301353848e-15,1276,13.268630849220102,0.09137855495467737,0.05759801612506783
none_moving,0,578,35236,365.7716262975779,3.618714001778642e-15,2.2154964005593277e-15,1276,13.245674740484429,0.1401096550421333,0.08831293045389053
none_moving,0,579,35297,365.7720207253886,3.4399002279594067e-15,2.1316282072803005e-15,1276,13.222797927461139,0.14985552846293587,0.09445557468186414
none_moving,0,580,35358,365.7724137931035,3.462756959325817e-15,2.1316282072803005e-15,1276,13.200000000000001,0.15180468925249646,0.09568408994252221
none_moving,0,581,35419,365.77280550774526,3.2023728339893768e-15,1.5987211554602255e-15,1276,13.177280550774526,0.15219452085437818,0.09592979245094022
none_moving,0,582,35480,365.7731958762887,3.2512668500080947e-15,1.7763568394002505e-15,1276,13.154639175257733,0.15227248715251182,0.09597893293087198
none_moving,0,583,35541,365.77358490566036,3.2754401705733782e-15,1.7763568394002505e-15,1276,13.132075471698112,0.15228808041124903,0.0959887610259891
none_moving,0,584,35602,365.7739726027397,4.2223520054579615e-15,3.18754301353848e-15,1276,13.10958904109589,0.15229119906296096,0.09599072664497751
none_moving,0,585,35663,365.774358974359,3.991865514451162e-15,2.83227164565843e-15,1276,13.087179487179487,0.15229182279330167,0.0959911197687732
none_moving,0,586,35724,365.7747440273037,3.683531942280588e-15,2.393132084499353e-15,1276,13.06484641638225,0.1522919475393692,0.09599119839353198
none_moving,0,587,35785,365.77512776831344,3.4399002279594067e-15,2.1316282072803005e-15,1276,13.042589437819421,0.15229197248858356,0.09599121411848426
none_moving,0,588,35846,365.77551020408157,3.2994363900596664e-15,1.9539925233402757e-15,1276,13.020408163265305,0.1522919774784257,0.09599121726347423
none_moving,0,589,35907,365.77589134125634,3.3232593448441795e-15,1.9539925233402757e-15,1276,12.99830220713073,0.15229197847639422,0.09599121789247231
none_moving,0,590,35968,365.7762711864407,4.108725273333525e-15,3.0099073295984553e-15,1276,12.976271186440677,0.1522919786759883,0.09599121801827212
none_moving,0,591,36029,365.7766497461929,3.991865514451162e-15,2.83227164565843e-15,1282,13.015228426395938,0.1522919787159067,0.09599121804343184
none_moving,0,592,36090,365.77702702702703,3.683531942280588e-15,2.393132084499353e-15,1299,13.16554054054054,0.09138856844183026,0.05760775787849757
none_moving,0,593,36151,365.77740303541316,3.393724976515742e-15,1.9539925233402757e-15,1299,13.143338954468804,0.14013319818968434,0.08833583495455369
none_moving,0,594,36212,365.77777777777777,3.2512668500080947e-15,1.7763568394002505e-15,1299,13.121212121212121,0.1498824612028865,0.09448177689587389
none_moving,0,595,36273,365.7781512605042,3.3232593448441795e-15,1.9539925233402757e-15,1299,13.099159663865548,0.1518323272583709,0.09571097830762508
none_moving,0,596,36334,365.77852348993287,4.108725273333525e-15,3.0099073295984553e-15,1299,13.077181208053691,0.15222230100734366,0.09595681911061459
none_moving,0,597,36395,365.77889447236186,3.991865514451162e-15,2.83227164565843e-15,1299,13.055276381909549,0.15230029577865195,0.09600598729203572
none_moving,0,598,36456,365.7792642140468,3.683531942280588e-15,2.393132084499353e-15,1299,13.033444816053512,0.15231589473377358,0.09601582092915328
none_moving,0,599,36517,365.779632721202,3.4399002279594067e-15,2.1316282072803005e-15,1299,13.011686143572623,0.1523190145248325,0.09601778765661032
none_moving,0,600,36578,365.78000000000003,3.2994363900596664e-15,1.9539925233402757e-15,1299,12.99,0.15231963848304597,0.09601818100210295
few_moving,0,0,0,,18.187917130173428,17.241615522676813,0,,18.187917130173428,17.241615522676813
few_moving,0,1,40,240,8.732732372315386,7.427804860803237,40,240,8.732732372315386,7.427804860803237
few_moving,0,2,100,300,5.726723138072793,4.812547840903697,100,300,5.726723138072793,4.812547840903697
few_moving,0,3,161,322,3.0648841827969058,2.63075579720807,161,322,3.0648841827969058,2.63075579720807
few_moving,0,4,222,333,1.9018216384055475,1.4001777131128779,222,333,1.9018216384055475,1.4001777131128779
few_moving,0,5,283,339.6,1.3194923817273232,0.8804961099354985,283,339.6,1.3194923817273232,0.8804961099354985
few_moving,0,6,344,343.99999999999994,0.830375259062732,0.5754025316081653,344,343.99999999999994,0.830375259062732,0.5754025316081653
few_moving,0,7,405,347.1428571428571,0.5805761354409638,0.3728209052866186,396,339.42857142857144,0.5805761354409638,0.3728209052866186
few_moving,0,8,466,349.5,0.43504778830390345,0.2562192236750025,402,301.5,0.5053512786557446,0.29303523441624957
few_moving,0,9,527,351.33333333333337,0.26335079587026733,0.1698085336621727,402,268.00000000000006,0.49510907500223333,0.28406845185317875
few_moving,0,10,588,352.8,0.17974589659299417,0.11608873936488733,402,241.20000000000002,0.4932821203887342,0.2825163652881977
few_moving,0,11,649,354.00000000000006,0.15079835640791348,0.08285185659580349,402,219.2727272727273,0.49292580240572564,0.28221657374835996
few_moving,0,12,710,355,0.08500816943963498,0.05374137307892124,402,201,0.4928549033703263,0.2821570533526064
few_moving,0,13,771,355.8461538461538,0.056770311134246874,0.037038936015916145,402,185.53846153846155,0.4928407381587309,0.2821451669015596
few_moving,0,14,832,356.57142857142856,0.05334115286203166,0.02896725308259116,402,172.2857142857143,0.4928379057003348,0.28214279031738015
few_moving,0,15,893,357.2,0.028571152550873405,0.017221063716646504,402,160.8,0.49283733923201356,0.2821423150287936
few_moving,0,16,954,357.75,0.020746965021316028,0.012086430712806493,402,150.75,0.49283722593928336,0.2821422199722056
few_moving,0,17,1015,358.2352941176471,0.018252923470842595,0.010239992211331499,402,141.8823529411765,0.4928372032807756,0.28214220096093384
few_moving,0,18,1076,358.6666666666667,0.011299684986551749,0.005495762061074715,402,134.00000000000003,0.49283719874907544,0.28214219715868155
few_moving,0,19,1137,359.0526315789474,0.009087663017992362,0.004873925082735001,402,126.94736842105264,0.49283719784273516,0.28214219639823107
few_moving,0,20,1198,359.40000000000003,0.005491404884967967,0.003232100062410688,402,120.60000000000001,0.49283719766146733,0.2821421962461403
few_moving,0,21,1259,359.7142857142858,0.005708564940541066,0.003269124479898604,408,116.57142857142857,0.4928371976252134,0.28214219621572345
few_moving,0,22,1320,360,0.004006828569952552,0.002270205580560006,425,115.90909090909092,0.24514982744763103,0.1611853418147259
few_moving,0,23,1381,360.2608695652174,0.001397456020709676,0.0008913756616906659,425,110.8695652173913,0.2265127675173247,0.14418087745508984
few_moving,0,24,1442,360.49999999999994,0.0031055128214442468,0.0019190370436476007,425,106.25,0.2252197344672911,0.14339115414629447
few_moving,0,25,1503,360.72,0.0015198100225790995,0.0008811597568752192,425,102,0.2250645842883743,0.14326840575307517
few_moving,0,26,1564,360.9230769230769,0.0008547156693018114,0.00048030386128388336,425,98.07692307692308,0.22503771492217758,0.14324536611573652
few_moving,0,27,1625,361.1111111111111,0.0015709230472580656,0.0009884342440607927,425,94.44444444444444,0.2250325076065978,0.14324081975915806
few_moving,0,28,1686,361.2857142857143,0.00043110825751982933,0.00025327840998421813,425,91.07142857142857,0.22503147280675648,0.14323991296057584
few_moving,0,29,1747,361.44827586206895,0.0007056988038337966,0.00043830139632639574,425,87.93103448275862,0.2250312661133269,0.14323973169984833
few_moving,0,30,1808,361.6,0.0006951103843111569,0.00043911608862614497,425,85,0.22503122478530255,0.14323969545166357
few_moving,0,31,1869,361.7419354838709,0.0001673511045162347,0.00010316441198198403,425,82.25806451612902,0.22503121652012434,0.1432396882021857
few_moving,0,32,1930,361.875,0.0004530192485706438,0.0002842767907490788,425,79.6875,0.2250312148671055,0.14323968675229548
few_moving,0,33,1991,361.99999999999994,0.0002514093148541904,0.00015884031206806889,425,77.27272727272727,0.22503121453650246,0.1432396864623182
few_moving,0,34,2052,362.11764705882354,0.0001725406857739235,0.00010855474509430768,425,75,0.22503121447038252,0.14323968640432358
few_moving,0,35,2113,362.2285714285714,0.00023999034379314327,0.00015079072199013823,425,72.85714285714285,0.22503121445715757,0.14323968639272228
few_moving,0,36,2174,362.33333333333337,0.00006263772895813888,0.000039200065035829496,431,71.83333333333334,0.22503121445451316,0.1432396863904026
few_moving,0,37,2235,362.4324324324324,0.00013153901166808727,0.00008313438439682141,448,72.64864864864865,0.17719850924114205,0.09701299025420271
few_moving,0,38,2296,362.5263157894737,0.00010622743699095336,0.00006666082810426888,448,70.73684210526315,0.20247934412541405,0.11947395107139633
few_moving,0,39,2357,362.6153846153846,0.00002644498359767306,0.00001652950596332165,448,68.92307692307692,0.20851189257071362,0.12582929663150894
few_moving,0,40,2418,362.70000000000005,0.00007968694103379572,0.000050342954222320375,448,67.2,0.2097509444972838,0.12711328469869754
few_moving,0,41,2479,362.780487804878,0.000037142667935133145,0.000023184628462736144,448,65.5609756097561,0.21000000945586106,0.1273705208568383
few_moving,0,42,2540,362.8571428571429,0.000030045207602029945,0.00001898704443943143,448,64,0.21004987226233565,0.12742198512113537
few_moving,0,43,2601,362.93023255813955,0.00004059035776995138,0.000025614265484669478,448,62.51162790697674,0.21005984681328987,0.12743227865137255
few_moving,0,44,2662,363,0.000008675912369431974,0.0000052738934753725265,448,61.09090909090909,0.21006184180304263,0.12743433738448268
few_moving,0,45,2723,363.06666666666666,0.000022545274754523242,0.00001423724419486931,448,59.73333333333333,0.21006224080417635,0.1274347491321873
few_moving,0,46,2784,363.13043478260863,0.000017317667468614515,0.000010907657999557733,448,58.43478260869564,0.21006232060453003,0.12743483148177176
few_moving,0,47,2845,363.1914893617021,0.000005364494095335448,0.0000033909839854398236,448,57.191489361702125,0.210062336564606,0.1274348479516904
few_moving,0,48,2906,363.25,0.000013380130359595831,0.000008442269214934355,448,55.99999999999999,0.21006233975662184,0.12743485124567397
few_moving,0,49,2967,363.3061224489796,0.0000057446846432395,0.0000035993918498986645,448,54.857142857142854,0.21006234039502514,0.12743485190447046
few_moving,0,50,3028,363.36,0.000005532467167160913,0.000003497715436912148,448,53.75999999999999,0.21006234052270556,0.12743485203623034
few_moving,0,51,3089,363.4117647058823,0.000006661114870470885,0.000004197993394265165,454,53.411764705882355,0.21006234054824183,0.12743485206258204
few_moving,0,52,3150,363.46153846153845,0.000001266366056626844,7.683518420473297e-7,471,54.34615384615385,0.09520522611194629,0.051173205712672046
few_moving,0,53,3211,363.5094339622642,0.000003942152514124901,0.0000024902220655849434,471,53.320754716981135,0.13530683272612892,0.0805275725641815
few_moving,0,54,3272,363.55555555555554,0.00000275560973564287,0.0000017328379820066986,471,52.333333333333336,0.14426391711464454,0.08750929963016445
few_moving,0,55,3333,363.6,0.0000010314176978492155,6.522231500217982e-7,471,51.38181818181818,0.14607916200842416,0.08891342802616939
few_moving,0,56,3394,363.6428571428571,0.000002266080656206504,0.000001430100322136074,471,50.464285714285715,0.1464430912893056,0.08919451361840161
few_moving,0,57,3455,363.6842105263158,8.651815390071677e-7,5.400868606519137e-7,471,49.578947368421055,0.1465159118161938,0.08925074079028818
few_moving,0,58,3516,363.7241379310345,9.938949862359577e-7,6.282191194824996e-7,471,48.724137931034484,0.14653047730413096,0.0892619866241507
few_moving,0,59,3577,363.7627118644068,0.0000010967275121881231,6.912457394428018e-7,471,47.898305084745765,0.14653339045698652,0.0892642358068807
few_moving,0,60,3638,363.8,1.9315724815969913e-7,1.1742049896118704e-7,471,47.1,0.14653397308976765,0.0892646856440653
few_moving,0,61,3699,363.8360655737705,0.3623314603389566,0.22295312382538768,483,47.50819672131148,0.42457900518838193,0.3277493632559267
few_moving,0,62,3761,363.96774193548384,0.281706894208235,0.18057463674340665,504,48.77419354838709,0.322080251657118,0.26863940171844086
few_moving,0,63,3824,364.19047619047615,0.34802036430183003,0.23072170088184069,526,50.095238095238095,0.37073785500256745,0.3125202493730572
few_moving,0,64,3887,364.40625,0.3786458870379317,0.22597169210781756,548,51.375,0.39356306543954345,0.30904145642040975
few_moving,0,65,3950,364.61538461538464,0.3736376996693617,0.23912960842322342,570,52.61538461538462,0.41769380476890905,0.3434669205190884
few_moving,0,66,4013,364.8181818181818,0.4006643083610372,0.25898570654499475,598,54.36363636363636,0.45212951576034455,0.36463652875469477
few_moving,0,67,4075,364.92537313432837,0.43647667524862604,0.27107540135605424,628,56.23880597014925,0.45960729881171203,0.34598298021250284
few_moving,0,68,4136,364.9411764705883,0.4958504384202809,0.30274656085843993,642,56.64705882352941,0.5150293328866097,0.4017419692169744
few_moving,0,69,4197,364.95652173913044,0.5168494570524843,0.3084077371794868,656,57.04347826086956,0.5512129194095781,0.4191988666527916
few_moving,0,70,4258,364.97142857142853,0.544040470204211,0.3293198842579281,670,57.42857142857142,0.5863252760885876,0.45188267300342283
few_moving,0,71,4319,364.9859154929577,0.6068039027687547,0.38847246700664473,684,57.802816901408455,0.6557120791641127,0.5213187129648662
few_moving,0,72,4380,365,0.5859092856708776,0.363778485107974,698,58.166666666666664,0.7065290826843488,0.550922983595606
few_moving,0,73,4441,365.013698630137,0.38545232903305165,0.2507502478012136,712,58.520547945205486,0.7226255006500021,0.5305763901107724
few_moving,0,74,4502,365.027027027027,0.4162005077930043,0.26914106087357403,726,58.864864864864856,0.7123881006854826,0.5240074879045826
few_moving,0,75,4563,365.04,0.43414725299326445,0.2687678298711108,740,59.2,0.6584354809361285,0.5056886509926753
few_moving,0,76,4624,365.05263157894734,0.41019741593658277,0.2638320254997556,754,59.52631578947369,0.5687401221037416,0.4745028354974602
few_moving,0,77,4686,365.1428571428571,0.30904560576829276,0.2052128987579917,769,59.922077922077925,0.35503381233751885,0.3040938071607854
few_moving,0,78,4749,365.30769230769226,0.29170030454880674,0.19032464671680863,784,60.30769230769231,0.33480356552903795,0.3007273190069092
few_moving,0,79,4812,365.46835443037975,0.3626747330874886,0.23220299503414593,799,60.683544303797476,0.3440336425334307,0.30243042462747854
few_moving,0,80,4875,365.625,0.3745361202957337,0.2215309814263541,814,61.050000000000004,0.34908055696235163,0.2913717903126581
few_moving,0,81,4938,365.77777777777777,0.37705667047733327,0.24479886948177496,835,61.85185185185185,0.3750450502297238,0.303989993467602
few_moving,0,82,5000,365.8536585365854,0.42895229338785146,0.26982518170513814,861,62.99999999999999,0.4159454660983427,0.3026597360713732
few_moving,0,83,5061,365.85542168674704,0.5040016035059658,0.3034300995975858,875,63.25301204819277,0.5386208309069213,0.39928335573316354
few_moving,0,84,5122,365.8571428571429,0.5451563913032291,0.32380070702593855,889,63.50000000000001,0.604950628618555,0.43691514173998913
few_moving,0,85,5183,365.8588235294117,0.5567101300921145,0.32854784875864634,903,63.74117647058823,0.6367740770950137,0.463536757842782
few_moving,0,86,5244,365.86046511627904,0.6005792720112119,0.37043785564634385,917,63.97674418604651,0.6893904192217819,0.5156107391559519
few_moving,0,87,5305,365.86206896551727,0.6054780993068413,0.38606076972359643,931,64.20689655172414,0.7543491526919421,0.5735925858702785
few_moving,0,88,5366,365.86363636363643,0.40346266012838206,0.2562859262646738,945,64.43181818181819,0.7680504560721375,0.5623677165248137
few_moving,0,89,5427,365.86516853932585,0.3785913272259627,0.2516573401212398,959,64.65168539325843,0.7367928815240173,0.5085673462301927
few_moving,0,90,5488,365.8666666666666,0.4283680549593976,0.26766914514119583,973,64.86666666666666,0.6765150296925235,0.487880213845029
few_moving,0,91,5549,365.86813186813185,0.43466195203275304,0.2745190292756578,987,65.07692307692308,0.5873144633492058,0.4583239786660072
few_moving,0,92,5610,365.86956521739125,0.39540451206315685,0.25683502098820915,1001,65.28260869565217,0.4777866949781605,0.4096502308538672
few_moving,0,93,5672,365.93548387096774,0.2840588082882394,0.1830761580345151,1016,65.54838709677419,0.28837600280103154,0.25130808222387613
few_moving,0,94,5735,366.06382978723406,0.30868624805244554,0.20264865342610716,1031,65.80851063829788,0.29750501130406665,0.2642147882897999
few_moving,0,95,5798,366.1894736842105,0.37275080146982353,0.23352023578560152,1046,66.06315789473685,0.32556286872543966,0.27988836480728285
few_moving,0,96,5861,366.3125,0.37087896981696905,0.22485747211621332,1067,66.6875,0.33647484458881527,0.2710263054245937
few_moving,0,97,5924,366.4329896907216,0.3861837075976141,0.251448601892023,1094,67.6701030927835,0.37100602319779397,0.28570906680014296
few_moving,0,98,5986,366.48979591836735,0.433302919523044,0.27015735620095704,1108,67.83673469387755,0.47447430842532495,0.37757027044577607
few_moving,0,99,6047,366.48484848484856,0.5012717880147358,0.3031865802400148,1122,68,0.5645756491791105,0.42788727613314803
few_moving,0,100,6108,366.47999999999996,0.5349052494507501,0.31850318723215804,1136,68.16,0.6121544179457477,0.45593783170018937
few_moving,0,101,6169,366.47524752475243,0.5498290779445084,0.3270132875191561,1150,68.31683168316832,0.6333960707817116,0.4753184826633519
few_moving,0,102,6230,366.47058823529414,0.6055805628527241,0.3808107293652384,1164,68.47058823529412,0.6902310946544614,0.533321931756407
few_moving,0,103,6291,366.46601941747576,0.6013896866656765,0.38049001397495674,1178,68.62135922330097,0.7466702624390714,0.5775378683236002
few_moving,0,104,6352,366.46153846153845,0.3907876626280002,0.24928563920955119,1192,68.76923076923077,0.7543104591244966,0.5524999501656782
few_moving,0,105,6413,366.45714285714286,0.3936430593996446,0.2587556061318649,1206,68.91428571428571,0.7253109835756973,0.5173646143365329
few_moving,0,106,6474,366.45283018867923,0.4343248810026445,0.2694045225367293,1220,69.05660377358491,0.6632842043606586,0.4957768882706719
few_moving,0,107,6535,366.4485981308411,0.42667989159031333,0.2711628321024432,1234,69.19626168224299,0.5710608531120025,0.4670458865369936
few_moving,0,108,6596,366.44444444444446,0.3801997944748628,0.24847071702505094,1248,69.33333333333333,0.4677842914685277,0.41420603564650554
few_moving,0,109,6658,366.49541284403665,0.2732474811037429,0.17466369526659076,1263,69.5229357798165,0.2610753556411998,0.24639356868344303
few_moving,0,110,6721,366.6,0.32839914763754474,0.2143110850443854,1278,69.7090909090909,0.30772407309164335,0.2767994615860908
few_moving,0,111,6784,366.70270270270265,0.3753557790929482,0.2285322258020078,1299,70.21621621621621,0.3374475369471306,0.28820979611275827
few_moving,0,112,6847,366.80357142857144,0.37023507430201097,0.23300341533983593,1326,71.03571428571428,0.329570350664936,0.2456058148856981
few_moving,0,113,6910,366.9026548672566,0.3958810477269702,0.25625897722837865,1341,71.20353982300885,0.43970764437089105,0.3611119347923621
few_moving,0,114,6972,366.94736842105266,0.4362912134212061,0.2707903267533585,1355,71.31578947368422,0.5000439542270362,0.3927466115145624
few_moving,0,115,7033,366.93913043478256,0.4983532039025748,0.30372597701796034,1369,71.42608695652174,0.577865716809408,0.43921739840374474
few_moving,0,116,7094,366.9310344827586,0.5228914640688669,0.3118032173380356,1383,71.5344827586207,0.6068972936561446,0.45789864610345293
few_moving,0,117,7155,366.9230769230769,0.5454975686988476,0.32811509141474426,1397,71.64102564102564,0.6281239255844073,0.4796794319403066
few_moving,0,118,7216,366.91525423728814,0.6075165643402668,0.3873715667108041,1411,71.7457627118644,0.688530065054726,0.5384382859782659
few_moving,0,119,7277,366.9075630252101,0.5916047579109385,0.36943665597748365,1425,71.84873949579831,0.735128510336852,0.5651901555147003
few_moving,0,120,7338,366.9,0.3852163912962865,0.24916933951518344,1439,71.95,0.7378338039174598,0.5319313896225113
few_moving,0,121,7399,366.89256198347107,0.15794757963627665,0.10373770614243309,1444,71.60330578512398,0.6796583722819107,0.5358185028181409
few_moving,0,122,7460,366.8852459016394,0.0659853230973307,0.04429673338157175,1444,71.01639344262296,0.6763416892305599,0.5418108403120326
few_moving,0,123,7521,366.87804878048786,0.022661513127545406,0.015980745994221734,1444,70.43902439024392,0.676033990765526,0.5430965119768599
few_moving,0,124,7582,366.8709677419355,0.011954722301067141,0.0077337390875242395,1444,69.87096774193547,0.6759867561586562,0.5433569776482223
few_moving,0,125,7643,366.864,0.007653500967668789,0.005400560788325689,1444,69.312,0.6759778818852171,0.5434092030074902
few_moving,0,126,7704,366.85714285714283,0.00320835247156643,0.0024157752504881556,1450,69.04761904761905,0.6759761299396897,0.5434196533604039
few_moving,0,127,7765,366.8503937007874,0.0027863631445241236,0.0020202123104568603,1462,69.07086614173228,0.6004093918781064,0.4496623472461744
few_moving,0,128,7826,366.84375,0.0016282424955682835,0.0012114892934871782,1462,68.53125,0.515995672166682,0.40310734546670374
few_moving,0,129,7887,366.8372093023256,0.0008605560793400188,0.0006350430663485515,1462,68,0.502024469705247,0.39595727697089556
few_moving,0,130,7948,366.83076923076925,0.0007237830357482679,0.0005380010176488834,1462,67.47692307692307,0.49936857990322475,0.39465947837114485
few_moving,0,131,8009,366.82442748091603,0.0003707172531482174,0.0002806381113867909,1462,66.9618320610687,0.4988431224746965,0.3944057288364614
few_moving,0,132,8070,366.8181818181818,0.0002503475336729128,0.00018276282572878883,1462,66.45454545454544,0.4987382613116528,0.3943552158283958
few_moving,0,133,8131,366.812030075188,0.00018149311597529503,0.0001358895827093133,1462,65.9548872180451,0.49871729830397366,0.394345122739189
few_moving,0,134,8192,366.80597014925377,0.00008854442049458709,0.00006684895749100931,1468,65.73134328358209,0.379984768919923,0.2938387611944745
few_moving,0,135,8253,366.79999999999995,0.00007111805239795085,0.000052216026823609404,1482,65.86666666666666,0.18243898860067437,0.1663217592316873
few_moving,0,136,8314,366.79411764705884,0.00004319672285789242,0.00003247754575992421,1496,66,0.1697448679850508,0.14489792983797517
few_moving,0,137,8375,366.7883211678832,0.000023372270660507877,0.000017205717382725112,1509,66.08759124087592,0.16812278693536187,0.14382214475685687
few_moving,0,138,8436,366.7826086956522,0.000019195217173613604,0.000014242468429685842,1522,66.17391304347827,0.160167027797691,0.12458525999672046
few_moving,0,139,8497,366.77697841726615,0.000009964063022631552,0.000007547235208136688,1535,66.25899280575538,0.16171819216525865,0.12851680753057332
few_moving,0,140,8558,366.77142857142854,0.000006644598699383264,0.000004841799247078679,1542,66.08571428571427,0.16250519145118408,0.13057320945840173
few_moving,0,141,8619,366.7659574468085,0.000004868286067887985,0.0000036402049072319316,1548,65.87234042553192,0.16279349351293265,0.13176478188619606
few_moving,0,142,8680,366.76056338028167,0.0000023683107823960936,0.0000017909213511947353,1557,65.78873239436619,0.09930457889535635,0.08437646313388264
few_moving,0,143,8741,366.75524475524475,0.0000018876263313260385,0.0000013844511236536482,1557,65.32867132867132,0.14670927816277698,0.11888340418742753
few_moving,0,144,8802,366.75000000000006,0.0000011642084531630078,8.747117939234734e-7,1557,64.875,0.15644951205038787,0.12596515540735942
few_moving,0,145,8863,366.7448275862069,6.200644072568487e-7,4.5746194863064726e-7,1557,64.42758620689655,0.1584040236604161,0.12738604622299937
few_moving,0,146,8924,366.7397260273973,5.118860093545562e-7,3.794898141209712e-7,1557,63.986301369863014,0.15879516490800377,0.12767042086024624
few_moving,0,147,8985,366.73469387755097,2.6874357638330794e-7,2.034083509125994e-7,1557,63.551020408163254,0.15887340256901966,0.1277273037825221
few_moving,0,148,9046,366.72972972972974,1.7575227400899394e-7,1.2807474300518663e-7,1557,63.121621621621614,0.15888905047653593,0.12773868068788355
few_moving,0,149,9107,366.7248322147651,1.3053378811866245e-7,9.755683595698094e-8,1557,62.697986577181204,0.15889218007304268,0.12774095608180147
few_moving,0,150,9168,366.71999999999997,6.349825618947802e-8,4.807783654413234e-8,1558,62.32000000000001,0.1558135172740392,0.1180903061728343
few_moving,0,151,9229,366.71523178807945,5.005695661400948e-8,3.668104173787179e-8,1559,61.94701986754967,0.15328031536015954,0.10948266042189521
few_moving,0,152,9290,366.7105263157895,3.1360369767553794e-8,2.3551896455717332e-8,1559,61.539473684210535,0.15324128455792976,0.10965753775214634
few_moving,0,153,9351,366.7058823529412,1.6469070008460485e-8,1.2177197362876727e-8,1559,61.13725490196079,0.15325233853151743,0.1097289946774563
few_moving,0,154,9412,366.7012987012987,1.3642767295174124e-8,1.0105085578292447e-8,1562,60.85714285714285,0.15271761632570047,0.10641626755756557
few_moving,0,155,9473,366.6967741935483,7.248922414967967e-9,5.482497000873665e-9,1565,60.58064516129032,0.1524920857009181,0.10427342571213427
few_moving,0,156,9534,366.6923076923077,4.649142280093905e-9,3.388478812270122e-9,1571,60.42307692307692,0.15245342105270815,0.10384709917135089
few_moving,0,157,9595,366.687898089172,3.4983392765653404e-9,2.6131296477274544e-9,1580,60.382165605095544,0.09157960293700666,0.05997427817941775
few_moving,0,158,9656,366.6835443037975,1.7037806737623201e-9,1.2913214481287778e-9,1580,60,0.14031085570923607,0.09186798051212838
few_moving,0,159,9717,366.6792452830189,1.326967656824526e-9,9.715559957483006e-10,1580,59.62264150943396,0.15008924550907152,0.09891756293645844
few_moving,0,160,9778,366.675,8.444856674694738e-10,6.339503383053339e-10,1580,59.25,0.15204569159183268,0.10032873216809904
few_moving,0,161,9839,366.67080745341616,4.3772834578247384e-10,3.244112603183444e-10,1580,58.881987577639755,0.15243700904464785,0.10061100413939679
few_moving,0,162,9900,366.66666666666663,3.6343121902340266e-10,2.6894423817266876e-10,1580,58.51851851851851,0.15251527364634263,0.10066745998734723
few_moving,0,163,9961,366.66257668711654,1.9554933736674212e-10,1.477850535187025e-10,1580,58.15950920245398,0.1525309266109818,0.10067875121454313
few_moving,0,164,10022,366.6585365853659,1.2298912557115977e-10,8.966742150841694e-11,1580,57.80487804878049,0.15253405720568064,0.10068100946228195
few_moving,0,165,10083,366.6545454545454,9.371081253201648e-11,6.995888715341539e-11,1581,57.49090909090909,0.15256808533145474,0.1011962588652416
few_moving,0,166,10144,366.65060240963857,4.5750975321361876e-11,3.470197127831868e-11,1582,57.18072289156626,0.15253149486767942,0.10044454965279673
few_moving,0,167,10205,366.6467065868264,3.516529544640643e-11,2.5725737964031385e-11,1582,56.83832335329341,0.15252549535121276,0.10029916593093975
few_moving,0,168,10266,366.6428571428571,2.2732904637742883e-11,1.705887156587e-11,1582,56.5,0.15252434820591526,0.10027041293445442
few_moving,0,169,10327,366.63905325443784,1.1643161697697285e-11,8.65033857873659e-12,1585,56.27218934911242,0.1524664644621626,0.09908954707645301
few_moving,0,170,10388,366.63529411764705,9.676624561738479e-12,7.154269370578837e-12,1588,56.04705882352941,0.1524341177620744,0.09786890593890898
few_moving,0,171,10449,366.63157894736844,5.2754543618474856e-12,3.9844990419618996e-12,1594,55.92982456140351,0.15242967382178563,0.09763063839940136
few_moving,0,172,10510,366.62790697674416,3.2540957742892693e-12,2.3741113898739282e-12,1603,55.918604651162795,0.09132000910146774,0.05807448370929373
few_moving,0,173,10571,366.62427745664735,2.509071778062893e-12,1.8719392993343343e-12,1603,55.59537572254336,0.14007562306923307,0.08907305318624938
few_moving,0,174,10632,366.62068965517244,1.2307347702285462e-12,9.34290492939986e-13,1603,55.27586206896552,0.14982834398519387,0.09539778064332756
few_moving,0,175,10693,366.6171428571429,9.310948525549672e-13,6.811658200272801e-13,1603,54.96000000000001,0.15177893197241255,0.09666299572779609
few_moving,0,176,10754,366.61363636363643,6.118750027866611e-13,4.59256917492232e-13,1603,54.64772727272728,0.15216905122531652,0.09691604737091945
few_moving,0,177,10815,366.6101694915254,3.107809775701511e-13,2.31752723747832e-13,1603,54.33898305084746,0.15224707514140348,0.09696665803144819
few_moving,0,178,10876,366.6067415730337,2.579756992587973e-13,1.9115529405808898e-13,1603,54.033707865168545,0.1522626799272355,0.09697678017672894
few_moving,0,179,10937,366.6033519553073,1.4245506936157285e-13,1.0735827977000776e-13,1603,53.731843575419,0.15226580088450703,0.09697880460631249
few_moving,0,180,10998,366.59999999999997,8.568321247788197e-14,6.255273597042589e-14,1604,53.46666666666667,0.15226888890841597,0.09715358293941649
few_moving,0,181,11059,366.59668508287297,6.691703850587346e-14,5.023690962659962e-14,1605,53.204419889502766,0.1522660662619633,0.09689422629377484
few_moving,0,182,11120,366.5934065934066,3.302543092161813e-14,2.5364044672035123e-14,1605,52.91208791208791,0.15226565593161373,0.09684442850431715
few_moving,0,183,11181,366.59016393442624,2.523114643676257e-14,1.827913679047087e-14,1605,52.622950819672134,0.15226558003357973,0.09683464191351124
few_moving,0,184,11242,366.5869565217391,1.618338099821468e-14,1.2558139181329571e-14,1608,52.434782608695656,0.15226286935326144,0.09656713830648951
few_moving,0,185,11303,366.58378378378376,9.424740735313938e-15,6.793647420576742e-15,1611,52.24864864864865,0.15226158990330801,0.09632261694594671
few_moving,0,186,11364,366.58064516129036,8.130593081535983e-15,5.98334510931543e-15,1617,52.16129032258064,0.1522614156896855,0.09627488509938768
few_moving,0,187,11425,366.57754010695186,4.278033777464535e-15,2.926039136319428e-15,1626,52.17112299465241,0.09141505447485647,0.05770683773140332
few_moving,0,188,11486,366.57446808510633,5.51815466814143e-15,4.192402187096096e-15,1626,51.8936170212766,0.14014166818018395,0.08849654033545312
few_moving,0,189,11547,366.5714285714286,3.2512668500080947e-15,2.2154964005593277e-15,1626,51.61904761904762,0.14988667518220541,0.09466720625674353
few_moving,0,190,11608,366.5684210526316,2.6939785314722364e-15,1.4429534235236583e-15,1626,51.34736842105263,0.15183566343648663,0.09590136272644904
few_moving,0,191,11669,366.56544502617805,2.3498992183808826e-15,1.5682436904189583e-15,1626,51.07853403141361,0.15222546055891878,0.09614819469690866
few_moving,0,192,11730,366.5625,1.3173814904902171e-15,7.105427357601002e-16,1626,50.81249999999999,0.15230341996224928,0.09619756111640701
few_moving,0,193,11791,366.55958549222794,1.3759600911837627e-15,7.105427357601002e-16,1626,50.549222797927456,0.1523190118420683,0.09620743440130991
few_moving,0,194,11852,366.55670103092785,1.191616393558691e-15,5.329070518200751e-16,1626,50.28865979381443,0.15232213021799892,0.096209409058331
few_moving,0,195,11913,366.55384615384617,1.4321446692197793e-15,8.881784197001252e-16,1627,50.06153846153846,0.15232284693445386,0.09624357328015444
few_moving,0,196,11974,366.5510204081633,3.683531942280588e-15,3.011197113942617e-15,1628,49.83673469387755,0.15232286065672077,0.09619341336557793
few_moving,0,197,12035,366.5482233502538,3.2512668500080947e-15,2.2787864261790583e-15,1628,49.58375634517767,0.15232286918079416,0.09618377711548545
few_moving,0,198,12096,366.54545454545456,2.4161065164093008e-15,1.7458793743589833e-15,1628,49.33333333333334,0.15232287111679382,0.096181882661191
few_moving,0,199,12157,366.5427135678392,1.8630587706705477e-15,1.2434497875801752e-15,1631,49.17587939698492,0.15232276896037178,0.09612975915732416
few_moving,0,200,12218,366.53999999999996,2.6046504151038584e-15,1.2653177395836331e-15,1634,49.019999999999996,0.15232272024622326,0.09608192943753559
few_moving,0,201,12279,366.53731343283584,3.4854638056367166e-15,2.1534961592837584e-15,1640,48.95522388059701,0.15232271362620273,0.09607259464287181
few_moving,0,202,12340,366.53465346534654,4.3147557709812356e-15,3.4503366751016942e-15,1649,48.98019801980198,0.09137064104685629,0.05761040152114394
few_moving,0,203,12401,366.5320197044335,4.815860319143169e-15,3.711840552320747e-15,1649,48.73891625615764,0.14011781273324658,0.08835707831160869
few_moving,0,204,12462,366.5294117647059,4.296434007659337e-15,3.4503366751016942e-15,1649,48.5,0.14986758549836798,0.09450779391255197
few_moving,0,205,12523,366.52682926829266,5.589176312011643e-15,4.600018972020872e-15,1649,48.26341463414634,0.15181755353798485,0.09573795564721548
few_moving,0,206,12584,366.52427184466023,5.546672453247935e-15,4.422383288080847e-15,1649,48.029126213592235,0.1522075476850344,0.0959839887069133
few_moving,0,207,12645,366.52173913043475,5.4606723228329904e-15,4.516150778741845e-15,1649,47.79710144927536,0.15228554653600643,0.09603319534714622
few_moving,0,208,12706,366.5192307692307,3.462756959325817e-15,2.1316282072803005e-15,1649,47.56730769230769,0.1523011463070636,0.09604303667632355
few_moving,0,209,12767,366.51674641148327,3.393724976515742e-15,1.9539925233402757e-15,1649,47.33971291866029,0.15230426626130908,0.09604500494220387
few_moving,0,210,12828,366.5142857142857,4.682983361612993e-15,3.552713678800501e-15,1650,47.142857142857146,0.15230489381273649,0.09605200714689346
few_moving,0,211,12889,366.5118483412323,5.209300830207717e-15,4.263256414560601e-15,1651,46.947867298578196,0.15230501436621266,0.09604225080163584
few_moving,0,212,12950,366.50943396226415,5.1636710387543275e-15,4.085620730620576e-15,1651,46.72641509433962,0.15230503869827994,0.096040376154436
few_moving,0,213,13011,366.5070422535211,5.31424692754413e-15,4.410414633459359e-15,1651,46.50704225352113,0.15230504357354835,0.09604000757480408
few_moving,0,214,13072,366.50467289719626,5.6732287925851606e-15,4.662019213296441e-15,1654,46.373831775700936,0.1523050406277559,0.09602981558479437
few_moving,0,215,13133,366.5023255813953,5.631359373178441e-15,4.4843835293564156e-15,1657,46.241860465116275,0.15230503895791636,0.09602046625537612
few_moving,0,216,13194,366.5,5.4606723228329904e-15,4.452860753122114e-15,1663,46.19444444444445,0.1523050387433095,0.09601864324833011
few_moving,0,217,13255,366.49769585253455,4.165926057296536e-15,2.8640388950438588e-15,1672,46.23041474654377,0.09138764745478985,0.05760867037091104
few_moving,0,218,13316,366.49541284403665,3.4399002279594067e-15,1.9758604753437336e-15,1672,46.01834862385321,0.14011761173004225,0.08832550244761214
few_moving,0,219,13377,366.49315068493155,4.716553564546101e-15,3.574581630803959e-15,1672,45.80821917808219,0.14986325828439775,0.09446858977981505
few_moving,0,220,13438,366.4909090909091,4.3147557709812356e-15,3.4503366751016942e-15,1672,45.6,0.15181237370912776,0.09569719458802753
few_moving,0,221,13499,366.48868778280547,4.815860319143169e-15,3.711840552320747e-15,1672,45.39366515837104,0.15220219623836512,0.09594291503912797
few_moving,0,222,13560,366.48648648648646,5.5750443644609555e-15,4.600018972020872e-15,1672,45.189189189189186,0.15228016072198164,0.09599205910889633
few_moving,0,223,13621,366.48430493273537,5.589176312011643e-15,4.600018972020872e-15,1672,44.98654708520179,0.15229575361781642,0.09600188792203095
few_moving,0,224,13682,366.4821428571429,5.546672453247935e-15,4.422383288080847e-15,1672,44.785714285714285,0.15229887219694752,0.0960038536846248
few_moving,0,225,13743,366.47999999999996,3.4399002279594067e-15,2.1316282072803005e-15,1673,44.61333333333334,0.15229949604883164,0.09600553865688784
few_moving,0,226,13804,366.47787610619474,3.462756959325817e-15,2.1316282072803005e-15,1674,44.442477876106196,0.1522996206299703,0.09600369414079203
few_moving,0,227,13865,366.47577092511017,4.6491707650994845e-15,3.3750779948604757e-15,1674,44.246696035242294,0.1522996455546576,0.09600334004941616
few_moving,0,228,13926,366.4736842105263,4.1469467965984395e-15,2.8640388950438588e-15,1674,44.05263157894737,0.15229965053993258,0.09600327045773213
few_moving,0,229,13987,366.471615720524,4.3147557709812356e-15,3.4503366751016942e-15,1677,43.93886462882096,0.15229965138715737,0.09600127878739069
few_moving,0,230,14048,366.4695652173913,5.546672453247935e-15,4.422383288080847e-15,1680,43.826086956521735,0.15229965151530203,0.09599945217284192
few_moving,0,231,14109,366.46753246753246,5.5750443644609555e-15,4.600018972020872e-15,1686,43.79220779220779,0.15229965154549235,0.09599909714450076
few_moving,0,232,14170,366.4655172413793,5.475099487534308e-15,4.452860753122114e-15,1695,43.83620689655172,0.09138408256901658,0.057605447979193404
few_moving,0,233,14231,366.4635193133047,4.108725273333525e-15,2.6864032111038336e-15,1695,43.648068669527895,0.14012934882630942,0.08833431088011058
few_moving,0,234,14292,366.4615384615385,3.4854638056367166e-15,2.1534961592837584e-15,1695,43.46153846153846,0.1498787392075837,0.09448041615996791
few_moving,0,235,14353,366.4595744680851,4.733249381585206e-15,3.574581630803959e-15,1695,43.276595744680854,0.15182863073850258,0.09570965041188792
few_moving,0,236,14414,366.4576271186441,4.259554063523935e-15,3.272700991161669e-15,1695,43.09322033898305,0.15221860958263148,0.09595549778944767
few_moving,0,237,14475,366.4556962025316,4.8485105935313945e-15,3.889476236260772e-15,1695,42.91139240506329,0.15229660537297343,0.09600466728604243
few_moving,0,238,14536,366.453781512605,5.589176312011643e-15,4.600018972020872e-15,1695,42.73109243697479,0.1523122045319022,0.09601450118620343
few_moving,0,239,14597,366.45188284518827,5.546672453247935e-15,4.422383288080847e-15,1695,42.55230125523013,0.1523153243637228,0.09601646796627049
few_moving,0,240,14658,366.45,5.5750443644609555e-15,4.600018972020872e-15,1696,42.4,0.15231594833528636,0.09601711385252568
few_moving,0,241,14719,366.44813278008303,0.4171373507560881,0.24389185043003278,1714,42.672199170124486,0.47662942256837304,0.35782491773760444
few_moving,0,242,14779,366.4214876033058,0.5067820916045191,0.32026124114177473,1734,42.99173553719009,0.5390036113521475,0.42064906566414084
few_moving,0,243,14839,366.3950617283951,0.5988319907159954,0.3913978065194493,1754,43.308641975308646,0.6155177971427993,0.49400800790847416
few_moving,0,244,14896,366.2950819672131,0.7248484517345292,0.47437093637844197,1771,43.549180327868854,0.7372150203388296,0.5659063636216786
few_moving,0,245,14952,366.17142857142863,0.8477124206432338,0.5271579422911831,1788,43.78775510204082,0.8681793716218283,0.6263246679506783
few_moving,0,246,15009,366.07317073170736,0.8839854838038718,0.5106598516642423,1812,44.19512195121951,0.9213888982423337,0.624164668597132
few_moving,0,247,15068,366.02429149797575,0.7349175366046808,0.48949070479225326,1836,44.599190283400816,0.9741803560875371,0.6688904092111372
few_moving,0,248,15126,365.95161290322574,0.7301490651112179,0.5062921104856299,1848,44.70967741935484,0.935226963623227,0.6938396147170868
few_moving,0,249,15182,365.8313253012048,0.641086731322069,0.44601159508542976,1860,44.81927710843373,0.8320487530490239,0.6296651397535897
few_moving,0,250,15239,365.736,0.28776861178665614,0.21128014097213382,1873,44.952,0.6873829017657006,0.5301531102859729
few_moving,0,251,15298,365.68924302788844,0.2685628897852157,0.1905068177143468,1890,45.179282868525895,0.3599072942101521,0.3335261766084749
few_moving,0,252,15359,365.6904761904762,0.39067904138662424,0.27844774778300974,1911,45.5,0.3892267820976961,0.3398621066576527
few_moving,0,253,15420,365.69169960474306,0.4317919491999567,0.27792093800201473,1932,45.81818181818181,0.375310341927642,0.32503648984315997
few_moving,0,254,15480,365.6692913385827,0.47246978233038023,0.30951303591105545,1954,46.15748031496063,0.4505719757447419,0.3695444593766405
few_moving,0,255,15540,365.6470588235294,0.527667919805191,0.3236295619863918,1976,46.49411764705882,0.5139509676369578,0.41256477415219184
few_moving,0,256,15599,365.6015625,0.5235340494260098,0.3247187998466897,1997,46.8046875,0.529964691964174,0.43052732088898926
few_moving,0,257,15658,365.55642023346303,0.5300537293133665,0.32450261030639094,2018,47.11284046692607,0.5435325336168718,0.4361089196058052
few_moving,0,258,15718,365.5348837209302,0.5882235279825015,0.38266723823505366,2038,47.395348837209305,0.5969262634277781,0.47634196843694987
few_moving,0,259,15776,365.4671814671815,0.683547730824682,0.45154786329088015,2055,47.60617760617761,0.6879195541779279,0.5359506986133895
few_moving,0,260,15833,365.3769230769231,0.7697290888285894,0.49786114979486323,2067,47.7,0.7847606423647829,0.591479508706756
few_moving,0,261,15889,365.26436781609203,0.8357426994723047,0.49313228038429624,2085,47.931034482758626,0.879848806109223,0.6064962489397764
few_moving,0,262,15946,365.17557251908397,0.6546539155496556,0.41133931022343023,2107,48.25190839694657,0.9067854086404822,0.5799917673159773
few_moving,0,263,16005,365.13307984790873,0.7135189285207231,0.49007941476959466,2120,48.36501901140684,0.9318292909681188,0.6676187512877325
few_moving,0,264,16063,365.06818181818176,0.7059451195353612,0.4915749089887746,2132,48.454545454545446,0.8740957858851152,0.6546148063190491
few_moving,0,265,16119,364.9584905660377,0.6280890011808573,0.43493338201661996,2144,48.54339622641509,0.7624025994844181,0.5847879243551206
few_moving,0,266,16176,364.8721804511278,0.29593793427135523,0.21354189958856162,2157,48.65413533834586,0.6474860447346857,0.5127994159755953
few_moving,0,267,16235,364.8314606741573,0.26213464890013877,0.1850037985851931,2171,48.78651685393258,0.374194339070801,0.3465102559168932
few_moving,0,268,16296,364.8358208955224,0.41424634918185527,0.2886685912975022,2185,48.917910447761194,0.3987563860410023,0.3614594684500163
few_moving,0,269,16357,364.8401486988848,0.4320187457220893,0.27507894542862965,2199,49.04832713754647,0.34853765638456263,0.30771123674780915
few_moving,0,270,16417,364.82222222222225,0.48201494555888624,0.31261673813762814,2213,49.17777777777778,0.4454284565872007,0.3650552083564515
few_moving,0,271,16477,364.8044280442805,0.5261416408110107,0.3209593631637011,2227,49.306273062730625,0.5123036586815977,0.3980024850695435
few_moving,0,272,16537,364.7867647058824,0.4882849508867196,0.3151368685391401,2241,49.43382352941177,0.4987830775500678,0.4122795449664386
few_moving,0,273,16598,364.7912087912088,0.5364157339878588,0.3420594381315822,2257,49.604395604395606,0.5686435337912396,0.4465320805768938
few_moving,0,274,16658,364.77372262773724,0.5869908737729383,0.3831827963373465,2270,49.70802919708029,0.5942435884549263,0.4670291970053267
few_moving,0,275,16715,364.6909090909091,0.68300957338168,0.4531695461725712,2282,49.78909090909091,0.6695827602962119,0.5242028140991042
few_moving,0,276,16771,364.5869565217391,0.8359136511258524,0.5286583553063146,2300,50.00000000000001,0.8184323045842224,0.5994433707781716
few_moving,0,277,16827,364.4837545126354,0.9193427200720257,0.5385953080805803,2321,50.274368231046935,0.9201042047903031,0.5960915369168986
few_moving,0,278,16884,364.4028776978417,0.773567079162197,0.49485265365907416,2334,50.374100719424455,0.9722220203852937,0.6566744253653392
few_moving,0,279,16942,364.34408602150535,0.796177313424503,0.5480868943556234,2346,50.4516129032258,0.9969636302016109,0.735290533281546
few_moving,0,280,16998,364.24285714285713,0.7318103355293301,0.5068470983914785,2358,50.528571428571425,0.934415444543759,0.7134720731741936
few_moving,0,281,17054,364.1423487544484,0.2723679161345142,0.18706823109373652,2370,50.604982206405694,0.7965892819113817,0.6189692350558944
few_moving,0,282,17111,364.063829787234,0.15782327264254237,0.1190423816697395,2383,50.702127659574465,0.6877788088763117,0.5439937145940191
few_moving,0,283,17170,364.02826855123675,0.2882105461512838,0.2013483575629776,2397,50.81978798586572,0.4121516873596499,0.3676859344123469
few_moving,0,284,17231,364.03521126760563,0.43407711807952054,0.2903049786958219,2411,50.936619718309856,0.38922370750854407,0.3401039277408805
few_moving,0,285,17291,364.0210526315789,0.46027048025013956,0.3054544470905972,2425,51.05263157894737,0.40284586652380827,0.34200162708491566
few_moving,0,286,17351,364.006993006993,0.5175339518234756,0.3246969339161664,2439,51.16783216783217,0.4838265160146755,0.3898397958315169
few_moving,0,287,17411,363.993031358885,0.5279474552967744,0.31767483829996435,2453,51.282229965156795,0.5184962950250529,0.4165961996669337
few_moving,0,288,17471,363.9791666666667,0.47885738866402466,0.29567833360175444,2469,51.4375,0.5082593791469536,0.41763937243148497
few_moving,0,289,17532,363.9861591695502,0.5193811798521846,0.3322147542583496,2483,51.550173010380625,0.5205612649265917,0.4137901434706193
few_moving,0,290,17592,363.9724137931035,0.5836100302320401,0.38394716670293183,2496,51.64137931034483,0.5552002008437238,0.4456762199980792
few_moving,0,291,17649,363.89690721649487,0.6939604038070111,0.45929552057949835,2514,51.83505154639176,0.6599991606032224,0.5180060910388395
few_moving,0,292,17705,363.80136986301375,0.8292202215204058,0.5159534182231214,2535,52.089041095890416,0.8000226339155925,0.5545910845473446
few_moving,0,293,17762,363.7269624573379,0.8861834703253881,0.5130617048590094,2548,52.177474402730375,0.8919637605163194,0.6029379138342519
few_moving,0,294,17821,363.69387755102036,0.7709119761639058,0.5097081991233476,2561,52.26530612244898,0.9795392665240341,0.7056457486094359
few_moving,0,295,17879,363.6406779661017,0.7714528035770968,0.535296519418503,2573,52.33220338983051,0.9806424645769006,0.7396560245951747
few_moving,0,296,17935,363.5472972972973,0.6776646820390059,0.4712122317404973,2585,52.398648648648646,0.8860497937381727,0.6822985017896386
few_moving,0,297,17991,363.45454545454544,0.2583699830943939,0.16469501094197578,2597,52.464646464646464,0.7608248688759949,0.5960008050549905
few_moving,0,298,18048,363.38255033557044,0.15657687000143464,0.10921288984979652,2610,52.5503355704698,0.7037621352150101,0.5524188783695074
few_moving,0,299,18107,363.3511705685619,0.29061225873600427,0.1986922164327306,2624,52.65551839464882,0.43772420161362446,0.38546566122719667
few_moving,0,300,18168,363.36,0.43341444160186093,0.2866911414247072,2638,52.760000000000005,0.3952284655098961,0.3405293088371189
few_moving,0,301,18228,363.3488372093023,0.16386169208837145,0.10588089186760327,2643,52.6843853820598,0.22097217103085937,0.20646301694976715
few_moving,0,302,18288,363.3377483443709,0.14071888403731037,0.09163458195086388,2643,52.509933774834444,0.22075972474144936,0.2042104699638251
few_moving,0,303,18348,363.3267326732673,0.13326829534030857,0.07351163364685862,2645,52.37623762376238,0.22264161953665332,0.20630750832848613
few_moving,0,304,18408,363.3157894736842,0.12863740964369674,0.06857777209089626,2645,52.203947368421055,0.22021321925351328,0.20524363892389244
few_moving,0,305,18469,363.3245901639345,0.06978797723173269,0.045153035315909903,2645,52.032786885245905,0.22012948207779595,0.20580911347464484
few_moving,0,306,18530,363.33333333333337,0.023002904826468468,0.012976290112971528,2651,51.980392156862756,0.21724348632083437,0.20191289785417804
few_moving,0,307,18591,363.34201954397395,0.020106680889911292,0.011858450776227596,2660,51.98697068403909,0.18274125687594325,0.16215807714524097
few_moving,0,308,18652,363.35064935064935,0.006698358236621572,0.004909630544070795,2660,51.81818181818181,0.18989600258086856,0.17084230601485614
few_moving,0,309,18713,363.3592233009708,0.002305731998402542,0.0015785350417918446,2660,51.6504854368932,0.2008450060482887,0.18124970768929374
few_moving,0,310,18774,363.3677419354839,0.0013216046746708098,0.0008475679661076039,2660,51.483870967741936,0.20333238803337833,0.18360340600034603
few_moving,0,311,18835,363.3762057877813,0.0010251507334664096,0.0006936030943663729,2660,51.31832797427653,0.20384090823762735,0.1840838904505934
few_moving,0,312,18896,363.38461538461536,0.00031117864309789065,0.00023868072799070945,2660,51.15384615384615,0.20394304724497475,0.18418036661610768
few_moving,0,313,18957,363.39297124600637,0.00034423749307050197,0.0002402174342446947,2660,50.990415335463254,0.20396349239105005,0.18419967693601344
few_moving,0,314,19018,363.4012738853503,0.00022207922468836375,0.0001649328188966768,2660,50.82802547770701,0.20396758211361593,0.1842035396027925
few_moving,0,315,19079,363.4095238095238,0.0000737346191185494,0.00005495184874837586,2662,50.7047619047619,0.22019943792315563,0.1965324235699061
few_moving,0,316,19140,363.4177215189873,0.00009922263540676878,0.00007160786741990937,2665,50.60126582278481,0.21902514365049489,0.18433292445391314
few_moving,0,317,19201,363.42586750788644,0.00004455043151316678,0.00003360922099390188,2665,50.4416403785489,0.2199357240253785,0.18260087005026632
few_moving,0,318,19262,363.433962264151,0.000026484710852606466,0.000018698514253146546,2667,50.320754716981135,0.2201630856958841,0.18231317310232037
few_moving,0,319,19323,363.44200626959247,0.000025699761119026707,0.000018989499429937223,2667,50.16300940438872,0.22083536781731233,0.1834099758930193
few_moving,0,320,19384,363.45000000000005,0.000008355824101788479,0.000006394136758734941,2673,50.118750000000006,0.17758656265647066,0.1474604357625008
few_moving,0,321,19445,363.4579439252337,0.000008873286913781636,0.000006212316918664992,2688,50.24299065420561,0.15806499598182608,0.12773177631297047
few_moving,0,322,19506,363.46583850931677,0.000005946160011043955,0.000004467453691976765,2710,50.496894409937894,0.09311933892306616,0.07012795313727128
few_moving,0,323,19567,363.4736842105263,0.00000200898067679039,0.0000015088310768883266,2723,50.58204334365325,0.1410716849079889,0.09969482909520473
few_moving,0,324,19628,363.48148148148147,0.0000026220383832642896,0.000001883897720248532,2736,50.666666666666664,0.15047528622022324,0.10422932727660288
few_moving,0,325,19689,363.48923076923074,0.0000012178517770765801,9.2179712584726e-7,2749,50.75076923076922,0.15243997443948454,0.10496322271894883
few_moving,0,326,19750,363.4969325153374,6.908706334809134e-7,4.881733701510393e-7,2756,50.7239263803681,0.15288841668774672,0.10532468766861722
few_moving,0,327,19811,363.5045871559633,6.886599668760633e-7,5.076005048693556e-7,2758,50.60550458715596,0.1529448133484064,0.10547438679806546
few_moving,0,328,19872,363.5121951219512,2.285874298178505e-7,1.7455771920341865e-7,2758,50.451219512195124,0.1529587488226168,0.10552258369972585
few_moving,0,329,19933,363.5197568389058,2.328546674515005e-7,1.6281987553221282e-7,2758,50.297872340425535,0.1529616421078467,0.10553286844426643
few_moving,0,330,19994,363.52727272727276,1.611055652715856e-7,1.2087520533588144e-7,2759,50.16363636363636,0.15268088280462513,0.10336280585443507
few_moving,0,331,20055,363.5347432024169,5.2882609243001916e-8,3.998380121362193e-8,2761,50.04833836858006,0.15268853080475892,0.10336864223183884
few_moving,0,332,20116,363.5421686746988,6.95315006548014e-8,4.9830053049203314e-8,2761,49.897590361445786,0.1526926142566092,0.1034050951942385
few_moving,0,333,20177,363.54954954954957,3.3355166181526615e-8,2.52386964439982e-8,2763,49.78378378378379,0.15269353308839603,0.10341400273935053
few_moving,0,334,20238,363.5568862275449,1.7937307498405696e-8,1.2712471360157979e-8,2763,49.63473053892216,0.15250968049333485,0.10117978166687602
few_moving,0,335,20299,363.56417910447766,1.8446848270774785e-8,1.3570757276750608e-8,2763,49.48656716417911,0.15250561624451842,0.10130128321509
few_moving,0,336,20360,363.5714285714286,6.270871993893051e-9,4.778590722710478e-9,2767,49.410714285714285,0.1525061124479807,0.10134721170978382
few_moving,0,337,20421,363.57863501483683,6.102526530450959e-9,4.264180838890201e-9,2776,49.42433234421366,0.09156952899677558,0.06151856960868414
few_moving,0,338,20482,363.585798816568,4.360468711469183e-9,3.2675783466051233e-9,2776,49.27810650887574,0.14013952789725692,0.09035167582471536
few_moving,0,339,20543,363.5929203539823,1.3980850922381068e-9,1.0634696592612512e-9,2776,49.13274336283186,0.14989511760085,0.09707534481193494
few_moving,0,340,20604,363.6,1.8420529198151938e-9,1.3166658382862996e-9,2779,49.041176470588226,0.15183759525403967,0.09809322876322941
few_moving,0,341,20665,363.6070381231671,9.126850870011366e-10,6.903832765615679e-10,2781,48.9325513196481,0.1522324797962909,0.09854241117310034
few_moving,0,342,20726,363.6140350877193,4.6561391193562383e-10,3.311072135452219e-10,2781,48.78947368421053,0.15230187749301768,0.09823006661923536
few_moving,0,343,20787,363.62099125364426,4.936852852418615e-10,3.6246462639891507e-10,2781,48.64723032069971,0.15231610306342014,0.09816854020623864
few_moving,0,344,20848,363.6279069767442,1.722070991476631e-10,1.3099332690065855e-10,2781,48.50581395348838,0.15231896201074155,0.098156283468543
few_moving,0,345,20909,363.6347826086957,1.5977654135582994e-10,1.1160747661251475e-10,2782,48.38260869565217,0.1523043118056877,0.09734542427223383
few_moving,0,346,20970,363.64161849710985,1.1790933816184389e-10,8.824236565146813e-11,2784,48.27745664739884,0.1523027132276857,0.09723054539215131
few_moving,0,347,21031,363.64841498559076,3.7108446500642325e-11,2.8372752229456632e-11,2784,48.138328530259365,0.1523024467752242,0.09721153481831996
few_moving,0,348,21092,363.6551724137931,4.875605762064833e-11,3.4758656819168713e-11,2786,48.0344827586207,0.15230239561528183,0.09720790510320995
few_moving,0,349,21153,363.66189111747855,2.49504376642766e-11,1.8866504295103766e-11,2786,47.89684813753582,0.15230188131110856,0.09717407018247323
few_moving,0,350,21214,363.66857142857145,1.2085537319733031e-11,8.628323145316857e-12,2786,47.760000000000005,0.15230178930005112,0.09716812683460799
few_moving,0,351,21275,363.6752136752137,1.320079385754265e-11,9.672213956849224e-12,2790,47.69230769230769,0.1523017713318325,0.09716697595475843
few_moving,0,352,21336,363.6818181818182,4.732084925665323e-12,3.59472578010553e-12,2799,47.71022727272727,0.09139500055765969,0.05833599002751969
few_moving,0,353,21397,363.68838526912174,4.180223088116751e-12,2.919932435378402e-12,2799,47.575070821529735,0.14013515126756473,0.08887634967302355
few_moving,0,354,21458,363.6949152542373,3.18548889399606e-12,2.381072895004359e-12,2799,47.44067796610169,0.14988550049491273,0.09520066135485442
few_moving,0,355,21519,363.7014084507042,9.888299006015482e-13,7.593998849350314e-13,2802,47.35774647887324,0.1518343068627637,0.09628581702435632
few_moving,0,356,21580,363.7078651685393,1.2884249968800251e-12,9.16558805316121e-13,2804,47.25842696629213,0.15222483758147845,0.09661821270967295
few_moving,0,357,21641,363.71428571428567,6.819141002569092e-13,5.157133228825835e-13,2804,47.12605042016806,0.15230138849001082,0.09644621881619604
few_moving,0,358,21702,363.7206703910614,3.13170753587412e-13,2.2448028760184644e-13,2804,46.99441340782123,0.1523168437076096,0.0964165787343327
few_moving,0,359,21763,363.72701949860726,3.531572079410376e-13,2.5847100043833457e-13,2804,46.86350974930362,0.1523199405489426,0.09641107162108928
few_moving,0,360,21824,363.73333333333335,1.2944084483018164e-13,9.839768419354171e-14,2805,46.75,0.1523200526024331,0.09626378381586809
few_moving,0,361,21885,363.73961218836564,1.0961431576031607e-13,7.681579732512801e-14,2807,46.65373961218837,0.15232010481607702,0.09623456216709651
few_moving,0,362,21946,363.74585635359114,8.599750569898516e-14,6.440930760570369e-14,2807,46.52486187845304,0.1523201164509216,0.09622874236708545
few_moving,0,363,22007,363.75206611570246,2.660090660077674e-14,2.083697421731659e-14,2809,46.4297520661157,0.15232011882557517,0.09622757971556381
few_moving,0,364,22068,363.7582417582418,3.467310224881561e-14,2.4552329968402836e-14,2809,46.3021978021978,0.15232011833504988,0.09622677225518501
few_moving,0,365,22129,363.76438356164385,1.8668656832419494e-14,1.4377481446869884e-14,2809,46.175342465753424,0.1523201187637364,0.09622690982234117
few_moving,0,366,22190,363.77049180327873,9.031512475762442e-15,6.783992596345897e-15,2813,46.11475409836066,0.15232011887054595,0.09622694929583699
few_moving,0,367,22251,363.7765667574932,1.0463932991216852e-14,7.554030879068327e-15,2822,46.13623978201635,0.09137886428282334,0.05774680503190395
few_moving,0,368,22312,363.78260869565213,4.259554063523935e-15,3.281310504199478e-15,2822,46.010869565217384,0.14010971901870722,0.0884014800278667
few_moving,0,369,22373,363.7886178861789,4.296434007659337e-15,2.947907088322886e-15,2822,45.886178861788615,0.14985562160960636,0.09457310107138926
few_moving,0,370,22434,363.79459459459457,1.4862067603866002e-15,8.881784197001252e-16,2825,45.81081081081081,0.15180476030891443,0.09578129775122327
few_moving,0,371,22495,363.80053908355796,1.3173814904902171e-15,7.105427357601002e-16,2827,45.71967654986523,0.15219461452115685,0.09604906530924692
few_moving,0,372,22556,363.8064516129032,2.6645352591003757e-15,1.4429534235236583e-15,2827,45.596774193548384,0.15227253100025345,0.09605828558674676
few_moving,0,373,22617,363.81233243967824,2.448538927540195e-15,1.9539925233402757e-15,2827,45.474530831099194,0.15228811897619757,0.09606018111237914
few_moving,0,374,22678,363.81818181818187,1.3173814904902171e-15,7.105427357601002e-16,2827,45.35294117647059,0.152291236758473,0.09606056185003321
few_moving,0,375,22739,363.824,1.4321446692197793e-15,8.881784197001252e-16,2828,45.248000000000005,0.15229184461226053,0.09603527840744759
few_moving,0,376,22800,363.82978723404256,1.8630587706705477e-15,1.2434497875801752e-15,2830,45.159574468085104,0.1522919670878365,0.09603027156781832
few_moving,0,377,22861,363.83554376657827,1.3173814904902171e-15,7.105427357601002e-16,2830,45.03978779840849,0.15229199161914325,0.09602927530485834
few_moving,0,378,22922,363.8412698412698,1.4321446692197793e-15,8.881784197001252e-16,2832,44.95238095238095,0.15229199652685277,0.09602907632320241
few_moving,0,379,22983,363.8469656992085,1.3759600911837627e-15,7.105427357601002e-16,2832,44.83377308707124,0.1522919980883274,0.09603025066389824
few_moving,0,380,23044,363.8526315789474,1.3173814904902171e-15,7.105427357601002e-16,2832,44.71578947368421,0.15229199840411742,0.09603048725339128
few_moving,0,381,23105,363.85826771653547,1.4321446692197793e-15,8.881784197001252e-16,2836,44.66141732283465,0.15229199846741573,0.09603053463264782
few_moving,0,382,23166,363.86387434554973,1.4862067603866002e-15,8.881784197001252e-16,2845,44.68586387434555,0.09138857488499018,0.057635270007391236
few_moving,0,383,23227,363.8694516971279,1.3173814904902171e-15,7.105427357601002e-16,2845,44.56919060052219,0.14013319656068007,0.08835118415587577
few_moving,0,384,23288,363.875,1.4321446692197793e-15,8.881784197001252e-16,2845,44.453125,0.14988246070203703,0.09450263344583218
few_moving,0,385,23349,363.88051948051947,1.4862067603866002e-15,8.881784197001252e-16,2848,44.384415584415585,0.15183232614340889,0.09572856949252098
few_moving,0,386,23410,363.88601036269426,1.3173814904902171e-15,7.105427357601002e-16,2850,44.30051813471503,0.1522223006367621,0.09597840217018504
few_moving,0,387,23471,363.891472868217,1.820224107610997e-15,1.2434497875801752e-15,2850,44.18604651162791,0.15230029381048102,0.09602056368862466
few_moving,0,388,23532,363.8969072164948,1.4862067603866002e-15,8.881784197001252e-16,2850,44.072164948453604,0.15231589259475434,0.09602900442644377
few_moving,0,389,23593,363.9023136246787,6.879800455918813e-16,3.552713678800501e-16,2850,43.958868894601544,0.15231901235758583,0.09603069332270549
few_moving,0,390,23654,363.90769230769234,8.881784197001252e-16,5.329070518200751e-16,2851,43.861538461538466,0.15231963578764884,0.09602649780470363
few_moving,0,391,23715,363.9130434782609,9.729507111180987e-16,5.329070518200751e-16,2853,43.78005115089514,0.15231976050220367,0.09602566019281666
few_moving,0,392,23776,363.9183673469388,6.879800455918813e-16,3.552713678800501e-16,2853,43.66836734693878,0.1523197854462559,0.0960254928151364
few_moving,0,393,23837,363.9236641221374,8.881784197001252e-16,5.329070518200751e-16,2855,43.587786259541986,0.1523197904351125,0.09602545934710525
few_moving,0,394,23898,363.9289340101523,1.4862067603866002e-15,8.881784197001252e-16,2855,43.477157360406096,0.1523197914517938,0.09602565636373758
few_moving,0,395,23959,363.9341772151899,2.063940136775644e-15,1.4210854715202005e-15,2855,43.36708860759494,0.15231979165523077,0.09602569600499243
few_moving,0,396,24020,363.93939393939394,1.4321446692197793e-15,8.881784197001252e-16,2859,43.31818181818182,0.152319791695922,0.09602570394181298
few_moving,0,397,24081,363.94458438287154,1.4862067603866002e-15,8.881784197001252e-16,2868,43.34508816120907,0.09137855775151442,0.05760313070244834
few_moving,0,398,24142,363.94974874371854,1.191616393558691e-15,5.329070518200751e-16,2868,43.23618090452261,0.14010965737484576,0.08831579855910576
few_moving,0,399,24203,363.95488721804514,1.4321446692197793e-15,8.881784197001252e-16,2868,43.12781954887218,0.14985553079894848,0.0944595287169698
few_moving,0,400,24264,363.96,1.4862067603866002e-15,8.881784197001252e-16,2871,43.065000000000005,0.15180469155849766,0.09568742118980496
few_moving,0,401,24325,363.9650872817955,1.3173814904902171e-15,7.105427357601002e-16,2873,42.98753117206982,0.1521945231847643,0.09593385401679819
few_moving,0,402,24386,363.97014925373134,1.4321446692197793e-15,8.881784197001252e-16,2873,42.88059701492537,0.1522724894278022,0.09598170097565198
few_moving,0,403,24447,363.9751861042183,1.8630587706705477e-15,1.2434497875801752e-15,2873,42.774193548387096,0.15228808268050584,0.09599127111460935
few_moving,0,404,24508,363.980198019802,1.7313784796629085e-15,1.0658141036401502e-15,2873,42.66831683168317,0.15229120133121016,0.09599318518815361
few_moving,0,405,24569,363.9851851851852,1.820224107610997e-15,1.2434497875801752e-15,2874,42.577777777777776,0.15229182504234895,0.09599270087418757
few_moving,0,406,24630,363.99014778325125,1.4862067603866002e-15,8.881784197001252e-16,2876,42.502463054187196,0.15229194978561883,0.09599260411675728
few_moving,0,407,24691,363.995085995086,1.3173814904902171e-15,7.105427357601002e-16,2876,42.398034398034405,0.15229197473431444,0.09599258477545387
few_moving,0,408,24752,364,6.879800455918813e-16,3.552713678800501e-16,2878,42.32352941176471,0.1522919797240554,0.09599258090771683
few_moving,0,409,24813,364.00488997555016,9.729507111180987e-16,5.329070518200751e-16,2878,42.220048899755504,0.15229198072258818,0.09599261374989342
few_moving,0,410,24874,364.009756097561,6.879800455918813e-16,3.552713678800501e-16,2878,42.11707317073171,0.15229198092229726,0.09599262032214813
few_moving,0,411,24935,364.014598540146,8.881784197001252e-16,5.329070518200751e-16,2882,42.07299270072993,0.1522919809622392,0.09599262163673893
few_moving,0,412,24996,364.0194174757282,2.175583928816829e-15,1.5987211554602255e-15,2891,42.10194174757282,0.09138856757506247,0.05760872412942181
few_moving,0,413,25057,364.02421307506046,1.3173814904902171e-15,7.105427357601002e-16,2891,42,0.14013319758266274,0.08833638035103153
few_moving,0,414,25118,364.0289855072464,1.4321446692197793e-15,8.881784197001252e-16,2891,41.89855072463768,0.14988246065124788,0.09448252827311074
few_moving,0,415,25179,364.03373493975903,1.3759600911837627e-15,7.105427357601002e-16,2894,41.840963855421684,0.15183232671669342,0.09571160994612024
few_moving,0,416,25240,364.03846153846155,1.3173814904902171e-15,7.105427357601002e-16,2896,41.769230769230774,0.15222230046875734,0.09595758955444253
few_moving,0,417,25301,364.0431654676259,1.4321446692197793e-15,8.881784197001252e-16,2896,41.66906474820144,0.15230029523851596,0.0960065110038519
few_moving,0,418,25362,364.0478468899521,1.4862067603866002e-15,8.881784197001252e-16,2896,41.569377990430624,0.15231589419350802,0.09601629542986344
few_moving,0,419,25423,364.05250596658715,1.3173814904902171e-15,7.105427357601002e-16,2896,41.470167064439146,0.15231901398454878,0.09601825232089616
few_moving,0,420,25484,364.0571428571429,1.4321446692197793e-15,8.881784197001252e-16,2897,41.385714285714286,0.15231963794207454,0.0960184788397653
few_moving,0,421,25545,364.061757719715,1.4862067603866002e-15,8.881784197001252e-16,2899,41.31591448931116,0.15231976273361789,0.09601852416583145
few_moving,0,422,25606,364.06635071090045,1.3173814904902171e-15,7.105427357601002e-16,2899,41.21800947867298,0.15231978769192797,0.09601853323321524
few_moving,0,423,25667,364.0709219858156,1.820224107610997e-15,1.2434497875801752e-15,2901,41.14893617021277,0.15231979268359003,0.09601853504680352
few_moving,0,424,25728,364.07547169811323,1.4862067603866002e-15,8.881784197001252e-16,2901,41.051886792452834,0.15231979368194323,0.09601854182820563
few_moving,0,425,25789,364.08000000000004,6.879800455918813e-16,3.552713678800501e-16,2901,40.955294117647064,0.15231979388161423,0.09601854318462456
few_moving,0,426,25850,364.08450704225356,8.881784197001252e-16,5.329070518200751e-16,2905,40.91549295774648,0.15231979392154815,0.09601854345591321
few_moving,0,427,25911,364.08899297423886,9.729507111180987e-16,5.329070518200751e-16,2914,40.94613583138173,0.09137855568887628,0.05759819954236758
few_moving,0,428,25972,364.09345794392516,6.879800455918813e-16,3.552713678800501e-16,2914,40.85046728971962,0.14010965580261636,0.08831303419092593
few_moving,0,429,26033,364.0979020979021,8.881784197001252e-16,5.329070518200751e-16,2914,40.75524475524475,0.1498555292288012,0.09445571707278581
few_moving,0,430,26094,364.10232558139535,1.4862067603866002e-15,8.881784197001252e-16,2917,40.70232558139534,0.15180469001939978,0.09568420972476674
few_moving,0,431,26155,364.10672853828305,2.063940136775644e-15,1.4210854715202005e-15,2919,40.635730858468676,0.15219452162152808,0.09592993856740722
few_moving,0,432,26216,364.1111111111111,1.4321446692197793e-15,8.881784197001252e-16,2919,40.541666666666664,0.15227248791963358,0.0959790323206989
few_moving,0,433,26277,364.1154734411085,1.4862067603866002e-15,8.881784197001252e-16,2919,40.44803695150115,0.1522880811783714,0.09598885109683375
few_moving,0,434,26338,364.11981566820276,1.191616393558691e-15,5.329070518200751e-16,2919,40.354838709677416,0.15229119983008274,0.09599081485323338
few_moving,0,435,26399,364.1241379310345,1.4321446692197793e-15,8.881784197001252e-16,2920,40.275862068965516,0.15229182356039953,0.09599117652723294
few_moving,0,436,26460,364.1284403669725,1.4862067603866002e-15,8.881784197001252e-16,2922,40.211009174311926,0.1522919483064644,0.09599124886693165
few_moving,0,437,26521,364.13272311212813,1.3173814904902171e-15,7.105427357601002e-16,2922,40.11899313501144,0.1522919732556772,0.09599126333534906
few_moving,0,438,26582,364.13698630136986,1.4321446692197793e-15,8.881784197001252e-16,2924,40.054794520547944,0.15229197824551968,0.09599126622905663
few_moving,0,439,26643,364.14123006833717,1.8630587706705477e-15,1.2434497875801752e-15,2924,39.9635535307517,0.15229197924348944,0.09599126804653269
few_moving,0,440,26704,364.1454545454546,1.7313784796629085e-15,1.0658141036401502e-15,2924,39.87272727272727,0.15229197944308331,0.09599126841004443
few_moving,0,441,26765,364.1496598639456,1.820224107610997e-15,1.2434497875801752e-15,2928,39.83673469387755,0.1522919794830021,0.09599126848274706
few_moving,0,442,26826,364.1538461538462,1.4862067603866002e-15,8.881784197001252e-16,2937,39.86877828054299,0.09138856834790395,0.057607792302989
few_moving,0,443,26887,364.158013544018,1.3173814904902171e-15,7.105427357601002e-16,2937,39.77878103837472,0.1401331982304274,0.08833585439698183
few_moving,0,444,26948,364.1621621621622,6.879800455918813e-16,3.552713678800501e-16,2937,39.689189189189186,0.1498824612705696,0.09448180364298686
few_moving,0,445,27009,364.16629213483145,9.729507111180987e-16,5.329070518200751e-16,2940,39.640449438202246,0.1518323273314409,0.09571100080155555
few_moving,0,446,27070,364.17040358744396,6.879800455918813e-16,3.552713678800501e-16,2942,39.57847533632287,0.15222230108149282,0.09595684657316583
few_moving,0,447,27131,364.1744966442953,8.881784197001252e-16,5.329070518200751e-16,2942,39.489932885906036,0.15230029585301408,0.09600600594552423
few_moving,0,448,27192,364.1785714285714,2.175583928816829e-15,1.5987211554602255e-15,2942,39.401785714285715,0.152315894808179,0.09601583782582278
few_moving,0,449,27253,364.18262806236083,1.3173814904902171e-15,7.105427357601002e-16,2942,39.31403118040089,0.15231901459924654,0.09601780420215943
few_moving,0,450,27314,364.18666666666667,1.4321446692197793e-15,8.881784197001252e-16,2943,39.24,0.15231963855746006,0.09601819161777712
few_moving,0,451,27375,364.19068736141907,1.3759600911837627e-15,7.105427357601002e-16,2945,39.17960088691796,0.15231976334910324,0.09601826910179957
few_moving,0,452,27436,364.1946902654867,1.3173814904902171e-15,7.105427357601002e-16,2945,39.0929203539823,0.15231978830743165,0.09601828459869119
few_moving,0,453,27497,364.19867549668874,1.4321446692197793e-15,8.881784197001252e-16,2947,39.033112582781456,0.15231979329909734,0.096018287698075
few_moving,0,454,27558,364.2026431718062,1.4862067603866002e-15,8.881784197001252e-16,2947,38.947136563876654,0.15231979429743034,0.09601828855171943
few_moving,0,455,27619,364.2065934065934,1.3173814904902171e-15,7.105427357601002e-16,2947,38.86153846153846,0.15231979449709762,0.09601828872245291
few_moving,0,456,27680,364.2105263157895,1.4321446692197793e-15,8.881784197001252e-16,2951,38.828947368421055,0.15231979453703065,0.09601828875660014
few_moving,0,457,27741,364.2144420131291,1.4862067603866002e-15,8.881784197001252e-16,2960,38.862144420131294,0.09137855523651214,0.05759802282434238
few_moving,0,458,27802,364.21834061135365,1.3173814904902171e-15,7.105427357601002e-16,2960,38.777292576419214,0.14010965538337286,0.08831293432456108
few_moving,0,459,27863,364.22222222222223,1.820224107610997e-15,1.2434497875801752e-15,2960,38.69281045751634,0.14985552881605665,0.09445557992985841
few_moving,0,460,27924,364.2260869565217,1.4862067603866002e-15,8.881784197001252e-16,2963,38.64782608695652,0.15180468960799398,0.09568409438728867
few_moving,0,461,27985,364.22993492407807,6.879800455918813e-16,3.552713678800501e-16,2965,38.590021691973966,0.15219452121035093,0.09592979783279368
few_moving,0,462,28046,364.23376623376623,8.881784197001252e-16,5.329070518200751e-16,2965,38.506493506493506,0.1522724875085792,0.09597893665077681
few_moving,0,463,28107,364.2375809935205,9.729507111180987e-16,5.329070518200751e-16,2965,38.423326133909285,0.15228808076733538,0.09598876441443976
few_moving,0,464,28168,364.2413793103448,6.879800455918813e-16,3.552713678800501e-16,2965,38.34051724137931,0.15229119941905078,0.09599072996718246
few_moving,0,465,28229,364.2451612903226,8.881784197001252e-16,5.329070518200751e-16,2966,38.270967741935486,0.15229182314939232,0.09599112197148213
few_moving,0,466,28290,364.2489270386266,1.4862067603866002e-15,8.881784197001252e-16,2968,38.21459227467811,0.15229194789546077,0.09599120037250766
few_moving,0,467,28351,364.2526766595289,2.063940136775644e-15,1.4210854715202005e-15,2968,38.13276231263384,0.15229197284467433,0.09599121605272928
few_moving,0,468,28412,364.2564102564102,1.4321446692197793e-15,8.881784197001252e-16,2970,38.07692307692308,0.15229197783451667,0.09599121918877421
few_moving,0,469,28473,364.2601279317698,1.4862067603866002e-15,8.881784197001252e-16,2970,37.995735607675904,0.15229197883248544,0.09599121985997153
few_moving,0,470,28534,364.26382978723404,1.191616393558691e-15,5.329070518200751e-16,2970,37.91489361702128,0.15229197903207933,0.09599121999421152
few_moving,0,471,28595,364.2675159235669,1.4321446692197793e-15,8.881784197001252e-16,2974,37.88535031847134,0.15229197907199815,0.09599122002106122
few_moving,0,472,28656,364.271186440678,1.4862067603866002e-15,8.881784197001252e-16,2983,37.91949152542373,0.09138856851737326,0.0576077591431467
few_moving,0,473,28717,364.2748414376321,1.3173814904902171e-15,7.105427357601002e-16,2983,37.83932346723044,0.1401331983515861,0.08833583572514996
few_moving,0,474,28778,364.27848101265823,1.4321446692197793e-15,8.881784197001252e-16,2983,37.75949367088607,0.14988246138206127,0.09448177793340373
few_moving,0,475,28839,364.2821052631579,1.8630587706705477e-15,1.2434497875801752e-15,2986,37.717894736842105,0.15183232744100025,0.09571097919485318
few_moving,0,476,28900,364.2857142857143,1.7313784796629085e-15,1.0658141036401502e-15,2988,37.66386554621849,0.1522223011906649,0.09595682017501875
few_moving,0,477,28961,364.28930817610063,1.820224107610997e-15,1.2434497875801752e-15,2988,37.58490566037736,0.15230029596211056,0.09600598804272671
few_moving,0,478,29022,364.2928870292887,1.4862067603866002e-15,8.881784197001252e-16,2988,37.50627615062761,0.15231589491726058,0.0960158216172788
few_moving,0,479,29083,364.2964509394572,1.3173814904902171e-15,7.105427357601002e-16,2988,37.42797494780793,0.15231901470832482,0.09601778833222967
few_moving,0,480,29144,364.3,6.879800455918813e-16,3.552713678800501e-16,2989,37.3625,0.15231963866653872,0.09601818146636323
few_moving,0,481,29205,364.30353430353426,9.729507111180987e-16,5.329070518200751e-16,2991,37.30977130977131,0.15231976345818146,0.09601826009322198
few_moving,0,482,29266,364.3070539419087,6.879800455918813e-16,3.552713678800501e-16,2991,37.23236514522822,0.1523197884165102,0.09601827581859754
few_moving,0,483,29327,364.3105590062111,8.881784197001252e-16,5.329070518200751e-16,2993,37.18012422360248,0.15231979340817622,0.09601827896367243
few_moving,0,484,29388,364.3140495867769,2.175583928816829e-15,1.5987211554602255e-15,2993,37.10330578512397,0.15231979440650922,0.09601827960098994
few_moving,0,485,29449,364.3175257731959,1.3173814904902171e-15,7.105427357601002e-16,2993,37.02680412371134,0.15231979460617587,0.0960182797284535
few_moving,0,486,29510,364.320987654321,1.4321446692197793e-15,8.881784197001252e-16,2997,37,0.15231979464610892,0.09601827975394613
few_moving,0,487,29571,364.3244353182751,1.3759600911837627e-15,7.105427357601002e-16,3006,37.034907597535934,0.09137855509658849,0.05759801644253635
few_moving,0,488,29632,364.327868852459,1.3173814904902171e-15,7.105427357601002e-16,3006,36.959016393442624,0.14010965523726493,0.08831293068106412
few_moving,0,489,29693,364.3312883435583,1.4321446692197793e-15,8.881784197001252e-16,3006,36.88343558282209,0.14985552866871102,0.09445557495767623
few_moving,0,490,29754,364.33469387755105,1.4862067603866002e-15,8.881784197001252e-16,3009,36.844897959183676,0.15180468946040104,0.09568409018961163
few_moving,0,491,29815,364.3380855397149,1.3173814904902171e-15,7.105427357601002e-16,3011,36.79429735234216,0.1521945210627081,0.09592979273140866
few_moving,0,492,29876,364.3414634146342,1.4321446692197793e-15,8.881784197001252e-16,3011,36.71951219512196,0.15227248736092755,0.0959789331521043
few_moving,0,493,29937,364.34482758620686,1.4862067603866002e-15,8.881784197001252e-16,3011,36.64503042596349,0.15228808061968033,0.09598876123540676
few_moving,0,494,29998,364.34817813765187,1.3173814904902171e-15,7.105427357601002e-16,3011,36.570850202429156,0.15229119927139553,0.09599072685203323
few_moving,0,495,30059,364.3515151515152,1.820224107610997e-15,1.2434497875801752e-15,3012,36.50909090909091,0.15229182300173724,0.09599111993593304
few_moving,0,496,30120,364.3548387096774,1.4862067603866002e-15,8.881784197001252e-16,3014,36.45967741935483,0.1522919477478054,0.09599119855271808
few_moving,0,497,30181,364.3581488933602,6.879800455918813e-16,3.552713678800501e-16,3014,36.38631790744466,0.15229197269701955,0.09599121427607589
few_moving,0,498,30242,364.36144578313247,8.881784197001252e-16,5.329070518200751e-16,3016,36.33734939759036,0.1522919776868622,0.09599121742074794
few_moving,0,499,30303,364.36472945891785,9.729507111180987e-16,5.329070518200751e-16,3016,36.26452905811624,0.1522919786848303,0.09599121805124984
few_moving,0,500,30364,364.368,6.879800455918813e-16,3.552713678800501e-16,3016,36.192,0.15229197888442517,0.09599121817735116
few_moving,0,501,30425,364.37125748502996,8.881784197001252e-16,5.329070518200751e-16,3020,36.16766467065868,0.15229197892434324,0.09599121820257095
few_moving,0,502,30486,364.37450199203187,1.4862067603866002e-15,8.881784197001252e-16,3029,36.20318725099601,0.09138856853279143,0.057607757973017135
few_moving,0,503,30547,364.3777335984095,2.063940136775644e-15,1.4210854715202005e-15,3029,36.13121272365805,0.1401331983405456,0.08833583505490408
few_moving,0,504,30608,364.3809523809524,1.4321446692197793e-15,8.881784197001252e-16,3029,36.0595238095238,0.14988246136572897,0.09448177700891931
few_moving,0,505,30669,364.3841584158416,1.4862067603866002e-15,8.881784197001252e-16,3032,36.02376237623763,0.15183232742360944,0.09571097841595143
few_moving,0,506,30730,364.3873517786561,1.191616393558691e-15,5.329070518200751e-16,3034,35.976284584980235,0.15222230117306246,0.0959568192253836
few_moving,0,507,30791,364.39053254437874,1.4321446692197793e-15,8.881784197001252e-16,3034,35.905325443786985,0.15230029594446595,0.09600598739565054
few_moving,0,508,30852,364.39370078740154,1.4862067603866002e-15,8.881784197001252e-16,3034,35.83464566929133,0.15231589489960723,0.09601582103054296
few_moving,0,509,30913,364.39685658153246,1.3173814904902171e-15,7.105427357601002e-16,3034,35.76424361493124,0.1523190146906698,0.09601778775755491
few_moving,0,510,30974,364.40000000000003,1.4321446692197793e-15,8.881784197001252e-16,3035,35.705882352941174,0.1523196386488839,0.09601818109551741
few_moving,0,511,31035,364.40313111545987,1.8630587706705477e-15,1.2434497875801752e-15,3037,35.659491193737765,0.15231976344052678,0.09601825976311121
few_moving,0,512,31096,364.40625,1.7313784796629085e-15,1.0658141036401502e-15,3037,35.58984375,0.1523197883988552,0.09601827549662956
few_moving,0,513,31157,364.40935672514615,1.820224107610997e-15,1.2434497875801752e-15,3039,35.5438596491228,0.1523197933905212,0.09601827864333361
few_moving,0,514,31218,364.41245136186774,1.4862067603866002e-15,8.881784197001252e-16,3039,35.474708171206224,0.15231979438885412,0.09601827927297082
few_moving,0,515,31279,364.4155339805825,1.3173814904902171e-15,7.105427357601002e-16,3039,35.40582524271844,0.15231979458852057,0.09601827939889686
few_moving,0,516,31340,364.4186046511628,6.879800455918813e-16,3.552713678800501e-16,3043,35.38372093023256,0.15231979462845394,0.09601827942408334
few_moving,0,517,31401,364.42166344294003,9.729507111180987e-16,5.329070518200751e-16,3052,35.41972920696325,0.09137855503466069,0.057598016176771835
few_moving,0,518,31462,364.42471042471044,6.879800455918813e-16,3.552713678800501e-16,3052,35.351351351351354,0.1401096551594214,0.08831293050337646
few_moving,0,519,31523,364.4277456647399,8.881784197001252e-16,5.329070518200751e-16,3052,35.28323699421965,0.14985552858768414,0.09445557473074663
few_moving,0,520,31584,364.4307692307693,2.175583928816829e-15,1.5987211554602255e-15,3055,35.25,0.15180468937873806,0.0956840899899132
few_moving,0,521,31645,364.4337811900192,1.3173814904902171e-15,7.105427357601002e-16,3057,35.20537428023032,0.15219452098091765,0.09592979249942749
few_moving,0,522,31706,364.4367816091954,1.4321446692197793e-15,8.881784197001252e-16,3057,35.13793103448276,0.152272487279111,0.09597893297723062
few_moving,0,523,31767,364.4397705544933,1.3759600911837627e-15,7.105427357601002e-16,3057,35.07074569789675,0.15228808053785964,0.09598876107192175
few_moving,0,524,31828,364.4427480916031,1.3173814904902171e-15,7.105427357601002e-16,3057,35.00381679389313,0.15229119918957387,0.0959907266908267
few_moving,0,525,31889,364.4457142857143,1.4321446692197793e-15,8.881784197001252e-16,3058,34.94857142857143,0.1522918229199155,0.09599111981320063
few_moving,0,526,31950,364.4486692015209,1.4862067603866002e-15,8.881784197001252e-16,3060,34.90494296577946,0.15229194766598336,0.09599119843767577
few_moving,0,527,32011,364.4516129032258,1.3173814904902171e-15,7.105427357601002e-16,3060,34.83870967741935,0.1522919726151967,0.09599121416257046
few_moving,0,528,32072,364.4545454545454,1.4321446692197793e-15,8.881784197001252e-16,3062,34.79545454545454,0.15229197760503982,0.09599121730754949
few_moving,0,529,32133,364.4574669187146,1.4862067603866002e-15,8.881784197001252e-16,3062,34.7296786389414,0.1522919786030083,0.09599121793660215
few_moving,0,530,32194,364.4603773584906,1.3173814904902171e-15,7.105427357601002e-16,3062,34.66415094339622,0.15229197880260179,0.09599121806241177
few_moving,0,531,32255,364.46327683615823,1.820224107610997e-15,1.2434497875801752e-15,3066,34.64406779661017,0.15229197884252074,0.0959912180875733
few_moving,0,532,32316,364.4661654135338,1.4862067603866002e-15,8.881784197001252e-16,3075,34.680451127819545,0.09138856850969264,0.057607757917700717
few_moving,0,533,32377,364.46904315196997,6.879800455918813e-16,3.552713678800501e-16,3075,34.61538461538462,0.14013319829645596,0.08833583500463413
few_moving,0,534,32438,364.4719101123596,8.881784197001252e-16,5.329070518200751e-16,3075,34.550561797752806,0.14988246131743968,0.09448177694703641
few_moving,0,535,32499,364.4747663551402,9.729507111180987e-16,5.329070518200751e-16,3078,34.519626168224306,0.1518323273744806,0.0957109783587455
few_moving,0,536,32560,364.4776119402985,6.879800455918813e-16,3.552713678800501e-16,3080,34.47761194029851,0.15222230112376528,0.09595681916199027
few_moving,0,537,32621,364.4804469273743,8.881784197001252e-16,5.329070518200751e-16,3080,34.41340782122905,0.15230029589513577,0.09600598734301921
few_moving,0,538,32682,364.48327137546465,1.4862067603866002e-15,8.881784197001252e-16,3080,34.34944237918216,0.15231589485027042,0.09601582098005787
few_moving,0,539,32743,364.48608534322824,2.063940136775644e-15,1.4210854715202005e-15,3080,34.28571428571429,0.1523190146413314,0.09601778770749902
few_moving,0,540,32804,364.4888888888889,1.4321446692197793e-15,8.881784197001252e-16,3081,34.233333333333334,0.15231963859954503,0.09601818105272346
few_moving,0,541,32865,364.49168207024024,1.4862067603866002e-15,8.881784197001252e-16,3083,34.19223659889094,0.1523197633911875,0.09601825972176775
few_moving,0,542,32926,364.49446494464945,1.191616393558691e-15,5.329070518200751e-16,3083,34.12915129151292,0.15231978834951632,0.09601827545557774
few_moving,0,543,32987,364.4972375690607,1.4321446692197793e-15,8.881784197001252e-16,3085,34.08839779005525,0.15231979334118187,0.09601827860233925
few_moving,0,544,33048,364.50000000000006,1.4862067603866002e-15,8.881784197001252e-16,3085,34.025735294117645,0.15231979433951512,0.09601827923170278
few_moving,0,545,33109,364.50275229357794,1.3173814904902171e-15,7.105427357601002e-16,3085,33.96330275229358,0.15231979453918185,0.09601827935757512
few_moving,0,546,33170,364.50549450549454,1.4321446692197793e-15,8.881784197001252e-16,3089,33.94505494505494,0.15231979457911585,0.0960182793827498
few_moving,0,547,33231,364.508226691042,1.8630587706705477e-15,1.2434497875801752e-15,3098,33.981718464351005,0.09137855499223176,0.05759801614133293
few_moving,0,548,33292,364.5109489051095,1.7313784796629085e-15,1.0658141036401502e-15,3098,33.91970802919708,0.14010965509864462,0.08831293045997471
few_moving,0,549,33353,364.5136612021858,1.820224107610997e-15,1.2434497875801752e-15,3098,33.85792349726776,0.14985552852323786,0.09445557468337024
few_moving,0,550,33414,364.5163636363637,1.4862067603866002e-15,8.881784197001252e-16,3101,33.829090909090915,0.1518046893135568,0.09568408994306273
few_moving,0,551,33475,364.519056261343,1.3173814904902171e-15,7.105427357601002e-16,3103,33.78947368421053,0.15219452091559008,0.09592979245133709
few_moving,0,552,33536,364.5217391304348,6.879800455918813e-16,3.552713678800501e-16,3103,33.72826086956522,0.15227248721375375,0.0959789329311578
few_moving,0,553,33597,364.52441229656415,9.729507111180987e-16,5.329070518200751e-16,3103,33.66726943942134,0.15228808047249656,0.09598876102625181
few_moving,0,554,33658,364.5270758122744,6.879800455918813e-16,3.552713678800501e-16,3103,33.60649819494585,0.15229119912421044,0.09599072664523609
few_moving,0,555,33719,364.52972972972975,8.881784197001252e-16,5.329070518200751e-16,3104,33.556756756756755,0.15229182285455103,0.09599111976898189
few_moving,0,556,33780,364.5323741007194,2.175583928816829e-15,1.5987211554602255e-15,3106,33.51798561151079,0.15229194760061893,0.09599119839373015
few_moving,0,557,33841,364.53500897666066,1.3173814904902171e-15,7.105427357601002e-16,3106,33.45780969479354,0.15229197254983254,0.09599121411867986
few_moving,0,558,33902,364.5376344086021,1.4321446692197793e-15,8.881784197001252e-16,3108,33.41935483870967,0.15229197753967608,0.09599121726366987
few_moving,0,559,33963,364.5402504472272,1.3759600911837627e-15,7.105427357601002e-16,3108,33.35957066189624,0.1522919785376444,0.09599121789266998
few_moving,0,560,34024,364.54285714285714,1.3173814904902171e-15,7.105427357601002e-16,3108,33.3,0.15229197873723854,0.09599121801847144
few_moving,0,561,34085,364.54545454545456,1.4321446692197793e-15,8.881784197001252e-16,3112,33.283422459893046,0.15229197877715708,0.09599121804363124
few_moving,0,562,34146,364.5480427046263,1.4862067603866002e-15,8.881784197001252e-16,3121,33.320284697508896,0.09138856847696564,0.057607757895939304
few_moving,0,563,34207,364.550621669627,1.3173814904902171e-15,7.105427357601002e-16,3121,33.261101243339255,0.14013319824410284,0.0883358349711171
few_moving,0,564,34268,364.5531914893617,1.4321446692197793e-15,8.881784197001252e-16,3121,33.20212765957447,0.1498824612611615,0.09448177691072097
few_moving,0,565,34329,364.5557522123894,1.4862067603866002e-15,8.881784197001252e-16,3124,33.17522123893805,0.15183232731741747,0.09571097832211925
few_moving,0,566,34390,364.5583038869258,1.3173814904902171e-15,7.105427357601002e-16,3126,33.13780918727915,0.15222230106654536,0.09595681912504919
few_moving,0,567,34451,364.5608465608466,1.820224107610997e-15,1.2434497875801752e-15,3126,33.07936507936508,0.15230029583788376,0.09600598730644186
few_moving,0,568,34512,364.5633802816901,1.4862067603866002e-15,8.881784197001252e-16,3126,33.021126760563384,0.15231589479301202,0.09601582094355374
few_moving,0,569,34573,364.56590509666086,6.879800455918813e-16,3.552713678800501e-16,3126,32.963093145869955,0.15231901458407235,0.09601778767101
few_moving,0,570,34634,364.5684210526316,8.881784197001252e-16,5.329070518200751e-16,3127,32.91578947368421,0.1523196385422851,0.09601818101649182
few_moving,0,571,34695,364.57092819614707,9.729507111180987e-16,5.329070518200751e-16,3129,32.87915936952714,0.15231976333392847,0.09601825968558916
few_moving,0,572,34756,364.57342657342656,6.879800455918813e-16,3.552713678800501e-16,3129,32.82167832167832,0.15231978829225665,0.09601827541940847
few_moving,0,573,34817,364.57591623036643,8.881784197001252e-16,5.329070518200751e-16,3131,32.78534031413613,0.15231979328392253,0.09601827856617251
few_moving,0,574,34878,364.57839721254356,1.4862067603866002e-15,8.881784197001252e-16,3131,32.72822299651568,0.15231979428225564,0.09601827919552523
few_moving,0,575,34939,364.58086956521737,2.063940136775644e-15,1.4210854715202005e-15,3131,32.67130434782609,0.1523197944819224,0.09601827932139562
few_moving,0,576,35000,364.58333333333337,1.4321446692197793e-15,8.881784197001252e-16,3135,32.65625,0.15231979452185557,0.09601827934656963
few_moving,0,577,35061,364.5857885615251,1.4862067603866002e-15,8.881784197001252e-16,3144,32.693240901213166,0.09137855495467737,0.057598016117199245
few_moving,0,578,35122,364.5882352941176,1.191616393558691e-15,5.329070518200751e-16,3144,32.63667820069204,0.1401096550421333,0.08831293042404754
few_moving,0,579,35183,364.59067357512953,1.4321446692197793e-15,8.881784197001252e-16,3144,32.58031088082901,0.14985552846293587,0.09445557464499872
few_moving,0,580,35244,364.5931034482759,1.4862067603866002e-15,8.881784197001252e-16,3147,32.5551724137931,0.15180468925249646,0.09568408990424987
few_moving,0,581,35305,364.59552495697073,1.3173814904902171e-15,7.105427357601002e-16,3149,32.519793459552496,0.15219452085437818,0.09592979241238873
few_moving,0,582,35366,364.59793814432993,1.4321446692197793e-15,8.881784197001252e-16,3149,32.4639175257732,0.15227248715251182,0.09597893289226256
few_moving,0,583,35427,364.6003430531732,1.8630587706705477e-15,1.2434497875801752e-15,3149,32.4082332761578,0.15228808041124903,0.09598876098736764
few_moving,0,584,35488,364.60273972602744,1.7313784796629085e-15,1.0658141036401502e-15,3149,32.352739726027394,0.15229119906296096,0.09599072660635441
few_moving,0,585,35549,364.6051282051282,1.820224107610997e-15,1.2434497875801752e-15,3150,32.30769230769231,0.15229182279330167,0.0959911197301478
few_moving,0,586,35610,364.6075085324232,1.4862067603866002e-15,8.881784197001252e-16,3152,32.27303754266211,0.1522919475393692,0.09599119835490615
few_moving,0,587,35671,364.6098807495741,1.3173814904902171e-15,7.105427357601002e-16,3152,32.218057921635435,0.15229197248858356,0.09599121407985842
few_moving,0,588,35732,364.61224489795916,6.879800455918813e-16,3.552713678800501e-16,3154,32.18367346938775,0.1522919774784257,0.09599121722484841
few_moving,0,589,35793,364.6146010186757,9.729507111180987e-16,5.329070518200751e-16,3154,32.12903225806451,0.15229197847639422,0.09599121785384719
few_moving,0,590,35854,364.61694915254236,6.879800455918813e-16,3.552713678800501e-16,3154,32.07457627118644,0.1522919786759883,0.095991217979647
few_moving,0,591,35915,364.61928934010155,8.881784197001252e-16,5.329070518200751e-16,3158,32.06091370558376,0.1522919787159067,0.09599121800480673
few_moving,0,592,35976,364.6216216216216,2.175583928816829e-15,1.5987211554602255e-15,3167,32.09797297297297,0.09138856844183026,0.0576077578738303
few_moving,0,593,36037,364.6239460370995,1.3173814904902171e-15,7.105427357601002e-16,3167,32.043844856661046,0.14013319818968434,0.08833583493686865
few_moving,0,594,36098,364.62626262626264,1.4321446692197793e-15,8.881784197001252e-16,3167,31.989898989898986,0.1498824612028865,0.09448177687402552
few_moving,0,595,36159,364.62857142857143,1.3759600911837627e-15,7.105427357601002e-16,3170,31.966386554621852,0.1518323272583709,0.0957109782849433
few_moving,0,596,36220,364.6308724832215,1.3173814904902171e-15,7.105427357601002e-16,3172,31.932885906040266,0.15222230100734366,0.09595681908776756
few_moving,0,597,36281,364.63316582914575,1.4321446692197793e-15,8.881784197001252e-16,3172,31.879396984924625,0.15230029577865195,0.09600598726915657
few_moving,0,598,36342,364.6354515050167,1.4862067603866002e-15,8.881784197001252e-16,3172,31.82608695652174,0.15231589473377358,0.09601582090626652
few_moving,0,599,36403,364.6377295492488,1.3173814904902171e-15,7.105427357601002e-16,3172,31.772954924874792,0.1523190145248325,0.09601778763372198
few_moving,0,600,36464,364.64,1.4321446692197793e-15,8.881784197001252e-16,3173,31.73,0.15231963848304597,0.09601818097921475
many_moving,0,0,0,,18.187917130173428,17.241615522676813,0,,18.187917130173428,17.241615522676813
many_moving,0,1,40,240,8.732732372315386,7.427804860803237,40,240,8.732732372315386,7.427804860803237
many_moving,0,2,100,300,5.726723138072793,4.812547840903697,100,300,5.726723138072793,4.812547840903697
many_moving,0,3,161,322,3.0648841827969058,2.63075579720807,161,322,3.0648841827969058,2.63075579720807
many_moving,0,4,222,333,1.9018216384055475,1.4001777131128779,222,333,1.9018216384055475,1.4001777131128779
many_moving,0,5,283,339.6,1.3194923817273232,0.8804961099354985,283,339.6,1.3194923817273232,0.8804961099354985
many_moving,0,6,344,343.99999999999994,0.830375259062732,0.5754025316081653,344,343.99999999999994,0.830375259062732,0.5754025316081653
many_moving,0,7,405,347.1428571428571,0.5805761354409638,0.3728209052866186,396,339.42857142857144,0.5805761354409638,0.3728209052866186
many_moving,0,8,466,349.5,0.43504778830390345,0.2562192236750025,402,301.5,0.5053512786557446,0.29303523441624957
many_moving,0,9,527,351.33333333333337,0.26335079587026733,0.1698085336621727,402,268.00000000000006,0.49510907500223333,0.28406845185317875
many_moving,0,10,588,352.8,0.17974589659299417,0.11608873936488733,402,241.20000000000002,0.4932821203887342,0.2825163652881977
many_moving,0,11,649,354.00000000000006,0.15079835640791348,0.08285185659580349,402,219.2727272727273,0.49292580240572564,0.28221657374835996
many_moving,0,12,710,355,0.08500816943963498,0.05374137307892124,402,201,0.4928549033703263,0.2821570533526064
many_moving,0,13,771,355.8461538461538,0.056770311134246874,0.037038936015916145,402,185.53846153846155,0.4928407381587309,0.2821451669015596
many_moving,0,14,832,356.57142857142856,0.05334115286203166,0.02896725308259116,402,172.2857142857143,0.4928379057003348,0.28214279031738015
many_moving,0,15,893,357.2,0.028571152550873405,0.017221063716646504,402,160.8,0.49283733923201356,0.2821423150287936
many_moving,0,16,954,357.75,0.020746965021316028,0.012086430712806493,402,150.75,0.49283722593928336,0.2821422199722056
many_moving,0,17,1015,358.2352941176471,0.018252923470842595,0.010239992211331499,402,141.8823529411765,0.4928372032807756,0.28214220096093384
many_moving,0,18,1076,358.6666666666667,0.011299684986551749,0.005495762061074715,402,134.00000000000003,0.49283719874907544,0.28214219715868155
many_moving,0,19,1137,359.0526315789474,0.009087663017992362,0.004873925082735001,402,126.94736842105264,0.49283719784273516,0.28214219639823107
many_moving,0,20,1198,359.40000000000003,0.005491404884967967,0.003232100062410688,402,120.60000000000001,0.49283719766146733,0.2821421962461403
many_moving,0,21,1259,359.7142857142858,0.005708564940541066,0.003269124479898604,408,116.57142857142857,0.4928371976252134,0.28214219621572345
many_moving,0,22,1320,360,0.004006828569952552,0.002270205580560006,425,115.90909090909092,0.24514982744763103,0.1611853418147259
many_moving,0,23,1381,360.2608695652174,0.001397456020709676,0.0008913756616906659,425,110.8695652173913,0.2265127675173247,0.14418087745508984
many_moving,0,24,1442,360.49999999999994,0.0031055128214442468,0.0019190370436476007,425,106.25,0.2252197344672911,0.14339115414629447
many_moving,0,25,1503,360.72,0.0015198100225790995,0.0008811597568752192,425,102,0.2250645842883743,0.14326840575307517
many_moving,0,26,1564,360.9230769230769,0.0008547156693018114,0.00048030386128388336,425,98.07692307692308,0.22503771492217758,0.14324536611573652
many_moving,0,27,1625,361.1111111111111,0.0015709230472580656,0.0009884342440607927,425,94.44444444444444,0.2250325076065978,0.14324081975915806
many_moving,0,28,1686,361.2857142857143,0.00043110825751982933,0.00025327840998421813,425,91.07142857142857,0.22503147280675648,0.14323991296057584
many_moving,0,29,1747,361.44827586206895,0.0007056988038337966,0.00043830139632639574,425,87.93103448275862,0.2250312661133269,0.14323973169984833
many_moving,0,30,1808,361.6,0.0006951103843111569,0.00043911608862614497,425,85,0.22503122478530255,0.14323969545166357
many_moving,0,31,1869,361.7419354838709,0.0001673511045162347,0.00010316441198198403,425,82.25806451612902,0.22503121652012434,0.1432396882021857
many_moving,0,32,1930,361.875,0.0004530192485706438,0.0002842767907490788,425,79.6875,0.2250312148671055,0.14323968675229548
many_moving,0,33,1991,361.99999999999994,0.0002514093148541904,0.00015884031206806889,425,77.27272727272727,0.22503121453650246,0.1432396864623182
many_moving,0,34,2052,362.11764705882354,0.0001725406857739235,0.00010855474509430768,425,75,0.22503121447038252,0.14323968640432358
many_moving,0,35,2113,362.2285714285714,0.00023999034379314327,0.00015079072199013823,425,72.85714285714285,0.22503121445715757,0.14323968639272228
many_moving,0,36,2174,362.33333333333337,0.00006263772895813888,0.000039200065035829496,431,71.83333333333334,0.22503121445451316,0.1432396863904026
many_moving,0,37,2235,362.4324324324324,0.00013153901166808727,0.00008313438439682141,448,72.64864864864865,0.17719850924114205,0.09701299025420271
many_moving,0,38,2296,362.5263157894737,0.00010622743699095336,0.00006666082810426888,448,70.73684210526315,0.20247934412541405,0.11947395107139633
many_moving,0,39,2357,362.6153846153846,0.00002644498359767306,0.00001652950596332165,448,68.92307692307692,0.20851189257071362,0.12582929663150894
many_moving,0,40,2418,362.70000000000005,0.00007968694103379572,0.000050342954222320375,448,67.2,0.2097509444972838,0.12711328469869754
many_moving,0,41,2479,362.780487804878,0.000037142667935133145,0.000023184628462736144,448,65.5609756097561,0.21000000945586106,0.1273705208568383
many_moving,0,42,2540,362.8571428571429,0.000030045207602029945,0.00001898704443943143,448,64,0.21004987226233565,0.12742198512113537
many_moving,0,43,2601,362.93023255813955,0.00004059035776995138,0.000025614265484669478,448,62.51162790697674,0.21005984681328987,0.12743227865137255
many_moving,0,44,2662,363,0.000008675912369431974,0.0000052738934753725265,448,61.09090909090909,0.21006184180304263,0.12743433738448268
many_moving,0,45,2723,363.06666666666666,0.000022545274754523242,0.00001423724419486931,448,59.73333333333333,0.21006224080417635,0.1274347491321873
many_moving,0,46,2784,363.13043478260863,0.000017317667468614515,0.000010907657999557733,448,58.43478260869564,0.21006232060453003,0.12743483148177176
many_moving,0,47,2845,363.1914893617021,0.000005364494095335448,0.0000033909839854398236,448,57.191489361702125,0.210062336564606,0.1274348479516904
many_moving,0,48,2906,363.25,0.000013380130359595831,0.000008442269214934355,448,55.99999999999999,0.21006233975662184,0.12743485124567397
many_moving,0,49,2967,363.3061224489796,0.0000057446846432395,0.0000035993918498986645,448,54.857142857142854,0.21006234039502514,0.12743485190447046
many_moving,0,50,3028,363.36,0.000005532467167160913,0.000003497715436912148,448,53.75999999999999,0.21006234052270556,0.12743485203623034
many_moving,0,51,3089,363.4117647058823,0.000006661114870470885,0.000004197993394265165,454,53.411764705882355,0.21006234054824183,0.12743485206258204
many_moving,0,52,3150,363.46153846153845,0.000001266366056626844,7.683518420473297e-7,471,54.34615384615385,0.09520522611194629,0.051173205712672046
many_moving,0,53,3211,363.5094339622642,0.000003942152514124901,0.0000024902220655849434,471,53.320754716981135,0.13530683272612892,0.0805275725641815
many_moving,0,54,3272,363.55555555555554,0.00000275560973564287,0.0000017328379820066986,471,52.333333333333336,0.14426391711464454,0.08750929963016445
many_moving,0,55,3333,363.6,0.0000010314176978492155,6.522231500217982e-7,471,51.38181818181818,0.14607916200842416,0.08891342802616939
many_moving,0,56,3394,363.6428571428571,0.000002266080656206504,0.000001430100322136074,471,50.464285714285715,0.1464430912893056,0.08919451361840161
many_moving,0,57,3455,363.6842105263158,8.651815390071677e-7,5.400868606519137e-7,471,49.578947368421055,0.1465159118161938,0.08925074079028818
many_moving,0,58,3516,363.7241379310345,9.938949862359577e-7,6.282191194824996e-7,471,48.724137931034484,0.14653047730413096,0.0892619866241507
many_moving,0,59,3577,363.7627118644068,0.0000010967275121881231,6.912457394428018e-7,471,47.898305084745765,0.14653339045698652,0.0892642358068807
many_moving,0,60,3638,363.8,1.9315724815969913e-7,1.1742049896118704e-7,471,47.1,0.14653397308976765,0.0892646856440653
many_moving,0,61,3700,363.93442622950823,0.4295372959839543,0.3931657913651775,502,49.37704918032787,0.5049750115270434,0.46250735099569695
many_moving,0,62,3764,364.25806451612897,0.46961828874088757,0.41494335138698624,546,52.83870967741935,0.5094533396965075,0.4588157381712746
many_moving,0,63,3828,364.57142857142856,0.5671643163777321,0.4975851458772964,590,56.19047619047619,0.6089626888133381,0.5370475179825287
many_moving,0,64,3893,364.96875,0.6200272915078267,0.5334900909404534,635,59.53125,0.7016316472948196,0.6037618515249508
many_moving,0,65,3958,365.3538461538462,0.47626972003518514,0.4340470365367607,685,63.23076923076923,0.5230691527699124,0.4650707541666435
many_moving,0,66,4024,365.81818181818176,0.5031371353202602,0.4271838618646049,740,67.27272727272727,0.5118255587229515,0.44015906490285
many_moving,0,67,4089,366.17910447761193,0.5315070849342152,0.43437247423298475,792,70.92537313432835,0.5430197601323603,0.44593082209727297
many_moving,0,68,4152,366.3529411764706,0.5755923900850362,0.447553837187355,841,74.20588235294117,0.5863578829519484,0.4625404152697185
many_moving,0,69,4213,366.34782608695656,0.7448268928680857,0.6009559252463557,888,77.21739130434783,0.7514971623911592,0.6100698970013688
many_moving,0,70,4272,366.1714285714285,0.9250146631020589,0.7885964531076577,933,79.97142857142856,0.932845787374349,0.79945293085307
many_moving,0,71,4330,365.9154929577465,1.0617803354507132,0.9207880543338683,973,82.22535211267605,1.067887982973867,0.9245181052259948
many_moving,0,72,4385,365.4166666666667,1.1548012891331638,0.9854196738859574,1011,84.25,1.1788829397679907,1.0083136676096582
many_moving,0,73,4440,364.9315068493151,0.9604014207320694,0.8199738509574099,1049,86.21917808219179,1.194942910709014,0.9968882683787378
many_moving,0,74,4499,364.78378378378375,1.050026916810876,0.9398811348916916,1090,88.37837837837837,1.3372084366514334,1.1544202390947509
many_moving,0,75,4560,364.8,1.248332364151091,1.1311918790467865,1132,90.56,1.434609740230679,1.2786061297905078
many_moving,0,76,4624,365.05263157894734,0.976391460238627,0.8999088320761702,1176,92.84210526315789,1.2106302914000397,1.1169169435039907
many_moving,0,77,4689,365.37662337662334,0.7504363253294685,0.6679024213738586,1221,95.14285714285712,1.1294435641507727,1.0150083236875687
many_moving,0,78,4754,365.6923076923077,0.5160367355138831,0.4721249024260179,1266,97.38461538461537,1.0044805036790398,0.8356806188486251
many_moving,0,79,4819,366,0.47533138276850734,0.4120095126259672,1311,99.56962025316456,0.8993607424289768,0.7605094117187254
many_moving,0,80,4883,366.225,0.5514041039865932,0.4730660988913133,1355,101.625,0.8418323839377871,0.7315441697183799
many_moving,0,81,4945,366.29629629629625,0.5682461362542828,0.5205603409830686,1402,103.85185185185183,0.6257002026133804,0.5833948855417138
many_moving,0,82,5008,366.4390243902439,0.6465571259495575,0.5761188223134975,1447,105.87804878048779,0.6753713293421328,0.6252005791019547
many_moving,0,83,5071,366.5783132530121,0.6010885667064771,0.5258651763430214,1490,107.71084337349397,0.6734357574251745,0.6287301525209126
many_moving,0,84,5135,366.78571428571433,0.6015872406971577,0.5417579741827541,1535,109.64285714285715,0.7012109529288293,0.6702508357140605
many_moving,0,85,5199,366.9882352941176,0.6178229874766431,0.5644489183941983,1582,111.6705882352941,0.7488724500655278,0.7005087343722153
many_moving,0,86,5262,367.1162790697675,0.6231299569467088,0.5377123928894355,1626,113.44186046511628,0.774557135611978,0.6645825876987119
many_moving,0,87,5323,367.10344827586204,0.7175540312703907,0.5869427311067567,1668,115.0344827586207,0.8283755474211097,0.6885962097317381
many_moving,0,88,5382,366.9545454545455,0.8277223165617398,0.6746185368415639,1710,116.5909090909091,0.9195544587438934,0.7520632773639273
many_moving,0,89,5441,366.80898876404495,0.686616121059461,0.6065812380724542,1752,118.11235955056179,0.9610092758277049,0.7968172414335893
many_moving,0,90,5501,366.73333333333335,0.7703413414728822,0.68486819316181,1794,119.60000000000001,0.9415594242226925,0.800388602673508
many_moving,0,91,5560,366.5934065934066,0.8947930195861128,0.782840230742527,1834,120.92307692307693,1.0340319692791233,0.8614703140094768
many_moving,0,92,5620,366.52173913043475,0.7243217633624174,0.6839553165969852,1874,122.21739130434783,0.9649434793034595,0.86880300002782
many_moving,0,93,5681,366.51612903225805,0.5991191520365421,0.5330394071049861,1915,123.54838709677419,0.9643233788544456,0.8245510649067583
many_moving,0,94,5744,366.6382978723404,0.5587767938008349,0.5051068985453082,1958,124.97872340425533,0.9395790910276517,0.8081634863541778
many_moving,0,95,5809,366.88421052631577,0.6325583961974643,0.5447416230384026,2003,126.50526315789475,0.9037837506036732,0.815047540197028
many_moving,0,96,5874,367.12499999999994,0.5825292394670427,0.49132748661949116,2052,128.24999999999997,0.7853108314374037,0.6853168066150828
many_moving,0,97,5939,367.360824742268,0.477874002482579,0.4296857571621433,2100,129.89690721649484,0.5068502670814209,0.4388696400579663
many_moving,0,98,6005,367.6530612244898,0.5376417173987978,0.45711994700247616,2146,131.3877551020408,0.5820818850506005,0.5195467036628286
many_moving,0,99,6070,367.8787878787879,0.5514395656192139,0.4410100939359364,2191,132.78787878787878,0.611174749572199,0.5180318972538337
many_moving,0,100,6133,367.97999999999996,0.5743372700323448,0.47071714970838074,2237,134.22,0.6298385248954584,0.5492561907894558
many_moving,0,101,6194,367.96039603960395,0.7456918264825477,0.6201694591761556,2279,135.3861386138614,0.843601594043931,0.734899760473811
many_moving,0,102,6252,367.764705882353,0.9336341962677002,0.8065436156917736,2318,136.3529411764706,1.0133332545448928,0.9040668047197874
many_moving,0,103,6308,367.45631067961165,1.1002136919061414,0.9479099123422575,2356,137.24271844660194,1.1696854684773494,1.0270067818301776
many_moving,0,104,6363,367.0961538461538,1.1508637785245197,0.964617210678337,2394,138.1153846153846,1.2241322706236177,1.0251152429065136
many_moving,0,105,6422,366.9714285714286,1.1859408796416275,1.0337841959029634,2435,139.14285714285714,1.3404543922486352,1.1326660241790643
many_moving,0,106,6483,366.9622641509434,1.285065164534529,1.1497826423731972,2477,140.2075471698113,1.4317223593194914,1.2648591941913239
many_moving,0,107,6547,367.1214953271028,1.0297183547042816,0.9517442032032907,2521,141.3644859813084,1.199795995762872,1.0978722794080993
many_moving,0,108,6612,367.33333333333337,0.7918155433230826,0.7136908644535723,2566,142.55555555555557,1.1386780683395767,1.0278137702331833
many_moving,0,109,6677,367.54128440366975,0.5748042885150028,0.5217228876119611,2611,143.72477064220186,1.016226923382118,0.8571910526201603
many_moving,0,110,6742,367.7454545454546,0.466112091424205,0.4181759811018539,2656,144.8727272727273,0.8896476670346417,0.7588596976911541
many_moving,0,111,6806,367.8918918918919,0.5154779891549306,0.4454717476065899,2704,146.16216216216213,0.806080415598576,0.706111295083008
many_moving,0,112,6868,367.9285714285714,0.5291777030924901,0.4752631956956215,2749,147.26785714285714,0.5857049531866587,0.5204086101734386
many_moving,0,113,6931,368.01769911504425,0.603322992038168,0.5398716541214914,2792,148.24778761061947,0.64697535864345,0.6078794354884203
many_moving,0,114,6993,368.05263157894734,0.6530593833162587,0.5703591319091749,2834,149.1578947368421,0.7239192569268454,0.671337885686193
many_moving,0,115,7055,368.0869565217391,0.6111439363048031,0.5485381949694755,2879,150.2086956521739,0.6821314852657437,0.6495050451132113
many_moving,0,116,7119,368.2241379310345,0.6215043488176253,0.5785885392843108,2924,151.24137931034483,0.7472742861069472,0.6997024457169119
many_moving,0,117,7183,368.35897435897436,0.6424832744853736,0.5707492248960058,2969,152.25641025641025,0.762969830288446,0.6726647257109425
many_moving,0,118,7245,368.3898305084746,0.6982058142902732,0.6004406376673995,3012,153.15254237288136,0.7925197580039335,0.6770629169404988
many_moving,0,119,7304,368.2689075630252,0.8230401869999037,0.6573664099315133,3054,153.9831932773109,0.9087839301433104,0.7213763261912906
many_moving,0,120,7363,368.15,0.719088022425475,0.6228444201292302,3096,154.8,0.9718050953563113,0.7964415805947367
many_moving,0,121,7422,368.0330578512397,0.40194003721743793,0.3535124070783432,3116,154.51239669421489,0.8120482919571744,0.5974429036673111
many_moving,0,122,7481,367.9180327868853,0.34653582983338,0.28642992759220626,3117,153.29508196721312,0.7983146531105798,0.5806745419182527
many_moving,0,123,7541,367.8536585365854,0.28196310463801144,0.22845565100039908,3117,152.0487804878049,0.796422331273266,0.5792509782054623
many_moving,0,124,7601,367.7903225806451,0.08561917526766198,0.0709834810356752,3117,150.82258064516128,0.7960786868786379,0.5790560062408314
many_moving,0,125,7660,367.67999999999995,0.021203042197351658,0.019065883297862372,3117,149.61599999999999,0.7960113550666589,0.5790206358097025
many_moving,0,126,7719,367.57142857142856,0.05418063677058952,0.0369349956399411,3121,148.61904761904762,0.7959979446195977,0.5790137067841796
many_moving,0,127,7778,367.4645669291338,0.026554850775720663,0.015749709618081673,3123,147.54330708661416,0.7258314460603427,0.5099107546873023
many_moving,0,128,7837,367.359375,0.019238368249567303,0.0126749556007655,3123,146.390625,0.7162180366823206,0.4998980063349695
many_moving,0,129,7896,367.25581395348837,0.027559572955208625,0.016009109413045182,3123,145.25581395348837,0.71449056436684,0.49822019971944204
many_moving,0,130,7955,367.1538461538462,0.0061458492615699715,0.0037785920605254123,3125,144.23076923076925,0.6759056587894099,0.46818160651077206
many_moving,0,131,8014,367.0534351145038,0.01483684116690846,0.008472367105579696,3125,143.12977099236642,0.6756860966095428,0.4712979222023209
many_moving,0,132,8073,366.9545454545454,0.011992906096382712,0.006632228680469084,3125,142.04545454545453,0.6759506704965799,0.47272665015912063
many_moving,0,133,8132,366.85714285714283,0.0029950237906931094,0.001734289113038097,3125,140.97744360902254,0.6760159066571099,0.47303828994835867
many_moving,0,134,8191,366.76119402985074,0.008993709385938681,0.004942586890237823,3127,140.01492537313433,0.6760294464552344,0.4731015834651811
many_moving,0,135,8250,366.6666666666667,0.004081595651201721,0.0022578968906064954,3138,139.46666666666667,0.37011340819866473,0.29025192656286836
many_moving,0,136,8309,366.5735294117647,0.0034892375137124385,0.0019002477753756975,3150,138.97058823529412,0.4245343857729399,0.3237097818375002
many_moving,0,137,8368,366.48175182481754,0.004558323171483672,0.00248730698112337,3157,138.26277372262774,0.4207098576182896,0.3203339389613743
many_moving,0,138,8427,366.3913043478261,0.0008549141123360348,0.00047746150354459745,3173,137.95652173913044,0.36460038995060295,0.2767343659454595
many_moving,0,139,8486,366.3021582733813,0.0025903793227544745,0.0014030930580739888,3198,138.0431654676259,0.09491100597608025,0.07619481622748231
many_moving,0,140,8545,366.21428571428567,0.0019232736733896531,0.0010517316350109878,3221,138.04285714285714,0.05306924823117199,0.04888029221201583
many_moving,0,141,8604,366.12765957446805,0.0005986009945245842,0.000323225794963287,3246,138.12765957446808,0.07150926567886667,0.06043776889646482
many_moving,0,142,8663,366.0422535211267,0.0015236549197669954,0.0008266363558311518,3270,138.16901408450704,0.020788138649238362,0.01833290584453086
many_moving,0,143,8722,365.958041958042,0.000619551765645139,0.0003416268457271935,3292,138.12587412587413,0.0327861057690609,0.025896411659302853
many_moving,0,144,8782,365.9166666666667,0.0006344088230484412,0.0003414763825536899,3306,137.75000000000003,0.021195252374876416,0.01884438135488592
many_moving,0,145,8841,365.8344827586207,0.0007514433107243015,0.00040905795428508,3306,136.8,0.023985481648675904,0.020511337133328235
many_moving,0,146,8900,365.75342465753425,0.0001209905396873636,0.00006633693767708811,3306,135.86301369863017,0.02465556586494949,0.02089903099710166
many_moving,0,147,8959,365.67346938775506,0.0004501066419037765,0.00024327094323053366,3306,134.93877551020407,0.024793366883914425,0.02097843427522188
many_moving,0,148,9018,365.5945945945946,0.00030646487084755547,0.00016767329537436894,3306,134.02702702702703,0.02482107332873295,0.020994387346951013
many_moving,0,149,9078,365.55704697986573,0.00011766388993522171,0.00006318875953219666,3307,133.16778523489933,0.024826620427164044,0.02099758084120271
many_moving,0,150,9137,365.48,0.0002570279381999693,0.00013943726059639685,3310,132.4,0.024543735292348247,0.02108385851911145
many_moving,0,151,9196,365.4039735099338,0.00009275787226837373,0.00005122739275715296,3313,131.64238410596028,0.02162707644808201,0.013444714316067995
many_moving,0,152,9255,365.3289473684211,0.00011427487147474557,0.00006151998030171416,3313,130.7763157894737,0.02166559049056332,0.013658559058077613
many_moving,0,153,9314,365.2549019607843,0.00012330246534949854,0.00006715787453909475,3313,129.921568627451,0.021699661644479132,0.013850161237126022
many_moving,0,154,9374,365.2207792207792,0.000018402250481873278,0.000009989482712460053,3315,129.15584415584414,0.021707523525887333,0.013891401598259575
many_moving,0,155,9433,365.1483870967742,0.00007780050085270746,0.00004207033866487183,3315,128.32258064516128,0.021709137719143776,0.013899748180323647
many_moving,0,156,9492,365.0769230769231,0.00004849095109333246,0.000026558846803930893,3317,127.57692307692307,0.021709462229711235,0.013901421314183433
many_moving,0,157,9551,365.0063694267516,0.00002269520027965459,0.000012178367181547033,3319,126.84076433121018,0.005650663641105663,0.005151865893935499
many_moving,0,158,9610,364.9367088607595,0.00004317269908782659,0.00002343441386152074,3323,126.18987341772153,0.0054701692942733145,0.00473036919493941
many_moving,0,159,9670,364.9056603773585,0.00001366791939152624,0.000007563621723297236,3330,125.66037735849056,0.002703433102539851,0.0021737311973082534
many_moving,0,160,9729,364.83750000000003,0.000020413803990206366,0.000010998042348590706,3330,124.875,0.003436951261876239,0.0026504016710967543
many_moving,0,161,9788,364.77018633540376,0.000020134539279873718,0.000010974400903774688,3330,124.09937888198759,0.003615872240426165,0.002757638354428656
many_moving,0,162,9847,364.7037037037037,0.000003183797313466217,0.0000017314673741122788,3330,123.33333333333333,0.0036525819589654377,0.002779531144944674
many_moving,0,163,9906,364.63803680981596,0.00001338099112156378,0.000007240206922996313,3330,122.57668711656441,0.003659958644639308,0.002783926933658506
many_moving,0,164,9966,364.609756097561,0.000007612838569039154,0.00000417466935170288,3331,121.8658536585366,0.003661435354127153,0.002784806775469771
many_moving,0,165,10025,364.54545454545456,0.000004302984624261954,0.0000023093319827085996,3334,121.23636363636363,0.003713151237642828,0.003223981697568894
many_moving,0,166,10084,364.48192771084337,0.000007220687425570527,0.000003921806752887922,3337,120.6144578313253,0.003180040486189813,0.0019417302091545153
many_moving,0,167,10143,364.4191616766467,0.0000019778562289733507,0.0000010965597238423623,3337,119.89221556886227,0.0031793025419899336,0.0019055558533164554
many_moving,0,168,10202,364.3571428571429,0.0000036196167228598023,0.0000019515571570452582,3337,119.17857142857143,0.0031837458435499777,0.0019165699141991414
many_moving,0,169,10262,364.3313609467456,0.000003271132758519593,0.0000017843217945734776,3339,118.54437869822483,0.003184817208208563,0.001921117039034258
many_moving,0,170,10321,364.27058823529404,6.141740227000019e-7,3.3397943385332284e-7,3339,117.8470588235294,0.0031850387751185282,0.0019221097036641623
many_moving,0,171,10380,364.2105263157895,0.0000022904997645726454,0.0000012401068194674034,3341,117.2280701754386,0.0031850833801346807,0.0019223113846210593
many_moving,0,172,10439,364.1511627906977,0.000001184748467080989,6.505648715089443e-7,3343,116.61627906976744,0.0007323563288640661,0.0005569974565830642
many_moving,0,173,10498,364.09248554913296,8.037537652840224e-7,4.315920178517028e-7,3347,116.08092485549133,0.0011847609091341852,0.0008229087439568673
many_moving,0,174,10558,364.0689655172414,0.0000012024783235204255,6.535118249454648e-7,3354,115.6551724137931,0.000644771459462107,0.0005009595742807362
many_moving,0,175,10617,364.0114285714286,2.808069648407112e-7,1.5582835596864692e-7,3354,114.99428571428571,0.0005510802468202017,0.0004365717389683561
many_moving,0,176,10676,363.95454545454544,6.374845585096746e-7,3.4395653098931524e-7,3354,114.3409090909091,0.0005335757453538036,0.00042369441104369595
many_moving,0,177,10735,363.89830508474574,5.28573871286368e-7,2.885626343792888e-7,3354,113.69491525423727,0.0005301345823946204,0.0004211189587829167
many_moving,0,178,10794,363.8426966292135,1.2355525117952893e-7,6.684570919748414e-8,3354,113.05617977528088,0.0005294488362544971,0.00042060386890524623
many_moving,0,179,10854,363.8212290502793,3.902871964669521e-7,2.1143421049624273e-7,3355,112.45810055865921,0.0005293117872853092,0.0004205008509547048
many_moving,0,180,10913,363.76666666666665,1.8255246703852185e-7,1.0039522446569795e-7,3358,111.93333333333334,0.0005434311283109896,0.000508284880332801
many_moving,0,181,10972,363.71270718232046,1.4821345671555696e-7,7.964340286668141e-8,3361,111.41436464088399,0.00038507950415185284,0.0002518115676958249
many_moving,0,182,11031,363.65934065934067,1.9937887533080602e-7,1.0842541161518943e-7,3361,110.80219780219781,0.00038482900482136547,0.00024457444097983816
many_moving,0,183,11090,363.6065573770492,3.926881696061917e-8,2.1750903508409646e-8,3361,110.19672131147543,0.00038629434519533106,0.0002467779880950812
many_moving,0,184,11150,363.5869565217391,1.115811493710301e-7,6.02459308177718e-8,3363,109.66304347826086,0.000386647195710302,0.0002476877147957396
many_moving,0,185,11209,363.53513513513514,8.491740852278704e-8,4.6400086057302506e-8,3363,109.07027027027027,0.0003867201444990508,0.00024788629778255405
many_moving,0,186,11268,363.4838709677419,2.482477150758848e-8,1.3368707203456172e-8,3365,108.54838709677419,0.00038673482929476536,0.0002479266435089302
many_moving,0,187,11327,363.4331550802139,6.620751489009073e-8,3.588871487142973e-8,3367,108.03208556149733,0.00010585282240416751,0.00008409250738495329
many_moving,0,188,11386,363.3829787234042,2.7809803968204523e-8,1.5320212948486447e-8,3371,107.58510638297874,0.00013782234877327007,0.00010594242499081052
many_moving,0,189,11446,363.36507936507934,2.702804187930898e-8,1.4535125753643642e-8,3378,107.23809523809524,0.00009491091525598057,0.00007535718269428382
many_moving,0,190,11505,363.3157894736842,3.291105600928207e-8,1.7909315798615816e-8,3378,106.67368421052632,0.000088216089259477,0.00006924013493054721
many_moving,0,191,11564,363.2670157068063,5.510719679168444e-9,3.02930074394001e-9,3378,106.11518324607331,0.00008699271763824584,0.00006801672540690853
many_moving,0,192,11623,363.21874999999994,1.9418943628089755e-8,1.0491903689076191e-8,3378,105.5625,0.00008675308659421052,0.00006777204350232407
many_moving,0,193,11682,363.17098445595855,1.355703768588257e-8,7.414955814335938e-9,3378,105.01554404145078,0.00008670536560382586,0.00006772310712208593
many_moving,0,194,11742,363.1546391752577,4.906542506382115e-9,2.635563556234056e-9,3379,104.50515463917525,0.00008669582964196596,0.00006771331984508159
many_moving,0,195,11801,363.1076923076923,1.1182499445542099e-8,6.065245983254044e-9,3382,104.06153846153846,0.00009012667170573307,0.00008527210949176462
many_moving,0,196,11860,363.0612244897959,4.181014033003858e-9,2.3076589565259367e-9,3385,103.62244897959184,0.00004734737575068418,0.000033978005112192535
many_moving,0,197,11919,363.015228426396,4.8810751906135796e-9,2.6270458404100376e-9,3385,103.09644670050761,0.0000472661943330283,0.00003253066979452516
many_moving,0,198,11978,362.969696969697,5.407611620604535e-9,2.9446910919088204e-9,3385,102.57575757575758,0.00004774199512135308,0.000032971395769557494
many_moving,0,199,12038,362.9547738693467,8.149225166993515e-10,4.430751236104311e-10,3387,102.12060301507536,0.00004785612540214928,0.00003315334452277302
many_moving,0,200,12097,362.91,3.361519864575159e-9,1.8173841759748965e-9,3387,101.60999999999999,0.00004787969979404943,0.00003319306180794896
many_moving,0,201,12156,362.865671641791,2.1495911655826564e-9,1.1769633264677514e-9,3389,101.1641791044776,0.00004788444451598273,0.00003320113109152623
many_moving,0,202,12215,362.8217821782178,9.514260831973802e-10,5.105782102163536e-10,3391,100.72277227722773,0.00001733803357691031,0.00001354165612182389
many_moving,0,203,12274,362.77832512315274,1.8806265681080388e-9,1.0206395907975092e-9,3395,100.3448275862069,0.00002031772970717407,0.00001616398515815294
many_moving,0,204,12334,362.764705882353,6.190483039233706e-10,3.423727621098828e-10,3402,100.05882352941177,0.000016400940302614725,0.000012493649386829924
many_moving,0,205,12393,362.7219512195122,8.739460625865509e-10,4.707396587462696e-10,3402,99.57073170731708,0.000015853543903426213,0.000011759582223347578
many_moving,0,206,12452,362.67961165048547,8.842816128542705e-10,4.818797407129675e-10,3402,99.0873786407767,0.000015755886881775306,0.000011612768789807355
many_moving,0,207,12511,362.63768115942025,1.3557704578213518e-10,7.36545099271542e-11,3402,98.6086956521739,0.000015736847443250735,0.000011583406102764085
many_moving,0,208,12570,362.5961538461538,5.789649509986151e-10,3.132156478693734e-10,3402,98.13461538461537,0.000015733059382799127,0.000011577533565515212
many_moving,0,209,12630,362.5837320574163,3.3826347133250967e-10,1.8543139906662496e-10,3403,97.69377990430623,0.000015732302566433613,0.000011576359058487687
many_moving,0,210,12689,362.54285714285714,1.8123998434496896e-10,9.726316094906918e-11,3406,97.31428571428572,0.00001648575459165856,0.000015088280756705474
many_moving,0,211,12748,362.50236966824644,3.149251099691825e-10,1.7102111529361187e-10,3409,96.93838862559241,0.000006044813922688907,0.000004829486157055174
many_moving,0,212,12807,362.46226415094344,9.006529177628704e-11,4.991438334430605e-11,3409,96.48113207547169,0.000006019375057524896,0.000004540025217939963
many_moving,0,213,12866,362.4225352112676,1.55280576240307e-10,8.370814744139564e-11,3409,96.02816901408451,0.000006167750205801107,0.00000462817169723186
many_moving,0,214,12926,362.411214953271,1.4387918116221424e-10,7.847017740547828e-11,3411,95.6355140186916,0.000006203030046203359,0.0000046645616991058896
many_moving,0,215,12985,362.3720930232558,2.5516625702881962e-11,1.3892066177532681e-11,3411,95.1906976744186,0.000006210302812578278,0.000004672505206916394
many_moving,0,216,13044,362.33333333333337,9.923715422124614e-11,5.372410716080586e-11,3413,94.80555555555556,0.000006211765975377211,0.000004674119073745245
many_moving,0,217,13103,362.29493087557603,5.2781156954255645e-11,2.8976482333619546e-11,3415,94.42396313364056,0.0000031462781167527252,0.0000023151099390437508
many_moving,0,218,13162,362.25688073394497,3.399191454614653e-11,1.8254585650522327e-11,3419,94.10091743119266,0.0000033934868209798285,0.0000026298577169146287
many_moving,0,219,13222,362.24657534246575,5.251035155599073e-11,2.8537964565935488e-11,3426,93.86301369863014,0.000003073181842691804,0.0000021893958277659502
many_moving,0,220,13281,362.2090909090909,1.2856870805519785e-11,7.139164596430235e-12,3426,93.43636363636365,0.000003031524164080026,0.00000210130345011961
many_moving,0,221,13340,362.17194570135746,2.7399608713486208e-11,1.4785276066001243e-11,3426,93.0135746606335,0.0000030241817597486126,0.000002083684974624226
many_moving,0,222,13399,362.13513513513516,2.328554447519263e-11,1.2713770639575958e-11,3426,92.5945945945946,0.0000030227534726380473,0.0000020801612799720146
many_moving,0,223,13458,362.09865470852014,5.10169056317279e-12,2.7651736212530153e-12,3426,92.17937219730942,0.0000030224694268105183,0.0000020794565399269375
many_moving,0,224,13518,362.0892857142857,1.6932086566346893e-11,9.1713465217476e-12,3427,91.79464285714285,0.000003022412683056357,0.0000020793155936651935
many_moving,0,225,13577,362.05333333333334,8.156746346009797e-12,4.4839845494770884e-12,3430,91.46666666666667,0.0000031790074532065585,0.000002781718437267426
many_moving,0,226,13636,362.01769911504425,6.2896700171931124e-12,3.3814959215122836e-12,3433,91.14159292035399,8.34566930183721e-7,7.299634714958375e-7
many_moving,0,227,13695,361.98237885462555,8.718324793253634e-12,4.7428255374364615e-12,3433,90.74008810572688,8.271825017790195e-7,6.720720397192638e-7
many_moving,0,228,13754,361.94736842105266,1.8040473096038517e-12,1.0027891548962678e-12,3433,90.3421052631579,8.698060284873236e-7,6.89701484613053e-7
many_moving,0,229,13814,361.93886462882097,4.803327889941361e-12,2.5949717089953634e-12,3435,90,8.797842282169701e-7,6.969795151949717e-7
many_moving,0,230,13873,361.9043478260869,3.748466841131791e-12,2.0495738641551342e-12,3435,89.6086956521739,8.818341676151417e-7,6.985682237380156e-7
many_moving,0,231,13932,361.87012987012986,1.0285125274945926e-12,5.56033932517373e-13,3437,89.27272727272727,8.822462956316685e-7,6.988909972246053e-7
many_moving,0,232,13991,361.8362068965517,2.875540880074545e-12,1.55964837048784e-12,3439,88.9396551724138,6.044496062479292e-7,4.158354229130039e-7
many_moving,0,233,14050,361.80257510729615,1.2477593249089275e-12,6.880933676550683e-13,3443,88.6609442060086,6.234407040067359e-7,4.5361880662262524e-7
many_moving,0,234,14110,361.7948717948718,1.1511513408664554e-12,6.197653984635382e-13,3450,88.46153846153847,5.990318648087667e-7,4.007590652485496e-7
many_moving,0,235,14169,361.7617021276596,1.4405432874964646e-12,7.844764400295324e-13,3450,88.08510638297872,5.959653309473402e-7,3.9018711756651056e-7
many_moving,0,236,14228,361.728813559322,2.5248631610744513e-13,1.4184941585388903e-13,3450,87.71186440677967,5.954274999175216e-7,3.8807272580945475e-7
many_moving,0,237,14287,361.69620253164555,8.379703333595503e-13,4.557020014435203e-13,3450,87.34177215189872,5.953229710581166e-7,3.876498488036343e-7
many_moving,0,238,14346,361.66386554621846,5.9885886879262e-13,3.304308523623784e-13,3450,86.97478991596638,5.953021874574125e-7,3.8756527355039934e-7
many_moving,0,239,14406,361.65690376569034,2.0384785844401293e-13,1.1386935011762974e-13,3451,86.63598326359833,5.952980354429782e-7,3.8754835829527915e-7
many_moving,0,240,14465,361.625,4.869534880256881e-13,2.681510878868894e-13,3454,86.35,6.270772871397732e-7,5.280311940689066e-7
many_moving,0,241,14524,361.5933609958507,0.4687841766893012,0.37681570646906326,3483,86.71369294605809,0.5382492920750878,0.4408624570599657
many_moving,0,242,14583,361.56198347107437,0.46925526419358793,0.41494405872304313,3525,87.39669421487604,0.4711452514543602,0.41481859105301966
many_moving,0,243,14641,361.5061728395062,0.5642816938552814,0.5166877389762946,3566,88.0493827160494,0.5972393265173445,0.5534421117760877
many_moving,0,244,14699,361.4508196721312,0.5701396406137371,0.478802550401771,3608,88.72131147540985,0.6415901875159441,0.544245165643131
many_moving,0,245,14756,361.37142857142857,0.5293789994466481,0.414021507490749,3648,89.33877551020409,0.5979870520649466,0.525872375455103
many_moving,0,246,14812,361.26829268292687,0.507665053230253,0.44120395347576297,3689,89.97560975609757,0.581170984721587,0.5254580160928194
many_moving,0,247,14865,361.0931174089069,0.48880159943156115,0.43696476690209596,3727,90.5344129554656,0.5075270185877432,0.47618422264869154
many_moving,0,248,14919,360.94354838709677,0.48385923442991763,0.44371170516050906,3768,91.16129032258064,0.5081521965729643,0.46908627068087894
many_moving,0,249,14975,360.8433734939759,0.7935816769550856,0.6952245156376455,3809,91.78313253012047,0.8475943713863838,0.7313208730795984
many_moving,0,250,15032,360.768,0.7505762412891153,0.6401649139010184,3850,92.39999999999999,0.7839153934169368,0.6714159566309986
many_moving,0,251,15092,360.7649402390438,0.5361123472947328,0.46451150580169365,3894,93.0836653386454,0.6219685541035308,0.5339370622023936
many_moving,0,252,15156,360.85714285714283,0.6571703423396457,0.550625631037387,3942,93.85714285714285,0.8329179904397418,0.7280693064620805
many_moving,0,253,15221,360.97233201581025,0.6477352723547297,0.5452053039131106,3991,94.64822134387352,0.8220463968976494,0.6560022835680932
many_moving,0,254,15285,361.06299212598424,0.6951884152575968,0.5735072637320741,4036,95.33858267716536,0.8545230703714883,0.6881995463107389
many_moving,0,255,15348,361.1294117647059,0.7126814435070656,0.6451831787223569,4079,95.97647058823529,0.9532955832138663,0.7624484885227328
many_moving,0,256,15409,361.1484375,0.7463525206386457,0.6551672576359372,4120,96.5625,1.0056217638634706,0.8064819944128875
many_moving,0,257,15467,361.09727626459147,0.8975997196324041,0.7706714886172092,4159,97.09727626459144,1.1104128501605997,0.9213415228464583
many_moving,0,258,15524,361.02325581395354,1.044155228113017,0.8665997629881843,4197,97.6046511627907,1.2214575204699425,1.0114029355926146
many_moving,0,259,15582,360.972972972973,1.1340908239744332,0.9643874252280646,4236,98.13127413127414,1.284359537734902,1.1041849147132023
many_moving,0,260,15639,360.90000000000003,1.2357416148818283,1.0615875492038647,4274,98.63076923076923,1.3652605166133769,1.202706874122329
many_moving,0,261,15695,360.8045977011495,1.1122249726109559,0.9646278392678337,4314,99.17241379310344,1.3316629508238762,1.1710728680276925
many_moving,0,262,15752,360.732824427481,0.9175216452236993,0.785936955226866,4355,99.73282442748092,1.3559769825036143,1.202561038259752
many_moving,0,263,15807,360.615969581749,1.0916231344922085,0.8781125145770942,4396,100.28897338403041,1.4675597814044998,1.2822809142877536
many_moving,0,264,15864,360.54545454545456,1.2000661204238268,0.9821499302092767,4435,100.79545454545453,1.349664130327,1.164481190967874
many_moving,0,265,15924,360.5433962264151,1.1324099004666341,0.9578217466778922,4475,101.32075471698113,1.3668013322573356,1.1813004278324621
many_moving,0,266,15986,360.58646616541347,0.7098262109006719,0.6181378544809152,4517,101.88721804511277,0.815718087355023,0.6795622234461678
many_moving,0,267,16048,360.62921348314603,0.5981335880761327,0.54495859835642,4559,102.44943820224718,0.6427503283893513,0.5758853615120308
many_moving,0,268,16108,360.6268656716418,0.6145100467310001,0.5438104611493914,4601,103.00746268656717,0.6935515169025093,0.6484875735607774
many_moving,0,269,16168,360.6245353159851,0.6902917315119454,0.5859051279270833,4641,103.51672862453532,0.7341482460730264,0.6261848025168193
many_moving,0,270,16228,360.6222222222222,0.8261752419120612,0.7172622579422905,4681,104.02222222222223,0.8401986515722066,0.7419096537447434
many_moving,0,271,16287,360.5977859778598,0.8958429210685482,0.8105660571343666,4720,104.50184501845018,0.9777292983758662,0.8410536313126785
many_moving,0,272,16346,360.5735294117647,0.8620305082708445,0.7899362735561379,4760,105,0.9797366638172609,0.8530712601885873
many_moving,0,273,16407,360.5934065934066,0.855049421856347,0.7727536795739088,4802,105.53846153846153,0.9790124756851467,0.8569647763594489
many_moving,0,274,16468,360.6131386861314,0.8492197513303033,0.7400649960992639,4844,106.07299270072993,1.002665020970849,0.8600565658396423
many_moving,0,275,16528,360.6109090909091,0.8775635505553013,0.7283940017316262,4885,106.58181818181819,1.0240275670538381,0.8328517745516265
many_moving,0,276,16586,360.5652173913044,0.9294708179819869,0.7258119105531657,4927,107.10869565217392,1.0814660295793266,0.8664277393560524
many_moving,0,277,16644,360.51985559566793,0.5970140867038412,0.5368784011351553,4969,107.6317689530686,1.0171393008946845,0.8481641143674883
many_moving,0,278,16699,360.41007194244605,0.5119200824143432,0.47244388244766633,5010,108.12949640287769,0.9893614545539188,0.8325415852624658
many_moving,0,279,16753,360.2795698924731,0.5476116284358467,0.501344325951926,5046,108.51612903225806,0.7816408275865175,0.6862776987885686
many_moving,0,280,16809,360.1928571428571,0.6996051287561164,0.6207863780865233,5082,108.89999999999999,1.0100200262776284,0.8751674343760879
many_moving,0,281,16866,360.12811387900354,0.6352682836498735,0.561316618309425,5119,109.30249110320284,0.8193052210440436,0.7233722378186765
many_moving,0,282,16925,360.1063829787234,0.5945838932199223,0.5028572043921177,5158,109.74468085106382,0.74781534697411,0.6435511246738131
many_moving,0,283,16988,360.1696113074205,0.6344737895177147,0.5258834705411992,5203,110.31095406360423,0.7465926393460288,0.6720828699408428
many_moving,0,284,17053,360.2746478873239,0.5894210374041048,0.5086954062133088,5248,110.87323943661971,0.6297380010010312,0.5620079853070598
many_moving,0,285,17117,360.3578947368421,0.65324763202215,0.5534677874766581,5292,111.41052631578948,0.6242088143940311,0.5409319345625209
many_moving,0,286,17180,360.4195804195804,0.6790958594309439,0.6042739460789461,5335,111.92307692307692,0.7172139239496174,0.6002278721231933
many_moving,0,287,17241,360.4390243902439,0.745011146031705,0.6634939564674406,5376,112.39024390243904,0.8294435913476728,0.6956894297063008
many_moving,0,288,17299,360.39583333333337,0.9020315970962748,0.7456146476512333,5415,112.8125,0.9772259135091558,0.7953340978451598
many_moving,0,289,17355,360.3114186851211,1.0777501522427213,0.934715376220405,5452,113.19031141868514,1.1466591245180766,0.996879350870293
many_moving,0,290,17412,360.248275862069,1.199007951958595,0.998289140296106,5490,113.58620689655173,1.2603460786935674,1.0668829743026125
many_moving,0,291,17469,360.18556701030934,1.2453966886836887,1.055730130424991,5530,114.02061855670104,1.3064496542892075,1.135422561918412
many_moving,0,292,17525,360.10273972602744,1.1524672411432482,0.9789874162850974,5570,114.45205479452056,1.2511189868650177,1.0789961952542064
many_moving,0,293,17583,360.0614334470989,0.9621994976587356,0.8190124903554563,5613,114.94197952218428,1.3397233717901182,1.142959678138367
many_moving,0,294,17639,359.9795918367347,1.0567610946163024,0.8517393668433821,5652,115.34693877551021,1.4067364514147032,1.204038549062408
many_moving,0,295,17696,359.91864406779655,1.205205932001831,0.9730124958335701,5691,115.74915254237288,1.41532518685697,1.1984399010435478
many_moving,0,296,17755,359.89864864864865,1.2715315894891204,1.104883386273,5730,116.14864864864865,1.5090231530698086,1.3254895760181074
many_moving,0,297,17816,359.91919191919186,0.8161620824278419,0.6730687385621243,5771,116.58585858585859,1.0365548859905793,0.8926657021549547
many_moving,0,298,17879,359.9798657718121,0.6229716815057202,0.572301886629066,5816,117.1006711409396,0.7386918223072884,0.6923379508183792
many_moving,0,299,17941,360.02006688963206,0.5472644909728904,0.4851415192834341,5858,117.55183946488293,0.6156663176478921,0.5814504330828708
many_moving,0,300,18001,360.02,0.6515218576640264,0.5572403643679321,5898,117.96,0.6155670546099242,0.5510737641189001
many_moving,0,301,18061,360.01993355481727,0.36916652109074083,0.2850573201685109,5916,117.92691029900332,0.4514684909422016,0.35311138411207105
many_moving,0,302,18121,360.01986754966885,0.2308346267543465,0.18723026914678217,5916,117.53642384105962,0.4716955565112787,0.38765440829312575
many_moving,0,303,18181,360.019801980198,0.1608908642200015,0.13500546151407428,5916,117.14851485148516,0.4778887116440419,0.39687890992976466
many_moving,0,304,18242,360.0394736842106,0.186307008988586,0.15608569888200957,5916,116.76315789473685,0.4792073119743349,0.3987660447168288
many_moving,0,305,18303,360.0590163934426,0.07194702450544782,0.06146002181849734,5916,116.38032786885248,0.47947417750162574,0.3991449999083603
many_moving,0,306,18364,360.07843137254906,0.047216541273652185,0.0348260237833856,5918,116.0392156862745,0.4795276759927115,0.3992208509600963
many_moving,0,307,18425,360.09771986970685,0.06869546986262186,0.04673921128492193,5920,115.70032573289903,0.2872977486050367,0.25583071806246593
many_moving,0,308,18486,360.11688311688306,0.016920134022541503,0.011816434104943405,5923,115.38311688311687,0.30552940581957705,0.2620654303074935
many_moving,0,309,18547,360.13592233009706,0.02940485504546068,0.019287895730218548,5923,115.00970873786406,0.31199260297082,0.26523114037419504
many_moving,0,310,18608,360.1548387096774,0.0277355764648421,0.018200115843238256,5923,114.63870967741934,0.3133861154428403,0.2659362974613334
many_moving,0,311,18669,360.1736334405145,0.008372140153358673,0.005044583729105249,5923,114.2700964630225,0.31366874581251836,0.2660801465700971
many_moving,0,312,18730,360.1923076923077,0.017773973848860487,0.011586138404254476,5923,113.90384615384615,0.3137254281359732,0.26610902856039303
many_moving,0,313,18791,360.21086261980827,0.009014217343680176,0.005799253712149163,5925,113.57827476038338,0.3137367708437092,0.26611480944082644
many_moving,0,314,18852,360.22929936305735,0.007778582790741247,0.005002661894463611,5925,113.21656050955414,0.24506654145951082,0.218111177140434
many_moving,0,315,18913,360.247619047619,0.009041971900080811,0.0058201018059572535,5931,112.97142857142858,0.1947634642828106,0.16772559523233466
many_moving,0,316,18974,360.26582278481015,0.001516705045612586,0.000898138693102383,5938,112.74683544303797,0.16434200741109053,0.14379463229173214
many_moving,0,317,19035,360.2839116719243,0.005520183067625038,0.003530639854899888,5938,112.39116719242901,0.16738089468135806,0.14680876676747506
many_moving,0,318,19096,360.3018867924528,0.0037798260245262513,0.002413648733770336,5938,112.0377358490566,0.1683618305384199,0.14769445928792463
many_moving,0,319,19157,360.319749216301,0.0010418326681754652,0.0006560125437906302,5944,111.79937304075236,0.17462760842959157,0.14587660693276056
many_moving,0,320,19218,360.33750000000003,0.0031887661707596243,0.0020284075745652564,5955,111.65625,0.1537710555682951,0.12538538200987256
many_moving,0,321,19279,360.35514018691595,0.0011534233753847053,0.000733366721028281,5977,111.71962616822431,0.14365551824495618,0.1015088315170019
many_moving,0,322,19340,360.37267080745346,0.001272488719511106,0.0008071769814897274,5999,111.78260869565217,0.14805748754278797,0.1068378428473326
many_moving,0,323,19401,360.39009287925694,0.0015517252897761682,0.0009841456153239026,6022,111.86377708978328,0.13333785267301645,0.08880890286281294
many_moving,0,324,19462,360.4074074074074,0.00008890697093162433,0.00005324039504892867,6042,111.88888888888889,0.13155758400042566,0.0822888008374826
many_moving,0,325,19523,360.4246153846154,0.0009190886457580661,0.0005818611552937509,6062,111.91384615384615,0.13152748259603256,0.0833309032103975
many_moving,0,326,19584,360.44171779141107,0.0006204648144154896,0.0003929392959241966,6071,111.7361963190184,0.1314385167923385,0.08292156729977078
many_moving,0,327,19645,360.45871559633025,0.00022809383573171323,0.00014440085958791396,6071,111.39449541284404,0.1313556985279889,0.08242351850554971
many_moving,0,328,19706,360.4756097560975,0.0005255068519651907,0.00033237157059948274,6073,111.09146341463413,0.13134523973341203,0.08233312619209718
many_moving,0,329,19767,360.4924012158055,0.00017520240955147252,0.00011089923745120328,6073,110.75379939209725,0.06695689524851091,0.04990087134262128
many_moving,0,330,19828,360.5090909090909,0.0002350815927192543,0.00014863570725288046,6076,110.47272727272728,0.047319999184050464,0.03331547163114833
many_moving,0,331,19889,360.5256797583082,0.00025048422434664633,0.00015835531304560346,6079,110.19335347432023,0.04286913351378937,0.026277914061445244
many_moving,0,332,19950,360.5421686746988,0.000003320811374236252,0.0000021052784327445984,6079,109.86144578313252,0.04225569780922582,0.02578577540584433
many_moving,0,333,20011,360.55855855855856,0.00016054237797430074,0.0001014655120687059,6079,109.53153153153153,0.04214525738641255,0.025772898947485946
many_moving,0,334,20072,360.57485029940125,0.00009654244506068618,0.000061023241377282726,6079,109.20359281437126,0.04212366747072269,0.02577974320649184
many_moving,0,335,20133,360.5910447761194,0.000044271396208257063,0.00002797107554378129,6079,108.87761194029851,0.042119369478124585,0.02578155474577693
many_moving,0,336,20194,360.6071428571429,0.00008872444818316904,0.000056067095923258605,6081,108.58928571428572,0.04211851067973252,0.025781934516521703
many_moving,0,337,20255,360.6231454005935,0.000024654568409220704,0.000015585178200564955,6083,108.3026706231454,0.03132308365109459,0.021277245625433355
many_moving,0,338,20316,360.63905325443784,0.00004181668690491953,0.00002641936456207211,6086,108.03550295857988,0.027934384544355057,0.019367174704049195
many_moving,0,339,20377,360.65486725663715,0.000040986476250762084,0.000025899187375042535,6086,107.71681415929203,0.027890777473580437,0.0193648242892365
many_moving,0,340,20438,360.6705882352941,0.0000022820219350509613,0.0000014396314559959719,6091,107.48823529411764,0.02771856480825968,0.018425795374923604
many_moving,0,341,20499,360.68621700879766,0.000027525899252671477,0.00001739071733119588,6094,107.2258064516129,0.027642423535629235,0.0177466888743253
many_moving,0,342,20560,360.7017543859649,0.000015113196074479382,0.000009550221725713131,6094,106.91228070175438,0.02763498166277433,0.017655634498361116
many_moving,0,343,20621,360.71720116618076,0.000008577747497255807,0.000005418581763038143,6096,106.63556851311954,0.027633805483199513,0.017643395073863716
many_moving,0,344,20682,360.73255813953483,0.00001479899684878637,0.000009350133481700282,6096,106.32558139534883,0.021866929673105957,0.014160811958539351
many_moving,0,345,20743,360.74782608695654,0.0000034051290239050676,0.0000021521584957211234,6099,106.0695652173913,0.01550998511305353,0.010147325719584162
many_moving,0,346,20804,360.7630057803468,0.000007438282044787884,0.00000469912843937865,6102,105.81502890173411,0.014821828346131098,0.00914646215131756
many_moving,0,347,20865,360.7780979827089,0.000006635091940557747,0.0000041922611359213565,6102,105.51008645533142,0.014733637819091113,0.009185024687109064
many_moving,0,348,20926,360.7931034482759,7.775828426168624e-7,4.907737902896174e-7,6102,105.20689655172414,0.014718067232926166,0.00919565632976834
many_moving,0,349,20987,360.8080229226361,0.000004714367825725042,0.0000029784277133532595,6102,104.90544412607451,0.014715036387364492,0.009197843578252294
many_moving,0,350,21048,360.8228571428572,0.000002330714490132643,0.000001472723612078235,6102,104.6057142857143,0.014714433553415191,0.009198283378134987
many_moving,0,351,21109,360.83760683760687,0.0000016177909349455282,0.0000010219189915429929,6104,104.34188034188034,0.014714313120066174,0.009198371431557753
many_moving,0,352,21170,360.85227272727275,0.000002462968264911979,0.0000015561059838242518,6106,104.07954545454547,0.01372983359030238,0.008586438295391408
many_moving,0,353,21231,360.86685552407926,4.423255377351265e-7,2.7956946593715114e-7,6109,103.83569405099149,0.012274787652957725,0.007594118633661412
many_moving,0,354,21292,360.88135593220335,0.000001310760629041429,8.280608225708368e-7,6109,103.54237288135592,0.01226210438492088,0.007584904118961071
many_moving,0,355,21353,360.8957746478873,0.0000010695732984819076,6.757892838094323e-7,6114,103.33521126760563,0.012271354215610248,0.00758952553366817
many_moving,0,356,21414,360.91011235955057,1.9756997792784866e-7,1.2474807699185767e-7,6117,103.09550561797754,0.012269708415925094,0.0074660069563356486
many_moving,0,357,21475,360.92436974789916,8.027800587071904e-7,5.071755631744033e-7,6117,102.80672268907564,0.012270688539917163,0.007490035018430633
many_moving,0,358,21536,360.9385474860335,3.5550676208561115e-7,2.2463919907995315e-7,6119,102.55307262569832,0.012270936924101035,0.007495829174864585
many_moving,0,359,21597,360.95264623955427,3.00589077145277e-7,1.8987933533722428e-7,6119,102.26740947075209,0.008566864086026537,0.005415419167560502
many_moving,0,360,21658,360.9666666666667,4.077934419103971e-7,2.576444855404452e-7,6122,102.03333333333335,0.006029361462082568,0.003818512509374866
many_moving,0,361,21719,360.98060941828254,5.2444829167866696e-8,3.3151774201719644e-8,6125,101.8005540166205,0.005667745944647036,0.003448263459418716
many_moving,0,362,21780,360.9944751381216,2.2960336042176034e-7,1.4505119935028754e-7,6125,101.51933701657458,0.005606997209840102,0.0033999081796753116
many_moving,0,363,21841,361.0082644628099,1.7125203084641428e-7,1.0820291594306752e-7,6125,101.2396694214876,0.005595343974002355,0.0033942065939105417
many_moving,0,364,21902,361.021978021978,4.421536207020016e-8,2.792255972503773e-8,6125,100.96153846153847,0.005593033448180804,0.003393083462290283
many_moving,0,365,21963,361.0356164383562,1.3611634541634762e-7,8.599536284121216e-8,6125,100.68493150684932,0.005592572149938375,0.0033928594551421868
many_moving,0,366,22024,361.0491803278689,5.339457141017171e-8,3.373988254968727e-8,6127,100.44262295081968,0.005592479922583957,0.0033928146781143633
many_moving,0,367,22085,361.06267029972753,5.5083605018556866e-8,3.479643026551611e-8,6129,100.2016348773842,0.004830970860950528,0.0029534131999310966
many_moving,0,368,22146,361.0760869565217,6.721737912576656e-8,4.2468341583639496e-8,6132,99.97826086956522,0.004309870544932214,0.0026103499024392423
many_moving,0,369,22207,361.0894308943089,5.107020990111218e-9,3.229114041556417e-9,6132,99.70731707317073,0.004295310287832373,0.0025997632641595867
many_moving,0,370,22268,361.10270270270274,3.997173031005172e-8,2.5252225369127137e-8,6137,99.51891891891893,0.004296411321103347,0.0026108952274366526
many_moving,0,371,22329,361.11590296495956,2.7234221682941984e-8,1.720770489490401e-8,6140,99.29919137466307,0.004296235176201293,0.0025810464204146398
many_moving,0,372,22390,361.1290322580645,9.245868448524445e-9,5.839474856804064e-9,6140,99.03225806451613,0.004296325932535455,0.0025851196499033662
many_moving,0,373,22451,361.142091152815,2.297423270679011e-8,1.4514718008733698e-8,6142,98.79892761394102,0.004296349122921759,0.002586175259931446
many_moving,0,374,22512,361.1550802139037,7.871485022122853e-9,4.9741185933624415e-9,6142,98.53475935828878,0.003023131545352819,0.0018496114835119184
many_moving,0,375,22573,361.168,9.982312667207037e-9,6.305958580869535e-9,6145,98.32,0.0021397386867669527,0.0013036283593943357
many_moving,0,376,22634,361.1808510638298,1.1025715485003708e-8,6.966163118771412e-9,6148,98.1063829787234,0.0020227320047376623,0.0012178367249663844
many_moving,0,377,22695,361.19363395225463,2.4493698433696107e-10,1.5487559558442446e-10,6148,97.84615384615384,0.002002949703398586,0.001209165238141617
many_moving,0,378,22756,361.2063492063492,6.920240783450507e-9,4.371914919294926e-9,6148,97.58730158730158,0.001999147535128096,0.0012078083064061922
many_moving,0,379,22817,361.21899736147753,4.297635298253812e-9,2.7154548486920637e-9,6148,97.32981530343008,0.0019983933471333184,0.0012075403147172772
many_moving,0,380,22878,361.23157894736846,1.8509393178719043e-9,1.1690892679883952e-9,6148,97.07368421052631,0.001998242759947457,0.001207486852015774
many_moving,0,381,22939,361.24409448818903,3.860633176582112e-9,2.4391013453097507e-9,6150,96.85039370078741,0.0019982126525315267,0.0012074761649008723
many_moving,0,382,23000,361.2565445026178,1.1324397466959095e-9,7.156377515104015e-10,6152,96.62827225130891,0.0017796419609855652,0.001080813926546626
many_moving,0,383,23061,361.2689295039164,1.7916187858811824e-9,1.1318097717928086e-9,6155,96.42297650130547,0.001587902592358851,0.0009538540234999649
many_moving,0,384,23122,361.28124999999994,1.799487068787018e-9,1.1369478133082475e-9,6155,96.171875,0.0015856197424071405,0.0009520227973976248
many_moving,0,385,23183,361.2935064935065,6.865096983360368e-11,4.318592546346866e-11,6160,96,0.0015867155306927175,0.0009528072311954903
many_moving,0,386,23244,361.3056994818653,1.191810581470988e-9,7.529454543261088e-10,6163,95.79792746113989,0.0015869078998862608,0.000945769269662193
many_moving,0,387,23305,361.3178294573643,6.723022172782266e-10,4.248029058993895e-10,6163,95.55038759689921,0.001586977049076719,0.0009476110168186436
many_moving,0,388,23366,361.3298969072165,3.5946690701083504e-10,2.270598637365241e-10,6165,95.33505154639175,0.0015869921056560132,0.0009479942716608243
many_moving,0,389,23427,361.34190231362464,6.458856635417186e-10,4.0806878171858313e-10,6165,95.08997429305913,0.0011374981059365389,0.0006902132517068872
many_moving,0,390,23488,361.3538461538462,1.5759055396945666e-10,9.959695788959269e-11,6168,94.89230769230768,0.0008018473195502469,0.0004848551967529949
many_moving,0,391,23549,361.36572890025576,3.1886729928955036e-10,2.014421727117499e-10,6171,94.69565217391305,0.0007578002852609379,0.00045394632796247195
many_moving,0,392,23610,361.3775510204082,2.9212938392941095e-10,1.8457734723811567e-10,6171,94.45408163265307,0.0007503517085010666,0.00044920189211908497
many_moving,0,393,23671,361.3893129770992,2.890758785511838e-11,1.8244987550313665e-11,6171,94.21374045801527,0.0007489200281289907,0.0004484367877625544
many_moving,0,394,23732,361.4010152284264,2.0423701058916795e-10,1.290342299665579e-10,6171,93.97461928934011,0.0007486360414239154,0.00044828546366238364
many_moving,0,395,23793,361.41265822784817,1.0412207555509352e-10,6.57952148820314e-11,6171,93.7367088607595,0.0007485793382793561,0.00044825526419204015
many_moving,0,396,23854,361.42424242424244,6.825254816834392e-11,4.3116864062526635e-11,6173,93.53030303030303,0.0007485680014195832,0.0004482492269068995
many_moving,0,397,23915,361.43576826196477,1.0757852176373754e-10,6.797168108013022e-11,6175,93.32493702770782,0.0006604406453038406,0.00039790108382198883
many_moving,0,398,23976,361.4472361809045,2.0888509634139693e-11,1.3206016539155276e-11,6178,93.13567839195979,0.0005893917458524556,0.00035113778900680863
many_moving,0,399,24037,361.45864661654133,5.632848137781962e-11,3.55888233369814e-11,6178,92.90225563909773,0.0005878418442436143,0.00035005721229751835
many_moving,0,400,24098,361.47,4.7155387620489194e-11,2.979802749082289e-11,6183,92.74499999999999,0.0005880774242239843,0.0003504190109246998
many_moving,0,401,24159,361.48129675810475,7.768576487233534e-12,4.908697765701273e-12,6186,92.55860349127182,0.0005881316484476157,0.0003486318979352487
many_moving,0,402,24220,361.4925373134328,3.4832606053430603e-11,2.2010186080670845e-11,6186,92.32835820895522,0.0005881473522922773,0.00034909876187298034
many_moving,0,403,24281,361.5037220843672,1.5936785551504182e-11,1.0074049758973157e-11,6188,92.12903225806451,0.0005881506873930438,0.0003491939584821739
many_moving,0,404,24342,361.5148514851485,1.2732971959088717e-11,8.047163504348501e-12,6188,91.90099009900989,0.00041428933528917883,0.0002493033016707934
many_moving,0,405,24403,361.52592592592595,1.7837827480712726e-11,1.1273861550444989e-11,6191,91.71851851851852,0.0002926534939166224,0.00017516796047978772
many_moving,0,406,24464,361.5369458128079,2.558013584205495e-12,1.6210668280136634e-12,6194,91.53694581280789,0.00027647629972054667,0.00016500809324316803
many_moving,0,407,24525,361.54791154791155,9.883869892293412e-12,6.248025638728535e-12,6194,91.3120393120393,0.00027371309330565224,0.00016339235367764183
many_moving,0,408,24586,361.55882352941177,7.565438932735834e-12,4.783996857421881e-12,6194,91.08823529411765,0.0002731806068888019,0.00016311185964995584
many_moving,0,409,24647,361.56968215158923,1.7875266030304503e-12,1.1327001139498375e-12,6194,90.86552567237163,0.00027307492569458695,0.0001630564345749944
many_moving,0,410,24708,361.5804878048781,5.913928981242121e-12,3.740206264008842e-12,6194,90.64390243902439,0.000273053822178032,0.00016304537470181258
many_moving,0,411,24769,361.59124087591243,2.4047286455714564e-12,1.5234178213939844e-12,6196,90.45255474452556,0.00027304960278431154,0.00016304316372072524
many_moving,0,412,24830,361.6019417475728,2.3419720584558053e-12,1.4834578257427046e-12,6198,90.2621359223301,0.0002414335571303637,0.00014508745606329332
many_moving,0,413,24891,361.61259079903147,2.9441275503834213e-12,1.864172300712391e-12,6201,90.08716707021792,0.00021540764193288633,0.0001279595065051484
many_moving,0,414,24952,361.62318840579707,2.686921019318575e-13,1.739092442929557e-13,6201,89.8695652173913,0.00021497724311351598,0.0001276463866797784
many_moving,0,415,25013,361.63373493975905,1.7236899208636628e-12,1.0929260538916756e-12,6206,89.72530120481927,0.0002150955946893727,0.00012774685463525713
many_moving,0,416,25074,361.6442307692308,1.2056981973014014e-12,7.657971165367225e-13,6209,89.55288461538461,0.0002151249176877005,0.00012731990833009048
many_moving,0,417,25135,361.6546762589928,3.7971814064099235e-13,2.437318541992207e-13,6209,89.33812949640287,0.0002151318665331055,0.00012744116463179965
many_moving,0,418,25196,361.6650717703349,9.999042670567325e-13,6.356527849753161e-13,6211,89.1531100478469,0.00021513329966473593,0.00012746582005743206
many_moving,0,419,25257,361.6754176610978,3.564929555055703e-13,2.2919458391087703e-13,6211,88.94033412887829,0.0001532779588895283,0.00009191135234888617
many_moving,0,420,25318,361.6857142857143,4.256085744882473e-13,2.727668852653479e-13,6214,88.77142857142857,0.00010816260312357934,0.00006453227770543308
many_moving,0,421,25379,361.69596199524943,4.833323008330082e-13,3.092664583723677e-13,6217,88.60332541567696,0.0001022369295528727,0.00006089090156393428
many_moving,0,422,25440,361.70616113744074,1.9355362148238366e-14,1.5911297663364124e-14,6217,88.39336492890996,0.00010123045126847404,0.00006027996390190535
many_moving,0,423,25501,361.7163120567376,2.988697286923314e-13,1.927121083375858e-13,6217,88.18439716312058,0.00010103677456799258,0.000060169707439968476
many_moving,0,424,25562,361.7264150943396,1.907839497532238e-13,1.2443877531336915e-13,6217,87.97641509433963,0.00010099834766644134,0.00006014790184921293
many_moving,0,425,25623,361.73647058823536,7.687234249722457e-14,5.2352302494307123e-14,6217,87.7694117647059,0.00010099067465359636,0.000060143550157092195
many_moving,0,426,25684,361.7464788732395,1.6861640981011168e-13,1.1037868387303809e-13,6219,87.59154929577466,0.00010098914054536897,0.000060142680195207526
many_moving,0,427,25745,361.75644028103045,5.196109442851868e-14,3.657037319157815e-14,6221,87.41451990632319,0.0000892975080025574,0.00005352141188339576
many_moving,0,428,25806,361.7663551401869,7.674704447028047e-14,5.22931570189955e-14,6224,87.25233644859813,0.00007968340631711086,0.00004719733041690079
many_moving,0,429,25867,361.77622377622373,7.935862997016409e-14,5.40910743967684e-14,6224,87.04895104895104,0.00007949921993153377,0.00004706805836472072
many_moving,0,430,25928,361.78604651162794,5.62435083359516e-15,5.052717694908743e-15,6229,86.91627906976744,0.00007953680133717352,0.000047105562424196995
many_moving,0,431,25989,361.7958236658933,5.169854575304135e-14,3.645794454375085e-14,6232,86.75638051044083,0.0000795468644579623,0.00004699843776754816
many_moving,0,432,26050,361.80555555555554,2.996335422198312e-14,2.261827686101635e-14,6232,86.55555555555556,0.00007954911883842701,0.000047029445544590866
many_moving,0,433,26111,361.8152424942263,1.6207735234714224e-14,1.3653486815960878e-14,6234,86.38337182448036,0.00007954957938255317,0.00004703571099857413
many_moving,0,434,26172,361.8248847926267,2.879397178902701e-14,2.183450950987069e-14,6234,86.18433179723502,0.00005631793042653942,0.00003368970349599895
many_moving,0,435,26233,361.8344827586207,8.81491912409125e-15,8.401964851573283e-15,6237,86.02758620689656,0.00003975992207741868,0.000023647290720022955
many_moving,0,436,26294,361.8440366972477,1.431593738378381e-14,1.2328275526307518e-14,6240,85.87155963302753,0.00003756953160510767,0.00002234075314962112
many_moving,0,437,26355,361.85354691075514,1.4472130815335338e-14,1.2430312677817923e-14,6240,85.67505720823799,0.000037196073706725206,0.0000221182554067957
many_moving,0,438,26416,361.86301369863014,5.687116766346677e-15,5.144775684690333e-15,6240,85.47945205479452,0.0000371241393089377,0.000022076959237766878
many_moving,0,439,26477,361.872437357631,1.0134578918720587e-14,9.374714685450315e-15,6240,85.28473804100229,0.00003710986406236537,0.000022068794440172795
many_moving,0,440,26538,361.88181818181823,6.9878816556364656e-15,6.85464407578414e-15,6240,85.0909090909091,0.00003710701348855812,0.000022067164928491438
many_moving,0,441,26599,361.89115646258506,6.217248937900877e-15,6.0099014821610985e-15,6242,84.92517006802723,0.00003710644355256536,0.00002206683916296896
many_moving,0,442,26660,361.9004524886878,6.959601969981482e-15,6.811709010371531e-15,6244,84.76018099547511,0.00003279602506407703,0.00001963345131209102
many_moving,0,443,26721,361.90970654627534,5.2017236613531005e-15,4.284223462880358e-15,6247,84.60948081264108,0.000029262462527581118,0.00001731089747230644
many_moving,0,444,26782,361.9189189189189,6.114900400454284e-15,5.89530215362253e-15,6247,84.41891891891892,0.00002919898064289249,0.000017265979345472098
many_moving,0,445,26843,361.92808988764045,5.742332787137845e-15,5.440278967770739e-15,6252,84.29662921348314,0.000029213782157815203,0.000017279708013671866
many_moving,0,446,26904,361.9372197309417,5.431703034524792e-15,4.363142007468399e-15,6255,84.14798206278027,0.000029217768100623895,0.00001725343955498065
many_moving,0,447,26965,361.9463087248322,5.687116766346677e-15,5.3267161251492626e-15,6255,83.95973154362416,0.00002921863092517189,0.00001726144783747716
many_moving,0,448,27026,361.9553571428571,5.489488735705963e-15,4.91193268398119e-15,6257,83.79910714285715,0.000029218806114924277,0.000017263079377912023
many_moving,0,449,27087,361.9643652561247,5.336466872236586e-15,4.473694026505813e-15,6257,83.61247216035635,0.000020752322512350512,0.000012396835533905065
many_moving,0,450,27148,361.97333333333336,5.365950338995594e-15,4.651329710445838e-15,6260,83.46666666666667,0.000014648051051485213,0.000008699052022569496
many_moving,0,451,27209,361.98226164079824,5.35859468051511e-15,4.640395734444109e-15,6263,83.32150776053214,0.000013843730761859883,0.000008224659396155685
many_moving,0,452,27270,361.9911504424779,5.3438529890894854e-15,4.640395734444109e-15,6263,83.13716814159291,0.000013706852738676875,0.000008143368192901376
many_moving,0,453,27331,362,5.254534392573277e-15,4.4627600505040844e-15,6263,82.95364238410596,0.000013680500265207719,0.00000812796364131953
many_moving,0,454,27392,362.0088105726872,5.5537790192031916e-15,4.782604304651882e-15,6263,82.77092511013215,0.000013675271191947302,0.000008124922601085829
many_moving,0,455,27453,362.01758241758245,5.28447500181653e-15,4.5725449407938535e-15,6263,82.58901098901099,0.000013674227037953418,0.00000812431576932333
many_moving,0,456,27514,362.0263157894737,5.277005775466018e-15,4.551577892474097e-15,6265,82.4342105263158,0.00001367401827385416,0.000008124194457053252
many_moving,0,457,27575,362.03501094091905,5.231966495608426e-15,4.306091414883815e-15,6267,82.28008752735231,0.000012090259853129338,0.000007231031160464975
many_moving,0,458,27636,362.04366812227073,5.17892563931115e-15,4.263256414560601e-15,6270,82.13973799126637,0.000010788088948122,0.000006375167702833768
many_moving,0,459,27697,362.0522875816993,5.4025784115714076e-15,4.869742575830056e-15,6270,81.96078431372548,0.000010764031674910825,0.000006358290250655109
many_moving,0,460,27758,362.0608695652174,5.216866993716143e-15,4.352074256530614e-15,6275,81.84782608695652,0.00001076932393721746,0.0000063634925798761815
many_moving,0,461,27819,362.0694143167028,5.4025784115714076e-15,4.588050317399384e-15,6278,81.70932754880694,0.000010770773692910772,0.000006356868536515427
many_moving,0,462,27880,362.0779220779221,5.446206940275961e-15,4.430992801118655e-15,6278,81.53246753246752,0.00001077108345094037,0.000006358959283981517
many_moving,0,463,27941,362.0863930885529,5.306819604658719e-15,4.258306765869616e-15,6280,81.38228941684665,0.000010771146194506243,0.000006359385683171265
many_moving,0,464,28002,362.09482758620686,5.3216638842973094e-15,4.435942449809641e-15,6280,81.20689655172414,0.000007638594655567865,0.000004559373109914701
many_moving,0,465,28063,362.10322580645163,5.336466872236586e-15,4.368091656159385e-15,6283,81.07096774193548,0.000005392114983928737,0.000003198545984937237
many_moving,0,466,28124,362.11158798283265,5.194135438988726e-15,4.107488682624034e-15,6286,80.93562231759657,0.0000050955521656861145,0.000003025200223294521
many_moving,0,467,28185,362.1199143468951,5.231966495608426e-15,4.306091414883815e-15,6286,80.76231263383298,0.000005045035542339652,0.0000029954471577368196
many_moving,0,468,28246,362.12820512820514,5.194135438988726e-15,4.107488682624034e-15,6286,80.58974358974359,0.000005035307463562276,0.000002989737153605394
many_moving,0,469,28307,362.136460554371,5.2394999285896745e-15,4.394909256853828e-15,6286,80.4179104477612,0.000005033377040566839,0.000002988607770443688
many_moving,0,470,28368,362.14468085106387,5.4534444277751785e-15,4.359482143121576e-15,6286,80.2468085106383,0.00000503299156482397,0.0000029883824061056165
many_moving,0,471,28429,362.1528662420383,5.194135438988726e-15,4.107488682624034e-15,6288,80.10191082802548,0.0000050329144947810965,0.0000029883373541879537
many_moving,0,472,28490,362.16101694915255,5.209300830207717e-15,4.107488682624034e-15,6290,79.95762711864407,0.000004448914219229954,0.0000026594524398423913
many_moving,0,473,28551,362.169133192389,5.216866993716143e-15,4.128455730943791e-15,6293,79.82663847780125,0.000003969663211109607,0.0000023445737880241626
many_moving,0,474,28612,362.1772151898734,5.424436538917543e-15,4.87637179531288e-15,6293,79.65822784810126,0.000003960905330675169,0.000002338428749824658
many_moving,0,475,28673,362.1852631578947,5.216866993716143e-15,4.284223462880358e-15,6298,79.55368421052631,0.000003962875566190797,0.000002340337013980925
many_moving,0,476,28734,362.1932773109244,5.336466872236586e-15,4.499232475429372e-15,6301,79.42436974789916,0.000003963416221017803,0.0000023387245815862076
many_moving,0,477,28795,362.2012578616352,5.29938187205527e-15,4.410414633459359e-15,6301,79.25786163522012,0.000003963530932705167,0.0000023392803300867787
many_moving,0,478,28856,362.2092050209205,5.431703034524792e-15,4.363142007468399e-15,6303,79.11715481171548,0.000003963554138700339,0.0000023393950238548225
many_moving,0,479,28917,362.2171189979123,5.3216638842973094e-15,4.368091656159385e-15,6303,78.95198329853862,0.000002812682073177851,0.0000016779784798050657
many_moving,0,480,28978,362.225,5.28447500181653e-15,4.169488923899603e-15,6306,78.825,0.0000019854312133937307,0.0000011769732232057166
many_moving,0,481,29039,362.2328482328482,5.2695259619608686e-15,4.504694147143597e-15,6309,78.6985446985447,0.0000018763192139802105,0.0000011134974073290094
many_moving,0,482,29100,362.2406639004149,5.216866993716143e-15,4.196306524594046e-15,6309,78.53526970954357,0.000001857740798608791,0.0000011026029818986312
many_moving,0,483,29161,362.2484472049689,5.224422199693188e-15,4.217273572913803e-15,6309,78.3726708074534,0.0000018541634988220043,0.000001100502930164725
many_moving,0,484,29222,362.25619834710744,5.2470225454264355e-15,4.269885634043425e-15,6309,78.2107438016529,0.0000018534536417889798,0.0000011000864244337623
many_moving,0,485,29283,362.2639175257732,5.2394999285896745e-15,4.394909256853828e-15,6309,78.04948453608246,0.0000018533118947206375,0.0000011000032699028587
many_moving,0,486,29344,362.27160493827165,5.496669234178526e-15,4.714753511001626e-15,6311,77.91358024691358,0.0000018532835535638654,0.0000010999866439813296
many_moving,0,487,29405,362.2792607802875,5.194135438988726e-15,4.107488682624034e-15,6313,77.77823408624229,0.000001638453148293995,9.790656085984233e-7
many_moving,0,488,29466,362.28688524590166,5.224422199693188e-15,4.217273572913803e-15,6316,77.65573770491804,0.000001461967302381072,8.631165605372289e-7
many_moving,0,489,29527,362.29447852760734,5.2017236613531005e-15,4.196306524594046e-15,6316,77.49693251533742,0.0000014587295866039231,8.608497661085532e-7
many_moving,0,490,29588,362.30204081632655,5.194135438988726e-15,4.263256414560601e-15,6321,77.4,0.0000014594520108132977,8.615399294392223e-7
many_moving,0,491,29649,362.30957230142565,5.28447500181653e-15,4.440892098500626e-15,6324,77.27902240325865,0.0000014596508843522474,8.61162092168462e-7
many_moving,0,492,29710,362.31707317073176,5.186536114598693e-15,4.174438572590589e-15,6324,77.1219512195122,0.0000014596929560619622,8.613131971774458e-7
many_moving,0,493,29771,362.32454361054766,5.351228911149543e-15,4.572811584878751e-15,6326,76.98985801217039,0.0000014597014622841838,8.613449336923234e-7
many_moving,0,494,29832,362.331983805668,5.4534444277751785e-15,4.415754068598022e-15,6326,76.834008097166,0.000001035582858446333,6.176157540006892e-7
many_moving,0,495,29893,362.339393939394,5.365950338995594e-15,4.50952155925902e-15,6329,76.71515151515152,7.310081250449681e-7,4.331449532030028e-7
many_moving,0,496,29954,362.34677419354836,5.28447500181653e-15,4.169488923899603e-15,6332,76.59677419354838,6.908210196016638e-7,4.0983997182073e-7
many_moving,0,497,30015,362.35412474849096,5.29938187205527e-15,4.347124607839628e-15,6332,76.44265593561369,6.839771646047558e-7,4.058402013080615e-7
many_moving,0,498,30076,362.36144578313247,5.262035516153185e-15,4.415876305173584e-15,6332,76.28915662650603,6.826593108321168e-7,4.0506837883256367e-7
many_moving,0,499,30137,362.3687374749499,5.194135438988726e-15,4.107488682624034e-15,6332,76.1362725450902,6.823978017646652e-7,4.0491517867684463e-7
many_moving,0,500,30198,362.376,5.254534392573277e-15,4.394909256853828e-15,6332,75.984,6.823455817423111e-7,4.0488458557382646e-7
many_moving,0,501,30259,362.3832335329342,5.186536114598693e-15,4.018670840654022e-15,6334,75.8562874251497,6.823351415565339e-7,4.0487846983530764e-7
many_moving,0,502,30320,362.39043824701196,5.475099487534308e-15,4.625935669031614e-15,6336,75.72908366533865,6.03199945351605e-7,3.6036289643212085e-7
many_moving,0,503,30381,362.39761431411534,5.351228911149543e-15,4.59351198911361e-15,6339,75.61431411530815,5.382242623205259e-7,3.1768047741514017e-7
many_moving,0,504,30442,362.40476190476187,5.224422199693188e-15,4.285124366564059e-15,6339,75.46428571428571,5.370336527644704e-7,3.168474925297709e-7
many_moving,0,505,30503,362.41188118811885,5.231966495608426e-15,4.306091414883815e-15,6344,75.37425742574257,5.372999408144669e-7,3.1709442900334823e-7
many_moving,0,506,30564,362.4189723320158,5.224422199693188e-15,4.217273572913803e-15,6347,75.26086956521739,5.373732975742916e-7,3.170138001821174e-7
many_moving,0,507,30625,362.4260355029586,5.1636710387543275e-15,4.085620730620576e-15,6347,75.11242603550296,5.373887933816556e-7,3.1705636872745764e-7
many_moving,0,508,30686,362.4330708661417,5.306819604658719e-15,4.253745997839091e-15,6349,74.98818897637796,5.373919255483205e-7,3.1706574485803875e-7
many_moving,0,509,30747,362.4400785854617,5.28447500181653e-15,4.232778949519334e-15,6349,74.84086444007859,3.812890812925607e-7,2.2735438121013267e-7
many_moving,0,510,30808,362.44705882352946,5.5750443644609555e-15,4.886015986970447e-15,6352,74.72941176470589,2.691480160174707e-7,1.594333179011353e-7
many_moving,0,511,30869,362.45401174168296,5.306819604658719e-15,4.19045597221936e-15,6355,74.6183953033268,2.5435369480346846e-7,1.5087008918746857e-7
many_moving,0,512,30930,362.4609375,5.336466872236586e-15,4.331885875318995e-15,6355,74.47265625,2.518343972240477e-7,1.4940060684111455e-7
many_moving,0,513,30991,362.4678362573099,5.2470225454264355e-15,4.306091414883815e-15,6355,74.32748538011695,2.5134928906932054e-7,1.4911695119713872e-7
many_moving,0,514,31052,362.4747081712062,5.231966495608426e-15,4.3739422085340714e-15,6355,74.1828793774319,2.512530275537866e-7,1.4906063753207192e-7
many_moving,0,515,31113,362.4815533980582,5.194135438988726e-15,4.107488682624034e-15,6355,74.03883495145631,2.512338048658172e-7,1.4904939027624385e-7
many_moving,0,516,31174,362.48837209302326,5.194135438988726e-15,4.107488682624034e-15,6357,73.9186046511628,2.5122996148158807e-7,1.490471422759133e-7
many_moving,0,517,31235,362.495164410058,5.231966495608426e-15,4.306091414883815e-15,6359,73.79883945841392,2.2209983473007958e-7,1.32666166006576e-7
many_moving,0,518,31296,362.50193050193053,5.489488735705963e-15,4.625935669031614e-15,6362,73.6911196911197,1.9817589246417042e-7,1.1695127372586681e-7
many_moving,0,519,31357,362.5086705202312,5.194135438988726e-15,4.107488682624034e-15,6362,73.54913294797689,1.9773740942863263e-7,1.1664471633132578e-7
many_moving,0,520,31418,362.5153846153847,5.216866993716143e-15,4.196306524594046e-15,6367,73.46538461538462,1.978354291732996e-7,1.167331771895504e-7
many_moving,0,521,31479,362.52207293666027,5.224422199693188e-15,4.217273572913803e-15,6370,73.35892514395394,1.9786244530360949e-7,1.1671883000787062e-7
many_moving,0,522,31540,362.52873563218395,5.3952726902961385e-15,4.854503843309422e-15,6370,73.2183908045977,1.9786814835999902e-7,1.1673135385017603e-7
many_moving,0,523,31601,362.5353728489484,5.209300830207717e-15,4.37304130485037e-15,6372,73.10133843212238,1.9786930113458063e-7,1.1673417779855587e-7
many_moving,0,524,31662,362.54198473282446,5.216866993716143e-15,4.352074256530614e-15,6372,72.96183206106872,1.4038736373182968e-7,8.369997180554197e-8
many_moving,0,525,31723,362.54857142857145,5.28447500181653e-15,4.232778949519334e-15,6375,72.85714285714286,9.909793728310368e-8,5.8690452786483965e-8
many_moving,0,526,31784,362.5551330798479,5.475099487534308e-15,4.6505625816981934e-15,6378,72.75285171102661,9.365051795902552e-8,5.554122714966156e-8
many_moving,0,527,31845,362.561669829222,5.409874266903025e-15,4.5356942677813825e-15,6378,72.61480075901328,9.272286459274693e-8,5.5000847263271695e-8
many_moving,0,528,31906,362.56818181818176,5.28447500181653e-15,4.169488923899603e-15,6378,72.47727272727272,9.25442379033212e-8,5.489652362667316e-8
many_moving,0,529,31967,362.57466918714556,5.31424692754413e-15,4.347124607839628e-15,6378,72.34026465028354,9.25087924309399e-8,5.4875810131248834e-8
many_moving,0,530,32028,362.5811320754717,5.216866993716143e-15,4.196306524594046e-15,6378,72.20377358490565,9.250171371854887e-8,5.487167422190783e-8
many_moving,0,531,32089,362.58757062146896,5.2470225454264355e-15,4.306091414883815e-15,6380,72.090395480226,9.250029888693255e-8,5.487084673992989e-8
many_moving,0,532,32150,362.593984962406,5.2470225454264355e-15,4.269885634043425e-15,6382,71.97744360902256,8.177381470828657e-8,4.884078395303177e-8
many_moving,0,533,32211,362.6003752345216,5.2470225454264355e-15,4.3739422085340714e-15,6385,71.87617260787992,7.296534530625155e-8,4.305507730493052e-8
many_moving,0,534,32272,362.6067415730337,5.431703034524792e-15,4.3385150948018194e-15,6385,71.74157303370787,7.28038963838014e-8,4.294225466611645e-8
many_moving,0,535,32333,362.6130841121496,5.209300830207717e-15,4.285124366564059e-15,6390,71.66355140186916,7.283998439569865e-8,4.2974031707252955e-8
many_moving,0,536,32394,362.6194029850746,5.2470225454264355e-15,4.3739422085340714e-15,6393,71.56343283582089,7.284993292863639e-8,4.297277161309113e-8
many_moving,0,537,32455,362.6256983240224,5.194135438988726e-15,4.107488682624034e-15,6393,71.43016759776536,7.285203250716337e-8,4.297659261586801e-8
many_moving,0,538,32516,362.63197026022306,5.28447500181653e-15,4.5363391599534635e-15,6395,71.31970260223048,7.285245697835517e-8,4.297742735990351e-8
many_moving,0,539,32577,362.6382189239332,5.291933685841681e-15,4.529709940470638e-15,6395,71.18738404452691,5.168887414966881e-8,3.0814853192421915e-8
many_moving,0,540,32638,362.64444444444445,5.31424692754413e-15,4.410414633459359e-15,6398,71.08888888888889,3.6486645901891774e-8,2.160638461901534e-8
many_moving,0,541,32699,362.6506469500924,5.351228911149543e-15,4.572811584878751e-15,6401,70.99075785582255,3.4481007102332176e-8,2.044778475265966e-8
many_moving,0,542,32760,362.65682656826567,5.4025784115714076e-15,4.25335711717863e-15,6401,70.85977859778598,3.4139464731465844e-8,2.0248989929215046e-8
many_moving,0,543,32821,362.6629834254143,5.365950338995594e-15,4.50952155925902e-15,6401,70.7292817679558,3.4073698425503237e-8,2.021060877819351e-8
many_moving,0,544,32882,362.66911764705884,5.31424692754413e-15,4.279273814189372e-15,6401,70.59926470588236,3.406064796811609e-8,2.020298800416243e-8
many_moving,0,545,32943,362.6752293577982,5.194135438988726e-15,4.107488682624034e-15,6401,70.4697247706422,3.4058041926147654e-8,2.0201466276383886e-8
many_moving,0,546,33004,362.6813186813187,5.38063148911084e-15,4.761114600735607e-15,6403,70.36263736263736,3.4057520545178845e-8,2.020116136937991e-8
many_moving,0,547,33065,362.6873857404022,5.194135438988726e-15,4.107488682624034e-15,6405,70.25594149908592,3.010831320911805e-8,1.7981492553679152e-8
many_moving,0,548,33126,362.6934306569343,5.209300830207717e-15,4.107488682624034e-15,6408,70.16058394160584,2.6865124367595086e-8,1.5851309841770527e-8
many_moving,0,549,33187,362.69945355191254,5.216866993716143e-15,4.128455730943791e-15,6408,70.0327868852459,2.680568498126353e-8,1.580978682183678e-8
many_moving,0,550,33248,362.7054545454546,5.496669234178526e-15,4.678547730161236e-15,6413,69.96,2.6818973025413187e-8,1.582125799805381e-8
many_moving,0,551,33309,362.71143375680583,5.351228911149543e-15,4.59351198911361e-15,6416,69.86569872958258,2.682263665817627e-8,1.5821835252014998e-8
many_moving,0,552,33370,362.71739130434787,5.262035516153185e-15,4.4837270988238405e-15,6416,69.73913043478262,2.682341018480389e-8,1.5823023977307984e-8
many_moving,0,553,33431,362.7233273056058,5.194135438988726e-15,4.107488682624034e-15,6418,69.63471971066907,2.6823566066317475e-8,1.5823274911346793e-8
many_moving,0,554,33492,362.72924187725636,5.1636710387543275e-15,4.085620730620576e-15,6418,69.50902527075813,1.9031336381084965e-8,1.1345126900871502e-8
many_moving,0,555,33553,362.7351351351352,5.2470225454264355e-15,4.425653365979993e-15,6421,69.41621621621621,1.343401853592218e-8,7.954572128785844e-9
many_moving,0,556,33614,362.74100719424456,5.224422199693188e-15,4.37304130485037e-15,6424,69.32374100719423,1.2695559694328359e-8,7.528197559783033e-9
many_moving,0,557,33675,362.7468581687612,5.28447500181653e-15,4.232778949519334e-15,6424,69.19928186714542,1.2569806177432078e-8,7.455043145885239e-9
many_moving,0,558,33736,362.75268817204295,5.5679649401900655e-15,4.875082010968718e-15,6424,69.07526881720429,1.2545591542359667e-8,7.440917126716874e-9
many_moving,0,559,33797,362.75849731663686,5.31424692754413e-15,4.279273814189372e-15,6424,68.95169946332737,1.2540786719232137e-8,7.4381137014305386e-9
many_moving,0,560,33858,362.76428571428573,5.336466872236586e-15,4.331885875318995e-15,6424,68.82857142857142,1.2539827143795795e-8,7.437553413719871e-9
many_moving,0,561,33919,362.77005347593587,5.329070518200751e-15,4.456909498129397e-15,6426,68.72727272727273,1.2539635144783733e-8,7.437442229403216e-9
many_moving,0,562,33980,362.7758007117437,5.231966495608426e-15,4.3739422085340714e-15,6428,68.62633451957295,1.1085555892528982e-8,6.6202948071151665e-9
many_moving,0,563,34041,362.7815275310835,5.329070518200751e-15,4.562511868475826e-15,6431,68.53641207815276,9.891449009668633e-9,5.83600251020331e-9
many_moving,0,564,34102,362.78723404255317,5.194135438988726e-15,4.107488682624034e-15,6431,68.41489361702128,9.869562386255968e-9,5.820718945620979e-9
many_moving,0,565,34163,362.79292035398237,5.231966495608426e-15,4.306091414883815e-15,6436,68.34690265486726,9.874455245658764e-9,5.82487555864744e-9
many_moving,0,566,34224,362.7985865724382,5.446206940275961e-15,4.3385150948018194e-15,6439,68.25795053003533,9.87580354291497e-9,5.825356156768227e-9
many_moving,0,567,34285,362.8042328042328,5.194135438988726e-15,4.107488682624034e-15,6439,68.13756613756614,9.876088445541663e-9,5.825734263622639e-9
many_moving,0,568,34346,362.80985915492954,5.216866993716143e-15,4.196306524594046e-15,6441,68.03873239436619,9.876146245417513e-9,5.82581177715512e-9
many_moving,0,569,34407,362.81546572934974,5.2470225454264355e-15,4.306091414883815e-15,6441,67.91915641476275,7.007122463274609e-9,4.176997478314565e-9
many_moving,0,570,34468,362.821052631579,5.424436538917543e-15,4.87637179531288e-15,6444,67.83157894736841,4.946254986523662e-9,2.9286187177390137e-9
many_moving,0,571,34529,362.8266199649737,5.216866993716143e-15,4.352074256530614e-15,6447,67.74430823117338,4.674362102211812e-9,2.771682825857235e-9
many_moving,0,572,34590,362.83216783216784,5.31424692754413e-15,4.342563839809103e-15,6447,67.62587412587413,4.628061545240627e-9,2.7447575248614315e-9
many_moving,0,573,34651,362.8376963350785,5.29938187205527e-15,4.410414633459359e-15,6447,67.50785340314135,4.619146025994595e-9,2.7395581580292125e-9
many_moving,0,574,34712,362.8432055749129,5.409874266903025e-15,4.342174959148643e-15,6447,67.39024390243902,4.617376359713472e-9,2.7385264784790077e-9
many_moving,0,575,34773,362.8486956521739,5.446206940275961e-15,4.734297000041164e-15,6447,67.27304347826087,4.617023328301198e-9,2.7383206386165603e-9
many_moving,0,576,34834,362.8541666666667,5.28447500181653e-15,4.169488923899603e-15,6449,67.17708333333333,4.616952843404222e-9,2.7382793927919775e-9
many_moving,0,577,34895,362.8596187175043,5.231966495608426e-15,4.3739422085340714e-15,6451,67.08145580589255,4.081579808085787e-9,2.4374467845032426e-9
many_moving,0,578,34956,362.8650519031142,5.224422199693188e-15,4.217273572913803e-15,6454,66.99653979238754,3.6419224989756217e-9,2.1486837133428485e-9
many_moving,0,579,35017,362.8704663212435,5.2470225454264355e-15,4.306091414883815e-15,6454,66.88082901554404,3.633863818426632e-9,2.143056076718695e-9
many_moving,0,580,35078,362.87586206896555,5.194135438988726e-15,4.107488682624034e-15,6459,66.81724137931035,3.6356657837217117e-9,2.1445693290090995e-9
many_moving,0,581,35139,362.881239242685,5.2470225454264355e-15,4.3739422085340714e-15,6462,66.73321858864028,3.6361624078275555e-9,2.1448164946343016e-9
many_moving,0,582,35200,362.88659793814435,5.603272617658029e-15,4.981207036911663e-15,6462,66.61855670103094,3.6362672382649436e-9,2.144938268535053e-9
many_moving,0,583,35261,362.8919382504288,5.194135438988726e-15,4.107488682624034e-15,6464,66.52487135506003,3.636288193860626e-9,2.1449629074310388e-9
many_moving,0,584,35322,362.8972602739726,5.216866993716143e-15,4.128455730943791e-15,6464,66.41095890410959,2.5799490978440006e-9,1.5378889592288781e-9
many_moving,0,585,35383,362.9025641025641,5.194135438988726e-15,4.107488682624034e-15,6467,66.32820512820513,1.821158529601088e-9,1.07824492839679e-9
many_moving,0,586,35444,362.9078498293515,5.194135438988726e-15,4.263256414560601e-15,6470,66.2457337883959,1.7210501244242902e-9,1.0204747065546352e-9
many_moving,0,587,35505,362.9131175468484,5.291933685841681e-15,4.529709940470638e-15,6470,66.13287904599659,1.7040037423582305e-9,1.0105632797018978e-9
many_moving,0,588,35566,362.91836734693874,5.216866993716143e-15,4.352074256530614e-15,6470,66.0204081632653,1.700720111611645e-9,1.0086494644499413e-9
many_moving,0,589,35627,362.92359932088283,5.351228911149543e-15,4.572811584878751e-15,6470,65.90831918505943,1.7000690467094623e-9,1.0082694846507895e-9
many_moving,0,590,35688,362.928813559322,5.4534444277751785e-15,4.519810643088668e-15,6470,65.79661016949152,1.6999390043522035e-9,1.008193613493601e-9
many_moving,0,591,35749,362.93401015228426,5.29938187205527e-15,4.347124607839628e-15,6472,65.70558375634519,1.6999133971413767e-9,1.0081788907149425e-9
many_moving,0,592,35810,362.93918918918916,5.28447500181653e-15,4.169488923899603e-15,6474,65.61486486486486,1.5027943086229485e-9,8.97424784851349e-10
many_moving,0,593,35871,362.9443507588533,5.336466872236586e-15,4.435942449809641e-15,6477,65.5345699831366,1.3409168700300708e-9,7.911064082415239e-10
many_moving,0,594,35932,362.9494949494949,5.3732959281142366e-15,4.750180624733878e-15,6477,65.42424242424242,1.3379503475868267e-9,7.890343337855464e-10
many_moving,0,595,35993,362.9546218487395,5.194135438988726e-15,4.107488682624034e-15,6482,65.36470588235295,1.3386132903419275e-9,7.895857134200397e-10
many_moving,0,596,36054,362.9597315436242,5.216866993716143e-15,4.196306524594046e-15,6485,65.28523489932886,1.3387964049190283e-9,7.89694849346245e-10
many_moving,0,597,36115,362.96482412060305,5.224422199693188e-15,4.217273572913803e-15,6485,65.17587939698493,1.3388347934431276e-9,7.897354686510974e-10
many_moving,0,598,36176,362.96989966555185,5.496669234178526e-15,4.678547730161236e-15,6487,65.08695652173914,1.3388424102646625e-9,7.897434857552518e-10
many_moving,0,599,36237,362.974958263773,5.194135438988726e-15,4.107488682624034e-15,6487,64.97829716193657,9.49909291248183e-10,5.662252634946435e-10
many_moving,0,600,36298,362.98,5.262035516153185e-15,4.4837270988238405e-15,6490,64.9,6.705300290824362e-10,3.969880725765361e-10
none_moving,0.1,0,0,,18.187917130173428,17.241615522676813,0,,18.187917130173428,17.241615522676813
none_moving,0.1,1,39,234,8.745271953816724,7.487728301312707,39,234,8.744178571737626,7.496123143339463
none_moving,0.1,2,99,297,5.792507899848297,4.897972769799247,96,288,5.68501797157679,4.820256125864179
none_moving,0.1,3,155,310,2.982808190072038,2.5898998725308937,156,312,3.013439602276542,2.587146622858754
none_moving,0.1,4,213,319.5,1.8334133341643315,1.3957787484061424,216,324,1.8445610704356505,1.400402994467591
none_moving,0.1,5,271,325.20000000000005,1.3672263408065406,0.991180311171594,275,330,1.2042782099611733,0.8655746574204279
none_moving,0.1,6,327,327,0.9007343572056447,0.6909929910116809,331,331,0.7178524218264453,0.561719092035388
none_moving,0.1,7,384,329.1428571428571,0.8333007396435808,0.5970971839717834,379,324.85714285714283,0.49482209640357167,0.42265080451649684
none_moving,0.1,8,444,333,0.4324350257737716,0.35988343934281886,391,293.25,0.49654683198052557,0.4301625827537518
none_moving,0.1,9,502,334.6666666666667,0.44953852918260495,0.3608576380956601,391,260.6666666666667,0.5045493302665454,0.44244699738202964
none_moving,0.1,10,560,336,0.28491616714777696,0.25779276629148473,391,234.60000000000002,0.5080211696039709,0.4479721042729604
none_moving,0.1,11,616,336.00000000000006,0.2992061118647851,0.2532631087780599,391,213.2727272727273,0.5087879047431179,0.4491435635645938
none_moving,0.1,12,674,337,0.22164613259281807,0.20553184015907813,391,195.5,0.5089441204279123,0.4493803426741067
none_moving,0.1,13,732,337.84615384615387,0.21937723400744286,0.20856233899398685,391,180.46153846153845,0.5089754780942671,0.44942779691824797
none_moving,0.1,14,789,338.14285714285717,0.28091128524656617,0.2308389944219452,391,167.57142857142858,0.5089817542069653,0.4494372916958255
none_moving,0.1,15,847,338.8,0.29606341639845635,0.23114094627473625,391,156.4,0.5089830096126677,0.449439190808426
none_moving,0.1,16,903,338.625,0.24871949064678006,0.21077433337170529,391,146.625,0.5089832607011342,0.4494395706372286
none_moving,0.1,17,962,339.5294117647059,0.1747480347938115,0.1551028748668034,391,138,0.5089833109191213,0.4494396466032414
none_moving,0.1,18,1021,340.3333333333333,0.19611307931075553,0.17753597760693252,391,130.33333333333334,0.5089833209627302,0.44943966179645356
none_moving,0.1,19,1079,340.7368421052632,0.33620096322284626,0.30174920411797385,391,123.47368421052633,0.5089833229714534,0.44943966483509773
none_moving,0.1,20,1139,341.70000000000005,0.4087788784982364,0.33905911572341235,391,117.30000000000001,0.5089833233731973,0.4494396654428255
none_moving,0.1,21,1197,342.00000000000006,0.17343378985532318,0.14978178473984538,397,113.42857142857144,0.5089833234535461,0.4494396655643712
none_moving,0.1,22,1255,342.2727272727273,0.21207468268698282,0.18020030443926963,411,112.09090909090911,0.480700638100376,0.4366116190980322
none_moving,0.1,23,1311,341.99999999999994,0.3106573482934782,0.2585133107063779,414,107.99999999999999,0.44467240049187556,0.37101487991540427
none_moving,0.1,24,1368,342,0.2898566649582928,0.2638714548094976,414,103.49999999999999,0.4475955370803794,0.3818925758924033
none_moving,0.1,25,1427,342.47999999999996,0.304327137908374,0.2703283656189934,414,99.35999999999999,0.44859171097188816,0.38460383649286556
none_moving,0.1,26,1486,342.9230769230769,0.3228268706153529,0.2774091517534355,414,95.53846153846153,0.4488072191236127,0.3851630121207042
none_moving,0.1,27,1545,343.3333333333333,0.27084500183517773,0.2426445993044588,414,92,0.4488509698146247,0.3852755061584273
none_moving,0.1,28,1604,343.7142857142857,0.4332861977235849,0.36865758273074645,419,89.78571428571428,0.32097453434077466,0.2827056989153174
none_moving,0.1,29,1660,343.44827586206895,0.42237533015295775,0.3301534034442793,429,88.75862068965517,0.2937280038068238,0.26073194043231585
none_moving,0.1,30,1719,343.8,0.5470174918643701,0.418233681584952,439,87.8,0.2939130426381585,0.26999785182087993
none_moving,0.1,31,1778,344.1290322580645,0.2620696776859623,0.22239287408777178,450,87.09677419354838,0.27781592573984293,0.23612133233699512
none_moving,0.1,32,1838,344.625,0.23348246805209252,0.2061880203511408,460,86.25,0.34050801324140206,0.29604376003559907
none_moving,0.1,33,1896,344.7272727272727,0.3547693594517761,0.30180912565115847,469,85.27272727272727,0.25510024241804385,0.21583904532092912
none_moving,0.1,34,1953,344.64705882352945,0.3160619091475269,0.26698833221271834,480,84.70588235294117,0.3534449114610744,0.30422233550573863
none_moving,0.1,35,2013,345.0857142857143,0.2873550970816046,0.24601686519541438,486,83.31428571428572,0.46707275050338504,0.36541670608214527
none_moving,0.1,36,2071,345.1666666666667,0.3780635941271033,0.3133166324661515,492,82.00000000000001,0.520170351999778,0.4255614831371698
none_moving,0.1,37,2131,345.56756756756755,0.19921537049425336,0.1869649098503712,502,81.4054054054054,0.2762457104587001,0.19994770915420892
none_moving,0.1,38,2188,345.47368421052636,0.345044190151812,0.30879382407762024,505,79.73684210526316,0.36416285043153257,0.3164031506684143
none_moving,0.1,39,2245,345.38461538461536,0.18364046495948572,0.15511539476235003,505,77.6923076923077,0.3895280427278476,0.34497256808937016
none_moving,0.1,40,2304,345.6,0.33873667607747704,0.29301239112538446,505,75.75,0.3948035923376929,0.35073923178936484
none_moving,0.1,41,2364,345.9512195121951,0.2272215271397315,0.2047006496970142,505,73.90243902439025,0.3958661436857753,0.3518945039790167
none_moving,0.1,42,2421,345.8571428571429,0.2242858897108631,0.21437645354835677,505,72.14285714285715,0.3960789466755088,0.3521256348731665
none_moving,0.1,43,2480,346.04651162790697,0.23606351966621283,0.18107590359719467,505,70.46511627906976,0.3961215189432834,0.3521718641016053
none_moving,0.1,44,2535,345.6818181818182,0.2603897590466377,0.2202813763721053,510,69.54545454545455,0.39434951513947397,0.3483544503195731
none_moving,0.1,45,2591,345.4666666666667,0.2629831333651134,0.23912838898117483,517,68.93333333333334,0.39342319922042085,0.3476246466055116
none_moving,0.1,46,2650,345.65217391304344,0.24806990705256632,0.23122586244508084,522,68.08695652173913,0.4086551057419637,0.36672848812091063
none_moving,0.1,47,2707,345.5744680851064,0.29545633244324354,0.26823037833391694,528,67.40425531914893,0.4314202562135603,0.38662650551837807
none_moving,0.1,48,2765,345.625,0.2641273591932415,0.24161026924190163,534,66.75,0.41740816900699823,0.3658695266371174
none_moving,0.1,49,2819,345.1836734693877,0.29197383817461336,0.2760788777268056,543,66.48979591836735,0.40173837087537867,0.36013913148263355
none_moving,0.1,50,2877,345.23999999999995,0.18434505928691833,0.16921264726835067,552,66.24,0.42399098960495835,0.37951020157721493
none_moving,0.1,51,2934,345.1764705882353,0.25829180609371216,0.2258279550183706,560,65.88235294117648,0.45738874999329804,0.42525085719959277
none_moving,0.1,52,2993,345.34615384615387,0.3993048671784354,0.27549255443752824,568,65.53846153846153,0.3986952964639385,0.36065063517367474
none_moving,0.1,53,3052,345.50943396226415,0.23724727227291365,0.22444955906493136,571,64.64150943396227,0.371803825566974,0.3389522621612333
none_moving,0.1,54,3112,345.77777777777777,0.1883784604706147,0.16203666474921422,571,63.44444444444444,0.37065585529884026,0.33744398245185386
none_moving,0.1,55,3169,345.7090909090909,0.3071641469508076,0.2746260045363919,571,62.290909090909096,0.37060343602227536,0.3372707876232288
none_moving,0.1,56,3224,345.4285714285714,0.3757233490817953,0.32143384866950586,571,61.17857142857143,0.3706000531574916,0.33724143224616826
none_moving,0.1,57,3281,345.3684210526316,0.37238886597646326,0.29086279770365636,571,60.10526315789474,0.37059966064879646,0.3372357736738378
none_moving,0.1,58,3341,345.62068965517244,0.22795339213976676,0.18474629424306427,574,59.37931034482759,0.3719346200203505,0.33816398386561486
none_moving,0.1,59,3398,345.55932203389835,0.29954164067489253,0.29270257595695737,579,58.88135593220339,0.327016388819948,0.29870347803639663
none_moving,0.1,60,3454,345.4,0.15007734555340407,0.1390956762735569,584,58.4,0.31706966822079086,0.2824533497111155
none_moving,0.1,61,3510,345.2459016393443,0.23256995495133398,0.21525402519720135,588,57.83606557377049,0.34074035405679415,0.3137137162032019
none_moving,0.1,62,3569,345.3870967741935,0.17426642761956276,0.15768744568319606,592,57.29032258064516,0.3372838432053432,0.3055726364533276
none_moving,0.1,63,3628,345.5238095238095,0.22111517111324996,0.20416601886728625,597,56.857142857142854,0.345162389454653,0.3130466211323691
none_moving,0.1,64,3688,345.75,0.23587949268225594,0.19574118912245536,604,56.625,0.4237631106689999,0.38639838133593346
none_moving,0.1,65,3748,345.9692307692308,0.2641476275307671,0.24635655584388902,608,56.12307692307692,0.343264862601707,0.32024907423113536
none_moving,0.1,66,3806,346,0.20641600394537893,0.19490135363846112,614,55.81818181818181,0.26888047493920875,0.2491065339967972
none_moving,0.1,67,3863,345.94029850746267,0.30207784705908075,0.26501561178736793,619,55.43283582089552,0.32809609044486504,0.28902337033181597
none_moving,0.1,68,3919,345.79411764705884,0.32403708885071747,0.2975158772884792,621,54.794117647058826,0.3441442318506279,0.2951092132342512
none_moving,0.1,69,3976,345.7391304347827,0.3709073946108842,0.3129769818337083,621,54.00000000000001,0.35367039128036926,0.30608431179733925
none_moving,0.1,70,4034,345.77142857142854,0.2862762489279278,0.2541719910774739,624,53.48571428571428,0.34964345486056264,0.29616801431246537
none_moving,0.1,71,4093,345.88732394366195,0.1752138885960055,0.154297326299766,629,53.154929577464785,0.3958495230092994,0.33558962469347386
none_moving,0.1,72,4151,345.9166666666667,0.20627361454243037,0.15984479927993553,633,52.75,0.33059424011264954,0.2987124038314516
none_moving,0.1,73,4209,345.94520547945206,0.13279370022472078,0.12534961222026628,637,52.35616438356165,0.2111374972667581,0.19708104294287304
none_moving,0.1,74,4266,345.8918918918919,0.19076617118762398,0.153406065186286,642,52.054054054054056,0.3453416630482143,0.29603656509970633
none_moving,0.1,75,4323,345.84000000000003,0.28828315877120764,0.23319014889023415,647,51.760000000000005,0.26353764804240587,0.23964229797246453
none_moving,0.1,76,4380,345.7894736842105,0.26432533133860586,0.2340625698472601,652,51.47368421052632,0.3127826600103518,0.27512065527993845
none_moving,0.1,77,4440,345.97402597402595,0.31521614509050916,0.2674243753008755,654,50.96103896103896,0.3990004742213741,0.3452870302435912
none_moving,0.1,78,4497,345.9230769230769,0.23042324863942737,0.19736209594210935,654,50.307692307692314,0.4300148030970424,0.3598451508304253
none_moving,0.1,79,4552,345.72151898734177,0.3067735256409438,0.25786309077156544,659,50.05063291139241,0.3796346791580253,0.33808487721970976
none_moving,0.1,80,4608,345.6,0.237643068102037,0.1816216250049731,663,49.725,0.3769918677662255,0.32265584294466815
none_moving,0.1,81,4667,345.7037037037037,0.34410681865983395,0.25479063158271,667,49.407407407407405,0.39358670196767054,0.3425779501023319
none_moving,0.1,82,4724,345.6585365853658,0.1853341292326616,0.15947483394429,671,49.09756097560975,0.35267299497946636,0.32546837964650427
none_moving,0.1,83,4782,345.6867469879518,0.3668590431375307,0.33574945481053287,674,48.72289156626506,0.38224191682283326,0.3598956728009184
none_moving,0.1,84,4839,345.64285714285717,0.1337793375172854,0.12089588864330891,674,48.14285714285715,0.3973291547911563,0.37603037288255436
none_moving,0.1,85,4897,345.6705882352941,0.3475653583922121,0.3069876136516938,674,47.576470588235296,0.400648980774593,0.3794508852902039
none_moving,0.1,86,4953,345.5581395348837,0.3999827411312177,0.2957612184921113,674,47.02325581395349,0.40132444552713725,0.380142138532846
none_moving,0.1,87,5008,345.3793103448276,0.29515574413380125,0.26655273410831004,680,46.896551724137936,0.39519002279543425,0.37801541055953847
none_moving,0.1,88,5066,345.40909090909093,0.21037300684608937,0.1969707765658086,686,46.77272727272727,0.3537705754731938,0.32920321458523494
none_moving,0.1,89,5123,345.3707865168539,0.3153750193965729,0.2866819180153709,697,46.98876404494382,0.3579381606001698,0.3325859423485038
none_moving,0.1,90,5179,345.26666666666665,0.28577652995681846,0.2530525130996439,710,47.333333333333336,0.3571806807751563,0.3305484737002859
none_moving,0.1,91,5236,345.2307692307693,0.21837123997795718,0.18510391085392264,725,47.8021978021978,0.3406302616117833,0.2995932647681948
none_moving,0.1,92,5294,345.2608695652174,0.1750799716709993,0.16930634085786317,738,48.13043478260869,0.3188408961270816,0.28676711043005965
none_moving,0.1,93,5351,345.2258064516129,0.33669438233895344,0.2786891689649251,749,48.322580645161295,0.3350495517036273,0.2892937843893515
none_moving,0.1,94,5406,345.06382978723406,0.4857422561915708,0.3247694082060801,759,48.4468085106383,0.2333979157977396,0.20119765763275063
none_moving,0.1,95,5461,344.90526315789475,0.3060148811214063,0.2510456180428322,766,48.37894736842105,0.2693342906630597,0.22519475865067157
none_moving,0.1,96,5519,344.93749999999994,0.23565183172658777,0.18184413410652367,772,48.25,0.29139097008866277,0.2492102017196735
none_moving,0.1,97,5576,344.9072164948454,0.18771228863940034,0.1730011570506178,777,48.06185567010309,0.21502612451689002,0.19896867903074344
none_moving,0.1,98,5634,344.9387755102041,0.33939923090984364,0.25806445997375727,780,47.755102040816325,0.22101493735289712,0.2029065924823335
none_moving,0.1,99,5693,345.030303030303,0.2393085261803453,0.19362959872813018,780,47.27272727272727,0.22653487298858493,0.20778306068705396
none_moving,0.1,100,5752,345.12,0.28618626381020706,0.26226862848405175,780,46.8,0.2277933738937826,0.20890893316698717
none_moving,0.1,101,5811,345.2079207920792,0.2117166734470677,0.19040428374036228,780,46.336633663366335,0.2280510493035269,0.20913966065267356
none_moving,0.1,102,5865,345,0.3977432432414679,0.36279802728901156,780,45.88235294117647,0.22810282170230098,0.20918602457485788
none_moving,0.1,103,5923,345.02912621359224,0.37063360326884925,0.31607083828163823,780,45.4368932038835,0.22811318566112537,0.2091953060670348
none_moving,0.1,104,5982,345.11538461538464,0.3135567954174339,0.25861264504486503,780,45,0.22811525883194347,0.20919716271354538
none_moving,0.1,105,6041,345.2,0.16162309891805154,0.15335689914931677,780,44.57142857142857,0.2281156734812695,0.20919753405676955
none_moving,0.1,106,6100,345.28301886792457,0.3164637142612704,0.2703088593425599,782,44.26415094339623,0.2281157564117407,0.2091976083259714
none_moving,0.1,107,6158,345.30841121495325,0.2631015441221799,0.22038231041075482,782,43.850467289719624,0.24880694203632803,0.23096694780203833
none_moving,0.1,108,6218,345.4444444444444,0.3400591311111022,0.28198587894120264,784,43.55555555555556,0.249303003336799,0.22480031123060837
none_moving,0.1,109,6276,345.4678899082569,0.2544923028019069,0.21875585386377971,789,43.431192660550465,0.21600589243092203,0.19444086839386165
none_moving,0.1,110,6334,345.4909090909091,0.23360323231582214,0.19885021557458565,791,43.14545454545454,0.23021049191153503,0.21621997336060086
none_moving,0.1,111,6390,345.40540540540536,0.225287530511379,0.21223518189463456,795,42.97297297297297,0.2362668015727117,0.2199759952070368
none_moving,0.1,112,6449,345.48214285714283,0.3214954898814854,0.2859121498358993,800,42.857142857142854,0.21061432058078722,0.1941148560778238
none_moving,0.1,113,6509,345.6106194690265,0.31226965490220393,0.278280084620877,803,42.637168141592916,0.19726109121454036,0.17752416204718624
none_moving,0.1,114,6569,345.7368421052632,0.21741992071957933,0.19581201486373398,803,42.26315789473684,0.20292298777748882,0.18124689576761469
none_moving,0.1,115,6629,345.86086956521734,0.21181512418530296,0.18166080816987823,803,41.89565217391304,0.20436711152219336,0.18226490740425064
none_moving,0.1,116,6689,345.98275862068965,0.3244233159199074,0.2929868631759583,803,41.53448275862069,0.20466792443296228,0.18247950614185118
none_moving,0.1,117,6748,346.05128205128204,0.2545805121258439,0.2366629321591674,803,41.17948717948718,0.2047285623785441,0.1825228662443829
none_moving,0.1,118,6806,346.0677966101695,0.33828259358681867,0.2622096924872489,803,40.83050847457627,0.20474070894848034,0.18253155588269432
none_moving,0.1,119,6864,346.08403361344534,0.2307272508022422,0.18483982265241963,803,40.48739495798319,0.20474313902142943,0.18253329451509748
none_moving,0.1,120,6921,346.05,0.2095727007398639,0.16839985561673815,803,40.15,0.20474362506637564,0.18253364226976648
none_moving,0.1,121,6978,346.0165289256198,0.25137968532930427,0.22021678487766114,805,39.917355371900825,0.2047437222765788,0.18253371182182832
none_moving,0.1,122,7038,346.1311475409836,0.24159734876203695,0.19612176941222345,805,39.59016393442623,0.33819084544952194,0.28087971528174227
none_moving,0.1,123,7097,346.19512195121956,0.2591599672782359,0.2239641013478538,807,39.365853658536594,0.4042846634795501,0.3290408182182976
none_moving,0.1,124,7155,346.2096774193548,0.24603614474464552,0.23400631300819436,812,39.29032258064516,0.4174073964658634,0.33243964698038775
none_moving,0.1,125,7212,346.176,0.1720611480797722,0.1592236578464881,814,39.072,0.4194295338253952,0.33048000891478746
none_moving,0.1,126,7271,346.23809523809524,0.23828665619963776,0.2236965429255176,818,38.95238095238095,0.41881829757422484,0.327892571658179
none_moving,0.1,127,7329,346.251968503937,0.2552696143989096,0.19406008685359394,823,38.881889763779526,0.44447262513250135,0.3759440692831504
none_moving,0.1,128,7388,346.3125,0.17169658792399078,0.1582074624561925,826,38.71875,0.4370337507705909,0.36815718795866237
none_moving,0.1,129,7448,346.4186046511628,0.2911946099889417,0.25090793409730705,826,38.41860465116279,0.43881988505354885,0.37158899016608404
none_moving,0.1,130,7502,346.2461538461539,0.20410470042130444,0.16576036050152573,826,38.12307692307692,0.4393071258142149,0.3724544442140699
none_moving,0.1,131,7559,346.2137404580153,0.30222739816441074,0.25488918065682786,826,37.83206106870229,0.43940974209105205,0.37263439140384413
none_moving,0.1,132,7617,346.22727272727275,0.4171541266476719,0.3575543932397024,833,37.86363636363636,0.4292027144126959,0.3518712789035815
none_moving,0.1,133,7675,346.24060150375936,0.297998809926063,0.25746817653431486,843,38.03007518796992,0.41713295855930643,0.3243061573677952
none_moving,0.1,134,7733,346.25373134328356,0.3142782640264009,0.2841351486345582,858,38.417910447761194,0.4255623406712385,0.3347951192590616
none_moving,0.1,135,7792,346.31111111111113,0.3981721847665166,0.30860310527421314,873,38.8,0.46992222783513204,0.4142818591118484
none_moving,0.1,136,7848,346.2352941176471,0.2591366427627351,0.22136482141720615,889,39.22058823529412,0.4295955846060881,0.35437804206584717
none_moving,0.1,137,7906,346.24817518248176,0.3436195111765214,0.30113669593302195,903,39.54744525547445,0.38046467530139555,0.3313963924296825
none_moving,0.1,138,7965,346.304347826087,0.3874181040711511,0.32202245903365406,918,39.913043478260875,0.2829348898123296,0.23536780219380896
none_moving,0.1,139,8023,346.3165467625899,0.20901713774276354,0.19018880859200843,931,40.187050359712224,0.3498186066095994,0.3209665034309241
none_moving,0.1,140,8082,346.37142857142857,0.26469489204761293,0.24728614733936097,939,40.24285714285714,0.3469616486677176,0.3032057808099779
none_moving,0.1,141,8142,346.468085106383,0.25980054914977047,0.22454272483578214,947,40.297872340425535,0.3213879225646004,0.26971547650803335
none_moving,0.1,142,8200,346.4788732394366,0.3191591280020133,0.2891034446713743,950,40.140845070422536,0.414997973399174,0.3759931973769438
none_moving,0.1,143,8259,346.53146853146853,0.3127828745101362,0.25976660614440683,950,39.86013986013986,0.4501804385325065,0.4094616506682226
none_moving,0.1,144,8318,346.5833333333333,0.4450106448905339,0.379540011598856,950,39.583333333333336,0.45762027392446675,0.4163856397152042
none_moving,0.1,145,8375,346.55172413793105,0.3883104610727966,0.32194012712986864,953,39.43448275862069,0.5334652738791201,0.47186132096204386
none_moving,0.1,146,8432,346.5205479452055,0.49386234442859206,0.4263378527661813,957,39.328767123287676,0.47407667101693873,0.43429770359435116
none_moving,0.1,147,8490,346.53061224489795,0.3801811987557942,0.2482420839504745,962,39.265306122448976,0.4647615754569107,0.4086230054640968
none_moving,0.1,148,8547,346.5,0.3375408039095538,0.2922245917598311,967,39.2027027027027,0.4678033395834682,0.41320633026150083
none_moving,0.1,149,8605,346.51006711409394,0.3903322499755072,0.3030221974016158,972,39.14093959731544,0.5095637184680194,0.45644942987358644
none_moving,0.1,150,8663,346.52,0.23509313344895516,0.20054998372658212,977,39.08,0.39033018193745755,0.3267427875560361
none_moving,0.1,151,8724,346.64900662251654,0.2588914009603123,0.21612282733959026,982,39.019867549668874,0.44701466542347373,0.40556568564401435
none_moving,0.1,152,8781,346.6184210526316,0.2158601913658522,0.1846513785466187,984,38.8421052631579,0.3610839450160899,0.304827099178426
none_moving,0.1,153,8839,346.62745098039215,0.23490812588173174,0.21462409852855974,989,38.7843137254902,0.35084444940202414,0.2851175782953458
none_moving,0.1,154,8896,346.5974025974026,0.21246151175531222,0.16405009180917304,993,38.688311688311686,0.345997690660093,0.2796716353625265
none_moving,0.1,155,8957,346.7225806451613,0.3220844032600928,0.2834878481886792,997,38.593548387096774,0.349615779012703,0.28675663693219755
none_moving,0.1,156,9015,346.7307692307692,0.2021313104138833,0.17881722151825655,1001,38.5,0.26932280994733115,0.2276127430141512
none_moving,0.1,157,9072,346.70063694267515,0.2097340957972449,0.1766796672077384,1004,38.36942675159236,0.26210401596452254,0.22909908289007225
none_moving,0.1,158,9129,346.67088607594934,0.1860576562132785,0.1587339354610767,1004,38.12658227848102,0.26355366907886474,0.23221609491044495
none_moving,0.1,159,9189,346.7547169811321,0.399853237715892,0.31135805313240905,1004,37.88679245283019,0.26395854080352843,0.23291183627077125
none_moving,0.1,160,9248,346.8,0.3556154184863583,0.33309853035010256,1004,37.650000000000006,0.26404407404092334,0.2330538910961642
none_moving,0.1,161,9306,346.8074534161491,0.20358968798837598,0.18832712926513698,1007,37.52795031055901,0.25775634124229996,0.22827159482953782
none_moving,0.1,162,9366,346.88888888888886,0.135615745066656,0.12083367872721103,1024,37.925925925925924,0.22905026179285168,0.20507047617594792
none_moving,0.1,163,9423,346.85889570552143,0.16821439150995757,0.15255554083749448,1045,38.466257668711656,0.17780021234351848,0.16717440458607072
none_moving,0.1,164,9480,346.8292682926829,0.2428502516468317,0.23110411910763937,1068,39.073170731707314,0.23595083062051836,0.22466703001832963
none_moving,0.1,165,9540,346.90909090909093,0.26212173578554737,0.22329983553131183,1091,39.67272727272727,0.29083591488098726,0.25741183842314197
none_moving,0.1,166,9595,346.8072289156627,0.33969716984858656,0.28041385716362904,1112,40.19277108433735,0.21854199903241733,0.20195039078815355
none_moving,0.1,167,9652,346.7784431137725,0.2864598541185457,0.2556338852049614,1134,40.74251497005989,0.17653498822372488,0.16495134019503604
none_moving,0.1,168,9711,346.8214285714286,0.1904973644824831,0.17801660696399796,1158,41.35714285714286,0.16818938523042654,0.15079029067102895
none_moving,0.1,169,9766,346.72189349112426,0.24742998269204153,0.22769497233722474,1168,41.467455621301774,0.1508595876831569,0.1402957879750346
none_moving,0.1,170,9827,346.83529411764704,0.2319811437933358,0.20710593082614656,1168,41.2235294117647,0.18281174923784105,0.1689306759062184
none_moving,0.1,171,9884,346.8070175438596,0.18896896632773902,0.1649962115211214,1170,41.05263157894737,0.18980098767375614,0.17498073493455535
none_moving,0.1,172,9942,346.8139534883721,0.28399026834313396,0.27682877052828536,1172,40.883720930232556,0.19793965819702247,0.17949621594698273
none_moving,0.1,173,9999,346.78612716763007,0.23066994330405913,0.19845379516745246,1172,40.64739884393064,0.20226173442731468,0.18221768538455124
none_moving,0.1,174,10056,346.7586206896552,0.18586320563431283,0.1608468529043911,1172,40.41379310344828,0.203223256124058,0.18283204326207372
none_moving,0.1,175,10113,346.7314285714286,0.35516962097529775,0.273979770259831,1172,40.182857142857145,0.20341933548619717,0.18295765073692166
none_moving,0.1,176,10168,346.6363636363636,0.2390059819631303,0.18420319172987892,1172,39.95454545454546,0.20345870146422607,0.18298288110040978
none_moving,0.1,177,10226,346.64406779661016,0.21352328445110036,0.19336964560286185,1172,39.728813559322035,0.2034665806568643,0.18298793152326884
none_moving,0.1,178,10284,346.65168539325845,0.23437712071542835,0.22245534895170702,1172,39.50561797752809,0.203468156735216,0.1829889417818094
none_moving,0.1,179,10343,346.6927374301676,0.2749138353928815,0.2457031749255159,1172,39.28491620111732,0.2034684719604785,0.18298914384047688
none_moving,0.1,180,10400,346.6666666666667,0.249661029997625,0.2269125796760723,1172,39.06666666666667,0.20346853500591508,0.1829891842524888
none_moving,0.1,181,10455,346.57458563535914,0.3123446604933266,0.26893305272867735,1174,38.91712707182321,0.20346854761501681,0.1829891923349015
none_moving,0.1,182,10514,346.61538461538464,0.26695287642085513,0.24109448529481425,1176,38.76923076923077,0.35402771237089986,0.2808897875887746
none_moving,0.1,183,10572,346.62295081967216,0.3030656738780194,0.26849507119923277,1185,38.852459016393446,0.39209166151587993,0.3140111640279509
none_moving,0.1,184,10629,346.5978260869565,0.24053972165747134,0.2035744205693563,1190,38.80434782608695,0.29777359059179326,0.26321951060564924
none_moving,0.1,185,10687,346.6054054054054,0.300744821845146,0.247143008083966,1190,38.59459459459459,0.29086178861168777,0.2594305319815548
none_moving,0.1,186,10746,346.64516129032256,0.3487328487855664,0.30802190259173734,1192,38.45161290322581,0.29007589828155206,0.2589675833102224
none_moving,0.1,187,10805,346.6844919786096,0.38790009708756995,0.30856908410778094,1195,38.342245989304814,0.3051380351293654,0.2549683196522759
none_moving,0.1,188,10864,346.72340425531917,0.23489027237322485,0.2008309658858308,1195,38.138297872340424,0.3112638998712454,0.2564464495336615
none_moving,0.1,189,10922,346.73015873015873,0.2692345102925265,0.23692768647865461,1198,38.03174603174603,0.312676616760196,0.2578169886045225
none_moving,0.1,190,10979,346.70526315789476,0.2257598614830031,0.20328199436455424,1216,38.4,0.35198482465088604,0.2849610053287138
none_moving,0.1,191,11036,346.6806282722513,0.28933641773374275,0.22103970397928752,1242,39.01570680628273,0.17286713989271157,0.1558221522530663
none_moving,0.1,192,11094,346.6875,0.3048060677721259,0.2834589652616003,1269,39.65625,0.31258046555558044,0.25778820508646744
none_moving,0.1,193,11154,346.7564766839378,0.3339458787194818,0.2837138759012893,1297,40.321243523316056,0.2526556063046482,0.23548655342368024
none_moving,0.1,194,11211,346.73195876288656,0.23643699787474806,0.21227635384485163,1325,40.97938144329897,0.3607725262292505,0.30223510736962267
none_moving,0.1,195,11272,346.83076923076925,0.12985446533133518,0.11970303474408592,1352,41.599999999999994,0.40124069228283776,0.322092347015928
none_moving,0.1,196,11331,346.8673469387755,0.15204351105829414,0.14359735094321358,1376,42.12244897959184,0.3463920668994894,0.3067929451985724
none_moving,0.1,197,11391,346.93401015228426,0.32551898126054496,0.2870890946547834,1387,42.243654822335024,0.17461422951447594,0.16051005421996645
none_moving,0.1,198,11450,346.969696969697,0.21282929540008855,0.16792894227950997,1394,42.24242424242425,0.17929284071739823,0.16567022178719953
none_moving,0.1,199,11507,346.94472361809045,0.21803898901015642,0.19522877493626314,1398,42.15075376884422,0.2999695251407855,0.26880603237404616
none_moving,0.1,200,11567,347.01,0.21880521072445383,0.20059756870861872,1398,41.940000000000005,0.3487220475944648,0.3034177778976621
none_moving,0.1,201,11625,347.0149253731343,0.17554536320940234,0.1681395677962454,1400,41.7910447761194,0.3587846007515134,0.31038633497211215
none_moving,0.1,202,11683,347.019801980198,0.2683331211775624,0.20907259685150303,1403,41.67326732673268,0.36274166411558,0.3173865464970166
none_moving,0.1,203,11741,347.0246305418719,0.23769077817229378,0.2001789439758721,1403,41.467980295566505,0.3636622539295322,0.3188099733244075
none_moving,0.1,204,11796,346.94117647058823,0.2088690809434559,0.176097380585501,1403,41.26470588235295,0.36385146252304934,0.31909543014785663
none_moving,0.1,205,11852,346.8878048780488,0.24592339969899538,0.21687696058901854,1403,41.06341463414635,0.3638895072180115,0.3191525516314773
none_moving,0.1,206,11913,346.9805825242718,0.24651127408879422,0.20607788327866938,1403,40.86407766990292,0.3638971242708056,0.31916397712751743
none_moving,0.1,207,11972,347.0144927536232,0.3285064725412714,0.2946709907635011,1403,40.66666666666667,0.3638986480058752,0.3191662622746563
none_moving,0.1,208,12032,347.0769230769231,0.20676571390362672,0.1708576029966286,1408,40.61538461538462,0.2925882264729957,0.250855548456428
none_moving,0.1,209,12091,347.1100478468899,0.17770136763292235,0.16339874505258561,1413,40.56459330143541,0.31689199089777714,0.2818059329188171
none_moving,0.1,210,12151,347.1714285714285,0.2605917538026366,0.24640831437735225,1420,40.57142857142857,0.2644155028711678,0.2498341029870182
none_moving,0.1,211,12208,347.1469194312796,0.33723695332018205,0.2896930474067684,1429,40.6350710900474,0.24259234597429452,0.22103439053689805
none_moving,0.1,212,12266,347.1509433962264,0.28254337415601405,0.23574735789582624,1436,40.64150943396226,0.17692114945031104,0.15767773939864532
none_moving,0.1,213,12325,347.1830985915493,0.2192924649366943,0.20133137841352894,1446,40.732394366197184,0.13585774245553323,0.1313733338609407
none_moving,0.1,214,12383,347.18691588785043,0.18262969563716505,0.1574767501170719,1454,40.76635514018692,0.20068029489875405,0.17934664245527115
none_moving,0.1,215,12442,347.21860465116276,0.1458589498241679,0.12573375840178064,1454,40.57674418604651,0.16948770763081036,0.16061316048019184
none_moving,0.1,216,12499,347.19444444444446,0.5286491611866053,0.40910080753375144,1456,40.44444444444444,0.17270751400539144,0.16486049474524744
none_moving,0.1,217,12556,347.17050691244236,0.38617560391950057,0.34563519717036917,1458,40.313364055299544,0.20691754904026496,0.18759045038601635
none_moving,0.1,218,12611,347.091743119266,0.26637051298985787,0.1939499364045571,1462,40.23853211009174,0.23134807824211437,0.20889876379319144
none_moving,0.1,219,12670,347.1232876712329,0.2019450061202466,0.190395998986628,1469,40.24657534246575,0.2350302073462907,0.2132433810158076
none_moving,0.1,220,12727,347.1,0.18392393458771802,0.16531368955086453,1480,40.36363636363637,0.3045130347852821,0.284253596753068
none_moving,0.1,221,12787,347.15837104072403,0.25616997059845875,0.23845239795346335,1493,40.533936651583716,0.2581067745101583,0.23493604358649187
none_moving,0.1,222,12844,347.13513513513516,0.20767781416801237,0.18774302357361936,1506,40.7027027027027,0.24670114851515934,0.22112122995256095
none_moving,0.1,223,12902,347.1390134529148,0.4385445090607237,0.3447481822548779,1519,40.869955156950674,0.22013392515819946,0.19063536446839072
none_moving,0.1,224,12961,347.16964285714283,0.3129969529450956,0.2947210596051,1531,41.00892857142857,0.27478686880659703,0.25680106087459614
none_moving,0.1,225,13019,347.17333333333335,0.4231757729653224,0.353267097914194,1541,41.093333333333334,0.3209339590883442,0.2673973484603773
none_moving,0.1,226,13078,347.20353982300884,0.23747632415813666,0.1912978424400277,1545,41.01769911504425,0.2382430478158001,0.22418513109027455
none_moving,0.1,227,13132,347.1013215859031,0.254440239091909,0.21018775223760117,1549,40.94273127753304,0.21289018324063747,0.17864815964474362
none_moving,0.1,228,13189,347.0789473684211,0.20296548883525878,0.17585090283143012,1554,40.89473684210527,0.1858987363988102,0.15876523882966267
none_moving,0.1,229,13247,347.0829694323144,0.2553077579042123,0.19654447367898703,1559,40.8471615720524,0.1974942918406167,0.17321840202457484
none_moving,0.1,230,13306,347.1130434782608,0.29904123622153655,0.26422761025127356,1559,40.6695652173913,0.2086983280406979,0.187257589610754
none_moving,0.1,231,13359,346.987012987013,0.3525758760601951,0.2594196745067781,1561,40.54545454545454,0.21121368795351583,0.19009995729251877
none_moving,0.1,232,13417,346.9913793103448,0.32799553152317806,0.26915920470923205,1564,40.44827586206897,0.19050413043857709,0.16727851918758505
none_moving,0.1,233,13476,347.0214592274678,0.3527721850955414,0.30129123407534536,1564,40.27467811158798,0.18814766024836746,0.16368240786148863
none_moving,0.1,234,13534,347.02564102564105,0.24426917715442653,0.21465479941865423,1564,40.1025641025641,0.18775502550507633,0.1630025110520226
none_moving,0.1,235,13592,347.0297872340426,0.33812018416320716,0.30183612286942585,1564,39.93191489361703,0.18767968900826737,0.16286818542691522
none_moving,0.1,236,13650,347.0338983050848,0.39960559422601244,0.34505510671996303,1564,39.76271186440678,0.1876647496499868,0.16284138745463023
none_moving,0.1,237,13707,347.0126582278481,0.2587858823511154,0.22778891716450658,1564,39.59493670886076,0.18766176689850753,0.16283603055500537
none_moving,0.1,238,13764,346.9915966386555,0.18103793800681303,0.16123235083515225,1564,39.42857142857143,0.1876611705530395,0.1628349592829453
none_moving,0.1,239,13823,347.02092050209205,0.2054356837778496,0.19044475556563478,1566,39.31380753138075,0.1850939208987933,0.1571208931883124
none_moving,0.1,240,13881,347.025,0.2701003741482071,0.24156190506115513,1568,39.2,0.16731105604727203,0.134071686791356
none_moving,0.1,241,13937,346.97925311203323,0.23766692726260893,0.21320649229911498,1570,39.087136929460584,0.1459533202060287,0.1403762437815475
none_moving,0.1,242,13996,347.0082644628099,0.3310967187330177,0.30087954222433344,1572,38.97520661157024,0.1756779381169778,0.15237390949986143
none_moving,0.1,243,14055,347.03703703703707,0.32323329179809296,0.2673041875489413,1577,38.93827160493827,0.20278585529222742,0.15959613848966236
none_moving,0.1,244,14113,347.0409836065574,0.21599893566459957,0.20489638793469153,1582,38.90163934426229,0.2896204086702694,0.26847652186646975
none_moving,0.1,245,14173,347.0938775510204,0.30590803691068325,0.23976633208233844,1582,38.74285714285714,0.3212447295750366,0.29658122899219774
none_moving,0.1,246,14230,347.07317073170736,0.19126370544438995,0.16825544041529525,1584,38.63414634146342,0.32786622620352446,0.3022154955252271
none_moving,0.1,247,14288,347.0769230769231,0.21733147242830095,0.18681004851071029,1587,38.550607287449395,0.32246840981971964,0.29526012201008456
none_moving,0.1,248,14346,347.08064516129025,0.291635127551915,0.24388099662024007,1587,38.39516129032258,0.3232797717477339,0.2970844142174164
none_moving,0.1,249,14406,347.1325301204819,0.3406186273820466,0.30928255023798895,1587,38.24096385542168,0.32351760156158715,0.29755630925004833
none_moving,0.1,250,14465,347.15999999999997,0.2625237755160724,0.23661231735149962,1587,38.087999999999994,0.32356817779977,0.29765444404546126
none_moving,0.1,251,14521,347.1155378486055,0.22398469496694212,0.18297140424792638,1587,37.936254980079674,0.3235784133445208,0.29767421744445743
none_moving,0.1,252,14578,347.0952380952381,0.4480642991414331,0.3250614566382148,1587,37.785714285714285,0.32358046526441536,0.29767817795227014
none_moving,0.1,253,14637,347.12252964426875,0.2052701198750257,0.18281128599050409,1587,37.63636363636363,0.32358087584082573,0.2976789702867193
none_moving,0.1,254,14694,347.10236220472444,0.27990074138658655,0.2311530725129775,1589,37.53543307086614,0.3244510422997333,0.29779294320957633
none_moving,0.1,255,14753,347.1294117647059,0.2780422571708389,0.2115353402420566,1591,37.43529411764706,0.3726429791892667,0.34972684900683804
none_moving,0.1,256,14810,347.109375,0.3051116950603835,0.262006138691355,1593,37.3359375,0.40484276366246125,0.37402994438510995
none_moving,0.1,257,14866,347.0661478599222,0.2939533192826019,0.24917693392802845,1595,37.237354085603116,0.4215784656868388,0.3801140467046902
none_moving,0.1,258,14924,347.0697674418605,0.3687337203296345,0.33588316238667193,1600,37.2093023255814,0.3936592402192462,0.3529706466511293
none_moving,0.1,259,14982,347.0733590733591,0.49139266476233895,0.37851170596702166,1605,37.181467181467184,0.3969854542970883,0.3566559536316055
none_moving,0.1,260,15036,346.9846153846154,0.47028399302734347,0.368630706667043,1605,37.03846153846154,0.39814621280988083,0.35785814709251235
none_moving,0.1,261,15093,346.9655172413793,0.47961742084134606,0.3547872380208115,1607,36.94252873563219,0.39839788962288825,0.358115493573601
none_moving,0.1,262,15152,346.9923664122138,0.44385278711524456,0.37189249225539156,1614,36.961832061068705,0.38913117494950805,0.3299954371235336
none_moving,0.1,263,15212,347.041825095057,0.3589531771182382,0.28954620697781636,1622,37.00380228136881,0.3447384178643489,0.2925618355697365
none_moving,0.1,264,15269,347.02272727272725,0.3065557687998495,0.2368474644785649,1633,37.11363636363636,0.35794817212111396,0.30684031915132826
none_moving,0.1,265,15323,346.93584905660373,0.41271704663918884,0.3614954705382294,1653,37.426415094339625,0.3038042292154023,0.25872860625503213
none_moving,0.1,266,15380,346.9172932330827,0.27906880564994924,0.2373526151080667,1677,37.827067669172926,0.2570181355784298,0.2286037235381711
none_moving,0.1,267,15438,346.9213483146067,0.2244179175426257,0.19312755255272113,1702,38.24719101123595,0.32245261114924145,0.2941399937984709
none_moving,0.1,268,15497,346.94776119402985,0.30902152215278367,0.21190648134668305,1725,38.61940298507463,0.2788273839533944,0.22218319017336804
none_moving,0.1,269,15552,346.8847583643123,0.27798062155579056,0.24123347487578445,1745,38.921933085501855,0.2249641743692367,0.20874057312310818
none_moving,0.1,270,15607,346.82222222222225,0.17548306090151367,0.15046188339124217,1762,39.15555555555555,0.26500646374230935,0.209409145108039
none_moving,0.1,271,15664,346.8044280442805,0.3660878856245119,0.33758968620228885,1775,39.29889298892989,0.4106201339707326,0.3387197575551985
none_moving,0.1,272,15721,346.7867647058823,0.22867151319735837,0.20184254646398386,1780,39.26470588235294,0.33150879364337044,0.28895370671083126
none_moving,0.1,273,15777,346.7472527472528,0.40400805816800944,0.3577144383659669,1785,39.23076923076923,0.3672328380777114,0.2916545479435178
none_moving,0.1,274,15834,346.7299270072993,0.3670848284395481,0.3094732423331755,1790,39.197080291970806,0.46922401811060854,0.3794685003087467
none_moving,0.1,275,15895,346.8,0.2485361980665462,0.18836978902171225,1790,39.054545454545455,0.5225886218483892,0.4117931927646472
none_moving,0.1,276,15950,346.7391304347826,0.2941031295551197,0.2559815060436871,1790,38.913043478260875,0.5339990274150509,0.4186949204533426
none_moving,0.1,277,16010,346.78700361010834,0.24894768124375596,0.23229814505718713,1793,38.837545126353795,0.5378080752126911,0.42230274185596006
none_moving,0.1,278,16067,346.76978417266184,0.2226233757332727,0.20114132117171502,1793,38.697841726618705,0.5387378902492116,0.4233636595116902
none_moving,0.1,279,16124,346.752688172043,0.20799673739992605,0.17482408835366167,1799,38.68817204301075,0.5312074246671669,0.4116255763076688
none_moving,0.1,280,16183,346.7785714285714,0.2447185896096907,0.23246372564649592,1806,38.699999999999996,0.5571702080648877,0.4615107984884257
none_moving,0.1,281,16238,346.71886120996436,0.3570847390660439,0.31194871662105506,1813,38.711743772241995,0.5797365516863808,0.5117838569014412
none_moving,0.1,282,16296,346.7234042553191,0.31681307676698944,0.2884446663403474,1819,38.702127659574465,0.550822684003545,0.4621833227670728
none_moving,0.1,283,16354,346.7279151943463,0.19768709780982965,0.1854228552746276,1826,38.71378091872791,0.5413254066233786,0.4400791361972174
none_moving,0.1,284,16411,346.7112676056338,0.28123716276120725,0.23400078862602122,1833,38.725352112676056,0.5583985715720315,0.4768383079447327
none_moving,0.1,285,16469,346.71578947368425,0.3287258324937027,0.29601873280811125,1842,38.77894736842105,0.5366288442412835,0.42576773317088
none_moving,0.1,286,16526,346.6993006993007,0.36959008347378075,0.3031600304693666,1846,38.72727272727273,0.5239873060911002,0.39349159218578345
none_moving,0.1,287,16582,346.6620209059234,0.2999152322298935,0.2526154023208592,1848,38.63414634146342,0.44841064548093584,0.3478544257169035
none_moving,0.1,288,16642,346.70833333333337,0.24683109828874522,0.22022693118910602,1850,38.54166666666667,0.44515126548771783,0.34387408871009245
none_moving,0.1,289,16701,346.7335640138408,0.21574503137566065,0.18687662614207223,1855,38.5121107266436,0.4210591917637213,0.3165170097012392
none_moving,0.1,290,16758,346.71724137931034,0.28543519628988834,0.24021081527592822,1855,38.37931034482759,0.4296572345202506,0.3224708308117048
none_moving,0.1,291,16815,346.70103092783506,0.2070423304508113,0.19372644192576527,1855,38.24742268041238,0.4318886937059053,0.3239632866486037
none_moving,0.1,292,16874,346.72602739726034,0.2634952139501788,0.20788884912549718,1858,38.178082191780824,0.43846070748506344,0.33516050914465617
none_moving,0.1,293,16929,346.6689419795222,0.17909823379033707,0.15667914564044075,1858,38.04778156996587,0.4402448659687091,0.33778716262042635
none_moving,0.1,294,16988,346.69387755102036,0.33527574823346334,0.2841029098005949,1858,37.91836734693877,0.44062006584664554,0.3383237135636473
none_moving,0.1,295,17044,346.6576271186441,0.4148777345576821,0.37077400359406093,1860,37.83050847457627,0.44069583674712753,0.3384314519184609
none_moving,0.1,296,17101,346.6418918918919,0.27263391095987743,0.2534387366438274,1864,37.78378378378378,0.3578614941842041,0.2850012422470467
none_moving,0.1,297,17159,346.64646464646466,0.3027796228064382,0.273736614440563,1868,37.73737373737374,0.4550685287483723,0.3507957411690853
none_moving,0.1,298,17218,346.6711409395973,0.18790363975252317,0.18272424925886752,1874,37.73154362416108,0.3534711682118419,0.2818512393162915
none_moving,0.1,299,17275,346.6555183946488,0.319666741253809,0.26989489061775773,1877,37.66555183946488,0.3816238171390104,0.2847291319583275
none_moving,0.1,300,17334,346.68,0.30884620688345826,0.2534152510087314,1886,37.72,0.3239235632527582,0.25294184375274426
none_moving,0.1,301,17392,346.6843853820598,0.35967931252649205,0.33265245993745884,1892,37.714285714285715,0.378223231030547,0.3154493019103156
none_moving,0.1,302,17452,346.7284768211921,0.35524353907124256,0.29643575299211833,1895,37.64900662251656,0.23786768628056706,0.21162881560157495
none_moving,0.1,303,17508,346.6930693069307,0.22153013593359044,0.18524020123811674,1897,37.56435643564356,0.21592062130460507,0.1817730719192982
none_moving,0.1,304,17565,346.6776315789474,0.24270646161943044,0.21769380896526078,1902,37.53947368421053,0.2120505895426168,0.18257668233408592
none_moving,0.1,305,17626,346.7409836065574,0.173761563430078,0.15532477148659757,1902,37.41639344262295,0.21770407612391374,0.1882333981924871
none_moving,0.1,306,17685,346.764705882353,0.31193675075793637,0.29223673657292937,1902,37.294117647058826,0.21906944144174167,0.18950122587854085
none_moving,0.1,307,17744,346.7882736156352,0.32238298166616336,0.26586764089019144,1911,37.3485342019544,0.22791321842994255,0.21219641423237462
none_moving,0.1,308,17800,346.75324675324674,0.28652521227073613,0.23108031354809716,1921,37.42207792207792,0.2242990438624621,0.19967710383737042
none_moving,0.1,309,17857,346.7378640776699,0.40919148797565097,0.2961262072265981,1935,37.57281553398058,0.22523892809288706,0.2057853171819135
none_moving,0.1,310,17917,346.7806451612903,0.4404252527055673,0.3419258329484193,1953,37.8,0.2078189337673211,0.1837617306660717
none_moving,0.1,311,17976,346.8038585209003,0.35670977634935325,0.3022345939866561,1973,38.064308681672024,0.3503445857026243,0.3075118926706958
none_moving,0.1,312,18033,346.7884615384615,0.2184908014116684,0.1866247154261681,1993,38.32692307692308,0.2125216553747792,0.1892224556005465
none_moving,0.1,313,18090,346.7731629392971,0.42827323032863757,0.3363261200119113,2015,38.626198083067095,0.30059815304936005,0.25872511353091987
none_moving,0.1,314,18149,346.79617834394907,0.38967834650196637,0.33196084961261574,2028,38.7515923566879,0.11147553307061668,0.10049149579061838
none_moving,0.1,315,18204,346.74285714285713,0.23712155948436678,0.21807998206330118,2037,38.8,0.16548880773746083,0.14936723528783097
none_moving,0.1,316,18259,346.6898734177215,0.3109412866138241,0.25528190803815,2044,38.810126582278485,0.1642505229297627,0.1472767210624854
none_moving,0.1,317,18319,346.7318611987382,0.3713191274684115,0.341502884307302,2048,38.76340694006309,0.16216177353687308,0.14985026362628368
none_moving,0.1,318,18377,346.7358490566038,0.20366723655769595,0.18766072898838038,2050,38.67924528301887,0.17641839949321925,0.16059074599757622
none_moving,0.1,319,18436,346.7586206896552,0.277982106386224,0.22366609460767545,2055,38.65203761755486,0.15292337614146084,0.1408327760654093
none_moving,0.1,320,18496,346.8,0.37121070601847067,0.31715448700328247,2055,38.53125,0.17094342759961917,0.16017598077803247
none_moving,0.1,321,18555,346.8224299065421,0.4091388253687417,0.3439549808663518,2055,38.41121495327103,0.1751735487280786,0.16430036511936455
none_moving,0.1,322,18615,346.86335403726713,0.20659044543364563,0.1866782848703672,2058,38.34782608695652,0.1721052028495052,0.15770918661525685
none_moving,0.1,323,18675,346.90402476780184,0.1941137872643386,0.16911838952600927,2058,38.22910216718266,0.17256685389888138,0.15722962465372822
none_moving,0.1,324,18731,346.8703703703703,0.2713352221933719,0.24923080076659918,2058,38.11111111111111,0.17270214827542021,0.15717524150773401
none_moving,0.1,325,18787,346.8369230769231,0.30695154920605866,0.278326277702015,2058,37.99384615384616,0.17273091843199082,0.15716606548101358
none_moving,0.1,326,18844,346.82208588957053,0.18382635664052097,0.17006209833224145,2058,37.877300613496935,0.17273674084555363,0.15716429854714947
none_moving,0.1,327,18902,346.8256880733945,0.21383576319139067,0.19839350610780673,2058,37.76146788990826,0.17273790806298725,0.15716394789310226
none_moving,0.1,328,18963,346.8841463414634,0.24578606170603404,0.22201295324877876,2063,37.737804878048784,0.15828122862686334,0.1414364724165385
none_moving,0.1,329,19021,346.88753799392094,0.27842637598722775,0.21815070398698092,2065,37.659574468085104,0.23739419583597074,0.21430080227421172
none_moving,0.1,330,19079,346.89090909090913,0.2754873191412515,0.23528703318725158,2065,37.54545454545455,0.27659911938506765,0.2405314301274065
none_moving,0.1,331,19140,346.9486404833837,0.21825660452691326,0.18179348254258493,2069,37.50453172205438,0.2852954773913731,0.246138533836672
none_moving,0.1,332,19198,346.95180722891564,0.2840115039728903,0.24079642665592416,2071,37.4277108433735,0.3053713339104512,0.26334800393172086
none_moving,0.1,333,19257,346.97297297297297,0.3346959067693849,0.2996444663254359,2073,37.351351351351354,0.30431694298206996,0.2673604867677594
none_moving,0.1,334,19314,346.9580838323354,0.4181824654966633,0.34502599810921336,2082,37.40119760479042,0.3199407560475842,0.28666730455804257
none_moving,0.1,335,19370,346.92537313432837,0.24237561750867934,0.20665835433429103,2089,37.41492537313433,0.2072796978534776,0.18688301303084395
none_moving,0.1,336,19430,346.9642857142857,0.267775079947637,0.2290058132761333,2103,37.55357142857143,0.3626379647412913,0.322313709798247
none_moving,0.1,337,19489,346.98516320474783,0.36987037907895176,0.3055568758037691,2116,37.67359050445104,0.26844240814279463,0.24926685954792133
none_moving,0.1,338,19548,347.00591715976327,0.27624611450614417,0.25161084146443125,2134,37.88165680473372,0.24554532714935232,0.21424966002248214
none_moving,0.1,339,19606,347.00884955752207,0.33922855821078013,0.28934993575116735,2153,38.10619469026549,0.29416385122933636,0.23598239681093008
none_moving,0.1,340,19662,346.97647058823526,0.23564820071010495,0.20286737323509185,2171,38.31176470588235,0.27118473729921494,0.24612177998793724
none_moving,0.1,341,19719,346.96187683284455,0.34117100282088003,0.31839745644236117,2190,38.53372434017595,0.2333839292597344,0.20417557637875086
none_moving,0.1,342,19777,346.96491228070175,0.25032719150382765,0.21469052836234365,2204,38.666666666666664,0.23285423425306295,0.19005599939455203
none_moving,0.1,343,19836,346.98542274052477,0.20616814145241602,0.18913751740348303,2211,38.67638483965015,0.3061300671585618,0.26169120216986735
none_moving,0.1,344,19894,346.98837209302326,0.47739062000843097,0.43016124473748646,2217,38.66860465116279,0.2555659104980409,0.2276290239292706
none_moving,0.1,345,19951,346.97391304347826,0.2770703949500908,0.2510605979546291,2222,38.643478260869564,0.319530358697578,0.2618865818084675
none_moving,0.1,346,20007,346.9421965317919,0.25072316424762786,0.23917259571717744,2231,38.6878612716763,0.4205516400472151,0.3420263854688399
none_moving,0.1,347,20062,346.8933717579251,0.32113457419886393,0.24987711309157312,2233,38.610951008645536,0.3968819967006707,0.32782100986454643
none_moving,0.1,348,20121,346.91379310344826,0.37804459349254904,0.321096956766657,2235,38.53448275862069,0.3769936898492143,0.29268131692065796
none_moving,0.1,349,20181,346.9512893982808,0.20586768837402783,0.19041956979650398,2238,38.4756446991404,0.35771866857156537,0.2779813655860449
none_moving,0.1,350,20239,346.95428571428573,0.24056855163240207,0.21021056409170039,2238,38.36571428571429,0.35565620628738276,0.2764490298949384
none_moving,0.1,351,20297,346.957264957265,0.16264602893064678,0.1521570215538925,2238,38.25641025641026,0.3553188585473341,0.2762180399265116
none_moving,0.1,352,20356,346.97727272727275,0.20585732532269754,0.18027371627861416,2238,38.14772727272728,0.355254413786381,0.27617503926163095
none_moving,0.1,353,20413,346.9631728045325,0.2558088562345518,0.20736090322774597,2238,38.039660056657226,0.35524164596211555,0.27616656843424375
none_moving,0.1,354,20467,346.89830508474574,0.16810319932510714,0.15932626468711533,2238,37.932203389830505,0.3552390972434445,0.27616487945223467
none_moving,0.1,355,20525,346.9014084507042,0.23028261973738914,0.202128898815565,2238,37.82535211267606,0.35523858769356637,0.27616454186326245
none_moving,0.1,356,20582,346.88764044943815,0.31077181940803783,0.24390906129705542,2240,37.752808988764045,0.3567568362303626,0.27911977240046826
none_moving,0.1,357,20642,346.9243697478991,0.22646288200874545,0.20015046409013668,2243,37.69747899159664,0.35303820769198757,0.2681245774982618
none_moving,0.1,358,20701,346.94413407821224,0.17868528046218124,0.14466099927566417,2246,37.642458100558656,0.347461059606393,0.25572357438383275
none_moving,0.1,359,20760,346.96378830083563,0.45642614516647456,0.345156242496519,2248,37.571030640668525,0.3516379043480609,0.26663640266311595
none_moving,0.1,360,20818,346.9666666666667,0.3306913984979157,0.30658568476775727,2248,37.46666666666667,0.3553559795548186,0.2759010288947057
none_moving,0.1,361,20874,346.9362880886427,0.24248823273395073,0.22705620997699497,2254,37.46260387811635,0.1742607381938064,0.14811150416087107
none_moving,0.1,362,20931,346.9226519337017,0.30816655506008755,0.27588341544227873,2256,37.392265193370164,0.46437885645571936,0.36431942855634725
none_moving,0.1,363,20992,346.97520661157023,0.4178856193668095,0.3398915464934472,2258,37.32231404958678,0.5564343468447961,0.4281091421779687
none_moving,0.1,364,21049,346.9615384615385,0.2701111138276468,0.22042610648810035,2261,37.26923076923077,0.578279634860872,0.4465973913375996
none_moving,0.1,365,21107,346.96438356164384,0.3357706582356538,0.29755102233012354,2261,37.16712328767123,0.5827561656185906,0.45051038032252605
none_moving,0.1,366,21161,346.9016393442623,0.27054526907541937,0.2496778526389097,2261,37.0655737704918,0.5836555684193134,0.4513015291847836
none_moving,0.1,367,21222,346.95367847411444,0.3594042324533341,0.3138901064340234,2261,36.96457765667575,0.5838356112846552,0.4514601046713551
none_moving,0.1,368,21283,347.0054347826087,0.17760723593503777,0.157285209939543,2265,36.92934782608695,0.5812818139244648,0.4463348276147169
none_moving,0.1,369,21339,346.9756097560976,0.3731966069449958,0.32369515819424677,2273,36.959349593495936,0.5936385401694186,0.4785698701315405
none_moving,0.1,370,21400,347.02702702702703,0.4514885330990744,0.36698708367790733,2283,37.02162162162162,0.6328913416442747,0.4838834796546605
none_moving,0.1,371,21458,347.0296495956874,0.3234612593655987,0.2884166727010565,2293,37.08355795148248,0.42193398046047303,0.35342524501010547
none_moving,0.1,372,21517,347.04838709677415,0.4222576694129053,0.3807210543732526,2309,37.24193548387097,0.4468784786278471,0.3647860045394825
none_moving,0.1,373,21574,347.0348525469169,0.6504345342262841,0.48269417635606493,2322,37.35120643431635,0.5539872971953543,0.41588344016296086
none_moving,0.1,374,21634,347.06951871657753,0.33232442374038534,0.29216834849529594,2335,37.45989304812834,0.5062882781070034,0.4052108129161467
none_moving,0.1,375,21690,347.04,0.23426827026246147,0.2048483912945756,2342,37.472,0.49146906271155844,0.3776535859236371
none_moving,0.1,376,21749,347.0585106382979,0.5885028024492591,0.4824171698312741,2350,37.5,0.3170167800473503,0.2688594819354767
none_moving,0.1,377,21806,347.0450928381963,0.3093800251069824,0.2367892557173806,2356,37.49602122015915,0.2233274407261674,0.19778327615800212
none_moving,0.1,378,21867,347.0952380952381,0.27701706814927113,0.2569381438434245,2359,37.44444444444444,0.2902687487947664,0.2725994356183934
none_moving,0.1,379,21925,347.09762532981534,0.1929192597781463,0.18110289728907278,2365,37.440633245382585,0.3036494470850563,0.2671893547137335
none_moving,0.1,380,21983,347.1,0.35460891674579914,0.31453000669346065,2373,37.468421052631584,0.31030108642588383,0.2705272575396889
none_moving,0.1,381,22042,347.11811023622045,0.2046789030500422,0.19081691632821196,2381,37.496062992125985,0.3077895778192806,0.2685457481628725
none_moving,0.1,382,22102,347.151832460733,0.25425369250024593,0.22467173167203464,2388,37.50785340314137,0.33548833023017244,0.30574612567275244
none_moving,0.1,383,22161,347.16971279373365,0.23228288646367332,0.20391570882501525,2396,37.53524804177545,0.32219733802085965,0.28458523388057977
none_moving,0.1,384,22221,347.20312499999994,0.514994298404534,0.4169088662596816,2403,37.546875,0.31515132027219256,0.2755443659943295
none_moving,0.1,385,22277,347.17402597402594,0.2251841478427866,0.20622217620775934,2411,37.57402597402597,0.32253302582083493,0.2890839647637681
none_moving,0.1,386,22335,347.1761658031088,0.2718297387024803,0.25555625573117263,2415,37.538860103626945,0.3279449945154835,0.29058902189155816
none_moving,0.1,387,22393,347.1782945736434,0.24651307179126286,0.23181917522575196,2418,37.48837209302326,0.3245325637838989,0.28495757352888207
none_moving,0.1,388,22450,347.16494845360825,0.19560438011921155,0.1650697615492031,2421,37.43814432989691,0.3331457499352968,0.300287829415264
none_moving,0.1,389,22507,347.1516709511568,0.2868106722756477,0.2520214357463955,2423,37.37275064267352,0.33425341196668823,0.3027045967874967
none_moving,0.1,390,22567,347.18461538461537,0.16141939736793878,0.13993899362690307,2423,37.276923076923076,0.3237275763958853,0.28935765476512565
none_moving,0.1,391,22625,347.1867007672634,0.3318784323538135,0.2689775768915516,2427,37.24296675191816,0.36155167217161294,0.32178152537360016
none_moving,0.1,392,22686,347.234693877551,0.2944131637232719,0.2687878942914187,2431,37.20918367346939,0.41661231463005266,0.3645459323539739
none_moving,0.1,393,22742,347.206106870229,0.2631123596778234,0.23556623536615023,2433,37.145038167938935,0.3867880541171183,0.3645301450027988
none_moving,0.1,394,22801,347.2233502538071,0.3270666827630031,0.27775690752641435,2440,37.15736040609137,0.43378612107948916,0.394945166294879
none_moving,0.1,395,22860,347.24050632911394,0.19992896257354673,0.1920996064904911,2447,37.16962025316456,0.4369954646616842,0.38508490209851687
none_moving,0.1,396,22913,347.1666666666667,0.24531372288767286,0.2229784395625455,2454,37.18181818181819,0.43070940711322825,0.36853672049248737
none_moving,0.1,397,22972,347.183879093199,0.30996443593036405,0.27872907335293706,2461,37.193954659949625,0.43447908999264834,0.3719449966753882
none_moving,0.1,398,23031,347.2010050251256,0.2698434280161409,0.23162350740027998,2467,37.19095477386934,0.43185692922110214,0.38337705577103953
none_moving,0.1,399,23090,347.2180451127819,0.24094499151115364,0.21188730891242344,2478,37.26315789473684,0.3367679978788048,0.2907404672351398
none_moving,0.1,400,23145,347.175,0.23267012681005458,0.1888019404093194,2492,37.379999999999995,0.34074231607307787,0.29138197054627607
none_moving,0.1,401,23206,347.2219451371571,0.26339272716798046,0.24850794423422307,2499,37.39152119700748,0.2913939281817194,0.241208983326861
none_moving,0.1,402,23261,347.17910447761193,0.26259424647337554,0.2337129069870195,2506,37.40298507462686,0.33441476154034644,0.2726683217951685
none_moving,0.1,403,23322,347.22580645161287,0.21260028073646134,0.17832307600041378,2514,37.42928039702233,0.2809174191427088,0.25814957622397133
none_moving,0.1,404,23380,347.2277227722772,0.2706069430993025,0.23543006784307247,2521,37.44059405940594,0.25687423350487115,0.23207375905952815
none_moving,0.1,405,23440,347.25925925925924,0.261355895671432,0.2388442792977187,2526,37.422222222222224,0.2838358892417387,0.25238981654139053
none_moving,0.1,406,23499,347.2758620689655,0.3060553641806571,0.2412403370065838,2528,37.35960591133005,0.30496700416078326,0.2777237893927112
none_moving,0.1,407,23556,347.2628992628993,0.19785895368512688,0.145225328331333,2533,37.34152334152334,0.31543768080132534,0.2811582361896055
none_moving,0.1,408,23612,347.235294117647,0.4395789471162903,0.3628017598824854,2542,37.38235294117647,0.2896840158582279,0.272112245027007
none_moving,0.1,409,23670,347.2371638141809,0.2809277021887303,0.2549304706090881,2554,37.46699266503668,0.2957709237323454,0.28559352008331496
none_moving,0.1,410,23728,347.23902439024397,0.26877447068075594,0.23775271318679322,2562,37.49268292682927,0.3290659509780154,0.3160162431783071
none_moving,0.1,411,23785,347.2262773722628,0.3056585894885892,0.2554933793682002,2576,37.6058394160584,0.2674260877573309,0.24806047026048864
none_moving,0.1,412,23843,347.2281553398059,0.247041070214139,0.21608556800629924,2591,37.73300970873787,0.30901575130398995,0.2882278899467956
none_moving,0.1,413,23899,347.2009685230024,0.23037764578220415,0.20207701100511719,2604,37.83050847457626,0.27779401835206546,0.25445147739540597
none_moving,0.1,414,23958,347.2173913043478,0.27016877098913894,0.20154470781701023,2617,37.927536231884055,0.2722011634667721,0.2513968349683953
none_moving,0.1,415,24013,347.17590361445787,0.20028870210489463,0.18087736796857962,2629,38.00963855421686,0.2863001557917096,0.25872066405795985
none_moving,0.1,416,24072,347.1923076923077,0.22804726921097154,0.21002677278080414,2636,38.019230769230774,0.3052461775954386,0.292490222377798
none_moving,0.1,417,24129,347.1798561151079,0.17911033410542976,0.16969330613742759,2646,38.07194244604317,0.28542423009100415,0.2671369626265663
none_moving,0.1,418,24189,347.2105263157895,0.30135438563016553,0.2730433564001429,2646,37.98086124401914,0.26962914141449956,0.2532829605208805
none_moving,0.1,419,24247,347.2124105011933,0.21756794983246497,0.20573858909609513,2648,37.91885441527447,0.2696893297621619,0.2524652515982936
none_moving,0.1,420,24306,347.2285714285714,0.292746240190016,0.2413599109177071,2650,37.857142857142854,0.22979347222478697,0.21153931685178423
none_moving,0.1,421,24363,347.2161520190024,0.2654949193573614,0.23243035356974767,2652,37.795724465558195,0.2378221593564062,0.21522103289827235
none_moving,0.1,422,24422,347.23222748815164,0.3606383588329022,0.33281348632011903,2654,37.7345971563981,0.23866182700749058,0.2187656430991208
none_moving,0.1,423,24478,347.20567375886526,0.31989371450774756,0.2782527247157661,2656,37.67375886524823,0.1568010992075282,0.1418351685837642
none_moving,0.1,424,24537,347.22169811320754,0.38186024685316083,0.3323834634755832,2659,37.62735849056604,0.207050875351036,0.1892315752776796
none_moving,0.1,425,24595,347.22352941176473,0.26074210570275236,0.25184308816516127,2659,37.538823529411765,0.2241255013223094,0.2007405806353879
none_moving,0.1,426,24652,347.2112676056338,0.3429651042851569,0.2993013413693987,2664,37.52112676056338,0.20854537097389902,0.18510863280531045
none_moving,0.1,427,24712,347.24121779859485,0.34140171773687195,0.28945146215206763,2670,37.51756440281031,0.21776939835358664,0.19544946861466442
none_moving,0.1,428,24770,347.2429906542056,0.43264407278710293,0.3665482845781089,2676,37.51401869158879,0.2419380329057065,0.2061652905237009
none_moving,0.1,429,24826,347.2167832167832,0.4285005821857743,0.39239131358544366,2683,37.52447552447553,0.2675210354773626,0.2295848840549269
none_moving,0.1,430,24887,347.260465116279,0.24893321622704906,0.21199000964474424,2691,37.54883720930233,0.24979536282456535,0.23190966257879997
none_moving,0.1,431,24947,347.2900232018561,0.28097544002139946,0.23606241026097657,2696,37.53132250580047,0.23572926531051208,0.2109021552499059
none_moving,0.1,432,25007,347.3194444444444,0.4558560771250567,0.3578366961296024,2705,37.56944444444444,0.24663752430490368,0.22589272080051254
none_moving,0.1,433,25062,347.27944572748265,0.23581914363784223,0.20607368569267615,2705,37.482678983833715,0.2690842764007905,0.25523740919906096
none_moving,0.1,434,25116,347.22580645161287,0.3811921211170995,0.30810807001372137,2707,37.42396313364055,0.27980197823377306,0.2667234430154737
none_moving,0.1,435,25175,347.2413793103448,0.3683995104847433,0.32265595974391237,2709,37.36551724137931,0.2845774375842807,0.2625270964880151
none_moving,0.1,436,25233,347.2431192660551,0.2716338351430754,0.25331315119828224,2711,37.30733944954129,0.29997136211928654,0.2770812627667826
none_moving,0.1,437,25288,347.20366132723115,0.3047848247052588,0.2719181000931206,2713,37.24942791762014,0.3528329297543097,0.32401443179358813
none_moving,0.1,438,25346,347.2054794520548,0.3292857493983485,0.2970821307248591,2718,37.23287671232877,0.30065240087438516,0.27193155877359637
none_moving,0.1,439,25400,347.15261958997723,0.18028821406103945,0.16042933474560045,2728,37.28473804100228,0.24320270427723278,0.22343982694613626
none_moving,0.1,440,25456,347.1272727272727,0.21074004933355678,0.1709575587450157,2734,37.28181818181818,0.27130675666837584,0.24671536432568297
none_moving,0.1,441,25516,347.15646258503403,0.20286787440493217,0.18647661113496783,2742,37.30612244897959,0.24402856808825152,0.20655707514861596
none_moving,0.1,442,25574,347.15837104072403,0.1810209242129624,0.17015071801832254,2749,37.31674208144796,0.2471349174480684,0.21444557462485508
none_moving,0.1,443,25630,347.1331828442438,0.2164791517525728,0.19164502599278177,2756,37.3273137697517,0.27825862999669004,0.26157117249978235
none_moving,0.1,444,25687,347.12162162162156,0.24773048165483372,0.21674138365788043,2769,37.41891891891891,0.2782169643304865,0.2505673748819067
none_moving,0.1,445,25745,347.12359550561797,0.27395019910441787,0.24813318733876616,2783,37.523595505617976,0.2696955986590648,0.25121079236746174
none_moving,0.1,446,25804,347.1390134529148,0.27633331627763796,0.24148807512043163,2792,37.56053811659193,0.251462626520516,0.21661883811370902
none_moving,0.1,447,25863,347.1543624161074,0.23517151528614572,0.20361264155337758,2806,37.664429530201346,0.2384257574344828,0.20097064162203332
none_moving,0.1,448,25918,347.11607142857144,0.26508873898596486,0.20948261223958328,2814,37.68749999999999,0.22914560188759975,0.18269278203015432
none_moving,0.1,449,25977,347.13140311804005,0.41989959400126853,0.3386981640701013,2822,37.71046770601336,0.23946775915658666,0.2015041845346804
none_moving,0.1,450,26035,347.1333333333333,0.35059160665784606,0.29158938528880957,2832,37.76,0.22141190547753173,0.16949134607573896
none_moving,0.1,451,26090,347.09534368070956,0.2945622880303381,0.25874515678745974,2842,37.80931263858093,0.24137738431217268,0.2035475274992463
none_moving,0.1,452,26148,347.0973451327434,0.3281909146044258,0.2845461310271466,2851,37.84513274336283,0.3225599664251928,0.29426515185153146
none_moving,0.1,453,26204,347.07284768211923,0.3224474136403527,0.2617584151502953,2856,37.82781456953643,0.3077096251013842,0.2832628549851326
none_moving,0.1,454,26262,347.0748898678414,0.26522244831943587,0.24281080919317058,2859,37.78414096916299,0.27955124627300093,0.24935110015309941
none_moving,0.1,455,26317,347.0373626373626,0.24677096318572747,0.20950088263395808,2859,37.7010989010989,0.27578217011678463,0.24324069523687325
none_moving,0.1,456,26375,347.0394736842105,0.2111529869694895,0.18857579510653816,2859,37.618421052631575,0.2751104270831523,0.24208333484581365
none_moving,0.1,457,26431,347.0153172866521,0.29985992274651546,0.22507208601165835,2859,37.53610503282275,0.27497941342547527,0.24185522163124715
none_moving,0.1,458,26489,347.0174672489083,0.3012013952828006,0.264806741285951,2859,37.45414847161572,0.27495334448927866,0.24180974068065697
none_moving,0.1,459,26546,347.0065359477124,0.2843159046403712,0.24753785706559972,2872,37.54248366013071,0.2994033976807073,0.27599782759870045
none_moving,0.1,460,26605,347.02173913043475,0.30867831133749196,0.25282949099122853,2883,37.60434782608696,0.2732793954942301,0.26069475527191965
none_moving,0.1,461,26661,346.997830802603,0.2081227168497518,0.193832193057402,2894,37.66594360086768,0.2947441572259096,0.26939548174286754
none_moving,0.1,462,26717,346.97402597402595,0.15574716421511248,0.13380251150391792,2912,37.81818181818181,0.21216458722298867,0.19671863565995007
none_moving,0.1,463,26776,346.9892008639309,0.28642341956973066,0.2498610032398708,2924,37.89200863930885,0.2097452653228593,0.19234508783932278
none_moving,0.1,464,26832,346.9655172413793,0.20469917623784936,0.18610313853161248,2936,37.96551724137931,0.1845620079005717,0.15911670085767837
none_moving,0.1,465,26891,346.9806451612903,0.2659399586676874,0.2482759501280371,2950,38.064516129032256,0.2716113871223442,0.24867818829090052
none_moving,0.1,466,26946,346.9442060085837,0.37171147116415254,0.32417209861609925,2963,38.15021459227468,0.32226937558441865,0.2971605622092619
none_moving,0.1,467,27005,346.9593147751606,0.2926370787711004,0.25932272216448016,2974,38.20985010706638,0.28423306654928093,0.26343776552004006
none_moving,0.1,468,27063,346.9615384615385,0.4032549769536091,0.33498251886334984,2984,38.256410256410255,0.18125841402678847,0.1676093047920767
none_moving,0.1,469,27120,346.95095948827293,0.3629850994912401,0.30893906370291496,2994,38.30277185501066,0.15627367982268056,0.14753244582114028
none_moving,0.1,470,27177,346.9404255319149,0.3578185378935809,0.2873977828514186,3002,38.32340425531915,0.15958118194268148,0.15014087970449835
none_moving,0.1,471,27236,346.95541401273886,0.3541077727398523,0.26636972913922735,3010,38.34394904458599,0.16836320998766333,0.14714674456827137
none_moving,0.1,472,27295,346.97033898305085,0.3809414476868948,0.31081558044378294,3015,38.32627118644068,0.17151416745874457,0.16226789555288754
none_moving,0.1,473,27352,346.9598308668076,0.261045789687411,0.22926212815942418,3015,38.245243128964056,0.176143577480362,0.16634486489232128
none_moving,0.1,474,27412,346.98734177215186,0.2513745719351046,0.19701538412519143,3019,38.215189873417714,0.17527250075212913,0.16830523881545173
none_moving,0.1,475,27470,346.9894736842105,0.40437532176704355,0.3275485458236739,3027,38.23578947368421,0.1939201152889273,0.1787579011831087
none_moving,0.1,476,27530,347.01680672268907,0.23964053339859848,0.19495474683474306,3035,38.2563025210084,0.1711341914747632,0.1641455889676524
none_moving,0.1,477,27590,347.0440251572327,0.27836419788799466,0.2582068117792948,3047,38.32704402515723,0.17255877138882245,0.16948372111124568
none_moving,0.1,478,27648,347.0460251046025,0.4103838100513613,0.3368788269728857,3055,38.34728033472803,0.22867977049350033,0.21614537090562225
none_moving,0.1,479,27703,347.0104384133612,0.17681480570155625,0.1618720157333356,3063,38.36743215031316,0.17585606520601454,0.164610804818064
none_moving,0.1,480,27760,347,0.4032308082432883,0.29765304948860316,3075,38.4375,0.27536272792592653,0.23783343662394135
none_moving,0.1,481,27819,347.014553014553,0.3652132463125237,0.298790557736685,3085,38.48232848232848,0.3228162779037127,0.286929435211362
none_moving,0.1,482,27878,347.02904564315355,0.5754453563730443,0.46569473598229977,3090,38.46473029045643,0.32697917566259427,0.2851720550460352
none_moving,0.1,483,27938,347.055900621118,0.26373212939747365,0.2224233416754818,3092,38.409937888198755,0.370849544446766,0.3142339725368779
none_moving,0.1,484,27995,347.04545454545456,0.26369893598378524,0.24223196636664168,3095,38.367768595041326,0.3832909495242418,0.3246640045709032
none_moving,0.1,485,28053,347.04742268041235,0.230631663443001,0.21958487766053145,3095,38.28865979381443,0.38589965507240104,0.3268466632023837
none_moving,0.1,486,28111,347.04938271604937,0.3900746428123821,0.35514405581288855,3097,38.23456790123457,0.38642601202417914,0.32728645217502916
none_moving,0.1,487,28171,347.07597535934286,0.281064241348823,0.2519663362822571,3097,38.15605749486652,0.36706621444377874,0.29072282382344017
none_moving,0.1,488,28227,347.0532786885246,0.2974166382078429,0.26852830134666333,3102,38.13934426229508,0.21333807000498464,0.1869038908641502
none_moving,0.1,489,28282,347.0184049079754,0.28744481744032074,0.27923781575816026,3107,38.122699386503065,0.2405230281858335,0.21143722927103878
none_moving,0.1,490,28341,347.0326530612245,0.3155283250037482,0.287376959847479,3114,38.13061224489796,0.26152268251974414,0.22632605407277614
none_moving,0.1,491,28395,346.9857433808554,0.26446596896084856,0.23063165371984562,3123,38.16293279022403,0.2339183888411566,0.20086454022540864
none_moving,0.1,492,28454,347.00000000000006,0.356250850989996,0.32250093137755204,3138,38.268292682926834,0.2159438331180115,0.18536245454928338
none_moving,0.1,493,28511,346.9898580121704,0.18120817539723444,0.1611633096196976,3148,38.31237322515213,0.18994926099744744,0.16520110586323816
none_moving,0.1,494,28567,346.9676113360324,0.2043407051341251,0.18574555726443986,3158,38.35627530364373,0.30725085067065744,0.24576811387431602
none_moving,0.1,495,28625,346.969696969697,0.22788213800462873,0.21236536887177873,3170,38.42424242424242,0.3196184276866758,0.23209601611810143
none_moving,0.1,496,28684,346.9838709677419,0.17985725887565862,0.1637210416031702,3179,38.45564516129031,0.22971146539572265,0.18872266803554855
none_moving,0.1,497,28741,346.9738430583501,0.31498787970067893,0.26066409922346456,3181,38.40241448692153,0.21938028894675035,0.20199992781321305
none_moving,0.1,498,28799,346.9759036144578,0.25346701887632145,0.2279027119529892,3183,38.34939759036144,0.2455611231542928,0.22448920299715533
none_moving,0.1,499,28859,347.00200400801606,0.2816987366527984,0.2475805970607794,3186,38.30861723446894,0.2590935870951402,0.2386331258960444
none_moving,0.1,500,28916,346.99199999999996,0.2834724223755509,0.25664189621739675,3186,38.232,0.263960722831365,0.2432259331658319
none_moving,0.1,501,28976,347.0179640718563,0.2938014761934552,0.23978197058465733,3188,38.17964071856288,0.26501248195542726,0.24417245328151327
none_moving,0.1,502,29032,346.99601593625493,0.24720708219664372,0.22565124140023757,3193,38.16334661354582,0.24721544370931828,0.22812541037364995
none_moving,0.1,503,29088,346.97415506958254,0.31522673485723374,0.27390083473769977,3201,38.18290258449305,0.29169921998994436,0.25977525817808095
none_moving,0.1,504,29144,346.95238095238096,0.3839646934379272,0.30503359874490693,3211,38.226190476190474,0.21512361315168269,0.1955389362564237
none_moving,0.1,505,29198,346.90693069306934,0.2690918088259725,0.22534834348319235,3226,38.32871287128713,0.2340100205664686,0.21267177391914927
none_moving,0.1,506,29256,346.9090909090909,0.3291415406516032,0.3036914312897989,3240,38.41897233201581,0.20383713672336498,0.1801074562885239
none_moving,0.1,507,29315,346.92307692307696,0.30919341101947,0.2669329529379715,3260,38.57988165680474,0.2246347304548428,0.19447778327762852
none_moving,0.1,508,29374,346.93700787401576,0.25869147924365954,0.23366517413322763,3273,38.65748031496063,0.31003694630281287,0.26339507114657984
none_moving,0.1,509,29432,346.93909626719056,0.2633277729552815,0.23118853378595147,3282,38.687622789783894,0.2385321317246503,0.2111332976842677
none_moving,0.1,510,29492,346.9647058823529,0.31981481460787364,0.2585334363058325,3291,38.71764705882353,0.28518600315176834,0.254579685481979
none_moving,0.1,511,29551,346.9784735812133,0.323524474351852,0.30274661464486724,3296,38.70058708414873,0.24916365061573348,0.22610039957460196
none_moving,0.1,512,29608,346.96875,0.25702452449586943,0.21893221401659377,3296,38.625,0.190906006547686,0.16953912156340462
none_moving,0.1,513,29667,346.98245614035085,0.38482291581727146,0.33465598281357817,3298,38.57309941520467,0.17054748669603084,0.15698436028333082
none_moving,0.1,514,29724,346.97276264591443,0.22113006826414014,0.207934455674967,3301,38.53307392996109,0.23408922673663302,0.2177007559304557
none_moving,0.1,515,29780,346.9514563106796,0.4774698959314232,0.37756376886937626,3301,38.45825242718447,0.25583074371737613,0.234349873952216
none_moving,0.1,516,29838,346.95348837209303,0.3336157943190583,0.2657206735571473,3305,38.43023255813954,0.26038446338460985,0.2377378366996849
none_moving,0.1,517,29891,346.89748549323014,0.215763294979197,0.19607693094379727,3309,38.40232108317214,0.2756536405840859,0.24554350859187574
none_moving,0.1,518,29951,346.9227799227799,0.2811376113520986,0.24999416358971072,3313,38.374517374517374,0.3012860825130611,0.27392318074798705
none_moving,0.1,519,30011,346.9479768786127,0.24329781176050236,0.2067866706817858,3317,38.346820809248555,0.3564279265770901,0.3009608380067796
none_moving,0.1,520,30066,346.91538461538465,0.2611451595946328,0.24073314691908326,3321,38.31923076923078,0.2805791698410303,0.2515163096390419
none_moving,0.1,521,30125,346.9289827255278,0.30410710790888035,0.21783315048249582,3325,38.29174664107485,0.3175508624958428,0.2911295799724511
none_moving,0.1,522,30182,346.91954022988506,0.4493474226912559,0.41597782692299123,3335,38.333333333333336,0.3178552368606575,0.2954298725215544
none_moving,0.1,523,30241,346.93307839388143,0.2977372486852661,0.25955315790637,3338,38.29445506692161,0.33630162415146964,0.3110133509819216
none_moving,0.1,524,30301,346.9580152671756,0.3410882728469115,0.26273747692552546,3338,38.22137404580153,0.29205839024034586,0.2652391388131706
none_moving,0.1,525,30359,346.96000000000004,0.25553930867476765,0.21379062464157417,3342,38.19428571428571,0.2492206777999926,0.2362798033781733
none_moving,0.1,526,30418,346.97338403041823,0.3037143555227228,0.2650944632396727,3344,38.1444866920152,0.2611101486243978,0.24636419324559475
none_moving,0.1,527,30478,346.99810246679317,0.4359225920772347,0.3053287276056368,3344,38.07210626185958,0.3159030802678894,0.28038566218332667
none_moving,0.1,528,30531,346.94318181818176,0.2838743911950381,0.23529921015327743,3350,38.06818181818181,0.32572705564900895,0.2762254546056469
none_moving,0.1,529,30591,346.9678638941399,0.18528184723934224,0.1711422582540332,3360,38.109640831758036,0.3250188721989848,0.27283662555765786
none_moving,0.1,530,30650,346.9811320754717,0.23730782812544193,0.22574353573966635,3367,38.116981132075466,0.3274668573848145,0.2773036096627178
none_moving,0.1,531,30710,347.00564971751413,0.21167581454304896,0.19858897698658615,3376,38.14689265536724,0.3421061707219997,0.3037537814379633
none_moving,0.1,532,30769,347.0187969924812,0.3053996297188831,0.22674390078582288,3384,38.16541353383458,0.326869925233159,0.27427104899370464
none_moving,0.1,533,30827,347.0206378986867,0.218909671056664,0.18792267460939432,3392,38.18386491557224,0.33028493246912194,0.27653816171053547
none_moving,0.1,534,30885,347.02247191011236,0.23006060051062802,0.20097820352166812,3400,38.20224719101123,0.33475945459377937,0.2848890530334457
none_moving,0.1,535,30944,347.03551401869163,0.17339576376265545,0.15767269179246782,3411,38.25420560747664,0.38972547910887334,0.3579010473099288
none_moving,0.1,536,31001,347.02611940298505,0.31820989208536055,0.27771893814222304,3420,38.28358208955224,0.32763385993369853,0.2885259784558105
none_moving,0.1,537,31058,347.01675977653633,0.38223280139135063,0.34611117369738126,3433,38.357541899441344,0.2775812679660233,0.25076318220941307
none_moving,0.1,538,31115,347.0074349442379,0.2359739729265577,0.21180687734302195,3438,38.342007434944236,0.28811753032193843,0.23497569231594162
none_moving,0.1,539,31172,346.9981447124304,0.30904081694123886,0.2831857979605818,3443,38.3265306122449,0.256923888960884,0.23257982514522837
none_moving,0.1,540,31230,347,0.3275484447400168,0.30244432031755075,3451,38.34444444444445,0.2678744867679042,0.23711802409635846
none_moving,0.1,541,31287,346.9907578558225,0.2473721154792723,0.23161340056403587,3455,38.31792975970425,0.31092839423384516,0.2714740932598308
none_moving,0.1,542,31344,346.98154981549817,0.3968060081945029,0.32526275731360405,3457,38.269372693726936,0.35232654623186427,0.3027169331109848
none_moving,0.1,543,31404,347.0055248618784,0.22900777286474158,0.19040017068164705,3459,38.22099447513811,0.39707664076273236,0.3399590857076922
none_moving,0.1,544,31462,347.00735294117646,0.17565290449090054,0.14916641359920252,3462,38.18382352941176,0.36767054177185343,0.32076334486092206
none_moving,0.1,545,31521,347.0201834862385,0.3727089102587421,0.2977335523360542,3462,38.1137614678899,0.3626825723607962,0.3171706360103528
none_moving,0.1,546,31580,347.03296703296706,0.2581827588419878,0.21214961013984493,3464,38.065934065934066,0.3617239605095501,0.3164623690865061
none_moving,0.1,547,31636,347.0127970749543,0.33656002239865146,0.28253775383584684,3464,37.9963436928702,0.3668763966461617,0.32267491715305746
none_moving,0.1,548,31693,347.00364963503654,0.30661269203063535,0.25732078571784783,3464,37.92700729927007,0.3694066277410812,0.3261640780007241
none_moving,0.1,549,31751,347.0054644808743,0.3055314137757123,0.25951589753470783,3467,37.89071038251366,0.37178169752192447,0.33060777508671946
none_moving,0.1,550,31807,346.98545454545456,0.34239813956294135,0.30003236562916974,3477,37.93090909090909,0.4113785171903959,0.38455609438004895
none_moving,0.1,551,31867,347.0090744101633,0.26892914086864944,0.2472191402437453,3485,37.9491833030853,0.41260831313431895,0.38035296410782693
none_moving,0.1,552,31926,347.0217391304348,0.28024512267611434,0.2501953511641487,3500,38.04347826086957,0.3778105326154829,0.3336922586255337
none_moving,0.1,553,31983,347.01265822784814,0.3143236296207069,0.2547896106811077,3509,38.072332730560575,0.3430610196511051,0.30850612140194655
none_moving,0.1,554,32040,347.0036101083033,0.19243276309727386,0.1732697285818322,3517,38.09025270758123,0.3318819198476239,0.2966296910486011
none_moving,0.1,555,32100,347.02702702702703,0.3317464085824468,0.28137422731227163,3528,38.14054054054054,0.3037098479544842,0.2823710349290246
none_moving,0.1,556,32159,347.03956834532374,0.21873020678678942,0.20929619014238687,3538,38.17985611510791,0.41188362936018935,0.3721990832891785
none_moving,0.1,557,32216,347.0305206463196,0.2733006289911916,0.23388175990554783,3545,38.18671454219031,0.41904195669171734,0.37359147529956543
none_moving,0.1,558,32277,347.0645161290322,0.26250145531311747,0.24483920000079779,3555,38.2258064516129,0.37049693534288336,0.3118791968523837
none_moving,0.1,559,32335,347.0661896243292,0.17879015210762783,0.1659999802175322,3562,38.23255813953488,0.39844485938339014,0.3582619558079097
none_moving,0.1,560,32392,347.0571428571428,0.22987247938631433,0.20614599007503664,3562,38.16428571428571,0.4112394601101353,0.3736879162283295
none_moving,0.1,561,32448,347.03743315508024,0.27090934593559707,0.24214472196512635,3566,38.13903743315508,0.42048353280596856,0.3874939901952663
none_moving,0.1,562,32508,347.06049822064057,0.35922660749480056,0.31825629748753853,3574,38.156583629893234,0.3436938915191248,0.2939008173029327
none_moving,0.1,563,32564,347.0408525754885,0.322447127718518,0.2888788372375944,3582,38.174067495559505,0.3457023523368578,0.30309790122033275
none_moving,0.1,564,32623,347.0531914893617,0.25396351638728504,0.20126673624428268,3595,38.244680851063826,0.35645310305861444,0.3077235754619225
none_moving,0.1,565,32682,347.06548672566373,0.2653065172501598,0.2418345307626188,3613,38.36814159292036,0.386188717759286,0.3317336138000004
none_moving,0.1,566,32740,347.0671378091873,0.2553107491071283,0.2170172725640846,3632,38.50176678445229,0.32803988024402964,0.28453541221613476
none_moving,0.1,567,32799,347.0793650793651,0.2900947855340341,0.2593453258237016,3658,38.708994708994716,0.3558571533311704,0.30850889639557655
none_moving,0.1,568,32857,347.08098591549293,0.34484302391343036,0.27769737021290836,3672,38.78873239436619,0.22660524032538093,0.21354226910827895
none_moving,0.1,569,32913,347.06151142355014,0.294878417254843,0.2588885405449119,3683,38.8365553602812,0.30340320780146746,0.2719136241272631
none_moving,0.1,570,32970,347.05263157894734,0.2727945539973029,0.2538860329629208,3694,38.88421052631579,0.30573431747252017,0.26588185250897906
none_moving,0.1,571,33029,347.0647985989492,0.2888058114239023,0.2536317880728138,3700,38.879159369527144,0.31863840091843115,0.2553578613862907
none_moving,0.1,572,33084,347.03496503496507,0.291194268067333,0.2671259015207156,3702,38.83216783216783,0.3576819498233641,0.31002052058598945
none_moving,0.1,573,33143,347.0471204188482,0.18288234928685215,0.16865714736189902,3706,38.80628272251309,0.36950961795360404,0.30585151906764363
none_moving,0.1,574,33203,347.06968641114986,0.2256164168069231,0.2091854514714015,3708,38.7595818815331,0.32513514392387266,0.2613157324274263
none_moving,0.1,575,33260,347.0608695652174,0.32173821657890794,0.2788706173188919,3708,38.692173913043476,0.3296542070064038,0.2750421030108775
none_moving,0.1,576,33317,347.0520833333333,0.2902866646957827,0.24062432801703348,3708,38.625,0.3311021105346156,0.27844639836169677
none_moving,0.1,577,33376,347.0641247833622,0.2387820317989461,0.2045401129475707,3708,38.5580589254766,0.33141295333184784,0.2791470944179641
none_moving,0.1,578,33435,347.07612456747404,0.40429512743326323,0.30998413915404727,3708,38.491349480968864,0.33147596756032593,0.2792879888180716
none_moving,0.1,579,33494,347.0880829015544,0.23929213066450944,0.20510264690875143,3708,38.424870466321245,0.3314886041930884,0.27931619761687576
none_moving,0.1,580,33550,347.0689655172414,0.15309243156947422,0.14062248416485795,3708,38.358620689655176,0.33149113287080434,0.2793218405711044
none_moving,0.1,581,33608,347.0705679862306,0.23318720964335302,0.20052499695409778,3708,38.292598967297764,0.33149163866039,0.2793229692097089
none_moving,0.1,582,33667,347.08247422680415,0.2773344264032087,0.22477780704293818,3718,38.3298969072165,0.3301327425918773,0.2735833635260443
none_moving,0.1,583,33724,347.073756432247,0.12309066947418085,0.11572953805104906,3718,38.264150943396224,0.3455201319893133,0.2849980253133787
none_moving,0.1,584,33781,347.0650684931507,0.20260352940002693,0.1593954693463607,3718,38.1986301369863,0.35270282216496784,0.2925775815649065
none_moving,0.1,585,33838,347.0564102564103,0.2204643320585232,0.20158651742209432,3722,38.174358974358974,0.33517244277791514,0.29530414053074816
none_moving,0.1,586,33896,347.05802047781566,0.24769788054587644,0.19941817915156362,3724,38.1296928327645,0.3494311128779318,0.32167918713217736
none_moving,0.1,587,33956,347.0800681431005,0.3697963007693233,0.31043579322793463,3724,38.064735945485516,0.2796364628570065,0.2587725615261443
none_moving,0.1,588,34016,347.1020408163265,0.32533986335666104,0.3148462639632707,3728,38.04081632653061,0.27407010624117545,0.2562812480017392
none_moving,0.1,589,34076,347.1239388794567,0.25180879847336285,0.2305589347297206,3737,38.0679117147708,0.3063802454638432,0.28122680087768426
none_moving,0.1,590,34137,347.1559322033898,0.2717197810469237,0.23160340629994422,3742,38.05423728813559,0.2847085785949364,0.2616378855106518
none_moving,0.1,591,34196,347.16751269035535,0.21975854847990386,0.19102217083000012,3748,38.0507614213198,0.30636394814503193,0.29217549502493884
none_moving,0.1,592,34255,347.17905405405406,0.35984323486785463,0.3076813471754211,3759,38.09797297297297,0.25623883548263043,0.2234820370164428
none_moving,0.1,593,34313,347.18043844856663,0.2782273968747181,0.22412199491673807,3771,38.155143338954474,0.23305025247661548,0.19618528873086838
none_moving,0.1,594,34374,347.2121212121212,0.3512472403541992,0.2979298137474305,3783,38.21212121212121,0.21957689726209706,0.17359331902279465
none_moving,0.1,595,34431,347.2033613445378,0.3460432469318962,0.29708588443863326,3796,38.27899159663866,0.23461906386761264,0.20528960171785884
none_moving,0.1,596,34489,347.2046979865772,0.3343018361880104,0.25163790896300725,3802,38.2751677852349,0.22358148193217794,0.1811524357919276
none_moving,0.1,597,34549,347.22613065326635,0.2321972893243747,0.18580256860382485,3816,38.35175879396986,0.2355022309473983,0.20299716681390803
none_moving,0.1,598,34609,347.24749163879596,0.22547207354620524,0.19101479727488418,3823,38.357859531772576,0.25153247916402316,0.22094710283053157
none_moving,0.1,599,34665,347.228714524207,0.24396057395717932,0.22525572936753607,3829,38.35392320534224,0.2609148098040227,0.23787094352757085
none_moving,0.1,600,34719,347.19,0.1799279922695514,0.16093232605677696,3838,38.38,0.21833924368135632,0.20246230150271116
few_moving,0.1,0,0,,18.187917130173428,17.241615522676813,0,,18.187917130173428,17.241615522676813
few_moving,0.1,1,39,234,8.745271953816724,7.487728301312707,39,234,8.744178571737626,7.496123143339463
few_moving,0.1,2,99,297,5.792507899848297,4.897972769799247,96,288,5.68501797157679,4.820256125864179
few_moving,0.1,3,155,310,2.982808190072038,2.5898998725308937,156,312,3.013439602276542,2.587146622858754
few_moving,0.1,4,213,319.5,1.8334133341643315,1.3957787484061424,216,324,1.8445610704356505,1.400402994467591
few_moving,0.1,5,271,325.20000000000005,1.3672263408065406,0.991180311171594,275,330,1.2042782099611733,0.8655746574204279
few_moving,0.1,6,327,327,0.9007343572056447,0.6909929910116809,331,331,0.7178524218264453,0.561719092035388
few_moving,0.1,7,384,329.1428571428571,0.8333007396435808,0.5970971839717834,379,324.85714285714283,0.49482209640357167,0.42265080451649684
few_moving,0.1,8,444,333,0.4324350257737716,0.35988343934281886,391,293.25,0.49654683198052557,0.4301625827537518
few_moving,0.1,9,502,334.6666666666667,0.44953852918260495,0.3608576380956601,391,260.6666666666667,0.5045493302665454,0.44244699738202964
few_moving,0.1,10,560,336,0.28491616714777696,0.25779276629148473,391,234.60000000000002,0.5080211696039709,0.4479721042729604
few_moving,0.1,11,616,336.00000000000006,0.2992061118647851,0.2532631087780599,391,213.2727272727273,0.5087879047431179,0.4491435635645938
few_moving,0.1,12,674,337,0.22164613259281807,0.20553184015907813,391,195.5,0.5089441204279123,0.4493803426741067
few_moving,0.1,13,732,337.84615384615387,0.21937723400744286,0.20856233899398685,391,180.46153846153845,0.5089754780942671,0.44942779691824797
few_moving,0.1,14,789,338.14285714285717,0.28091128524656617,0.2308389944219452,391,167.57142857142858,0.5089817542069653,0.4494372916958255
few_moving,0.1,15,847,338.8,0.29606341639845635,0.23114094627473625,391,156.4,0.5089830096126677,0.449439190808426
few_moving,0.1,16,903,338.625,0.24871949064678006,0.21077433337170529,391,146.625,0.5089832607011342,0.4494395706372286
few_moving,0.1,17,962,339.5294117647059,0.1747480347938115,0.1551028748668034,391,138,0.5089833109191213,0.4494396466032414
few_moving,0.1,18,1021,340.3333333333333,0.19611307931075553,0.17753597760693252,391,130.33333333333334,0.5089833209627302,0.44943966179645356
few_moving,0.1,19,1079,340.7368421052632,0.33620096322284626,0.30174920411797385,391,123.47368421052633,0.5089833229714534,0.44943966483509773
few_moving,0.1,20,1139,341.70000000000005,0.4087788784982364,0.33905911572341235,391,117.30000000000001,0.5089833233731973,0.4494396654428255
few_moving,0.1,21,1197,342.00000000000006,0.17343378985532318,0.14978178473984538,397,113.42857142857144,0.5089833234535461,0.4494396655643712
few_moving,0.1,22,1255,342.2727272727273,0.21207468268698282,0.18020030443926963,411,112.09090909090911,0.480700638100376,0.4366116190980322
few_moving,0.1,23,1311,341.99999999999994,0.3106573482934782,0.2585133107063779,414,107.99999999999999,0.44467240049187556,0.37101487991540427
few_moving,0.1,24,1368,342,0.2898566649582928,0.2638714548094976,414,103.49999999999999,0.4475955370803794,0.3818925758924033
few_moving,0.1,25,1427,342.47999999999996,0.304327137908374,0.2703283656189934,414,99.35999999999999,0.44859171097188816,0.38460383649286556
few_moving,0.1,26,1486,342.9230769230769,0.3228268706153529,0.2774091517534355,414,95.53846153846153,0.4488072191236127,0.3851630121207042
few_moving,0.1,27,1545,343.3333333333333,0.27084500183517773,0.2426445993044588,414,92,0.4488509698146247,0.3852755061584273
few_moving,0.1,28,1604,343.7142857142857,0.4332861977235849,0.36865758273074645,419,89.78571428571428,0.32097453434077466,0.2827056989153174
few_moving,0.1,29,1660,343.44827586206895,0.42237533015295775,0.3301534034442793,429,88.75862068965517,0.2937280038068238,0.26073194043231585
few_moving,0.1,30,1719,343.8,0.5470174918643701,0.418233681584952,439,87.8,0.2939130426381585,0.26999785182087993
few_moving,0.1,31,1778,344.1290322580645,0.2620696776859623,0.22239287408777178,450,87.09677419354838,0.27781592573984293,0.23612133233699512
few_moving,0.1,32,1838,344.625,0.23348246805209252,0.2061880203511408,460,86.25,0.34050801324140206,0.29604376003559907
few_moving,0.1,33,1896,344.7272727272727,0.3547693594517761,0.30180912565115847,469,85.27272727272727,0.25510024241804385,0.21583904532092912
few_moving,0.1,34,1953,344.64705882352945,0.3160619091475269,0.26698833221271834,480,84.70588235294117,0.3534449114610744,0.30422233550573863
few_moving,0.1,35,2013,345.0857142857143,0.2873550970816046,0.24601686519541438,486,83.31428571428572,0.46707275050338504,0.36541670608214527
few_moving,0.1,36,2071,345.1666666666667,0.3780635941271033,0.3133166324661515,492,82.00000000000001,0.520170351999778,0.4255614831371698
few_moving,0.1,37,2131,345.56756756756755,0.19921537049425336,0.1869649098503712,502,81.4054054054054,0.2762457104587001,0.19994770915420892
few_moving,0.1,38,2188,345.47368421052636,0.345044190151812,0.30879382407762024,505,79.73684210526316,0.36416285043153257,0.3164031506684143
few_moving,0.1,39,2245,345.38461538461536,0.18364046495948572,0.15511539476235003,505,77.6923076923077,0.3895280427278476,0.34497256808937016
few_moving,0.1,40,2304,345.6,0.33873667607747704,0.29301239112538446,505,75.75,0.3948035923376929,0.35073923178936484
few_moving,0.1,41,2364,345.9512195121951,0.2272215271397315,0.2047006496970142,505,73.90243902439025,0.3958661436857753,0.3518945039790167
few_moving,0.1,42,2421,345.8571428571429,0.2242858897108631,0.21437645354835677,505,72.14285714285715,0.3960789466755088,0.3521256348731665
few_moving,0.1,43,2480,346.04651162790697,0.23606351966621283,0.18107590359719467,505,70.46511627906976,0.3961215189432834,0.3521718641016053
few_moving,0.1,44,2535,345.6818181818182,0.2603897590466377,0.2202813763721053,510,69.54545454545455,0.39434951513947397,0.3483544503195731
few_moving,0.1,45,2591,345.4666666666667,0.2629831333651134,0.23912838898117483,517,68.93333333333334,0.39342319922042085,0.3476246466055116
few_moving,0.1,46,2650,345.65217391304344,0.24806990705256632,0.23122586244508084,522,68.08695652173913,0.4086551057419637,0.36672848812091063
few_moving,0.1,47,2707,345.5744680851064,0.29545633244324354,0.26823037833391694,528,67.40425531914893,0.4314202562135603,0.38662650551837807
few_moving,0.1,48,2765,345.625,0.2641273591932415,0.24161026924190163,534,66.75,0.41740816900699823,0.3658695266371174
few_moving,0.1,49,2819,345.1836734693877,0.29197383817461336,0.2760788777268056,543,66.48979591836735,0.40173837087537867,0.36013913148263355
few_moving,0.1,50,2877,345.23999999999995,0.18434505928691833,0.16921264726835067,552,66.24,0.42399098960495835,0.37951020157721493
few_moving,0.1,51,2934,345.1764705882353,0.25829180609371216,0.2258279550183706,560,65.88235294117648,0.45738874999329804,0.42525085719959277
few_moving,0.1,52,2993,345.34615384615387,0.3993048671784354,0.27549255443752824,568,65.53846153846153,0.3986952964639385,0.36065063517367474
few_moving,0.1,53,3052,345.50943396226415,0.23724727227291365,0.22444955906493136,571,64.64150943396227,0.371803825566974,0.3389522621612333
few_moving,0.1,54,3112,345.77777777777777,0.1883784604706147,0.16203666474921422,571,63.44444444444444,0.37065585529884026,0.33744398245185386
few_moving,0.1,55,3169,345.7090909090909,0.3071641469508076,0.2746260045363919,571,62.290909090909096,0.37060343602227536,0.3372707876232288
few_moving,0.1,56,3224,345.4285714285714,0.3757233490817953,0.32143384866950586,571,61.17857142857143,0.3706000531574916,0.33724143224616826
few_moving,0.1,57,3281,345.3684210526316,0.37238886597646326,0.29086279770365636,571,60.10526315789474,0.37059966064879646,0.3372357736738378
few_moving,0.1,58,3341,345.62068965517244,0.22795339213976676,0.18474629424306427,574,59.37931034482759,0.3719346200203505,0.33816398386561486
few_moving,0.1,59,3398,345.55932203389835,0.29954164067489253,0.29270257595695737,579,58.88135593220339,0.327016388819948,0.29870347803639663
few_moving,0.1,60,3454,345.4,0.15007734555340407,0.1390956762735569,584,58.4,0.31706966822079086,0.2824533497111155
few_moving,0.1,61,3510,345.2459016393443,0.4053102794745482,0.34290694274868616,600,59.016393442622956,0.5639447031670666,0.4711757814713475
few_moving,0.1,62,3571,345.5806451612903,0.3188310733717826,0.2768272309884475,626,60.58064516129032,0.3540377074750526,0.3311713356797224
few_moving,0.1,63,3633,346,0.42482327722758956,0.3808126739240472,653,62.19047619047618,0.3415268991236104,0.305927495228426
few_moving,0.1,64,3693,346.21875,0.46947303135041285,0.37662540391263605,680,63.75,0.4695125454284632,0.4174546888358437
few_moving,0.1,65,3753,346.4307692307693,0.4364577242472554,0.33756562736432216,701,64.70769230769231,0.5385326493771686,0.5121605731751065
few_moving,0.1,66,3810,346.3636363636363,0.4661609211100787,0.36122068408812374,728,66.18181818181817,0.5189762967383316,0.4736957008197189
few_moving,0.1,67,3869,346.47761194029846,0.5440872512624514,0.439287512623574,748,66.98507462686567,0.4951909640987401,0.4033545292156919
few_moving,0.1,68,3929,346.6764705882353,0.5452918866208156,0.4028981149263725,762,67.23529411764706,0.644807223229629,0.4911571734468973
few_moving,0.1,69,3986,346.60869565217394,0.6809822497676011,0.5643964003381002,774,67.30434782608697,0.6721097442872783,0.5092840069912123
few_moving,0.1,70,4046,346.8,0.6364259219553007,0.4927531683622428,788,67.54285714285713,0.7308686056592496,0.5646870146277366
few_moving,0.1,71,4107,347.07042253521126,0.6680144129193436,0.5460430952718031,802,67.77464788732395,0.7625367099735536,0.5842771034904264
few_moving,0.1,72,4166,347.1666666666667,0.6071711662055583,0.4838042306839826,816,68,0.8303784864003328,0.643994166752037
few_moving,0.1,73,4220,346.8493150684932,0.5799739016165882,0.4890547588457775,830,68.21917808219179,0.8689230214407468,0.6207623339104337
few_moving,0.1,74,4278,346.86486486486484,0.4526874771106922,0.3945838354764502,847,68.67567567567568,0.8183227360277525,0.6051138772305926
few_moving,0.1,75,4339,347.12,0.6291503759065131,0.5557890729311273,867,69.36,0.7588588998308992,0.5830259753516706
few_moving,0.1,76,4398,347.2105263157895,0.425981885680678,0.31772519782334296,886,69.94736842105263,0.7167046330939628,0.5711638617670948
few_moving,0.1,77,4459,347.4545454545454,0.4954128545775645,0.43137127721694773,907,70.67532467532467,0.43215799341916006,0.3728559824906324
few_moving,0.1,78,4520,347.6923076923077,0.5797646034877983,0.5216639259485826,926,71.23076923076923,0.41576183989754506,0.3661245953881854
few_moving,0.1,79,4576,347.5443037974684,0.48835030806481383,0.44053833125391606,950,72.15189873417722,0.5181639581738278,0.43135354788135255
few_moving,0.1,80,4635,347.625,0.47042758317085703,0.40587079822384575,970,72.75,0.5284458523708039,0.45006858060014
few_moving,0.1,81,4696,347.85185185185185,0.45027825980672737,0.36359890161341196,995,73.7037037037037,0.48978469294844973,0.41174632803060246
few_moving,0.1,82,4757,348.0731707317073,0.611427977050295,0.5223900269529899,1013,74.1219512195122,0.5756421768028257,0.4845269273214666
few_moving,0.1,83,4813,347.9277108433735,0.6477905681399893,0.538543305582797,1025,74.09638554216868,0.6938288400869195,0.5599699604256766
few_moving,0.1,84,4870,347.8571428571429,0.6298496495513048,0.506303838589087,1038,74.14285714285714,0.8406596220243998,0.6611292557099476
few_moving,0.1,85,4930,348,0.5760132880833587,0.4418109096660953,1054,74.4,0.7805521031014336,0.5964649076736105
few_moving,0.1,86,4988,348,0.7914450916295189,0.6013095131766135,1072,74.79069767441861,0.7003010651290504,0.6074752756630841
few_moving,0.1,87,5047,348.0689655172414,0.602441954797031,0.5329547223600481,1090,75.17241379310344,0.7387279757713445,0.5929398207620618
few_moving,0.1,88,5107,348.2045454545455,0.4285650695226649,0.3894978217304553,1109,75.61363636363637,0.7828784998627634,0.6207298805873369
few_moving,0.1,89,5164,348.13483146067415,0.4534237425367015,0.4032251485246368,1134,76.4494382022472,0.7797836497471128,0.6246766450073018
few_moving,0.1,90,5220,348,0.35157093510910115,0.2894834370770537,1156,77.06666666666666,0.5831918070921798,0.4786421935648475
few_moving,0.1,91,5277,347.934065934066,0.5156332856196263,0.425444133667363,1179,77.73626373626374,0.5714469906171307,0.4520702552553376
few_moving,0.1,92,5335,347.9347826086956,0.5114554703033334,0.44274103242053203,1198,78.13043478260869,0.5067112506450151,0.4275928347997976
few_moving,0.1,93,5395,348.06451612903226,0.4353729011631215,0.39723485189691193,1219,78.64516129032258,0.3647945862886964,0.32524101885919826
few_moving,0.1,94,5457,348.3191489361702,0.4432937609686398,0.3742139490344075,1243,79.34042553191489,0.5958659160152544,0.5620830185360661
few_moving,0.1,95,5517,348.44210526315794,0.4683317551426784,0.33455639900798767,1265,79.89473684210526,0.4873851970340293,0.45159635908475393
few_moving,0.1,96,5577,348.5625,0.4084004154583256,0.3235961339112124,1286,80.37499999999999,0.4638058988086118,0.41372636759332665
few_moving,0.1,97,5637,348.680412371134,0.41469935531325525,0.34115335624457893,1302,80.5360824742268,0.48681684364483957,0.4415063174279238
few_moving,0.1,98,5694,348.61224489795916,0.4786175824024468,0.41802696035114295,1315,80.51020408163265,0.5688532461344731,0.5130539207353232
few_moving,0.1,99,5752,348.6060606060607,0.537803779029015,0.3991999924019669,1328,80.4848484848485,0.6096207090322516,0.5179522311881612
few_moving,0.1,100,5805,348.3,0.6618957665083968,0.47283526932504855,1340,80.39999999999999,0.6737166731221247,0.5728552034397788
few_moving,0.1,101,5863,348.2970297029703,0.5611716545512598,0.43051250613390996,1353,80.37623762376238,0.6977261043020212,0.6113869917910476
few_moving,0.1,102,5921,348.29411764705884,0.6183325025880898,0.5145627565569317,1366,80.3529411764706,0.8015069565825848,0.7041481548837121
few_moving,0.1,103,5980,348.3495145631068,0.7324367798443533,0.577029509674367,1380,80.38834951456312,0.7968012407220777,0.7056882929384971
few_moving,0.1,104,6036,348.2307692307692,0.5245231031172676,0.46419941904126744,1392,80.30769230769229,0.8204365958148011,0.6788707276599044
few_moving,0.1,105,6092,348.11428571428576,0.3846046648475842,0.3215977820509367,1406,80.34285714285714,0.8363948592895383,0.6428658393836012
few_moving,0.1,106,6152,348.22641509433964,0.5676213756985398,0.4843669094153558,1422,80.49056603773585,0.7730558882422621,0.6431410493531825
few_moving,0.1,107,6210,348.22429906542055,0.4833549024181472,0.3765705198454733,1436,80.5233644859813,0.6850729363061943,0.6613705701397938
few_moving,0.1,108,6269,348.27777777777777,0.409590917317383,0.3436793468128129,1449,80.5,0.637246791080997,0.6171435929727556
few_moving,0.1,109,6328,348.33027522935777,0.4102500249156546,0.3810022139091637,1467,80.75229357798165,0.4746499903137689,0.4450420068462727
few_moving,0.1,110,6387,348.38181818181823,0.4237447507462382,0.3392944220550522,1483,80.8909090909091,0.5407449861449516,0.5044418057818694
few_moving,0.1,111,6449,348.5945945945946,0.4742502344261865,0.3908793053101801,1503,81.24324324324324,0.4887935179794658,0.4575009479775624
few_moving,0.1,112,6507,348.5892857142857,0.36841501101213775,0.2951692266387664,1519,81.375,0.5430228155644072,0.4721933754318847
few_moving,0.1,113,6567,348.6902654867257,0.3713447555068948,0.302626087436248,1536,81.5575221238938,0.5633832432878942,0.5184331705795524
few_moving,0.1,114,6628,348.84210526315786,0.42686173600187877,0.3540250373124213,1553,81.73684210526316,0.5851107992163085,0.4861563148079944
few_moving,0.1,115,6684,348.73043478260865,0.5603847225423456,0.4049858971556225,1572,82.01739130434781,0.7660400147670968,0.6568452943912162
few_moving,0.1,116,6745,348.87931034482756,0.5730617459350091,0.41069160919740655,1591,82.29310344827586,0.8466469775548632,0.7510993899039808
few_moving,0.1,117,6805,348.974358974359,0.7798685610431785,0.6232410061985257,1615,82.82051282051282,0.7869938775785372,0.6952006016457192
few_moving,0.1,118,6861,348.86440677966107,0.6986491510721462,0.5568480160596844,1641,83.4406779661017,0.7929804348741093,0.6619536645982765
few_moving,0.1,119,6918,348.80672268907557,0.706844312924015,0.5373552319423056,1664,83.89915966386555,0.8893365289737319,0.728378221371846
few_moving,0.1,120,6978,348.9,0.4759210785617922,0.36081445935245715,1685,84.25,0.8879358692926906,0.7524465174871974
few_moving,0.1,121,7037,348.9421487603306,0.43869238601990745,0.3863149241717662,1699,84.24793388429752,0.7930344361834354,0.6953690740659026
few_moving,0.1,122,7093,348.8360655737705,0.4488307612893207,0.3788066272351327,1705,83.85245901639345,0.7813582701038413,0.678383772889328
few_moving,0.1,123,7149,348.7317073170732,0.241455553091227,0.22779185628055373,1713,83.56097560975611,0.7221809678042534,0.6264427582578828
few_moving,0.1,124,7205,348.62903225806446,0.25725507286825344,0.2333345085382213,1720,83.2258064516129,0.7396540687349644,0.6360198519307139
few_moving,0.1,125,7264,348.67199999999997,0.266125252830073,0.23707760708094736,1723,82.704,0.7523315571705925,0.662327240585
few_moving,0.1,126,7324,348.76190476190476,0.29358142733434245,0.27879990177389063,1729,82.33333333333333,0.7374960758467506,0.621215367432151
few_moving,0.1,127,7381,348.70866141732284,0.13233794032566829,0.12353001883584216,1729,81.68503937007874,0.627460012243818,0.5102049013773586
few_moving,0.1,128,7440,348.75,0.23646327953140056,0.20957229567477315,1732,81.1875,0.6349320141315014,0.524818835941428
few_moving,0.1,129,7501,348.8837209302326,0.22928524966405495,0.19067075665882885,1735,80.69767441860465,0.6399704355453674,0.5361580109464317
few_moving,0.1,130,7560,348.92307692307696,0.28249612075553526,0.2555321749659315,1739,80.26153846153846,0.5441366350860248,0.4404661644411744
few_moving,0.1,131,7620,349.0076335877863,0.3277142414362798,0.3020645259671487,1744,79.87786259541986,0.5136002809240169,0.3895531234678156
few_moving,0.1,132,7678,348.99999999999994,0.42784096552536616,0.36237614395407436,1749,79.5,0.6252536095545348,0.5227500003046919
few_moving,0.1,133,7737,349.0375939849624,0.40813222522870035,0.35732786509406844,1760,79.3984962406015,0.49120095976506306,0.4071636852681415
few_moving,0.1,134,7792,348.8955223880597,0.23149678181471792,0.19634632606859242,1779,79.65671641791045,0.33881042682292595,0.2771437023756943
few_moving,0.1,135,7851,348.93333333333334,0.22054336010480943,0.18515981169181853,1804,80.17777777777778,0.19830008920499057,0.17056010786348613
few_moving,0.1,136,7909,348.9264705882353,0.34197154556774617,0.2893468086958241,1824,80.47058823529412,0.2589658167556819,0.23435168590842834
few_moving,0.1,137,7968,348.963503649635,0.30404900786362193,0.2863323236286506,1841,80.62773722627738,0.4058007395165502,0.3325749354545642
few_moving,0.1,138,8027,349.00000000000006,0.47008926960382263,0.37506799182997225,1861,80.91304347826087,0.40058801887336504,0.27582605855342884
few_moving,0.1,139,8086,349.03597122302153,0.24448993654417026,0.2141855444144253,1879,81.10791366906474,0.4416437362992337,0.3677878134628304
few_moving,0.1,140,8144,349.0285714285714,0.3357841626087461,0.28340358655684594,1886,80.82857142857142,0.4473793232747882,0.370537550040523
few_moving,0.1,141,8202,349.02127659574467,0.2496854639852394,0.21303236114984667,1890,80.42553191489361,0.4493891944695457,0.3742019892374588
few_moving,0.1,142,8262,349.0985915492958,0.17750298420552255,0.16040091314833613,1890,79.85915492957746,0.464669415814602,0.39397028747015367
few_moving,0.1,143,8318,349.006993006993,0.2531955184219364,0.23676752615744484,1895,79.5104895104895,0.5768856114707248,0.45957872221466234
few_moving,0.1,144,8374,348.9166666666667,0.36695462364758286,0.300917007761793,1900,79.16666666666667,0.6311770491867785,0.4883331937075224
few_moving,0.1,145,8429,348.78620689655173,0.2192078728711873,0.19012366087849766,1905,78.82758620689656,0.5310623680957514,0.4486683731394157
few_moving,0.1,146,8485,348.6986301369863,0.2264514666523774,0.18973610888973075,1909,78.45205479452056,0.4809086605231231,0.41497797917934787
few_moving,0.1,147,8541,348.61224489795916,0.23203601362042195,0.19304553939382502,1914,78.12244897959184,0.4612177639031351,0.390531030241805
few_moving,0.1,148,8600,348.64864864864865,0.36228210002537753,0.2902218044712727,1919,77.79729729729729,0.478909527709978,0.407386706010959
few_moving,0.1,149,8657,348.6040268456376,0.21374870825344083,0.1790410678369668,1923,77.43624161073826,0.5191875907593572,0.42084670641392685
few_moving,0.1,150,8715,348.6,0.3884854137106289,0.3394014102104022,1927,77.08,0.5310015820077029,0.42352584730286635
few_moving,0.1,151,8771,348.51655629139077,0.24364948499344766,0.22405354537985206,1930,76.68874172185431,0.5191629462469087,0.40725829947702846
few_moving,0.1,152,8828,348.4736842105263,0.20398889427535605,0.1907018052480962,1930,76.1842105263158,0.27893325743743874,0.26568949723875324
few_moving,0.1,153,8888,348.54901960784315,0.2072123460286567,0.19035261513846594,1932,75.76470588235294,0.2537572232228454,0.24162246852052421
few_moving,0.1,154,8947,348.5844155844156,0.5026946063865206,0.4123562837596081,1936,75.42857142857142,0.186548395078449,0.17207295651273152
few_moving,0.1,155,9005,348.5806451612903,0.3729451240336934,0.32876099349025617,1939,75.05806451612904,0.20538909532182867,0.1912785105052331
few_moving,0.1,156,9062,348.53846153846155,0.30824113238549666,0.25082764248323147,1947,74.88461538461537,0.20347096776461798,0.18910021378359584
few_moving,0.1,157,9119,348.4968152866242,0.1835269733189306,0.1650133523651558,1954,74.67515923566879,0.2751610469525921,0.2630227831696666
few_moving,0.1,158,9179,348.56962025316454,0.3523185626818289,0.2764972248923695,1962,74.50632911392405,0.2766789942737966,0.25038463195838523
few_moving,0.1,159,9238,348.60377358490564,0.3895026458455596,0.37010421735496085,1970,74.33962264150944,0.36215967154727546,0.3335785189031264
few_moving,0.1,160,9296,348.6,0.14402480069534418,0.12520788282783366,1978,74.17500000000001,0.31482813883620925,0.2897638450218413
few_moving,0.1,161,9356,348.67080745341616,0.1391666103257662,0.12085677686797854,1985,73.97515527950311,0.31075601649586926,0.2860450610823678
few_moving,0.1,162,9413,348.62962962962956,0.18735895239248904,0.17037241866649244,1992,73.77777777777777,0.3311097508759153,0.3060854861343877
few_moving,0.1,163,9470,348.58895705521473,0.2701044644121975,0.2592076632849905,2003,73.73006134969326,0.2743502658333649,0.2525198222479426
few_moving,0.1,164,9530,348.6585365853658,0.25069957354311984,0.22287301233292856,2012,73.60975609756098,0.28783828438975784,0.25474643003450237
few_moving,0.1,165,9585,348.54545454545456,0.3693353087077318,0.3007570851894451,2023,73.56363636363636,0.28218474237339064,0.24439168782171056
few_moving,0.1,166,9642,348.50602409638554,0.2891092221723693,0.25208120856787086,2033,73.48192771084338,0.31658483910063495,0.27702140036095135
few_moving,0.1,167,9701,348.5389221556886,0.20996321169482143,0.19144366661909357,2038,73.22155688622755,0.30027759518126,0.26293545392730405
few_moving,0.1,168,9756,348.42857142857144,0.25662906758157156,0.23932596591881866,2045,73.03571428571429,0.28000883491741746,0.24310473026100504
few_moving,0.1,169,9817,348.5325443786982,0.2321431072921265,0.2026975090672139,2056,72.99408284023667,0.22712729079475868,0.2047720884062855
few_moving,0.1,170,9874,348.4941176470588,0.19703260599744488,0.1747247988130061,2058,72.63529411764706,0.30712498700787627,0.2699428043262925
few_moving,0.1,171,9932,348.49122807017545,0.2882134173933338,0.28102678897544364,2064,72.42105263157895,0.3137549273144945,0.27023442682040166
few_moving,0.1,172,9989,348.45348837209303,0.22101267574381953,0.19180915551456926,2074,72.34883720930233,0.2753484588716796,0.25250239817523734
few_moving,0.1,173,10046,348.4161849710983,0.19318939470166185,0.16804429446395325,2086,72.34682080924856,0.20458498716677723,0.16739318905954254
few_moving,0.1,174,10103,348.37931034482756,0.3506125789451322,0.2630117500028189,2098,72.3448275862069,0.18347153504263708,0.14946881853294766
few_moving,0.1,175,10158,348.2742857142857,0.24354078025880613,0.19198852704422134,2109,72.30857142857144,0.22806319911935022,0.18957915760146954
few_moving,0.1,176,10216,348.2727272727273,0.21915086013077043,0.1983264993342932,2121,72.30681818181819,0.2878695346290778,0.24683936804194703
few_moving,0.1,177,10274,348.271186440678,0.23884043815745387,0.22253915377902747,2134,72.33898305084746,0.2882556295266645,0.2507876985996183
few_moving,0.1,178,10333,348.30337078651684,0.2678156440345948,0.23735491545777165,2143,72.23595505617978,0.2814875185249832,0.2546300953043378
few_moving,0.1,179,10390,348.268156424581,0.2556369028070919,0.23225966994992184,2145,71.89944134078212,0.24787498741285305,0.21538928502996443
few_moving,0.1,180,10445,348.1666666666667,0.31664400332782106,0.2747172436646398,2149,71.63333333333334,0.25020245690214804,0.22124611858307336
few_moving,0.1,181,10504,348.19889502762436,0.2800955810995114,0.25736753219415015,2152,71.33701657458563,0.2582410777696075,0.22810944965409838
few_moving,0.1,182,10562,348.1978021978022,0.3005861757917034,0.2665678585342074,2152,70.94505494505495,0.20560353316751012,0.18932579267503238
few_moving,0.1,183,10619,348.16393442622956,0.24188279167513727,0.21023184516166887,2152,70.55737704918033,0.20421279253503433,0.18776351993685708
few_moving,0.1,184,10677,348.1630434782609,0.29221648257511723,0.2293771001464881,2159,70.40217391304347,0.19803764802937843,0.17878026032964237
few_moving,0.1,185,10736,348.19459459459455,0.3472177943614337,0.3065603394952867,2159,70.02162162162162,0.1979307134505369,0.1781415139517405
few_moving,0.1,186,10795,348.22580645161287,0.3848276573566249,0.3070298757437928,2159,69.64516129032258,0.19795523935696438,0.17811056899574434
few_moving,0.1,187,10854,348.25668449197866,0.23656771008288138,0.19697344322496319,2159,69.27272727272728,0.19796198069830695,0.17810833248460176
few_moving,0.1,188,10912,348.25531914893617,0.27303038278890124,0.23962160930902282,2159,68.90425531914894,0.19796340239917218,0.17810804163484736
few_moving,0.1,189,10969,348.2222222222223,0.2406823763796847,0.21854102517309476,2159,68.53968253968254,0.1979636896765216,0.17810798970631297
few_moving,0.1,190,11026,348.1894736842105,0.2878002483222387,0.21686750916837955,2163,68.30526315789474,0.1997528325890503,0.1778443367064219
few_moving,0.1,191,11084,348.1884816753927,0.3123115317712786,0.2936558621580736,2170,68.16753926701571,0.173670339525103,0.1684118937115949
few_moving,0.1,192,11144,348.25,0.3237304030498853,0.28573011654360025,2180,68.125,0.18709436095487988,0.16948997024970305
few_moving,0.1,193,11201,348.21761658031085,0.2375279952211401,0.21463656508911272,2190,68.08290155440415,0.13938911934254722,0.13199621189840388
few_moving,0.1,194,11262,348.30927835051546,0.11974167962320303,0.11619619812801565,2199,68.01030927835052,0.2128231108303653,0.17416164871308853
few_moving,0.1,195,11321,348.3384615384615,0.16872064823581692,0.1561141362931287,2211,68.03076923076922,0.21070842932507491,0.1791948383496395
few_moving,0.1,196,11381,348.39795918367344,0.32336168757486017,0.2864424587340733,2222,68.0204081632653,0.1516714353110112,0.14268758397889536
few_moving,0.1,197,11440,348.4263959390863,0.20380854949711794,0.16163192004271854,2230,67.91878172588832,0.16152278286104121,0.1422321561136732
few_moving,0.1,198,11497,348.39393939393943,0.21397284726129764,0.1872064602302764,2233,67.66666666666667,0.16571464189956892,0.14147885435971042
few_moving,0.1,199,11557,348.45226130653265,0.22523217822622016,0.20767463503415445,2243,67.62814070351759,0.1778653384745235,0.15755183404924358
few_moving,0.1,200,11615,348.45,0.16880386295871402,0.1617586709122399,2247,67.41,0.16628117956257446,0.15634497060675437
few_moving,0.1,201,11673,348.44776119402985,0.2714440035747754,0.2117150513978578,2251,67.19402985074626,0.22857032745691497,0.20654426365198658
few_moving,0.1,202,11731,348.4455445544554,0.2440758353699261,0.2052420978568045,2261,67.15841584158416,0.1742288389500421,0.16513456148380615
few_moving,0.1,203,11786,348.3546798029556,0.2077342912796741,0.17693320607196017,2271,67.1231527093596,0.21366800384691628,0.1904959469229808
few_moving,0.1,204,11842,348.29411764705884,0.25154362810817976,0.2182344728563891,2282,67.11764705882352,0.22205661677771207,0.19707219627816605
few_moving,0.1,205,11903,348.38048780487804,0.24846122702543721,0.20697137899951196,2292,67.08292682926829,0.24212560094329433,0.211058356671112
few_moving,0.1,206,11962,348.4077669902913,0.3409404600429063,0.31140235072188915,2300,66.99029126213593,0.20434985829677232,0.183001983341916
few_moving,0.1,207,12022,348.463768115942,0.21430127253011896,0.18960748414062953,2309,66.92753623188406,0.22756138849050328,0.20024186296649468
few_moving,0.1,208,12081,348.4903846153846,0.17720825067482412,0.1607841251820475,2315,66.77884615384615,0.22122622115505033,0.1958385168432309
few_moving,0.1,209,12141,348.5454545454545,0.2714159751644022,0.251046903076128,2317,66.51674641148325,0.19626989065672593,0.17614444374001123
few_moving,0.1,210,12198,348.5142857142857,0.34314406560265326,0.2923052309753602,2321,66.31428571428572,0.22167627939320717,0.1994183450446562
few_moving,0.1,211,12256,348.5118483412322,0.2805136545893126,0.2319008438883429,2324,66.08530805687204,0.1979506505433103,0.18693035532789343
few_moving,0.1,212,12315,348.5377358490566,0.20627591989781663,0.193678487614271,2326,65.83018867924528,0.3326215843384191,0.2910962717815474
few_moving,0.1,213,12373,348.53521126760563,0.18291147978335986,0.15645951076560843,2326,65.52112676056338,0.3987459441404603,0.3542197404721328
few_moving,0.1,214,12432,348.5607476635514,0.14140533581575518,0.12252331867839986,2330,65.32710280373831,0.4034486221762958,0.3529949730644761
few_moving,0.1,215,12489,348.5302325581396,0.5254171605110808,0.4108040761838406,2330,65.02325581395348,0.4073094319358645,0.35869758476905444
few_moving,0.1,216,12546,348.49999999999994,0.39162313722374453,0.3576101294871219,2330,64.72222222222221,0.4081936273153248,0.36001083913920934
few_moving,0.1,217,12601,348.4147465437788,0.26671281409462255,0.1959293910302931,2330,64.42396313364056,0.40837489061907734,0.36027883496611335
few_moving,0.1,218,12660,348.4403669724771,0.21212249645766906,0.19905312582419485,2330,64.12844036697248,0.4084113197667204,0.360332637164233
few_moving,0.1,219,12717,348.41095890410963,0.18968189436670377,0.16959488744839993,2330,63.83561643835617,0.40841861265182877,0.36034340564220513
few_moving,0.1,220,12777,348.4636363636364,0.2694413590214449,0.2530776934251026,2332,63.6,0.40842007151104154,0.3603455596586743
few_moving,0.1,221,12834,348.43438914027155,0.20915699167696677,0.19041445288993336,2332,63.31221719457014,0.3529187382964607,0.32018049608302374
few_moving,0.1,222,12892,348.43243243243245,0.4329371230124766,0.3347252621435895,2334,63.08108108108108,0.34518701428173415,0.3126599522147829
few_moving,0.1,223,12951,348.457399103139,0.3084538352344644,0.2899411325742358,2337,62.878923766816136,0.33724518719501534,0.3050224372415467
few_moving,0.1,224,13009,348.45535714285717,0.40872313556818657,0.33817347688421684,2339,62.651785714285715,0.4566545036290793,0.3756469037197004
few_moving,0.1,225,13068,348.47999999999996,0.23676667803818383,0.1849746321623006,2343,62.480000000000004,0.4705701443160482,0.3875577926214286
few_moving,0.1,226,13122,348.37168141592923,0.2524027062738638,0.21259503546318145,2346,62.283185840707965,0.4776005004770035,0.37874104106001166
few_moving,0.1,227,13179,348.3436123348018,0.22114698818790346,0.1965477860499061,2348,62.06167400881058,0.41055071864895254,0.3293983199710154
few_moving,0.1,228,13237,348.3421052631579,0.2531350863619969,0.2005023792299619,2348,61.789473684210535,0.43030321885859024,0.37417051650103117
few_moving,0.1,229,13296,348.3668122270742,0.29383228697394165,0.25767054581002585,2353,61.65065502183406,0.42561256239558437,0.3739178887976896
few_moving,0.1,230,13349,348.23478260869564,0.3527237844559447,0.26082138552421785,2353,61.38260869565217,0.4276546148679784,0.3771956448528756
few_moving,0.1,231,13407,348.23376623376623,0.3392925798149097,0.2894792348746221,2353,61.116883116883116,0.4281807460987309,0.37804878576596074
few_moving,0.1,232,13466,348.2586206896552,0.3681806066145009,0.3188366910011481,2359,61.008620689655174,0.41928282563903646,0.3629620217389623
few_moving,0.1,233,13524,348.2575107296138,0.24180346517593848,0.2150532551150007,2365,60.90128755364807,0.4301613979147411,0.36825711529475064
few_moving,0.1,234,13582,348.2564102564103,0.34492871554937143,0.3130942670334709,2371,60.794871794871796,0.4544814979869727,0.41286056899280155
few_moving,0.1,235,13640,348.25531914893617,0.4216766852154682,0.37166759465638644,2381,60.791489361702126,0.47673305561892265,0.44342424770908473
few_moving,0.1,236,13697,348.2288135593221,0.26395923568864155,0.23907965250191693,2394,60.864406779661024,0.4282243974038911,0.3728101638677448
few_moving,0.1,237,13754,348.20253164556965,0.18050040961070776,0.1655840769718291,2406,60.91139240506329,0.41786454850447474,0.3557859899089467
few_moving,0.1,238,13813,348.2268907563025,0.2098140002034179,0.1863413246921278,2420,61.008403361344534,0.40898202465066846,0.3538884672838561
few_moving,0.1,239,13871,348.22594142259413,0.2780880751500382,0.2524114496767504,2429,60.979079497907954,0.34304444579511906,0.32004079729363416
few_moving,0.1,240,13927,348.175,0.234681797245528,0.21055197318713822,2440,61,0.3586261269805867,0.3454342973615586
few_moving,0.1,241,13985,348.17427385892114,0.5261480060878703,0.40381833916754184,2468,61.44398340248963,0.6094936896861046,0.49355394701051997
few_moving,0.1,242,14041,348.12396694214874,0.5001718922109469,0.3795144971239601,2493,61.80991735537191,0.7974692880741155,0.6862474502580801
few_moving,0.1,243,14098,348.0987654320988,0.6253842395522456,0.48841098392862675,2513,62.04938271604939,0.8278472369962829,0.7350709211079811
few_moving,0.1,244,14152,348.00000000000006,0.6926086308150992,0.5194795046994032,2530,62.21311475409836,0.9130483941651357,0.7800277536914648
few_moving,0.1,245,14206,347.9020408163265,0.8409495556538681,0.6227060580088584,2546,62.351020408163265,1.0695443800482078,0.9132130344430713
few_moving,0.1,246,14259,347.7804878048781,0.9196460971521638,0.6350233024705301,2567,62.609756097560975,1.1236639691943389,0.9160738443012318
few_moving,0.1,247,14315,347.73279352226723,0.6430005063150921,0.5213032658685872,2587,62.8421052631579,1.0815621781118638,0.8685603298296657
few_moving,0.1,248,14369,347.63709677419354,0.6934473511289144,0.5997028166663422,2603,62.9758064516129,1.0246589216560575,0.8608511355880356
few_moving,0.1,249,14422,347.51807228915663,0.5683509472242462,0.4961602313538197,2618,63.084337349397586,0.8114404567837322,0.6646464274305851
few_moving,0.1,250,14477,347.448,0.43439430559549735,0.40635853888289575,2633,63.192,0.7310945141782571,0.5826960542271967
few_moving,0.1,251,14534,347.42629482071715,0.4596362219210346,0.4280300842813626,2651,63.37051792828685,0.4388336265855596,0.3500398275627636
few_moving,0.1,252,14589,347.3571428571429,0.44968576929486387,0.3962793565221868,2670,63.57142857142857,0.5157702299914465,0.44009267447932976
few_moving,0.1,253,14645,347.3122529644269,0.4616695545128086,0.42456288874173265,2687,63.723320158102766,0.4508057532714772,0.376367227414186
few_moving,0.1,254,14704,347.3385826771654,0.5893992759408772,0.48208000887633495,2702,63.826771653543304,0.40008430434914793,0.3262114058497849
few_moving,0.1,255,14761,347.3176470588235,0.7001039158399197,0.5915072526675754,2719,63.97647058823529,0.44264972308857753,0.37383246546740245
few_moving,0.1,256,14817,347.2734375,0.6198020570854229,0.45175528322397945,2733,64.0546875,0.5754318222345008,0.4779894341590226
few_moving,0.1,257,14872,347.20622568093387,0.5889973874368545,0.5125961201634691,2746,64.10894941634243,0.6039947189047437,0.4948666554275122
few_moving,0.1,258,14930,347.2093023255814,0.6173800628207086,0.5030165532819012,2759,64.16279069767441,0.5928336783309189,0.45992192369589074
few_moving,0.1,259,14987,347.1891891891892,0.791269835496354,0.6560425054363117,2772,64.21621621621621,0.655820104560118,0.5033217706532824
few_moving,0.1,260,15041,347.1,0.7548259891781889,0.5913485080959494,2786,64.2923076923077,0.8350594843497737,0.6458735955194282
few_moving,0.1,261,15094,346.9885057471265,0.8796444757904447,0.6263910831739253,2802,64.41379310344828,0.9027485804413631,0.6404521676147368
few_moving,0.1,262,15149,346.92366412213744,0.6049298379293666,0.46817236940838897,2818,64.53435114503817,0.8766201614357432,0.601305232261377
few_moving,0.1,263,15203,346.83650190114065,0.6938482284109314,0.5482438802537846,2835,64.67680608365018,0.8635132259861176,0.6438411084299765
few_moving,0.1,264,15260,346.8181818181818,0.674357892137255,0.5577496132707389,2850,64.77272727272727,0.8090941795984616,0.6259880784598524
few_moving,0.1,265,15311,346.6641509433962,0.6177578914882722,0.49691336065619585,2865,64.86792452830188,0.7268463748885094,0.6039677662400773
few_moving,0.1,266,15366,346.60150375939844,0.47142237195364106,0.40694530916879296,2882,65.00751879699247,0.5440004187096367,0.4416878814865542
few_moving,0.1,267,15424,346.60674157303373,0.3637091029147134,0.338847737682052,2896,65.07865168539325,0.40734426788510836,0.36855521682002446
few_moving,0.1,268,15481,346.58955223880594,0.47451465292796635,0.4037597015501566,2912,65.19402985074626,0.37955725764889786,0.33760432916352157
few_moving,0.1,269,15542,346.6617100371747,0.4846323081464151,0.4422867662681392,2927,65.28624535315984,0.4481890953992247,0.3869124202430978
few_moving,0.1,270,15598,346.6222222222222,0.6511319216401991,0.547953750338354,2944,65.42222222222222,0.49682649618973135,0.43493352039870786
few_moving,0.1,271,15654,346.58302583025835,0.7502237434552375,0.6531142183334767,2959,65.51291512915128,0.6697344642649828,0.5213592042441705
few_moving,0.1,272,15711,346.56617647058823,0.4382739342433556,0.3512812963974073,2975,65.625,0.6605380396131194,0.5113138286522265
few_moving,0.1,273,15769,346.5714285714286,0.5558308485963015,0.45984396738554223,2989,65.6923076923077,0.623558246416374,0.4854805640856311
few_moving,0.1,274,15828,346.5985401459854,0.6073837352356161,0.5445418563837069,3004,65.78102189781022,0.5877086210379445,0.4836952594815186
few_moving,0.1,275,15880,346.4727272727273,0.764182728894739,0.6915237570336608,3021,65.91272727272728,0.7193426505605734,0.5800955575456554
few_moving,0.1,276,15935,346.4130434782609,0.8622030007674292,0.6939952631997393,3038,66.04347826086958,0.8906497578611253,0.6551325797266512
few_moving,0.1,277,15988,346.31046931407946,0.8581927477533254,0.6062917302488131,3055,66.17328519855596,1.0353406785270733,0.7022835169046895
few_moving,0.1,278,16043,346.251798561151,0.7723714230010691,0.5238223797915216,3073,66.32374100719424,1.1717991008342414,0.8836938589942808
few_moving,0.1,279,16097,346.17204301075265,0.7811586854197373,0.6620904908357257,3089,66.43010752688171,1.1542296630239712,0.9240414753757242
few_moving,0.1,280,16151,346.0928571428571,0.6422372864818393,0.5629010026394321,3106,66.55714285714286,1.025203938684863,0.8498307836648815
few_moving,0.1,281,16203,345.9715302491103,0.39339932330103045,0.34606283747181316,3120,66.61921708185054,0.9925146801591312,0.8595227998680157
few_moving,0.1,282,16259,345.93617021276594,0.42797088283125484,0.3755028428064825,3134,66.68085106382978,0.8993672505262423,0.7659120043574503
few_moving,0.1,283,16314,345.8798586572438,0.4010131533670959,0.3390405675247487,3150,66.78445229681978,0.4409464494385169,0.39874270946415846
few_moving,0.1,284,16372,345.88732394366195,0.5892889015102615,0.5195703748596285,3166,66.88732394366198,0.44994060712102696,0.3928471331281762
few_moving,0.1,285,16431,345.9157894736842,0.5900657660458399,0.5297186426876968,3179,66.92631578947368,0.5227661951616365,0.46661828053373594
few_moving,0.1,286,16486,345.86013986013984,0.5717444716747071,0.5073098576860453,3195,67.02797202797203,0.5073029149029227,0.44693020829441066
few_moving,0.1,287,16543,345.8466898954704,0.5302555144099097,0.47433152297670755,3210,67.10801393728224,0.582628989446107,0.4933811812491683
few_moving,0.1,288,16601,345.8541666666667,0.5317622938100186,0.471300112330746,3223,67.14583333333334,0.5633809684213112,0.4454389286576406
few_moving,0.1,289,16660,345.88235294117646,0.6008176633898511,0.47265458487006395,3241,67.28719723183391,0.6388489649545084,0.5112875081089195
few_moving,0.1,290,16716,345.848275862069,0.8110590333718295,0.7473328398206287,3262,67.48965517241379,0.6328800283961278,0.5074667149812895
few_moving,0.1,291,16769,345.75257731958766,0.7957232441572711,0.6415577793962493,3283,67.69072164948454,0.8333296773670344,0.6556131557949095
few_moving,0.1,292,16824,345.69863013698637,0.8399706560080158,0.6275323326873564,3299,67.78767123287672,0.9155821589381732,0.7082962625922528
few_moving,0.1,293,16879,345.64505119453923,0.9537237038726558,0.7629370738195317,3318,67.94539249146757,0.9541362772372775,0.680978937475633
few_moving,0.1,294,16935,345.61224489795916,0.7855153573013584,0.6360223422224133,3338,68.12244897959184,1.1134131406610823,0.8336845362520752
few_moving,0.1,295,16992,345.59999999999997,0.7798844066103219,0.625676227834732,3357,68.27796610169491,1.0896078667355256,0.8400424413372798
few_moving,0.1,296,17047,345.5472972972973,0.7843710180028192,0.6658048285566782,3372,68.35135135135134,1.008002842405026,0.7802111863083487
few_moving,0.1,297,17102,345.4949494949495,0.3749167612908156,0.31397454639329775,3388,68.44444444444444,0.9065378874364836,0.7279919503736199
few_moving,0.1,298,17156,345.42281879194627,0.3195004325890612,0.2739732261681106,3409,68.63758389261744,0.7556062492937249,0.6112643182856043
few_moving,0.1,299,17211,345.37123745819395,0.38149582072075294,0.3327234511026647,3432,68.8695652173913,0.4762775589351083,0.4281133208531675
few_moving,0.1,300,17267,345.34000000000003,0.5422642101168564,0.44097528102442285,3452,69.03999999999999,0.41614856922067306,0.3814910875067907
few_moving,0.1,301,17323,345.30897009966776,0.3254255677138245,0.26138142264357733,3464,69.04983388704319,0.3202503257961589,0.28403888966614477
few_moving,0.1,302,17379,345.2781456953643,0.4363797609162203,0.3792393641905978,3472,68.98013245033113,0.32051221937625196,0.2966148042940778
few_moving,0.1,303,17434,345.2277227722773,0.37268633532557177,0.3387828326096268,3480,68.91089108910892,0.32620924490904896,0.3004943601077834
few_moving,0.1,304,17493,345.25657894736844,0.3529004832021693,0.33361902442031843,3485,68.78289473684211,0.3485343371922133,0.31793698475199317
few_moving,0.1,305,17550,345.2459016393443,0.258379245130187,0.2423939220557802,3485,68.55737704918033,0.36315657758949155,0.33254514445846783
few_moving,0.1,306,17606,345.21568627450984,0.3428202118330121,0.27856103123510206,3487,68.37254901960785,0.3844992200071673,0.360856045477961
few_moving,0.1,307,17662,345.185667752443,0.30130174898267853,0.25892684096971946,3487,68.14983713355049,0.39009396635417276,0.3671315593338866
few_moving,0.1,308,17721,345.21428571428567,0.3732952769499406,0.3359727253262898,3487,67.92857142857142,0.391261706953365,0.36840180576340437
few_moving,0.1,309,17779,345.22330097087377,0.22281350748065878,0.19869665011214432,3487,67.70873786407766,0.3914971712351452,0.3686564272132745
few_moving,0.1,310,17838,345.2516129032258,0.5025253898955652,0.39646024723866097,3492,67.58709677419354,0.37529878274716855,0.3496766961106138
few_moving,0.1,311,17894,345.2218649517685,0.2656649512482937,0.21061927156336607,3494,67.40836012861736,0.3012947973123537,0.27544368930124474
few_moving,0.1,312,17951,345.21153846153845,0.24751557408748273,0.23261521415239067,3496,67.23076923076923,0.2712136729167378,0.2442332633520396
few_moving,0.1,313,18008,345.20127795527156,0.3485798847154776,0.256597634773431,3498,67.05431309904154,0.2679130768202738,0.23318620304039722
few_moving,0.1,314,18067,345.22929936305735,0.22826034703078701,0.2008775833306807,3500,66.87898089171975,0.2384334042708201,0.21688001700172693
few_moving,0.1,315,18125,345.23809523809524,0.382169242634169,0.3470845706441764,3502,66.70476190476191,0.23012706883623676,0.2043322371443316
few_moving,0.1,316,18182,345.22784810126586,0.46362749744571147,0.3921199841016043,3509,66.62658227848101,0.22984868398095354,0.21057607495797298
few_moving,0.1,317,18241,345.25552050473186,0.229122884209321,0.2018237995499012,3516,66.54889589905363,0.2588533052072254,0.233741940718223
few_moving,0.1,318,18298,345.24528301886795,0.2684607671246348,0.25113760786981015,3525,66.50943396226415,0.278328692939712,0.26279876586427686
few_moving,0.1,319,18358,345.29153605015676,0.3165471916261858,0.2635766532501834,3541,66.60188087774296,0.3421564710301106,0.28827827644910764
few_moving,0.1,320,18418,345.33750000000003,0.48574334367489314,0.423311633810147,3566,66.86250000000001,0.2557913135349893,0.24842918370596861
few_moving,0.1,321,18478,345.3831775700935,0.31303405308050186,0.2461442426923801,3589,67.08411214953271,0.16776834251153336,0.15929220180575415
few_moving,0.1,322,18537,345.4099378881988,0.2810117890689972,0.2436071982488936,3608,67.22981366459628,0.23283808642598483,0.18731937991808767
few_moving,0.1,323,18596,345.4365325077399,0.238006459458363,0.20735237717646066,3627,67.37461300309597,0.19866392752696055,0.1818910674062773
few_moving,0.1,324,18653,345.42592592592587,0.35267431157888673,0.27390436908522264,3643,67.46296296296296,0.1976864460659946,0.17623256290231232
few_moving,0.1,325,18712,345.45230769230767,0.23122913389901054,0.2159697128974889,3665,67.66153846153846,0.2294574859839434,0.20469314689875281
few_moving,0.1,326,18767,345.4049079754601,0.22691252145848084,0.20874083908237145,3671,67.56441717791411,0.24767039766686186,0.22647834639569803
few_moving,0.1,327,18826,345.43119266055044,0.2798699964415197,0.25445503937875347,3673,67.39449541284404,0.279972038159805,0.25200405776222695
few_moving,0.1,328,18883,345.42073170731703,0.20819356812558648,0.1866663140320866,3675,67.22560975609755,0.37228894473356167,0.33507146161869517
few_moving,0.1,329,18942,345.4468085106383,0.27167104646456686,0.23743517827554345,3675,67.02127659574468,0.4220082497846313,0.3728871169676237
few_moving,0.1,330,19000,345.45454545454544,0.3698330171313256,0.2998873904138429,3676,66.83636363636364,0.4331849213229849,0.37972053148104473
few_moving,0.1,331,19057,345.4441087613293,0.36382531094789383,0.32432014874521575,3678,66.67069486404834,0.43640432732393863,0.3826299409021115
few_moving,0.1,332,19115,345.4518072289157,0.309819911454033,0.2816917819602032,3678,66.46987951807229,0.43708599269727166,0.3832709536217397
few_moving,0.1,333,19173,345.4594594594595,0.32634093339299003,0.28826303986858715,3680,66.30630630630631,0.437223822846234,0.383401429516954
few_moving,0.1,334,19230,345.4491017964072,0.3731252477991843,0.3130010069961161,3680,66.10778443113773,0.40524834171401714,0.343558432726605
few_moving,0.1,335,19288,345.45671641791046,0.28543052262932206,0.2593998861486617,3680,65.91044776119404,0.40288669541049626,0.3412358280323938
few_moving,0.1,336,19345,345.4464285714286,0.2815599471852267,0.26106455311025734,3682,65.75,0.4005561882668355,0.33940855085926513
few_moving,0.1,337,19404,345.47181008902083,0.4487390436609354,0.3546684416656357,3682,65.55489614243324,0.3913073303563889,0.31884471803034176
few_moving,0.1,338,19463,345.4970414201183,0.2909762079868012,0.2557555545504617,3682,65.36094674556212,0.3947954952860611,0.32643637711738094
few_moving,0.1,339,19524,345.5575221238938,0.35214931300587926,0.30582297034792594,3682,65.16814159292035,0.3957027771998525,0.32823313330074744
few_moving,0.1,340,19583,345.58235294117645,0.43378552430592976,0.2967415046339316,3698,65.25882352941176,0.39873662323734754,0.2926086645937208
few_moving,0.1,341,19644,345.6422287390029,0.287879118192199,0.2401582724313224,3706,65.20821114369501,0.4373488394771807,0.3349951317186395
few_moving,0.1,342,19702,345.64912280701753,0.4977864613979996,0.4137827882888122,3717,65.21052631578947,0.4582276664544671,0.3733626373716138
few_moving,0.1,343,19760,345.65597667638485,0.19382213372973994,0.17630822336027924,3730,65.24781341107871,0.3364562055452497,0.2567612457195517
few_moving,0.1,344,19817,345.6453488372093,0.40927574245641796,0.3431940548585625,3744,65.30232558139535,0.3341702939748075,0.27759110514746943
few_moving,0.1,345,19873,345.6173913043478,0.37933541580628827,0.35871153350301155,3759,65.37391304347825,0.4298414328423074,0.4042546561766943
few_moving,0.1,346,19934,345.6763005780347,0.37676083851481035,0.32008796338873113,3774,65.44508670520231,0.3587344636611096,0.3223780059171249
few_moving,0.1,347,19991,345.6657060518732,0.3090975152594693,0.2715744951553546,3782,65.39481268011528,0.3501580717883997,0.31007397479407395
few_moving,0.1,348,20050,345.6896551724138,0.2907559242990601,0.2613344658491315,3790,65.3448275862069,0.36118463796788014,0.3170194965231069
few_moving,0.1,349,20109,345.71346704871064,0.26167360607215334,0.23209642547437853,3793,65.20916905444126,0.34224782866351416,0.29429574660439134
few_moving,0.1,350,20168,345.7371428571429,0.22325385573167167,0.19517663733101281,3793,65.02285714285715,0.3407753481676806,0.29251310537024766
few_moving,0.1,351,20225,345.7264957264957,0.1936387275979429,0.1756631178185455,3795,64.87179487179488,0.3340409546177558,0.27847534894765025
few_moving,0.1,352,20283,345.73295454545456,0.2746288723184617,0.2538193827755359,3795,64.6875,0.32615053484248213,0.26475759441354485
few_moving,0.1,353,20342,345.75637393767704,0.29747488689952745,0.26785441003923893,3795,64.5042492917847,0.3316985633927701,0.2788355827890652
few_moving,0.1,354,20400,345.76271186440675,0.2444856312461102,0.2219189560166878,3795,64.32203389830508,0.3330783294461996,0.28181500544973803
few_moving,0.1,355,20457,345.75211267605636,0.22086629679879624,0.1966488850356228,3805,64.30985915492957,0.2641822546493089,0.24057808585493384
few_moving,0.1,356,20513,345.72471910112364,0.2225827871926946,0.20429006948419212,3807,64.1629213483146,0.28502978133696044,0.25008824480078184
few_moving,0.1,357,20572,345.7478991596638,0.26483955791351077,0.23502033703203287,3809,64.01680672268907,0.29545186192880474,0.2621379083861951
few_moving,0.1,358,20631,345.7709497206704,0.2565005906312106,0.2235952788563546,3809,63.83798882681564,0.29528988915472665,0.25799026141989545
few_moving,0.1,359,20687,345.7437325905292,0.22228522444634863,0.2007333441729636,3809,63.66016713091921,0.3055793338085144,0.26249825399756127
few_moving,0.1,360,20742,345.7,0.2822621719089775,0.2275500940223254,3810,63.5,0.31084689340340893,0.26935039319964343
few_moving,0.1,361,20802,345.73961218836564,0.409251522227563,0.3563905766459218,3814,63.39058171745152,0.31000979359561226,0.26878948923925716
few_moving,0.1,362,20861,345.76243093922653,0.33020278188858726,0.2958729065978322,3814,63.215469613259664,0.3116725550464065,0.27094339894683694
few_moving,0.1,363,20921,345.801652892562,0.21031522526160035,0.19140927067116423,3816,63.07438016528926,0.31207696250378714,0.271393775332805
few_moving,0.1,364,20978,345.7912087912088,0.2870397838607621,0.24788730219176536,3816,62.901098901098905,0.2939695979849384,0.23926742076049487
few_moving,0.1,365,21035,345.7808219178082,0.22503932766003357,0.1986912850505302,3816,62.728767123287675,0.2932638764207192,0.23399725416608516
few_moving,0.1,366,21095,345.81967213114757,0.29359985463649013,0.24659458685411054,3818,62.590163934426236,0.2947155326534706,0.23497139560696692
few_moving,0.1,367,21153,345.82561307901915,0.15389379526646085,0.1370437570786405,3818,62.41961852861036,0.29815378519941027,0.24283160969920492
few_moving,0.1,368,21211,345.8315217391304,0.40948192279775475,0.33236332984205286,3818,62.25,0.29893399463320547,0.24445457496039874
few_moving,0.1,369,21267,345.80487804878044,0.3489054369947473,0.27412947178825786,3818,62.08130081300813,0.2990936826287576,0.24478091527229937
few_moving,0.1,370,21325,345.8108108108108,0.26644163406133,0.22278365196670266,3834,62.172972972972964,0.16297232377633705,0.14611073231468813
few_moving,0.1,371,21382,345.8005390835579,0.2630258075906804,0.236121735063009,3842,62.13477088948787,0.21810609947935533,0.2018471762278279
few_moving,0.1,372,21438,345.77419354838713,0.30323919087345186,0.2532590184147177,3849,62.08064516129032,0.2346805860753604,0.21588666581990523
few_moving,0.1,373,21495,345.7640750670241,0.3547575686631575,0.32433764131280896,3854,61.99463806970509,0.30724918399668416,0.2655509722310682
few_moving,0.1,374,21553,345.77005347593587,0.22532690486311424,0.2027259726455834,3860,61.92513368983957,0.31195487582820863,0.26186884204577754
few_moving,0.1,375,21610,345.76,0.2321981100842185,0.21468100698168877,3866,61.856,0.30664991585101314,0.24701579418823472
few_moving,0.1,376,21669,345.78191489361706,0.26997538005656013,0.24631605213424485,3873,61.8031914893617,0.30715791618106086,0.2545664159180157
few_moving,0.1,377,21724,345.7400530503979,0.3441928640541759,0.3291757744279177,3873,61.63925729442971,0.31185237191295884,0.26735671943823414
few_moving,0.1,378,21783,345.7619047619048,0.2830384766652845,0.2209880534951655,3875,61.507936507936506,0.31391333224942103,0.27112642875738696
few_moving,0.1,379,21839,345.736147757256,0.17256523626626177,0.16769340265404953,3875,61.34564643799472,0.29836538333617835,0.23183039802540475
few_moving,0.1,380,21897,345.7421052631579,0.24056558678947748,0.2097406662720008,3875,61.184210526315795,0.30259865355819,0.24184498826324746
few_moving,0.1,381,21956,345.76377952755905,0.24980700251737423,0.2203469805544092,3881,61.11811023622048,0.30999270798105943,0.25552120680790524
few_moving,0.1,382,22014,345.7696335078534,0.22359451952819337,0.19248649524687866,3889,61.083769633507856,0.30783659391881957,0.251144469675503
few_moving,0.1,383,22070,345.74412532637075,0.23195449241588698,0.20214072779778106,3896,61.03394255874674,0.3203664960900888,0.2698445861059466
few_moving,0.1,384,22130,345.78125,0.16161776521667037,0.13854031912432824,3904,60.99999999999999,0.3114043720967373,0.25759874251430814
few_moving,0.1,385,22188,345.787012987013,0.29077352812830914,0.2639848258397518,3918,61.05974025974026,0.3319705222147694,0.30794155703193277
few_moving,0.1,386,22244,345.7616580310881,0.39201305624505023,0.34633036124957994,3928,61.056994818652846,0.33771209942088376,0.31149576419039215
few_moving,0.1,387,22303,345.7829457364341,0.24241150619821547,0.2222935706705937,3938,61.054263565891475,0.28394848866882927,0.2598776715600091
few_moving,0.1,388,22359,345.7577319587629,0.24747533165632088,0.22102090749726763,3942,60.95876288659794,0.3019703088023384,0.22149056724269114
few_moving,0.1,389,22418,345.7789203084833,0.2957656981065138,0.2454546649576559,3942,60.80205655526992,0.3378200694346485,0.24270818488241605
few_moving,0.1,390,22476,345.7846153846154,0.245277327585532,0.211105771345325,3943,60.66153846153846,0.3449146130141842,0.2477782499670008
few_moving,0.1,391,22533,345.7749360613811,0.26117326767024823,0.21819995970357361,3947,60.56777493606138,0.33849424376270515,0.23281000137888225
few_moving,0.1,392,22589,345.75,0.23333288738976968,0.21681880125792583,3947,60.41326530612245,0.3381842683836342,0.23296799170987237
few_moving,0.1,393,22646,345.74045801526717,0.20807210053629946,0.1941381543261504,3949,60.29007633587786,0.33816173703683927,0.23307673095748083
few_moving,0.1,394,22703,345.7309644670051,0.3464665299325807,0.30588983603028846,3949,60.13705583756345,0.38282921536995007,0.3202944477555677
few_moving,0.1,395,22758,345.69113924050635,0.2661508309529043,0.20971603882066053,3949,59.984810126582275,0.4000248852070748,0.3419875391960649
few_moving,0.1,396,22815,345.6818181818182,0.3505608349363347,0.3069859931514439,3951,59.86363636363637,0.4101331124429677,0.3510090433315275
few_moving,0.1,397,22874,345.70277078085644,0.2765342481766489,0.2582532523848976,3957,59.803526448362724,0.43807143363210777,0.3828284574821321
few_moving,0.1,398,22932,345.7085427135678,0.14166746197517754,0.12085040405498368,3964,59.758793969849236,0.38722716672806756,0.32486590532272724
few_moving,0.1,399,22990,345.7142857142857,0.38326229183297694,0.35354868705463666,3970,59.69924812030075,0.39294879337994415,0.3298575477951148
few_moving,0.1,400,23050,345.75,0.27871576146170146,0.25698965320608946,3983,59.745,0.38297288067760066,0.33448777292059123
few_moving,0.1,401,23105,345.71072319201994,0.21337127324734448,0.1946059910373096,3992,59.73067331670823,0.3641783808467262,0.3179122446770234
few_moving,0.1,402,23161,345.6865671641791,0.20598828425676816,0.18282349933030814,4003,59.74626865671642,0.390592059115341,0.33076488976533713
few_moving,0.1,403,23220,345.7071960297767,0.23088473067160076,0.20372389811217095,4010,59.702233250620345,0.3334932537195969,0.27567794416538816
few_moving,0.1,404,23277,345.6980198019802,0.20828971121513465,0.18968945020629804,4011,59.569306930693074,0.3388670199285078,0.2837073485878611
few_moving,0.1,405,23331,345.64444444444445,0.23916423584601867,0.20242097262463035,4012,59.43703703703704,0.3522832135766531,0.29776900401061224
few_moving,0.1,406,23390,345.6650246305419,0.2728094115596747,0.24083352230999017,4016,59.34975369458128,0.34817629282770673,0.3048151845488092
few_moving,0.1,407,23450,345.7002457002457,0.26568322979528375,0.21684381449401657,4016,59.203931203931205,0.35384586435340765,0.31311555639314265
few_moving,0.1,408,23508,345.7058823529412,0.3271248028213808,0.2999771679372457,4018,59.08823529411765,0.3552254911805765,0.3148304259788746
few_moving,0.1,409,23568,345.7408312958436,0.1523675961681629,0.14020367046834475,4021,58.9877750611247,0.3401492181943476,0.2855333277760031
few_moving,0.1,410,23625,345.7317073170732,0.31138918304441815,0.2462775120292106,4026,58.91707317073171,0.24448978035342425,0.218471417210729
few_moving,0.1,411,23681,345.7080291970803,0.274146692606126,0.23982833299490344,4031,58.84671532846716,0.24139190199990498,0.22636403355066337
few_moving,0.1,412,23738,345.69902912621365,0.18368453466868462,0.16845996596813137,4039,58.820388349514566,0.31300714798066015,0.27894700059174865
few_moving,0.1,413,23796,345.70460048426145,0.24525713704461055,0.2132162670758956,4052,58.866828087167065,0.3446128790213257,0.3295129987748101
few_moving,0.1,414,23856,345.73913043478257,0.24499081645554557,0.22994685148555968,4065,58.91304347826087,0.24903922442110119,0.23441038473528586
few_moving,0.1,415,23911,345.70120481927705,0.23068378013394802,0.20220644091055404,4083,59.03132530120482,0.28903563685861505,0.24276753799283318
few_moving,0.1,416,23969,345.7067307692308,0.24895991000771303,0.2393429292957146,4093,59.03365384615385,0.2592166309364046,0.23910399248491157
few_moving,0.1,417,24027,345.7122302158273,0.21424201041885624,0.19497747323662146,4105,59.064748201438846,0.3687229841174255,0.33686575362243976
few_moving,0.1,418,24085,345.7177033492823,0.3372936412597328,0.278832745328468,4115,59.066985645933016,0.35644284067577175,0.3247602527692593
few_moving,0.1,419,24144,345.73747016706443,0.35403144249341895,0.31406233213679047,4120,58.99761336515513,0.39074686720720925,0.3399791576302914
few_moving,0.1,420,24202,345.74285714285713,0.1419329136039822,0.1273491949755265,4121,58.871428571428574,0.37843212033196094,0.30663008084877486
few_moving,0.1,421,24260,345.74821852731594,0.25587219033073216,0.23275134679104226,4125,58.788598574821854,0.376966476721584,0.30337924139941796
few_moving,0.1,422,24319,345.76777251184836,0.2160128498957203,0.1928265169729675,4125,58.649289099526065,0.37772111630778654,0.3055724096632949
few_moving,0.1,423,24379,345.8014184397163,0.33953974522083746,0.2994824297339539,4125,58.51063829787234,0.37791372424846975,0.30609753957044716
few_moving,0.1,424,24436,345.79245283018867,0.1929935006361917,0.17044497764441277,4129,58.429245283018865,0.37445816392054615,0.30220377606813587
few_moving,0.1,425,24492,345.76941176470586,0.2178911135612722,0.18832151271942266,4137,58.40470588235294,0.3589750725156005,0.2655471271903389
few_moving,0.1,426,24551,345.7887323943662,0.2289352995473564,0.19584111152933895,4145,58.38028169014085,0.3704689434603961,0.2909118909269631
few_moving,0.1,427,24609,345.79391100702577,0.3194854206194308,0.2892183239238558,4153,58.35597189695551,0.3638957023137155,0.27491416365033694
few_moving,0.1,428,24668,345.8130841121495,0.29872749386524033,0.24536223727867162,4159,58.303738317757,0.39722872067920706,0.3399148971256194
few_moving,0.1,429,24726,345.8181818181818,0.26832488380536085,0.2473445984835004,4165,58.251748251748246,0.3577111821351486,0.2598296696518322
few_moving,0.1,430,24785,345.83720930232556,0.229310917304019,0.19000124564852788,4180,58.325581395348834,0.33019658384243494,0.23456255540015092
few_moving,0.1,431,24844,345.85614849187937,0.3502539600729372,0.29849784778331306,4186,58.27378190255221,0.3338625660538238,0.2517790717396705
few_moving,0.1,432,24899,345.81944444444446,0.26961454214360064,0.2419890755097817,4188,58.166666666666664,0.3399141245898264,0.2605918131790195
few_moving,0.1,433,24958,345.8383371824481,0.3735896220771994,0.3320039736529064,4192,58.08775981524249,0.315808601308831,0.2522609156480452
few_moving,0.1,434,25017,345.85714285714283,0.43655378276089885,0.3892690780008913,4192,57.953917050691246,0.3313115814338493,0.27564240468773493
few_moving,0.1,435,25074,345.848275862069,0.21771898084085647,0.19632834196826296,4193,57.834482758620695,0.3354986371847938,0.2952196801045723
few_moving,0.1,436,25129,345.8119266055046,0.28803169153865515,0.2657771983161735,4197,57.75688073394495,0.32136020472934157,0.2734037046855256
few_moving,0.1,437,25187,345.8169336384439,0.16598119572376135,0.1340500173546617,4197,57.62471395881007,0.32013894354752653,0.270374242041504
few_moving,0.1,438,25246,345.83561643835617,0.3598106745695842,0.2748872349260244,4201,57.54794520547946,0.2942624513374375,0.25817825249431925
few_moving,0.1,439,25304,345.84054669703875,0.21589702328994176,0.20875646552038205,4206,57.485193621867886,0.40259604036413993,0.3238140117432452
few_moving,0.1,440,25360,345.8181818181818,0.396655791624548,0.2747553109480022,4216,57.4909090909091,0.29809591906788674,0.2772695268775298
few_moving,0.1,441,25420,345.85034013605446,0.3163697703305642,0.24585678896122903,4227,57.51020408163266,0.21460735856243965,0.20604398179114286
few_moving,0.1,442,25480,345.88235294117646,0.3229110772478588,0.2574602919146317,4237,57.515837104072396,0.22938533325264696,0.2117806001580734
few_moving,0.1,443,25539,345.9006772009029,0.4251310513791648,0.3056143739485062,4248,57.534988713318285,0.227523291405053,0.21097510076280152
few_moving,0.1,444,25595,345.8783783783784,0.2737216676046661,0.2561874016473636,4259,57.55405405405405,0.2505904131269199,0.23786845808608126
few_moving,0.1,445,25651,345.85617977528085,0.3225722924565124,0.27602442047002557,4278,57.68089887640449,0.23354887939997998,0.21088469749283037
few_moving,0.1,446,25711,345.8878923766816,0.43986298416310227,0.3478457335331852,4286,57.65919282511211,0.2161469202273359,0.20485609834337143
few_moving,0.1,447,25768,345.8791946308725,0.30400656776687157,0.26540953348203605,4293,57.624161073825505,0.22514806785850375,0.20948173222839617
few_moving,0.1,448,25825,345.8705357142857,0.4634234328580768,0.36376650470941,4297,57.54910714285714,0.223012479084887,0.2072948797230402
few_moving,0.1,449,25880,345.83518930957683,0.3048011053974259,0.2649182053048795,4297,57.42093541202672,0.1766220020483677,0.14093165599170804
few_moving,0.1,450,25941,345.88,0.4051445707394843,0.3326647554104861,4298,57.306666666666665,0.1835137835400136,0.15435607262427614
few_moving,0.1,451,25997,345.85809312638577,0.3577642754920273,0.29263116543261475,4300,57.20620842572062,0.1867126460670063,0.1597817693955248
few_moving,0.1,452,26055,345.8628318584071,0.2655657320291724,0.222249161553472,4304,57.13274336283185,0.1924075493456247,0.16385701329171806
few_moving,0.1,453,26113,345.86754966887423,0.2763223831477979,0.2507541886624226,4311,57.099337748344375,0.22721513613014832,0.2001819716097105
few_moving,0.1,454,26171,345.87224669603523,0.30844129968239076,0.28020288193329473,4318,57.06607929515419,0.18563792126807577,0.15617456315553474
few_moving,0.1,455,26230,345.8901098901099,0.2952173564312728,0.22128693389652523,4325,57.032967032967036,0.20110888610771555,0.17487101470985972
few_moving,0.1,456,26287,345.88157894736844,0.2387010565282203,0.21800488877473007,4331,56.986842105263165,0.20403209384292836,0.1767683580730407
few_moving,0.1,457,26345,345.88621444201317,0.2427547328571046,0.20732448406937914,4337,56.94091903719912,0.21917090129369254,0.18828700603944037
few_moving,0.1,458,26405,345.9170305676856,0.25236611322979835,0.2103336847888317,4343,56.895196506550214,0.20333050731124583,0.18481786869947175
few_moving,0.1,459,26463,345.921568627451,0.21480791890831516,0.17394871579995355,4350,56.86274509803921,0.18803949060376804,0.16123330634544628
few_moving,0.1,460,26523,345.9521739130435,0.3019436693816542,0.2574765064933184,4362,56.89565217391304,0.16691803431567506,0.14421246986990602
few_moving,0.1,461,26582,345.96963123644247,0.22095346822534026,0.17850744750587114,4364,56.79826464208242,0.23315650209943803,0.20712437177716397
few_moving,0.1,462,26641,345.987012987013,0.27958588390992156,0.2230542566421793,4368,56.72727272727273,0.22073068659582845,0.19928687557123956
few_moving,0.1,463,26702,346.0302375809935,0.2208039724530787,0.20683090926407172,4370,56.63066954643629,0.33998944323330343,0.31753800669673915
few_moving,0.1,464,26761,346.04741379310343,0.20477664428095455,0.17419185038846663,4370,56.508620689655174,0.38079591897213766,0.3456423648263064
few_moving,0.1,465,26815,346,0.30020953445914483,0.2230964819812705,4371,56.400000000000006,0.38175899468527946,0.33518576424940055
few_moving,0.1,466,26872,345.99141630901283,0.33921384935845206,0.28966657496727166,4373,56.30472103004292,0.38295312672793014,0.3342483903813376
few_moving,0.1,467,26930,345.99571734475376,0.2856607002023193,0.2512341464174469,4373,56.184154175588866,0.3832314972166402,0.3341163345565884
few_moving,0.1,468,26990,346.02564102564105,0.1657695834018383,0.14371579708601084,4373,56.06410256410257,0.38328874634205956,0.33409219057350026
few_moving,0.1,469,27048,346.02985074626866,0.26662802780045136,0.22903193215467832,4373,55.94456289978678,0.38330025911041005,0.33408745280792385
few_moving,0.1,470,27103,345.9957446808511,0.27284167181732455,0.24327913535446988,4377,55.87659574468085,0.3810097425602168,0.32649748565942016
few_moving,0.1,471,27162,346.01273885350315,0.2958048968562832,0.24197514395887784,4384,55.847133757961785,0.3844000018517658,0.3349378989954525
few_moving,0.1,472,27223,346.05508474576277,0.34800080121142823,0.30487847041398203,4392,55.83050847457627,0.3721335586359334,0.33117143900502694
few_moving,0.1,473,27280,346.04651162790697,0.3480235358040243,0.288157608666438,4399,55.80126849894291,0.35172914608673106,0.2982540427442917
few_moving,0.1,474,27339,346.0632911392405,0.27040659026590397,0.24279272903786678,4408,55.79746835443038,0.3539182636994353,0.29531302763956196
few_moving,0.1,475,27396,346.0547368421052,0.3137027583030904,0.28880370865211474,4424,55.88210526315789,0.3940188955946451,0.302972616256875
few_moving,0.1,476,27456,346.08403361344534,0.2958388757850391,0.2578203334190714,4432,55.86554621848739,0.47332435219055974,0.41563359278926004
few_moving,0.1,477,27514,346.0880503144654,0.3132454683647255,0.2949160869893199,4440,55.84905660377358,0.4268246346018097,0.3091687203159822
few_moving,0.1,478,27574,346.11715481171547,0.28609213894408714,0.26339594824824064,4442,55.75732217573221,0.2667858263845151,0.20115498627982062
few_moving,0.1,479,27633,346.13361169102296,0.311861140608388,0.27535678217167625,4442,55.64091858037578,0.2628185345566917,0.20403483151958177
few_moving,0.1,480,27693,346.1625,0.40548898411058454,0.33552497347845917,4446,55.575,0.2699596520284037,0.21457492197342218
few_moving,0.1,481,27747,346.11642411642407,0.1743811777491969,0.15057078858704911,4455,55.571725571725565,0.2830578478417244,0.23561385040274505
few_moving,0.1,482,27806,346.13278008298755,0.2626014972304348,0.2352582109753265,4462,55.54356846473029,0.26784701927314014,0.2104125974628202
few_moving,0.1,483,27864,346.1366459627329,0.34237147145680674,0.285806382184218,4470,55.527950310559,0.32206218699240086,0.2809123584173705
few_moving,0.1,484,27925,346.1776859504132,0.23693187472877772,0.21807103902844327,4478,55.51239669421488,0.314353890293621,0.27123230728400544
few_moving,0.1,485,27984,346.19381443298965,0.23611625857957452,0.21576603020826277,4486,55.49690721649485,0.2979482215007537,0.2622459969312413
few_moving,0.1,486,28040,346.17283950617286,0.2585259133906391,0.22501971238701685,4494,55.48148148148148,0.3078799657134601,0.27559169090272734
few_moving,0.1,487,28095,346.13963039014374,0.3382857215152073,0.30434725241010174,4499,55.42915811088295,0.3356426375830064,0.30032565092125135
few_moving,0.1,488,28151,346.1188524590164,0.23694302911187698,0.20511428687722466,4499,55.3155737704918,0.34592460485210474,0.30906924672831704
few_moving,0.1,489,28209,346.1226993865031,0.36510047700565884,0.32535120019352,4501,55.22699386503068,0.3461883489937323,0.3114625057250204
few_moving,0.1,490,28266,346.11428571428576,0.28449008240309415,0.2663401383403216,4509,55.21224489795919,0.4237503364297574,0.3913635093325798
few_moving,0.1,491,28323,346.1059063136456,0.20418818941285538,0.17899143927759942,4513,55.14867617107943,0.46816833940281327,0.4200186387146127
few_moving,0.1,492,28379,346.0853658536586,0.32955773253665066,0.2920116179753678,4517,55.08536585365854,0.48159624633174747,0.42243069356277196
few_moving,0.1,493,28433,346.04056795131845,0.22277639026486415,0.1905748758230703,4517,54.973630831643,0.47807037597898216,0.4214790986714708
few_moving,0.1,494,28493,346.06882591093125,0.23541501680472718,0.21016405784620057,4517,54.86234817813766,0.47824830859082357,0.4216574074309106
few_moving,0.1,495,28551,346.07272727272726,0.18479375024216957,0.157147997835759,4518,54.763636363636365,0.46891557350455926,0.40937887014037744
few_moving,0.1,496,28608,346.06451612903226,0.31634649942357573,0.28135127437029134,4529,54.78629032258063,0.4442555549050485,0.351323850637248
few_moving,0.1,497,28666,346.0684104627766,0.26570634498002577,0.23124613523509674,4538,54.78470824949699,0.5147082419776466,0.42138286592103624
few_moving,0.1,498,28723,346.0602409638554,0.23128911488002876,0.20109409831817962,4556,54.89156626506024,0.37124074334895873,0.3296093442062143
few_moving,0.1,499,28783,346.08817635270543,0.36317771313856745,0.3085337159384276,4577,55.034068136272545,0.3026283942446773,0.25353674339684695
few_moving,0.1,500,28839,346.068,0.24232876343104495,0.22246874382357626,4600,55.199999999999996,0.2627648373659082,0.22272361458474207
few_moving,0.1,501,28895,346.0479041916168,0.19501288585455775,0.17216835785175336,4626,55.401197604790426,0.3564072495651549,0.2894936951783243
few_moving,0.1,502,28951,346.0278884462151,0.27523777107677044,0.22233092712130126,4650,55.57768924302788,0.18128179742769612,0.16483440909912397
few_moving,0.1,503,29009,346.0318091451293,0.35957472064964674,0.2946655322618916,4663,55.62226640159046,0.1800794936679024,0.1652253863301572
few_moving,0.1,504,29063,345.98809523809524,0.4054499828930391,0.33652420497771435,4678,55.69047619047619,0.25361806830853995,0.21415549537170087
few_moving,0.1,505,29120,345.980198019802,0.2899258277489484,0.2555205431585582,4688,55.699009900990106,0.2203306392052238,0.18633755341604452
few_moving,0.1,506,29179,345.99604743083006,0.2744780243685939,0.2542802252532864,4690,55.612648221343875,0.24898531017451767,0.2004231859153971
few_moving,0.1,507,29234,345.96449704142015,0.2491438603192922,0.1979631337587221,4690,55.502958579881664,0.2815428680027618,0.21471846942843226
few_moving,0.1,508,29292,345.9685039370078,0.31392791465006914,0.2767072406930007,4696,55.46456692913386,0.29246432787150084,0.22547904337297237
few_moving,0.1,509,29351,345.9842829076621,0.22452714343110625,0.2083884469243836,4703,55.43811394891946,0.29542673201284014,0.22754294366984804
few_moving,0.1,510,29409,345.98823529411766,0.38414152120717804,0.31639345467208135,4710,55.411764705882355,0.3010629254660365,0.2401629511504058
few_moving,0.1,511,29465,345.9686888454011,0.2529254360213602,0.22353456914645609,4716,55.37377690802348,0.29370204189617805,0.21687125211995797
few_moving,0.1,512,29522,345.9609375,0.23015173217656504,0.18643696485990563,4723,55.34765625,0.32350609220652105,0.27564312639334415
few_moving,0.1,513,29580,345.96491228070175,0.3110578113225747,0.27630716922232185,4729,55.30994152046783,0.30770109680489377,0.25146267791053795
few_moving,0.1,514,29635,345.9338521400778,0.3449167705229922,0.25329111530556014,4736,55.284046692607006,0.3072145372922729,0.24188835231845768
few_moving,0.1,515,29691,345.9145631067961,0.3251328558121569,0.27922420204928344,4736,55.17669902912621,0.3092045152416964,0.24593919479609613
few_moving,0.1,516,29750,345.93023255813955,0.23888093700803922,0.20341304440861455,4738,55.093023255813954,0.3100309737640946,0.24889553835020015
few_moving,0.1,517,29806,345.9110251450677,0.30607431559456993,0.25050218024734927,4742,55.03288201160541,0.34091843344240796,0.3020571812579097
few_moving,0.1,518,29865,345.92664092664097,0.26886920663350433,0.2452248128611792,4742,54.92664092664093,0.33703706496763336,0.3063356944927399
few_moving,0.1,519,29924,345.9421965317919,0.22314951920564127,0.20985998952064353,4748,54.89017341040462,0.3379215702215154,0.31513152088143126
few_moving,0.1,520,29979,345.9115384615385,0.21788387869638434,0.1992831172789573,4753,54.8423076923077,0.3163690265781561,0.27640993994846363
few_moving,0.1,521,30038,345.9270633397313,0.20480771094994132,0.17450921841787975,4755,54.76007677543186,0.3202685675376104,0.27973509369022487
few_moving,0.1,522,30095,345.91954022988506,0.16446313932979792,0.14534607858803028,4755,54.65517241379311,0.3142114862505236,0.274321858576166
few_moving,0.1,523,30155,345.94646271510516,0.29312734134983376,0.2487281819393473,4755,54.55066921606119,0.31362017812566007,0.2737360558258297
few_moving,0.1,524,30211,345.92748091603056,0.2327442194847151,0.2101516225764343,4755,54.44656488549619,0.31352712819272155,0.2736407446292711
few_moving,0.1,525,30272,345.9657142857143,0.3088235845798333,0.2733616247857397,4755,54.34285714285714,0.3135095286959597,0.27362256807929164
few_moving,0.1,526,30328,345.94676806083646,0.3080520024549491,0.25875294353663464,4758,54.27376425855513,0.2777005347675881,0.22836962101827724
few_moving,0.1,527,30384,345.9278937381404,0.3516508356993344,0.29340790238888276,4763,54.22770398481973,0.20996957897650648,0.1833244850418932
few_moving,0.1,528,30445,345.96590909090907,0.20907046764083487,0.16250209929972295,4768,54.18181818181818,0.24245101254722964,0.21744851560377776
few_moving,0.1,529,30503,345.96975425330817,0.28033821248465063,0.253914101595677,4775,54.15879017013233,0.21186063744755845,0.17889364702992014
few_moving,0.1,530,30563,345.9962264150943,0.28696655735645515,0.24277694790247956,4780,54.11320754716981,0.20946756107539818,0.18691165012454242
few_moving,0.1,531,30617,345.954802259887,0.20447730791185711,0.186125365870321,4786,54.079096045197744,0.2735912416402762,0.2297443558412394
few_moving,0.1,532,30673,345.93609022556393,0.2822654125944181,0.23729157723057584,4793,54.056390977443606,0.2664167244150688,0.2486457415872881
few_moving,0.1,533,30729,345.9174484052533,0.2385334077667505,0.21894568862288874,4795,53.97748592870544,0.30096488076696615,0.27807325483684114
few_moving,0.1,534,30787,345.9213483146067,0.11419831928987745,0.10217017821136591,4801,53.943820224719104,0.24945935901116462,0.22826382172152115
few_moving,0.1,535,30844,345.9140186915888,0.28720353928166475,0.22645014111867967,4807,53.910280373831775,0.2294137315216975,0.21213491205141607
few_moving,0.1,536,30902,345.9179104477612,0.3411071763177251,0.3222634049898019,4809,53.8320895522388,0.2384998629285542,0.22030943461312974
few_moving,0.1,537,30962,345.9441340782123,0.26683442156623066,0.2440036842007995,4809,53.731843575419,0.22270089763421624,0.2056834909996
few_moving,0.1,538,31020,345.9479553903346,0.22311680260752498,0.19490429863205355,4809,53.63197026022304,0.22269894648473504,0.20533192092596084
few_moving,0.1,539,31076,345.92949907235624,0.2657478892122172,0.22873753900433286,4809,53.532467532467535,0.22282932427128618,0.20539920349103769
few_moving,0.1,540,31134,345.93333333333334,0.2889422380199556,0.23584028627563094,4809,53.43333333333333,0.22286061925287529,0.20541820591039128
few_moving,0.1,541,31194,345.9593345656192,0.2954715330867361,0.27033674584143635,4809,53.33456561922365,0.22286708685704124,0.2054222278179013
few_moving,0.1,542,31247,345.90774907749073,0.2144077603287419,0.19369686963376176,4809,53.23616236162361,0.22286838872071196,0.20542304105184686
few_moving,0.1,543,31306,345.9226519337016,0.4249747454966863,0.3240062787264827,4809,53.13812154696132,0.22286864942714696,0.205423204052695
few_moving,0.1,544,31361,345.89338235294116,0.287356596962424,0.2564041982289631,4812,53.0735294117647,0.2103648341785993,0.19628659838218068
few_moving,0.1,545,31421,345.91926605504585,0.30546344458798463,0.2732540565239738,4812,52.97614678899082,0.2082011011570296,0.1945490716183465
few_moving,0.1,546,31480,345.9340659340659,0.24243695574254032,0.22122249520093673,4814,52.9010989010989,0.2077827604371638,0.19420506015070585
few_moving,0.1,547,31535,345.9049360146252,0.26319580281860333,0.24689284121510688,4818,52.84826325411334,0.2445300549168323,0.21509523770587252
few_moving,0.1,548,31592,345.8978102189781,0.2455530381233069,0.23234699263167843,4818,52.751824817518255,0.2773784247517019,0.2447236830020092
few_moving,0.1,549,31651,345.9125683060109,0.27009765931547797,0.23356062916400283,4824,52.721311475409834,0.27409110154308375,0.23834951631655626
few_moving,0.1,550,31711,345.9381818181818,0.23509736470029974,0.19060286461951098,4830,52.690909090909095,0.323128632443005,0.28348553805499327
few_moving,0.1,551,31768,345.9310344827586,0.2911323090455422,0.25369853315636437,4832,52.617059891107075,0.3412022188428106,0.3004827910011918
few_moving,0.1,552,31827,345.94565217391306,0.3518200938839046,0.25425404967499315,4832,52.52173913043479,0.3156105916398558,0.2667839133791332
few_moving,0.1,553,31884,345.9385171790235,0.3004566658915515,0.275270670977472,4832,52.42676311030741,0.31581111824795427,0.26607299198206225
few_moving,0.1,554,31942,345.942238267148,0.2947114236175566,0.2589899177998966,4832,52.33212996389892,0.3160720398964098,0.266367401680424
few_moving,0.1,555,32002,345.9675675675675,0.25984362191101046,0.24502191781036725,4836,52.28108108108108,0.3221768513589301,0.27296036866648354
few_moving,0.1,556,32057,345.9388489208633,0.20867794438838952,0.18176990447097136,4844,52.27338129496402,0.24980831699711586,0.22067570997834415
few_moving,0.1,557,32113,345.9210053859964,0.1860095718363263,0.167375110721798,4850,52.244165170556556,0.3304965901360357,0.26952690059353585
few_moving,0.1,558,32173,345.9462365591398,0.19855468909372664,0.18112495847471174,4858,52.236559139784944,0.25872985425481504,0.22707444256838297
few_moving,0.1,559,32229,345.9284436493739,0.4706918846585817,0.42738876196790515,4869,52.26118067978533,0.22000933982050583,0.1973532731289996
few_moving,0.1,560,32285,345.9107142857143,0.23964573044420293,0.22481009675130456,4876,52.24285714285714,0.2712341169561495,0.23911517322865414
few_moving,0.1,561,32343,345.9144385026738,0.3281959787654923,0.28380546407472346,4885,52.24598930481284,0.24069604401737388,0.21706283098858664
few_moving,0.1,562,32403,345.93950177935943,0.2832137197323064,0.26795850567394297,4893,52.238434163701065,0.17364379685539907,0.15387056085647818
few_moving,0.1,563,32462,345.9538188277087,0.30585351440891506,0.2345217357014769,4893,52.145648312611016,0.23114753322646334,0.19868379982692635
few_moving,0.1,564,32519,345.9468085106383,0.41380034004807725,0.3937957886972456,4897,52.09574468085106,0.26429649697885577,0.21998606502605042
few_moving,0.1,565,32577,345.9504424778761,0.24383161248819285,0.21688271245577612,4903,52.06725663716814,0.33198840937181223,0.274832691070101
few_moving,0.1,566,32634,345.9434628975265,0.2263127657474643,0.2086054378882814,4905,51.996466431095406,0.34955841874782617,0.2919377884416586
few_moving,0.1,567,32692,345.94708994709,0.2205631129527062,0.2009502083284503,4905,51.90476190476191,0.3417783557315327,0.28506114443319797
few_moving,0.1,568,32745,345.8978873239437,0.3680096159962136,0.3133688833366842,4911,51.87676056338028,0.3130832245032628,0.23941255351311064
few_moving,0.1,569,32804,345.91212653778564,0.25878504845086286,0.23797002227776845,4916,51.83831282952549,0.3057968582182296,0.22056572871017358
few_moving,0.1,570,32860,345.89473684210526,0.2548955047103132,0.2171625474867068,4922,51.810526315789474,0.31326889989683143,0.2439568627483984
few_moving,0.1,571,32919,345.90893169877404,0.15129024407202313,0.14049225504061816,4928,51.78283712784588,0.320724275420801,0.25067210781813476
few_moving,0.1,572,32975,345.8916083916084,0.2960310477863466,0.2830439415873848,4934,51.75524475524475,0.3440940339837499,0.28737334293091943
few_moving,0.1,573,33033,345.8952879581152,0.30833202524994735,0.26047562047593453,4940,51.72774869109947,0.3086764266874032,0.2290888663685804
few_moving,0.1,574,33091,345.89895470383277,0.2402751188089606,0.21680339234928744,4947,51.710801393728225,0.36717558992686883,0.3052642302291978
few_moving,0.1,575,33150,345.9130434782609,0.37726635224539246,0.32940506490334687,4947,51.62086956521739,0.3583587239697693,0.28707879115131807
few_moving,0.1,576,33208,345.9166666666667,0.28965592782639527,0.2588638360912804,4951,51.57291666666667,0.35762798438984506,0.2895807551471131
few_moving,0.1,577,33266,345.92027729636044,0.4325719286108899,0.3782439826707863,4953,51.50433275563258,0.3810949906493092,0.3403502919839744
few_moving,0.1,578,33323,345.91349480968864,0.2764007426238305,0.2507916173377339,4953,51.41522491349481,0.3178424074538812,0.2883071953818449
few_moving,0.1,579,33379,345.89637305699483,0.32094048262550473,0.2852059565449054,4957,51.36787564766839,0.2908155808294581,0.26371579602114564
few_moving,0.1,580,33435,345.8793103448276,0.20663214511735886,0.1914680605703086,4963,51.341379310344834,0.27235873434131175,0.2338438726320223
few_moving,0.1,581,33492,345.87263339070563,0.4111476987032917,0.3376579710165285,4965,51.2736660929432,0.280790338295291,0.2442401355387529
few_moving,0.1,582,33553,345.9072164948454,0.3706871223085458,0.31347458127991173,4965,51.185567010309285,0.28224944248041256,0.2430116056090354
few_moving,0.1,583,33611,345.9108061749571,0.26769904243046205,0.23234689833436248,4971,51.159519725557466,0.2571041331343684,0.21224054273741544
few_moving,0.1,584,33666,345.88356164383566,0.2645075690378523,0.23560384928222974,4976,51.12328767123288,0.2834337631822277,0.24212149769425503
few_moving,0.1,585,33722,345.8666666666667,0.24659521263990772,0.21442299953566887,4984,51.117948717948714,0.35050090785954124,0.27376348666608186
few_moving,0.1,586,33779,345.8600682593856,0.5184289816939417,0.4380206070648886,5001,51.20477815699658,0.32816566085999765,0.27033932621181994
few_moving,0.1,587,33835,345.84327086882456,0.21401676853021168,0.19014152559612285,5019,51.301533219761495,0.3790864197240322,0.2886830115683623
few_moving,0.1,588,33894,345.85714285714283,0.33935664454388237,0.28945525538518435,5036,51.38775510204081,0.2902256755397006,0.25857048130862775
few_moving,0.1,589,33954,345.88115449915114,0.1824309248202951,0.1637293381159592,5056,51.50424448217318,0.30825190294954385,0.256460495325545
few_moving,0.1,590,34014,345.9050847457627,0.26173623075733493,0.23203857463083635,5068,51.538983050847456,0.34033539674527724,0.3000931821053017
few_moving,0.1,591,34072,345.9086294416244,0.30647702368938534,0.2628027852095703,5084,51.61421319796954,0.2512415203615236,0.22442599734795432
few_moving,0.1,592,34132,345.9324324324324,0.32655171165709806,0.2928756410548343,5093,51.61824324324324,0.27660344965729705,0.21769466254427114
few_moving,0.1,593,34191,345.9460370994941,0.26293652283492475,0.22323507169516202,5100,51.602023608768974,0.3153166828485732,0.26487996564702626
few_moving,0.1,594,34250,345.95959595959596,0.21413852731578453,0.1901243229240382,5110,51.61616161616161,0.2706924496014612,0.1908470230648941
few_moving,0.1,595,34308,345.9630252100841,0.31470848900709936,0.266823770714581,5118,51.61008403361345,0.24442030753491983,0.18902942108598558
few_moving,0.1,596,34366,345.96644295302013,0.2484223688026817,0.2270836018125814,5125,51.59395973154362,0.26204588555506947,0.21728937838843185
few_moving,0.1,597,34424,345.9698492462312,0.19236125605867813,0.15849965715119754,5132,51.57788944723619,0.31462065510834814,0.23063615138778712
few_moving,0.1,598,34483,345.98327759197326,0.21835225733120356,0.2075711263364297,5139,51.56187290969899,0.3364988427359593,0.2567497508183994
few_moving,0.1,599,34538,345.95659432387316,0.22977846869130006,0.21139693256224817,5146,51.54590984974959,0.33081599655201993,0.24054699963437357
few_moving,0.1,600,34594,345.94,0.32588159757826135,0.25166706034333997,5153,51.529999999999994,0.3464273340239447,0.25247335680396404
many_moving,0.1,0,0,,18.187917130173428,17.241615522676813,0,,18.187917130173428,17.241615522676813
many_moving,0.1,1,39,234,8.745271953816724,7.487728301312707,39,234,8.744178571737626,7.496123143339463
many_moving,0.1,2,99,297,5.792507899848297,4.897972769799247,96,288,5.68501797157679,4.820256125864179
many_moving,0.1,3,155,310,2.982808190072038,2.5898998725308937,156,312,3.013439602276542,2.587146622858754
many_moving,0.1,4,213,319.5,1.8334133341643315,1.3957787484061424,216,324,1.8445610704356505,1.400402994467591
many_moving,0.1,5,271,325.20000000000005,1.3672263408065406,0.991180311171594,275,330,1.2042782099611733,0.8655746574204279
many_moving,0.1,6,327,327,0.9007343572056447,0.6909929910116809,331,331,0.7178524218264453,0.561719092035388
many_moving,0.1,7,384,329.1428571428571,0.8333007396435808,0.5970971839717834,379,324.85714285714283,0.49482209640357167,0.42265080451649684
many_moving,0.1,8,444,333,0.4324350257737716,0.35988343934281886,391,293.25,0.49654683198052557,0.4301625827537518
many_moving,0.1,9,502,334.6666666666667,0.44953852918260495,0.3608576380956601,391,260.6666666666667,0.5045493302665454,0.44244699738202964
many_moving,0.1,10,560,336,0.28491616714777696,0.25779276629148473,391,234.60000000000002,0.5080211696039709,0.4479721042729604
many_moving,0.1,11,616,336.00000000000006,0.2992061118647851,0.2532631087780599,391,213.2727272727273,0.5087879047431179,0.4491435635645938
many_moving,0.1,12,674,337,0.22164613259281807,0.20553184015907813,391,195.5,0.5089441204279123,0.4493803426741067
many_moving,0.1,13,732,337.84615384615387,0.21937723400744286,0.20856233899398685,391,180.46153846153845,0.5089754780942671,0.44942779691824797
many_moving,0.1,14,789,338.14285714285717,0.28091128524656617,0.2308389944219452,391,167.57142857142858,0.5089817542069653,0.4494372916958255
many_moving,0.1,15,847,338.8,0.29606341639845635,0.23114094627473625,391,156.4,0.5089830096126677,0.449439190808426
many_moving,0.1,16,903,338.625,0.24871949064678006,0.21077433337170529,391,146.625,0.5089832607011342,0.4494395706372286
many_moving,0.1,17,962,339.5294117647059,0.1747480347938115,0.1551028748668034,391,138,0.5089833109191213,0.4494396466032414
many_moving,0.1,18,1021,340.3333333333333,0.19611307931075553,0.17753597760693252,391,130.33333333333334,0.5089833209627302,0.44943966179645356
many_moving,0.1,19,1079,340.7368421052632,0.33620096322284626,0.30174920411797385,391,123.47368421052633,0.5089833229714534,0.44943966483509773
many_moving,0.1,20,1139,341.70000000000005,0.4087788784982364,0.33905911572341235,391,117.30000000000001,0.5089833233731973,0.4494396654428255
many_moving,0.1,21,1197,342.00000000000006,0.17343378985532318,0.14978178473984538,397,113.42857142857144,0.5089833234535461,0.4494396655643712
many_moving,0.1,22,1255,342.2727272727273,0.21207468268698282,0.18020030443926963,411,112.09090909090911,0.480700638100376,0.4366116190980322
many_moving,0.1,23,1311,341.99999999999994,0.3106573482934782,0.2585133107063779,414,107.99999999999999,0.44467240049187556,0.37101487991540427
many_moving,0.1,24,1368,342,0.2898566649582928,0.2638714548094976,414,103.49999999999999,0.4475955370803794,0.3818925758924033
many_moving,0.1,25,1427,342.47999999999996,0.304327137908374,0.2703283656189934,414,99.35999999999999,0.44859171097188816,0.38460383649286556
many_moving,0.1,26,1486,342.9230769230769,0.3228268706153529,0.2774091517534355,414,95.53846153846153,0.4488072191236127,0.3851630121207042
many_moving,0.1,27,1545,343.3333333333333,0.27084500183517773,0.2426445993044588,414,92,0.4488509698146247,0.3852755061584273
many_moving,0.1,28,1604,343.7142857142857,0.4332861977235849,0.36865758273074645,419,89.78571428571428,0.32097453434077466,0.2827056989153174
many_moving,0.1,29,1660,343.44827586206895,0.42237533015295775,0.3301534034442793,429,88.75862068965517,0.2937280038068238,0.26073194043231585
many_moving,0.1,30,1719,343.8,0.5470174918643701,0.418233681584952,439,87.8,0.2939130426381585,0.26999785182087993
many_moving,0.1,31,1778,344.1290322580645,0.2620696776859623,0.22239287408777178,450,87.09677419354838,0.27781592573984293,0.23612133233699512
many_moving,0.1,32,1838,344.625,0.23348246805209252,0.2061880203511408,460,86.25,0.34050801324140206,0.29604376003559907
many_moving,0.1,33,1896,344.7272727272727,0.3547693594517761,0.30180912565115847,469,85.27272727272727,0.25510024241804385,0.21583904532092912
many_moving,0.1,34,1953,344.64705882352945,0.3160619091475269,0.26698833221271834,480,84.70588235294117,0.3534449114610744,0.30422233550573863
many_moving,0.1,35,2013,345.0857142857143,0.2873550970816046,0.24601686519541438,486,83.31428571428572,0.46707275050338504,0.36541670608214527
many_moving,0.1,36,2071,345.1666666666667,0.3780635941271033,0.3133166324661515,492,82.00000000000001,0.520170351999778,0.4255614831371698
many_moving,0.1,37,2131,345.56756756756755,0.19921537049425336,0.1869649098503712,502,81.4054054054054,0.2762457104587001,0.19994770915420892
many_moving,0.1,38,2188,345.47368421052636,0.345044190151812,0.30879382407762024,505,79.73684210526316,0.36416285043153257,0.3164031506684143
many_moving,0.1,39,2245,345.38461538461536,0.18364046495948572,0.15511539476235003,505,77.6923076923077,0.3895280427278476,0.34497256808937016
many_moving,0.1,40,2304,345.6,0.33873667607747704,0.29301239112538446,505,75.75,0.3948035923376929,0.35073923178936484
many_moving,0.1,41,2364,345.9512195121951,0.2272215271397315,0.2047006496970142,505,73.90243902439025,0.3958661436857753,0.3518945039790167
many_moving,0.1,42,2421,345.8571428571429,0.2242858897108631,0.21437645354835677,505,72.14285714285715,0.3960789466755088,0.3521256348731665
many_moving,0.1,43,2480,346.04651162790697,0.23606351966621283,0.18107590359719467,505,70.46511627906976,0.3961215189432834,0.3521718641016053
many_moving,0.1,44,2535,345.6818181818182,0.2603897590466377,0.2202813763721053,510,69.54545454545455,0.39434951513947397,0.3483544503195731
many_moving,0.1,45,2591,345.4666666666667,0.2629831333651134,0.23912838898117483,517,68.93333333333334,0.39342319922042085,0.3476246466055116
many_moving,0.1,46,2650,345.65217391304344,0.24806990705256632,0.23122586244508084,522,68.08695652173913,0.4086551057419637,0.36672848812091063
many_moving,0.1,47,2707,345.5744680851064,0.29545633244324354,0.26823037833391694,528,67.40425531914893,0.4314202562135603,0.38662650551837807
many_moving,0.1,48,2765,345.625,0.2641273591932415,0.24161026924190163,534,66.75,0.41740816900699823,0.3658695266371174
many_moving,0.1,49,2819,345.1836734693877,0.29197383817461336,0.2760788777268056,543,66.48979591836735,0.40173837087537867,0.36013913148263355
many_moving,0.1,50,2877,345.23999999999995,0.18434505928691833,0.16921264726835067,552,66.24,0.42399098960495835,0.37951020157721493
many_moving,0.1,51,2934,345.1764705882353,0.25829180609371216,0.2258279550183706,560,65.88235294117648,0.45738874999329804,0.42525085719959277
many_moving,0.1,52,2993,345.34615384615387,0.3993048671784354,0.27549255443752824,568,65.53846153846153,0.3986952964639385,0.36065063517367474
many_moving,0.1,53,3052,345.50943396226415,0.23724727227291365,0.22444955906493136,571,64.64150943396227,0.371803825566974,0.3389522621612333
many_moving,0.1,54,3112,345.77777777777777,0.1883784604706147,0.16203666474921422,571,63.44444444444444,0.37065585529884026,0.33744398245185386
many_moving,0.1,55,3169,345.7090909090909,0.3071641469508076,0.2746260045363919,571,62.290909090909096,0.37060343602227536,0.3372707876232288
many_moving,0.1,56,3224,345.4285714285714,0.3757233490817953,0.32143384866950586,571,61.17857142857143,0.3706000531574916,0.33724143224616826
many_moving,0.1,57,3281,345.3684210526316,0.37238886597646326,0.29086279770365636,571,60.10526315789474,0.37059966064879646,0.3372357736738378
many_moving,0.1,58,3341,345.62068965517244,0.22795339213976676,0.18474629424306427,574,59.37931034482759,0.3719346200203505,0.33816398386561486
many_moving,0.1,59,3398,345.55932203389835,0.29954164067489253,0.29270257595695737,579,58.88135593220339,0.327016388819948,0.29870347803639663
many_moving,0.1,60,3454,345.4,0.15007734555340407,0.1390956762735569,584,58.4,0.31706966822079086,0.2824533497111155
many_moving,0.1,61,3513,345.5409836065574,0.5935116706296817,0.567251538849088,618,60.78688524590164,0.6611462701470968,0.5611201552519244
many_moving,0.1,62,3575,345.96774193548384,0.5573846939217777,0.4780109069029604,664,64.25806451612902,0.56213355101361,0.49233723512542193
many_moving,0.1,63,3634,346.0952380952381,0.7687041280479344,0.7178785636029272,708,67.42857142857142,0.7206090864381737,0.6576563007435119
many_moving,0.1,64,3696,346.5,0.5709062563199915,0.5161311693399055,757,70.96875,0.6601839906525024,0.5550517119430234
many_moving,0.1,65,3759,346.9846153846154,0.5480455545867204,0.5144460729523651,806,74.4,0.5637736166019164,0.503718030405194
many_moving,0.1,66,3817,346.99999999999994,0.5010602868423547,0.42706423936507676,860,78.18181818181817,0.6398489147569308,0.5395080541044631
many_moving,0.1,67,3877,347.19402985074623,0.4957594572281309,0.3925473652786226,909,81.40298507462687,0.6401151999578273,0.5627718028488525
many_moving,0.1,68,3936,347.29411764705884,0.5981642492507885,0.4816936737150722,955,84.26470588235294,0.7446824183397457,0.6100540430396726
many_moving,0.1,69,3993,347.21739130434787,0.7305947536438321,0.6249280257883078,1000,86.95652173913044,0.9518462650977566,0.8290657539249603
many_moving,0.1,70,4046,346.8,0.8607747018055872,0.7406289453242847,1041,89.22857142857141,1.2667348817772877,1.1343344403492197
many_moving,0.1,71,4097,346.22535211267603,0.9014145453103284,0.7623588068844158,1080,91.26760563380282,1.336535929871565,1.1720897381458886
many_moving,0.1,72,4150,345.83333333333337,0.9881326017346185,0.8317269031349444,1117,93.08333333333334,1.322820783904252,1.1361017511978182
many_moving,0.1,73,4204,345.5342465753425,0.9391981331817018,0.8178470519466172,1152,94.68493150684932,1.4276904684087368,1.1767480706115623
many_moving,0.1,74,4261,345.4864864864865,1.1612396207430467,1.0339554775636348,1192,96.64864864864865,1.417557665033675,1.215776159621029
many_moving,0.1,75,4320,345.6,1.1915097343109233,1.0712113248988862,1231,98.47999999999999,1.5680854386494973,1.4009303085551728
many_moving,0.1,76,4379,345.7105263157895,1.1709073965699062,1.056412121951201,1273,100.5,1.1417170056078132,1.0691293368330865
many_moving,0.1,77,4441,346.05194805194805,0.853123016386983,0.7636466455782516,1318,102.7012987012987,1.0878665983149742,0.9864142782725385
many_moving,0.1,78,4503,346.38461538461536,0.6057620861044793,0.5674876754045931,1361,104.69230769230768,0.8836352404916252,0.7583351479388428
many_moving,0.1,79,4560,346.32911392405066,0.49043599056285814,0.4301490314415052,1401,106.40506329113924,0.7776503979484227,0.6998398548380735
many_moving,0.1,80,4620,346.5,0.4497291241867888,0.40977673038640744,1445,108.375,0.7421854842580685,0.687328661487847
many_moving,0.1,81,4679,346.59259259259255,0.6230131048796083,0.52943655773721,1491,110.44444444444443,0.6696211294525196,0.6014647107910429
many_moving,0.1,82,4738,346.6829268292683,0.7598659582923953,0.6952599491698843,1532,112.09756097560974,0.6241625093547349,0.5829402209207271
many_moving,0.1,83,4799,346.9156626506024,0.6902430881551356,0.5730170953487318,1575,113.855421686747,0.6958338883908691,0.6201602133481705
many_moving,0.1,84,4858,347.00000000000006,0.5721984319409374,0.4692363290221813,1616,115.42857142857143,0.706437119434666,0.6563791911012857
many_moving,0.1,85,4919,347.2235294117647,0.5946333788750975,0.5455988445235838,1661,117.2470588235294,0.7803752109220711,0.7123267393987479
many_moving,0.1,86,4978,347.30232558139534,0.5787213506309916,0.5200690734408318,1703,118.81395348837209,0.8924117890503748,0.7989473888800916
many_moving,0.1,87,5037,347.3793103448276,0.6502705841708517,0.575549185719846,1745,120.3448275862069,0.9682260490221327,0.8366520804676331
many_moving,0.1,88,5094,347.3181818181818,0.8132107604701883,0.7243703236422248,1784,121.63636363636365,1.0332319607564187,0.9021107770297997
many_moving,0.1,89,5151,347.2584269662921,0.6662913647185494,0.6061560064775652,1825,123.03370786516854,1.031995864249187,0.8807048787687837
many_moving,0.1,90,5209,347.26666666666665,0.8298370645697842,0.7554895809288633,1862,124.13333333333333,0.9950073241798486,0.8748308531917927
many_moving,0.1,91,5264,347.0769230769231,0.9238993833694533,0.7926107889371471,1898,125.14285714285715,1.037377063947948,0.925395988755086
many_moving,0.1,92,5320,346.95652173913044,0.8485433121879301,0.77828824989382,1938,126.39130434782608,1.1254368374001937,0.933868135094342
many_moving,0.1,93,5381,347.16129032258067,0.6960887818795563,0.6323550497727015,1976,127.48387096774192,1.2054903872543041,0.9586400532660087
many_moving,0.1,94,5443,347.4255319148936,0.6150399270142825,0.5703283790889275,2015,128.61702127659575,1.1065710464571568,0.9211354130514492
many_moving,0.1,95,5501,347.43157894736845,0.6883720754191414,0.6127074042806652,2058,129.97894736842107,1.0278943572304933,0.9164206113721786
many_moving,0.1,96,5559,347.43749999999994,0.6610659562255449,0.5398564892382363,2105,131.5625,0.9358377258947911,0.8169881679598788
many_moving,0.1,97,5620,347.62886597938143,0.4765977570431815,0.40940671184648564,2147,132.8041237113402,0.5562595942380809,0.4803838624664354
many_moving,0.1,98,5683,347.93877551020404,0.556258338526229,0.4813306481133884,2191,134.14285714285714,0.626709285676701,0.5242869194681379
many_moving,0.1,99,5745,348.1818181818182,0.6340115162050396,0.545215241605228,2236,135.51515151515153,0.7111223501076481,0.5780539662028079
many_moving,0.1,100,5805,348.3,0.6460686732874245,0.5677626572088801,2279,136.74,0.6813592599942454,0.5688442102571452
many_moving,0.1,101,5863,348.2970297029703,0.6872982603431009,0.6122950204184163,2318,137.7029702970297,0.8262908707336364,0.6926791379020375
many_moving,0.1,102,5919,348.1764705882353,0.8489881086862968,0.7578944691022867,2356,138.58823529411765,1.0036403636130284,0.8765302728414172
many_moving,0.1,103,5972,347.8834951456311,1.055133122912895,0.928364851524824,2393,139.3980582524272,1.1711185393110848,1.0261966235652809
many_moving,0.1,104,6023,347.48076923076917,1.167893293774629,0.9763549806726699,2425,139.90384615384616,1.0769866905770058,0.9158282933975281
many_moving,0.1,105,6079,347.37142857142857,1.123910956653246,0.9926160262909368,2463,140.74285714285716,1.3087995700625954,1.1264126770490723
many_moving,0.1,106,6137,347.37735849056605,1.179166502828624,1.0484994653312998,2502,141.62264150943395,1.6560307514177952,1.5225056928189304
many_moving,0.1,107,6199,347.607476635514,0.9425780407560307,0.868714289753072,2545,142.71028037383178,1.5064537924820876,1.30235149960277
many_moving,0.1,108,6262,347.8888888888889,0.766323560384572,0.6897035937442604,2587,143.7222222222222,1.3608329887881543,1.1899490177955756
many_moving,0.1,109,6324,348.11009174311926,0.6414600687120371,0.6003674737365188,2630,144.77064220183487,1.1929079096345327,0.9526071321756682
many_moving,0.1,110,6385,348.2727272727273,0.5151595543327744,0.4290256664166311,2673,145.8,1.131051548460046,0.9419438511311163
many_moving,0.1,111,6445,348.3783783783784,0.6569887954311033,0.5730655297504347,2718,146.9189189189189,1.1351980468372342,0.9531085923232807
many_moving,0.1,112,6506,348.5357142857143,0.7187803190802828,0.683477388411127,2761,147.9107142857143,0.6782177276383685,0.5977336212377795
many_moving,0.1,113,6565,348.5840707964602,0.7079796749120959,0.6588377231787172,2803,148.83185840707966,0.727062869876167,0.702999165315261
many_moving,0.1,114,6624,348.63157894736844,0.8620156140247439,0.8004618558877347,2844,149.68421052631578,0.7973102870461533,0.7144001180402656
many_moving,0.1,115,6683,348.6782608695652,0.7920711249508423,0.72367094053699,2887,150.62608695652173,0.8124669961916837,0.7451439451082814
many_moving,0.1,116,6744,348.8275862068965,1.080451644465587,0.9364911158395703,2929,151.5,0.8576917420768482,0.8096871549751533
many_moving,0.1,117,6802,348.8205128205129,0.9680801627903826,0.7866582641605209,2972,152.4102564102564,0.9201450139413955,0.828725840949323
many_moving,0.1,118,6863,348.96610169491527,1.0206253003324477,0.8955141760496564,3013,153.20338983050848,0.9718443519318826,0.8625723314699435
many_moving,0.1,119,6915,348.65546218487395,1.0893258277894118,0.909412806714179,3053,153.9327731092437,1.0509357906539492,0.8830624911804886
many_moving,0.1,120,6972,348.6,0.7991110639734074,0.7079796265875498,3095,154.75,1.062494666861896,0.9243784695981381
many_moving,0.1,121,7028,348.495867768595,0.4263060058062747,0.3887813896739006,3118,154.61157024793388,0.912782688479466,0.7271352481136716
many_moving,0.1,122,7083,348.344262295082,0.39970274335865985,0.35872740394200964,3124,153.63934426229508,0.7865198903335358,0.6190390342024159
many_moving,0.1,123,7141,348.3414634146342,0.4152422588743797,0.3425752115165693,3129,152.6341463414634,0.811081627208759,0.6633498648004542
many_moving,0.1,124,7195,348.14516129032256,0.19635328957902093,0.17482113482440514,3134,151.64516129032256,0.7466718821426178,0.627124798600882
many_moving,0.1,125,7252,348.096,0.16385108483044802,0.13675420209877742,3141,150.768,0.7344760626267659,0.5812005155096738
many_moving,0.1,126,7306,347.9047619047619,0.2549106269021123,0.22140424455700522,3148,149.9047619047619,0.7480066091561174,0.5887830054111057
many_moving,0.1,127,7362,347.8110236220473,0.16601292826179317,0.15461404369411985,3153,148.96062992125985,0.7356403534809246,0.5890924231939986
many_moving,0.1,128,7421,347.859375,0.18973999842247036,0.170711288539103,3154,147.84375,0.7871371544187661,0.5887270863672542
many_moving,0.1,129,7478,347.8139534883721,0.16256814581115342,0.14660726151818143,3154,146.69767441860463,0.8039197975489218,0.5999538070923764
many_moving,0.1,130,7534,347.7230769230769,0.17556204509687467,0.14180761553011625,3156,145.66153846153847,0.8035149977279632,0.5978188313392137
many_moving,0.1,131,7591,347.67938931297715,0.17474561193474256,0.1388732267612238,3156,144.5496183206107,0.8041777474184091,0.5991105728069356
many_moving,0.1,132,7649,347.68181818181813,0.12251629489161037,0.11433170002147082,3156,143.45454545454547,0.8043399615695129,0.5994433990221123
many_moving,0.1,133,7706,347.63909774436087,0.15450186763515855,0.1419077825491345,3156,142.37593984962407,0.8043735895898378,0.5995128715100237
many_moving,0.1,134,7761,347.5074626865672,0.17583250311666324,0.16314848459710113,3162,141.58208955223878,0.47974892830845794,0.4031478217304358
many_moving,0.1,135,7816,347.3777777777778,0.2509488131497416,0.22528011272469714,3173,141.02222222222224,0.40931681835186573,0.3458906940550387
many_moving,0.1,136,7875,347.4264705882353,0.19429445832074985,0.1778965725779831,3185,140.51470588235296,0.48180712851692276,0.3975433782632639
many_moving,0.1,137,7930,347.2992700729927,0.156180968362891,0.14941711636506552,3191,139.75182481751827,0.3875264144353399,0.3165782333556966
many_moving,0.1,138,7985,347.1739130434783,0.11924351783631215,0.10018362538950018,3207,139.43478260869566,0.382579460327213,0.33066044336577555
many_moving,0.1,139,8039,347.00719424460425,0.1772845125699686,0.16127386248576994,3231,139.46762589928056,0.2119787830869474,0.17000512569326645
many_moving,0.1,140,8095,346.9285714285714,0.18221869363755894,0.16911132444298863,3255,139.5,0.2803317501554908,0.25525317474826076
many_moving,0.1,141,8150,346.80851063829783,0.14219202397229022,0.13528754849766503,3277,139.44680851063828,0.2241059474512142,0.18921342478407643
many_moving,0.1,142,8207,346.77464788732397,0.33158172895634774,0.2906481737026581,3314,140.02816901408448,0.2083136271541688,0.19105308735948245
many_moving,0.1,143,8264,346.7412587412587,0.15141404354250035,0.14138749816138063,3348,140.47552447552448,0.2704614487590192,0.250433700493945
many_moving,0.1,144,8322,346.75000000000006,0.26806083077616527,0.24550429720728062,3372,140.5,0.3031169776939289,0.2534006735148048
many_moving,0.1,145,8376,346.5931034482759,0.3408076346031144,0.30967713639450145,3385,140.0689655172414,0.3518933473546684,0.29289802190791714
many_moving,0.1,146,8432,346.5205479452055,0.15755677323930822,0.137241784517816,3398,139.64383561643837,0.34703175516634294,0.26936398594879624
many_moving,0.1,147,8486,346.3673469387755,0.19676544639159746,0.1734750622684333,3412,139.26530612244898,0.35307135217971825,0.28104438900861073
many_moving,0.1,148,8542,346.2972972972973,0.2774917746058096,0.251687052812662,3426,138.8918918918919,0.39407871093605584,0.36039649725183714
many_moving,0.1,149,8601,346.3489932885906,0.16079280141179814,0.14909375068629863,3429,138.08053691275165,0.3779863863462736,0.32200087770289526
many_moving,0.1,150,8658,346.32,0.23024807061377875,0.21079652154532338,3431,137.24,0.39205415389713155,0.3495198427883315
many_moving,0.1,151,8715,346.2913907284768,0.13015800395841748,0.12093514599550459,3433,136.41059602649008,0.4505963368038177,0.4270413505094973
many_moving,0.1,152,8768,346.10526315789474,0.2677789920066545,0.2375829207667174,3433,135.51315789473685,0.4663847474676858,0.44415064207403876
many_moving,0.1,153,8823,346,0.2832641204191651,0.26286737405131977,3433,134.62745098039218,0.46967521817152563,0.44760876769646846
many_moving,0.1,154,8882,346.05194805194805,0.18299000948712124,0.16659469627181828,3435,133.8311688311688,0.47033839903044794,0.44830170416719767
many_moving,0.1,155,8940,346.06451612903226,0.2665163408099856,0.240608683146469,3435,132.96774193548387,0.4704712369147809,0.44844034289289525
many_moving,0.1,156,8997,346.03846153846155,0.1846587415330025,0.16239886354384112,3435,132.1153846153846,0.47049781254617146,0.4484680726872592
many_moving,0.1,157,9053,345.9745222929936,0.2058293527282342,0.17649977980094184,3437,131.35031847133757,0.47050312799451827,0.44847361872803604
many_moving,0.1,158,9110,345.9493670886076,0.28638757122731545,0.2508008210572149,3441,130.67088607594937,0.503966937502605,0.4510124994873013
many_moving,0.1,159,9166,345.8867924528302,0.35952447513772734,0.3119189015478452,3448,130.11320754716982,0.5180904898323881,0.4722134397284028
many_moving,0.1,160,9223,345.8625,0.2741231549841565,0.2532346643055452,3448,129.3,0.5225251579444158,0.4773820222830792
many_moving,0.1,161,9280,345.8385093167702,0.3294463149458192,0.28375248436066197,3448,128.4968944099379,0.5234736000903402,0.4784548594244566
many_moving,0.1,162,9337,345.8148148148148,0.19483276974273442,0.17830235837053426,3448,127.7037037037037,0.5236657219612645,0.4786710288513658
many_moving,0.1,163,9392,345.7177914110429,0.24431024329917123,0.21222373250462517,3452,127.06748466257667,0.4734541126749448,0.42083519558432575
many_moving,0.1,164,9448,345.6585365853658,0.16455953218772215,0.15122334172748417,3453,126.32926829268293,0.44438113399138757,0.37425996783248816
many_moving,0.1,165,9501,345.4909090909091,0.2033067273096473,0.1767590166444221,3455,125.63636363636364,0.4477339769622805,0.38066884617148883
many_moving,0.1,166,9557,345.43373493975906,0.23929326365773526,0.22985724821371795,3457,124.95180722891565,0.4345970416637444,0.3678871500564582
many_moving,0.1,167,9615,345.4491017964072,0.13362729196304188,0.1272324860770534,3457,124.20359281437126,0.44671939727604815,0.38705888742607764
many_moving,0.1,168,9672,345.42857142857144,0.26873086050283135,0.22524578571547213,3457,123.46428571428572,0.44968184515163373,0.39118445355602316
many_moving,0.1,169,9730,345.44378698224847,0.25466336271752477,0.24216111387525135,3459,122.80473372781063,0.45029503317085184,0.39201888432668414
many_moving,0.1,170,9784,345.3176470588235,0.1508178128117484,0.1422925134647783,3466,122.32941176470588,0.46734787557955565,0.4122243582160283
many_moving,0.1,171,9842,345.3333333333333,0.35862223773223245,0.29122246548710673,3472,121.82456140350877,0.4459049490992252,0.38003626496070886
many_moving,0.1,172,9900,345.3488372093023,0.2438392161496529,0.21243413443750522,3481,121.43023255813954,0.4428338737257066,0.3741374185214576
many_moving,0.1,173,9958,345.36416184971097,0.23542113490182498,0.2157258249180051,3492,121.10982658959537,0.26824756083121154,0.2565248751220671
many_moving,0.1,174,10017,345.4137931034483,0.23473806224198157,0.21599760601134357,3503,120.79310344827587,0.2880010735330776,0.2711487116182718
many_moving,0.1,175,10074,345.39428571428573,0.2586999188247226,0.23549411120801064,3508,120.27428571428572,0.29497016804697274,0.2772220020197675
many_moving,0.1,176,10131,345.37500000000006,0.23025408037916828,0.1899466160494884,3515,119.82954545454547,0.2831515093160284,0.26966172482546713
many_moving,0.1,177,10187,345.32203389830505,0.17627502494913522,0.16080716277176976,3515,119.15254237288134,0.28185129849213403,0.26791453898220907
many_moving,0.1,178,10240,345.1685393258427,0.1884990422514714,0.16378903192706443,3519,118.61797752808988,0.2532707646072172,0.24244166766985975
many_moving,0.1,179,10296,345.11731843575416,0.3170592698533794,0.28746889328601627,3523,118.08938547486034,0.2932888761747186,0.27467193700084686
many_moving,0.1,180,10350,345,0.2776493058359349,0.23983508522607164,3536,117.86666666666667,0.2123007638227396,0.18710772554433677
many_moving,0.1,181,10409,345.04972375690613,0.35496233819182893,0.27020272771603066,3550,117.67955801104972,0.2531186205118027,0.2224427490567271
many_moving,0.1,182,10464,344.967032967033,0.27017383345042223,0.23315365848488373,3563,117.46153846153847,0.19268919318711555,0.16290343620839978
many_moving,0.1,183,10522,344.9836065573771,0.3290360684848781,0.2867784925790365,3575,117.21311475409837,0.1946627472596716,0.16303401993407965
many_moving,0.1,184,10579,344.9673913043478,0.26869056546109377,0.20995946633318546,3588,117,0.2153428453019963,0.19164727197647002
many_moving,0.1,185,10632,344.8216216216216,0.2133509380251806,0.19884712425346462,3600,116.75675675675676,0.2658563730747531,0.2448594225091643
many_moving,0.1,186,10690,344.83870967741933,0.3021154463807467,0.24281929523768792,3609,116.41935483870967,0.1960951488009883,0.18345908141749337
many_moving,0.1,187,10745,344.75935828877004,0.19022408232962204,0.16599046003939003,3610,115.8288770053476,0.2957437475862448,0.2803393618038814
many_moving,0.1,188,10802,344.74468085106383,0.24669192399628276,0.22974649761392252,3614,115.34042553191489,0.2940790497619404,0.2814691401997611
many_moving,0.1,189,10858,344.6984126984127,0.24408400010187092,0.23092491764589662,3618,114.85714285714286,0.2829325070789651,0.26513896135966813
many_moving,0.1,190,10914,344.6526315789474,0.3304636780859613,0.28012456019552046,3618,114.25263157894737,0.28382451252877633,0.2651657004485783
many_moving,0.1,191,10969,344.57591623036654,0.22130376312878108,0.19429890289292906,3621,113.74869109947646,0.27732947818910725,0.2582778041709768
many_moving,0.1,192,11025,344.53125,0.14297541546720036,0.12077399164594385,3621,113.15625,0.2763273097929038,0.2571816801358015
many_moving,0.1,193,11081,344.4870466321243,0.15314655183325127,0.13669921278339006,3623,112.6321243523316,0.27781459666791314,0.25839206554746835
many_moving,0.1,194,11137,344.44329896907215,0.2561667687500024,0.2177721118022176,3624,112.08247422680411,0.27816850752427097,0.2586938458761408
many_moving,0.1,195,11194,344.4307692307693,0.12990104450378412,0.11785737128648163,3626,111.56923076923077,0.27676119489427325,0.25718773523224875
many_moving,0.1,196,11248,344.3265306122449,0.21165256680831906,0.18762110433524395,3628,111.06122448979592,0.18266137403387953,0.17677152791483422
many_moving,0.1,197,11302,344.22335025380715,0.19412215430977492,0.17913778522092036,3628,110.49746192893402,0.17750015445707645,0.16841855395031183
many_moving,0.1,198,11359,344.21212121212125,0.2514986886804646,0.21638851654174943,3628,109.93939393939395,0.17722000326232712,0.16759995696545854
many_moving,0.1,199,11415,344.17085427135675,0.21907444149185906,0.19140247703786847,3633,109.53768844221105,0.1763336822953317,0.1658402870812454
many_moving,0.1,200,11472,344.16,0.2652769482835395,0.23206620242922554,3644,109.32,0.15921747141556386,0.14708937333992123
many_moving,0.1,201,11528,344.1194029850746,0.25409810207987865,0.22371606341578357,3652,109.01492537313432,0.20970289231157477,0.2020029192464228
many_moving,0.1,202,11584,344.0792079207921,0.19334116500014192,0.16890199964197267,3660,108.7128712871287,0.20632494907843887,0.17431816635200903
many_moving,0.1,203,11637,343.95073891625617,0.24608098335563525,0.22491896223713237,3672,108.5320197044335,0.22009616597537746,0.19307952251103347
many_moving,0.1,204,11694,343.9411764705883,0.163730116694371,0.14572035732973035,3684,108.35294117647058,0.24405798100438406,0.23153708846122
many_moving,0.1,205,11749,343.8731707317074,0.3239321414981612,0.3016458702249076,3692,108.05853658536586,0.1995914910179255,0.1765701416893125
many_moving,0.1,206,11805,343.8349514563107,0.20318273900051903,0.18356446420378913,3702,107.8252427184466,0.26770091089907616,0.24109667297127035
many_moving,0.1,207,11862,343.82608695652175,0.23615304314800128,0.21620882000527428,3710,107.53623188405797,0.2447462083555328,0.22733747589665448
many_moving,0.1,208,11919,343.8173076923077,0.3141311239063381,0.2982071409749378,3717,107.22115384615384,0.19585335151003,0.1699783205029484
many_moving,0.1,209,11976,343.8086124401914,0.15426824651262955,0.140818537064286,3721,106.82296650717704,0.20570139391722742,0.17799396492496294
many_moving,0.1,210,12032,343.7714285714286,0.22130791228592392,0.19164209930257428,3727,106.48571428571428,0.10978426341190284,0.10081193917904734
many_moving,0.1,211,12089,343.7630331753555,0.12003178784918152,0.10993948168705651,3733,106.15165876777252,0.20884156759877517,0.18764051520152436
many_moving,0.1,212,12145,343.72641509433964,0.1888729112820677,0.17156985696013863,3737,105.76415094339623,0.16527234312483136,0.15285414375376793
many_moving,0.1,213,12202,343.71830985915494,0.2751719079861608,0.23105320626163683,3742,105.40845070422536,0.14534023895350098,0.1344114153802134
many_moving,0.1,214,12259,343.7102803738318,0.21413814577837736,0.17657686629082367,3749,105.11214953271026,0.17158366050101284,0.16231833573283724
many_moving,0.1,215,12314,343.646511627907,0.2776139934669313,0.23101926967302056,3754,104.7627906976744,0.14806796577936568,0.13822199120460843
many_moving,0.1,216,12369,343.58333333333337,0.26500186180899615,0.2535620639582571,3758,104.38888888888889,0.15594280277952638,0.14589969540339234
many_moving,0.1,217,12425,343.5483870967742,0.24997554424246188,0.20497689925339496,3758,103.90783410138249,0.17968939717687382,0.16480051054820374
many_moving,0.1,218,12478,343.43119266055044,0.22842783497423558,0.20542651547961455,3762,103.54128440366972,0.16354017909430985,0.14536245416612115
many_moving,0.1,219,12533,343.36986301369865,0.34381277062832066,0.2867581896902677,3766,103.17808219178083,0.17356940396607298,0.1626428093174952
many_moving,0.1,220,12589,343.33636363636367,0.20098659437072053,0.17730097991044846,3766,102.70909090909092,0.1772008013101262,0.16721627741406936
many_moving,0.1,221,12646,343.33031674208144,0.29039747769942875,0.2181884680461185,3768,102.29864253393666,0.1759860787775886,0.1659849795719467
many_moving,0.1,222,12703,343.3243243243243,0.22446065956446615,0.209931659400186,3776,102.05405405405405,0.2174922520334078,0.19231933692521322
many_moving,0.1,223,12761,343.3452914798206,0.169762781840641,0.15976857181855364,3784,101.8116591928251,0.21227098265967706,0.18874952492241936
many_moving,0.1,224,12818,343.3392857142857,0.12837731814318412,0.11766051673058057,3791,101.54464285714286,0.19716616335077503,0.17948102550823591
many_moving,0.1,225,12874,343.3066666666667,0.11783789376345843,0.1088077381462211,3799,101.30666666666666,0.19890209850304835,0.16387503057703198
many_moving,0.1,226,12928,343.2212389380531,0.14474476329517075,0.1276455471911714,3806,101.04424778761063,0.27009023978213254,0.2268702705941012
many_moving,0.1,227,12984,343.18942731277536,0.16443695303330413,0.1548060131996419,3812,100.75770925110132,0.2049898786970604,0.18334346316142147
many_moving,0.1,228,13036,343.05263157894734,0.1939627433845583,0.16135772849564914,3818,100.47368421052633,0.24219460105426846,0.21551343996340144
many_moving,0.1,229,13093,343.04803493449776,0.24427797095460438,0.22576549498943288,3835,100.48034934497817,0.21928379035574877,0.1960533939717208
many_moving,0.1,230,13151,343.06956521739124,0.29386371649650855,0.21462980707830143,3854,100.53913043478259,0.18625788903671486,0.17833990443231573
many_moving,0.1,231,13208,343.06493506493507,0.23989285282946488,0.21285831808191333,3869,100.49350649350649,0.21092618218290302,0.19197892882968348
many_moving,0.1,232,13263,343.0086206896552,0.16139763266868934,0.14710227830928116,3884,100.44827586206895,0.25018246657408,0.22089632122973882
many_moving,0.1,233,13319,342.9785407725322,0.2452223862629995,0.21405322627358245,3901,100.4549356223176,0.23584682353394548,0.22408655367054642
many_moving,0.1,234,13375,342.94871794871796,0.1888171396981595,0.1825087039103692,3917,100.43589743589743,0.2537244809420092,0.23255501297536293
many_moving,0.1,235,13431,342.9191489361702,0.17987384038990636,0.1626921291438738,3933,100.41702127659575,0.1769930577123384,0.1466471713037019
many_moving,0.1,236,13485,342.8389830508475,0.1934736945097463,0.15612136796100573,3941,100.1949152542373,0.19288656368309637,0.16370936556877985
many_moving,0.1,237,13542,342.8354430379747,0.19845210323772383,0.17430883779234374,3943,99.82278481012658,0.20021780074080212,0.1700660791976266
many_moving,0.1,238,13596,342.75630252100837,0.252737631379546,0.2239883935041443,3945,99.45378151260503,0.19462078485547735,0.17063062793658437
many_moving,0.1,239,13649,342.652719665272,0.1456662651057578,0.13060375699347465,3946,99.06276150627616,0.19940524799801046,0.17639657070334
many_moving,0.1,240,13707,342.675,0.33268470635592046,0.30215701134710976,3946,98.65,0.20058126532002996,0.17769651363696537
many_moving,0.1,241,13762,342.62240663900417,0.5285055664248318,0.42976874212024907,3975,98.96265560165975,0.6181488794362769,0.5226067643498822
many_moving,0.1,242,13819,342.6198347107438,0.5874829543125758,0.5317169185566591,4015,99.54545454545455,0.6022805377095001,0.5461493750750503
many_moving,0.1,243,13874,342.56790123456796,0.5912556796711587,0.5329029123976039,4053,100.07407407407408,0.690314076985863,0.6456213063813392
many_moving,0.1,244,13931,342.5655737704918,0.6517436715854283,0.5506603171687376,4093,100.64754098360656,0.7269292765146014,0.6292964983896101
many_moving,0.1,245,13986,342.51428571428573,0.5494732721755323,0.45292108930490976,4132,101.19183673469388,0.6988304885364273,0.6375227437304777
many_moving,0.1,246,14038,342.39024390243907,0.553848995502483,0.4752441639693907,4168,101.65853658536587,0.6004636021570484,0.5563140994737183
many_moving,0.1,247,14090,342.2672064777328,0.5088798533285684,0.4297150590602334,4204,102.12145748987855,0.6796312745228291,0.6432131115067605
many_moving,0.1,248,14140,342.09677419354836,0.8944545767811566,0.8304050633693147,4243,102.6532258064516,0.7321092561853688,0.6579645511324017
many_moving,0.1,249,14194,342.0240963855422,0.9741911479956203,0.751790223561289,4281,103.1566265060241,1.0085998206393063,0.8162941538294357
many_moving,0.1,250,14248,341.95199999999994,0.8476042112135456,0.7042153350970357,4319,103.65599999999999,0.8606235022082513,0.7404967882344337
many_moving,0.1,251,14302,341.8804780876494,0.7502178110991586,0.5820054582264863,4362,104.27091633466135,0.6571682744103087,0.5682461603075258
many_moving,0.1,252,14360,341.90476190476187,0.6991608311815138,0.5751727877671102,4409,104.97619047619047,0.7766830049866866,0.7475830274988124
many_moving,0.1,253,14424,342.0711462450593,0.8093916546394936,0.6958178782072926,4457,105.699604743083,0.7841559018653286,0.6569016403635334
many_moving,0.1,254,14485,342.1653543307087,0.9111854157821627,0.6996880110083328,4496,106.20472440944883,0.7403510317526218,0.58136172331459
many_moving,0.1,255,14545,342.2352941176471,0.7863403261297124,0.6957521386492895,4535,106.70588235294117,0.8734836215039015,0.7108777593445926
many_moving,0.1,256,14605,342.3046875,0.6915143685725369,0.5884224486656661,4574,107.203125,0.9433348283003385,0.7916682313406979
many_moving,0.1,257,14661,342.2801556420233,0.8326510943767114,0.6838075444417029,4613,107.69649805447472,1.127829663045927,0.9072143243398914
many_moving,0.1,258,14716,342.2325581395349,1.0906092401625929,0.8603401073740244,4647,108.06976744186046,1.1976845685979978,1.0347690913714787
many_moving,0.1,259,14768,342.11583011583014,1.094841919787546,0.9736053417604891,4681,108.44015444015446,1.2777913232778368,1.1433257106034653
many_moving,0.1,260,14822,342.04615384615386,1.1990178331499886,1.0685857136781576,4720,108.92307692307693,1.3749566859714086,1.235008546185086
many_moving,0.1,261,14872,341.8850574712644,1.1007762729679185,0.940138194932939,4758,109.3793103448276,1.2526263255669037,1.1371017349320067
many_moving,0.1,262,14926,341.8167938931298,0.8989406752799568,0.8258225119040146,4796,109.8320610687023,1.3267523136895785,1.1964139103403306
many_moving,0.1,263,14976,341.657794676806,1.0788303425099057,0.8678229599783279,4835,110.3041825095057,1.5352200607834359,1.3716118606125358
many_moving,0.1,264,15029,341.5681818181818,1.1197225677677867,0.9934347772937242,4874,110.77272727272725,1.3958503637689508,1.2619375134849198
many_moving,0.1,265,15086,341.5698113207547,1.2164271798173572,1.088450993663289,4912,111.21509433962264,1.3671165886408307,1.198926173057925
many_moving,0.1,266,15144,341.593984962406,0.7095177429581254,0.6083785925881601,4954,111.74436090225562,1.0560314392634595,0.942826593002249
many_moving,0.1,267,15203,341.6404494382022,0.6285183554218429,0.5488011109479245,4991,112.15730337078652,0.7443089325704306,0.651006795275178
many_moving,0.1,268,15258,341.5970149253731,0.7597484713215488,0.6710830051303736,5035,112.72388059701493,0.8060794938277038,0.7520688559149068
many_moving,0.1,269,15316,341.6208178438661,0.724097016575408,0.6113644431661873,5074,113.17472118959107,0.7584339066075143,0.680945821742337
many_moving,0.1,270,15374,341.64444444444445,1.1019021259121127,0.9389490388588337,5112,113.6,0.8081984178109411,0.6999881499203962
many_moving,0.1,271,15428,341.5793357933579,1.0493284345630363,0.9583050510017592,5148,113.97785977859778,0.9267603650845977,0.7926638800788571
many_moving,0.1,272,15486,341.60294117647055,1.1211183943697545,0.9938841750035874,5187,114.41911764705884,0.9274449486486918,0.7840233965348263
many_moving,0.1,273,15537,341.4725274725275,1.3683089642029178,1.1165508101908515,5227,114.87912087912089,0.8563075586264787,0.7691510497418481
many_moving,0.1,274,15596,341.51824817518246,1.2873088669607367,1.111184869162535,5267,115.33576642335768,0.8007211708776931,0.7164218490499149
many_moving,0.1,275,15653,341.52000000000004,1.4715024372326018,1.1062424917761549,5307,115.78909090909093,0.8506143956316244,0.7230979607109743
many_moving,0.1,276,15708,341.47826086956525,0.6044131477966145,0.5374858118778587,5344,116.17391304347827,0.9942129199445637,0.8654265405602002
many_moving,0.1,277,15764,341.4584837545127,0.6322805807673738,0.5748609525679711,5384,116.62093862815885,0.9324904601758931,0.8412951148564366
many_moving,0.1,278,15817,341.37410071942446,0.5255875857416632,0.489092381894354,5422,117.02158273381295,0.8511467617728058,0.709708531549375
many_moving,0.1,279,15871,341.3118279569892,0.49206210187430727,0.45247522322185973,5458,117.37634408602149,1.01568098118845,0.8912308850681082
many_moving,0.1,280,15925,341.25,1.0780316728827368,0.9087032020771829,5494,117.72857142857141,1.2163726089934652,1.0598780627033197
many_moving,0.1,281,15976,341.12455516014234,0.7503499374910189,0.6764086789475493,5531,118.09964412811388,0.9337693016390168,0.8396865906526692
many_moving,0.1,282,16031,341.08510638297867,0.8294300748181832,0.6952917231976581,5570,118.51063829787233,0.7810963068215984,0.6823670318111646
many_moving,0.1,283,16091,341.1519434628975,0.7183841915257579,0.6145465652070976,5615,119.04593639575971,0.7968067422927837,0.7302200248764364
many_moving,0.1,284,16153,341.26056338028167,0.655026087673544,0.5320846689740935,5655,119.47183098591549,0.6527756676364571,0.6183209169103744
many_moving,0.1,285,16211,341.28421052631575,0.8002476520269112,0.6363839572857719,5696,119.91578947368421,0.5823570005595929,0.5227249652022824
many_moving,0.1,286,16271,341.34965034965035,0.8053309242318133,0.7129540850015094,5736,120.33566433566435,0.6871850040496786,0.5706682389261054
many_moving,0.1,287,16326,341.3101045296167,0.7627775470799447,0.6916696919613207,5773,120.68989547038326,0.8898443110836974,0.7369186146100831
many_moving,0.1,288,16380,341.25,0.9229645235399588,0.7662457231471429,5810,121.04166666666667,0.9532203768392594,0.7939302245753126
many_moving,0.1,289,16432,341.14878892733566,1.0699798086316938,0.882563472027887,5846,121.37024221453288,1.100206323540395,0.9311431370334973
many_moving,0.1,290,16487,341.11034482758623,1.1974624667305833,0.9947516343431667,5883,121.71724137931034,1.1980064806012811,1.0001767718869696
many_moving,0.1,291,16540,341.03092783505156,1.2498347059611707,1.056841187045921,5919,122.04123711340206,1.056585154721057,0.8753420599928174
many_moving,0.1,292,16591,340.9109589041096,1.131830789743162,0.9508320730981141,5957,122.40410958904111,1.1251876150267213,0.9980467061479136
many_moving,0.1,293,16647,340.8941979522184,0.9194747841439592,0.7776398342043314,5995,122.76450511945391,1.2341295523574918,1.0467306735875421
many_moving,0.1,294,16702,340.85714285714283,0.9344176358205837,0.7675320197172782,6032,123.10204081632654,1.3115798400908634,1.1151140489024358
many_moving,0.1,295,16756,340.79999999999995,1.1786910118528857,0.9827982349525725,6069,123.4372881355932,1.5077761279969362,1.326544779920167
many_moving,0.1,296,16812,340.7837837837838,1.2841246015048042,1.1272350996587053,6105,123.75,1.6644021331728078,1.5244323368602173
many_moving,0.1,297,16870,340.8080808080808,0.850237049241013,0.6765437478035816,6145,124.14141414141413,1.4042973302115538,1.1713977579655757
many_moving,0.1,298,16931,340.8926174496644,0.8179441194926078,0.7391183016429989,6186,124.5503355704698,0.9693822765622331,0.8765449594336028
many_moving,0.1,299,16990,340.9364548494983,0.6049714083180463,0.46675370806713945,6225,124.91638795986621,0.7666252233322004,0.7035828044640284
many_moving,0.1,300,17049,340.98,0.7991504059498689,0.6689124041162752,6264,125.28,0.7246937806624292,0.6787488513473684
many_moving,0.1,301,17106,340.98338870431894,0.510069006937191,0.35598957091356476,6281,125.20265780730898,0.5433873838901615,0.4546010171972757
many_moving,0.1,302,17163,340.9867549668874,0.423610133674308,0.3487660522081601,6281,124.78807947019868,0.5367782871793486,0.4463462289912634
many_moving,0.1,303,17222,341.029702970297,0.3450403093013172,0.2605175107736291,6281,124.37623762376238,0.536894078763019,0.44672283417233294
many_moving,0.1,304,17282,341.0921052631579,0.35329266629314804,0.32693673486387365,6281,123.9671052631579,0.5369750342275238,0.4468413693207104
many_moving,0.1,305,17342,341.1540983606558,0.29018744966043847,0.2658784811172217,6283,123.6,0.5369935355646857,0.44686666422445603
many_moving,0.1,306,17403,341.2352941176471,0.254279288459245,0.21607705988885445,6283,123.19607843137256,0.491404441478691,0.4262141371801379
many_moving,0.1,307,17461,341.257328990228,0.2726833100274228,0.24652774121228105,6283,122.79478827361564,0.5133825814855256,0.4399994060838443
many_moving,0.1,308,17518,341.2597402597402,0.3847834649240446,0.3346710072227558,6286,122.45454545454545,0.5896804994574635,0.49474163989756237
many_moving,0.1,309,17575,341.26213592233006,0.2289258664273102,0.19487254151004899,6286,122.05825242718446,0.607410024083567,0.5061158353421245
many_moving,0.1,310,17632,341.26451612903224,0.2562947526404526,0.1956792639191888,6286,121.66451612903225,0.6110376682207731,0.5084068489393405
many_moving,0.1,311,17689,341.2668810289389,0.29177241118379205,0.2742991440279396,6286,121.27331189710611,0.6117663452863957,0.5088656969078946
many_moving,0.1,312,17749,341.3269230769231,0.37496580763688464,0.35348220956065396,6286,120.88461538461539,0.6119122056832293,0.5089574923021153
many_moving,0.1,313,17802,341.2523961661342,0.3038926997992572,0.26066719890523854,6290,120.57507987220447,0.6150392265375696,0.5195993814432395
many_moving,0.1,314,17857,341.21656050955414,0.23215189994772648,0.21300607807083932,6290,120.19108280254777,0.5643168794574089,0.4864620550235588
many_moving,0.1,315,17916,341.25714285714287,0.4288677031723693,0.3087192940843396,6296,119.92380952380952,0.5542135572740607,0.5064222688532423
many_moving,0.1,316,17975,341.2974683544304,0.17719881894966982,0.15948419629404517,6303,119.67721518987341,0.5205971594298449,0.4412790691723716
many_moving,0.1,317,18035,341.35646687697164,0.15538339603809787,0.14506183262027972,6303,119.29968454258675,0.5182265816533543,0.43235875664302875
many_moving,0.1,318,18089,341.3018867924529,0.262709465937784,0.23648906228023686,6303,118.92452830188678,0.5179355210367446,0.43087657489096215
many_moving,0.1,319,18147,341.3228840125392,0.1999561920240229,0.1848010142864479,6308,118.64576802507837,0.5100697381848012,0.41559521606908445
many_moving,0.1,320,18203,341.30625000000003,0.14194285164476023,0.12625442857803795,6321,118.51875000000001,0.4937511028010746,0.37172132780505274
many_moving,0.1,321,18259,341.2897196261683,0.36327308057139657,0.2457809973002711,6340,118.50467289719627,0.45135868864753625,0.3553298653471778
many_moving,0.1,322,18317,341.31055900621124,0.19702460468233413,0.18733359852897885,6366,118.62111801242237,0.4404550370694231,0.3357559241227076
many_moving,0.1,323,18374,341.312693498452,0.27052436083332493,0.23674508789691898,6405,118.9783281733746,0.43717518293337043,0.3587939128523569
many_moving,0.1,324,18434,341.3703703703704,0.35952944949145005,0.26155421629943476,6442,119.29629629629629,0.4137685955789278,0.3018678177496097
many_moving,0.1,325,18491,341.37230769230763,0.2708399246107483,0.24171675086890376,6476,119.55692307692307,0.4244395522958352,0.33853841344000946
many_moving,0.1,326,18549,341.39263803680984,0.3659416094601594,0.3183533299276046,6499,119.61349693251533,0.4109837786916974,0.3026479489545719
many_moving,0.1,327,18607,341.41284403669727,0.11786847926389277,0.10620898631472467,6515,119.54128440366972,0.40499883332256487,0.2859628691926092
many_moving,0.1,328,18661,341.35975609756093,0.3022494437227802,0.252884859504541,6535,119.54268292682927,0.4353504128457349,0.36217899252265906
many_moving,0.1,329,18720,341.39817629179333,0.30739591738389654,0.27233440569016093,6543,119.32522796352583,0.4379505602665175,0.3691690835504177
many_moving,0.1,330,18776,341.3818181818182,0.17348955691451298,0.13836648806039814,6544,118.98181818181818,0.3375584439806616,0.3200316147689285
many_moving,0.1,331,18836,341.4380664652568,0.21232799348373196,0.17935329720690535,6545,118.6404833836858,0.3234979650837435,0.3113511404441274
many_moving,0.1,332,18894,341.45783132530124,0.1832407139969519,0.16898504383218588,6545,118.28313253012048,0.3210037080007028,0.3096749390369874
many_moving,0.1,333,18952,341.4774774774775,0.19092829024709637,0.16092842332261897,6545,117.92792792792793,0.3205182191294598,0.3093422419640618
many_moving,0.1,334,19009,341.4790419161677,0.27161036744484035,0.21942727829593203,6545,117.5748502994012,0.3204216609679175,0.3092758055282129
many_moving,0.1,335,19070,341.55223880597015,0.22652612398185884,0.21443227869789144,6547,117.25970149253733,0.32040237096081325,0.3092625223703194
many_moving,0.1,336,19128,341.5714285714286,0.25844616007597104,0.21229519944677772,6547,116.9107142857143,0.30283142745095304,0.2946880557497143
many_moving,0.1,337,19184,341.5548961424333,0.2716367183903465,0.20275154854067284,6547,116.56379821958458,0.3049325849195252,0.2950151975365171
many_moving,0.1,338,19241,341.5562130177514,0.27871376105773077,0.23138232752247348,6549,116.25443786982247,0.3075445842852272,0.29659395446140735
many_moving,0.1,339,19298,341.55752212389376,0.4159940530718836,0.32866877502887737,6549,115.91150442477876,0.30809151081398745,0.2969163116366903
many_moving,0.1,340,19356,341.5764705882353,0.21171401665032177,0.1901813832828659,6554,115.65882352941175,0.29507356040906774,0.27417792044336886
many_moving,0.1,341,19414,341.5953079178886,0.2610283625840402,0.2158092337095984,6557,115.37243401759531,0.24841792233996268,0.2129169645926102
many_moving,0.1,342,19472,341.6140350877193,0.26592080078793306,0.21002833326994352,6557,115.03508771929825,0.2528536390952367,0.21567921183551725
many_moving,0.1,343,19530,341.63265306122446,0.22891001000384162,0.20414919528937925,6565,114.8396501457726,0.2510967324013712,0.2096493611549896
many_moving,0.1,344,19589,341.6686046511628,0.2717018373842389,0.2575273446924964,6565,114.50581395348837,0.30558955703904755,0.2709595792801292
many_moving,0.1,345,19649,341.7217391304348,0.21797071224933376,0.19756161012542692,6566,114.19130434782609,0.3230314883222527,0.2877942439369979
many_moving,0.1,346,19706,341.7225433526011,0.18532799535822916,0.17374674395748466,6567,113.87861271676302,0.3445805097341098,0.30253070757352585
many_moving,0.1,347,19761,341.68876080691643,0.1870419930685513,0.17007510765830527,6567,113.55043227665708,0.3494173213037493,0.3059985403529837
many_moving,0.1,348,19820,341.7241379310345,0.15651266803910988,0.146908009467153,6567,113.22413793103449,0.35040394823227716,0.30671046373767413
many_moving,0.1,349,19880,341.7765042979943,0.276146408938568,0.2504762213165229,6567,112.89971346704873,0.35060203014871705,0.3068535586703348
many_moving,0.1,350,19934,341.72571428571433,0.27553431803177614,0.2604560136581212,6569,112.61142857142858,0.35064167668170604,0.3068822058722512
many_moving,0.1,351,19990,341.70940170940173,0.2552878699333241,0.2209015392018152,6569,112.2905982905983,0.4450390925251315,0.3634980894987234
many_moving,0.1,352,20049,341.74431818181824,0.21764463429935826,0.19896368442814732,6569,111.9715909090909,0.46652432391594184,0.37686229629367934
many_moving,0.1,353,20106,341.74504249291783,0.265373176476941,0.2381530428928905,6572,111.70538243626062,0.47089665409281234,0.3796047259218578
many_moving,0.1,354,20166,341.7966101694915,0.2377173692305765,0.21397902889426995,6572,111.38983050847457,0.4717739525272508,0.38015582016827104
many_moving,0.1,355,20225,341.83098591549293,0.1879660521834663,0.16125092184574752,6577,111.16056338028169,0.47607922862329544,0.3848430130812017
many_moving,0.1,356,20283,341.84831460674155,0.1656456471366011,0.14797759210069983,6579,110.8820224719101,0.4675148672275879,0.37412506427698694
many_moving,0.1,357,20339,341.83193277310926,0.2541231826313259,0.22623886307299879,6579,110.57142857142857,0.46814125878956486,0.37694994247163105
many_moving,0.1,358,20396,341.83240223463685,0.18594438897543977,0.1698081971224346,6587,110.39664804469274,0.4658194846740632,0.36942186267253807
many_moving,0.1,359,20452,341.81615598885793,0.2290542324246352,0.21105879657880142,6590,110.13927576601671,0.5213677663370283,0.43317115155145336
many_moving,0.1,360,20509,341.81666666666666,0.27722603329239004,0.25161952545747573,6596,109.93333333333334,0.3788295414466311,0.3279305766714986
many_moving,0.1,361,20569,341.86703601108036,0.17950971275117478,0.1457792000132667,6605,109.77839335180056,0.40334896365112444,0.34869814796328646
many_moving,0.1,362,20627,341.88397790055245,0.27896011382018565,0.25461240010254244,6624,109.79005524861878,0.3004298602398731,0.25656392022326496
many_moving,0.1,363,20683,341.86776859504135,0.29210239381151976,0.2735415980767281,6642,109.78512396694217,0.3131930284448642,0.19967195108802835
many_moving,0.1,364,20742,341.90109890109886,0.16685602642380923,0.15197727269909667,6666,109.87912087912089,0.3271980389853549,0.2693843785933843
many_moving,0.1,365,20797,341.8684931506849,0.20925760943774518,0.19809524523391012,6693,110.02191780821917,0.2965724811935022,0.24284180855421783
many_moving,0.1,366,20856,341.9016393442623,0.19694269250287333,0.17098825121349065,6716,110.09836065573772,0.24414849852385356,0.2233276116682373
many_moving,0.1,367,20914,341.9182561307902,0.25665568619934687,0.21607912116082267,6738,110.15803814713897,0.21841494680964632,0.2005313310018096
many_moving,0.1,368,20975,341.9836956521739,0.2818105379950161,0.24138328758532124,6759,110.20108695652173,0.2396176993771496,0.20303588453276342
many_moving,0.1,369,21033,342,0.1764979349480649,0.13672926351163833,6766,110.01626016260163,0.27119390123434356,0.23706790420627738
many_moving,0.1,370,21093,342.0486486486487,0.19379779426340868,0.1782259996666653,6779,109.92972972972971,0.21523027394436675,0.18072550733698006
many_moving,0.1,371,21152,342.08086253369265,0.4727727602033914,0.3984048826623856,6783,109.69811320754715,0.24023167632656867,0.20029884762038302
many_moving,0.1,372,21212,342.12903225806446,0.3666049710215487,0.30358271422751043,6783,109.4032258064516,0.2474349328321663,0.20868814381770912
many_moving,0.1,373,21271,342.16085790884716,0.35132388770217465,0.29290774110805506,6787,109.17426273458446,0.25202778629868006,0.21000884946941042
many_moving,0.1,374,21330,342.19251336898395,0.24328988174606103,0.21830912831493698,6787,108.88235294117648,0.22928976700689555,0.1890822655721311
many_moving,0.1,375,21389,342.224,0.3110288691838798,0.24087900479866908,6788,108.60799999999999,0.2147105576902165,0.16951638724308501
many_moving,0.1,376,21446,342.2234042553191,0.21914916050942063,0.1954317501657853,6789,108.33510638297872,0.213504945921079,0.16683222602701156
many_moving,0.1,377,21504,342.2387267904509,0.3445839471562094,0.2876731392174222,6789,108.04774535809018,0.2133361930531228,0.16637507417079228
many_moving,0.1,378,21561,342.23809523809524,0.23285397023881624,0.20990401585792967,6789,107.76190476190476,0.21330535551588584,0.16628718236922044
many_moving,0.1,379,21617,342.221635883905,0.3905207381460143,0.29734779380668447,6789,107.47757255936675,0.213299304651255,0.16626974847369017
many_moving,0.1,380,21674,342.22105263157897,0.303124046694317,0.2622283516759258,6791,107.22631578947369,0.213298099144973,0.16626626749666104
many_moving,0.1,381,21733,342.25196850393706,0.26624542423836445,0.23306532382733955,6791,106.94488188976379,0.23498613350421235,0.19151281774440174
many_moving,0.1,382,21793,342.2984293193718,0.20355422275040014,0.16781934885936461,6793,106.69633507853403,0.24708969697445965,0.20328180741846164
many_moving,0.1,383,21852,342.3289817232376,0.22349166966233805,0.20403046825676102,6799,106.51174934725847,0.23132598895705508,0.20189944588708655
many_moving,0.1,384,21913,342.390625,0.28161808167887925,0.2411172669034946,6799,106.23437499999999,0.23616256452059842,0.2122509510195172
many_moving,0.1,385,21972,342.4207792207792,0.2080626217255314,0.1870115117904075,6806,106.06753246753247,0.27530892613479674,0.24002400382864214
many_moving,0.1,386,22030,342.43523316062175,0.32385035752194474,0.2920276398209493,6806,105.79274611398964,0.2720724352591905,0.2126462911879913
many_moving,0.1,387,22086,342.41860465116275,0.26297661604172645,0.24407685732286905,6810,105.5813953488372,0.31132880681773806,0.2579998907255807
many_moving,0.1,388,22145,342.4484536082474,0.22133157274176884,0.19752860257680996,6819,105.44845360824742,0.24963296227634602,0.21867125630027434
many_moving,0.1,389,22202,342.4473007712082,0.20014105103020519,0.17235247502382625,6827,105.30077120822622,0.301926637553202,0.2517561524673045
many_moving,0.1,390,22263,342.5076923076923,0.173107472368973,0.14864677336979845,6838,105.19999999999999,0.27708527190436233,0.250237078725007
many_moving,0.1,391,22323,342.5524296675192,0.23095891850131353,0.20475666718458996,6851,105.1304347826087,0.22847926015120887,0.20179560824918147
many_moving,0.1,392,22382,342.5816326530612,0.21311214794650113,0.19837953652573231,6864,105.06122448979592,0.21197133161424367,0.19639183602898866
many_moving,0.1,393,22440,342.59541984732823,0.17956922007862813,0.14984395283500698,6876,104.97709923664122,0.23909721381600524,0.23006905406729858
many_moving,0.1,394,22498,342.6091370558376,0.26280093306737806,0.228656509122752,6894,104.98477157360406,0.2605454918023852,0.23972096993645514
many_moving,0.1,395,22557,342.6379746835443,0.24037362057090061,0.23137014055750224,6911,104.97721518987342,0.27576519322731796,0.25568076104883886
many_moving,0.1,396,22616,342.6666666666667,0.1801510403939639,0.16618984169260248,6922,104.87878787878789,0.1706660236762365,0.14081991226598292
many_moving,0.1,397,22673,342.66498740554164,0.21655560435884447,0.19489239577031725,6927,104.69017632241815,0.18616485459094362,0.14944158920740605
many_moving,0.1,398,22734,342.72361809045225,0.24902421320994286,0.19862930113682847,6940,104.62311557788944,0.23830079150131306,0.2021788659045162
many_moving,0.1,399,22790,342.70676691729324,0.20068285554013732,0.19347391245034137,6946,104.45112781954887,0.20260378830542258,0.17319644599982972
many_moving,0.1,400,22847,342.705,0.264048262125647,0.23007787332683974,6958,104.36999999999999,0.16335994174182486,0.15018351240599342
many_moving,0.1,401,22908,342.7630922693267,0.24709993659413765,0.21571986340198285,6960,104.13965087281795,0.21179907412672408,0.1897794123535016
many_moving,0.1,402,22964,342.74626865671644,0.19925502265353323,0.1820944161291324,6960,103.88059701492537,0.22937071689937896,0.20250313142162338
many_moving,0.1,403,23023,342.77419354838713,0.24367197885394756,0.22950009464128684,6964,103.68238213399503,0.24163274072713994,0.20499925075842715
many_moving,0.1,404,23079,342.75742574257424,0.19941185760649566,0.16665131406763256,6964,103.42574257425743,0.2551285847196357,0.21186337171454314
many_moving,0.1,405,23135,342.74074074074076,0.3133134045995523,0.28938932853187593,6964,103.17037037037036,0.2621288843761778,0.2193957570816481
many_moving,0.1,406,23193,342.7536945812808,0.2449313327064333,0.2157070035964444,6964,102.91625615763546,0.2636796314932906,0.22102980245431064
many_moving,0.1,407,23252,342.78132678132675,0.19904723965820492,0.1844587500345856,6964,102.66339066339066,0.26399559741744977,0.22136131251254185
many_moving,0.1,408,23310,342.79411764705884,0.25846582158964865,0.22128030566391083,6964,102.41176470588235,0.26405902154897193,0.22142780070573037
many_moving,0.1,409,23367,342.7921760391198,0.33645616352250207,0.3015412967086135,6966,102.19070904645477,0.29077209122966857,0.2591889194552616
many_moving,0.1,410,23424,342.79024390243904,0.20336349783694446,0.1884540928348373,6970,102,0.306501812333928,0.27648988857007756
many_moving,0.1,411,23484,342.8321167883212,0.24694954693303756,0.22707358946881356,6970,101.75182481751825,0.2485798053667271,0.22600562285098866
many_moving,0.1,412,23539,342.80097087378647,0.25679824374885657,0.2429021601411158,6970,101.50485436893204,0.2511453025865655,0.22819809080586267
many_moving,0.1,413,23595,342.78450363196123,0.2864686938317113,0.26685223179043077,6976,101.34624697336561,0.23835362950821187,0.20267741293615868
many_moving,0.1,414,23655,342.82608695652175,0.2919629045725225,0.27795890714351523,6976,101.10144927536231,0.23984112069427252,0.20250571065988315
many_moving,0.1,415,23714,342.8530120481928,0.14308657033242134,0.1155364056911828,6983,100.9590361445783,0.25315806841889477,0.22438878054517392
many_moving,0.1,416,23772,342.8653846153846,0.28877562420111763,0.245714598187298,6983,100.71634615384615,0.27458156547466733,0.24559613890382498
many_moving,0.1,417,23827,342.83453237410066,0.22833787262832475,0.19632035070795326,6985,100.50359712230215,0.28928449299746556,0.263037446054459
many_moving,0.1,418,23885,342.8468899521531,0.22532566535805165,0.18180726552985302,6992,100.36363636363637,0.321974881554851,0.30440866701257774
many_moving,0.1,419,23945,342.88782816229116,0.10866005096515315,0.09322067332031306,6997,100.19570405727924,0.2798930731985534,0.2367477962574724
many_moving,0.1,420,24002,342.88571428571424,0.21078439007392252,0.1838713704236113,7001,100.01428571428572,0.34411461256232145,0.3377559881251543
many_moving,0.1,421,24059,342.8836104513064,0.1558851977206562,0.14414057965271715,7006,99.8479809976247,0.3644932479025808,0.3551313278731723
many_moving,0.1,422,24118,342.9099526066351,0.2299494526209103,0.21515779954600042,7011,99.68246445497631,0.32226713623856856,0.31044835267582627
many_moving,0.1,423,24176,342.92198581560285,0.1710485547573122,0.15967230136266103,7016,99.51773049645391,0.3104933800203536,0.29361937033898683
many_moving,0.1,424,24234,342.933962264151,0.2665446154816376,0.24366911073934303,7023,99.38207547169812,0.3420480305611345,0.33267877579220795
many_moving,0.1,425,24292,342.94588235294117,0.248730657134891,0.21817823547315066,7027,99.20470588235295,0.3608130684110753,0.3550577434363925
many_moving,0.1,426,24347,342.9154929577465,0.21556435067145144,0.19262963566168403,7027,98.9718309859155,0.36198521186191945,0.3419172839851683
many_moving,0.1,427,24406,342.94145199063234,0.36971736641799274,0.30555199793529886,7027,98.74004683840751,0.37510924974177423,0.3488991215082665
many_moving,0.1,428,24463,342.9392523364486,0.49881440572119107,0.34804876986124117,7030,98.55140186915887,0.37564307094266564,0.3497589399314288
many_moving,0.1,429,24523,342.979020979021,0.2905369120581736,0.2458502513501129,7030,98.32167832167832,0.37609252499637885,0.3501903358101856
many_moving,0.1,430,24580,342.9767441860465,0.4549192169567621,0.32112163370315594,7036,98.1767441860465,0.3717584740073863,0.3326839342415936
many_moving,0.1,431,24639,343.00232018561485,0.23440946799884754,0.20906933869071334,7036,97.94895591647332,0.3759745134357065,0.33680758485358797
many_moving,0.1,432,24694,342.97222222222223,0.3214543979909729,0.25428900600635823,7041,97.79166666666667,0.357311676162785,0.31697790138254184
many_moving,0.1,433,24751,342.96997690531174,0.23898957356096842,0.20471629155211762,7050,97.6905311778291,0.2508866367519967,0.22400138771487485
many_moving,0.1,434,24809,342.9815668202765,0.3352115498069739,0.24672202495110032,7060,97.6036866359447,0.23678966226980527,0.22165178950837588
many_moving,0.1,435,24868,343.00689655172414,0.23364001249768124,0.21149148796303438,7072,97.5448275862069,0.3081590936132956,0.2619585683214711
many_moving,0.1,436,24926,343.0183486238532,0.19556684567746185,0.16454715877985454,7084,97.4862385321101,0.40868065522698693,0.37572636045712005
many_moving,0.1,437,24982,343.00228832951944,0.18021565628038744,0.14767876470287264,7096,97.42791762013731,0.2887659908762177,0.2612096880174125
many_moving,0.1,438,25040,343.013698630137,0.21753787553894724,0.20337877690717082,7108,97.36986301369862,0.3371516922009629,0.30377230683663964
many_moving,0.1,439,25101,343.0660592255125,0.23022259291576763,0.19156207028304675,7117,97.27107061503418,0.42457601820890345,0.3886462709699977
many_moving,0.1,440,25158,343.0636363636364,0.23840189629248262,0.21180202419449357,7128,97.2,0.4334457912121412,0.3867427963391254
many_moving,0.1,441,25216,343.0748299319728,0.372468692323625,0.2885036893760401,7129,96.99319727891157,0.3146287469621428,0.2494527124901552
many_moving,0.1,442,25276,343.1131221719457,0.23588709358152019,0.21320277340106827,7129,96.7737556561086,0.31956541024055424,0.2510464388143036
many_moving,0.1,443,25332,343.0970654627539,0.19094773488965935,0.15595374193461947,7132,96.5959367945824,0.3078568720406519,0.23141046186297426
many_moving,0.1,444,25392,343.1351351351351,0.21928835942940647,0.18240047378175211,7132,96.37837837837839,0.30650852413682406,0.2279698696448617
many_moving,0.1,445,25449,343.1325842696629,0.20544383244250783,0.18896454337823615,7137,96.22921348314607,0.30852783624679514,0.2348167946866147
many_moving,0.1,446,25506,343.1300448430493,0.37129718928775435,0.31244786041641004,7137,96.01345291479821,0.3153515442924889,0.24171467032927238
many_moving,0.1,447,25566,343.1677852348993,0.23402079659716252,0.21298777171808597,7144,95.89261744966443,0.343068387994319,0.28132611941307506
many_moving,0.1,448,25623,343.1651785714286,0.16951826224954608,0.14028762492380703,7154,95.8125,0.31808302225605767,0.25983650099969374
many_moving,0.1,449,25681,343.17594654788417,0.19603920601654098,0.17811290847263855,7161,95.69265033407572,0.17854064231058614,0.16984088565303074
many_moving,0.1,450,25740,343.2,0.29947671400025777,0.2289543695846056,7167,95.56,0.15388824542775062,0.14674016832163186
many_moving,0.1,451,25796,343.1840354767184,0.21333669922489223,0.19429309550885965,7181,95.53436807095343,0.17302702991897162,0.1569328739308043
many_moving,0.1,452,25853,343.1814159292036,0.3287160784788761,0.2867943943725043,7202,95.60176991150443,0.1584510338128661,0.14698368497512657
many_moving,0.1,453,25910,343.1788079470199,0.21917162013143393,0.18695794353554446,7227,95.72185430463577,0.20855994528490227,0.18803292013982256
many_moving,0.1,454,25969,343.2026431718062,0.25773616591248233,0.22769995536639734,7246,95.76211453744494,0.2151538812159835,0.20016427357293926
many_moving,0.1,455,26024,343.1736263736264,0.3702118556949055,0.3325570464086888,7264,95.78901098901099,0.24853594230872178,0.229091282552488
many_moving,0.1,456,26084,343.2105263157895,0.26317662329765,0.23667854314425946,7277,95.75000000000001,0.37296857306260517,0.32588103329494184
many_moving,0.1,457,26141,343.2078774617068,0.1958118491376915,0.16870313358203565,7292,95.73741794310723,0.3966714569087507,0.34489477250136247
many_moving,0.1,458,26198,343.2052401746725,0.23148482504666057,0.19484358713416658,7300,95.63318777292577,0.38784516597812685,0.3177970370163905
many_moving,0.1,459,26253,343.1764705882353,0.31607313316324637,0.26906016011332196,7300,95.42483660130719,0.40152591120617775,0.3325608760212285
many_moving,0.1,460,26309,343.1608695652174,0.2638057749579909,0.20956214672275028,7303,95.25652173913042,0.4027598257992919,0.33111879217412443
many_moving,0.1,461,26367,343.17136659436005,0.2728599374864731,0.23733805794839627,7303,95.04989154013015,0.40536284519406696,0.3349187911419947
many_moving,0.1,462,26426,343.19480519480516,0.2115182302433761,0.1915830361771916,7309,94.92207792207792,0.3994086003465106,0.32164407318340593
many_moving,0.1,463,26485,343.2181425485961,0.1883997673665333,0.1688872421713304,7316,94.80777537796976,0.42433231933990373,0.3703548535838367
many_moving,0.1,464,26542,343.2155172413793,0.3017886112584851,0.25925859429601383,7322,94.68103448275862,0.4032647408647996,0.32840227230177277
many_moving,0.1,465,26602,343.2516129032258,0.3539305590911474,0.3158519130025076,7328,94.55483870967741,0.4123577836812857,0.35274411995166893
many_moving,0.1,466,26659,343.2489270386266,0.45389629423188865,0.39808366833146114,7334,94.42918454935622,0.40683637173853676,0.33675569752165824
many_moving,0.1,467,26716,343.24625267665954,0.16663807027173497,0.15763646410220908,7340,94.30406852248395,0.44805833663679473,0.4162728852546012
many_moving,0.1,468,26774,343.2564102564103,0.35280926296383747,0.29529377163734066,7351,94.24358974358975,0.3363673062699153,0.2824710808142964
many_moving,0.1,469,26834,343.29211087420043,0.39788759764576337,0.30736918245331274,7354,94.08102345415779,0.31811235604433885,0.2711741638016094
many_moving,0.1,470,26893,343.3148936170213,0.24364708184363573,0.22009771763611422,7358,93.93191489361702,0.32347084564700457,0.2867326856603242
many_moving,0.1,471,26952,343.33757961783436,0.2665565964909935,0.23224877182364936,7358,93.73248407643312,0.33611278818772455,0.3030597611512706
many_moving,0.1,472,27010,343.3474576271187,0.2650017403256143,0.22470556793972835,7362,93.58474576271188,0.3505170544834505,0.3147075841221338
many_moving,0.1,473,27068,343.3572938689218,0.3692597587950347,0.27537774344917043,7362,93.38689217758986,0.30422265831130807,0.26035021515506684
many_moving,0.1,474,27129,343.40506329113924,0.2696769513132135,0.24770648988607516,7367,93.25316455696203,0.29688153457989047,0.25005924575415156
many_moving,0.1,475,27190,343.4526315789474,0.27956052576530876,0.24820443875965834,7376,93.17052631578947,0.31601999509997863,0.2683122058341529
many_moving,0.1,476,27245,343.42436974789916,0.3703904452718861,0.3050334837362682,7383,93.06302521008402,0.26890441976366525,0.23218253114090698
many_moving,0.1,477,27304,343.44654088050316,0.3530322602577346,0.3120204032885213,7392,92.9811320754717,0.2688391081508286,0.22561263961979888
many_moving,0.1,478,27361,343.44351464435147,0.4221531348734938,0.3020869769460742,7403,92.92468619246861,0.28064153448871165,0.24688041740768868
many_moving,0.1,479,27416,343.4154488517745,0.23953009215814425,0.20239603345379348,7416,92.89352818371607,0.21512506296639625,0.18389916345753693
many_moving,0.1,480,27476,343.45,0.18958637502825235,0.1620656063223688,7436,92.95,0.14555028219086247,0.13066203625118922
many_moving,0.1,481,27535,343.4719334719334,0.1861190092037385,0.17129839428687815,7451,92.94386694386694,0.16939293520959817,0.15019889381667367
many_moving,0.1,482,27591,343.4564315352697,0.21009773081545366,0.18353529596978818,7464,92.91286307053942,0.3601842603502784,0.2909291662961082
many_moving,0.1,483,27650,343.4782608695652,0.4215402489024989,0.3508122830580419,7484,92.96894409937887,0.14078439362597325,0.1253002536636774
many_moving,0.1,484,27708,343.48760330578517,0.38197884242241087,0.3390887923332921,7497,92.93801652892563,0.3367676487178359,0.3206619878060061
many_moving,0.1,485,27768,343.52164948453606,0.3628826625067754,0.34758874874154166,7512,92.9319587628866,0.2632360615949166,0.2496502563782089
many_moving,0.1,486,27823,343.4938271604939,0.4629625550815519,0.3794631715082432,7517,92.80246913580248,0.25375310122764005,0.22466561576839403
many_moving,0.1,487,27879,343.4784394250513,0.18536985276695628,0.17109382371506884,7519,92.63655030800821,0.2645360265949342,0.23160564023549438
many_moving,0.1,488,27937,343.48770491803276,0.3610469294024014,0.32801303063995213,7519,92.44672131147541,0.2422193436146433,0.21605011331684482
many_moving,0.1,489,27996,343.5092024539877,0.11242910990949824,0.10124669059703928,7521,92.28220858895705,0.24003318813959662,0.21476566283706408
many_moving,0.1,490,28054,343.5183673469388,0.15487629383385934,0.14046616988533955,7528,92.1795918367347,0.2516389302454679,0.2277389641652044
many_moving,0.1,491,28115,343.5641547861507,0.28179404136240876,0.25716888912827,7532,92.04073319755601,0.2987955049247302,0.27287844749905055
many_moving,0.1,492,28169,343.5243902439025,0.185085497288952,0.1752447237513178,7536,91.90243902439026,0.29481045632551056,0.27001938631970857
many_moving,0.1,493,28227,343.53346855983773,0.44598063085356787,0.33804878195333565,7540,91.76470588235294,0.2681279941923986,0.2446372626161617
many_moving,0.1,494,28285,343.5425101214575,0.17772877001686993,0.15732896759116746,7544,91.62753036437248,0.29260025077719176,0.267410516824657
many_moving,0.1,495,28344,343.56363636363636,0.3711410441064874,0.2711091234114895,7550,91.51515151515152,0.2805668737778697,0.2540093620818594
many_moving,0.1,496,28404,343.59677419354836,0.35362528163749674,0.2928062562646516,7551,91.34274193548386,0.20775932659163796,0.19411624548396517
many_moving,0.1,497,28460,343.58148893360163,0.26071485586253607,0.2276709689081265,7551,91.158953722334,0.23553774654155302,0.21370712366994557
many_moving,0.1,498,28518,343.5903614457831,0.3496895590892526,0.30383872425957376,7558,91.0602409638554,0.1974348457825892,0.18369379189501484
many_moving,0.1,499,28575,343.58717434869743,0.2174212418540209,0.17479036103848272,7558,90.87775551102204,0.19739945669337203,0.18525538039401418
many_moving,0.1,500,28635,343.61999999999995,0.3287565585702601,0.2703391834669209,7565,90.77999999999999,0.18157715885750095,0.1713034800243422
many_moving,0.1,501,28691,343.6047904191617,0.25301204541115324,0.23125953516349224,7565,90.59880239520959,0.192386581980778,0.1860791790046404
many_moving,0.1,502,28747,343.5896414342629,0.22672265630767577,0.20106866831271172,7567,90.44223107569721,0.20426760596528992,0.1974694353461271
many_moving,0.1,503,28803,343.5745526838967,0.24780036843348272,0.20225346656712945,7567,90.26242544731612,0.40827647919947874,0.3511770265430302
many_moving,0.1,504,28861,343.5833333333333,0.3524556354129527,0.2869395743226713,7567,90.08333333333333,0.4563407472199705,0.3847707111335791
many_moving,0.1,505,28915,343.54455445544556,0.38141328403116614,0.3079777689718829,7570,89.94059405940595,0.45230105883434496,0.3781594146942042
many_moving,0.1,506,28972,343.54150197628456,0.2808281277492339,0.24956956338268008,7570,89.76284584980237,0.45437638382292433,0.3799990311583853
many_moving,0.1,507,29031,343.5621301775148,0.26564676208662635,0.25445531325706416,7588,89.79881656804734,0.5220471734676335,0.4212451136995277
many_moving,0.1,508,29086,343.53543307086613,0.24180066767628228,0.19453608502613579,7617,89.96456692913387,0.20878453202423483,0.19300023369546065
many_moving,0.1,509,29144,343.5442043222004,0.308108245261559,0.28345991428044426,7642,90.08251473477408,0.26178449223321165,0.24435583462331026
many_moving,0.1,510,29203,343.56470588235294,0.20365573303025594,0.1899314268883891,7670,90.23529411764706,0.18014529366432624,0.15539185719713805
many_moving,0.1,511,29261,343.57338551859095,0.3665245821018185,0.288122212057244,7697,90.37573385518591,0.23198526918375342,0.2152460672220446
many_moving,0.1,512,29317,343.55859375,0.23093807214008813,0.19714789071764144,7725,90.52734375,0.22574091504264696,0.21079867591835674
many_moving,0.1,513,29374,343.55555555555554,0.23373411056370472,0.19009640895450025,7761,90.7719298245614,0.23579478593924874,0.21693296995280625
many_moving,0.1,514,29432,343.56420233463035,0.3015883434950976,0.2702449141916223,7771,90.71206225680935,0.15431513390498483,0.1354629524761723
many_moving,0.1,515,29487,343.53786407766984,0.34628879617272057,0.2643521877272571,7775,90.58252427184465,0.17991886580077746,0.16241565441922184
many_moving,0.1,516,29543,343.52325581395354,0.3065671897045246,0.255749698074214,7775,90.40697674418605,0.24791055412480342,0.218706855324436
many_moving,0.1,517,29602,343.54352030947774,0.22682508866227968,0.18657014127896787,7775,90.2321083172147,0.2676619679378211,0.23073116367223406
many_moving,0.1,518,29658,343.52895752895756,0.3074989475522065,0.2550564578459963,7775,90.05791505791507,0.2717614320154514,0.23315848924593136
many_moving,0.1,519,29717,343.54913294797683,0.25239286336822186,0.23356059057586614,7775,89.88439306358381,0.27258674478941114,0.23364485790345615
many_moving,0.1,520,29776,343.5692307692308,0.19503851399878266,0.18072271723634786,7775,89.71153846153847,0.2727520200940528,0.23374216786120025
many_moving,0.1,521,29831,343.54318618042225,0.2087372298374245,0.19036006398319658,7775,89.53934740882917,0.2727850836330878,0.2337616313025394
many_moving,0.1,522,29890,343.56321839080465,0.18947370561139704,0.15488314876236228,7775,89.36781609195403,0.2727916966797656,0.2337655240488067
many_moving,0.1,523,29947,343.56022944550665,0.1549709610073862,0.13958121893962538,7775,89.19694072657744,0.2727930193026529,0.23376630260037845
many_moving,0.1,524,30007,343.5916030534351,0.305479475562391,0.26205733865581754,7775,89.02671755725191,0.2727932838277732,0.23376645831078693
many_moving,0.1,525,30063,343.57714285714286,0.21713549186310857,0.19430824990278145,7777,88.88000000000001,0.2727933367328178,0.23376648945287104
many_moving,0.1,526,30124,343.6197718631179,0.29033308569416927,0.25556297911058257,7777,88.71102661596957,0.2267160083728635,0.20611191478862242
many_moving,0.1,527,30180,343.60531309297915,0.311994214570696,0.2646132974743498,7777,88.5426944971537,0.2189231192678899,0.2007376575979088
many_moving,0.1,528,30236,343.59090909090907,0.3281448156121556,0.2670923969033883,7793,88.55681818181817,0.22532716468794717,0.17576167067506576
many_moving,0.1,529,30297,343.63327032136107,0.2031836100326066,0.1592097915230726,7793,88.38941398865784,0.280802241515779,0.24647186062312496
many_moving,0.1,530,30355,343.64150943396226,0.2983517888223972,0.28381543701201817,7798,88.27924528301885,0.28682346024509714,0.2584905127662366
many_moving,0.1,531,30415,343.6723163841808,0.29391195876763204,0.2486031707648489,7798,88.11299435028248,0.2397946136845065,0.2014056487918253
many_moving,0.1,532,30469,343.6353383458647,0.2137665797950758,0.19123295274408986,7798,87.94736842105262,0.2422581157005577,0.20575884994488725
many_moving,0.1,533,30525,343.6210131332083,0.2749533767306079,0.23375304574547875,7798,87.78236397748593,0.2432510427385186,0.20700598931090525
many_moving,0.1,534,30581,343.6067415730337,0.22282996183786702,0.20081374168611327,7798,87.61797752808988,0.24346921568996138,0.20726963043536978
many_moving,0.1,535,30639,343.61495327102807,0.1368425451936031,0.12504820925487298,7803,87.51028037383178,0.24005883942864986,0.2051452866562245
many_moving,0.1,536,30696,343.6119402985074,0.26992758564750524,0.21828089804789036,7809,87.41417910447761,0.2337748970540268,0.20036209510856798
many_moving,0.1,537,30754,343.6201117318436,0.3146747702013189,0.2908334441670024,7814,87.3072625698324,0.2480521584399898,0.2132488360715723
many_moving,0.1,538,30814,343.65055762081784,0.2573678916410093,0.2340647927187048,7820,87.21189591078067,0.2506065104805564,0.21705069694014778
many_moving,0.1,539,30872,343.6586270871985,0.2430509357966368,0.21809864978681093,7826,87.11688311688313,0.2702113705550113,0.24738536835658093
many_moving,0.1,540,30928,343.64444444444445,0.2515275036873435,0.21610791820212732,7834,87.04444444444444,0.24991261060434009,0.22247479322301467
many_moving,0.1,541,30986,343.6524953789279,0.26885309804906726,0.2152431439543081,7840,86.95009242144177,0.2620900689573429,0.2284681017579342
many_moving,0.1,542,31046,343.68265682656823,0.289511497805022,0.2519660972388368,7845,86.8450184501845,0.2569528226929752,0.2187042202080413
many_moving,0.1,543,31099,343.6353591160221,0.1886296460792203,0.16559689497635813,7859,86.83977900552485,0.29046735867873413,0.26171180396245847
many_moving,0.1,544,31158,343.6544117647059,0.40350308673926855,0.3098403884965843,7859,86.68014705882354,0.25634893978037265,0.22168212897797104
many_moving,0.1,545,31213,343.62935779816513,0.26213611905613043,0.2389470373507927,7864,86.57614678899081,0.25557582025193093,0.22312981716846583
many_moving,0.1,546,31273,343.65934065934067,0.2920072429162984,0.24243912927447253,7864,86.41758241758242,0.1899324739669788,0.16687267798157407
many_moving,0.1,547,31332,343.67824497257766,0.22173357724477658,0.19921703883470543,7864,86.25959780621571,0.18305182662996164,0.16069001436078256
many_moving,0.1,548,31387,343.65328467153284,0.24713003196972974,0.22065485094449508,7864,86.1021897810219,0.18200696065396638,0.15979102846464094
many_moving,0.1,549,31444,343.6502732240437,0.22064355080495493,0.19714373853072353,7864,85.94535519125682,0.18181178169027534,0.15962183446968986
many_moving,0.1,550,31503,343.6690909090909,0.24997925997474515,0.1936251782421901,7864,85.78909090909092,0.18177330153726903,0.15958840397094576
many_moving,0.1,551,31563,343.69872958257713,0.21814195234449785,0.174377670260195,7867,85.66606170598911,0.1953640092340582,0.1762224384823487
many_moving,0.1,552,31620,343.69565217391306,0.2772417669979746,0.25048816298502735,7871,85.55434782608697,0.24312485702855097,0.2131204734317277
many_moving,0.1,553,31679,343.7142857142857,0.3493059001389299,0.25607402365036513,7876,85.45388788426763,0.25046354996057224,0.22016405600587263
many_moving,0.1,554,31736,343.71119133574007,0.28214208460807755,0.26499681166059624,7881,85.35379061371842,0.29926947770984724,0.2723394177748132
many_moving,0.1,555,31794,343.7189189189189,0.2587419742539856,0.22482554038258643,7888,85.27567567567567,0.40616410574763734,0.3378964496869078
many_moving,0.1,556,31854,343.7482014388489,0.2673888639650863,0.25551189912066824,7892,85.16546762589928,0.2409525694599791,0.21538726893090923
many_moving,0.1,557,31909,343.72351885098743,0.22336778121120168,0.197285309983918,7899,85.08797127468581,0.2501064532790399,0.21776231624949566
many_moving,0.1,558,31965,343.7096774193548,0.1820325047206901,0.15987727796510115,7914,85.09677419354838,0.22333039759842496,0.20358946226115715
many_moving,0.1,559,32025,343.7388193202147,0.16642054688967042,0.15193817849367047,7914,84.94454382826476,0.26541247078167113,0.23394335893326978
many_moving,0.1,560,32081,343.72499999999997,0.4638337196446851,0.41587568415991516,7917,84.825,0.2588732862099506,0.21812840204565478
many_moving,0.1,561,32137,343.71122994652404,0.22877185946383366,0.2097908544508782,7917,84.67379679144386,0.26564925742369644,0.2270811267533872
many_moving,0.1,562,32195,343.7188612099644,0.32417054875002377,0.27626064468223765,7917,84.52313167259787,0.2673011187047758,0.22909864707581867
many_moving,0.1,563,32255,343.7477797513322,0.2680388833424684,0.25719071644818337,7920,84.40497335701599,0.2679564885835266,0.22988944359630872
many_moving,0.1,564,32314,343.7659574468085,0.2952357182985949,0.23022529811320389,7934,84.40425531914893,0.273873935618131,0.24127457788484227
many_moving,0.1,565,32371,343.7628318584071,0.4134304358939992,0.39523194470003453,7954,84.46725663716815,0.3371559404047809,0.2937412522314752
many_moving,0.1,566,32429,343.77031802120143,0.22706608543382098,0.20042234406510842,7976,84.55123674911661,0.3031400547038989,0.27341039984890514
many_moving,0.1,567,32486,343.7671957671958,0.20370578407058035,0.18563121198339744,7998,84.63492063492063,0.2443202893755472,0.1922998496669551
many_moving,0.1,568,32544,343.77464788732397,0.202355995891654,0.18279669687739314,8018,84.69718309859154,0.2455957954140547,0.2040420819012348
many_moving,0.1,569,32597,343.7293497363796,0.3695077849746618,0.3098836761445343,8039,84.76977152899825,0.2700512280494219,0.23307262035571452
many_moving,0.1,570,32656,343.7473684210526,0.2539212757701273,0.21646077514530707,8057,84.81052631578947,0.2837546317083086,0.25250474812350193
many_moving,0.1,571,32712,343.73380035026264,0.24947876604418062,0.2135077995319417,8065,84.7460595446585,0.22285248624318427,0.20025053516356084
many_moving,0.1,572,32771,343.75174825174827,0.1469931952800835,0.13186865235331574,8069,84.63986013986013,0.24236023691317585,0.21604897595420777
many_moving,0.1,573,32827,343.7382198952879,0.3328340447041801,0.3189179684634257,8076,84.56544502617801,0.2747992847862728,0.2559420730057108
many_moving,0.1,574,32885,343.74564459930315,0.2929642126843788,0.24773035213632594,8076,84.41811846689896,0.2659154910381419,0.23848621923984395
many_moving,0.1,575,32943,343.75304347826085,0.22811660294024141,0.20295772713022933,8079,84.30260869565217,0.283499350383604,0.255422420270173
many_moving,0.1,576,33002,343.7708333333333,0.3638075320229651,0.3189489878862903,8079,84.15625,0.2875135696039692,0.2589734350337112
many_moving,0.1,577,33060,343.7781629116118,0.28738706065661707,0.26234496920506734,8079,84.01039861351819,0.28833468270385654,0.2596898647767379
many_moving,0.1,578,33118,343.78546712802773,0.42137824132836327,0.3660799827370429,8079,83.86505190311419,0.2884996233435685,0.2598333982475899
many_moving,0.1,579,33175,343.7823834196891,0.2889159376031777,0.2555650079855817,8079,83.720207253886,0.28853264009092405,0.2598621148315271
many_moving,0.1,580,33231,343.7689655172414,0.32543315191043953,0.2903464917108479,8079,83.57586206896552,0.28853924458436225,0.2598678585438187
many_moving,0.1,581,33287,343.75559380378655,0.1845264697830023,0.16074926933511294,8079,83.43201376936317,0.2885405655288017,0.259869007302096
many_moving,0.1,582,33344,343.75257731958766,0.4020079170183973,0.3462289945414986,8079,83.28865979381443,0.2885408297195194,0.2598692370543837
many_moving,0.1,583,33405,343.79073756432246,0.3727855266443539,0.3164432030145715,8079,83.14579759862778,0.28854088255773636,0.25986928300486656
many_moving,0.1,584,33463,343.7979452054795,0.2655453905931791,0.23383345659907065,8081,83.02397260273973,0.28854089312538245,0.2598692921949638
many_moving,0.1,585,33518,343.774358974359,0.2427814335869951,0.21281660249426282,8085,82.92307692307692,0.2517074788316683,0.21501471831390137
many_moving,0.1,586,33574,343.7610921501706,0.22515259947604263,0.17708497534377837,8087,82.80204778156997,0.19404581162688903,0.17085650647577452
many_moving,0.1,587,33631,343.7580919931857,0.5298812108395264,0.4580957561699871,8091,82.70187393526406,0.20173387931322334,0.18669680549201556
many_moving,0.1,588,33687,343.7448979591836,0.21178969955925042,0.1792502702375562,8098,82.63265306122447,0.19555723740637376,0.18699855347217714
many_moving,0.1,589,33746,343.7623089983022,0.33764399222336017,0.2798285123980937,8098,82.49235993208828,0.20054003079039937,0.191286986053487
many_moving,0.1,590,33806,343.78983050847455,0.19412127543851762,0.17237538179819378,8100,82.3728813559322,0.22853213958872573,0.21799549544655233
many_moving,0.1,591,33866,343.8172588832487,0.27207626359212383,0.24534182999131932,8103,82.26395939086294,0.23608333593576292,0.22421893814471142
many_moving,0.1,592,33924,343.8243243243243,0.28304260694873606,0.24095485440528336,8110,82.19594594594594,0.274515888178145,0.25684793964897285
many_moving,0.1,593,33984,343.8516020236088,0.33483034858618427,0.30659550928870016,8118,82.13827993254637,0.23389478886844153,0.21622152182320256
many_moving,0.1,594,34043,343.8686868686869,0.23641883929949303,0.19371780195837288,8129,82.1111111111111,0.22363536404330478,0.20460346027129991
many_moving,0.1,595,34102,343.8857142857143,0.2183387799864702,0.1890402907664394,8139,82.07394957983193,0.299797047225042,0.2755229352089227
many_moving,0.1,596,34160,343.89261744966444,0.31476792051798114,0.26147407644549625,8149,82.03691275167785,0.23350249865941336,0.22318215855612591
many_moving,0.1,597,34218,343.8994974874372,0.2313221900880842,0.20915554225496943,8161,82.02010050251258,0.29914938587369233,0.285508711076529
many_moving,0.1,598,34276,343.90635451505017,0.18663447824618012,0.15190640766118857,8173,82.00334448160534,0.2665889139650159,0.2490752038444261
many_moving,0.1,599,34335,343.9232053422371,0.20262439255720271,0.19182551743011106,8185,81.98664440734558,0.3149094249780116,0.2882655542050786
many_moving,0.1,600,34390,343.9,0.19635474323521068,0.17755538115074515,8195,81.95,0.2911888957654829,0.26635249587049975
none_moving,0.5,0,0,,18.187917130173428,17.241615522676813,0,,18.187917130173428,17.241615522676813
none_moving,0.5,1,39,234,8.74997976926344,7.505622587243688,39,234,8.746229293658184,7.514319452141569
none_moving,0.5,2,99,297,5.785062184529913,4.8942257374043905,96,288,5.719112904621035,4.874498952503141
none_moving,0.5,3,155,310,2.907029946395767,2.5644105538619812,156,312,3.035321882254182,2.625760508378997
none_moving,0.5,4,213,319.5,1.8217790702361076,1.4170755221045535,216,324,1.7844344218277988,1.419682866255723
none_moving,0.5,5,271,325.20000000000005,1.4138760035535156,1.0845639036540742,275,330,1.257980915790938,0.9461317048868754
none_moving,0.5,6,327,327,0.9288744078928861,0.7125380409700914,331,331,0.731270238836536,0.5862655585351991
none_moving,0.5,7,384,329.1428571428571,0.881519668034907,0.6776492215527467,379,324.85714285714283,0.5143922171203202,0.4557361613933102
none_moving,0.5,8,444,333,0.48004327001112984,0.4287536728661413,391,293.25,0.5139188532993629,0.4335174121833081
none_moving,0.5,9,502,334.6666666666667,0.5292213892920371,0.4450853970565677,391,260.6666666666667,0.5237333157370558,0.4283276472112152
none_moving,0.5,10,560,336,0.3381947243024899,0.3193419057812184,391,234.60000000000002,0.5292681193490302,0.43240934590337304
none_moving,0.5,11,616,336.00000000000006,0.3350199884449044,0.2916594395144757,391,213.2727272727273,0.5305110935899306,0.43347354618776013
none_moving,0.5,12,674,337,0.3271601713099948,0.28925084709417614,391,195.5,0.5307650533897003,0.4336961179790003
none_moving,0.5,13,732,337.84615384615387,0.32409904024069514,0.2893890481453548,391,180.46153846153845,0.5308160593161183,0.4337410194559257
none_moving,0.5,14,789,338.14285714285717,0.4014460249008814,0.3257691715992778,391,167.57142857142858,0.5308262690549667,0.433750015218053
none_moving,0.5,15,847,338.8,0.43898254857132485,0.38825013171725287,391,156.4,0.5308283113448374,0.4337518149890022
none_moving,0.5,16,903,338.625,0.35858113761287386,0.3210440814867504,391,146.625,0.5308287198164955,0.4337521749679321
none_moving,0.5,17,962,339.5294117647059,0.18462697804742004,0.1580109467967893,391,138,0.530828801511375,0.43375224696470865
none_moving,0.5,18,1021,340.3333333333333,0.30658910688342234,0.269413607969653,391,130.33333333333334,0.5308288178503724,0.43375226136410283
none_moving,0.5,19,1079,340.7368421052632,0.427041591865037,0.37960538075301375,391,123.47368421052633,0.5308288211181726,0.4337522642439831
none_moving,0.5,20,1139,341.70000000000005,0.4732315851208401,0.39493273322206524,391,117.30000000000001,0.5308288217717332,0.43375226481995915
none_moving,0.5,21,1197,342.00000000000006,0.3035455478515529,0.2636548630804958,397,113.42857142857144,0.5308288219024452,0.4337522649351543
none_moving,0.5,22,1255,342.2727272727273,0.36794137908654606,0.3100996885342754,411,112.09090909090911,0.5126230407906488,0.45417163313039116
none_moving,0.5,23,1311,341.99999999999994,0.32651942450263244,0.2843549961405669,414,107.99999999999999,0.5078299897023245,0.4209288652201847
none_moving,0.5,24,1368,342,0.4285884120007958,0.36667572427199885,414,103.49999999999999,0.5237046229286608,0.43323635388710624
none_moving,0.5,25,1427,342.47999999999996,0.35920162023171753,0.3033137990593804,414,99.35999999999999,0.5274804676102719,0.4368349718353725
none_moving,0.5,26,1486,342.9230769230769,0.38946782852055384,0.3633634505121327,414,95.53846153846153,0.5282586752941635,0.4376008702472591
none_moving,0.5,27,1545,343.3333333333333,0.3421133704731343,0.3070921837519487,414,92,0.5284152300612877,0.43775587475557476
none_moving,0.5,28,1604,343.7142857142857,0.537155818503187,0.44999106052874305,419,89.78571428571428,0.34020218502465566,0.30239200036311104
none_moving,0.5,29,1660,343.44827586206895,0.4621977566568796,0.42067081277858664,429,88.75862068965517,0.3868666000422321,0.3424588459242276
none_moving,0.5,30,1719,343.8,0.621400512451296,0.5199428252244234,439,87.8,0.39538462759891874,0.33024220281585465
none_moving,0.5,31,1778,344.1290322580645,0.2971893626523153,0.2528744513168275,450,87.09677419354838,0.5227429239597723,0.4219237411780125
none_moving,0.5,32,1838,344.625,0.3103506669536219,0.27324581779914286,460,86.25,0.481771554623549,0.43360018532926026
none_moving,0.5,33,1896,344.7272727272727,0.3602931251991312,0.3154101319141297,469,85.27272727272727,0.46382177708420075,0.40730461428290576
none_moving,0.5,34,1953,344.64705882352945,0.3183316820920868,0.26010996443839307,480,84.70588235294117,0.4821473636930377,0.40213074580568503
none_moving,0.5,35,2013,345.0857142857143,0.37762418205308995,0.3466396799199084,486,83.31428571428572,0.5513927653425886,0.45399301606959497
none_moving,0.5,36,2071,345.1666666666667,0.4101031757774355,0.33205541497382773,492,82.00000000000001,0.6043754937857896,0.5277863711022139
none_moving,0.5,37,2131,345.56756756756755,0.3614053673265373,0.33538193984932174,502,81.4054054054054,0.2857080062329796,0.22665437857307746
none_moving,0.5,38,2188,345.47368421052636,0.39284117753047143,0.3482608897007219,505,79.73684210526316,0.41608797800171426,0.34880068602180536
none_moving,0.5,39,2245,345.38461538461536,0.42966753827467974,0.3347735929756528,505,77.6923076923077,0.45415660984569356,0.38819636628765486
none_moving,0.5,40,2304,345.6,0.4376517659328709,0.3945686008194458,505,75.75,0.462035951330768,0.3962301021986578
none_moving,0.5,41,2364,345.9512195121951,0.41381911325797094,0.35183198878121597,505,73.90243902439025,0.46362134006055367,0.3978425147142047
none_moving,0.5,42,2421,345.8571428571429,0.43169823062362983,0.3922222906847636,505,72.14285714285715,0.4639387905768472,0.3981652199099537
none_moving,0.5,43,2480,346.04651162790697,0.4100287354845708,0.3330957435337072,505,70.46511627906976,0.4640022955277149,0.39822976982564046
none_moving,0.5,44,2535,345.6818181818182,0.4063069660772818,0.3578696546197752,510,69.54545454545455,0.4561922275849534,0.3874117200777484
none_moving,0.5,45,2591,345.4666666666667,0.329359434008438,0.30441277815962164,517,68.93333333333334,0.461078675800847,0.37436520717518174
none_moving,0.5,46,2650,345.65217391304344,0.3247349424947216,0.29754593107067084,522,68.08695652173913,0.4841301753912952,0.42278053460975784
none_moving,0.5,47,2707,345.5744680851064,0.3513117573411145,0.32265332454946,528,67.40425531914893,0.5147011891112766,0.4589661107121244
none_moving,0.5,48,2765,345.625,0.2725079345639158,0.24269088163108896,534,66.75,0.49667777904072496,0.4304994608772931
none_moving,0.5,49,2819,345.1836734693877,0.393594071587948,0.36548451510885244,543,66.48979591836735,0.5434529889635094,0.4829902680324967
none_moving,0.5,50,2877,345.23999999999995,0.20352356357092805,0.18853667150504388,552,66.24,0.5888770018683904,0.5295791641375767
none_moving,0.5,51,2934,345.1764705882353,0.33104966892399623,0.28260224240591425,560,65.88235294117648,0.6141664702768008,0.5666197620740148
none_moving,0.5,52,2993,345.34615384615387,0.42134411158841134,0.32755583088618573,568,65.53846153846153,0.5174214945240223,0.4675260668395884
none_moving,0.5,53,3052,345.50943396226415,0.23667136706183592,0.2135892559714639,571,64.64150943396227,0.5183560581077564,0.45569055662109764
none_moving,0.5,54,3112,345.77777777777777,0.29529946112988864,0.27438371721934796,571,63.44444444444444,0.5202264183799669,0.4545326801883209
none_moving,0.5,55,3169,345.7090909090909,0.4157414176647123,0.3864822853737929,571,62.290909090909096,0.5206669997940906,0.45436353981907346
none_moving,0.5,56,3224,345.4285714285714,0.5480742704445601,0.48570047004908384,571,61.17857142857143,0.5207577643892549,0.45433252728379125
none_moving,0.5,57,3281,345.3684210526316,0.41274613880331257,0.34522720870838375,571,60.10526315789474,0.5207760231360498,0.4543264404356502
none_moving,0.5,58,3341,345.62068965517244,0.48833980582075326,0.39464231053926474,574,59.37931034482759,0.5208054723662208,0.454003478465716
none_moving,0.5,59,3398,345.55932203389835,0.3645306688254584,0.33008563396690077,579,58.88135593220339,0.49958551604264884,0.44286477317883655
none_moving,0.5,60,3454,345.4,0.3012335216489407,0.2748830524090116,584,58.4,0.4711395464317895,0.39874668474527264
none_moving,0.5,61,3510,345.2459016393443,0.34103776975248656,0.3119698724665582,588,57.83606557377049,0.49664119474597684,0.4368258655036342
none_moving,0.5,62,3569,345.3870967741935,0.33498707122415045,0.29439060280693957,592,57.29032258064516,0.48702857521177734,0.42358817855146186
none_moving,0.5,63,3628,345.5238095238095,0.3143718594686278,0.2924083900473545,597,56.857142857142854,0.49041460074568105,0.4260411922175408
none_moving,0.5,64,3688,345.75,0.3221302238059547,0.26778200772158156,604,56.625,0.5261269877923231,0.46438322689737477
none_moving,0.5,65,3748,345.9692307692308,0.32855893898656935,0.29758947580591744,608,56.12307692307692,0.4648297375452449,0.4031849512472097
none_moving,0.5,66,3806,346,0.343849886022933,0.31791963201067797,614,55.81818181818181,0.42382636354841674,0.37126900044326205
none_moving,0.5,67,3863,345.94029850746267,0.45479281488611273,0.3598861725237068,619,55.43283582089552,0.2829574905969933,0.2560433899832759
none_moving,0.5,68,3919,345.79411764705884,0.39598034930039017,0.36867785733880115,621,54.794117647058826,0.4466367567185789,0.418133991446632
none_moving,0.5,69,3976,345.7391304347827,0.5631668294766836,0.5030211872865823,621,54.00000000000001,0.49250445420534034,0.4540703706496858
none_moving,0.5,70,4034,345.77142857142854,0.3985432250867338,0.3531487032521185,624,53.48571428571428,0.4944661551912795,0.4453019188776509
none_moving,0.5,71,4093,345.88732394366195,0.25640376483072796,0.22920809921691693,629,53.154929577464785,0.534714564189625,0.49151148606236916
none_moving,0.5,72,4151,345.9166666666667,0.2099593766998413,0.18567553994866307,633,52.75,0.4991264027207466,0.4399649553819492
none_moving,0.5,73,4209,345.94520547945206,0.292236447712818,0.2663988139719228,637,52.35616438356165,0.4492976526242842,0.3590337721463449
none_moving,0.5,74,4266,345.8918918918919,0.37626665801063314,0.31571090627876963,642,52.054054054054056,0.6031579543422065,0.5416249742356576
none_moving,0.5,75,4323,345.84000000000003,0.42147141420945883,0.40060980169353044,647,51.760000000000005,0.5038794571964751,0.443894910361142
none_moving,0.5,76,4380,345.7894736842105,0.4046355092088193,0.36091623950471546,652,51.47368421052632,0.49159811525359914,0.43247774374065545
none_moving,0.5,77,4440,345.97402597402595,0.42295504795540784,0.3524634762757312,654,50.96103896103896,0.5580079951064699,0.5122798865679747
none_moving,0.5,78,4497,345.9230769230769,0.21551111812409032,0.19656352927272785,654,50.307692307692314,0.5988485824749745,0.54058184810221
none_moving,0.5,79,4552,345.72151898734177,0.40327017687746736,0.3515124777032033,659,50.05063291139241,0.5772839262319038,0.5393807903372172
none_moving,0.5,80,4608,345.6,0.2933751163620264,0.2770260757298527,663,49.725,0.5642383949922221,0.5043525959386773
none_moving,0.5,81,4667,345.7037037037037,0.34506268147486496,0.2626111765899249,667,49.407407407407405,0.5691447142977307,0.5005144748876134
none_moving,0.5,82,4724,345.6585365853658,0.3567785002195256,0.30359229559928275,671,49.09756097560975,0.4498487585142826,0.4158601708087761
none_moving,0.5,83,4782,345.6867469879518,0.39014919103789203,0.3647613819337456,674,48.72289156626506,0.5002995589312704,0.4662395199552728
none_moving,0.5,84,4839,345.64285714285717,0.224895861317046,0.20247071293785646,674,48.14285714285715,0.5300945088509563,0.4953862178343075
none_moving,0.5,85,4897,345.6705882352941,0.38365703486895514,0.35985044382269277,674,47.576470588235296,0.5366429138064225,0.5015962506759498
none_moving,0.5,86,4953,345.5581395348837,0.5178971852071275,0.368897515393419,674,47.02325581395349,0.5379744618467371,0.5028503834165396
none_moving,0.5,87,5008,345.3793103448276,0.41756839246303606,0.3696754983282113,680,46.896551724137936,0.5625874179497812,0.5240007560369226
none_moving,0.5,88,5066,345.40909090909093,0.32266737991280564,0.2922914088452397,686,46.77272727272727,0.44713468882584506,0.4219986115520366
none_moving,0.5,89,5123,345.3707865168539,0.2856628453674137,0.2644948014198637,697,46.98876404494382,0.4645566659012667,0.44537530793213415
none_moving,0.5,90,5179,345.26666666666665,0.47777277079960057,0.41678410343745204,710,47.333333333333336,0.44780933813357077,0.4230707304765623
none_moving,0.5,91,5236,345.2307692307693,0.36078561369456164,0.3134076822987246,725,47.8021978021978,0.41321846470598017,0.37293121575653726
none_moving,0.5,92,5294,345.2608695652174,0.3831192383729184,0.3585429885128476,738,48.13043478260869,0.38730052766971707,0.3402971046736713
none_moving,0.5,93,5351,345.2258064516129,0.4635394866866269,0.4192554706674814,749,48.322580645161295,0.40330481360369363,0.35899187650988795
none_moving,0.5,94,5406,345.06382978723406,0.5621816893484596,0.4357906867143065,759,48.4468085106383,0.34074925798318684,0.31588306581118913
none_moving,0.5,95,5461,344.90526315789475,0.4835710368844346,0.3810685901245222,766,48.37894736842105,0.40038658194340193,0.34559185579203666
none_moving,0.5,96,5519,344.93749999999994,0.2903479649679723,0.24800118401055765,772,48.25,0.411768982075186,0.3666622695648304
none_moving,0.5,97,5576,344.9072164948454,0.3630885672097768,0.3033833779164773,777,48.06185567010309,0.30226486962243304,0.2850201597250065
none_moving,0.5,98,5634,344.9387755102041,0.49921115075487876,0.45861440542640536,780,47.755102040816325,0.31259306292801836,0.2941574701967111
none_moving,0.5,99,5693,345.030303030303,0.3349343226668781,0.2670092295500277,780,47.27272727272727,0.33019805477295366,0.3131739847431996
none_moving,0.5,100,5752,345.12,0.48037452331504427,0.42688667550417875,780,46.8,0.3342088802181823,0.3173186126942466
none_moving,0.5,101,5811,345.2079207920792,0.3932048544433444,0.3280516478176877,780,46.336633663366335,0.33502925159228997,0.31815741792328284
none_moving,0.5,102,5865,345,0.5293979302900178,0.4976861409616026,780,45.88235294117647,0.335194043137372,0.3183255548128461
none_moving,0.5,103,5923,345.02912621359224,0.4373500539696,0.347448815773313,780,45.4368932038835,0.3352270300496782,0.3183591970809879
none_moving,0.5,104,5982,345.11538461538464,0.5156831953159956,0.4165361241843102,780,45,0.3352336285755709,0.3183659261290931
none_moving,0.5,105,6041,345.2,0.309588128094487,0.25922778776408417,780,44.57142857142857,0.3352349483264824,0.31836727196248554
none_moving,0.5,106,6100,345.28301886792457,0.40092490142396414,0.3560780151808662,782,44.26415094339623,0.3352352122784923,0.3183675411301133
none_moving,0.5,107,6158,345.30841121495325,0.39534561322458056,0.35223320978359324,782,43.850467289719624,0.3509662779583452,0.3382584371591674
none_moving,0.5,108,6218,345.4444444444444,0.33210342033700874,0.28088695206594544,784,43.55555555555556,0.33462409685894684,0.320214996551272
none_moving,0.5,109,6276,345.4678899082569,0.3253924753892993,0.2811570301486633,789,43.431192660550465,0.288113815733114,0.26972775755675255
none_moving,0.5,110,6334,345.4909090909091,0.3851944293337784,0.2976128547179223,791,43.14545454545454,0.31689122921617574,0.29910686180705137
none_moving,0.5,111,6390,345.40540540540536,0.3209160393759094,0.3040833205536539,795,42.97297297297297,0.3561131593770005,0.3338546376423389
none_moving,0.5,112,6449,345.48214285714283,0.509853845268712,0.4392514527588595,800,42.857142857142854,0.3772220564699503,0.3369193450548036
none_moving,0.5,113,6509,345.6106194690265,0.3646398278721096,0.31506013745632305,803,42.637168141592916,0.27038230199586427,0.24514017643388
none_moving,0.5,114,6569,345.7368421052632,0.43112467006836763,0.36943983030710714,803,42.26315789473684,0.2769146697906783,0.25563178267138065
none_moving,0.5,115,6629,345.86086956521734,0.3475780641799646,0.30938807153368436,803,41.89565217391304,0.27945796072745366,0.25860745697232523
none_moving,0.5,116,6689,345.98275862068965,0.39175148202090726,0.3415916381855983,803,41.53448275862069,0.28001389685695505,0.259225775617168
none_moving,0.5,117,6748,346.05128205128204,0.22833857143437764,0.20617686022153398,803,41.17948717948718,0.28012695311650987,0.25935031172192813
none_moving,0.5,118,6806,346.0677966101695,0.39699889983964315,0.32530978661494875,803,40.83050847457627,0.2801496389470927,0.2593752534325629
none_moving,0.5,119,6864,346.08403361344534,0.3510790567125969,0.2620161885373121,803,40.48739495798319,0.28015417909488677,0.2593802431510858
none_moving,0.5,120,6921,346.05,0.44872850543217047,0.3881132587195398,803,40.15,0.28015508724370136,0.2593812411498211
none_moving,0.5,121,6978,346.0165289256198,0.30900381351106804,0.27197950467855814,805,39.917355371900825,0.28015526887823466,0.25938144075176933
none_moving,0.5,122,7038,346.1311475409836,0.5685585169832412,0.4228096835168128,805,39.59016393442623,0.36641122987667935,0.33145363512538095
none_moving,0.5,123,7097,346.19512195121956,0.3715136876495291,0.3182956893641548,807,39.365853658536594,0.42358144859334784,0.3876300326483373
none_moving,0.5,124,7155,346.2096774193548,0.4891298559458795,0.4530289529872194,812,39.29032258064516,0.4169541677942514,0.3832072923262601
none_moving,0.5,125,7212,346.176,0.45668504723941006,0.34612647892870724,814,39.072,0.40583777392923065,0.3695884746115242
none_moving,0.5,126,7271,346.23809523809524,0.3342242185232747,0.31194431488779006,818,38.95238095238095,0.3933892580047898,0.3534017475274132
none_moving,0.5,127,7329,346.251968503937,0.36651728558194474,0.26296365746749456,823,38.881889763779526,0.43352145723044777,0.3807599677527175
none_moving,0.5,128,7388,346.3125,0.32167891170111435,0.285154706935285,826,38.71875,0.38409447967606053,0.3499903212919987
none_moving,0.5,129,7448,346.4186046511628,0.380508357650866,0.34843658975575387,826,38.41860465116279,0.38352874904752776,0.3520610259746719
none_moving,0.5,130,7502,346.2461538461539,0.2678297139744057,0.22987164781909314,826,38.12307692307692,0.3838141296532342,0.35265841834774514
none_moving,0.5,131,7559,346.2137404580153,0.3599002470857169,0.3193331092856046,826,37.83206106870229,0.3838871134647401,0.35278419133646904
none_moving,0.5,132,7617,346.22727272727275,0.547675652997471,0.4837025027374768,833,37.86363636363636,0.3740441215683327,0.3327628026403375
none_moving,0.5,133,7675,346.24060150375936,0.44418737917831214,0.41777493607514626,843,38.03007518796992,0.3547451347947399,0.30618942315955044
none_moving,0.5,134,7733,346.25373134328356,0.32181753187304146,0.2905393800198609,858,38.417910447761194,0.40066495430744464,0.36009478841429954
none_moving,0.5,135,7792,346.31111111111113,0.39329519229097437,0.32457839061020893,873,38.8,0.4323613352721173,0.39787043903657277
none_moving,0.5,136,7848,346.2352941176471,0.3246399856876586,0.2702220605083863,889,39.22058823529412,0.380269494230675,0.3340255096538047
none_moving,0.5,137,7906,346.24817518248176,0.4075486601786133,0.3912236852321314,903,39.54744525547445,0.4279043587332485,0.41023862502654573
none_moving,0.5,138,7965,346.304347826087,0.43937437489475467,0.35133544237242587,918,39.913043478260875,0.4047200590556011,0.3821656895723719
none_moving,0.5,139,8023,346.3165467625899,0.2967606687463631,0.274465836259673,931,40.187050359712224,0.32744536305601524,0.3003659641259497
none_moving,0.5,140,8082,346.37142857142857,0.4237281489075795,0.3533495323897436,939,40.24285714285714,0.30741340025304803,0.2799022925833226
none_moving,0.5,141,8142,346.468085106383,0.30226981910135153,0.2755422398651925,947,40.297872340425535,0.23292086823361033,0.2073126315905902
none_moving,0.5,142,8200,346.4788732394366,0.48894824266164616,0.4638877209172776,950,40.140845070422536,0.3578038666059455,0.31734169956762875
none_moving,0.5,143,8259,346.53146853146853,0.4268388268850686,0.3578804107641099,950,39.86013986013986,0.4008097054450031,0.3519195004487206
none_moving,0.5,144,8318,346.5833333333333,0.5090976903497706,0.433972432548546,950,39.583333333333336,0.4097412656879448,0.3591151768351028
none_moving,0.5,145,8375,346.55172413793105,0.5439488281058595,0.44323643512880695,953,39.43448275862069,0.4717123731627292,0.41467523789666993
none_moving,0.5,146,8432,346.5205479452055,0.5077123237253174,0.4306712863447868,957,39.328767123287676,0.5640921461920476,0.5032590329805934
none_moving,0.5,147,8490,346.53061224489795,0.4882197038024311,0.36435264366477105,962,39.265306122448976,0.5120418190552048,0.4527520635323243
none_moving,0.5,148,8547,346.5,0.49753696909592476,0.3998802997036296,967,39.2027027027027,0.637863410428098,0.5493281590121434
none_moving,0.5,149,8605,346.51006711409394,0.46937535321094837,0.3650901077603574,972,39.14093959731544,0.5916310867419557,0.5106988417936451
none_moving,0.5,150,8663,346.52,0.3369672282579435,0.29126816900707786,977,39.08,0.5003809847348856,0.43749323612432384
none_moving,0.5,151,8724,346.64900662251654,0.28738172219585156,0.26501899314232785,982,39.019867549668874,0.5057939441142776,0.4380565298915197
none_moving,0.5,152,8781,346.6184210526316,0.20314176927974387,0.1804247166774972,984,38.8421052631579,0.41995771422534556,0.3646365763046156
none_moving,0.5,153,8839,346.62745098039215,0.3338018949208605,0.29759530051579264,989,38.7843137254902,0.4092002928013649,0.35407878694671735
none_moving,0.5,154,8896,346.5974025974026,0.28045266055673057,0.23503520065341021,993,38.688311688311686,0.38864319447383416,0.321157889805222
none_moving,0.5,155,8957,346.7225806451613,0.5450353607144136,0.4260433554408884,997,38.593548387096774,0.38564770850152674,0.3098158147404556
none_moving,0.5,156,9015,346.7307692307692,0.32784897337794466,0.2767266565020087,1001,38.5,0.32662069950166067,0.26928498996908407
none_moving,0.5,157,9072,346.70063694267515,0.32014174944910057,0.25992748272328625,1004,38.36942675159236,0.3256681072621832,0.2805513555322809
none_moving,0.5,158,9129,346.67088607594934,0.37697302863602083,0.3577158032195649,1004,38.12658227848102,0.32958563288319487,0.2858043695290561
none_moving,0.5,159,9189,346.7547169811321,0.4079438009250529,0.3329206556834977,1004,37.88679245283019,0.3305264496436152,0.2869298221225757
none_moving,0.5,160,9248,346.8,0.4825148011118121,0.43704615760589893,1004,37.650000000000006,0.33072080190097236,0.2871578038909776
none_moving,0.5,161,9306,346.8074534161491,0.35786829765845585,0.33360402052407606,1007,37.52795031055901,0.32234677164970077,0.28065900655798715
none_moving,0.5,162,9366,346.88888888888886,0.24235233161700775,0.21473299469887092,1024,37.925925925925924,0.24507973113865897,0.22149132419267276
none_moving,0.5,163,9423,346.85889570552143,0.29107143748165937,0.26161074015410013,1045,38.466257668711656,0.22242561085496793,0.21155821945075778
none_moving,0.5,164,9480,346.8292682926829,0.3547518603302885,0.3140204274954437,1068,39.073170731707314,0.274162405532173,0.24643297302780195
none_moving,0.5,165,9540,346.90909090909093,0.4403764388907253,0.3843926160235495,1091,39.67272727272727,0.2954893952437845,0.2616757568108651
none_moving,0.5,166,9595,346.8072289156627,0.36106254597394866,0.3134716362136567,1112,40.19277108433735,0.2886480834336008,0.2597515831761669
none_moving,0.5,167,9652,346.7784431137725,0.39580396566293147,0.33307107990007806,1134,40.74251497005989,0.2024883872249193,0.1805752357894276
none_moving,0.5,168,9711,346.8214285714286,0.2860051229212573,0.25563768572251705,1158,41.35714285714286,0.18265494904592153,0.15996230576424098
none_moving,0.5,169,9766,346.72189349112426,0.274711539735322,0.2408544978891604,1168,41.467455621301774,0.20253843874247854,0.1821021516161215
none_moving,0.5,170,9827,346.83529411764704,0.3338634736573778,0.3126953959395338,1168,41.2235294117647,0.24453346673278276,0.2191317183436649
none_moving,0.5,171,9884,346.8070175438596,0.3331748474845534,0.30321518805945197,1170,41.05263157894737,0.25345603858826576,0.2267736615875247
none_moving,0.5,172,9942,346.8139534883721,0.4261643148743624,0.40648849765962086,1172,40.883720930232556,0.23266385722372704,0.21104468002862148
none_moving,0.5,173,9999,346.78612716763007,0.33469997212646496,0.2807485346065819,1172,40.64739884393064,0.23544519360614857,0.21389998053274292
none_moving,0.5,174,10056,346.7586206896552,0.3919029498683808,0.3608825332910125,1172,40.41379310344828,0.2362789945977279,0.21474568447566228
none_moving,0.5,175,10113,346.7314285714286,0.3928423814831577,0.344142469736533,1172,40.182857142857145,0.23645664561204643,0.214924827325701
none_moving,0.5,176,10168,346.6363636363636,0.3369209563655574,0.2737685587835419,1172,39.95454545454546,0.23649260946725797,0.2149610482911232
none_moving,0.5,177,10226,346.64406779661016,0.3100089002408265,0.284845728124132,1172,39.728813559322035,0.23649981956810961,0.21496830811985418
none_moving,0.5,178,10284,346.65168539325845,0.293681112262426,0.2881193382572099,1172,39.50561797752809,0.2365012622813417,0.21496976071054785
none_moving,0.5,179,10343,346.6927374301676,0.3297634911988034,0.3014433473156872,1172,39.28491620111732,0.2365015508517103,0.21497005125368066
none_moving,0.5,180,10400,346.6666666666667,0.28748824949443563,0.25667983171478054,1172,39.06666666666667,0.23650160856689212,0.21497010936330674
none_moving,0.5,181,10455,346.57458563535914,0.4891984706685205,0.427444890303405,1174,38.91712707182321,0.23650162010997197,0.21497012098527074
none_moving,0.5,182,10514,346.61538461538464,0.3713518859327803,0.3423937449696225,1176,38.76923076923077,0.4075656647836271,0.3408795942592241
none_moving,0.5,183,10572,346.62295081967216,0.48249095367332046,0.4182148186604354,1185,38.852459016393446,0.47640516025538193,0.41439749385731234
none_moving,0.5,184,10629,346.5978260869565,0.4086931728496142,0.3458423093764923,1190,38.80434782608695,0.40049528228555936,0.36462176051830675
none_moving,0.5,185,10687,346.6054054054054,0.397987238422677,0.3568056172023181,1190,38.59459459459459,0.40702604501808154,0.3702935859316608
none_moving,0.5,186,10746,346.64516129032256,0.47531384095352885,0.419050985309954,1192,38.45161290322581,0.40923250314099613,0.3721114445834271
none_moving,0.5,187,10805,346.6844919786096,0.6145850901911225,0.5240030288687003,1195,38.342245989304814,0.403284304616271,0.3579777862218954
none_moving,0.5,188,10864,346.72340425531917,0.39991200627626206,0.36328436528646635,1195,38.138297872340424,0.40552171923330876,0.3576577663183428
none_moving,0.5,189,10922,346.73015873015873,0.4637763424292569,0.38366037494928223,1198,38.03174603174603,0.4147884682393956,0.36496690155671413
none_moving,0.5,190,10979,346.70526315789476,0.24543218640383807,0.2238042982795836,1216,38.4,0.40180035408073905,0.36405325256272303
none_moving,0.5,191,11036,346.6806282722513,0.4942896336837842,0.393396688796311,1242,39.01570680628273,0.26871235946264793,0.23216388956610431
none_moving,0.5,192,11094,346.6875,0.5125934118614676,0.4431282844155814,1269,39.65625,0.3519919055997853,0.28767625225981325
none_moving,0.5,193,11154,346.7564766839378,0.4139346451566467,0.3629331094512618,1297,40.321243523316056,0.31668981109904193,0.30014968227606154
none_moving,0.5,194,11211,346.73195876288656,0.5157480673622903,0.40151129486475384,1325,40.97938144329897,0.5125360779998418,0.46545315877096377
none_moving,0.5,195,11272,346.83076923076925,0.20586966228524686,0.17971781551013868,1352,41.599999999999994,0.46303700828228056,0.3710129486810079
none_moving,0.5,196,11331,346.8673469387755,0.28901529780473567,0.26639656094813596,1376,42.12244897959184,0.4830744490887542,0.43836825965163745
none_moving,0.5,197,11391,346.93401015228426,0.384232231034924,0.3514811630779337,1387,42.243654822335024,0.3758008510736529,0.34970275335530027
none_moving,0.5,198,11450,346.969696969697,0.32459640512659277,0.2589460235256028,1394,42.24242424242425,0.4383971395987709,0.39068932414755786
none_moving,0.5,199,11507,346.94472361809045,0.21604907440465307,0.20085422423932653,1398,42.15075376884422,0.4137501834570616,0.3912537887249149
none_moving,0.5,200,11567,347.01,0.3186397818350564,0.27334920376247285,1398,41.940000000000005,0.44781910143647585,0.4157585198185399
none_moving,0.5,201,11625,347.0149253731343,0.2338614759727465,0.20928724586308106,1400,41.7910447761194,0.45579628438909064,0.4211027452818826
none_moving,0.5,202,11683,347.019801980198,0.29789596990930983,0.251222307353686,1403,41.67326732673268,0.4485459585782168,0.400989248422952
none_moving,0.5,203,11741,347.0246305418719,0.2965247768341544,0.2672474582700606,1403,41.467980295566505,0.44840896081317916,0.39818994795837004
none_moving,0.5,204,11796,346.94117647058823,0.30620057586909066,0.276515715380846,1403,41.26470588235295,0.44843456744075516,0.3978596982568871
none_moving,0.5,205,11852,346.8878048780488,0.3034030940610262,0.2702859648556476,1403,41.06341463414635,0.4484418089051522,0.39780811547343703
none_moving,0.5,206,11913,346.9805825242718,0.3027508048937717,0.2449155456248538,1403,40.86407766990292,0.4484433419962562,0.39779842468924276
none_moving,0.5,207,11972,347.0144927536232,0.42811312824395875,0.3976706620571706,1403,40.66666666666667,0.44844365200633707,0.3977965119204281
none_moving,0.5,208,12032,347.0769230769231,0.3234661490932593,0.27350012408527297,1408,40.61538461538462,0.3766658009362671,0.33261723140166594
none_moving,0.5,209,12091,347.1100478468899,0.23931896624657736,0.21504739056936056,1413,40.56459330143541,0.4030113914458817,0.35532997070966865
none_moving,0.5,210,12151,347.1714285714285,0.30282975255058536,0.27367504174818286,1420,40.57142857142857,0.38452190277072407,0.3399021469431337
none_moving,0.5,211,12208,347.1469194312796,0.4177121466543727,0.35898594550061474,1429,40.6350710900474,0.3193213603648875,0.2574355828116238
none_moving,0.5,212,12266,347.1509433962264,0.3880278786230199,0.31969249933913435,1436,40.64150943396226,0.3171466871756181,0.2806785148750476
none_moving,0.5,213,12325,347.1830985915493,0.2658973719699752,0.21735547593127896,1446,40.732394366197184,0.30239359470015714,0.27544941747529983
none_moving,0.5,214,12383,347.18691588785043,0.2408570086219926,0.21065048241285686,1454,40.76635514018692,0.339613557284818,0.3027678145139973
none_moving,0.5,215,12442,347.21860465116276,0.3057379510368072,0.2864281794606559,1454,40.57674418604651,0.26116980819700764,0.23836813184893538
none_moving,0.5,216,12499,347.19444444444446,0.6266993253971114,0.5379216888127079,1456,40.44444444444444,0.25613584713749465,0.23143046595969657
none_moving,0.5,217,12556,347.17050691244236,0.5612329175654788,0.4798448667751824,1458,40.313364055299544,0.275460846905367,0.2607517970382441
none_moving,0.5,218,12611,347.091743119266,0.31855768644739096,0.25929698772764925,1462,40.23853211009174,0.3050312820628398,0.28851348256288883
none_moving,0.5,219,12670,347.1232876712329,0.37828460231357797,0.3434907092317378,1469,40.24657534246575,0.2881819568958693,0.2725671022078468
none_moving,0.5,220,12727,347.1,0.44924556166856827,0.3591175182442075,1480,40.36363636363637,0.35711291877715956,0.34134893580911313
none_moving,0.5,221,12787,347.15837104072403,0.39426610256517935,0.36108134179475926,1493,40.533936651583716,0.2912841896346053,0.2625377549908514
none_moving,0.5,222,12844,347.13513513513516,0.28530680266965286,0.2550689546224662,1506,40.7027027027027,0.2624112294655907,0.23001525433044864
none_moving,0.5,223,12902,347.1390134529148,0.5674508598981072,0.47018662326975197,1519,40.869955156950674,0.2477845662867403,0.21116006919122837
none_moving,0.5,224,12961,347.16964285714283,0.44840234060204953,0.41910954861209504,1531,41.00892857142857,0.3287746515944794,0.3195842494184356
none_moving,0.5,225,13019,347.17333333333335,0.5377102449980752,0.4517576753162803,1541,41.093333333333334,0.38671708996732773,0.31932798110533267
none_moving,0.5,226,13078,347.20353982300884,0.2801730147673031,0.23379838707030626,1545,41.01769911504425,0.4134315816502984,0.3382273497613487
none_moving,0.5,227,13132,347.1013215859031,0.2677729016213731,0.24480151075571355,1549,40.94273127753304,0.2756236606362628,0.218247976509467
none_moving,0.5,228,13189,347.0789473684211,0.26348449219704995,0.2443363004408723,1554,40.89473684210527,0.2929243005984314,0.23730837729179138
none_moving,0.5,229,13247,347.0829694323144,0.3281262324572292,0.2501484564072589,1559,40.8471615720524,0.33064821113979687,0.29490259648652345
none_moving,0.5,230,13306,347.1130434782608,0.4965862769890337,0.4491709948627472,1559,40.6695652173913,0.34245764221603653,0.31061987824517867
none_moving,0.5,231,13359,346.987012987013,0.45049897800255917,0.3638401805027943,1561,40.54545454545454,0.3449589607483389,0.31379617974258583
none_moving,0.5,232,13417,346.9913793103448,0.5048230935766266,0.3968222330967527,1564,40.44827586206897,0.32146644886792725,0.28030255227544687
none_moving,0.5,233,13476,347.0214592274678,0.44971719726132425,0.37601614130351696,1564,40.27467811158798,0.319840602978938,0.27709271765678667
none_moving,0.5,234,13534,347.02564102564105,0.3793109553354571,0.35256535482374807,1564,40.1025641025641,0.3196451358782228,0.27661666091220355
none_moving,0.5,235,13592,347.0297872340426,0.4350058466193578,0.38753390800440346,1564,39.93191489361703,0.3196112553527588,0.2765281415984785
none_moving,0.5,236,13650,347.0338983050848,0.49569084886268044,0.421948463469192,1564,39.76271186440678,0.3196046879082785,0.2765107055210023
none_moving,0.5,237,13707,347.0126582278481,0.45658462109045067,0.38327726702907405,1564,39.59493670886076,0.31960338276687966,0.2765072290172089
none_moving,0.5,238,13764,346.9915966386555,0.2899628220322577,0.254252739229565,1564,39.42857142857143,0.3196031220725082,0.27650653414491905
none_moving,0.5,239,13823,347.02092050209205,0.3892423384260108,0.33841220175332554,1566,39.31380753138075,0.3203162388850716,0.2760003972135787
none_moving,0.5,240,13881,347.025,0.41253131797991766,0.3642032223918259,1568,39.2,0.33620218272791,0.30657568560416704
none_moving,0.5,241,13937,346.97925311203323,0.394709171203908,0.32657494052573993,1570,39.087136929460584,0.3346444624026248,0.30438033908354123
none_moving,0.5,242,13996,347.0082644628099,0.5473430629123827,0.45246530339781466,1572,38.97520661157024,0.3750184920303905,0.30942368969193723
none_moving,0.5,243,14055,347.03703703703707,0.3975822482773934,0.3508357654363573,1577,38.93827160493827,0.33797203327263,0.290706903354316
none_moving,0.5,244,14113,347.0409836065574,0.29555615331119073,0.26223178810524794,1582,38.90163934426229,0.4370161709550358,0.3996764792894021
none_moving,0.5,245,14173,347.0938775510204,0.4092801924106442,0.33910972943369466,1582,38.74285714285714,0.46976997611046883,0.42742787678719435
none_moving,0.5,246,14230,347.07317073170736,0.31535475920362066,0.2771014004723619,1584,38.63414634146342,0.4766537627733998,0.43306588295241727
none_moving,0.5,247,14288,347.0769230769231,0.30417534956589565,0.2573566272850674,1587,38.550607287449395,0.46875251604097984,0.42061747014179546
none_moving,0.5,248,14346,347.08064516129025,0.32676854419969886,0.2740962037089902,1587,38.39516129032258,0.46933459394735394,0.4222893351231175
none_moving,0.5,249,14406,347.1325301204819,0.46357312405313966,0.42299736229572504,1587,38.24096385542168,0.4695378317692794,0.4227940099992983
none_moving,0.5,250,14465,347.15999999999997,0.327923430505223,0.3000344795402509,1587,38.087999999999994,0.4695819445452689,0.4229017230177322
none_moving,0.5,251,14521,347.1155378486055,0.4282820705069176,0.35240946782138116,1587,37.936254980079674,0.4695909056311295,0.42292353469965605
none_moving,0.5,252,14578,347.0952380952381,0.5084946419293999,0.36569318684586527,1587,37.785714285714285,0.4695927033888793,0.4229279077796642
none_moving,0.5,253,14637,347.12252964426875,0.28841731103817786,0.25739248789793195,1587,37.63636363636363,0.46959306316204774,0.4229287828252498
none_moving,0.5,254,14694,347.10236220472444,0.3007589295722944,0.24718140069705158,1589,37.53543307086614,0.4704287322195307,0.42268879294269973
none_moving,0.5,255,14753,347.1294117647059,0.37020081734606175,0.31326208468659883,1591,37.43529411764706,0.48357699179563407,0.4319277151656964
none_moving,0.5,256,14810,347.109375,0.3470157961086669,0.3132022134326367,1593,37.3359375,0.4759686089555546,0.4090185539923894
none_moving,0.5,257,14866,347.0661478599222,0.398445809781479,0.3380855545088553,1595,37.237354085603116,0.4859440441601315,0.4081156942705437
none_moving,0.5,258,14924,347.0697674418605,0.44623950608867596,0.38885737427934813,1600,37.2093023255814,0.4965564480591653,0.4558984754418199
none_moving,0.5,259,14982,347.0733590733591,0.5767194359343858,0.4926457249350321,1605,37.181467181467184,0.515281356244899,0.4818212924796157
none_moving,0.5,260,15036,346.9846153846154,0.5881485006511287,0.4771289164203421,1605,37.03846153846154,0.5194959752413087,0.487157356929509
none_moving,0.5,261,15093,346.9655172413793,0.5655054820910449,0.4546487304572334,1607,36.94252873563219,0.5203567824374207,0.4882302885112349
none_moving,0.5,262,15152,346.9923664122138,0.4968162915355959,0.4300551397781824,1614,36.961832061068705,0.5060753853717659,0.45192711086741993
none_moving,0.5,263,15212,347.041825095057,0.49538771638157136,0.4021047720347915,1622,37.00380228136881,0.46424482732342204,0.4114215791593664
none_moving,0.5,264,15269,347.02272727272725,0.3967879571498597,0.34075003274129223,1633,37.11363636363636,0.4650198213573858,0.4085088589344547
none_moving,0.5,265,15323,346.93584905660373,0.4740968537047921,0.4381345096897527,1653,37.426415094339625,0.37676429068706935,0.31326589301166885
none_moving,0.5,266,15380,346.9172932330827,0.3241434705264397,0.27625859952922405,1677,37.827067669172926,0.3335617209207014,0.29481714961204497
none_moving,0.5,267,15438,346.9213483146067,0.34464158903994474,0.3025729502065504,1702,38.24719101123595,0.4012178669061679,0.37665476009154686
none_moving,0.5,268,15497,346.94776119402985,0.3534014858184188,0.29380770203881884,1725,38.61940298507463,0.37195778444497185,0.3061812939763502
none_moving,0.5,269,15552,346.8847583643123,0.3786773086200235,0.33157925664250887,1745,38.921933085501855,0.32233485806056916,0.261598918032191
none_moving,0.5,270,15607,346.82222222222225,0.22177941214148572,0.20587442400398398,1762,39.15555555555555,0.4105072564912072,0.31883793346501144
none_moving,0.5,271,15664,346.8044280442805,0.4386137929249435,0.41118103334839873,1775,39.29889298892989,0.5957249064118884,0.47964233703871917
none_moving,0.5,272,15721,346.7867647058823,0.30581442720525176,0.2692749281951613,1780,39.26470588235294,0.4592031164763779,0.39945044959345133
none_moving,0.5,273,15777,346.7472527472528,0.46801391601978987,0.40671103251173674,1785,39.23076923076923,0.5097523641270508,0.42137323275032507
none_moving,0.5,274,15834,346.7299270072993,0.4022186334947727,0.3640365513118261,1790,39.197080291970806,0.5628437743521514,0.47403701807491305
none_moving,0.5,275,15895,346.8,0.3327392390554202,0.27606902693430396,1790,39.054545454545455,0.609172157123163,0.5008800387986098
none_moving,0.5,276,15950,346.7391304347826,0.284809957947244,0.24879499751889447,1790,38.913043478260875,0.6194320423574112,0.5068559648728093
none_moving,0.5,277,16010,346.78700361010834,0.3320574412853795,0.29534100279855313,1793,38.837545126353795,0.6241359310911505,0.5120778500145539
none_moving,0.5,278,16067,346.76978417266184,0.24611553937344582,0.23665641280044586,1793,38.697841726618705,0.6254506725280574,0.5142570992365517
none_moving,0.5,279,16124,346.752688172043,0.24371337913313618,0.21677416063214633,1799,38.68817204301075,0.6066637149547437,0.48568169379901144
none_moving,0.5,280,16183,346.7785714285714,0.3420201852492066,0.31620971962842276,1806,38.699999999999996,0.6387285272850323,0.5279081375342785
none_moving,0.5,281,16238,346.71886120996436,0.4170370220764191,0.33767280806058125,1813,38.711743772241995,0.6489779576329613,0.5549087631580457
none_moving,0.5,282,16296,346.7234042553191,0.3233012485144516,0.31259930403545483,1819,38.702127659574465,0.6187960032104524,0.5006846081283334
none_moving,0.5,283,16354,346.7279151943463,0.3627527511682705,0.34052020829468915,1826,38.71378091872791,0.6181609494912318,0.4974008884326884
none_moving,0.5,284,16411,346.7112676056338,0.3652360662801191,0.3242690643088033,1833,38.725352112676056,0.6512850161831375,0.5651428535169516
none_moving,0.5,285,16469,346.71578947368425,0.5018718148375624,0.44309256197326335,1842,38.77894736842105,0.6214492495934759,0.5188916321101191
none_moving,0.5,286,16526,346.6993006993007,0.35804675334176705,0.3086143349486732,1846,38.72727272727273,0.5941666151026451,0.4680352693913396
none_moving,0.5,287,16582,346.6620209059234,0.44376229679561235,0.36256655415678984,1848,38.63414634146342,0.49131939294371635,0.4080155334623634
none_moving,0.5,288,16642,346.70833333333337,0.3198989652571086,0.2828775019487527,1850,38.54166666666667,0.4681091826339919,0.3525665234411292
none_moving,0.5,289,16701,346.7335640138408,0.3541044488634661,0.3230725625817999,1855,38.5121107266436,0.4465763730148579,0.3206240265818238
none_moving,0.5,290,16758,346.71724137931034,0.35598912945264105,0.30523933429824696,1855,38.37931034482759,0.4502027072510966,0.3221894478033315
none_moving,0.5,291,16815,346.70103092783506,0.23959142505282172,0.2033493243279009,1855,38.24742268041238,0.45124317825108873,0.32278747266218133
none_moving,0.5,292,16874,346.72602739726034,0.27375632393896643,0.24149353465282522,1858,38.178082191780824,0.4557844301507836,0.33801201792044444
none_moving,0.5,293,16929,346.6689419795222,0.3402250708524753,0.2623599558673589,1858,38.04778156996587,0.4573284083560722,0.34137936637440525
none_moving,0.5,294,16988,346.69387755102036,0.3950531908992709,0.37168742028508167,1858,37.91836734693877,0.45766218882400034,0.3420618619398167
none_moving,0.5,295,17044,346.6576271186441,0.38976851470243273,0.3408824091157331,1860,37.83050847457627,0.4577299399275938,0.3421987148633957
none_moving,0.5,296,17101,346.6418918918919,0.5243552755367988,0.4577581981819101,1864,37.78378378378378,0.3667260599152923,0.28775305652217364
none_moving,0.5,297,17159,346.64646464646466,0.32710746681249553,0.3024683405432437,1868,37.73737373737374,0.5018140094353175,0.3738235346616959
none_moving,0.5,298,17218,346.6711409395973,0.34677602077448016,0.3151228593271368,1874,37.73154362416108,0.35010226798789257,0.2805316322340478
none_moving,0.5,299,17275,346.6555183946488,0.3944583616209984,0.33041625644246436,1877,37.66555183946488,0.39248881013685794,0.2960966984832815
none_moving,0.5,300,17334,346.68,0.3621847686756227,0.30609125730481257,1886,37.72,0.3581315255968872,0.3020455305269912
none_moving,0.5,301,17392,346.6843853820598,0.37320544716357057,0.3424105390757611,1892,37.714285714285715,0.42826777272173483,0.3543157135379183
none_moving,0.5,302,17452,346.7284768211921,0.3799245064172647,0.33968565750788615,1895,37.64900662251656,0.3378151063145403,0.29510017443488484
none_moving,0.5,303,17508,346.6930693069307,0.20673063429103639,0.1851182507652613,1897,37.56435643564356,0.3383393728922757,0.28432752606611195
none_moving,0.5,304,17565,346.6776315789474,0.3043688081054455,0.26247926703889324,1902,37.53947368421053,0.36294614564674194,0.3198321144851795
none_moving,0.5,305,17626,346.7409836065574,0.33535270785994103,0.2937904745928938,1902,37.41639344262295,0.37654011078702887,0.331585753460134
none_moving,0.5,306,17685,346.764705882353,0.46501731649549183,0.4247136295491406,1902,37.294117647058826,0.3795477019700638,0.33402638062688955
none_moving,0.5,307,17744,346.7882736156352,0.3552633051845455,0.3139768854998259,1911,37.3485342019544,0.37016373573668687,0.3196143772339787
none_moving,0.5,308,17800,346.75324675324674,0.42298515008664034,0.33110120721577896,1921,37.42207792207792,0.3780509498846059,0.33025191890248506
none_moving,0.5,309,17857,346.7378640776699,0.446622889326275,0.3521501360621699,1935,37.57281553398058,0.4110948758462819,0.38825416094193554
none_moving,0.5,310,17917,346.7806451612903,0.4971720166897477,0.45565286819826295,1953,37.8,0.3465482085495364,0.31261203817810324
none_moving,0.5,311,17976,346.8038585209003,0.44525991732762227,0.40981933162779444,1973,38.064308681672024,0.4172689986971222,0.37813508700823684
none_moving,0.5,312,18033,346.7884615384615,0.32355178989200645,0.26401877314635774,1993,38.32692307692308,0.34706475980349644,0.30155803700369865
none_moving,0.5,313,18090,346.7731629392971,0.4843076865529982,0.40547010062542377,2015,38.626198083067095,0.45889730116190397,0.3826929553579877
none_moving,0.5,314,18149,346.79617834394907,0.5228791165577925,0.4716521376868868,2028,38.7515923566879,0.1952459671122975,0.16545677390652475
none_moving,0.5,315,18204,346.74285714285713,0.2509350303433809,0.2239336311261372,2037,38.8,0.28946601992145204,0.24867137735873596
none_moving,0.5,316,18259,346.6898734177215,0.3257487372705248,0.27032565250854435,2044,38.810126582278485,0.2228500539249782,0.2128000251202547
none_moving,0.5,317,18319,346.7318611987382,0.5095460506242635,0.445590590289041,2048,38.76340694006309,0.20238017517119927,0.19201625620201404
none_moving,0.5,318,18377,346.7358490566038,0.372067073872808,0.32051656139226725,2050,38.67924528301887,0.23566553066044807,0.21766012966559525
none_moving,0.5,319,18436,346.7586206896552,0.4608052566462272,0.3875180904525628,2055,38.65203761755486,0.2728712050822302,0.24586264010423692
none_moving,0.5,320,18496,346.8,0.35810149843116335,0.2936671868570947,2055,38.53125,0.288519268696209,0.2583367204666968
none_moving,0.5,321,18555,346.8224299065421,0.508419808943923,0.45721924210261305,2055,38.41121495327103,0.29189313678914447,0.26102135626525974
none_moving,0.5,322,18615,346.86335403726713,0.18054964809393967,0.1588832472531502,2058,38.34782608695652,0.29945852892368613,0.26135045243179966
none_moving,0.5,323,18675,346.90402476780184,0.4761374442621243,0.4073069197014993,2058,38.22910216718266,0.30335091865385255,0.2651518595435572
none_moving,0.5,324,18731,346.8703703703703,0.4115836264295948,0.36049161114223444,2058,38.11111111111111,0.30421886700762535,0.26621750030994923
none_moving,0.5,325,18787,346.8369230769231,0.3835970199040065,0.34486383829903355,2058,37.99384615384616,0.3043959748485743,0.2664417579419514
none_moving,0.5,326,18844,346.82208588957053,0.2586623449559236,0.22146540480459082,2058,37.877300613496935,0.3044315366401189,0.26648703595612877
none_moving,0.5,327,18902,346.8256880733945,0.3697456904495746,0.3024189763747379,2058,37.76146788990826,0.30443865460330677,0.2664961084606098
none_moving,0.5,328,18963,346.8841463414634,0.37630975865543725,0.33000102704260453,2063,37.737804878048784,0.2840240574459746,0.25082985224364096
none_moving,0.5,329,19021,346.88753799392094,0.3237818657147413,0.2652883508501533,2065,37.659574468085104,0.32603183339747344,0.29380027480367493
none_moving,0.5,330,19079,346.89090909090913,0.36586294753677845,0.3090329000829829,2065,37.54545454545455,0.3936411603041905,0.3472295440430115
none_moving,0.5,331,19140,346.9486404833837,0.2209982321624934,0.19317887271212286,2069,37.50453172205438,0.41075044946898825,0.3616167306822773
none_moving,0.5,332,19198,346.95180722891564,0.36430765825299954,0.29571956599772936,2071,37.4277108433735,0.42151971812188466,0.35784188151941293
none_moving,0.5,333,19257,346.97297297297297,0.4313168717967744,0.375425036042549,2073,37.351351351351354,0.3969878870731337,0.350032036994738
none_moving,0.5,334,19314,346.9580838323354,0.4969651131849313,0.4271019515867655,2082,37.40119760479042,0.40359284575519105,0.3635242828175493
none_moving,0.5,335,19370,346.92537313432837,0.29544995622039066,0.2843249959733569,2089,37.41492537313433,0.3085543441594254,0.28245073917940966
none_moving,0.5,336,19430,346.9642857142857,0.31061022958374634,0.28029931929574725,2103,37.55357142857143,0.46359256763859064,0.3966336234277386
none_moving,0.5,337,19489,346.98516320474783,0.4328910286281466,0.38987136668597044,2116,37.67359050445104,0.3470895991617638,0.3245028255027579
none_moving,0.5,338,19548,347.00591715976327,0.3096087586522012,0.289666302111635,2134,37.88165680473372,0.3122316925039869,0.2604013998369382
none_moving,0.5,339,19606,347.00884955752207,0.4741278370141085,0.4075693292466941,2153,38.10619469026549,0.42870629549248757,0.383982024636862
none_moving,0.5,340,19662,346.97647058823526,0.31710596652860235,0.270661678763088,2171,38.31176470588235,0.41941344865568553,0.3807323247660851
none_moving,0.5,341,19719,346.96187683284455,0.3836167581380754,0.3660536009059352,2190,38.53372434017595,0.3585081740879575,0.320223649974193
none_moving,0.5,342,19777,346.96491228070175,0.2529650985691923,0.21607530519154086,2204,38.666666666666664,0.34029219208485817,0.2898884982859906
none_moving,0.5,343,19836,346.98542274052477,0.3216159200177505,0.2919862757483336,2211,38.67638483965015,0.374507350087871,0.3490699600244632
none_moving,0.5,344,19894,346.98837209302326,0.4672647000594435,0.4431785955824973,2217,38.66860465116279,0.40510627386382225,0.3724339442416641
none_moving,0.5,345,19951,346.97391304347826,0.4286727782897113,0.38505266273069383,2222,38.643478260869564,0.5030660344559067,0.46768842646686276
none_moving,0.5,346,20007,346.9421965317919,0.3323088919013844,0.3121866629220347,2231,38.6878612716763,0.6784069856832242,0.5677369832908268
none_moving,0.5,347,20062,346.8933717579251,0.3962689692524239,0.3299699995726018,2233,38.610951008645536,0.6543311651033888,0.5615882053401352
none_moving,0.5,348,20121,346.91379310344826,0.5118518202813711,0.4570077810692882,2235,38.53448275862069,0.6196264695848981,0.5004294540568212
none_moving,0.5,349,20181,346.9512893982808,0.27290878111603756,0.24062930871792537,2238,38.4756446991404,0.5824668874973288,0.45204838440975104
none_moving,0.5,350,20239,346.95428571428573,0.3235664045546135,0.29541984402141935,2238,38.36571428571429,0.5838868084557254,0.46216523167645385
none_moving,0.5,351,20297,346.957264957265,0.2272808696852266,0.19426718349425826,2238,38.25641025641026,0.5845325608220451,0.4645596076292131
none_moving,0.5,352,20356,346.97727272727275,0.4016117168985212,0.36411757038706594,2238,38.14772727272728,0.5846761030384133,0.46504395935830517
none_moving,0.5,353,20413,346.9631728045325,0.4207296392395452,0.35937277793508937,2238,38.039660056657226,0.5847053862936563,0.46514103482360786
none_moving,0.5,354,20467,346.89830508474574,0.22304164610914368,0.21083960841950714,2238,37.932203389830505,0.5847112659299676,0.46516045802937206
none_moving,0.5,355,20525,346.9014084507042,0.43711571027749924,0.4011400967977199,2238,37.82535211267606,0.5847124427765812,0.46516434299432097
none_moving,0.5,356,20582,346.88764044943815,0.4383076362971621,0.31624975447618664,2240,37.752808988764045,0.5880305153810529,0.47301231500998464
none_moving,0.5,357,20642,346.9243697478991,0.3037215263341025,0.26683587152735233,2243,37.69747899159664,0.5832091354226984,0.46235493747620965
none_moving,0.5,358,20701,346.94413407821224,0.23463080062080763,0.2185362933954192,2246,37.642458100558656,0.5865598661870903,0.452459449238924
none_moving,0.5,359,20760,346.96378830083563,0.5381062188268799,0.4313400992730756,2248,37.571030640668525,0.5934254864037405,0.46686386237484945
none_moving,0.5,360,20818,346.9666666666667,0.4078000347158963,0.3673981773434324,2248,37.46666666666667,0.5778340977679902,0.44747800651709185
none_moving,0.5,361,20874,346.9362880886427,0.3926927762982687,0.3502794162705435,2254,37.46260387811635,0.2969202787435869,0.2756830649820242
none_moving,0.5,362,20931,346.9226519337017,0.3839954468023904,0.33680878229279076,2256,37.392265193370164,0.5804117554106208,0.49545194482025845
none_moving,0.5,363,20992,346.97520661157023,0.4031768273216553,0.34657200890329914,2258,37.32231404958678,0.7047955041764395,0.5909163480033824
none_moving,0.5,364,21049,346.9615384615385,0.3546204488916391,0.290303469554851,2261,37.26923076923077,0.7349866971157213,0.6192609354302139
none_moving,0.5,365,21107,346.96438356164384,0.45116958963074905,0.4061686776914219,2261,37.16712328767123,0.7411876611765428,0.6251643486965157
none_moving,0.5,366,21161,346.9016393442623,0.36820969598938613,0.3346872740254626,2261,37.0655737704918,0.7424340298983784,0.6263528736732638
none_moving,0.5,367,21222,346.95367847411444,0.5899968713382037,0.5020056477802087,2261,36.96457765667575,0.7426835481171631,0.6265908815815644
none_moving,0.5,368,21283,347.0054347826087,0.3676504958993654,0.3216339144428355,2265,36.92934782608695,0.7378982833927457,0.6201058970547705
none_moving,0.5,369,21339,346.9756097560976,0.5116181619677314,0.4448046302707288,2273,36.959349593495936,0.7461836479545086,0.6391079458098454
none_moving,0.5,370,21400,347.02702702702703,0.6173630097728199,0.49453196211523975,2283,37.02162162162162,0.7535398895557699,0.5911814411888371
none_moving,0.5,371,21458,347.0296495956874,0.5948205154318957,0.5079809585555846,2293,37.08355795148248,0.47469551645390856,0.40122028867410703
none_moving,0.5,372,21517,347.04838709677415,0.5188254117058244,0.47323314384234827,2309,37.24193548387097,0.4932299198814571,0.4351977071632588
none_moving,0.5,373,21574,347.0348525469169,0.7799859402581958,0.5912131849485653,2322,37.35120643431635,0.6903511560048314,0.5709916817996208
none_moving,0.5,374,21634,347.06951871657753,0.4127128211639418,0.3686347865908137,2335,37.45989304812834,0.6562932017116591,0.5147620308671208
none_moving,0.5,375,21690,347.04,0.2459517712058813,0.21094343059860715,2342,37.472,0.5974282804063185,0.4919987621380493
none_moving,0.5,376,21749,347.0585106382979,0.7181836055941374,0.6350929155187794,2350,37.5,0.4562235152343399,0.3889706906108457
none_moving,0.5,377,21806,347.0450928381963,0.4326421811954358,0.34129372256305446,2356,37.49602122015915,0.38823185932474724,0.3458019249608687
none_moving,0.5,378,21867,347.0952380952381,0.48037659650934855,0.4354251322199242,2359,37.44444444444444,0.3843160198073033,0.36642657464633827
none_moving,0.5,379,21925,347.09762532981534,0.24335571064682687,0.21550895578460832,2365,37.440633245382585,0.38530274574050793,0.35978980464819743
none_moving,0.5,380,21983,347.1,0.5423209109045577,0.4873144840884602,2373,37.468421052631584,0.3531691033186516,0.3046392351136403
none_moving,0.5,381,22042,347.11811023622045,0.4357880481186864,0.3989163883175665,2381,37.496062992125985,0.40427090162080326,0.36500449942409374
none_moving,0.5,382,22102,347.151832460733,0.38490026205483585,0.32356486479844554,2388,37.50785340314137,0.4105380318357666,0.3757642994686527
none_moving,0.5,383,22161,347.16971279373365,0.38064083470955223,0.34829841816240287,2396,37.53524804177545,0.3873104009548759,0.3405533975456273
none_moving,0.5,384,22221,347.20312499999994,0.6393976674146956,0.5137025659630919,2403,37.546875,0.3972387286706958,0.3545901465656578
none_moving,0.5,385,22277,347.17402597402594,0.3367760731751749,0.30116654541509524,2411,37.57402597402597,0.4023906491831812,0.37171340148816734
none_moving,0.5,386,22335,347.1761658031088,0.4585439974120194,0.42735992835845027,2415,37.538860103626945,0.38321877953774175,0.34425734244011247
none_moving,0.5,387,22393,347.1782945736434,0.28234977773497005,0.2627121753835023,2418,37.48837209302326,0.37384948472016305,0.3369502453524359
none_moving,0.5,388,22450,347.16494845360825,0.27522986555631646,0.23772983214708066,2421,37.43814432989691,0.3926417949434455,0.35884637904758865
none_moving,0.5,389,22507,347.1516709511568,0.3866216923719726,0.34560291502897666,2423,37.37275064267352,0.3865163860606308,0.35521118347861946
none_moving,0.5,390,22567,347.18461538461537,0.2618854732240801,0.2279189478897301,2423,37.276923076923076,0.37487438998277556,0.34155753177720793
none_moving,0.5,391,22625,347.1867007672634,0.4230833111293005,0.3444020088800139,2427,37.24296675191816,0.4507726628365055,0.4156785608244455
none_moving,0.5,392,22686,347.234693877551,0.40870837571964,0.35477963424581127,2431,37.20918367346939,0.4981036137136647,0.44907546863691705
none_moving,0.5,393,22742,347.206106870229,0.3794802925083632,0.3613993209014961,2433,37.145038167938935,0.4526536689894413,0.43099462956534984
none_moving,0.5,394,22801,347.2233502538071,0.3334378902199789,0.2656528949469996,2440,37.15736040609137,0.5248242441920807,0.4804653206113708
none_moving,0.5,395,22860,347.24050632911394,0.27050565642592433,0.25599102628879444,2447,37.16962025316456,0.5321983117310604,0.47292213946644795
none_moving,0.5,396,22913,347.1666666666667,0.24940182902628621,0.2164401774859664,2454,37.18181818181819,0.5300000926206173,0.4651208019966945
none_moving,0.5,397,22972,347.183879093199,0.4100567032512168,0.36233684009910816,2461,37.193954659949625,0.5281464241017132,0.4695572837268377
none_moving,0.5,398,23031,347.2010050251256,0.34858788671834295,0.3110576271739309,2467,37.19095477386934,0.535610556167793,0.49383346378459125
none_moving,0.5,399,23090,347.2180451127819,0.3409859737384346,0.2874851820955367,2478,37.26315789473684,0.4515011843596606,0.410797898273178
none_moving,0.5,400,23145,347.175,0.31046343027282586,0.27069029453230914,2492,37.379999999999995,0.4947075456327708,0.43807034750328144
none_moving,0.5,401,23206,347.2219451371571,0.47334237664316486,0.4459286136340406,2499,37.39152119700748,0.34861705749525057,0.28912133091491904
none_moving,0.5,402,23261,347.17910447761193,0.32277392744886807,0.2943007712870928,2506,37.40298507462686,0.35860650307823344,0.2921307200679739
none_moving,0.5,403,23322,347.22580645161287,0.33567557331243714,0.2812350149313574,2514,37.42928039702233,0.2839413420496383,0.25742825511149126
none_moving,0.5,404,23380,347.2277227722772,0.2844446530649437,0.24974689618122686,2521,37.44059405940594,0.28380318489641293,0.26233070359815847
none_moving,0.5,405,23440,347.25925925925924,0.29071268355101954,0.2681221357335087,2526,37.422222222222224,0.41616504306177604,0.3637354072392426
none_moving,0.5,406,23499,347.2758620689655,0.3662170355779261,0.3369922039322463,2528,37.35960591133005,0.4518448598491162,0.38459210792146437
none_moving,0.5,407,23556,347.2628992628993,0.28523024356276955,0.2455277443689686,2533,37.34152334152334,0.48235730253527265,0.4185384665937648
none_moving,0.5,408,23612,347.235294117647,0.5158945177094053,0.42827281673825013,2542,37.38235294117647,0.46500199651764373,0.4247461234288187
none_moving,0.5,409,23670,347.2371638141809,0.4441102321585056,0.41365134904384193,2554,37.46699266503668,0.46357361348594045,0.41497883262735946
none_moving,0.5,410,23728,347.23902439024397,0.3700372167012248,0.308198345429086,2562,37.49268292682927,0.4676418181019315,0.41580855222067237
none_moving,0.5,411,23785,347.2262773722628,0.4563408324311505,0.3946386813695587,2576,37.6058394160584,0.44941666734687774,0.3800593812830069
none_moving,0.5,412,23843,347.2281553398059,0.400841946755427,0.35387112979085167,2591,37.73300970873787,0.4945752286906628,0.4440398089001868
none_moving,0.5,413,23899,347.2009685230024,0.3267124828266311,0.3014027264163971,2604,37.83050847457626,0.47177552439645337,0.39913738147343025
none_moving,0.5,414,23958,347.2173913043478,0.5700448612194414,0.47557202335966214,2617,37.927536231884055,0.4368990089877845,0.3496933571372786
none_moving,0.5,415,24013,347.17590361445787,0.3532093611980447,0.3215625166022685,2629,38.00963855421686,0.4627622520707681,0.39169861685301377
none_moving,0.5,416,24072,347.1923076923077,0.4578109404330048,0.4130600030529032,2636,38.019230769230774,0.5001611020002582,0.44321897992955994
none_moving,0.5,417,24129,347.1798561151079,0.33085343435814285,0.29344167320956804,2646,38.07194244604317,0.46616178395888985,0.40115957812120967
none_moving,0.5,418,24189,347.2105263157895,0.4395547485778615,0.3765071653854709,2646,37.98086124401914,0.45410249761826144,0.38863302451635856
none_moving,0.5,419,24247,347.2124105011933,0.411918831101852,0.35866538801166115,2648,37.91885441527447,0.454027257427987,0.3870634696486886
none_moving,0.5,420,24306,347.2285714285714,0.4075834192506562,0.35640199647944576,2650,37.857142857142854,0.37015754455151867,0.3384571057351108
none_moving,0.5,421,24363,347.2161520190024,0.4738227145543655,0.389019127984589,2652,37.795724465558195,0.36945193657242253,0.3373405735256588
none_moving,0.5,422,24422,347.23222748815164,0.5356055142214188,0.5021381486688741,2654,37.7345971563981,0.35975818829382544,0.32622188700172916
none_moving,0.5,423,24478,347.20567375886526,0.42007836351313904,0.39201390942391007,2656,37.67375886524823,0.2980544942488976,0.2667752657569483
none_moving,0.5,424,24537,347.22169811320754,0.5033230066931,0.45118485175267803,2659,37.62735849056604,0.3306583653822955,0.31605357383643445
none_moving,0.5,425,24595,347.22352941176473,0.3186250674014217,0.30152793910145514,2659,37.538823529411765,0.3507051834616303,0.333759344576241
none_moving,0.5,426,24652,347.2112676056338,0.4491872562310437,0.39570344266934687,2664,37.52112676056338,0.330559405924478,0.29734412363218876
none_moving,0.5,427,24712,347.24121779859485,0.51198058546777,0.46460337508593863,2670,37.51756440281031,0.34366307599063434,0.3195400652138932
none_moving,0.5,428,24770,347.2429906542056,0.5015646699815528,0.4263948321044981,2676,37.51401869158879,0.3761920713492169,0.3550049879831348
none_moving,0.5,429,24826,347.2167832167832,0.49192080469690014,0.4373787859057014,2683,37.52447552447553,0.4116739351270152,0.40209694531271867
none_moving,0.5,430,24887,347.260465116279,0.384824719034515,0.2996704772437927,2691,37.54883720930233,0.4087751139229388,0.3966698241782697
none_moving,0.5,431,24947,347.2900232018561,0.3180680661918123,0.28012235521346224,2696,37.53132250580047,0.3765825559852569,0.36502534962818134
none_moving,0.5,432,25007,347.3194444444444,0.6049937734856523,0.4778324836649448,2705,37.56944444444444,0.3877189119423077,0.37472467252193953
none_moving,0.5,433,25062,347.27944572748265,0.38822743164250373,0.35223269349378045,2705,37.482678983833715,0.4236053548771668,0.4088507972590901
none_moving,0.5,434,25116,347.22580645161287,0.44201126806414115,0.3814860292887715,2707,37.42396313364055,0.42762929606540734,0.4119640288641387
none_moving,0.5,435,25175,347.2413793103448,0.47645536293430246,0.4128311998246582,2709,37.36551724137931,0.28858398979402305,0.2775777195495859
none_moving,0.5,436,25233,347.2431192660551,0.3498641408736767,0.32896193382667055,2711,37.30733944954129,0.3005564626830852,0.29153878647874487
none_moving,0.5,437,25288,347.20366132723115,0.36541085706101734,0.3056377178016832,2713,37.24942791762014,0.3359468827250672,0.3200622920195949
none_moving,0.5,438,25346,347.2054794520548,0.35135599841744275,0.324649568537807,2718,37.23287671232877,0.29620423068669594,0.28279554525822587
none_moving,0.5,439,25400,347.15261958997723,0.3306619659370729,0.3059826957680289,2728,37.28473804100228,0.2627157753996223,0.24466919899806228
none_moving,0.5,440,25456,347.1272727272727,0.3735255253787116,0.33532004468790083,2734,37.28181818181818,0.2875743036506445,0.26482912505683653
none_moving,0.5,441,25516,347.15646258503403,0.2332383955570831,0.20092834631196776,2742,37.30612244897959,0.2791598780977758,0.2455785351657167
none_moving,0.5,442,25574,347.15837104072403,0.330666349135605,0.2989010209975559,2749,37.31674208144796,0.27822978510530594,0.24565900398755686
none_moving,0.5,443,25630,347.1331828442438,0.3061058631198362,0.25312512058259445,2756,37.3273137697517,0.3192146083906249,0.2969553555607549
none_moving,0.5,444,25687,347.12162162162156,0.3799844601649681,0.3376165803998551,2769,37.41891891891891,0.326648756905513,0.3010014199799499
none_moving,0.5,445,25745,347.12359550561797,0.37043759562891027,0.3443783505818896,2783,37.523595505617976,0.29484597782701266,0.2729150060941451
none_moving,0.5,446,25804,347.1390134529148,0.3642831181039599,0.31454287938385417,2792,37.56053811659193,0.2771593144086243,0.2507244181913564
none_moving,0.5,447,25863,347.1543624161074,0.47247304661170314,0.34069726562471336,2806,37.664429530201346,0.27298928220448326,0.23750835671666398
none_moving,0.5,448,25918,347.11607142857144,0.5004258026168468,0.38955475787956406,2814,37.68749999999999,0.2666400275711437,0.23158519511331216
none_moving,0.5,449,25977,347.13140311804005,0.536782171174723,0.44120237266258266,2822,37.71046770601336,0.2699380230867072,0.24062885845754275
none_moving,0.5,450,26035,347.1333333333333,0.6934542175839676,0.48954505752492866,2832,37.76,0.2141550808134222,0.1838862345724478
none_moving,0.5,451,26090,347.09534368070956,0.46312720182635403,0.4065739127781306,2842,37.80931263858093,0.24424447095346527,0.21846402199922826
none_moving,0.5,452,26148,347.0973451327434,0.4919069196524719,0.4464346622581149,2851,37.84513274336283,0.3295335279838294,0.30672286864288906
none_moving,0.5,453,26204,347.07284768211923,0.5674510211046544,0.4490807009159091,2856,37.82781456953643,0.28739540352399345,0.2641941901080493
none_moving,0.5,454,26262,347.0748898678414,0.44238247331155206,0.3838664065335439,2859,37.78414096916299,0.29424724699983196,0.2746346121783264
none_moving,0.5,455,26317,347.0373626373626,0.3012441531002765,0.25571234324148806,2859,37.7010989010989,0.2994685989330297,0.2815829678621158
none_moving,0.5,456,26375,347.0394736842105,0.43397569264182423,0.4083824398410113,2859,37.618421052631575,0.30065515188917996,0.28305520036491183
none_moving,0.5,457,26431,347.0153172866521,0.3983764138270138,0.3479085088649651,2859,37.53610503282275,0.3008980207924887,0.2833524119104568
none_moving,0.5,458,26489,347.0174672489083,0.4789478483474082,0.43381037034799413,2859,37.45414847161572,0.30094681579921834,0.2834119612681715
none_moving,0.5,459,26546,347.0065359477124,0.44202347047520013,0.35882863213313965,2872,37.54248366013071,0.34714628289266924,0.30932750943637066
none_moving,0.5,460,26605,347.02173913043475,0.4329853735050889,0.3492046072547939,2883,37.60434782608696,0.3503253078104223,0.3232604241678392
none_moving,0.5,461,26661,346.997830802603,0.354243881333278,0.3228032936593095,2894,37.66594360086768,0.3284426549830374,0.30491408044063406
none_moving,0.5,462,26717,346.97402597402595,0.20891620954086576,0.1944946781157028,2912,37.81818181818181,0.30492284118155877,0.29142435695518687
none_moving,0.5,463,26776,346.9892008639309,0.47415058087044365,0.42139919523460134,2924,37.89200863930885,0.27440967667234323,0.25574079831542407
none_moving,0.5,464,26832,346.9655172413793,0.34629240902124403,0.2996617052520712,2936,37.96551724137931,0.243858857636437,0.21905082857572392
none_moving,0.5,465,26891,346.9806451612903,0.5280882006910246,0.4648034547378643,2950,38.064516129032256,0.3401874566247606,0.3089247108682438
none_moving,0.5,466,26946,346.9442060085837,0.5613279761147085,0.47074000262395277,2963,38.15021459227468,0.41360716621492744,0.37576316277555066
none_moving,0.5,467,27005,346.9593147751606,0.495722340580153,0.37786012793499835,2974,38.20985010706638,0.3536341949926326,0.3231736102967188
none_moving,0.5,468,27063,346.9615384615385,0.6820214989703707,0.5722459689994585,2984,38.256410256410255,0.27448150328081833,0.2479694953733627
none_moving,0.5,469,27120,346.95095948827293,0.47172653276697635,0.3949774341085013,2994,38.30277185501066,0.2201666767753515,0.18890156306462025
none_moving,0.5,470,27177,346.9404255319149,0.47667273720161807,0.3848004815939598,3002,38.32340425531915,0.2262643042666214,0.20238769703869872
none_moving,0.5,471,27236,346.95541401273886,0.358099653144818,0.3181268817658053,3010,38.34394904458599,0.22409172929182417,0.19739483810705835
none_moving,0.5,472,27295,346.97033898305085,0.5076681565305865,0.3846254853216068,3015,38.32627118644068,0.24969241093966563,0.2245016806419622
none_moving,0.5,473,27352,346.9598308668076,0.3770594855533163,0.3521614081706021,3015,38.245243128964056,0.2640929911907357,0.23489546233358571
none_moving,0.5,474,27412,346.98734177215186,0.284847669317326,0.23460264439979706,3019,38.215189873417714,0.26610621980059995,0.24384163409410706
none_moving,0.5,475,27470,346.9894736842105,0.5092157676809517,0.4279696469109287,3027,38.23578947368421,0.2907244571694234,0.24405609197980258
none_moving,0.5,476,27530,347.01680672268907,0.3433629885255738,0.31598390534352355,3035,38.2563025210084,0.24379689846213598,0.22088225151699473
none_moving,0.5,477,27590,347.0440251572327,0.27807769305944285,0.2478205715989587,3047,38.32704402515723,0.2836776596431682,0.25285436331068795
none_moving,0.5,478,27648,347.0460251046025,0.43985487595615586,0.358911196894762,3055,38.34728033472803,0.27337485693406616,0.24817757096035337
none_moving,0.5,479,27703,347.0104384133612,0.2624586765056568,0.2437195336278823,3063,38.36743215031316,0.25486813501332256,0.2246345758790679
none_moving,0.5,480,27760,347,0.4037636038748147,0.337188121807626,3075,38.4375,0.36494721894436444,0.34151574593440326
none_moving,0.5,481,27819,347.014553014553,0.391108000128085,0.33488454898586667,3085,38.48232848232848,0.43834601513955335,0.40545898777163913
none_moving,0.5,482,27878,347.02904564315355,0.6939445662467979,0.5555817276895605,3090,38.46473029045643,0.44194232804953926,0.399228093604855
none_moving,0.5,483,27938,347.055900621118,0.3949358107609845,0.312664565448838,3092,38.409937888198755,0.465831788572206,0.4203675496285119
none_moving,0.5,484,27995,347.04545454545456,0.415271441519734,0.3708596308039975,3095,38.367768595041326,0.47496941011638383,0.4326377573718516
none_moving,0.5,485,28053,347.04742268041235,0.28723414012384735,0.26772421811266794,3095,38.28865979381443,0.4769543537786045,0.43522405143320564
none_moving,0.5,486,28111,347.04938271604937,0.45713987509646264,0.4171482745930167,3097,38.23456790123457,0.47735748043492193,0.4357455962686238
none_moving,0.5,487,28171,347.07597535934286,0.44538552742795867,0.3947157855679081,3097,38.15605749486652,0.43023165322239904,0.38572073954492003
none_moving,0.5,488,28227,347.0532786885246,0.3587880097986682,0.3325405648148868,3102,38.13934426229508,0.29822045431362976,0.26562854096806043
none_moving,0.5,489,28282,347.0184049079754,0.4279034442327662,0.3857448353593521,3107,38.122699386503065,0.3449855524605454,0.3225829400657524
none_moving,0.5,490,28341,347.0326530612245,0.4134741229904642,0.3527555489512903,3114,38.13061224489796,0.3777624583866615,0.35334623015962807
none_moving,0.5,491,28395,346.9857433808554,0.39889013319705124,0.36156218939096735,3123,38.16293279022403,0.35220984868537786,0.3117065499767603
none_moving,0.5,492,28454,347.00000000000006,0.5240179410902159,0.47486360278981177,3138,38.268292682926834,0.293643045244758,0.2792544422472156
none_moving,0.5,493,28511,346.9898580121704,0.32223840321776415,0.2827568458041748,3148,38.31237322515213,0.3188746339036573,0.28940953588504303
none_moving,0.5,494,28567,346.9676113360324,0.39442569097279484,0.3445703959006264,3158,38.35627530364373,0.4072189967065061,0.3480888303138171
none_moving,0.5,495,28625,346.969696969697,0.2946915856677147,0.2755955510009255,3170,38.42424242424242,0.38927151381911274,0.3187547842898735
none_moving,0.5,496,28684,346.9838709677419,0.20633480874366497,0.18764255926356205,3179,38.45564516129031,0.35572796690900704,0.32209118515416474
none_moving,0.5,497,28741,346.9738430583501,0.3757747601115185,0.3071470532001751,3181,38.40241448692153,0.3777954503743318,0.3248329147062333
none_moving,0.5,498,28799,346.9759036144578,0.28931208145271914,0.2747129136373988,3183,38.34939759036144,0.4182541364150185,0.36097746160378724
none_moving,0.5,499,28859,347.00200400801606,0.3792216383192038,0.33072421348710257,3186,38.30861723446894,0.4412688515813686,0.378353858144102
none_moving,0.5,500,28916,346.99199999999996,0.37487701050718875,0.34222063991082546,3186,38.232,0.44645748823840753,0.38208688544929625
none_moving,0.5,501,28976,347.0179640718563,0.3248523576218704,0.2580984781194683,3188,38.17964071856288,0.44751702897557355,0.3828438051784202
none_moving,0.5,502,29032,346.99601593625493,0.27986165974593125,0.23905207307490794,3193,38.16334661354582,0.4058993642089655,0.33444223616057106
none_moving,0.5,503,29088,346.97415506958254,0.3860795844311698,0.3609791175223214,3201,38.18290258449305,0.417286289271678,0.3579102546292929
none_moving,0.5,504,29144,346.95238095238096,0.5149044512538169,0.44416110521093666,3211,38.226190476190474,0.3568065884771891,0.30339921856612884
none_moving,0.5,505,29198,346.90693069306934,0.3563884093249055,0.3080297309853768,3226,38.32871287128713,0.3617075552711696,0.3230510480172536
none_moving,0.5,506,29256,346.9090909090909,0.42123942732382463,0.3993621576574359,3240,38.41897233201581,0.3254622605441775,0.27350531857172566
none_moving,0.5,507,29315,346.92307692307696,0.4665339713799577,0.40600398409459837,3260,38.57988165680474,0.37745980167307014,0.3116018580962908
none_moving,0.5,508,29374,346.93700787401576,0.33435717137503873,0.29546497079957856,3273,38.65748031496063,0.45486536368968067,0.39823696631131267
none_moving,0.5,509,29432,346.93909626719056,0.2725953313195773,0.2551014762449161,3282,38.687622789783894,0.360101703614303,0.30615316633780376
none_moving,0.5,510,29492,346.9647058823529,0.4243551286677268,0.3483088368865321,3291,38.71764705882353,0.40362320514783057,0.3625064181880167
none_moving,0.5,511,29551,346.9784735812133,0.45885087663910873,0.41008262449195765,3296,38.70058708414873,0.36795100646978657,0.31177531612425835
none_moving,0.5,512,29608,346.96875,0.43911569641162046,0.37795543377995305,3296,38.625,0.3162468975985542,0.2764475351006171
none_moving,0.5,513,29667,346.98245614035085,0.5703543020353545,0.492288027200375,3298,38.57309941520467,0.3314339221928546,0.29703003573937364
none_moving,0.5,514,29724,346.97276264591443,0.3201949438373191,0.29146123775478733,3301,38.53307392996109,0.3883624908532284,0.34445257652699807
none_moving,0.5,515,29780,346.9514563106796,0.6691570514977144,0.5237866774209,3301,38.45825242718447,0.4072891304586558,0.35783612188844194
none_moving,0.5,516,29838,346.95348837209303,0.42505845337570775,0.34078085653885937,3305,38.43023255813954,0.4113038418750465,0.36059176261793047
none_moving,0.5,517,29891,346.89748549323014,0.3389605241924673,0.32146971547170267,3309,38.40232108317214,0.37192190634074695,0.32869920925577734
none_moving,0.5,518,29951,346.9227799227799,0.4580165990829885,0.4093214222132432,3313,38.374517374517374,0.48202406183876434,0.423945847692303
none_moving,0.5,519,30011,346.9479768786127,0.3665732240970003,0.33315668153442796,3317,38.346820809248555,0.482889803619693,0.41925877020773517
none_moving,0.5,520,30066,346.91538461538465,0.37780810021106775,0.35179566210781393,3321,38.31923076923078,0.44115638320646194,0.3877035441511313
none_moving,0.5,521,30125,346.9289827255278,0.4033093515651303,0.2861752189603665,3325,38.29174664107485,0.4665460753979806,0.41347161565357277
none_moving,0.5,522,30182,346.91954022988506,0.528580566420419,0.4744630532304674,3335,38.333333333333336,0.43606802239054504,0.4149241459661641
none_moving,0.5,523,30241,346.93307839388143,0.5346253696694672,0.4824799423222049,3338,38.29445506692161,0.4109052472270398,0.38340207284121164
none_moving,0.5,524,30301,346.9580152671756,0.4550423145094897,0.3736221328081408,3338,38.22137404580153,0.3781316207505827,0.3409036751123645
none_moving,0.5,525,30359,346.96000000000004,0.4568503692630288,0.3810101256994079,3342,38.19428571428571,0.3743423850819117,0.34193901499142254
none_moving,0.5,526,30418,346.97338403041823,0.4034246626672978,0.3731966396524493,3344,38.1444866920152,0.401962925452809,0.3741758485696028
none_moving,0.5,527,30478,346.99810246679317,0.5838374299502583,0.44544516909201015,3344,38.07210626185958,0.4758279779086397,0.4101077721520811
none_moving,0.5,528,30531,346.94318181818176,0.37014861221409967,0.327870971469603,3350,38.06818181818181,0.5154929517399448,0.4497073570846345
none_moving,0.5,529,30591,346.9678638941399,0.2708334107820037,0.25489783775087177,3360,38.109640831758036,0.5367124114928201,0.45969077109791456
none_moving,0.5,530,30650,346.9811320754717,0.28896263127757693,0.2618669643822239,3367,38.116981132075466,0.5276272446212407,0.44396030713450685
none_moving,0.5,531,30710,347.00564971751413,0.35738059717594567,0.3384229710975443,3376,38.14689265536724,0.510018548238164,0.4376128641944497
none_moving,0.5,532,30769,347.0187969924812,0.31878639953773064,0.276435572432688,3384,38.16541353383458,0.5355085403978638,0.45940349987513773
none_moving,0.5,533,30827,347.0206378986867,0.2832692754240845,0.24421807719497077,3392,38.18386491557224,0.5395461431460696,0.46948874300466825
none_moving,0.5,534,30885,347.02247191011236,0.26849376773053185,0.2443690151045625,3400,38.20224719101123,0.5359289535717062,0.46123482298558505
none_moving,0.5,535,30944,347.03551401869163,0.17501110350459628,0.1564204584919584,3411,38.25420560747664,0.6002205959516365,0.5299229704342843
none_moving,0.5,536,31001,347.02611940298505,0.33708678850174284,0.3126337874187534,3420,38.28358208955224,0.5513406740124687,0.5026265709579658
none_moving,0.5,537,31058,347.01675977653633,0.4756506364810629,0.44507650629026985,3433,38.357541899441344,0.4806114545852356,0.4445124074748145
none_moving,0.5,538,31115,347.0074349442379,0.32141962889793046,0.2643322545076014,3438,38.342007434944236,0.472129470176388,0.4118763871993738
none_moving,0.5,539,31172,346.9981447124304,0.37347603005832525,0.33973408035446817,3443,38.3265306122449,0.4607503140255743,0.42031780295051746
none_moving,0.5,540,31230,347,0.36997144612098093,0.33011429418863164,3451,38.34444444444445,0.4151748649535212,0.3880439689075511
none_moving,0.5,541,31287,346.9907578558225,0.42275504448854995,0.39129298052079825,3455,38.31792975970425,0.46696066179544016,0.426732481103942
none_moving,0.5,542,31344,346.98154981549817,0.5203927262057645,0.4693013367624827,3457,38.269372693726936,0.41590240351482133,0.3863371608460484
none_moving,0.5,543,31404,347.0055248618784,0.3162549435288085,0.2846142067977137,3459,38.22099447513811,0.46502516724911436,0.4228299662487426
none_moving,0.5,544,31462,347.00735294117646,0.3156998307210571,0.26696621790834596,3462,38.18382352941176,0.4157308257984168,0.38295040727377205
none_moving,0.5,545,31521,347.0201834862385,0.46475512410225767,0.40179989061667953,3462,38.1137614678899,0.4086869958984373,0.3759623880793329
none_moving,0.5,546,31580,347.03296703296706,0.3240292204098497,0.3035727742058058,3464,38.065934065934066,0.40740469745184366,0.3746139467492989
none_moving,0.5,547,31636,347.0127970749543,0.42162995694518873,0.37243366698027136,3464,37.9963436928702,0.39883465346740665,0.3669521312290614
none_moving,0.5,548,31693,347.00364963503654,0.36812980489784153,0.3152149452697825,3464,37.92700729927007,0.40054278734086346,0.36857784118629233
none_moving,0.5,549,31751,347.0054644808743,0.4054279875524383,0.3677379411716956,3467,37.89071038251366,0.39637904044174244,0.3585818187967682
none_moving,0.5,550,31807,346.98545454545456,0.4080311625182606,0.3756205502137946,3477,37.93090909090909,0.4961829544751896,0.4678350080365018
none_moving,0.5,551,31867,347.0090744101633,0.26028571375339443,0.23742662866122116,3485,37.9491833030853,0.40447469602997876,0.3541914652178629
none_moving,0.5,552,31926,347.0217391304348,0.3698676895270943,0.34707462746806333,3500,38.04347826086957,0.38222108958940687,0.35770808846120755
none_moving,0.5,553,31983,347.01265822784814,0.41543746117709446,0.37003753433976544,3509,38.072332730560575,0.32295197424780464,0.29982841584848974
none_moving,0.5,554,32040,347.0036101083033,0.44604840361316633,0.34931705339538677,3517,38.09025270758123,0.27781748912491794,0.24810245237003253
none_moving,0.5,555,32100,347.02702702702703,0.5555920565444058,0.41797425208663086,3528,38.14054054054054,0.40820992484271523,0.3673989492379623
none_moving,0.5,556,32159,347.03956834532374,0.2914387058379714,0.2483256661785498,3538,38.17985611510791,0.5277603748490282,0.48203400837191535
none_moving,0.5,557,32216,347.0305206463196,0.4074586781981538,0.35183180083889903,3545,38.18671454219031,0.5068878652225441,0.4561617241931515
none_moving,0.5,558,32277,347.0645161290322,0.3852399191493832,0.34210608638950807,3555,38.2258064516129,0.5100050442481205,0.4748599000838244
none_moving,0.5,559,32335,347.0661896243292,0.26070963527585916,0.2443286140669656,3562,38.23255813953488,0.5061704999114981,0.4802220951935059
none_moving,0.5,560,32392,347.0571428571428,0.32087330657379276,0.2831973183176152,3562,38.16428571428571,0.5128250451293669,0.48997422524336043
none_moving,0.5,561,32448,347.03743315508024,0.30318522789817953,0.28106871188094706,3566,38.13903743315508,0.5062944740839866,0.4706872421509153
none_moving,0.5,562,32508,347.06049822064057,0.42726224939721824,0.38014431702255785,3574,38.156583629893234,0.43756747682801717,0.3966266461232915
none_moving,0.5,563,32564,347.0408525754885,0.4150692986959999,0.38589583403664107,3582,38.174067495559505,0.4461879191493745,0.4079171713258031
none_moving,0.5,564,32623,347.0531914893617,0.3486237784310117,0.30259898088920484,3595,38.244680851063826,0.45563353369574366,0.4209594591569724
none_moving,0.5,565,32682,347.06548672566373,0.39079966514659553,0.3431047819415439,3613,38.36814159292036,0.4706846297020352,0.43366008028766806
none_moving,0.5,566,32740,347.0671378091873,0.38694365739523945,0.30596411625322817,3632,38.50176678445229,0.4413308298340532,0.3976700024252964
none_moving,0.5,567,32799,347.0793650793651,0.4331372029953565,0.38230202424043164,3658,38.708994708994716,0.48007959364009134,0.4231535799386233
none_moving,0.5,568,32857,347.08098591549293,0.4758353800867089,0.37795234668314104,3672,38.78873239436619,0.4171479884615232,0.3488920610237659
none_moving,0.5,569,32913,347.06151142355014,0.3681946839030792,0.3406403971865001,3683,38.8365553602812,0.47610794675976353,0.4194500394065302
none_moving,0.5,570,32970,347.05263157894734,0.3849584043742702,0.3353512789833907,3694,38.88421052631579,0.28736234463077187,0.23626253769807196
none_moving,0.5,571,33029,347.0647985989492,0.44824151677298635,0.36969084362113025,3700,38.879159369527144,0.3618990067820651,0.3169854447107164
none_moving,0.5,572,33084,347.03496503496507,0.4138050299597748,0.39117352975142994,3702,38.83216783216783,0.43164375703350377,0.39007012612177533
none_moving,0.5,573,33143,347.0471204188482,0.3346396616195681,0.2833824999062556,3706,38.80628272251309,0.44179502505053825,0.38978975431101137
none_moving,0.5,574,33203,347.06968641114986,0.5093586719653365,0.43761722417467797,3708,38.7595818815331,0.44014332674322293,0.40109868299438034
none_moving,0.5,575,33260,347.0608695652174,0.434255557930559,0.3850524937532498,3708,38.692173913043476,0.4543937828166779,0.4208685613031535
none_moving,0.5,576,33317,347.0520833333333,0.45972633245501626,0.33052572643678435,3708,38.625,0.45776058883249165,0.42537527728267677
none_moving,0.5,577,33376,347.0641247833622,0.4160846120243398,0.3543389871940328,3708,38.5580589254766,0.4584537351348102,0.4262950027640741
none_moving,0.5,578,33435,347.07612456747404,0.45277462860654744,0.40068046299489063,3708,38.491349480968864,0.4585931484661047,0.42647965600064436
none_moving,0.5,579,33494,347.0880829015544,0.3979665407496773,0.36387691327753124,3708,38.424870466321245,0.4586210624362077,0.4265166147616798
none_moving,0.5,580,33550,347.0689655172414,0.29370803728446826,0.2782700465000504,3708,38.358620689655176,0.4586266464819102,0.4265240076367494
none_moving,0.5,581,33608,347.0705679862306,0.3623969188246284,0.30622377225449304,3708,38.292598967297764,0.4586277633411147,0.4265254862566644
none_moving,0.5,582,33667,347.08247422680415,0.3689625276473262,0.3441816831295567,3718,38.3298969072165,0.4543233197530656,0.41759520773730074
none_moving,0.5,583,33724,347.073756432247,0.24934551736482485,0.23121719724962747,3718,38.264150943396224,0.47003250139701946,0.43067595482507404
none_moving,0.5,584,33781,347.0650684931507,0.47561780245073726,0.37276559755747163,3718,38.1986301369863,0.4787686693711358,0.4379601818816926
none_moving,0.5,585,33838,347.0564102564103,0.31712941249308946,0.3038595031471133,3722,38.174358974358974,0.49307966634144473,0.47137568983963185
none_moving,0.5,586,33896,347.05802047781566,0.3573639539714873,0.30581877421310866,3724,38.1296928327645,0.4736294527824857,0.4443322438655512
none_moving,0.5,587,33956,347.0800681431005,0.573205991214844,0.4852397981292034,3724,38.064735945485516,0.42180302047892987,0.39039566200558434
none_moving,0.5,588,34016,347.1020408163265,0.44125836301004323,0.3910463738465141,3728,38.04081632653061,0.46566241896576566,0.4309872000932525
none_moving,0.5,589,34076,347.1239388794567,0.3739234174509764,0.334072214893394,3737,38.0679117147708,0.48117803295873723,0.44344271884129627
none_moving,0.5,590,34137,347.1559322033898,0.29941064863224215,0.2714268047027059,3742,38.05423728813559,0.4324105244947334,0.3782671268285672
none_moving,0.5,591,34196,347.16751269035535,0.2553552999147601,0.21887328472050918,3748,38.0507614213198,0.43832323571178206,0.39514767934496087
none_moving,0.5,592,34255,347.17905405405406,0.43450837172111023,0.39061706291169884,3759,38.09797297297297,0.4077842549432968,0.34255994640850657
none_moving,0.5,593,34313,347.18043844856663,0.29761818151625513,0.2673571578922439,3771,38.155143338954474,0.37902866430414833,0.30645366255867545
none_moving,0.5,594,34374,347.2121212121212,0.41667014648153744,0.34062992610981013,3783,38.21212121212121,0.37602560818611225,0.29814096657509637
none_moving,0.5,595,34431,347.2033613445378,0.4112911568129947,0.3657524164344866,3796,38.27899159663866,0.4020352945662169,0.3446900000336811
none_moving,0.5,596,34489,347.2046979865772,0.45150234829430536,0.35155953949849633,3802,38.2751677852349,0.39181301233420657,0.33922992722435624
none_moving,0.5,597,34549,347.22613065326635,0.3443984714179865,0.2703736487949221,3816,38.35175879396986,0.395649711666064,0.3367053066514403
none_moving,0.5,598,34609,347.24749163879596,0.33166366223946353,0.2670901385790463,3823,38.357859531772576,0.4492473630106577,0.4224844900079434
none_moving,0.5,599,34665,347.228714524207,0.3641194679471488,0.3290232998378216,3829,38.35392320534224,0.4255553740693787,0.3796931802665039
none_moving,0.5,600,34719,347.19,0.3156170086576709,0.29285750404692446,3838,38.38,0.3676306259371639,0.3179542138609893
few_moving,0.5,0,0,,18.187917130173428,17.241615522676813,0,,18.187917130173428,17.241615522676813
few_moving,0.5,1,39,234,8.74997976926344,7.505622587243688,39,234,8.746229293658184,7.514319452141569
few_moving,0.5,2,99,297,5.785062184529913,4.8942257374043905,96,288,5.719112904621035,4.874498952503141
few_moving,0.5,3,155,310,2.907029946395767,2.5644105538619812,156,312,3.035321882254182,2.625760508378997
few_moving,0.5,4,213,319.5,1.8217790702361076,1.4170755221045535,216,324,1.7844344218277988,1.419682866255723
few_moving,0.5,5,271,325.20000000000005,1.4138760035535156,1.0845639036540742,275,330,1.257980915790938,0.9461317048868754
few_moving,0.5,6,327,327,0.9288744078928861,0.7125380409700914,331,331,0.731270238836536,0.5862655585351991
few_moving,0.5,7,384,329.1428571428571,0.881519668034907,0.6776492215527467,379,324.85714285714283,0.5143922171203202,0.4557361613933102
few_moving,0.5,8,444,333,0.48004327001112984,0.4287536728661413,391,293.25,0.5139188532993629,0.4335174121833081
few_moving,0.5,9,502,334.6666666666667,0.5292213892920371,0.4450853970565677,391,260.6666666666667,0.5237333157370558,0.4283276472112152
few_moving,0.5,10,560,336,0.3381947243024899,0.3193419057812184,391,234.60000000000002,0.5292681193490302,0.43240934590337304
few_moving,0.5,11,616,336.00000000000006,0.3350199884449044,0.2916594395144757,391,213.2727272727273,0.5305110935899306,0.43347354618776013
few_moving,0.5,12,674,337,0.3271601713099948,0.28925084709417614,391,195.5,0.5307650533897003,0.4336961179790003
few_moving,0.5,13,732,337.84615384615387,0.32409904024069514,0.2893890481453548,391,180.46153846153845,0.5308160593161183,0.4337410194559257
few_moving,0.5,14,789,338.14285714285717,0.4014460249008814,0.3257691715992778,391,167.57142857142858,0.5308262690549667,0.433750015218053
few_moving,0.5,15,847,338.8,0.43898254857132485,0.38825013171725287,391,156.4,0.5308283113448374,0.4337518149890022
few_moving,0.5,16,903,338.625,0.35858113761287386,0.3210440814867504,391,146.625,0.5308287198164955,0.4337521749679321
few_moving,0.5,17,962,339.5294117647059,0.18462697804742004,0.1580109467967893,391,138,0.530828801511375,0.43375224696470865
few_moving,0.5,18,1021,340.3333333333333,0.30658910688342234,0.269413607969653,391,130.33333333333334,0.5308288178503724,0.43375226136410283
few_moving,0.5,19,1079,340.7368421052632,0.427041591865037,0.37960538075301375,391,123.47368421052633,0.5308288211181726,0.4337522642439831
few_moving,0.5,20,1139,341.70000000000005,0.4732315851208401,0.39493273322206524,391,117.30000000000001,0.5308288217717332,0.43375226481995915
few_moving,0.5,21,1197,342.00000000000006,0.3035455478515529,0.2636548630804958,397,113.42857142857144,0.5308288219024452,0.4337522649351543
few_moving,0.5,22,1255,342.2727272727273,0.36794137908654606,0.3100996885342754,411,112.09090909090911,0.5126230407906488,0.45417163313039116
few_moving,0.5,23,1311,341.99999999999994,0.32651942450263244,0.2843549961405669,414,107.99999999999999,0.5078299897023245,0.4209288652201847
few_moving,0.5,24,1368,342,0.4285884120007958,0.36667572427199885,414,103.49999999999999,0.5237046229286608,0.43323635388710624
few_moving,0.5,25,1427,342.47999999999996,0.35920162023171753,0.3033137990593804,414,99.35999999999999,0.5274804676102719,0.4368349718353725
few_moving,0.5,26,1486,342.9230769230769,0.38946782852055384,0.3633634505121327,414,95.53846153846153,0.5282586752941635,0.4376008702472591
few_moving,0.5,27,1545,343.3333333333333,0.3421133704731343,0.3070921837519487,414,92,0.5284152300612877,0.43775587475557476
few_moving,0.5,28,1604,343.7142857142857,0.537155818503187,0.44999106052874305,419,89.78571428571428,0.34020218502465566,0.30239200036311104
few_moving,0.5,29,1660,343.44827586206895,0.4621977566568796,0.42067081277858664,429,88.75862068965517,0.3868666000422321,0.3424588459242276
few_moving,0.5,30,1719,343.8,0.621400512451296,0.5199428252244234,439,87.8,0.39538462759891874,0.33024220281585465
few_moving,0.5,31,1778,344.1290322580645,0.2971893626523153,0.2528744513168275,450,87.09677419354838,0.5227429239597723,0.4219237411780125
few_moving,0.5,32,1838,344.625,0.3103506669536219,0.27324581779914286,460,86.25,0.481771554623549,0.43360018532926026
few_moving,0.5,33,1896,344.7272727272727,0.3602931251991312,0.3154101319141297,469,85.27272727272727,0.46382177708420075,0.40730461428290576
few_moving,0.5,34,1953,344.64705882352945,0.3183316820920868,0.26010996443839307,480,84.70588235294117,0.4821473636930377,0.40213074580568503
few_moving,0.5,35,2013,345.0857142857143,0.37762418205308995,0.3466396799199084,486,83.31428571428572,0.5513927653425886,0.45399301606959497
few_moving,0.5,36,2071,345.1666666666667,0.4101031757774355,0.33205541497382773,492,82.00000000000001,0.6043754937857896,0.5277863711022139
few_moving,0.5,37,2131,345.56756756756755,0.3614053673265373,0.33538193984932174,502,81.4054054054054,0.2857080062329796,0.22665437857307746
few_moving,0.5,38,2188,345.47368421052636,0.39284117753047143,0.3482608897007219,505,79.73684210526316,0.41608797800171426,0.34880068602180536
few_moving,0.5,39,2245,345.38461538461536,0.42966753827467974,0.3347735929756528,505,77.6923076923077,0.45415660984569356,0.38819636628765486
few_moving,0.5,40,2304,345.6,0.4376517659328709,0.3945686008194458,505,75.75,0.462035951330768,0.3962301021986578
few_moving,0.5,41,2364,345.9512195121951,0.41381911325797094,0.35183198878121597,505,73.90243902439025,0.46362134006055367,0.3978425147142047
few_moving,0.5,42,2421,345.8571428571429,0.43169823062362983,0.3922222906847636,505,72.14285714285715,0.4639387905768472,0.3981652199099537
few_moving,0.5,43,2480,346.04651162790697,0.4100287354845708,0.3330957435337072,505,70.46511627906976,0.4640022955277149,0.39822976982564046
few_moving,0.5,44,2535,345.6818181818182,0.4063069660772818,0.3578696546197752,510,69.54545454545455,0.4561922275849534,0.3874117200777484
few_moving,0.5,45,2591,345.4666666666667,0.329359434008438,0.30441277815962164,517,68.93333333333334,0.461078675800847,0.37436520717518174
few_moving,0.5,46,2650,345.65217391304344,0.3247349424947216,0.29754593107067084,522,68.08695652173913,0.4841301753912952,0.42278053460975784
few_moving,0.5,47,2707,345.5744680851064,0.3513117573411145,0.32265332454946,528,67.40425531914893,0.5147011891112766,0.4589661107121244
few_moving,0.5,48,2765,345.625,0.2725079345639158,0.24269088163108896,534,66.75,0.49667777904072496,0.4304994608772931
few_moving,0.5,49,2819,345.1836734693877,0.393594071587948,0.36548451510885244,543,66.48979591836735,0.5434529889635094,0.4829902680324967
few_moving,0.5,50,2877,345.23999999999995,0.20352356357092805,0.18853667150504388,552,66.24,0.5888770018683904,0.5295791641375767
few_moving,0.5,51,2934,345.1764705882353,0.33104966892399623,0.28260224240591425,560,65.88235294117648,0.6141664702768008,0.5666197620740148
few_moving,0.5,52,2993,345.34615384615387,0.42134411158841134,0.32755583088618573,568,65.53846153846153,0.5174214945240223,0.4675260668395884
few_moving,0.5,53,3052,345.50943396226415,0.23667136706183592,0.2135892559714639,571,64.64150943396227,0.5183560581077564,0.45569055662109764
few_moving,0.5,54,3112,345.77777777777777,0.29529946112988864,0.27438371721934796,571,63.44444444444444,0.5202264183799669,0.4545326801883209
few_moving,0.5,55,3169,345.7090909090909,0.4157414176647123,0.3864822853737929,571,62.290909090909096,0.5206669997940906,0.45436353981907346
few_moving,0.5,56,3224,345.4285714285714,0.5480742704445601,0.48570047004908384,571,61.17857142857143,0.5207577643892549,0.45433252728379125
few_moving,0.5,57,3281,345.3684210526316,0.41274613880331257,0.34522720870838375,571,60.10526315789474,0.5207760231360498,0.4543264404356502
few_moving,0.5,58,3341,345.62068965517244,0.48833980582075326,0.39464231053926474,574,59.37931034482759,0.5208054723662208,0.454003478465716
few_moving,0.5,59,3398,345.55932203389835,0.3645306688254584,0.33008563396690077,579,58.88135593220339,0.49958551604264884,0.44286477317883655
few_moving,0.5,60,3454,345.4,0.3012335216489407,0.2748830524090116,584,58.4,0.4711395464317895,0.39874668474527264
few_moving,0.5,61,3510,345.2459016393443,0.4202040993185443,0.3583374521345286,600,59.016393442622956,0.7123788537531976,0.6073543955049028
few_moving,0.5,62,3571,345.5806451612903,0.3477444518762981,0.3235476732171066,626,60.58064516129032,0.4885870704924149,0.44942242073170957
few_moving,0.5,63,3633,346,0.4910983004620676,0.46373163744641566,653,62.19047619047618,0.4212378232733638,0.3859749790798875
few_moving,0.5,64,3693,346.21875,0.5161336502392213,0.44028814020634,680,63.75,0.5283688743473689,0.4581736545933082
few_moving,0.5,65,3753,346.4307692307693,0.4333823217954645,0.3557567198764063,701,64.70769230769231,0.6147182145090316,0.5684522268460647
few_moving,0.5,66,3810,346.3636363636363,0.4986961425118561,0.38800443839487814,728,66.18181818181817,0.5180507454300209,0.46030128832280753
few_moving,0.5,67,3869,346.47761194029846,0.613099986391651,0.5385109019087925,748,66.98507462686567,0.47494896595775854,0.37808160957532705
few_moving,0.5,68,3929,346.6764705882353,0.5578978031574586,0.41557009202309114,762,67.23529411764706,0.6171652332924529,0.47345718475142445
few_moving,0.5,69,3986,346.60869565217394,0.7578995583598938,0.6777705406359648,774,67.30434782608697,0.6563065398841864,0.5021769789106021
few_moving,0.5,70,4046,346.8,0.6839405694413304,0.5745207545740822,788,67.54285714285713,0.6984619252584188,0.5653160007777853
few_moving,0.5,71,4107,347.07042253521126,0.7160781160977664,0.6164549145995106,802,67.77464788732395,0.8110380547868227,0.6350568907394932
few_moving,0.5,72,4166,347.1666666666667,0.6754213755388336,0.5775960131165663,816,68,0.8649947491375538,0.6795071976654241
few_moving,0.5,73,4220,346.8493150684932,0.706076689030323,0.607692339855087,830,68.21917808219179,0.8833868009140622,0.6578610723297753
few_moving,0.5,74,4278,346.86486486486484,0.5000674726786961,0.46693369894539244,847,68.67567567567568,0.8213289131544016,0.6318710949673957
few_moving,0.5,75,4339,347.12,0.6181745100736796,0.5155952820514859,867,69.36,0.7911670864625875,0.6058889159131189
few_moving,0.5,76,4398,347.2105263157895,0.45364687213274757,0.3875789397916365,886,69.94736842105263,0.8130432052421058,0.6321093471690405
few_moving,0.5,77,4459,347.4545454545454,0.4256225124004828,0.3782159299727926,907,70.67532467532467,0.5226754356807252,0.4437641431500895
few_moving,0.5,78,4520,347.6923076923077,0.6833217087321973,0.5843481958395984,926,71.23076923076923,0.46975537485065844,0.39803646477478616
few_moving,0.5,79,4576,347.5443037974684,0.6909531330738206,0.6305328374278927,950,72.15189873417722,0.6107994142399247,0.5114888647876584
few_moving,0.5,80,4635,347.625,0.5094300063713032,0.444438121751549,970,72.75,0.6110520727203982,0.5439838084215463
few_moving,0.5,81,4696,347.85185185185185,0.603360871851808,0.5170205776207362,995,73.7037037037037,0.5608371455957966,0.48093945556682377
few_moving,0.5,82,4757,348.0731707317073,0.6409401489746982,0.5627596456110382,1013,74.1219512195122,0.6215181729928125,0.5385748523532744
few_moving,0.5,83,4813,347.9277108433735,0.7145232131566404,0.6259781205680494,1025,74.09638554216868,0.7732465507906569,0.6660969033662012
few_moving,0.5,84,4870,347.8571428571429,0.6959421391330254,0.5869382606452361,1038,74.14285714285714,1.1169820057724542,0.8942947061864738
few_moving,0.5,85,4930,348,0.6100693926246831,0.5140097467993889,1054,74.4,0.9028040549964482,0.7374477889972694
few_moving,0.5,86,4988,348,0.7717043108396111,0.5958171748955723,1072,74.79069767441861,0.7582224628610625,0.6503450176090813
few_moving,0.5,87,5047,348.0689655172414,0.56906223231577,0.5157528926603733,1090,75.17241379310344,0.8039327198360966,0.696956470022606
few_moving,0.5,88,5107,348.2045454545455,0.5316825379546226,0.4849483078610029,1109,75.61363636363637,0.8260128062049084,0.6787477678790445
few_moving,0.5,89,5164,348.13483146067415,0.5531126473943663,0.45537256445667323,1134,76.4494382022472,0.8055101521884773,0.6657953189289916
few_moving,0.5,90,5220,348,0.41096146667931116,0.35767362510188355,1156,77.06666666666666,0.6850144410678193,0.5722944597320818
few_moving,0.5,91,5277,347.934065934066,0.6073888932024333,0.5166756413951911,1179,77.73626373626374,0.6313766973940784,0.5493538757588423
few_moving,0.5,92,5335,347.9347826086956,0.5570383837185209,0.4814157278906821,1198,78.13043478260869,0.5706039287585836,0.5197885744079656
few_moving,0.5,93,5395,348.06451612903226,0.5414526427022291,0.48187955151378115,1219,78.64516129032258,0.467054126293362,0.4443520350978319
few_moving,0.5,94,5457,348.3191489361702,0.47020768797657636,0.4065914085183203,1243,79.34042553191489,0.767905311661618,0.7395233242926251
few_moving,0.5,95,5517,348.44210526315794,0.5575753327747959,0.4482257991891866,1265,79.89473684210526,0.6897424651800408,0.6180099599083013
few_moving,0.5,96,5577,348.5625,0.5584741466229273,0.47406710192186097,1286,80.37499999999999,0.7214421207678026,0.634211192728489
few_moving,0.5,97,5637,348.680412371134,0.5053272442760106,0.4541017370547317,1302,80.5360824742268,0.6671385389835929,0.5616165603435269
few_moving,0.5,98,5694,348.61224489795916,0.5602045891489514,0.4881403970839247,1315,80.51020408163265,0.7427535956922167,0.6533042083070657
few_moving,0.5,99,5752,348.6060606060607,0.5595756602079835,0.43974797757777956,1328,80.4848484848485,0.7828955305199634,0.6683657758353541
few_moving,0.5,100,5805,348.3,0.6929074306578543,0.5220710557552706,1340,80.39999999999999,0.821273734843405,0.7162241485778663
few_moving,0.5,101,5863,348.2970297029703,0.6188722528645396,0.47865863747092263,1353,80.37623762376238,0.8628730293306118,0.7843506188586744
few_moving,0.5,102,5921,348.29411764705884,0.6222552250186191,0.5121853122216348,1366,80.3529411764706,0.9197731270811482,0.8450629960315992
few_moving,0.5,103,5980,348.3495145631068,0.7505641225887093,0.6475866741020153,1380,80.38834951456312,0.9209433958338152,0.8486784884037846
few_moving,0.5,104,6036,348.2307692307692,0.5934562138623816,0.5213925979831076,1392,80.30769230769229,0.9518977397588559,0.8525480282179367
few_moving,0.5,105,6092,348.11428571428576,0.4351065845735892,0.39552716854917935,1406,80.34285714285714,0.9377350960276647,0.7882157319981117
few_moving,0.5,106,6152,348.22641509433964,0.6239341349970923,0.5261225724194485,1422,80.49056603773585,0.9273648297540716,0.8050469664188394
few_moving,0.5,107,6210,348.22429906542055,0.4995860796315889,0.4034887645726233,1436,80.5233644859813,0.8861576459056928,0.8515657923160509
few_moving,0.5,108,6269,348.27777777777777,0.45056369790319134,0.384813243440828,1449,80.5,0.8432985902617586,0.7975050107950488
few_moving,0.5,109,6328,348.33027522935777,0.3846296617298596,0.346593825682725,1467,80.75229357798165,0.635738930911763,0.5623584195514411
few_moving,0.5,110,6387,348.38181818181823,0.5278986042495425,0.45705835244102744,1483,80.8909090909091,0.6767477823171679,0.6240875828673013
few_moving,0.5,111,6449,348.5945945945946,0.5609148443515422,0.5110552911111742,1503,81.24324324324324,0.6082339909448653,0.5248148660394043
few_moving,0.5,112,6507,348.5892857142857,0.4454446476369995,0.3974247475189807,1519,81.375,0.6666014115758908,0.5698769829288169
few_moving,0.5,113,6567,348.6902654867257,0.5886341548058434,0.5030735205135267,1536,81.5575221238938,0.6797028437174706,0.6233225600301173
few_moving,0.5,114,6628,348.84210526315786,0.4146841618785931,0.3564340471768124,1553,81.73684210526316,0.6259641679842429,0.5349023112520201
few_moving,0.5,115,6684,348.73043478260865,0.5808282368220097,0.44520588797768895,1572,82.01739130434781,0.8804587386181507,0.7536220584786477
few_moving,0.5,116,6745,348.87931034482756,0.5410231269049414,0.42971532044525684,1591,82.29310344827586,0.9430418687100094,0.8456037405414808
few_moving,0.5,117,6805,348.974358974359,0.7940513391902381,0.6918060802561283,1615,82.82051282051282,0.9041425171561752,0.8423840326467339
few_moving,0.5,118,6861,348.86440677966107,0.6845061006648461,0.5580433081627835,1641,83.4406779661017,0.8620479032202311,0.7757140669396952
few_moving,0.5,119,6918,348.80672268907557,0.7903295195268613,0.6354385717545197,1664,83.89915966386555,0.9581466635382058,0.7920091042298798
few_moving,0.5,120,6978,348.9,0.520601424316895,0.4128938704068198,1685,84.25,1.044560463705304,0.9066518231553469
few_moving,0.5,121,7037,348.9421487603306,0.5433425852489832,0.47468096593676146,1699,84.24793388429752,0.9584321016950165,0.8424887641006606
few_moving,0.5,122,7093,348.8360655737705,0.6053311975272901,0.4997881992104869,1705,83.85245901639345,0.9553722761078237,0.841778245363613
few_moving,0.5,123,7149,348.7317073170732,0.39094432787366556,0.3641061007538227,1713,83.56097560975611,0.8715460923897349,0.7405448641321384
few_moving,0.5,124,7205,348.62903225806446,0.31349863898268643,0.2974689655708458,1720,83.2258064516129,0.9163114639940183,0.7671455382417002
few_moving,0.5,125,7264,348.67199999999997,0.4354650783455845,0.4085801251753419,1723,82.704,0.9311799155617355,0.8044707723868422
few_moving,0.5,126,7324,348.76190476190476,0.46135091058089217,0.4213223235454267,1729,82.33333333333333,0.9219006619655947,0.7536272208936714
few_moving,0.5,127,7381,348.70866141732284,0.22939301496270545,0.1804760646621365,1729,81.68503937007874,0.7843773370897358,0.6258670394465102
few_moving,0.5,128,7440,348.75,0.23114788675956427,0.21430811869819005,1732,81.1875,0.7873674492924665,0.6458468863956023
few_moving,0.5,129,7501,348.8837209302326,0.3556953768793895,0.3000810384043277,1735,80.69767441860465,0.7934346583432065,0.6613590786391901
few_moving,0.5,130,7560,348.92307692307696,0.3680944300387367,0.3459054916555836,1739,80.26153846153846,0.6114546325000199,0.5075544084606726
few_moving,0.5,131,7620,349.0076335877863,0.3899460027234442,0.36573938885564633,1744,79.87786259541986,0.5695398985163627,0.43898221279312255
few_moving,0.5,132,7678,348.99999999999994,0.44037099403562224,0.3835241459067902,1749,79.5,0.7057881082492717,0.5925268414875442
few_moving,0.5,133,7737,349.0375939849624,0.4958662445335144,0.4585537218928034,1760,79.3984962406015,0.5512578237322822,0.4609271512092823
few_moving,0.5,134,7792,348.8955223880597,0.34502896367814956,0.31939591706809545,1779,79.65671641791045,0.4130741884314933,0.3412409174140143
few_moving,0.5,135,7851,348.93333333333334,0.25937488675144843,0.218868359227587,1804,80.17777777777778,0.24123951825077455,0.22345095961968436
few_moving,0.5,136,7909,348.9264705882353,0.4823774904437692,0.4076078244717998,1824,80.47058823529412,0.33452079225030196,0.2829007620285065
few_moving,0.5,137,7968,348.963503649635,0.39148731288696187,0.370344392826831,1841,80.62773722627738,0.5015179716910646,0.425440334733796
few_moving,0.5,138,8027,349.00000000000006,0.4829573814548453,0.4355716110857008,1861,80.91304347826087,0.5525507848543435,0.43437323990032944
few_moving,0.5,139,8086,349.03597122302153,0.34027366982995744,0.3019354528361053,1879,81.10791366906474,0.561641518334792,0.4440348053573141
few_moving,0.5,140,8144,349.0285714285714,0.5324851203756937,0.4093570498835223,1886,80.82857142857142,0.5780032143758238,0.4710842167400828
few_moving,0.5,141,8202,349.02127659574467,0.2900649286096831,0.26373525576337997,1890,80.42553191489361,0.581423764600492,0.4753301018753911
few_moving,0.5,142,8262,349.0985915492958,0.2993557269627181,0.2755796898074528,1890,79.85915492957746,0.599752437234501,0.4917610133933265
few_moving,0.5,143,8318,349.006993006993,0.3795196662032956,0.3464667259049741,1895,79.5104895104895,0.7672525682733111,0.5719529011025932
few_moving,0.5,144,8374,348.9166666666667,0.488492257786077,0.3970124488448087,1900,79.16666666666667,0.8830380214570722,0.643074408981125
few_moving,0.5,145,8429,348.78620689655173,0.4499675061111515,0.3621173942316368,1905,78.82758620689656,0.6353406508729126,0.5434251715064128
few_moving,0.5,146,8485,348.6986301369863,0.39263428068546635,0.3103720502534035,1909,78.45205479452056,0.64917094222163,0.5238277562486126
few_moving,0.5,147,8541,348.61224489795916,0.3309544613198344,0.29234165805967816,1914,78.12244897959184,0.7023010301546134,0.587668272535795
few_moving,0.5,148,8600,348.64864864864865,0.4644206776809334,0.4146745722333103,1919,77.79729729729729,0.6909850859645557,0.5465554665569716
few_moving,0.5,149,8657,348.6040268456376,0.36785394590742726,0.3165503518957201,1923,77.43624161073826,0.6988676442258402,0.5381919213380398
few_moving,0.5,150,8715,348.6,0.5105619765200109,0.4176321755233042,1927,77.08,0.7094425192590939,0.5387698338981767
few_moving,0.5,151,8771,348.51655629139077,0.4809951515783918,0.42704655569098166,1930,76.68874172185431,0.702534061864282,0.5334382871009768
few_moving,0.5,152,8828,348.4736842105263,0.3261253838306709,0.3006950647843206,1930,76.1842105263158,0.4702393054360479,0.41237193536399286
few_moving,0.5,153,8888,348.54901960784315,0.3276205453187828,0.3165181932386258,1932,75.76470588235294,0.44443950083509404,0.40713613018482836
few_moving,0.5,154,8947,348.5844155844156,0.5865472594911167,0.4791927775571169,1936,75.42857142857142,0.3946820449311875,0.3324422566903408
few_moving,0.5,155,9005,348.5806451612903,0.398612134939795,0.3556047945912545,1939,75.05806451612904,0.4080366092531301,0.3712723115219513
few_moving,0.5,156,9062,348.53846153846155,0.3952988651806089,0.33110957007384045,1947,74.88461538461537,0.40709137051581135,0.37081933218117263
few_moving,0.5,157,9119,348.4968152866242,0.2966485161004867,0.2816007415410226,1954,74.67515923566879,0.3965487184511277,0.3618013573298683
few_moving,0.5,158,9179,348.56962025316454,0.369548740025248,0.3154122065392351,1962,74.50632911392405,0.3828547809359847,0.34815364869142773
few_moving,0.5,159,9238,348.60377358490564,0.49729168237950877,0.4550480762361559,1970,74.33962264150944,0.49811072071683055,0.47420824504455394
few_moving,0.5,160,9296,348.6,0.28852828856162527,0.25848098720012086,1978,74.17500000000001,0.43543635223623106,0.4143001511881678
few_moving,0.5,161,9356,348.67080745341616,0.2607392243102,0.23172964248352046,1985,73.97515527950311,0.42223839968364146,0.3966311670303667
few_moving,0.5,162,9413,348.62962962962956,0.29564653922685374,0.2752839566756741,1992,73.77777777777777,0.46152920630226596,0.43071334027504465
few_moving,0.5,163,9470,348.58895705521473,0.3874998033883224,0.34984080638574255,2003,73.73006134969326,0.4109327595402834,0.38018483919561696
few_moving,0.5,164,9530,348.6585365853658,0.4227397996542931,0.37207345875434933,2012,73.60975609756098,0.4030669901585615,0.3565901240682005
few_moving,0.5,165,9585,348.54545454545456,0.38541249464361726,0.33074310608398094,2023,73.56363636363636,0.39343113785594297,0.34306011581191115
few_moving,0.5,166,9642,348.50602409638554,0.4119429796454629,0.3376572647905136,2033,73.48192771084338,0.40862812886951655,0.3633297407586897
few_moving,0.5,167,9701,348.5389221556886,0.29144415804817675,0.26197081406466616,2038,73.22155688622755,0.42754942260480183,0.36882575720610794
few_moving,0.5,168,9756,348.42857142857144,0.2950234264430576,0.25652276401077556,2045,73.03571428571429,0.38847538433067047,0.3235117584609085
few_moving,0.5,169,9817,348.5325443786982,0.3355295844963767,0.3091261948858235,2056,72.99408284023667,0.31386069078819645,0.25880961026321775
few_moving,0.5,170,9874,348.4941176470588,0.33217411127928065,0.29867101860850787,2058,72.63529411764706,0.38294049592206364,0.33790741559954285
few_moving,0.5,171,9932,348.49122807017545,0.42213956039147776,0.39706722587245885,2064,72.42105263157895,0.43481818314247833,0.3967416686743625
few_moving,0.5,172,9989,348.45348837209303,0.3171831845160435,0.2664492035235565,2074,72.34883720930233,0.4350276614448995,0.3661864697275653
few_moving,0.5,173,10046,348.4161849710983,0.4075160810870111,0.37200027056276586,2086,72.34682080924856,0.4217073757657738,0.3478575166845929
few_moving,0.5,174,10103,348.37931034482756,0.3824814816242506,0.3249467987752598,2098,72.3448275862069,0.42910861104573467,0.3624824210980409
few_moving,0.5,175,10158,348.2742857142857,0.34332536951539067,0.2889726897934574,2109,72.30857142857144,0.4175505284216908,0.3434436105595146
few_moving,0.5,176,10216,348.2727272727273,0.31233906159417024,0.2838567005734923,2121,72.30681818181819,0.5020346778007702,0.39570986556032006
few_moving,0.5,177,10274,348.271186440678,0.29310892436903013,0.2839314101061948,2134,72.33898305084746,0.4939718847120555,0.4280090486547394
few_moving,0.5,178,10333,348.30337078651684,0.3150525027035783,0.2765197134303608,2143,72.23595505617978,0.48062076859386,0.4184861229952121
few_moving,0.5,179,10390,348.268156424581,0.2907896280419695,0.25831520431636495,2145,71.89944134078212,0.4478638335515316,0.3772931444814628
few_moving,0.5,180,10445,348.1666666666667,0.4914083108905811,0.42558632020043036,2149,71.63333333333334,0.4478946842561742,0.38023037922180436
few_moving,0.5,181,10504,348.19889502762436,0.3837315103895643,0.36242050936218523,2152,71.33701657458563,0.4561961144045949,0.3885786390522482
few_moving,0.5,182,10562,348.1978021978022,0.4791444157262048,0.4190315311301619,2152,70.94505494505495,0.41674478278325633,0.36722528364246
few_moving,0.5,183,10619,348.16393442622956,0.4074233713368003,0.3333290958385656,2152,70.55737704918033,0.4184450660248711,0.3715233724926713
few_moving,0.5,184,10677,348.1630434782609,0.3843337585795119,0.3252699462548638,2159,70.40217391304347,0.44046161176090337,0.39250483590841095
few_moving,0.5,185,10736,348.19459459459455,0.4758878181485238,0.42133986271531587,2159,70.02162162162162,0.4468789957227871,0.4009152116530926
few_moving,0.5,186,10795,348.22580645161287,0.6114025083187462,0.5189091095765924,2159,69.64516129032258,0.4482367795688359,0.40270508061982085
few_moving,0.5,187,10854,348.25668449197866,0.40064155782651095,0.3531371312196362,2159,69.27272727272728,0.4485112540332399,0.4030658239814282
few_moving,0.5,188,10912,348.25531914893617,0.46763580102013197,0.38749219081271485,2159,68.90425531914894,0.4485662651928878,0.40313807505377247
few_moving,0.5,189,10969,348.2222222222223,0.26687946280611385,0.2504645968530781,2159,68.53968253968254,0.44857727207195325,0.4031525293022874
few_moving,0.5,190,11026,348.1894736842105,0.48730055709922565,0.3824686227566778,2163,68.30526315789474,0.45496306872896763,0.4145835610863543
few_moving,0.5,191,11084,348.1884816753927,0.5128463027389825,0.4531975193329035,2170,68.16753926701571,0.4199601590910727,0.3765911602215977
few_moving,0.5,192,11144,348.25,0.4067678347849434,0.3629044102056213,2180,68.125,0.44950969543694785,0.40552446351015065
few_moving,0.5,193,11201,348.21761658031085,0.5169895445141792,0.4028744269225434,2190,68.08290155440415,0.40457534859675137,0.3601585440284616
few_moving,0.5,194,11262,348.30927835051546,0.20373363547337017,0.1779623090922029,2199,68.01030927835052,0.358556829717884,0.3225087057302021
few_moving,0.5,195,11321,348.3384615384615,0.30637394748093577,0.28364906547179014,2211,68.03076923076922,0.3512226487427703,0.3134792343385783
few_moving,0.5,196,11381,348.39795918367344,0.379733463775884,0.3433716759641289,2222,68.0204081632653,0.3674583765370194,0.331069839144989
few_moving,0.5,197,11440,348.4263959390863,0.3000786449692774,0.24283061360812255,2230,67.91878172588832,0.37075932099025044,0.30780876588478145
few_moving,0.5,198,11497,348.39393939393943,0.21591773314551557,0.20178896355954304,2233,67.66666666666667,0.3851071522895887,0.3043463614680665
few_moving,0.5,199,11557,348.45226130653265,0.31166673734713574,0.2692490216048078,2243,67.62814070351759,0.40001799476486377,0.32615658929194585
few_moving,0.5,200,11615,348.45,0.23274630443767821,0.2095566439332775,2247,67.41,0.3795309801647482,0.3281946336831296
few_moving,0.5,201,11673,348.44776119402985,0.30696759077897273,0.2677720995982336,2251,67.19402985074626,0.45802949115545577,0.38161864019459873
few_moving,0.5,202,11731,348.4455445544554,0.2997485531102403,0.26891032508795504,2261,67.15841584158416,0.3232190182179743,0.2999551749537578
few_moving,0.5,203,11786,348.3546798029556,0.30362711941031784,0.27334923683784246,2271,67.1231527093596,0.3666018454743721,0.3151475306257916
few_moving,0.5,204,11842,348.29411764705884,0.32088928924692783,0.289304526153375,2282,67.11764705882352,0.3710974023013737,0.328442908414151
few_moving,0.5,205,11903,348.38048780487804,0.2920812886367254,0.22804495822694246,2292,67.08292682926829,0.40443051079042586,0.3157022800460067
few_moving,0.5,206,11962,348.4077669902913,0.43762675334799744,0.4055091477786907,2300,66.99029126213593,0.316166633198393,0.2556815007858718
few_moving,0.5,207,12022,348.463768115942,0.334770199044736,0.2929453263933118,2309,66.92753623188406,0.3360682133091978,0.2729177349312004
few_moving,0.5,208,12081,348.4903846153846,0.24006746555492034,0.2119247975210458,2315,66.77884615384615,0.31737324887787344,0.2683740759731196
few_moving,0.5,209,12141,348.5454545454545,0.3205777872140143,0.28598669245052427,2317,66.51674641148325,0.2813188873270332,0.25118500514570996
few_moving,0.5,210,12198,348.5142857142857,0.42257815541328764,0.3540266143450137,2321,66.31428571428572,0.29739255412808074,0.2836107522663422
few_moving,0.5,211,12256,348.5118483412322,0.3774053845490019,0.2941823961188192,2324,66.08530805687204,0.2953539800187869,0.2814295747519192
few_moving,0.5,212,12315,348.5377358490566,0.254085179645027,0.21584336142306465,2326,65.83018867924528,0.4133957029414166,0.3805278049432589
few_moving,0.5,213,12373,348.53521126760563,0.2366667658616341,0.20433331987867795,2326,65.52112676056338,0.4690973685274287,0.425623172042063
few_moving,0.5,214,12432,348.5607476635514,0.312358664100344,0.2925513106872461,2330,65.32710280373831,0.4664135756729939,0.4145878338932879
few_moving,0.5,215,12489,348.5302325581396,0.6226039568103734,0.5371368130421598,2330,65.02325581395348,0.4707668005220748,0.42081796861838966
few_moving,0.5,216,12546,348.49999999999994,0.5721568018317643,0.4994845190180632,2330,64.72222222222221,0.47182687917601307,0.422293011873397
few_moving,0.5,217,12601,348.4147465437788,0.32859129880691834,0.2685418666674957,2330,64.42396313364056,0.47204637425942303,0.42259650539574956
few_moving,0.5,218,12660,348.4403669724771,0.3959675016957949,0.3601294958843737,2330,64.12844036697248,0.4720905715992824,0.42265753776816756
few_moving,0.5,219,12717,348.41095890410963,0.46341168121925314,0.3812842786005173,2330,63.83561643835617,0.47209942299327184,0.42266975754312686
few_moving,0.5,220,12777,348.4636363636364,0.41447048287350874,0.3893557519803141,2332,63.6,0.4721011937490543,0.4226722020297663
few_moving,0.5,221,12834,348.43438914027155,0.2875563607592066,0.25454986436742555,2332,63.31221719457014,0.4335652807059758,0.38446524751204364
few_moving,0.5,222,12892,348.43243243243245,0.5610167546860966,0.4563616492225572,2334,63.08108108108108,0.43099573313344125,0.3796826741322211
few_moving,0.5,223,12951,348.457399103139,0.43712921209360506,0.4057357227572407,2337,62.878923766816136,0.4663256783886547,0.41695728243050195
few_moving,0.5,224,13009,348.45535714285717,0.5228501150009326,0.43490592343735096,2339,62.651785714285715,0.6387129043502069,0.5475124975879715
few_moving,0.5,225,13068,348.47999999999996,0.28244098176626015,0.24224080738458914,2343,62.480000000000004,0.6048124537911653,0.5330112034745368
few_moving,0.5,226,13122,348.37168141592923,0.27320411571718317,0.25133659483211285,2346,62.283185840707965,0.6063948034491687,0.5207901560264652
few_moving,0.5,227,13179,348.3436123348018,0.2686959095217295,0.25194221485058566,2348,62.06167400881058,0.5452598505415699,0.467273363505779
few_moving,0.5,228,13237,348.3421052631579,0.32168341197745054,0.24228853131774725,2348,61.789473684210535,0.5349277594890649,0.4566995807973596
few_moving,0.5,229,13296,348.3668122270742,0.47917670208085644,0.424505676261839,2353,61.65065502183406,0.5143011100475211,0.4334546000210212
few_moving,0.5,230,13349,348.23478260869564,0.45209545864362366,0.3691033367268733,2353,61.38260869565217,0.5150045996523026,0.4313870254601338
few_moving,0.5,231,13407,348.23376623376623,0.5127619480862303,0.4134030529776388,2353,61.116883116883116,0.5153413020775488,0.43123384011421884
few_moving,0.5,232,13466,348.2586206896552,0.46533106905160915,0.4010397601643878,2359,61.008620689655174,0.5042707869911374,0.4151810664654403
few_moving,0.5,233,13524,348.2575107296138,0.3801738610719204,0.3546213306727256,2365,60.90128755364807,0.5210133046692867,0.43001727710829485
few_moving,0.5,234,13582,348.2564102564103,0.4438362506697802,0.40489816647770366,2371,60.794871794871796,0.5370670197101375,0.45622547906580146
few_moving,0.5,235,13640,348.25531914893617,0.5101633404896673,0.4417085513401967,2381,60.791489361702126,0.5575884467040035,0.49539891271048775
few_moving,0.5,236,13697,348.2288135593221,0.45972650052823055,0.3887138684045846,2394,60.864406779661024,0.5188273607777166,0.436567850063975
few_moving,0.5,237,13754,348.20253164556965,0.299391627822903,0.2717368107551241,2406,60.91139240506329,0.5372174756756039,0.4753662725945073
few_moving,0.5,238,13813,348.2268907563025,0.38722025558461,0.3359078450157106,2420,61.008403361344534,0.5238682021298957,0.4418625863301191
few_moving,0.5,239,13871,348.22594142259413,0.423073550617966,0.3716057694363289,2429,60.979079497907954,0.42181810431851086,0.38561711570505613
few_moving,0.5,240,13927,348.175,0.38762879682608914,0.3143765103544515,2440,61,0.43091029932829256,0.4062025157312294
few_moving,0.5,241,13985,348.17427385892114,0.717214907053627,0.5890235977627496,2468,61.44398340248963,0.7148483173529148,0.6045337609813888
few_moving,0.5,242,14041,348.12396694214874,0.6424624188314523,0.5254710492175337,2493,61.80991735537191,0.8677328375322233,0.7475286092632485
few_moving,0.5,243,14098,348.0987654320988,0.7405508708209849,0.5787848907194306,2513,62.04938271604939,0.899962671026449,0.7863124629854565
few_moving,0.5,244,14152,348.00000000000006,0.7400890926534572,0.6006516570316783,2530,62.21311475409836,0.9719621201370122,0.8102209867890202
few_moving,0.5,245,14206,347.9020408163265,0.9043210025097058,0.7200943298263146,2546,62.351020408163265,1.098426882828079,0.9435115367857779
few_moving,0.5,246,14259,347.7804878048781,0.9766811705765048,0.6871606034985014,2567,62.609756097560975,1.208341033197881,0.9856128836586476
few_moving,0.5,247,14315,347.73279352226723,0.6570320234665704,0.5606438266163,2587,62.8421052631579,1.1614595951523299,0.9484169888464684
few_moving,0.5,248,14369,347.63709677419354,0.7675358373381113,0.708350619767227,2603,62.9758064516129,1.0281020257962832,0.8812484605988147
few_moving,0.5,249,14422,347.51807228915663,0.660894893963023,0.5891872013853696,2618,63.084337349397586,0.8120261833580756,0.6913920569977783
few_moving,0.5,250,14477,347.448,0.5348594011440289,0.4876134790909794,2633,63.192,0.7261078818715635,0.6073364267447859
few_moving,0.5,251,14534,347.42629482071715,0.5561673480279637,0.5309995594805967,2651,63.37051792828685,0.48913269354594213,0.4143281959844847
few_moving,0.5,252,14589,347.3571428571429,0.45124000485700266,0.4365857112224667,2670,63.57142857142857,0.6132280258956458,0.5620505016965425
few_moving,0.5,253,14645,347.3122529644269,0.3571300158433442,0.3182267160759439,2687,63.723320158102766,0.5278440287144883,0.4425280192388096
few_moving,0.5,254,14704,347.3385826771654,0.5864377870810946,0.4960155441194403,2702,63.826771653543304,0.4851016379852943,0.43819101898773305
few_moving,0.5,255,14761,347.3176470588235,0.7550309341075989,0.6537962582628654,2719,63.97647058823529,0.4316459334868252,0.40037553563505784
few_moving,0.5,256,14817,347.2734375,0.6503865922509511,0.5216713128475392,2733,64.0546875,0.6000892273695361,0.5069632278311484
few_moving,0.5,257,14872,347.20622568093387,0.6160961429027946,0.518585841995453,2746,64.10894941634243,0.617443003607923,0.5180907508437567
few_moving,0.5,258,14930,347.2093023255814,0.6228185385620426,0.5370660863609485,2759,64.16279069767441,0.526918617576412,0.43502740225879133
few_moving,0.5,259,14987,347.1891891891892,0.8510210640895448,0.7268113066712305,2772,64.21621621621621,0.662537390671046,0.5406553278598781
few_moving,0.5,260,15041,347.1,0.7700420054327354,0.6373839661011829,2786,64.2923076923077,0.9014250416367908,0.7002309139056688
few_moving,0.5,261,15094,346.9885057471265,0.9545082277239324,0.7190133298567825,2802,64.41379310344828,0.9365512515851108,0.6574022484144114
few_moving,0.5,262,15149,346.92366412213744,0.6701939092285164,0.5339224173567894,2818,64.53435114503817,0.8631909324902797,0.6268972040955259
few_moving,0.5,263,15203,346.83650190114065,0.7076815081571668,0.5582757213207377,2835,64.67680608365018,0.8751610365497611,0.7079420468139794
few_moving,0.5,264,15260,346.8181818181818,0.6855189202825274,0.5428229469370375,2850,64.77272727272727,0.8075965175934451,0.6806067957138535
few_moving,0.5,265,15311,346.6641509433962,0.6858758681078216,0.5981792514327423,2865,64.86792452830188,0.7726991664421078,0.6873623900871888
few_moving,0.5,266,15366,346.60150375939844,0.610850314472792,0.5167306315386866,2882,65.00751879699247,0.5536642732152822,0.4523404637468669
few_moving,0.5,267,15424,346.60674157303373,0.4274023119549856,0.40119693709982507,2896,65.07865168539325,0.46722638787599663,0.40613698271249576
few_moving,0.5,268,15481,346.58955223880594,0.5159659786654583,0.46433861457436565,2912,65.19402985074626,0.3939565573678016,0.33536893428768916
few_moving,0.5,269,15542,346.6617100371747,0.5638829787124534,0.517631011661979,2927,65.28624535315984,0.5002913244925219,0.4525814157727785
few_moving,0.5,270,15598,346.6222222222222,0.7061162130637993,0.5912153005354503,2944,65.42222222222222,0.5367833472060219,0.46673542247089295
few_moving,0.5,271,15654,346.58302583025835,0.8016665535982344,0.7173774490662752,2959,65.51291512915128,0.6886849328512089,0.5324595413874353
few_moving,0.5,272,15711,346.56617647058823,0.4911668602825313,0.41376993295157183,2975,65.625,0.7393481493963449,0.5502225263479812
few_moving,0.5,273,15769,346.5714285714286,0.6561780086156591,0.5695891876400012,2989,65.6923076923077,0.6592809411497486,0.47213500020231913
few_moving,0.5,274,15828,346.5985401459854,0.6022641409259286,0.49914232164888733,3004,65.78102189781022,0.5393972548576699,0.4504311883644666
few_moving,0.5,275,15880,346.4727272727273,0.7297538117916097,0.6472255075585428,3021,65.91272727272728,0.642084192710573,0.49007296266148687
few_moving,0.5,276,15935,346.4130434782609,0.8737919841557833,0.6946172291718061,3038,66.04347826086958,0.8250770418604164,0.6474725346682184
few_moving,0.5,277,15988,346.31046931407946,0.8536230535470166,0.6396556427392843,3055,66.17328519855596,1.0401727220429193,0.7500514579773832
few_moving,0.5,278,16043,346.251798561151,0.820561072173729,0.6581553785572956,3073,66.32374100719424,1.1652861669335486,0.8832203933375652
few_moving,0.5,279,16097,346.17204301075265,0.8120856837591109,0.7056697809214907,3089,66.43010752688171,1.0854840095193903,0.8126873646526018
few_moving,0.5,280,16151,346.0928571428571,0.6523461999791376,0.5705500245047876,3106,66.55714285714286,1.049186090348774,0.9051087713311304
few_moving,0.5,281,16203,345.9715302491103,0.46085724778099385,0.40392015571942463,3120,66.61921708185054,1.0359770778794837,0.913063846273583
few_moving,0.5,282,16259,345.93617021276594,0.5625499148384533,0.50553841722369,3134,66.68085106382978,1.0052270640327665,0.8805092778602054
few_moving,0.5,283,16314,345.8798586572438,0.5697969919499787,0.5205794659589053,3150,66.78445229681978,0.4817439486629872,0.448042020228366
few_moving,0.5,284,16372,345.88732394366195,0.5494140074144486,0.48961914823686453,3166,66.88732394366198,0.46285282009038914,0.39503110585720436
few_moving,0.5,285,16431,345.9157894736842,0.5601038021848231,0.5053894342023951,3179,66.92631578947368,0.5525053354887526,0.47604550879298035
few_moving,0.5,286,16486,345.86013986013984,0.596783922455096,0.5375865612551344,3195,67.02797202797203,0.5027550235746168,0.4292088868532242
few_moving,0.5,287,16543,345.8466898954704,0.5046325208337231,0.4478087812247676,3210,67.10801393728224,0.5220914417407582,0.43246366545359516
few_moving,0.5,288,16601,345.8541666666667,0.5622595298156418,0.5152630784039175,3223,67.14583333333334,0.5183329355538199,0.3935371507148018
few_moving,0.5,289,16660,345.88235294117646,0.5812275181861123,0.4632256595389479,3241,67.28719723183391,0.5776532535485231,0.4305327727907339
few_moving,0.5,290,16716,345.848275862069,0.8397560285564756,0.7877499640537652,3262,67.48965517241379,0.6284273258801328,0.48028485943925
few_moving,0.5,291,16769,345.75257731958766,0.8268826551440575,0.7062825028561273,3283,67.69072164948454,0.790179532985093,0.6001661719333493
few_moving,0.5,292,16824,345.69863013698637,0.7826657761887582,0.6062678601119657,3299,67.78767123287672,0.8683792589502117,0.6494273372053307
few_moving,0.5,293,16879,345.64505119453923,0.8843070395182271,0.741927650209803,3318,67.94539249146757,0.9336949395398784,0.6343216808075678
few_moving,0.5,294,16935,345.61224489795916,0.7916509243423976,0.7100201886864124,3338,68.12244897959184,1.1172667362503905,0.8080765064093995
few_moving,0.5,295,16992,345.59999999999997,0.8019325029428149,0.6388870658930382,3357,68.27796610169491,1.0903875162078187,0.8166641245528931
few_moving,0.5,296,17047,345.5472972972973,0.8269154957330773,0.6760877652030608,3372,68.35135135135134,0.9762526350050688,0.7342798811203541
few_moving,0.5,297,17102,345.4949494949495,0.43224766069658704,0.3630851574934641,3388,68.44444444444444,0.9182392489873392,0.7019543366036687
few_moving,0.5,298,17156,345.42281879194627,0.37171809322841753,0.3192746915670441,3409,68.63758389261744,0.8144238493469215,0.6339018497665068
few_moving,0.5,299,17211,345.37123745819395,0.5388205124376465,0.4737433705181999,3432,68.8695652173913,0.5368236643195268,0.42359477090291986
few_moving,0.5,300,17267,345.34000000000003,0.6669370136255348,0.5762353564340363,3452,69.03999999999999,0.5111025602939452,0.4125662515500683
few_moving,0.5,301,17323,345.30897009966776,0.42781105562099847,0.3919583664521503,3464,69.04983388704319,0.39899807583214425,0.30191202857230687
few_moving,0.5,302,17379,345.2781456953643,0.4805693882874278,0.42948579862230724,3472,68.98013245033113,0.3797933404686047,0.3056676540377615
few_moving,0.5,303,17434,345.2277227722773,0.4666822771842842,0.4401797019801316,3480,68.91089108910892,0.414468388568466,0.33829900474076735
few_moving,0.5,304,17493,345.25657894736844,0.5331718866653571,0.49457037536425075,3485,68.78289473684211,0.4427623489729002,0.37250423213387596
few_moving,0.5,305,17550,345.2459016393443,0.2854669104936041,0.27473389428578227,3485,68.55737704918033,0.4568025515123682,0.3907348116551088
few_moving,0.5,306,17606,345.21568627450984,0.4745287809058249,0.3887492043184144,3487,68.37254901960785,0.4742125158846626,0.4116420001577981
few_moving,0.5,307,17662,345.185667752443,0.3341336104031375,0.3062557492672209,3487,68.14983713355049,0.4791624873020069,0.4170893407311138
few_moving,0.5,308,17721,345.21428571428567,0.4746077539012341,0.4396569427613529,3487,67.92857142857142,0.48020789303375505,0.41821152930653727
few_moving,0.5,309,17779,345.22330097087377,0.34246939488284894,0.3207201986282958,3487,67.70873786407766,0.4804191613676687,0.4184371833842655
few_moving,0.5,310,17838,345.2516129032258,0.5439186345180765,0.4477150679330089,3492,67.58709677419354,0.4944593516594747,0.45668397913834313
few_moving,0.5,311,17894,345.2218649517685,0.3633992041076939,0.3228169248559841,3494,67.40836012861736,0.42066109535344853,0.3714188243742255
few_moving,0.5,312,17951,345.21153846153845,0.3925203631037439,0.35376583701633474,3496,67.23076923076923,0.329722991658926,0.31372659072575937
few_moving,0.5,313,18008,345.20127795527156,0.4523897714926347,0.3393170127926718,3498,67.05431309904154,0.32672839489566713,0.3032192905601646
few_moving,0.5,314,18067,345.22929936305735,0.34426643857769096,0.2950889602202834,3500,66.87898089171975,0.2985024361324746,0.2672705303100657
few_moving,0.5,315,18125,345.23809523809524,0.5016683140982889,0.43922292260710466,3502,66.70476190476191,0.3017402734124628,0.2652789757443775
few_moving,0.5,316,18182,345.22784810126586,0.5747319412653525,0.4932806031799851,3509,66.62658227848101,0.3088743594700921,0.2826970952625395
few_moving,0.5,317,18241,345.25552050473186,0.2834894807535028,0.24693641573730818,3516,66.54889589905363,0.3314558126223721,0.2893226420337417
few_moving,0.5,318,18298,345.24528301886795,0.4922248021431936,0.4270485899406637,3525,66.50943396226415,0.34609895269522273,0.32067779049974743
few_moving,0.5,319,18358,345.29153605015676,0.3621864078329794,0.27777931397982003,3541,66.60188087774296,0.3973991843138041,0.32553494274995015
few_moving,0.5,320,18418,345.33750000000003,0.5691218354127543,0.47265989486180615,3566,66.86250000000001,0.41291833742042255,0.3834507621466543
few_moving,0.5,321,18478,345.3831775700935,0.4133891850706861,0.33000574601955,3589,67.08411214953271,0.31420030605532573,0.27691429344833485
few_moving,0.5,322,18537,345.4099378881988,0.34341029123255495,0.2899854010800681,3608,67.22981366459628,0.40612525852418907,0.2957537739589937
few_moving,0.5,323,18596,345.4365325077399,0.31999426704367456,0.2903075869386102,3627,67.37461300309597,0.3695662803104805,0.32582025863150643
few_moving,0.5,324,18653,345.42592592592587,0.4828706739169894,0.39234396370221286,3643,67.46296296296296,0.24552844550215366,0.22928254917249385
few_moving,0.5,325,18712,345.45230769230767,0.3362367519623128,0.30403932750513624,3665,67.66153846153846,0.32516004083369204,0.2845128137684422
few_moving,0.5,326,18767,345.4049079754601,0.4219347484615814,0.36100217032996695,3671,67.56441717791411,0.30517123965674303,0.27190546482655986
few_moving,0.5,327,18826,345.43119266055044,0.4088725728425589,0.383995747990719,3673,67.39449541284404,0.3626592268516256,0.3223691100068307
few_moving,0.5,328,18883,345.42073170731703,0.27214628486127207,0.24702347132831942,3675,67.22560975609755,0.4499849739315481,0.4149416474908095
few_moving,0.5,329,18942,345.4468085106383,0.39393140056747733,0.35960976238060305,3675,67.02127659574468,0.4938919466609018,0.45466831603857144
few_moving,0.5,330,19000,345.45454545454544,0.482962585481453,0.4183792584098812,3676,66.83636363636364,0.486756646923435,0.44214588819596956
few_moving,0.5,331,19057,345.4441087613293,0.5348921433614342,0.4529064158373135,3678,66.67069486404834,0.486217890918498,0.4402555751463938
few_moving,0.5,332,19115,345.4518072289157,0.42203656783269466,0.3955251591775613,3678,66.46987951807229,0.48614607640247015,0.4399063274944182
few_moving,0.5,333,19173,345.4594594594595,0.3789357243980828,0.31929763218996693,3680,66.30630630630631,0.486133152541742,0.4398376631026684
few_moving,0.5,334,19230,345.4491017964072,0.43110090792699124,0.3769428125576251,3680,66.10778443113773,0.45147663170661195,0.4152214696964047
few_moving,0.5,335,19288,345.45671641791046,0.3385434143218078,0.3103094721140326,3680,65.91044776119404,0.4484564635467424,0.41407826613781545
few_moving,0.5,336,19345,345.4464285714286,0.4989277473065163,0.4455190415167235,3682,65.75,0.4442423827149388,0.40943404412265905
few_moving,0.5,337,19404,345.47181008902083,0.5254484779485453,0.43099195992199046,3682,65.55489614243324,0.43997114002102905,0.4088854649842723
few_moving,0.5,338,19463,345.4970414201183,0.34489670894960317,0.3109139449720697,3682,65.36094674556212,0.4445745220968156,0.4150337279647983
few_moving,0.5,339,19524,345.5575221238938,0.43807876333296314,0.3847275619150321,3682,65.16814159292035,0.4457070394718968,0.41643844436350747
few_moving,0.5,340,19583,345.58235294117645,0.4948060549568588,0.34678370418241766,3698,65.25882352941176,0.3730123922591772,0.32625100743399305
few_moving,0.5,341,19644,345.6422287390029,0.3540354743586443,0.29701434085688905,3706,65.20821114369501,0.37155130223576044,0.3188394641669195
few_moving,0.5,342,19702,345.64912280701753,0.6651518960519505,0.5967694353263847,3717,65.21052631578947,0.35238713592256443,0.2883034704399014
few_moving,0.5,343,19760,345.65597667638485,0.28996724838325766,0.2484065631561203,3730,65.24781341107871,0.25540140138657946,0.23321447945576051
few_moving,0.5,344,19817,345.6453488372093,0.551062812128851,0.47361021074639764,3744,65.30232558139535,0.30003921292651226,0.28829149371444784
few_moving,0.5,345,19873,345.6173913043478,0.4775980448582853,0.4314284866149675,3759,65.37391304347825,0.4181959495215295,0.40183403424804076
few_moving,0.5,346,19934,345.6763005780347,0.44308455665281005,0.380837842197663,3774,65.44508670520231,0.3751774924058964,0.36984106359843016
few_moving,0.5,347,19991,345.6657060518732,0.4192553510885445,0.3608184761859996,3782,65.39481268011528,0.3322447354933498,0.31753968103761326
few_moving,0.5,348,20050,345.6896551724138,0.39827810823925386,0.35578561801308856,3790,65.3448275862069,0.36855785382002304,0.349998947763698
few_moving,0.5,349,20109,345.71346704871064,0.4083285145202825,0.37161951300741847,3793,65.20916905444126,0.3235048980535901,0.30840479350674727
few_moving,0.5,350,20168,345.7371428571429,0.37527247409478287,0.34249687032993315,3793,65.02285714285715,0.31773792132041423,0.30206548254758286
few_moving,0.5,351,20225,345.7264957264957,0.35068899943870135,0.2977948973951614,3795,64.87179487179488,0.3009916560474206,0.27400617385548165
few_moving,0.5,352,20283,345.73295454545456,0.37407626514506576,0.34769616440308937,3795,64.6875,0.26299273264534945,0.22700418026900357
few_moving,0.5,353,20342,345.75637393767704,0.3949530650494328,0.35622955026691094,3795,64.5042492917847,0.26911824268500245,0.2424306257294214
few_moving,0.5,354,20400,345.76271186440675,0.3787249542195447,0.3541398533268672,3795,64.32203389830508,0.2708825545159531,0.24610893081435514
few_moving,0.5,355,20457,345.75211267605636,0.2980852005103313,0.28385992101189883,3805,64.30985915492957,0.21898492620953738,0.20203141045585396
few_moving,0.5,356,20513,345.72471910112364,0.31726564953423586,0.2955984441259005,3807,64.1629213483146,0.2715941364030814,0.2556690798649799
few_moving,0.5,357,20572,345.7478991596638,0.32274537249564283,0.28452348002361183,3809,64.01680672268907,0.30017554698716636,0.27556387287743794
few_moving,0.5,358,20631,345.7709497206704,0.41779012685940903,0.3673748917523501,3809,63.83798882681564,0.375314077691302,0.3350739800951515
few_moving,0.5,359,20687,345.7437325905292,0.405196165441932,0.3720296705630511,3809,63.66016713091921,0.3951650886029763,0.34903145875147895
few_moving,0.5,360,20742,345.7,0.46613558974639346,0.3758224145407839,3810,63.5,0.39649178170472416,0.3457474454442807
few_moving,0.5,361,20802,345.73961218836564,0.4535866844057118,0.40413715765616204,3814,63.39058171745152,0.4010553403914079,0.3520878119443812
few_moving,0.5,362,20861,345.76243093922653,0.39982195369092105,0.3740598921479827,3814,63.215469613259664,0.4040040600544136,0.3552976392382726
few_moving,0.5,363,20921,345.801652892562,0.31896685743757014,0.3064935802257241,3816,63.07438016528926,0.4046725851214734,0.35599039041547115
few_moving,0.5,364,20978,345.7912087912088,0.35460855811508574,0.33380449672285106,3816,62.901098901098905,0.39313165464175753,0.338803595509234
few_moving,0.5,365,21035,345.7808219178082,0.284400654179831,0.2473156510510023,3816,62.728767123287675,0.3953061622090666,0.34174061848772014
few_moving,0.5,366,21095,345.81967213114757,0.27301497617728515,0.22726419128825529,3818,62.590163934426236,0.40343929390331673,0.34874693828266745
few_moving,0.5,367,21153,345.82561307901915,0.2880489614588438,0.24511774889035207,3818,62.41961852861036,0.4232256710367575,0.3741621590212694
few_moving,0.5,368,21211,345.8315217391304,0.5385256056725279,0.4760870361272443,3818,62.25,0.4278820623160565,0.37940075447089183
few_moving,0.5,369,21267,345.80487804878044,0.45591678432734556,0.3443414831284179,3818,62.08130081300813,0.42883954495685983,0.3804540255711065
few_moving,0.5,370,21325,345.8108108108108,0.3898249434646888,0.350512738078974,3834,62.172972972972964,0.28676125596379193,0.24767612394395813
few_moving,0.5,371,21382,345.8005390835579,0.3606921539825274,0.3349006380231944,3842,62.13477088948787,0.2778476875709077,0.24708027853875247
few_moving,0.5,372,21438,345.77419354838713,0.38749586199785757,0.3352442985282119,3849,62.08064516129032,0.2996228281037734,0.27263542770599614
few_moving,0.5,373,21495,345.7640750670241,0.3854781964445253,0.3634842510759377,3854,61.99463806970509,0.35080355500774996,0.3001329152537796
few_moving,0.5,374,21553,345.77005347593587,0.38445076803839334,0.35721938578383805,3860,61.92513368983957,0.37575010613307874,0.3061600756522177
few_moving,0.5,375,21610,345.76,0.3888413146207374,0.34603392945824446,3866,61.856,0.38322053243035814,0.3216372469088783
few_moving,0.5,376,21669,345.78191489361706,0.4434833659751225,0.3807616585995627,3873,61.8031914893617,0.37229714203804687,0.2948079605377121
few_moving,0.5,377,21724,345.7400530503979,0.4366247810716126,0.4149449397071031,3873,61.63925729442971,0.3749880402284021,0.30378560248913733
few_moving,0.5,378,21783,345.7619047619048,0.38468139866314793,0.308482014294506,3875,61.507936507936506,0.37728440072709457,0.31049942673210007
few_moving,0.5,379,21839,345.736147757256,0.35429553124134167,0.27738955326103065,3875,61.34564643799472,0.3605309246686046,0.2924651332683249
few_moving,0.5,380,21897,345.7421052631579,0.2861347968751668,0.2576515338776232,3875,61.184210526315795,0.36961541388680186,0.3083264734472264
few_moving,0.5,381,21956,345.76377952755905,0.27968717345290994,0.23501578822646668,3881,61.11811023622048,0.3793864290019508,0.31642557206627514
few_moving,0.5,382,22014,345.7696335078534,0.3016325524703428,0.28390506290338596,3889,61.083769633507856,0.3876087327943525,0.3451975051558023
few_moving,0.5,383,22070,345.74412532637075,0.2922725010040907,0.2611348435336554,3896,61.03394255874674,0.3905284283706883,0.32191631808984267
few_moving,0.5,384,22130,345.78125,0.3191373312842138,0.2922467994437311,3904,60.99999999999999,0.3429544130106387,0.27976707514218624
few_moving,0.5,385,22188,345.787012987013,0.33399229654390905,0.3089814881723834,3918,61.05974025974026,0.2706190070167257,0.23263144345351378
few_moving,0.5,386,22244,345.7616580310881,0.4790301487302307,0.417620138395972,3928,61.056994818652846,0.2965086987019054,0.2552633844750618
few_moving,0.5,387,22303,345.7829457364341,0.26092236170730015,0.2470373996051097,3938,61.054263565891475,0.27740393706746275,0.2544320802853727
few_moving,0.5,388,22359,345.7577319587629,0.2905662185800761,0.27393366576503714,3942,60.95876288659794,0.22732328832078236,0.18632674656777395
few_moving,0.5,389,22418,345.7789203084833,0.33701677867595076,0.2978695553358841,3942,60.80205655526992,0.2704669335110142,0.21712008398909394
few_moving,0.5,390,22476,345.7846153846154,0.2954857912907243,0.25165990526743515,3943,60.66153846153846,0.2830538393594601,0.23207445962805623
few_moving,0.5,391,22533,345.7749360613811,0.26804434386592485,0.2420507815475467,3947,60.56777493606138,0.2760859453870015,0.2158769431636831
few_moving,0.5,392,22589,345.75,0.3324290216921489,0.3115482476126592,3947,60.41326530612245,0.27867249267128724,0.2207089674189043
few_moving,0.5,393,22646,345.74045801526717,0.2937508425465988,0.2607123727298091,3949,60.29007633587786,0.27934548604781717,0.22177150211272756
few_moving,0.5,394,22703,345.7309644670051,0.4010888399044318,0.36845296855009746,3949,60.13705583756345,0.36922622987702164,0.3236419489494701
few_moving,0.5,395,22758,345.69113924050635,0.34513352162882577,0.26219930794159124,3949,59.984810126582275,0.4002773546023285,0.35021923503628205
few_moving,0.5,396,22815,345.6818181818182,0.5071177370790885,0.48186812613282504,3951,59.86363636363637,0.4148746147888867,0.3676941287685039
few_moving,0.5,397,22874,345.70277078085644,0.36130996549656935,0.3291581611465067,3957,59.803526448362724,0.4661723100161966,0.40358055676279514
few_moving,0.5,398,22932,345.7085427135678,0.279242017825728,0.24568709020822768,3964,59.758793969849236,0.3878061283342662,0.32900285778797433
few_moving,0.5,399,22990,345.7142857142857,0.5922464200669274,0.4965301266393528,3970,59.69924812030075,0.3868222546901436,0.33622958123409435
few_moving,0.5,400,23050,345.75,0.3937666665764522,0.3678908006927598,3983,59.745,0.43477063354375234,0.368680191933592
few_moving,0.5,401,23105,345.71072319201994,0.3186692028893336,0.2811647123833302,3992,59.73067331670823,0.4172077314173281,0.35900218431095154
few_moving,0.5,402,23161,345.6865671641791,0.3599982401083308,0.28067538388880126,4003,59.74626865671642,0.4082541470400334,0.3495666472510459
few_moving,0.5,403,23220,345.7071960297767,0.33542213022257333,0.2944339763348228,4010,59.702233250620345,0.3797118483427247,0.34770811681175395
few_moving,0.5,404,23277,345.6980198019802,0.3909937034286997,0.3441924277767072,4011,59.569306930693074,0.3841720572472602,0.3561072499134933
few_moving,0.5,405,23331,345.64444444444445,0.4089797399515003,0.3559030176044174,4012,59.43703703703704,0.3865888981506474,0.36037050784425106
few_moving,0.5,406,23390,345.6650246305419,0.33330290036523763,0.292807577735416,4016,59.34975369458128,0.38650586032102974,0.35827820769453134
few_moving,0.5,407,23450,345.7002457002457,0.30090198666636747,0.25481321062759443,4016,59.203931203931205,0.3943408897797847,0.3679116849506271
few_moving,0.5,408,23508,345.7058823529412,0.4833280639558714,0.3918649090158012,4018,59.08823529411765,0.3961988964933205,0.3699642631317455
few_moving,0.5,409,23568,345.7408312958436,0.3054504958419038,0.2472170158708969,4021,58.9877750611247,0.43450340655344744,0.4034322141699679
few_moving,0.5,410,23625,345.7317073170732,0.4292877971839647,0.342602131347069,4026,58.91707317073171,0.33954656656838283,0.30487564705936865
few_moving,0.5,411,23681,345.7080291970803,0.5688933249658893,0.44966753933460557,4031,58.84671532846716,0.44981296803252796,0.4114558059305079
few_moving,0.5,412,23738,345.69902912621365,0.311167596234344,0.27868158997127873,4039,58.820388349514566,0.43649413814715327,0.4038913981466563
few_moving,0.5,413,23796,345.70460048426145,0.3279107838941752,0.29060926710157103,4052,58.866828087167065,0.4530173062340219,0.4339570652129205
few_moving,0.5,414,23856,345.73913043478257,0.3900694226225851,0.33984849160991765,4065,58.91304347826087,0.42394999954170803,0.38044774895088096
few_moving,0.5,415,23911,345.70120481927705,0.34277534559874634,0.2932927945064643,4083,59.03132530120482,0.34085841140467726,0.303502485316097
few_moving,0.5,416,23969,345.7067307692308,0.2340050576131074,0.20563656265824343,4093,59.03365384615385,0.430386855008634,0.3922333738051248
few_moving,0.5,417,24027,345.7122302158273,0.2643929803173755,0.2327137722649515,4105,59.064748201438846,0.5196789390922101,0.4560391344823099
few_moving,0.5,418,24085,345.7177033492823,0.3679243705197066,0.3255253326280888,4115,59.066985645933016,0.47543694457001334,0.4392626763583194
few_moving,0.5,419,24144,345.73747016706443,0.32892693576745,0.3066308495441284,4120,58.99761336515513,0.49442572097190063,0.4598898570293414
few_moving,0.5,420,24202,345.74285714285713,0.17660999321542192,0.15987387518903926,4121,58.871428571428574,0.4833556462989249,0.4443491906259818
few_moving,0.5,421,24260,345.74821852731594,0.4105628322651813,0.3598357884641791,4125,58.788598574821854,0.4692292817634561,0.42474716173554095
few_moving,0.5,422,24319,345.76777251184836,0.25858545372445063,0.24357464094141518,4125,58.649289099526065,0.4677814230590769,0.42209237765738095
few_moving,0.5,423,24379,345.8014184397163,0.41193660475096877,0.3874893921670531,4125,58.51063829787234,0.46754840886473925,0.42161787403687817
few_moving,0.5,424,24436,345.79245283018867,0.35880005850544433,0.33578027464456867,4129,58.429245283018865,0.44825084133341475,0.38962240556606115
few_moving,0.5,425,24492,345.76941176470586,0.33341268371425653,0.30286320605026595,4137,58.40470588235294,0.43294337563685836,0.35938680450328503
few_moving,0.5,426,24551,345.7887323943662,0.2952371044747741,0.2700875336850931,4145,58.38028169014085,0.4650635937210942,0.4136750516294086
few_moving,0.5,427,24609,345.79391100702577,0.43011448091771176,0.3877235268346825,4153,58.35597189695551,0.4553729457622448,0.37243327164424234
few_moving,0.5,428,24668,345.8130841121495,0.39003496498755785,0.34466843060406144,4159,58.303738317757,0.4593798532723212,0.3960328378501002
few_moving,0.5,429,24726,345.8181818181818,0.38033533337023206,0.3633120991759025,4165,58.251748251748246,0.4621559505275911,0.4052213281696198
few_moving,0.5,430,24785,345.83720930232556,0.32360297833888957,0.2651304061629652,4180,58.325581395348834,0.4604148044051027,0.37362219841693073
few_moving,0.5,431,24844,345.85614849187937,0.36906854586423743,0.31780489825320535,4186,58.27378190255221,0.4560839768717156,0.4044011754639916
few_moving,0.5,432,24899,345.81944444444446,0.4060669370785837,0.3624286326906569,4188,58.166666666666664,0.46255721008673684,0.41584083216111634
few_moving,0.5,433,24958,345.8383371824481,0.4399327136334263,0.3915937313189505,4192,58.08775981524249,0.5180945891480275,0.4447246513971443
few_moving,0.5,434,25017,345.85714285714283,0.5513530192684976,0.4897083018038222,4192,57.953917050691246,0.5219478603430536,0.43621405166487837
few_moving,0.5,435,25074,345.848275862069,0.34189533438107084,0.2957901408059945,4193,57.834482758620695,0.5376812705576332,0.4537554846842274
few_moving,0.5,436,25129,345.8119266055046,0.39278506976439254,0.35251527869161625,4197,57.75688073394495,0.5242229561782003,0.43591510228298624
few_moving,0.5,437,25187,345.8169336384439,0.31168638826601125,0.25148340568384053,4197,57.62471395881007,0.5223994229426615,0.43323082941515806
few_moving,0.5,438,25246,345.83561643835617,0.4273642454067887,0.3347025365402046,4201,57.54794520547946,0.5435898645585487,0.47204808845770224
few_moving,0.5,439,25304,345.84054669703875,0.46085302102542625,0.37920253701860285,4206,57.485193621867886,0.5391150256043203,0.4743363147634052
few_moving,0.5,440,25360,345.8181818181818,0.4729752233981163,0.33389605055350796,4216,57.4909090909091,0.47471100340799605,0.4202483631015964
few_moving,0.5,441,25420,345.85034013605446,0.47861318908417194,0.4077793698029765,4227,57.51020408163266,0.36988454092313516,0.34274820044871906
few_moving,0.5,442,25480,345.88235294117646,0.4035275691123994,0.37640031394803647,4237,57.515837104072396,0.42027802546024357,0.3874628292438939
few_moving,0.5,443,25539,345.9006772009029,0.45108511669885504,0.3433291092842765,4248,57.534988713318285,0.457136750824674,0.4283886174783581
few_moving,0.5,444,25595,345.8783783783784,0.4760057093205973,0.4195327094479386,4259,57.55405405405405,0.48173246959382265,0.45239480569703855
few_moving,0.5,445,25651,345.85617977528085,0.429808652451393,0.37566126041754144,4278,57.68089887640449,0.42787461817079914,0.3855811606650543
few_moving,0.5,446,25711,345.8878923766816,0.4774971861458163,0.40599628090388135,4286,57.65919282511211,0.44114552490193815,0.40414283057582223
few_moving,0.5,447,25768,345.8791946308725,0.3504918375328349,0.30876309537154534,4293,57.624161073825505,0.4452239653593231,0.38345011564224346
few_moving,0.5,448,25825,345.8705357142857,0.5752700098981213,0.49599733422687986,4297,57.54910714285714,0.4289726212694178,0.37187449443814435
few_moving,0.5,449,25880,345.83518930957683,0.3538391119075293,0.30629965408931326,4297,57.42093541202672,0.36914264218827014,0.30471447518354056
few_moving,0.5,450,25941,345.88,0.563051014034904,0.45551562535608536,4298,57.306666666666665,0.36020793054614303,0.2871486731355059
few_moving,0.5,451,25997,345.85809312638577,0.5573500099237606,0.4494394049045211,4300,57.20620842572062,0.3637448311086472,0.2956711715955611
few_moving,0.5,452,26055,345.8628318584071,0.3621177076758449,0.3193846562501201,4304,57.13274336283185,0.3656570471329195,0.30181471244371527
few_moving,0.5,453,26113,345.86754966887423,0.5122216501532056,0.4159902805696539,4311,57.099337748344375,0.4385597931689035,0.3644695228282835
few_moving,0.5,454,26171,345.87224669603523,0.4050620144137555,0.3581372704855353,4318,57.06607929515419,0.3743867075125525,0.3095228991975091
few_moving,0.5,455,26230,345.8901098901099,0.32380075639939476,0.24781933162507758,4325,57.032967032967036,0.42022138766993006,0.37455628893257964
few_moving,0.5,456,26287,345.88157894736844,0.3794912339572693,0.3570230205446884,4331,56.986842105263165,0.37724788505632845,0.31625443307822443
few_moving,0.5,457,26345,345.88621444201317,0.37647361018162623,0.33664899206047416,4337,56.94091903719912,0.3842323596756487,0.3211176394531253
few_moving,0.5,458,26405,345.9170305676856,0.37018602803268347,0.33998155585047607,4343,56.895196506550214,0.37539708726668763,0.31045284953264457
few_moving,0.5,459,26463,345.921568627451,0.2907090432703657,0.25214693900241214,4350,56.86274509803921,0.37419112171200875,0.3140243657975015
few_moving,0.5,460,26523,345.9521739130435,0.35344699795659373,0.32094010541552753,4362,56.89565217391304,0.31498064945977966,0.2898087765384007
few_moving,0.5,461,26582,345.96963123644247,0.2597085392177969,0.22382885665461685,4364,56.79826464208242,0.3362482202955017,0.3060754323338442
few_moving,0.5,462,26641,345.987012987013,0.3381147979300398,0.27072938593237605,4368,56.72727272727273,0.2971321745661975,0.2640549697336359
few_moving,0.5,463,26702,346.0302375809935,0.2710836679824,0.2490520902805975,4370,56.63066954643629,0.348329213973951,0.32959668963585126
few_moving,0.5,464,26761,346.04741379310343,0.2588524797929317,0.23719124228367017,4370,56.508620689655174,0.36464542217830426,0.33732097428842833
few_moving,0.5,465,26815,346,0.39005679119860903,0.3271311476005855,4371,56.400000000000006,0.35698341890662266,0.3205803604772126
few_moving,0.5,466,26872,345.99141630901283,0.5450403062064519,0.44647137023116645,4373,56.30472103004292,0.3565368189574142,0.3180302317893359
few_moving,0.5,467,26930,345.99571734475376,0.3878612692263322,0.34657397493109576,4373,56.184154175588866,0.3564915778742652,0.3175908064228506
few_moving,0.5,468,26990,346.02564102564105,0.26117217098567086,0.2184077842184117,4373,56.06410256410257,0.3564842945940359,0.31750651871402835
few_moving,0.5,469,27048,346.02985074626866,0.36596321553874944,0.33972881611776484,4373,55.94456289978678,0.3564829085440732,0.31748981240641505
few_moving,0.5,470,27103,345.9957446808511,0.3815807165168353,0.33255469757314904,4377,55.87659574468085,0.34915117977228227,0.31056706554880725
few_moving,0.5,471,27162,346.01273885350315,0.3374397606919155,0.29576327724843854,4384,55.847133757961785,0.3568406257773036,0.3143641790668441
few_moving,0.5,472,27223,346.05508474576277,0.41127730977266985,0.35811949965003903,4392,55.83050847457627,0.34483342147266327,0.297535782279451
few_moving,0.5,473,27280,346.04651162790697,0.3895641406953057,0.32822072457947893,4399,55.80126849894291,0.31990244471151,0.2756458685014055
few_moving,0.5,474,27339,346.0632911392405,0.25914064707050816,0.2339684838234851,4408,55.79746835443038,0.3287434309059843,0.29606712575745936
few_moving,0.5,475,27396,346.0547368421052,0.3829784433816533,0.33436749612008015,4424,55.88210526315789,0.37837839793770467,0.2948346036755079
few_moving,0.5,476,27456,346.08403361344534,0.2931050552308155,0.26817901828441093,4432,55.86554621848739,0.4849203513208608,0.4198211341876477
few_moving,0.5,477,27514,346.0880503144654,0.3358956071768676,0.28592470980738743,4440,55.84905660377358,0.4488025546433328,0.36925757604236475
few_moving,0.5,478,27574,346.11715481171547,0.4191537007632374,0.36598609734377996,4442,55.75732217573221,0.4104010234850356,0.35768766482531117
few_moving,0.5,479,27633,346.13361169102296,0.4137588605217047,0.3591718707946867,4442,55.64091858037578,0.41424470889618137,0.35259835517858706
few_moving,0.5,480,27693,346.1625,0.4450959476000976,0.3783335120662133,4446,55.575,0.42181969545214654,0.3694519538842903
few_moving,0.5,481,27747,346.11642411642407,0.3702584114369418,0.326645748996284,4455,55.571725571725565,0.4233069320130137,0.37766794577413554
few_moving,0.5,482,27806,346.13278008298755,0.45915210119485733,0.4168652164600992,4462,55.54356846473029,0.43237970159396655,0.38683254885400925
few_moving,0.5,483,27864,346.1366459627329,0.41449722686735785,0.3531318774932236,4470,55.527950310559,0.46266347894583065,0.415027470077021
few_moving,0.5,484,27925,346.1776859504132,0.30424377293103,0.2704460466303533,4478,55.51239669421488,0.45618885057297354,0.4110869941841222
few_moving,0.5,485,27984,346.19381443298965,0.2709176885617744,0.24767266709599983,4486,55.49690721649485,0.43700127179522924,0.3858825946985818
few_moving,0.5,486,28040,346.17283950617286,0.27823554060728706,0.25340218213342924,4494,55.48148148148148,0.44037176305196785,0.40343405666373044
few_moving,0.5,487,28095,346.13963039014374,0.33550531889645163,0.29589414800915614,4499,55.42915811088295,0.4656464837693663,0.42810114209656336
few_moving,0.5,488,28151,346.1188524590164,0.23784978368904186,0.20183090206612375,4499,55.3155737704918,0.47630771564556584,0.4382081755606627
few_moving,0.5,489,28209,346.1226993865031,0.4067284723775569,0.37093792534913433,4501,55.22699386503068,0.4682199984869704,0.42105346314927167
few_moving,0.5,490,28266,346.11428571428576,0.368782283997043,0.34388714841516627,4509,55.21224489795919,0.4881175597014617,0.4349018299342305
few_moving,0.5,491,28323,346.1059063136456,0.28211841512405633,0.2379727710639424,4513,55.14867617107943,0.5218484797730341,0.4521848119567709
few_moving,0.5,492,28379,346.0853658536586,0.42839139233996587,0.38094217529103325,4517,55.08536585365854,0.5222488478866437,0.44862733622028267
few_moving,0.5,493,28433,346.04056795131845,0.21698359640718495,0.1971473048824844,4517,54.973630831643,0.509801278723011,0.44949308043923636
few_moving,0.5,494,28493,346.06882591093125,0.3270135032103591,0.26898441576046644,4517,54.86234817813766,0.5150180444281202,0.4572285207011233
few_moving,0.5,495,28551,346.07272727272726,0.36311135765399516,0.2993162611466716,4518,54.763636363636365,0.5101928373633902,0.44521393676022125
few_moving,0.5,496,28608,346.06451612903226,0.4121613382087887,0.3436885425795683,4529,54.78629032258063,0.47781726940884967,0.38313313216380857
few_moving,0.5,497,28666,346.0684104627766,0.4297514768893729,0.378791993614238,4538,54.78470824949699,0.5536839300751951,0.454486652364743
few_moving,0.5,498,28723,346.0602409638554,0.384161964528929,0.3217783965010692,4556,54.89156626506024,0.44258609634114887,0.3849583544951825
few_moving,0.5,499,28783,346.08817635270543,0.5681445467956646,0.5011277498757336,4577,55.034068136272545,0.3779167239346275,0.334498082230411
few_moving,0.5,500,28839,346.068,0.40560602424414666,0.34349562527976724,4600,55.199999999999996,0.41529415152612587,0.3490834588946553
few_moving,0.5,501,28895,346.0479041916168,0.34753557420065145,0.30120291499334,4626,55.401197604790426,0.5303220389098414,0.42694200664824666
few_moving,0.5,502,28951,346.0278884462151,0.39483379523446993,0.35949938489369815,4650,55.57768924302788,0.3416390596245918,0.31217567370871524
few_moving,0.5,503,29009,346.0318091451293,0.4038833757896809,0.3257757818930339,4663,55.62226640159046,0.44652661249953113,0.34566394545828005
few_moving,0.5,504,29063,345.98809523809524,0.5031655107446001,0.40749002400513223,4678,55.69047619047619,0.39247311480896846,0.33457973665227925
few_moving,0.5,505,29120,345.980198019802,0.4352448944867542,0.406500262771615,4688,55.699009900990106,0.47271466429325015,0.35217392228059174
few_moving,0.5,506,29179,345.99604743083006,0.3072453226894679,0.26819039362629815,4690,55.612648221343875,0.5227730407954335,0.3943051304520669
few_moving,0.5,507,29234,345.96449704142015,0.38422383732764565,0.35728808341671153,4690,55.502958579881664,0.48648526179993173,0.4013302412536387
few_moving,0.5,508,29292,345.9685039370078,0.5174105692724658,0.469464474993534,4696,55.46456692913386,0.4980132890005441,0.3975776128761592
few_moving,0.5,509,29351,345.9842829076621,0.3649853889281523,0.3178474905718208,4703,55.43811394891946,0.4934556849572409,0.38367416552466005
few_moving,0.5,510,29409,345.98823529411766,0.3927922178806318,0.34334956735110295,4710,55.411764705882355,0.5013001546304303,0.40778782719856954
few_moving,0.5,511,29465,345.9686888454011,0.29214453671990165,0.26160949229130004,4716,55.37377690802348,0.5061800877864643,0.40656284880004867
few_moving,0.5,512,29522,345.9609375,0.2797187231780719,0.21947569334000527,4723,55.34765625,0.522573259603131,0.4268517337589949
few_moving,0.5,513,29580,345.96491228070175,0.4132814299109298,0.370416216947839,4729,55.30994152046783,0.5062674741977099,0.41142888126728394
few_moving,0.5,514,29635,345.9338521400778,0.5435147113578366,0.4409309249400587,4736,55.284046692607006,0.5114627058608184,0.4201727881098087
few_moving,0.5,515,29691,345.9145631067961,0.4159210236371964,0.35981680293451096,4736,55.17669902912621,0.515909225467098,0.42790552869303256
few_moving,0.5,516,29750,345.93023255813955,0.3599519886483069,0.30772996901134514,4738,55.093023255813954,0.516984868136958,0.42984784760278083
few_moving,0.5,517,29806,345.9110251450677,0.35407521383560053,0.31345362268118276,4742,55.03288201160541,0.5633590240744388,0.49805545686677427
few_moving,0.5,518,29865,345.92664092664097,0.3096567076138661,0.2851244818934766,4742,54.92664092664093,0.6579959203968286,0.5844850492058844
few_moving,0.5,519,29924,345.9421965317919,0.2695941848513873,0.24752673059105668,4748,54.89017341040462,0.7107765876031255,0.608512813214811
few_moving,0.5,520,29979,345.9115384615385,0.4102921987641475,0.35093410637308964,4753,54.8423076923077,0.7065617593753184,0.6071222351758158
few_moving,0.5,521,30038,345.9270633397313,0.3833440703290016,0.2997183650696448,4755,54.76007677543186,0.7139806834442434,0.6130990048716738
few_moving,0.5,522,30095,345.91954022988506,0.32177162773446166,0.29157842647602633,4755,54.65517241379311,0.7081763521159842,0.6073641958445104
few_moving,0.5,523,30155,345.94646271510516,0.37530731946875256,0.3538899995239982,4755,54.55066921606119,0.7071525861251887,0.6062878244333085
few_moving,0.5,524,30211,345.92748091603056,0.2759866014565623,0.24436190367766847,4755,54.44656488549619,0.7069533686545683,0.6060755148320968
few_moving,0.5,525,30272,345.9657142857143,0.33289026752691814,0.31697801422936067,4755,54.34285714285714,0.7069137469794724,0.6060331726924293
few_moving,0.5,526,30328,345.94676806083646,0.3431090586545027,0.30459264511599315,4758,54.27376425855513,0.6476392970550194,0.5265403071243524
few_moving,0.5,527,30384,345.9278937381404,0.4022558011930935,0.3543391382257767,4763,54.22770398481973,0.5798751720588697,0.4875439049928499
few_moving,0.5,528,30445,345.96590909090907,0.35056079878966434,0.276791825869427,4768,54.18181818181818,0.5056018024428528,0.44779251980841767
few_moving,0.5,529,30503,345.96975425330817,0.3088610758269029,0.27082532846338997,4775,54.15879017013233,0.40103477311639774,0.35863302191434
few_moving,0.5,530,30563,345.9962264150943,0.34402466761257766,0.31452038564123236,4780,54.11320754716981,0.46905547403696557,0.40514853136668594
few_moving,0.5,531,30617,345.954802259887,0.37796615945903955,0.31385062779644934,4786,54.079096045197744,0.4565445938042076,0.39786491122158124
few_moving,0.5,532,30673,345.93609022556393,0.3557669910122564,0.32699835512663944,4793,54.056390977443606,0.42825488530149297,0.38251112980055624
few_moving,0.5,533,30729,345.9174484052533,0.31039807073007264,0.2899793278346653,4795,53.97748592870544,0.517665567150689,0.44807666367813564
few_moving,0.5,534,30787,345.9213483146067,0.21826519567238473,0.20556110931138175,4801,53.943820224719104,0.5112365330867036,0.440417646552777
few_moving,0.5,535,30844,345.9140186915888,0.3554170711380444,0.3043920351062076,4807,53.910280373831775,0.46393786628081635,0.4031223842583288
few_moving,0.5,536,30902,345.9179104477612,0.41600230038562436,0.38109333769135045,4809,53.8320895522388,0.4824621673901702,0.4235941622832775
few_moving,0.5,537,30962,345.9441340782123,0.4421842397625568,0.40541789553486146,4809,53.731843575419,0.4562852555739372,0.39564766722986633
few_moving,0.5,538,31020,345.9479553903346,0.32811102173578466,0.2841209003972265,4809,53.63197026022304,0.4530910865668344,0.39042402914960095
few_moving,0.5,539,31076,345.92949907235624,0.36894015864740576,0.31630976015353274,4809,53.532467532467535,0.4525383877949348,0.38939716819508763
few_moving,0.5,540,31134,345.93333333333334,0.35911826009732445,0.2983968833057431,4809,53.43333333333333,0.45243132116450313,0.3891925555312518
few_moving,0.5,541,31194,345.9593345656192,0.36091994619822265,0.3192459468164973,4809,53.33456561922365,0.4524100469698657,0.38915166380546884
few_moving,0.5,542,31247,345.90774907749073,0.2488018498513749,0.22821829805888064,4809,53.23616236162361,0.452405797697823,0.38914348669613236
few_moving,0.5,543,31306,345.9226519337016,0.5184296040114976,0.4023294551642237,4809,53.13812154696132,0.4524049480661026,0.38914185132372625
few_moving,0.5,544,31361,345.89338235294116,0.3422978759086821,0.29953857175658416,4812,53.0735294117647,0.4426566536785414,0.3768776929060605
few_moving,0.5,545,31421,345.91926605504585,0.4815873992955625,0.43398747982346764,4812,52.97614678899082,0.44097438742103784,0.3746433948669599
few_moving,0.5,546,31480,345.9340659340659,0.3320500199993938,0.3107458948855349,4814,52.9010989010989,0.4406488992545182,0.37420560951982756
few_moving,0.5,547,31535,345.9049360146252,0.31234236068012566,0.2774815048967783,4818,52.84826325411334,0.4884135647391374,0.4103244791309879
few_moving,0.5,548,31592,345.8978102189781,0.3358425530759648,0.3115425443701488,4818,52.751824817518255,0.50036826061958,0.44744505310154253
few_moving,0.5,549,31651,345.9125683060109,0.3708986842752039,0.35178009851608333,4824,52.721311475409834,0.43494409188402877,0.3688430544860363
few_moving,0.5,550,31711,345.9381818181818,0.24767646143718736,0.23556932940230618,4830,52.690909090909095,0.4498014597579135,0.38320766780279747
few_moving,0.5,551,31768,345.9310344827586,0.3782422942197302,0.3238359200486178,4832,52.617059891107075,0.47056522643548665,0.41034484323668813
few_moving,0.5,552,31827,345.94565217391306,0.4265426618525811,0.31928812992757816,4832,52.52173913043479,0.41003930784451403,0.36097109771019464
few_moving,0.5,553,31884,345.9385171790235,0.39107577741617217,0.3253099513560436,4832,52.42676311030741,0.40645222552797877,0.3549899002555774
few_moving,0.5,554,31942,345.942238267148,0.4101959144654371,0.36858922911861985,4832,52.33212996389892,0.4061120795922018,0.35417330458277824
few_moving,0.5,555,32002,345.9675675675675,0.4045768816952845,0.36414347470812347,4836,52.28108108108108,0.41809611881513264,0.3684597778793187
few_moving,0.5,556,32057,345.9388489208633,0.29993951809377795,0.25910485796289173,4844,52.27338129496402,0.35949933056732036,0.32044055848693426
few_moving,0.5,557,32113,345.9210053859964,0.40994820978130625,0.30757537229256776,4850,52.244165170556556,0.42120197438880674,0.3687551186369447
few_moving,0.5,558,32173,345.9462365591398,0.34744574087510055,0.32186630415023043,4858,52.236559139784944,0.3532404663371095,0.3188574291149262
few_moving,0.5,559,32229,345.9284436493739,0.501629192406023,0.44887771248298636,4869,52.26118067978533,0.283169931096695,0.2660209699660963
few_moving,0.5,560,32285,345.9107142857143,0.31002555000885934,0.2935656924596628,4876,52.24285714285714,0.3228423392432784,0.2921947342604959
few_moving,0.5,561,32343,345.9144385026738,0.4063391152626631,0.36210215349228814,4885,52.24598930481284,0.3479550562837743,0.32004631586807164
few_moving,0.5,562,32403,345.93950177935943,0.45051382850297744,0.42883928552114314,4893,52.238434163701065,0.2640851920597255,0.24794794347917265
few_moving,0.5,563,32462,345.9538188277087,0.35752894890161135,0.3037631791869827,4893,52.145648312611016,0.3336579015327068,0.3008762116479954
few_moving,0.5,564,32519,345.9468085106383,0.5870908342175293,0.5395103220614045,4897,52.09574468085106,0.3414239027807965,0.29546349436172814
few_moving,0.5,565,32577,345.9504424778761,0.3868637942619393,0.36745938587536814,4903,52.06725663716814,0.3808056803350508,0.30876265941393827
few_moving,0.5,566,32634,345.9434628975265,0.32038931367988666,0.3030395633170361,4905,51.996466431095406,0.3983070618207626,0.32359988919931704
few_moving,0.5,567,32692,345.94708994709,0.33570821125204825,0.3240021347567375,4905,51.90476190476191,0.41182715825755006,0.3372730903235628
few_moving,0.5,568,32745,345.8978873239437,0.4064036284656403,0.3464515638213276,4911,51.87676056338028,0.39913048530581935,0.3190195549388589
few_moving,0.5,569,32804,345.91212653778564,0.33142329937731346,0.298705275611066,4916,51.83831282952549,0.3901298703455944,0.29859535089288236
few_moving,0.5,570,32860,345.89473684210526,0.33918269349178903,0.2955809345004293,4922,51.810526315789474,0.42889816334542336,0.36247997757447836
few_moving,0.5,571,32919,345.90893169877404,0.23489529849364527,0.21990939505328105,4928,51.78283712784588,0.4258519337945849,0.36006239900490566
few_moving,0.5,572,32975,345.8916083916084,0.4077462962472394,0.3865270821415403,4934,51.75524475524475,0.43465842598573895,0.37070312176896014
few_moving,0.5,573,33033,345.8952879581152,0.37926549981689966,0.31979202228212605,4940,51.72774869109947,0.41061802090828176,0.3335708584298898
few_moving,0.5,574,33091,345.89895470383277,0.29543397010672523,0.26798754398543434,4947,51.710801393728225,0.43094411396229515,0.3613187830878276
few_moving,0.5,575,33150,345.9130434782609,0.410433205628981,0.3792964990155318,4947,51.62086956521739,0.42034895257140764,0.34761604701250653
few_moving,0.5,576,33208,345.9166666666667,0.3192283436154017,0.2765832438840461,4951,51.57291666666667,0.41978343257447376,0.34874834833841434
few_moving,0.5,577,33266,345.92027729636044,0.4511526062093244,0.38111823743251055,4953,51.50433275563258,0.4298889352631091,0.3634079267868796
few_moving,0.5,578,33323,345.91349480968864,0.34626350078342155,0.30323265149279116,4953,51.41522491349481,0.39889651161460354,0.3597457861756873
few_moving,0.5,579,33379,345.89637305699483,0.38463925840438484,0.3600594070018434,4957,51.36787564766839,0.43427852117344573,0.3768670147468299
few_moving,0.5,580,33435,345.8793103448276,0.34796678346321663,0.31114935750020456,4963,51.341379310344834,0.5024336357586935,0.41745709884292237
few_moving,0.5,581,33492,345.87263339070563,0.36170456842333015,0.3137651406170107,4965,51.2736660929432,0.5248886889882143,0.4336535957504867
few_moving,0.5,582,33553,345.9072164948454,0.45117508525245914,0.4208722376722364,4965,51.185567010309285,0.5242421220736546,0.4237713125521842
few_moving,0.5,583,33611,345.9108061749571,0.3344928705855573,0.2835953750478078,4971,51.159519725557466,0.525507370920975,0.42683660943036966
few_moving,0.5,584,33666,345.88356164383566,0.28618201044036473,0.2534897900089752,4976,51.12328767123288,0.539642149113152,0.4329258958674667
few_moving,0.5,585,33722,345.8666666666667,0.34752171679423177,0.2919245595653083,4984,51.117948717948714,0.5437831361709724,0.43415308708135125
few_moving,0.5,586,33779,345.8600682593856,0.549450579454686,0.4806200873848424,5001,51.20477815699658,0.5346414764846559,0.4238644715865637
few_moving,0.5,587,33835,345.84327086882456,0.3473116784909141,0.3014967031984414,5019,51.301533219761495,0.5875346452047293,0.41353599756378784
few_moving,0.5,588,33894,345.85714285714283,0.6312205600720128,0.5365855280811354,5036,51.38775510204081,0.48577966571182724,0.4011129206403393
few_moving,0.5,589,33954,345.88115449915114,0.30763737311430794,0.3001259806652232,5056,51.50424448217318,0.5491167064298295,0.4112065369752756
few_moving,0.5,590,34014,345.9050847457627,0.403718751922051,0.36489909744043786,5068,51.538983050847456,0.554495442752401,0.4995260665853989
few_moving,0.5,591,34072,345.9086294416244,0.3488107117611092,0.32314448982061006,5084,51.61421319796954,0.4176188504996156,0.34409994443390624
few_moving,0.5,592,34132,345.9324324324324,0.4921152767716719,0.437622100868985,5093,51.61824324324324,0.42133813864775976,0.3441652930282681
few_moving,0.5,593,34191,345.9460370994941,0.29999406762685044,0.2659827612120331,5100,51.602023608768974,0.4834027908180626,0.41092357480445124
few_moving,0.5,594,34250,345.95959595959596,0.2764554904486426,0.23502969507918556,5110,51.61616161616161,0.3741488244279734,0.2927959962284995
few_moving,0.5,595,34308,345.9630252100841,0.35317381890562005,0.3129130956871894,5118,51.61008403361345,0.3477230026103986,0.295419786626013
few_moving,0.5,596,34366,345.96644295302013,0.2772045924482318,0.2555227358277602,5125,51.59395973154362,0.3590727998630052,0.310715794324435
few_moving,0.5,597,34424,345.9698492462312,0.29387822605781677,0.2507906649066381,5132,51.57788944723619,0.42432923836502745,0.33898779661841727
few_moving,0.5,598,34483,345.98327759197326,0.21930266372810525,0.19077001745599056,5139,51.56187290969899,0.407281412326402,0.31705070764693155
few_moving,0.5,599,34538,345.95659432387316,0.32205668232041,0.30870839563180547,5146,51.54590984974959,0.40553344490692045,0.31914898082543813
few_moving,0.5,600,34594,345.94,0.36633247561788984,0.29923157279979223,5153,51.529999999999994,0.42082848869184325,0.34085669204244085
many_moving,0.5,0,0,,18.187917130173428,17.241615522676813,0,,18.187917130173428,17.241615522676813
many_moving,0.5,1,39,234,8.74997976926344,7.505622587243688,39,234,8.746229293658184,7.514319452141569
many_moving,0.5,2,99,297,5.785062184529913,4.8942257374043905,96,288,5.719112904621035,4.874498952503141
many_moving,0.5,3,155,310,2.907029946395767,2.5644105538619812,156,312,3.035321882254182,2.625760508378997
many_moving,0.5,4,213,319.5,1.8217790702361076,1.4170755221045535,216,324,1.7844344218277988,1.419682866255723
many_moving,0.5,5,271,325.20000000000005,1.4138760035535156,1.0845639036540742,275,330,1.257980915790938,0.9461317048868754
many_moving,0.5,6,327,327,0.9288744078928861,0.7125380409700914,331,331,0.731270238836536,0.5862655585351991
many_moving,0.5,7,384,329.1428571428571,0.881519668034907,0.6776492215527467,379,324.85714285714283,0.5143922171203202,0.4557361613933102
many_moving,0.5,8,444,333,0.48004327001112984,0.4287536728661413,391,293.25,0.5139188532993629,0.4335174121833081
many_moving,0.5,9,502,334.6666666666667,0.5292213892920371,0.4450853970565677,391,260.6666666666667,0.5237333157370558,0.4283276472112152
many_moving,0.5,10,560,336,0.3381947243024899,0.3193419057812184,391,234.60000000000002,0.5292681193490302,0.43240934590337304
many_moving,0.5,11,616,336.00000000000006,0.3350199884449044,0.2916594395144757,391,213.2727272727273,0.5305110935899306,0.43347354618776013
many_moving,0.5,12,674,337,0.3271601713099948,0.28925084709417614,391,195.5,0.5307650533897003,0.4336961179790003
many_moving,0.5,13,732,337.84615384615387,0.32409904024069514,0.2893890481453548,391,180.46153846153845,0.5308160593161183,0.4337410194559257
many_moving,0.5,14,789,338.14285714285717,0.4014460249008814,0.3257691715992778,391,167.57142857142858,0.5308262690549667,0.433750015218053
many_moving,0.5,15,847,338.8,0.43898254857132485,0.38825013171725287,391,156.4,0.5308283113448374,0.4337518149890022
many_moving,0.5,16,903,338.625,0.35858113761287386,0.3210440814867504,391,146.625,0.5308287198164955,0.4337521749679321
many_moving,0.5,17,962,339.5294117647059,0.18462697804742004,0.1580109467967893,391,138,0.530828801511375,0.43375224696470865
many_moving,0.5,18,1021,340.3333333333333,0.30658910688342234,0.269413607969653,391,130.33333333333334,0.5308288178503724,0.43375226136410283
many_moving,0.5,19,1079,340.7368421052632,0.427041591865037,0.37960538075301375,391,123.47368421052633,0.5308288211181726,0.4337522642439831
many_moving,0.5,20,1139,341.70000000000005,0.4732315851208401,0.39493273322206524,391,117.30000000000001,0.5308288217717332,0.43375226481995915
many_moving,0.5,21,1197,342.00000000000006,0.3035455478515529,0.2636548630804958,397,113.42857142857144,0.5308288219024452,0.4337522649351543
many_moving,0.5,22,1255,342.2727272727273,0.36794137908654606,0.3100996885342754,411,112.09090909090911,0.5126230407906488,0.45417163313039116
many_moving,0.5,23,1311,341.99999999999994,0.32651942450263244,0.2843549961405669,414,107.99999999999999,0.5078299897023245,0.4209288652201847
many_moving,0.5,24,1368,342,0.4285884120007958,0.36667572427199885,414,103.49999999999999,0.5237046229286608,0.43323635388710624
many_moving,0.5,25,1427,342.47999999999996,0.35920162023171753,0.3033137990593804,414,99.35999999999999,0.5274804676102719,0.4368349718353725
many_moving,0.5,26,1486,342.9230769230769,0.38946782852055384,0.3633634505121327,414,95.53846153846153,0.5282586752941635,0.4376008702472591
many_moving,0.5,27,1545,343.3333333333333,0.3421133704731343,0.3070921837519487,414,92,0.5284152300612877,0.43775587475557476
many_moving,0.5,28,1604,343.7142857142857,0.537155818503187,0.44999106052874305,419,89.78571428571428,0.34020218502465566,0.30239200036311104
many_moving,0.5,29,1660,343.44827586206895,0.4621977566568796,0.42067081277858664,429,88.75862068965517,0.3868666000422321,0.3424588459242276
many_moving,0.5,30,1719,343.8,0.621400512451296,0.5199428252244234,439,87.8,0.39538462759891874,0.33024220281585465
many_moving,0.5,31,1778,344.1290322580645,0.2971893626523153,0.2528744513168275,450,87.09677419354838,0.5227429239597723,0.4219237411780125
many_moving,0.5,32,1838,344.625,0.3103506669536219,0.27324581779914286,460,86.25,0.481771554623549,0.43360018532926026
many_moving,0.5,33,1896,344.7272727272727,0.3602931251991312,0.3154101319141297,469,85.27272727272727,0.46382177708420075,0.40730461428290576
many_moving,0.5,34,1953,344.64705882352945,0.3183316820920868,0.26010996443839307,480,84.70588235294117,0.4821473636930377,0.40213074580568503
many_moving,0.5,35,2013,345.0857142857143,0.37762418205308995,0.3466396799199084,486,83.31428571428572,0.5513927653425886,0.45399301606959497
many_moving,0.5,36,2071,345.1666666666667,0.4101031757774355,0.33205541497382773,492,82.00000000000001,0.6043754937857896,0.5277863711022139
many_moving,0.5,37,2131,345.56756756756755,0.3614053673265373,0.33538193984932174,502,81.4054054054054,0.2857080062329796,0.22665437857307746
many_moving,0.5,38,2188,345.47368421052636,0.39284117753047143,0.3482608897007219,505,79.73684210526316,0.41608797800171426,0.34880068602180536
many_moving,0.5,39,2245,345.38461538461536,0.42966753827467974,0.3347735929756528,505,77.6923076923077,0.45415660984569356,0.38819636628765486
many_moving,0.5,40,2304,345.6,0.4376517659328709,0.3945686008194458,505,75.75,0.462035951330768,0.3962301021986578
many_moving,0.5,41,2364,345.9512195121951,0.41381911325797094,0.35183198878121597,505,73.90243902439025,0.46362134006055367,0.3978425147142047
many_moving,0.5,42,2421,345.8571428571429,0.43169823062362983,0.3922222906847636,505,72.14285714285715,0.4639387905768472,0.3981652199099537
many_moving,0.5,43,2480,346.04651162790697,0.4100287354845708,0.3330957435337072,505,70.46511627906976,0.4640022955277149,0.39822976982564046
many_moving,0.5,44,2535,345.6818181818182,0.4063069660772818,0.3578696546197752,510,69.54545454545455,0.4561922275849534,0.3874117200777484
many_moving,0.5,45,2591,345.4666666666667,0.329359434008438,0.30441277815962164,517,68.93333333333334,0.461078675800847,0.37436520717518174
many_moving,0.5,46,2650,345.65217391304344,0.3247349424947216,0.29754593107067084,522,68.08695652173913,0.4841301753912952,0.42278053460975784
many_moving,0.5,47,2707,345.5744680851064,0.3513117573411145,0.32265332454946,528,67.40425531914893,0.5147011891112766,0.4589661107121244
many_moving,0.5,48,2765,345.625,0.2725079345639158,0.24269088163108896,534,66.75,0.49667777904072496,0.4304994608772931
many_moving,0.5,49,2819,345.1836734693877,0.393594071587948,0.36548451510885244,543,66.48979591836735,0.5434529889635094,0.4829902680324967
many_moving,0.5,50,2877,345.23999999999995,0.20352356357092805,0.18853667150504388,552,66.24,0.5888770018683904,0.5295791641375767
many_moving,0.5,51,2934,345.1764705882353,0.33104966892399623,0.28260224240591425,560,65.88235294117648,0.6141664702768008,0.5666197620740148
many_moving,0.5,52,2993,345.34615384615387,0.42134411158841134,0.32755583088618573,568,65.53846153846153,0.5174214945240223,0.4675260668395884
many_moving,0.5,53,3052,345.50943396226415,0.23667136706183592,0.2135892559714639,571,64.64150943396227,0.5183560581077564,0.45569055662109764
many_moving,0.5,54,3112,345.77777777777777,0.29529946112988864,0.27438371721934796,571,63.44444444444444,0.5202264183799669,0.4545326801883209
many_moving,0.5,55,3169,345.7090909090909,0.4157414176647123,0.3864822853737929,571,62.290909090909096,0.5206669997940906,0.45436353981907346
many_moving,0.5,56,3224,345.4285714285714,0.5480742704445601,0.48570047004908384,571,61.17857142857143,0.5207577643892549,0.45433252728379125
many_moving,0.5,57,3281,345.3684210526316,0.41274613880331257,0.34522720870838375,571,60.10526315789474,0.5207760231360498,0.4543264404356502
many_moving,0.5,58,3341,345.62068965517244,0.48833980582075326,0.39464231053926474,574,59.37931034482759,0.5208054723662208,0.454003478465716
many_moving,0.5,59,3398,345.55932203389835,0.3645306688254584,0.33008563396690077,579,58.88135593220339,0.49958551604264884,0.44286477317883655
many_moving,0.5,60,3454,345.4,0.3012335216489407,0.2748830524090116,584,58.4,0.4711395464317895,0.39874668474527264
many_moving,0.5,61,3513,345.5409836065574,0.5743794962266638,0.5411570626973046,618,60.78688524590164,0.7768446900840431,0.6721466463910863
many_moving,0.5,62,3575,345.96774193548384,0.5535944011335702,0.48301182438932455,664,64.25806451612902,0.5876345971171243,0.5231361391343301
many_moving,0.5,63,3634,346.0952380952381,0.8396215903464035,0.7938997780908423,708,67.42857142857142,0.7929888200927685,0.7311386179676497
many_moving,0.5,64,3696,346.5,0.5347184899395908,0.49107034908214786,757,70.96875,0.7123261148984578,0.60692967885314
many_moving,0.5,65,3759,346.9846153846154,0.5270459393192269,0.4809642564560036,806,74.4,0.5852921810971796,0.510235592963019
many_moving,0.5,66,3817,346.99999999999994,0.5328425496747898,0.4547087433629994,860,78.18181818181817,0.5872771958229847,0.4914804223605169
many_moving,0.5,67,3877,347.19402985074623,0.49495773380807984,0.3702322816267055,909,81.40298507462687,0.6338310548856788,0.5885700827195176
many_moving,0.5,68,3936,347.29411764705884,0.6892536000892092,0.5550486780311122,955,84.26470588235294,0.8005147727846269,0.6687217921098566
many_moving,0.5,69,3993,347.21739130434787,0.8084266887987971,0.6738450395834307,1000,86.95652173913044,1.0426124521839983,0.9489384439605582
many_moving,0.5,70,4046,346.8,0.959058556529552,0.8424447073810131,1041,89.22857142857141,1.2978125738990505,1.16514781012604
many_moving,0.5,71,4097,346.22535211267603,0.9551082388756189,0.7881853828912506,1080,91.26760563380282,1.3823526267474353,1.2155650014719481
many_moving,0.5,72,4150,345.83333333333337,1.0077126544110973,0.8495895450935761,1117,93.08333333333334,1.3640866635232816,1.1804768821763312
many_moving,0.5,73,4204,345.5342465753425,0.9154652371810759,0.7838374745179109,1152,94.68493150684932,1.451397057997122,1.1852810467690413
many_moving,0.5,74,4261,345.4864864864865,1.133180423534405,1.0216682093387597,1192,96.64864864864865,1.487225940616817,1.239461896248821
many_moving,0.5,75,4320,345.6,1.2084805715667615,1.1016083271261574,1231,98.47999999999999,1.6056791959936203,1.4540503533117821
many_moving,0.5,76,4379,345.7105263157895,1.1344487617404337,1.0376328559984092,1273,100.5,1.148964717525087,1.0431927057157948
many_moving,0.5,77,4441,346.05194805194805,0.8375033654547431,0.7539301930049093,1318,102.7012987012987,1.0958031259290801,0.9845014096440444
many_moving,0.5,78,4503,346.38461538461536,0.6671649250791651,0.6283754756095408,1361,104.69230769230768,0.8179233221940173,0.7111556047102028
many_moving,0.5,79,4560,346.32911392405066,0.4915767522989809,0.42239142435273447,1401,106.40506329113924,0.7680490885385834,0.7191118121592796
many_moving,0.5,80,4620,346.5,0.37077925585714194,0.3161235174825153,1445,108.375,0.6657010857444446,0.6141629643761408
many_moving,0.5,81,4679,346.59259259259255,0.6382232772300945,0.5225458025998585,1491,110.44444444444443,0.6991179984658559,0.6141400768788686
many_moving,0.5,82,4738,346.6829268292683,0.8132582612651609,0.7491130549831111,1532,112.09756097560974,0.6975221912175498,0.667999744751649
many_moving,0.5,83,4799,346.9156626506024,0.7467289659153602,0.6423538485977834,1575,113.855421686747,0.8678845939315032,0.7557907546091457
many_moving,0.5,84,4858,347.00000000000006,0.7925523067961662,0.6443347313566878,1616,115.42857142857143,0.7744342885097634,0.7312531955806547
many_moving,0.5,85,4919,347.2235294117647,0.600810093252443,0.5512245756391367,1661,117.2470588235294,0.90685567948327,0.8314595199072714
many_moving,0.5,86,4978,347.30232558139534,0.6253259791810118,0.5652759847803731,1703,118.81395348837209,0.9843719418192447,0.8926092240536562
many_moving,0.5,87,5037,347.3793103448276,0.5538753517889877,0.4744133590533304,1745,120.3448275862069,0.9873011688770631,0.8436799344722801
many_moving,0.5,88,5094,347.3181818181818,0.6659099159862237,0.5917365956721612,1784,121.63636363636365,1.0296445367650737,0.9332059959328761
many_moving,0.5,89,5151,347.2584269662921,0.5775291184858017,0.5263499236303537,1825,123.03370786516854,1.0341066114010444,0.9119424517391908
many_moving,0.5,90,5209,347.26666666666665,0.9516916615791692,0.8714690693428843,1862,124.13333333333333,0.8686310479834239,0.800298647782772
many_moving,0.5,91,5264,347.0769230769231,0.9910787291506796,0.8537178069533509,1898,125.14285714285715,1.026553125123715,0.916044853103347
many_moving,0.5,92,5320,346.95652173913044,0.9834475637102053,0.8802697948146848,1938,126.39130434782608,1.1556306329254735,0.9421686554963209
many_moving,0.5,93,5381,347.16129032258067,0.7475470015037208,0.6497911541196484,1976,127.48387096774192,1.237836727243819,0.9978727079690749
many_moving,0.5,94,5443,347.4255319148936,0.669876066970513,0.5993848470657843,2015,128.61702127659575,1.1779675320012968,0.9841480951881346
many_moving,0.5,95,5501,347.43157894736845,0.6937868085102668,0.5809997175228474,2058,129.97894736842107,1.1061247804541914,0.982198699151326
many_moving,0.5,96,5559,347.43749999999994,0.5644827669100535,0.4886642436321239,2105,131.5625,1.0017535430045867,0.8393175618982582
many_moving,0.5,97,5620,347.62886597938143,0.43102757634351785,0.3665251388709327,2147,132.8041237113402,0.5829604803348165,0.4914049982968283
many_moving,0.5,98,5683,347.93877551020404,0.5982197832842285,0.5459031129538264,2191,134.14285714285714,0.6900684538274237,0.6215511021984012
many_moving,0.5,99,5745,348.1818181818182,0.7396021343632351,0.6202813373855528,2236,135.51515151515153,0.8155716208262457,0.6741524598659924
many_moving,0.5,100,5805,348.3,0.6805726531923795,0.6172926425264946,2279,136.74,0.8054109704926582,0.6755027660035142
many_moving,0.5,101,5863,348.2970297029703,0.7790791913977851,0.7149443281912684,2318,137.7029702970297,0.9609085255967158,0.8382533383282954
many_moving,0.5,102,5919,348.1764705882353,0.8989752724007469,0.828650642880624,2356,138.58823529411765,1.119305373995817,1.0185976924263649
many_moving,0.5,103,5972,347.8834951456311,1.1490889698440099,1.0193345798662115,2393,139.3980582524272,1.204356745318492,1.0757225023813755
many_moving,0.5,104,6023,347.48076923076917,1.226072673835357,1.02805002113746,2425,139.90384615384616,1.1290408865422559,0.9765819177652663
many_moving,0.5,105,6079,347.37142857142857,1.1614996360752408,1.0221710988030774,2463,140.74285714285716,1.2447087324789448,1.0636897747282483
many_moving,0.5,106,6137,347.37735849056605,1.182105095534245,1.0167224425904093,2502,141.62264150943395,1.6537762642402813,1.5238745087967662
many_moving,0.5,107,6199,347.607476635514,0.9174275438004666,0.8198948179915071,2545,142.71028037383178,1.5061707659249646,1.3170067695429313
many_moving,0.5,108,6262,347.8888888888889,0.6784094924525486,0.5965449088532165,2587,143.7222222222222,1.3400980514259013,1.1766004096292055
many_moving,0.5,109,6324,348.11009174311926,0.6137610092768264,0.5506707526884288,2630,144.77064220183487,1.1562300722413643,0.9488041148034393
many_moving,0.5,110,6385,348.2727272727273,0.5492777433002539,0.4745627664224693,2673,145.8,1.1287468612210416,0.9643901965483451
many_moving,0.5,111,6445,348.3783783783784,0.7745969798192363,0.6703051606755529,2718,146.9189189189189,1.125132696728587,0.9720095552075267
many_moving,0.5,112,6506,348.5357142857143,0.8050642380244212,0.7608335236388695,2761,147.9107142857143,0.7518047784740137,0.6534928793965725
many_moving,0.5,113,6565,348.5840707964602,0.8529261984316351,0.807177151952156,2803,148.83185840707966,0.7842192847853332,0.7546833480640529
many_moving,0.5,114,6624,348.63157894736844,0.9057728389376523,0.8436381606557675,2844,149.68421052631578,0.8595166877509475,0.7554771455655114
many_moving,0.5,115,6683,348.6782608695652,0.8501279590928631,0.7898500451596793,2887,150.62608695652173,0.8615361615387971,0.782662775626162
many_moving,0.5,116,6744,348.8275862068965,1.1192694794687077,0.9785879923150536,2929,151.5,0.9744614743816096,0.8815052052026651
many_moving,0.5,117,6802,348.8205128205129,1.00580300377891,0.7991761737127718,2972,152.4102564102564,0.94035245496558,0.8433432514335879
many_moving,0.5,118,6863,348.96610169491527,1.0616658416420426,0.9416128016002284,3013,153.20338983050848,0.9868120780233991,0.8741632120833767
many_moving,0.5,119,6915,348.65546218487395,1.166095952632524,0.9868660825957425,3053,153.9327731092437,1.109668181893181,0.94276315739431
many_moving,0.5,120,6972,348.6,0.8014036454637018,0.698125404297321,3095,154.75,1.0756600346160652,0.9370157654224249
many_moving,0.5,121,7028,348.495867768595,0.40152375277434105,0.3724286880344928,3118,154.61157024793388,0.9095091335105056,0.7140043553148675
many_moving,0.5,122,7083,348.344262295082,0.3692631183540907,0.3381888706126346,3124,153.63934426229508,0.7703529710506196,0.6082362999536478
many_moving,0.5,123,7141,348.3414634146342,0.39744926754696486,0.3382658863234149,3129,152.6341463414634,0.7768428975495764,0.6367138316782317
many_moving,0.5,124,7195,348.14516129032256,0.4134189822965369,0.3857385202709167,3134,151.64516129032256,0.7352697736982344,0.6337804203789512
many_moving,0.5,125,7252,348.096,0.24767802908642964,0.20862175375707406,3141,150.768,0.7115914253999751,0.5616486291842392
many_moving,0.5,126,7306,347.9047619047619,0.447448474357851,0.3937745340939527,3148,149.9047619047619,0.7311410553696893,0.5587444401899815
many_moving,0.5,127,7362,347.8110236220473,0.22479593516034319,0.2031039242404613,3153,148.96062992125985,0.6925385099696261,0.5464197107418494
many_moving,0.5,128,7421,347.859375,0.2757531750296259,0.25385512955824374,3154,147.84375,0.7673904840860755,0.5575501918556024
many_moving,0.5,129,7478,347.8139534883721,0.2172084909855284,0.1867095416623751,3154,146.69767441860463,0.7941298230627934,0.5733377152642922
many_moving,0.5,130,7534,347.7230769230769,0.2185694313899063,0.16684489683824477,3156,145.66153846153847,0.7912469979069128,0.5675070558474292
many_moving,0.5,131,7591,347.67938931297715,0.32237754610661573,0.26530311190407185,3156,144.5496183206107,0.7918328721007266,0.5685240230187982
many_moving,0.5,132,7649,347.68181818181813,0.32516248637260875,0.30952975447014874,3156,143.45454545454547,0.7919964854814577,0.5688562647824191
many_moving,0.5,133,7706,347.63909774436087,0.3757423990055939,0.2907842941394086,3156,142.37593984962407,0.7920310634694169,0.5689279804547529
many_moving,0.5,134,7761,347.5074626865672,0.24973828338750398,0.22687267056989047,3162,141.58208955223878,0.4956793406417678,0.38907980249807905
many_moving,0.5,135,7816,347.3777777777778,0.40292664094460745,0.3811196670279506,3173,141.02222222222224,0.44997048942707324,0.35559688629993175
many_moving,0.5,136,7875,347.4264705882353,0.32938172893885836,0.2804874514444056,3185,140.51470588235296,0.47725092713722894,0.40836488736243276
many_moving,0.5,137,7930,347.2992700729927,0.41029775008817954,0.32576178144423773,3191,139.75182481751827,0.3802832338607962,0.33648143122275803
many_moving,0.5,138,7985,347.1739130434783,0.18361823147147774,0.165651407719646,3207,139.43478260869566,0.4047496087728269,0.37523958280597086
many_moving,0.5,139,8039,347.00719424460425,0.33851128218810606,0.2778317876046161,3231,139.46762589928056,0.5043802010485754,0.42359144314059827
many_moving,0.5,140,8095,346.9285714285714,0.42870250998557635,0.3709078290932915,3255,139.5,0.5266524126483789,0.4167608251869377
many_moving,0.5,141,8150,346.80851063829783,0.23257493908726243,0.2199530365379278,3277,139.44680851063828,0.31306576350752574,0.297527374442947
many_moving,0.5,142,8207,346.77464788732397,0.43092303708885826,0.36148888831618936,3314,140.02816901408448,0.3066165397173792,0.28039079148550283
many_moving,0.5,143,8264,346.7412587412587,0.3378613528558326,0.2738955539424066,3348,140.47552447552448,0.35871596098116404,0.30859085159820476
many_moving,0.5,144,8322,346.75000000000006,0.34309409206829045,0.3055374813539724,3372,140.5,0.5167237618733193,0.43166078244815825
many_moving,0.5,145,8376,346.5931034482759,0.42257749628767793,0.3944341031434381,3385,140.0689655172414,0.5417801899684386,0.45830091846459414
many_moving,0.5,146,8432,346.5205479452055,0.18692159760752486,0.16792068370064525,3398,139.64383561643837,0.525523914023963,0.4068840032655032
many_moving,0.5,147,8486,346.3673469387755,0.33917767177094904,0.3074351632590371,3412,139.26530612244898,0.5429383173320882,0.4364196293974133
many_moving,0.5,148,8542,346.2972972972973,0.30853613686387,0.2936207923489442,3426,138.8918918918919,0.580209569304154,0.5185005963519287
many_moving,0.5,149,8601,346.3489932885906,0.43970182671057123,0.37475174122968335,3429,138.08053691275165,0.5529756045618418,0.43763041574034767
many_moving,0.5,150,8658,346.32,0.41444846908552324,0.35462145919423205,3431,137.24,0.5562571225628179,0.451179816793718
many_moving,0.5,151,8715,346.2913907284768,0.23783803326672978,0.22115559948102673,3433,136.41059602649008,0.581934986889936,0.4970333244351177
many_moving,0.5,152,8768,346.10526315789474,0.263165278452805,0.22777254660996027,3433,135.51315789473685,0.5939900364123349,0.5160592637020408
many_moving,0.5,153,8823,346,0.40977969365942013,0.36251158871309574,3433,134.62745098039218,0.5966518848569219,0.520084369774565
many_moving,0.5,154,8882,346.05194805194805,0.40554011911856774,0.37010329019955013,3435,133.8311688311688,0.5971940287029381,0.5208967008476226
many_moving,0.5,155,8940,346.06451612903226,0.36539887087211953,0.30023619034545185,3435,132.96774193548387,0.5973028463157088,0.5210594502600794
many_moving,0.5,156,8997,346.03846153846155,0.339464103225129,0.281559578307931,3435,132.1153846153846,0.5973246253749578,0.5210920114002876
many_moving,0.5,157,9053,345.9745222929936,0.25850841388731494,0.2147340422548697,3437,131.35031847133757,0.5973289818081396,0.5210985240780825
many_moving,0.5,158,9110,345.9493670886076,0.49586909125181977,0.4112138807430929,3441,130.67088607594937,0.5727431706771972,0.4766911348846679
many_moving,0.5,159,9166,345.8867924528302,0.5967963030650607,0.45654551908200613,3448,130.11320754716982,0.5756921858659182,0.5148854605116515
many_moving,0.5,160,9223,345.8625,0.38299031774998527,0.3498737690074343,3448,129.3,0.581829258628233,0.526397378654814
many_moving,0.5,161,9280,345.8385093167702,0.4603739004255188,0.38971868375583163,3448,128.4968944099379,0.5832694003273895,0.528808892073955
many_moving,0.5,162,9337,345.8148148148148,0.31147767541305904,0.29128026474538626,3448,127.7037037037037,0.5835658158666469,0.5292955251905156
many_moving,0.5,163,9392,345.7177914110429,0.3628453346250082,0.3186821443693036,3452,127.06748466257667,0.5261919090118806,0.4475951982468829
many_moving,0.5,164,9448,345.6585365853658,0.25404594196347086,0.23734805430100903,3453,126.32926829268293,0.5043231480091429,0.4109936578344251
many_moving,0.5,165,9501,345.4909090909091,0.3100591634861867,0.27195644206117875,3455,125.63636363636364,0.5104872832787309,0.42558011671176527
many_moving,0.5,166,9557,345.43373493975906,0.36527630526393634,0.34263870806281926,3457,124.95180722891565,0.5356289673839515,0.46560957026763083
many_moving,0.5,167,9615,345.4491017964072,0.23524057499973455,0.21558653141021666,3457,124.20359281437126,0.554432458612281,0.4875460712816835
many_moving,0.5,168,9672,345.42857142857144,0.39051039507390695,0.35546731822221017,3457,123.46428571428572,0.5586595039374493,0.4922716076756289
many_moving,0.5,169,9730,345.44378698224847,0.3681632124792706,0.32062329769174513,3459,122.80473372781063,0.5595227088539958,0.49322862414207325
many_moving,0.5,170,9784,345.3176470588235,0.18288806313742859,0.15649070141068114,3466,122.32941176470588,0.5768209473566572,0.5233138136179677
many_moving,0.5,171,9842,345.3333333333333,0.3988165748220912,0.3418641791054252,3472,121.82456140350877,0.5455805745169816,0.48032337158857163
many_moving,0.5,172,9900,345.3488372093023,0.3147629006810487,0.27471726295916776,3481,121.43023255813954,0.528529727290867,0.4457400801654506
many_moving,0.5,173,9958,345.36416184971097,0.25622207031983363,0.2344037264601707,3492,121.10982658959537,0.3240864236300352,0.3141580007597671
many_moving,0.5,174,10017,345.4137931034483,0.3956660532748741,0.3583878254538506,3503,120.79310344827587,0.35791414606025457,0.3423539254510105
many_moving,0.5,175,10074,345.39428571428573,0.26457739660444435,0.23950642896466837,3508,120.27428571428572,0.34502194295979705,0.32855184161767625
many_moving,0.5,176,10131,345.37500000000006,0.35427649499492536,0.2884148121230256,3515,119.82954545454547,0.3056594245803964,0.2846038559605599
many_moving,0.5,177,10187,345.32203389830505,0.2795668530543243,0.24590155236385958,3515,119.15254237288134,0.2962458650511959,0.2708139853131911
many_moving,0.5,178,10240,345.1685393258427,0.32578837674348154,0.2709272482518149,3519,118.61797752808988,0.25399156631349734,0.218940445770671
many_moving,0.5,179,10296,345.11731843575416,0.4175825898015899,0.3924854560910915,3523,118.08938547486034,0.28383273285919663,0.24948113726891533
many_moving,0.5,180,10350,345,0.3917270110378774,0.3054211512973774,3536,117.86666666666667,0.2846959504438693,0.2565688457189137
many_moving,0.5,181,10409,345.04972375690613,0.45272733731723774,0.37083325988010757,3550,117.67955801104972,0.3451831101098583,0.29162671797928663
many_moving,0.5,182,10464,344.967032967033,0.4093204914718166,0.3334545878036892,3563,117.46153846153847,0.20595143921328382,0.1892974269235814
many_moving,0.5,183,10522,344.9836065573771,0.29923817645064094,0.2759518558562462,3575,117.21311475409837,0.2732016291328204,0.24066497691018401
many_moving,0.5,184,10579,344.9673913043478,0.48609969774596384,0.38074477157379466,3588,117,0.3412107501306398,0.311886554297811
many_moving,0.5,185,10632,344.8216216216216,0.3427878169801229,0.32156604784950105,3600,116.75675675675676,0.38562774942898365,0.33177469772737045
many_moving,0.5,186,10690,344.83870967741933,0.37571354763541975,0.3167735270836919,3609,116.41935483870967,0.23281799456108027,0.20599453428125483
many_moving,0.5,187,10745,344.75935828877004,0.33003552942392866,0.26484066730256717,3610,115.8288770053476,0.33454753887016403,0.307418032591982
many_moving,0.5,188,10802,344.74468085106383,0.24203861428799145,0.22360408722871916,3614,115.34042553191489,0.3445525258591917,0.3158678133832256
many_moving,0.5,189,10858,344.6984126984127,0.4316220382300691,0.39336594321759566,3618,114.85714285714286,0.3528381158161573,0.32177835412047184
many_moving,0.5,190,10914,344.6526315789474,0.37707168355481074,0.32656190780280675,3618,114.25263157894737,0.3577492805331791,0.32746567506627716
many_moving,0.5,191,10969,344.57591623036654,0.32606700605898453,0.2876062531118753,3621,113.74869109947646,0.3508933186199744,0.31583894276107194
many_moving,0.5,192,11025,344.53125,0.22568711172193828,0.21711517875462338,3621,113.15625,0.3501313584950392,0.31372522089945876
many_moving,0.5,193,11081,344.4870466321243,0.17769807772912075,0.15193894590422255,3623,112.6321243523316,0.3548900815306716,0.3185284549736475
many_moving,0.5,194,11137,344.44329896907215,0.29272315667395943,0.25994774509694335,3624,112.08247422680411,0.355982756028318,0.3195443265801185
many_moving,0.5,195,11194,344.4307692307693,0.272430411427124,0.25545466335101913,3626,111.56923076923077,0.36320056004151063,0.33409018080886205
many_moving,0.5,196,11248,344.3265306122449,0.37717425187485004,0.322477924971368,3628,111.06122448979592,0.28079389502360586,0.26344661019995164
many_moving,0.5,197,11302,344.22335025380715,0.34255936947645954,0.29866782854394036,3628,110.49746192893402,0.2869443942777566,0.2670496145587685
many_moving,0.5,198,11359,344.21212121212125,0.3467299219103748,0.3139844650944829,3628,109.93939393939395,0.2891413412719029,0.2701279939526173
many_moving,0.5,199,11415,344.17085427135675,0.2523873842713876,0.21251928808330656,3633,109.53768844221105,0.28946833340175965,0.2705446449924814
many_moving,0.5,200,11472,344.16,0.3620367536764846,0.3135246023649991,3644,109.32,0.24085476490886426,0.2243607851786491
many_moving,0.5,201,11528,344.1194029850746,0.5243503752510242,0.38840366616401945,3652,109.01492537313432,0.31906375810233384,0.27570373235166545
many_moving,0.5,202,11584,344.0792079207921,0.23866124926371726,0.21389761093985551,3660,108.7128712871287,0.3740288579413669,0.27934349366433714
many_moving,0.5,203,11637,343.95073891625617,0.30202223724387783,0.27272056474411094,3672,108.5320197044335,0.39606862086837175,0.31019228353324624
many_moving,0.5,204,11694,343.9411764705883,0.33203821059881977,0.2922460247444471,3684,108.35294117647058,0.44321357938107253,0.3792730923081411
many_moving,0.5,205,11749,343.8731707317074,0.4570246680091669,0.40985742499209277,3692,108.05853658536586,0.4082349462545092,0.31357435067737716
many_moving,0.5,206,11805,343.8349514563107,0.35593392212693253,0.3249530543447178,3702,107.8252427184466,0.4571359486466241,0.4011372819058684
many_moving,0.5,207,11862,343.82608695652175,0.33964714967668275,0.3014362308630672,3710,107.53623188405797,0.4153360004778904,0.3413798419819553
many_moving,0.5,208,11919,343.8173076923077,0.38311721832404544,0.34955495930196917,3717,107.22115384615384,0.3923685049351084,0.29517495199623844
many_moving,0.5,209,11976,343.8086124401914,0.3351192723569778,0.2959966225938707,3721,106.82296650717704,0.42127178977922397,0.3269835056302004
many_moving,0.5,210,12032,343.7714285714286,0.32557037878700945,0.3038938669625618,3727,106.48571428571428,0.21911003378568777,0.19239787657930346
many_moving,0.5,211,12089,343.7630331753555,0.25699005341924036,0.2354882700858481,3733,106.15165876777252,0.40761050646573893,0.33445066238699855
many_moving,0.5,212,12145,343.72641509433964,0.2630651233717663,0.24049664857402112,3737,105.76415094339623,0.3740167853857184,0.31067552044862645
many_moving,0.5,213,12202,343.71830985915494,0.33028657139923273,0.30603696666579744,3742,105.40845070422536,0.23333307977216633,0.20741421843274346
many_moving,0.5,214,12259,343.7102803738318,0.13553450868523875,0.11450969995311569,3749,105.11214953271026,0.3125411359948282,0.28010647403000644
many_moving,0.5,215,12314,343.646511627907,0.3893462810194022,0.34739396786967525,3754,104.7627906976744,0.23677055680306178,0.2126754273220292
many_moving,0.5,216,12369,343.58333333333337,0.36512299248269303,0.34231182028211404,3758,104.38888888888889,0.27514389045882764,0.24926593039970749
many_moving,0.5,217,12425,343.5483870967742,0.3581590988359333,0.2962952377842277,3758,103.90783410138249,0.33901137998837616,0.30745520375005325
many_moving,0.5,218,12478,343.43119266055044,0.31046136207985736,0.2926870306314949,3762,103.54128440366972,0.2989141301643066,0.24420406967338146
many_moving,0.5,219,12533,343.36986301369865,0.4129444693517534,0.3599337157479756,3766,103.17808219178083,0.31206873058015283,0.2656452692854929
many_moving,0.5,220,12589,343.33636363636367,0.2990969322796688,0.2503117860336627,3766,102.70909090909092,0.31790978295969374,0.2747583032825814
many_moving,0.5,221,12646,343.33031674208144,0.4237032702121589,0.34667020296213397,3768,102.29864253393666,0.29504602464185425,0.2517962912020334
many_moving,0.5,222,12703,343.3243243243243,0.39303301622648373,0.3351932533453721,3776,102.05405405405405,0.34278140763514137,0.29335809407961544
many_moving,0.5,223,12761,343.3452914798206,0.33531496879424855,0.29405595704021004,3784,101.8116591928251,0.36093917980866097,0.30849186935959705
many_moving,0.5,224,12818,343.3392857142857,0.258424851184011,0.24236761400857335,3791,101.54464285714286,0.3282574290304917,0.23661004785575449
many_moving,0.5,225,12874,343.3066666666667,0.24668871426113642,0.19703507880041887,3799,101.30666666666666,0.29332668148015784,0.2327914384750342
many_moving,0.5,226,12928,343.2212389380531,0.23341291576416756,0.22006114250867664,3806,101.04424778761063,0.3875705393180181,0.3222581613071472
many_moving,0.5,227,12984,343.18942731277536,0.2221007335236131,0.21033779420482052,3812,100.75770925110132,0.31816058311686396,0.2695719003068273
many_moving,0.5,228,13036,343.05263157894734,0.3025611582168144,0.2697881668418385,3818,100.47368421052633,0.38177113795831846,0.3277355964634054
many_moving,0.5,229,13093,343.04803493449776,0.30255545066566664,0.28803078612102184,3835,100.48034934497817,0.3271121999327009,0.27821394848280967
many_moving,0.5,230,13151,343.06956521739124,0.3041255679635285,0.2511192903809346,3854,100.53913043478259,0.2240486481567532,0.2030551224879663
many_moving,0.5,231,13208,343.06493506493507,0.5105010408617077,0.41017378401683846,3869,100.49350649350649,0.32611555932579295,0.2910783631230849
many_moving,0.5,232,13263,343.0086206896552,0.20419374883241784,0.1664336085529966,3884,100.44827586206895,0.3267293680176148,0.3030416100206052
many_moving,0.5,233,13319,342.9785407725322,0.2864156996187095,0.261822350829143,3901,100.4549356223176,0.32043038486050923,0.27914367469792417
many_moving,0.5,234,13375,342.94871794871796,0.24741187827242392,0.2295408590310902,3917,100.43589743589743,0.3448842143483277,0.27513045014539067
many_moving,0.5,235,13431,342.9191489361702,0.36161007487600827,0.32698708931941206,3933,100.41702127659575,0.20697910104850026,0.17242780504063646
many_moving,0.5,236,13485,342.8389830508475,0.316990615337261,0.2799552116293744,3941,100.1949152542373,0.2597011192834566,0.20882736942151026
many_moving,0.5,237,13542,342.8354430379747,0.3234066391808425,0.28879666431554424,3943,99.82278481012658,0.2775536188538595,0.22368378026260746
many_moving,0.5,238,13596,342.75630252100837,0.3178850368056285,0.2764770489725562,3945,99.45378151260503,0.17840031389789046,0.15976407172456736
many_moving,0.5,239,13649,342.652719665272,0.265251237444739,0.2349165016919611,3946,99.06276150627616,0.18601353469811027,0.1630478336891696
many_moving,0.5,240,13707,342.675,0.4384731411111575,0.4114791363050987,3946,98.65,0.18875600048507152,0.1640856094754165
many_moving,0.5,241,13762,342.62240663900417,0.5364681504757299,0.42785694674842834,3975,98.96265560165975,0.6000596700894002,0.4741059458097092
many_moving,0.5,242,13819,342.6198347107438,0.7153132810097697,0.6470800007110574,4015,99.54545454545455,0.6687774720677029,0.6110309498183971
many_moving,0.5,243,13874,342.56790123456796,0.7422441220751458,0.6690167980287592,4053,100.07407407407408,0.7530382556213122,0.7006425389579642
many_moving,0.5,244,13931,342.5655737704918,0.7007606591250091,0.5701796259861961,4093,100.64754098360656,0.7338222415739298,0.6348137342568546
many_moving,0.5,245,13986,342.51428571428573,0.5482290058753672,0.4420367204727153,4132,101.19183673469388,0.6847408495116655,0.6067065409800654
many_moving,0.5,246,14038,342.39024390243907,0.5992351842084189,0.511628055103598,4168,101.65853658536587,0.6596777951566531,0.6064823054786012
many_moving,0.5,247,14090,342.2672064777328,0.6019281895633248,0.5457924160435653,4204,102.12145748987855,0.7232410668325546,0.6862513956796712
many_moving,0.5,248,14140,342.09677419354836,1.0053245681241305,0.9268435605341082,4243,102.6532258064516,0.7630855394007747,0.6725430890649509
many_moving,0.5,249,14194,342.0240963855422,0.9886895709127995,0.7501212979478734,4281,103.1566265060241,1.0897704155597996,0.899516929154075
many_moving,0.5,250,14248,341.95199999999994,0.9388059202241386,0.7773774573190464,4319,103.65599999999999,0.783565593197613,0.7095607893199192
many_moving,0.5,251,14302,341.8804780876494,0.906886271051783,0.7179870447271712,4362,104.27091633466135,0.6813382299708087,0.6055882721830977
many_moving,0.5,252,14360,341.90476190476187,0.6773611184837486,0.5873160507020307,4409,104.97619047619047,0.8660759061810803,0.8132787770810266
many_moving,0.5,253,14424,342.0711462450593,0.8909689176382093,0.7487446414063961,4457,105.699604743083,0.7757640148521149,0.6679255461511822
many_moving,0.5,254,14485,342.1653543307087,1.0148806409856497,0.7497531078515591,4496,106.20472440944883,0.6985689867114693,0.5892263066183905
many_moving,0.5,255,14545,342.2352941176471,0.780526212707344,0.6973781922135571,4535,106.70588235294117,0.830885924709541,0.6808463160195088
many_moving,0.5,256,14605,342.3046875,0.7041703593662016,0.6034434799803147,4574,107.203125,0.876929531159922,0.7626377905100789
many_moving,0.5,257,14661,342.2801556420233,0.793793009311575,0.6757386653333594,4613,107.69649805447472,1.0882436328608485,0.8815833828302095
many_moving,0.5,258,14716,342.2325581395349,1.1243758078884323,0.8680197604288589,4647,108.06976744186046,1.1545316383058626,1.036592711364075
many_moving,0.5,259,14768,342.11583011583014,1.1028911315042986,0.9989368060349516,4681,108.44015444015446,1.287216478093839,1.1696558614820964
many_moving,0.5,260,14822,342.04615384615386,1.1722005683603407,1.0070931015332278,4720,108.92307692307693,1.3520595790487024,1.2273642067537152
many_moving,0.5,261,14872,341.8850574712644,1.1482039382099305,0.9818323668179199,4758,109.3793103448276,1.3060030627505954,1.1935415291755505
many_moving,0.5,262,14926,341.8167938931298,0.9880242357798595,0.9199396356512151,4796,109.8320610687023,1.3772336910555745,1.24275768668308
many_moving,0.5,263,14976,341.657794676806,1.132241476738112,0.8687434120066875,4835,110.3041825095057,1.5946644495934246,1.4255888341506078
many_moving,0.5,264,15029,341.5681818181818,1.201500217049925,1.0748377809980438,4874,110.77272727272725,1.4210192038503155,1.271479915357277
many_moving,0.5,265,15086,341.5698113207547,1.2329561779038651,1.1022868129210903,4912,111.21509433962264,1.3228856701712415,1.1735499283352067
many_moving,0.5,266,15144,341.593984962406,0.6697372591289315,0.5650435837026573,4954,111.74436090225562,1.0966246401846695,0.9961263966353957
many_moving,0.5,267,15203,341.6404494382022,0.7099662341145566,0.6163577695578969,4991,112.15730337078652,0.7845398334685787,0.685018654709479
many_moving,0.5,268,15258,341.5970149253731,0.7803433272856811,0.6848436255781011,5035,112.72388059701493,0.9070841773975288,0.8477339245161517
many_moving,0.5,269,15316,341.6208178438661,0.7925616570681918,0.6696824617516169,5074,113.17472118959107,0.8903265205123507,0.8089438846274642
many_moving,0.5,270,15374,341.64444444444445,1.1921400530700061,0.9776829791222628,5112,113.6,0.9027806885790575,0.7852956049955087
many_moving,0.5,271,15428,341.5793357933579,1.0921016548066933,0.9989138638530166,5148,113.97785977859778,0.9298049257830096,0.7930819326376327
many_moving,0.5,272,15486,341.60294117647055,1.2561900566400308,1.1015727482698607,5187,114.41911764705884,0.9210491646848282,0.7958018977556531
many_moving,0.5,273,15537,341.4725274725275,1.4657777119046576,1.184691806623561,5227,114.87912087912089,0.9163728099656054,0.8211504179034158
many_moving,0.5,274,15596,341.51824817518246,1.3961828968313539,1.2054765312054,5267,115.33576642335768,0.8394143945631103,0.747801376980801
many_moving,0.5,275,15653,341.52000000000004,1.5251737719350493,1.1246513250477617,5307,115.78909090909093,0.9094595141091641,0.7799753762273256
many_moving,0.5,276,15708,341.47826086956525,0.5256995181319986,0.469809723662009,5344,116.17391304347827,1.056681710593289,0.8996111357603537
many_moving,0.5,277,15764,341.4584837545127,0.628884739319733,0.5392398105774858,5384,116.62093862815885,0.9695198785174753,0.8786061790435842
many_moving,0.5,278,15817,341.37410071942446,0.5564003594189106,0.5216619333889501,5422,117.02158273381295,0.8592779121978411,0.7147471835961337
many_moving,0.5,279,15871,341.3118279569892,0.5327847876792312,0.4725127026305165,5458,117.37634408602149,0.9260406619883368,0.8330050668039419
many_moving,0.5,280,15925,341.25,1.0955080420507959,0.9076652052205784,5494,117.72857142857141,1.1926658637663434,1.0645644940739474
many_moving,0.5,281,15976,341.12455516014234,0.7327789313569846,0.6601091456731574,5531,118.09964412811388,0.9712824861657317,0.8735488239065266
many_moving,0.5,282,16031,341.08510638297867,0.9216341298731698,0.7887344427906603,5570,118.51063829787233,0.7770176562796447,0.6703684628450177
many_moving,0.5,283,16091,341.1519434628975,0.8087776925855827,0.7095357934615206,5615,119.04593639575971,0.8147615440090957,0.7724525637391935
many_moving,0.5,284,16153,341.26056338028167,0.7957762041407254,0.671625429300012,5655,119.47183098591549,0.6713037224656405,0.6282047013373132
many_moving,0.5,285,16211,341.28421052631575,0.815150251163115,0.6238954909334428,5696,119.91578947368421,0.6449706407938977,0.5855863145177193
many_moving,0.5,286,16271,341.34965034965035,0.8187482755239512,0.7411162534236108,5736,120.33566433566435,0.7298192028949079,0.6022377754598267
many_moving,0.5,287,16326,341.3101045296167,0.8498751829720942,0.7822450301993944,5773,120.68989547038326,0.9560892081742636,0.8043284696965587
many_moving,0.5,288,16380,341.25,0.9775776444863308,0.8134208012393319,5810,121.04166666666667,1.0530919223601622,0.8981283696464801
many_moving,0.5,289,16432,341.14878892733566,1.126600231075382,0.9178517843272465,5846,121.37024221453288,1.1311266040560002,0.9818265975209165
many_moving,0.5,290,16487,341.11034482758623,1.2833215817309744,1.0896155721684333,5883,121.71724137931034,1.2105446125718873,1.0248648118003667
many_moving,0.5,291,16540,341.03092783505156,1.2848646259324146,1.1118252463132763,5919,122.04123711340206,1.1231946677034625,0.9277412397974711
many_moving,0.5,292,16591,340.9109589041096,1.1812543583168478,1.0084565440605116,5957,122.40410958904111,1.2188207769283694,1.0792678546897068
many_moving,0.5,293,16647,340.8941979522184,0.8458955899618714,0.6787647946379551,5995,122.76450511945391,1.2865134169302765,1.1021259999528907
many_moving,0.5,294,16702,340.85714285714283,0.9769267710240804,0.7874005281302434,6032,123.10204081632654,1.2934411184343837,1.0955658542291133
many_moving,0.5,295,16756,340.79999999999995,1.1505223071436215,0.8961946187556104,6069,123.4372881355932,1.5031574658151965,1.3373139193048533
many_moving,0.5,296,16812,340.7837837837838,1.263791060234613,1.1080118206925305,6105,123.75,1.6652255654092487,1.5151841581285623
many_moving,0.5,297,16870,340.8080808080808,0.8939828878747974,0.7632021211950581,6145,124.14141414141413,1.4468953802412834,1.2143197895185553
many_moving,0.5,298,16931,340.8926174496644,0.891177980499313,0.8084833221244923,6186,124.5503355704698,1.0461654582294022,0.9334594054587804
many_moving,0.5,299,16990,340.9364548494983,0.6905618502140083,0.485585557798604,6225,124.91638795986621,0.923238516962636,0.8339824677799592
many_moving,0.5,300,17049,340.98,0.8349687033589802,0.7034403313005183,6264,125.28,0.7704985082861628,0.7002971061316926
many_moving,0.5,301,17106,340.98338870431894,0.491712144233458,0.38567684500302823,6281,125.20265780730898,0.6503413213642789,0.5412815201772132
many_moving,0.5,302,17163,340.9867549668874,0.4646665922785832,0.38215029620729685,6281,124.78807947019868,0.6494844830753725,0.5341217640770495
many_moving,0.5,303,17222,341.029702970297,0.5114087102300293,0.39486549374041957,6281,124.37623762376238,0.6503298171248908,0.5339282531564934
many_moving,0.5,304,17282,341.0921052631579,0.41190984264087604,0.3794141593710408,6281,123.9671052631579,0.6505393838122497,0.5339513349164758
many_moving,0.5,305,17342,341.1540983606558,0.49877262457365745,0.4379949191160103,6283,123.6,0.6505829141743001,0.5339584737775029
many_moving,0.5,306,17403,341.2352941176471,0.28166919639016513,0.26280351803426916,6283,123.19607843137256,0.5151025378543386,0.4511324063272689
many_moving,0.5,307,17461,341.257328990228,0.36024126470802437,0.3028567685120211,6283,122.79478827361564,0.5120617749857521,0.4490439301095461
many_moving,0.5,308,17518,341.2597402597402,0.5437777263085106,0.4747055472930771,6286,122.45454545454545,0.5615380959596749,0.4853716962576929
many_moving,0.5,309,17575,341.26213592233006,0.3099085074452779,0.27461859220702045,6286,122.05825242718446,0.5725612702382631,0.4928750341369774
many_moving,0.5,310,17632,341.26451612903224,0.37206413880677225,0.3273301077635586,6286,121.66451612903225,0.5748057812612836,0.4943848212452364
many_moving,0.5,311,17689,341.2668810289389,0.35759869605461425,0.3404097895654998,6286,121.27331189710611,0.5752562394398942,0.49468714137434244
many_moving,0.5,312,17749,341.3269230769231,0.466120093229162,0.4219314266737431,6286,120.88461538461539,0.5753463930067886,0.4947476198928693
many_moving,0.5,313,17802,341.2523961661342,0.2881574646195228,0.25461971640754455,6290,120.57507987220447,0.5814410572219468,0.508277133865225
many_moving,0.5,314,17857,341.21656050955414,0.3581369123594469,0.329051948608433,6290,120.19108280254777,0.5420506645914528,0.48075759242882576
many_moving,0.5,315,17916,341.25714285714287,0.5112186850886629,0.3859566686254319,6296,119.92380952380952,0.5578708499946441,0.5094343595373879
many_moving,0.5,316,17975,341.2974683544304,0.31867970011974805,0.2675103249142451,6303,119.67721518987341,0.5520863685864879,0.4943181899699911
many_moving,0.5,317,18035,341.35646687697164,0.3338251477285871,0.3111404135075101,6303,119.29968454258675,0.560585559415557,0.5043797144844296
many_moving,0.5,318,18089,341.3018867924529,0.3408799893855272,0.32850686166166093,6303,118.92452830188678,0.5626524645892729,0.5070218918320979
many_moving,0.5,319,18147,341.3228840125392,0.24382631821495185,0.21746100992908496,6308,118.64576802507837,0.5726484659810048,0.5117167871664938
many_moving,0.5,320,18203,341.30625000000003,0.24714155374186356,0.23484021331250263,6321,118.51875000000001,0.5432997985353115,0.47648506025458587
many_moving,0.5,321,18259,341.2897196261683,0.4371998493540135,0.31999859232766686,6340,118.50467289719627,0.5278437091734475,0.4567844214920786
many_moving,0.5,322,18317,341.31055900621124,0.31221852424678265,0.3017638168184338,6366,118.62111801242237,0.5406488006516931,0.47491331009041493
many_moving,0.5,323,18374,341.312693498452,0.37932558609675765,0.3123841663605873,6405,118.9783281733746,0.49483346409655354,0.4354906500912367
many_moving,0.5,324,18434,341.3703703703704,0.4503321372778558,0.34572618597940463,6442,119.29629629629629,0.481024935162457,0.4031784994901998
many_moving,0.5,325,18491,341.37230769230763,0.3279549688746531,0.28418960080100586,6476,119.55692307692307,0.5201792656125037,0.46782445733672784
many_moving,0.5,326,18549,341.39263803680984,0.39178851855489866,0.352126771217766,6499,119.61349693251533,0.48139684192123366,0.40782825230847797
many_moving,0.5,327,18607,341.41284403669727,0.22103904712342462,0.18011877960927952,6515,119.54128440366972,0.43316440733649186,0.32806861150262756
many_moving,0.5,328,18661,341.35975609756093,0.3385915514480282,0.2930820601683566,6535,119.54268292682927,0.4528323746501119,0.3730437818603304
many_moving,0.5,329,18720,341.39817629179333,0.34302281046297656,0.30655000409138444,6543,119.32522796352583,0.484564867697072,0.42083628482597435
many_moving,0.5,330,18776,341.3818181818182,0.28346125444979436,0.2488663014055681,6544,118.98181818181818,0.39525170125661485,0.3713541022721713
many_moving,0.5,331,18836,341.4380664652568,0.34415199433821647,0.3022843740742485,6545,118.6404833836858,0.3826027600114006,0.36249168161283757
many_moving,0.5,332,18894,341.45783132530124,0.27291424200828024,0.23677731094387414,6545,118.28313253012048,0.38033280699190475,0.36076738891356214
many_moving,0.5,333,18952,341.4774774774775,0.2889339395225206,0.21605216659278081,6545,117.92792792792793,0.37988962187966485,0.3604246028853642
many_moving,0.5,334,19009,341.4790419161677,0.42382751174363736,0.32861616665999566,6545,117.5748502994012,0.37980142030942704,0.3603561299293242
many_moving,0.5,335,19070,341.55223880597015,0.3656789209392722,0.3389361705818446,6547,117.25970149253733,0.37978379743919927,0.3603424387192236
many_moving,0.5,336,19128,341.5714285714286,0.30844666314503194,0.26513111805278033,6547,116.9107142857143,0.3817128300000533,0.3676073366846003
many_moving,0.5,337,19184,341.5548961424333,0.3158428404791931,0.28145163729226047,6547,116.56379821958458,0.38998777583380956,0.37532185747218105
many_moving,0.5,338,19241,341.5562130177514,0.4095371687226932,0.35557810903218745,6549,116.25443786982247,0.40133589995519686,0.382094739258394
many_moving,0.5,339,19298,341.55752212389376,0.43044416033161226,0.34927718041601563,6549,115.91150442477876,0.4050833100469159,0.38475571020081734
many_moving,0.5,340,19356,341.5764705882353,0.24881239571290537,0.23191551935398352,6554,115.65882352941175,0.3529782009368175,0.31361508598288024
many_moving,0.5,341,19414,341.5953079178886,0.38715822316425674,0.30389524356175995,6557,115.37243401759531,0.3262935607776758,0.2898163336024292
many_moving,0.5,342,19472,341.6140350877193,0.3452864208449176,0.30295199652963006,6557,115.03508771929825,0.3363494125492368,0.3026572016468306
many_moving,0.5,343,19530,341.63265306122446,0.320894405514399,0.2820310990756766,6565,114.8396501457726,0.3452536599675738,0.30856497760131474
many_moving,0.5,344,19589,341.6686046511628,0.32443979187419,0.29635360200236066,6565,114.50581395348837,0.363527932091379,0.3360729654486238
many_moving,0.5,345,19649,341.7217391304348,0.35387121328015403,0.3408440258334548,6566,114.19130434782609,0.40807291337043367,0.3646318455228758
many_moving,0.5,346,19706,341.7225433526011,0.3205124974569545,0.28623828388680217,6567,113.87861271676302,0.4343885926153531,0.3777732260878591
many_moving,0.5,347,19761,341.68876080691643,0.15557267635693936,0.1349562339906552,6567,113.55043227665708,0.44014412306170053,0.3810298919507279
many_moving,0.5,348,19820,341.7241379310345,0.3126437779148103,0.28205863607814885,6567,113.22413793103449,0.4413132751463084,0.38170945981324866
many_moving,0.5,349,19880,341.7765042979943,0.3473378957576425,0.3163520007158706,6567,112.89971346704873,0.4415478147344717,0.3818465076301931
many_moving,0.5,350,19934,341.72571428571433,0.45894501704694707,0.42882701128493733,6569,112.61142857142858,0.4415947509185274,0.38187396256020056
many_moving,0.5,351,19990,341.70940170940173,0.33709530377056085,0.2993519188094429,6569,112.2905982905983,0.5326270633207923,0.4412874605710648
many_moving,0.5,352,20049,341.74431818181824,0.36618560838920544,0.32535101745005485,6569,111.9715909090909,0.5534081647850468,0.4540830724557149
many_moving,0.5,353,20106,341.74504249291783,0.3893825996864122,0.3616937388710311,6572,111.70538243626062,0.5576442303765863,0.4566643194687514
many_moving,0.5,354,20166,341.7966101694915,0.36790178899641524,0.3318536416546617,6572,111.38983050847457,0.5584944840260638,0.45718140087226394
many_moving,0.5,355,20225,341.83098591549293,0.3940984757199582,0.3438562616614893,6577,111.16056338028169,0.5600777055230012,0.4567616304881438
many_moving,0.5,356,20283,341.84831460674155,0.28600859983878313,0.23684338535256894,6579,110.8820224719101,0.5486769566613829,0.43815440319953447
many_moving,0.5,357,20339,341.83193277310926,0.40208080592794365,0.34534810033714813,6579,110.57142857142857,0.5496273331243307,0.4361425846646575
many_moving,0.5,358,20396,341.83240223463685,0.30711667689377437,0.2858266630706593,6587,110.39664804469274,0.548402230015292,0.43969162048952065
many_moving,0.5,359,20452,341.81615598885793,0.35726095923935614,0.3358956326335064,6590,110.13927576601671,0.6145015911519702,0.5341556365176098
many_moving,0.5,360,20509,341.81666666666666,0.4291732080121088,0.35331205838002383,6596,109.93333333333334,0.529149531257664,0.4951169798369185
many_moving,0.5,361,20569,341.86703601108036,0.27278048399606614,0.23180665231381464,6605,109.77839335180056,0.5685113241751223,0.5257391639171884
many_moving,0.5,362,20627,341.88397790055245,0.3677275845485124,0.32316081353975307,6624,109.79005524861878,0.397751525647317,0.3727463669335092
many_moving,0.5,363,20683,341.86776859504135,0.37290062279543124,0.34652760992418996,6642,109.78512396694217,0.42369485731566386,0.35898053332715424
many_moving,0.5,364,20742,341.90109890109886,0.3101386056133836,0.28886399120312184,6666,109.87912087912089,0.4513566037971688,0.4202948533883989
many_moving,0.5,365,20797,341.8684931506849,0.39869913149051817,0.36892347392889435,6693,110.02191780821917,0.42934857757320427,0.3890934316873933
many_moving,0.5,366,20856,341.9016393442623,0.35310696622603444,0.3073553669185988,6716,110.09836065573772,0.3327396935085397,0.3119814945353837
many_moving,0.5,367,20914,341.9182561307902,0.5254218955506763,0.3731386789813449,6738,110.15803814713897,0.28826264767165016,0.27806994715735567
many_moving,0.5,368,20975,341.9836956521739,0.3995676037348773,0.3516962157776711,6759,110.20108695652173,0.3223725383838509,0.29570386249324204
many_moving,0.5,369,21033,342,0.27663396516127625,0.2285421801730237,6766,110.01626016260163,0.37608793360493575,0.35764398795290775
many_moving,0.5,370,21093,342.0486486486487,0.3162305547663645,0.2698842652080462,6779,109.92972972972971,0.3095475477746179,0.28642332621970257
many_moving,0.5,371,21152,342.08086253369265,0.5854569801749279,0.5147883811126046,6783,109.69811320754715,0.34107146420932805,0.30977719686511584
many_moving,0.5,372,21212,342.12903225806446,0.46873321516073163,0.38523947898979316,6783,109.4032258064516,0.350412763280438,0.318508378854011
many_moving,0.5,373,21271,342.16085790884716,0.47496329886569044,0.3857179266707276,6787,109.17426273458446,0.35432899754338776,0.31781680026163517
many_moving,0.5,374,21330,342.19251336898395,0.2587622306052375,0.23021278031325237,6787,108.88235294117648,0.35496386257900886,0.317681222109443
many_moving,0.5,375,21389,342.224,0.38375416278805297,0.29517898338373827,6788,108.60799999999999,0.3392887238564501,0.30003180122854217
many_moving,0.5,376,21446,342.2234042553191,0.28727925905523194,0.25779673419823873,6789,108.33510638297872,0.33684223825755544,0.2968108969724717
many_moving,0.5,377,21504,342.2387267904509,0.459208284240445,0.406698092397143,6789,108.04774535809018,0.33638192798357947,0.29618212454494686
many_moving,0.5,378,21561,342.23809523809524,0.3197722541156607,0.292758277233497,6789,107.76190476190476,0.3362910359968335,0.29605702082010377
many_moving,0.5,379,21617,342.221635883905,0.5741309743900591,0.4367863604654338,6789,107.47757255936675,0.3362729044850921,0.29603202640315185
many_moving,0.5,380,21674,342.22105263157897,0.4350329321478932,0.3643432820607019,6791,107.22631578947369,0.33626928005882945,0.29602702857530244
many_moving,0.5,381,21733,342.25196850393706,0.43799565775329674,0.35942799390621116,6791,106.94488188976379,0.37217920502107826,0.3310473467669301
many_moving,0.5,382,21793,342.2984293193718,0.315432462089079,0.2684658882229643,6793,106.69633507853403,0.3995752440725153,0.34989423559831023
many_moving,0.5,383,21852,342.3289817232376,0.2537787019663357,0.21860445153017766,6799,106.51174934725847,0.360933422528396,0.32617513698143136
many_moving,0.5,384,21913,342.390625,0.38955484071505375,0.33994660605086235,6799,106.23437499999999,0.3600033687071914,0.32694427421227595
many_moving,0.5,385,21972,342.4207792207792,0.4601453773926404,0.38792539347073285,6806,106.06753246753247,0.40091603864311964,0.35425553114824104
many_moving,0.5,386,22030,342.43523316062175,0.42265151964923064,0.38402453867388314,6806,105.79274611398964,0.386120512527298,0.32302902229877917
many_moving,0.5,387,22086,342.41860465116275,0.2961041154913912,0.2624345499366501,6810,105.5813953488372,0.37354431301736807,0.3194122867207616
many_moving,0.5,388,22145,342.4484536082474,0.32506655577915733,0.3008529752105228,6819,105.44845360824742,0.4449329979150089,0.39652380629453693
many_moving,0.5,389,22202,342.4473007712082,0.2963139511027313,0.2656897883264468,6827,105.30077120822622,0.441224969621128,0.3680747040445027
many_moving,0.5,390,22263,342.5076923076923,0.3350149779718019,0.26907939829637184,6838,105.19999999999999,0.341888803716774,0.312737980804217
many_moving,0.5,391,22323,342.5524296675192,0.3154285785796295,0.276366977614083,6851,105.1304347826087,0.40407503149107016,0.3773239318670958
many_moving,0.5,392,22382,342.5816326530612,0.3835544954308513,0.3619190899077672,6864,105.06122448979592,0.36518383773358676,0.3312645681435621
many_moving,0.5,393,22440,342.59541984732823,0.3429743795335741,0.3051013297654028,6876,104.97709923664122,0.32219603017761117,0.2970668686427629
many_moving,0.5,394,22498,342.6091370558376,0.37181598969652935,0.31623969371675487,6894,104.98477157360406,0.43972621939416845,0.40067619038860663
many_moving,0.5,395,22557,342.6379746835443,0.3035512925165631,0.26561972468233924,6911,104.97721518987342,0.3861474566906737,0.3364874728508987
many_moving,0.5,396,22616,342.6666666666667,0.29238338355894594,0.2605412043550027,6922,104.87878787878789,0.26056950960895237,0.23131189133031524
many_moving,0.5,397,22673,342.66498740554164,0.3586995034365422,0.3159719012927963,6927,104.69017632241815,0.241988939643898,0.20922327938741198
many_moving,0.5,398,22734,342.72361809045225,0.32194190179951515,0.2778141378168446,6940,104.62311557788944,0.32654490353194665,0.2948940600349362
many_moving,0.5,399,22790,342.70676691729324,0.27294126826915516,0.25862139517914934,6946,104.45112781954887,0.2782451703040227,0.24483981537604227
many_moving,0.5,400,22847,342.705,0.35128245610614495,0.30864006418694956,6958,104.36999999999999,0.25810770238550335,0.2281105361521442
many_moving,0.5,401,22908,342.7630922693267,0.43809987874311657,0.39054426475019316,6960,104.13965087281795,0.31344366170647275,0.27634059562230473
many_moving,0.5,402,22964,342.74626865671644,0.40442751231573076,0.3612652726984179,6960,103.88059701492537,0.33853086978818947,0.29696966875693787
many_moving,0.5,403,23023,342.77419354838713,0.2897010203339634,0.26081113608351847,6964,103.68238213399503,0.33567004468863926,0.29743578556500605
many_moving,0.5,404,23079,342.75742574257424,0.25102305182287954,0.23445266151286512,6964,103.42574257425743,0.3527204139412757,0.31959154454027827
many_moving,0.5,405,23135,342.74074074074076,0.402400786765126,0.385020686713941,6964,103.17037037037036,0.36172826049245693,0.32798579937554584
many_moving,0.5,406,23193,342.7536945812808,0.3627039754470397,0.3441456396957697,6964,102.91625615763546,0.3637279467828258,0.32968915049875525
many_moving,0.5,407,23252,342.78132678132675,0.2860338420077192,0.2701210728515699,6964,102.66339066339066,0.36413554990877245,0.33003063503794106
many_moving,0.5,408,23310,342.79411764705884,0.4268878251989858,0.3618715872826571,6964,102.41176470588235,0.3642173750595969,0.33009896353888224
many_moving,0.5,409,23367,342.7921760391198,0.358634496168912,0.32995280667919585,6966,102.19070904645477,0.35919019866486074,0.32804293373498483
many_moving,0.5,410,23424,342.79024390243904,0.30920453569376305,0.27768416373849225,6970,102,0.39942355539343727,0.36500345981304566
many_moving,0.5,411,23484,342.8321167883212,0.41177776152530593,0.3798080538886967,6970,101.75182481751825,0.3482117157960909,0.30257955641180584
many_moving,0.5,412,23539,342.80097087378647,0.2575367741784935,0.231589282024744,6970,101.50485436893204,0.3555650488693936,0.3090160195289074
many_moving,0.5,413,23595,342.78450363196123,0.5114447154451544,0.4451292010517306,6976,101.34624697336561,0.34534203420595494,0.28941019561770054
many_moving,0.5,414,23655,342.82608695652175,0.39660434635583874,0.3437689531719299,6976,101.10144927536231,0.3483440694278262,0.295234281263107
many_moving,0.5,415,23714,342.8530120481928,0.25305552314073854,0.2288026547930943,6983,100.9590361445783,0.37067120232285167,0.331057540546256
many_moving,0.5,416,23772,342.8653846153846,0.3697602642501623,0.3345624323956845,6983,100.71634615384615,0.39278151640398656,0.3635345053336048
many_moving,0.5,417,23827,342.83453237410066,0.38306417224163136,0.3513760575325441,6985,100.50359712230215,0.4232770520570945,0.40125332538078073
many_moving,0.5,418,23885,342.8468899521531,0.34983977357219925,0.3017828593998409,6992,100.36363636363637,0.48025846484477186,0.4458971596285215
many_moving,0.5,419,23945,342.88782816229116,0.3347690650182274,0.27643556183055457,6997,100.19570405727924,0.41856232229219453,0.35968404944129373
many_moving,0.5,420,24002,342.88571428571424,0.4002249533522973,0.38776197393738404,7001,100.01428571428572,0.43255186286728,0.3881780749652469
many_moving,0.5,421,24059,342.8836104513064,0.27354099167354856,0.2534276874504814,7006,99.8479809976247,0.44215175888716685,0.39602110581635597
many_moving,0.5,422,24118,342.9099526066351,0.36647057973636493,0.3348657888028794,7011,99.68246445497631,0.42352394101207397,0.3776937170136485
many_moving,0.5,423,24176,342.92198581560285,0.33461964575228276,0.29124041935925987,7016,99.51773049645391,0.4658231702387639,0.43385266355417096
many_moving,0.5,424,24234,342.933962264151,0.34769878021735345,0.32860461059108464,7023,99.38207547169812,0.6592658683921612,0.5826321401958225
many_moving,0.5,425,24292,342.94588235294117,0.42715027019617174,0.3496845459286337,7027,99.20470588235295,0.7355426297895746,0.6374707288256642
many_moving,0.5,426,24347,342.9154929577465,0.5258548667457628,0.4266033223249008,7027,98.9718309859155,0.7500166122498546,0.6292368347885203
many_moving,0.5,427,24406,342.94145199063234,0.6047086175797316,0.5071835919565298,7027,98.74004683840751,0.7625468127972419,0.6350966904046315
many_moving,0.5,428,24463,342.9392523364486,0.49614383222934555,0.382326862600078,7030,98.55140186915887,0.7650118280600843,0.6347089770535587
many_moving,0.5,429,24523,342.979020979021,0.4283268520697751,0.3469896835688497,7030,98.32167832167832,0.765648061680669,0.6348575791384191
many_moving,0.5,430,24580,342.9767441860465,0.5156540223861414,0.42162051935939776,7036,98.1767441860465,0.7621667086598777,0.6180977464599254
many_moving,0.5,431,24639,343.00232018561485,0.3335135474206321,0.3003139859684339,7036,97.94895591647332,0.7520263653497665,0.606850509902725
many_moving,0.5,432,24694,342.97222222222223,0.4042615479616882,0.35749996081894897,7041,97.79166666666667,0.48580639222119554,0.451013450277887
many_moving,0.5,433,24751,342.96997690531174,0.2563333651770139,0.23918699348858802,7050,97.6905311778291,0.40043555831581995,0.37446574727533355
many_moving,0.5,434,24809,342.9815668202765,0.4927693377989649,0.41252499045231533,7060,97.6036866359447,0.3720140963435678,0.3592489286733588
many_moving,0.5,435,24868,343.00689655172414,0.3930547359592228,0.33406735273894816,7072,97.5448275862069,0.5774699632693147,0.45585585296466763
many_moving,0.5,436,24926,343.0183486238532,0.3503286687363635,0.29345515820389395,7084,97.4862385321101,0.5098771245102655,0.471271715117382
many_moving,0.5,437,24982,343.00228832951944,0.3938962193373649,0.32827437546681915,7096,97.42791762013731,0.36036315262916946,0.32361866439382775
many_moving,0.5,438,25040,343.013698630137,0.3525455194411647,0.3237656716569103,7108,97.36986301369862,0.38184056653681514,0.3400758402653869
many_moving,0.5,439,25101,343.0660592255125,0.3660780406667698,0.33088127854668,7117,97.27107061503418,0.4995594062786123,0.46957817076264174
many_moving,0.5,440,25158,343.0636363636364,0.4752883059638341,0.43336939584585715,7128,97.2,0.5073254716547132,0.4709923525489712
many_moving,0.5,441,25216,343.0748299319728,0.43371996491157233,0.34414877090822893,7129,96.99319727891157,0.4724951461797363,0.39147454429432643
many_moving,0.5,442,25276,343.1131221719457,0.1884566298601622,0.1700416969258432,7129,96.7737556561086,0.5130697426783122,0.41550172157323206
many_moving,0.5,443,25332,343.0970654627539,0.2241801497550757,0.19480812272673476,7132,96.5959367945824,0.49905689399856246,0.40075079725054197
many_moving,0.5,444,25392,343.1351351351351,0.27673844136433984,0.24223985769459314,7132,96.37837837837839,0.49796552522620274,0.39926613942361
many_moving,0.5,445,25449,343.1325842696629,0.3038642838501543,0.2618601861712242,7137,96.22921348314607,0.49844053929685983,0.4013930651978307
many_moving,0.5,446,25506,343.1300448430493,0.450795402959954,0.383888672427037,7137,96.01345291479821,0.48952400511518973,0.39793127944289275
many_moving,0.5,447,25566,343.1677852348993,0.4069311663109798,0.36342272766520783,7144,95.89261744966443,0.5259786822939111,0.4213026785955737
many_moving,0.5,448,25623,343.1651785714286,0.26592565870720175,0.2364105766154132,7154,95.8125,0.4947368001410152,0.4048781156611915
many_moving,0.5,449,25681,343.17594654788417,0.2372510307899071,0.21377994240912462,7161,95.69265033407572,0.35394018303166247,0.3281693962456954
many_moving,0.5,450,25740,343.2,0.42278242015300244,0.35428871682427304,7167,95.56,0.34827465033914917,0.33368828579832266
many_moving,0.5,451,25796,343.1840354767184,0.30103493199005704,0.27693466454497956,7181,95.53436807095343,0.32969363306692245,0.31060767896999153
many_moving,0.5,452,25853,343.1814159292036,0.40851973971419275,0.36831919816885766,7202,95.60176991150443,0.34360353986118025,0.31375913889284124
many_moving,0.5,453,25910,343.1788079470199,0.274213088536034,0.2497703169670203,7227,95.72185430463577,0.32484890218266843,0.2906599879991112
many_moving,0.5,454,25969,343.2026431718062,0.3380753506728146,0.32120572854913376,7246,95.76211453744494,0.3379865911310464,0.2918998121341633
many_moving,0.5,455,26024,343.1736263736264,0.43221134876474826,0.3707417570348895,7264,95.78901098901099,0.36872593216179916,0.3348518945841692
many_moving,0.5,456,26084,343.2105263157895,0.3899768232628663,0.35611380402956355,7277,95.75000000000001,0.4084065289508605,0.3617583642293362
many_moving,0.5,457,26141,343.2078774617068,0.32179199423167076,0.2863285395894089,7292,95.73741794310723,0.47854851286584055,0.44788111592874563
many_moving,0.5,458,26198,343.2052401746725,0.2795057875112702,0.20468401953029175,7300,95.63318777292577,0.4786300486579279,0.4287872978275124
many_moving,0.5,459,26253,343.1764705882353,0.38271121641213945,0.332065195945903,7300,95.42483660130719,0.49376521626199193,0.4391878781722127
many_moving,0.5,460,26309,343.1608695652174,0.40493821333707225,0.3324338511262952,7303,95.25652173913042,0.4953807926546122,0.4332987742483308
many_moving,0.5,461,26367,343.17136659436005,0.419032187326046,0.3970008973610372,7303,95.04989154013015,0.4975225096086234,0.4372434877091271
many_moving,0.5,462,26426,343.19480519480516,0.24331066543468738,0.2209003050188521,7309,94.92207792207792,0.48709080166956453,0.42775976871759774
many_moving,0.5,463,26485,343.2181425485961,0.3017550089827085,0.2672670627061528,7316,94.80777537796976,0.5228512667510179,0.4840093559917153
many_moving,0.5,464,26542,343.2155172413793,0.3432938602750518,0.2979305993602257,7322,94.68103448275862,0.48700951397284054,0.43190722608812465
many_moving,0.5,465,26602,343.2516129032258,0.5849193438789378,0.5280705127735053,7328,94.55483870967741,0.48244745743723705,0.4325510648340594
many_moving,0.5,466,26659,343.2489270386266,0.5676520511271226,0.486581203632935,7334,94.42918454935622,0.46780897469719096,0.40614599128293466
many_moving,0.5,467,26716,343.24625267665954,0.2649530793905202,0.24107825245459025,7340,94.30406852248395,0.5021141696987972,0.46530492663944223
many_moving,0.5,468,26774,343.2564102564103,0.4021050620663031,0.35184811225935325,7351,94.24358974358975,0.4677935330320302,0.41032609533450665
many_moving,0.5,469,26834,343.29211087420043,0.5421645139785293,0.4165481337871146,7354,94.08102345415779,0.4420554102287045,0.39834978230069273
many_moving,0.5,470,26893,343.3148936170213,0.44226510758602516,0.38909827900182137,7358,93.93191489361702,0.44568508792957284,0.40161118460672335
many_moving,0.5,471,26952,343.33757961783436,0.3230693784841396,0.2782366495160046,7358,93.73248407643312,0.44554691891669274,0.39654579861855005
many_moving,0.5,472,27010,343.3474576271187,0.37883397238251665,0.33595123657340464,7362,93.58474576271188,0.47305315095972095,0.42685544854927226
many_moving,0.5,473,27068,343.3572938689218,0.4741855341300956,0.38826679133080927,7362,93.38689217758986,0.34526001424537694,0.3083812239331388
many_moving,0.5,474,27129,343.40506329113924,0.3656202385913988,0.3227591951675605,7367,93.25316455696203,0.3177999027981602,0.2812742790346084
many_moving,0.5,475,27190,343.4526315789474,0.4025950529041114,0.35954989134473914,7376,93.17052631578947,0.346954777570553,0.3015470290163917
many_moving,0.5,476,27245,343.42436974789916,0.511570514931634,0.41877498004459685,7383,93.06302521008402,0.2913354848031983,0.2525329692317343
many_moving,0.5,477,27304,343.44654088050316,0.41234959540692245,0.3731703160953169,7392,92.9811320754717,0.2939937474724622,0.27274004093988713
many_moving,0.5,478,27361,343.44351464435147,0.5227033447187983,0.4252438965244421,7403,92.92468619246861,0.31400404084241335,0.29701883521598693
many_moving,0.5,479,27416,343.4154488517745,0.35738182572630733,0.30577375208631563,7416,92.89352818371607,0.2593883442349311,0.23308919834898392
many_moving,0.5,480,27476,343.45,0.2987802201579237,0.268295225207431,7436,92.95,0.2464570744428221,0.22273830046416937
many_moving,0.5,481,27535,343.4719334719334,0.20004940080808706,0.1744743025853134,7451,92.94386694386694,0.2759295388361256,0.24833310531294567
many_moving,0.5,482,27591,343.4564315352697,0.3284020236663757,0.2820962644258767,7464,92.91286307053942,0.4302782886879417,0.38670619614849433
many_moving,0.5,483,27650,343.4782608695652,0.4435125295817188,0.3786991835944825,7484,92.96894409937887,0.2360826028540895,0.2095019399216554
many_moving,0.5,484,27708,343.48760330578517,0.5223229343820789,0.4754686191824414,7497,92.93801652892563,0.41119358716979776,0.38247965824021085
many_moving,0.5,485,27768,343.52164948453606,0.4554168734468187,0.3928714120088986,7512,92.9319587628866,0.313532649529807,0.2814310367562806
many_moving,0.5,486,27823,343.4938271604939,0.5350637551820725,0.4614955231455462,7517,92.80246913580248,0.35505670538663314,0.31721672903537945
many_moving,0.5,487,27879,343.4784394250513,0.29696630924213563,0.27281040256127287,7519,92.63655030800821,0.3771500062772779,0.3429728302248662
many_moving,0.5,488,27937,343.48770491803276,0.435223376521409,0.3984605703587152,7519,92.44672131147541,0.3202064261129933,0.3061270404570269
many_moving,0.5,489,27996,343.5092024539877,0.34335347391307064,0.2935382095807005,7521,92.28220858895705,0.3156789440415509,0.3011765709816322
many_moving,0.5,490,28054,343.5183673469388,0.2878354361810475,0.25034070216490234,7528,92.1795918367347,0.3354513595188988,0.31329058463297405
many_moving,0.5,491,28115,343.5641547861507,0.37858645155638565,0.3517596785619434,7532,92.04073319755601,0.333292742615745,0.30966594853536755
many_moving,0.5,492,28169,343.5243902439025,0.20802215412810243,0.1767625190700979,7536,91.90243902439026,0.3799836035243553,0.3430175840329318
many_moving,0.5,493,28227,343.53346855983773,0.5010812322542845,0.38979660154758616,7540,91.76470588235294,0.3377005035225506,0.30548319854367034
many_moving,0.5,494,28285,343.5425101214575,0.2438967409156655,0.2120694591967327,7544,91.62753036437248,0.36873603522909365,0.3257865621786619
many_moving,0.5,495,28344,343.56363636363636,0.3970821023847278,0.3284371750735934,7550,91.51515151515152,0.3513692254522071,0.31592825733728647
many_moving,0.5,496,28404,343.59677419354836,0.46362214088058645,0.3956567800329319,7551,91.34274193548386,0.3351317645487717,0.30557551365840346
many_moving,0.5,497,28460,343.58148893360163,0.3461167336023633,0.3005653311525397,7551,91.158953722334,0.36669093795120045,0.3302324883179274
many_moving,0.5,498,28518,343.5903614457831,0.5104747772453365,0.4509902904940635,7558,91.0602409638554,0.2328794875166077,0.21031266402069035
many_moving,0.5,499,28575,343.58717434869743,0.39635960854466157,0.3210172036915314,7558,90.87775551102204,0.23073766462277195,0.21103133952515277
many_moving,0.5,500,28635,343.61999999999995,0.5137373391994328,0.4566567469368673,7565,90.77999999999999,0.21400011103239625,0.19166886056105883
many_moving,0.5,501,28691,343.6047904191617,0.4338986306645313,0.3742400166345183,7565,90.59880239520959,0.21617803580608377,0.21033474076804462
many_moving,0.5,502,28747,343.5896414342629,0.33801338437692824,0.29938867757524956,7567,90.44223107569721,0.23491642504061394,0.23046970971627073
many_moving,0.5,503,28803,343.5745526838967,0.36135850183395507,0.33827067838588704,7567,90.26242544731612,0.4645462300642136,0.41377324566340484
many_moving,0.5,504,28861,343.5833333333333,0.3902466787257883,0.33455161067558026,7567,90.08333333333333,0.5202771666601494,0.4549317231704637
many_moving,0.5,505,28915,343.54455445544556,0.4613887127189504,0.3429575230934979,7570,89.94059405940595,0.509748402432571,0.4467844965751483
many_moving,0.5,506,28972,343.54150197628456,0.422788603112984,0.4050346507642494,7570,89.76284584980237,0.5115542441998487,0.449564472390676
many_moving,0.5,507,29031,343.5621301775148,0.3117390681764467,0.286917629139985,7588,89.79881656804734,0.5713308457809078,0.4714986913060689
many_moving,0.5,508,29086,343.53543307086613,0.3775850448084903,0.35109087190717103,7617,89.96456692913387,0.23899607283401372,0.22820155616059692
many_moving,0.5,509,29144,343.5442043222004,0.5010160572068194,0.4618976500468726,7642,90.08251473477408,0.2921699983788277,0.2851239916940073
many_moving,0.5,510,29203,343.56470588235294,0.33818897848241086,0.29843002773738936,7670,90.23529411764706,0.2395734791201295,0.21880930787963587
many_moving,0.5,511,29261,343.57338551859095,0.3597139110566213,0.30239627155741255,7697,90.37573385518591,0.2593280158974453,0.24582453180973335
many_moving,0.5,512,29317,343.55859375,0.2698224114032572,0.2258332846419902,7725,90.52734375,0.21891970753032772,0.21031420897428474
many_moving,0.5,513,29374,343.55555555555554,0.30181240055087216,0.2547316249492518,7761,90.7719298245614,0.38099485180803416,0.3356389200231584
many_moving,0.5,514,29432,343.56420233463035,0.40886834750462553,0.3601502820635158,7771,90.71206225680935,0.28683549251220264,0.25871100930636015
many_moving,0.5,515,29487,343.53786407766984,0.5584036902139201,0.4572160386482279,7775,90.58252427184465,0.30557320367189145,0.27763964515175193
many_moving,0.5,516,29543,343.52325581395354,0.3951606388049945,0.3428166771272609,7775,90.40697674418605,0.453263634919926,0.409232121792004
many_moving,0.5,517,29602,343.54352030947774,0.3383696399554624,0.27886025267036707,7775,90.2321083172147,0.49417514699567405,0.43853743219282226
many_moving,0.5,518,29658,343.52895752895756,0.3595137603019305,0.32511107615647555,7775,90.05791505791507,0.5026122016953578,0.44446826934400485
many_moving,0.5,519,29717,343.54913294797683,0.27945415453258515,0.25738969927183675,7775,89.88439306358381,0.5043087887227052,0.4456569524123341
many_moving,0.5,520,29776,343.5692307692308,0.25086506163445543,0.22828030705664096,7775,89.71153846153847,0.5046484657784513,0.44589478762192947
many_moving,0.5,521,29831,343.54318618042225,0.3913526976528303,0.33725386624781245,7775,89.53934740882917,0.5047164155175323,0.44594235859171116
many_moving,0.5,522,29890,343.56321839080465,0.36051444990270776,0.2614595194604375,7775,89.36781609195403,0.5047300060380047,0.44595187294265753
many_moving,0.5,523,29947,343.56022944550665,0.31721929790757686,0.2884771831316836,7775,89.19694072657744,0.5047327241650007,0.44595377581912377
many_moving,0.5,524,30007,343.5916030534351,0.3905263458908126,0.3713827693199986,7775,89.02671755725191,0.5047332677913163,0.44595415639466796
many_moving,0.5,525,30063,343.57714285714286,0.27831718036187786,0.24016145557046195,7777,88.88000000000001,0.5047333765166162,0.44595423250978794
many_moving,0.5,526,30124,343.6197718631179,0.3207520530912562,0.298611863982797,7777,88.71102661596957,0.44467147590715994,0.40180044721997776
many_moving,0.5,527,30180,343.60531309297915,0.3470163708366246,0.3162871983688806,7777,88.5426944971537,0.4379120634916341,0.3951195468394412
many_moving,0.5,528,30236,343.59090909090907,0.3697934305866701,0.31642300227746684,7793,88.55681818181817,0.44252444989510165,0.3583188794860798
many_moving,0.5,529,30297,343.63327032136107,0.3299778695303617,0.2435077456830041,7793,88.38941398865784,0.4869524984116072,0.4212229635778491
many_moving,0.5,530,30355,343.64150943396226,0.3614313926665756,0.3273439327116551,7798,88.27924528301885,0.4098988402399556,0.36485228138616044
many_moving,0.5,531,30415,343.6723163841808,0.3509257319950521,0.304983649250446,7798,88.11299435028248,0.4201415738063754,0.3730939054870742
many_moving,0.5,532,30469,343.6353383458647,0.40094401734304624,0.3343371626398176,7798,87.94736842105262,0.4851981384501539,0.40884357473331284
many_moving,0.5,533,30525,343.6210131332083,0.36307293197298507,0.31138574721590717,7798,87.78236397748593,0.4994667651031753,0.417433383865899
many_moving,0.5,534,30581,343.6067415730337,0.2752821545774542,0.25234208101745736,7798,87.61797752808988,0.5023620918017123,0.41919552700930274
many_moving,0.5,535,30639,343.61495327102807,0.21816166685391195,0.2077050330112665,7803,87.51028037383178,0.4963809676325268,0.3884677862941371
many_moving,0.5,536,30696,343.6119402985074,0.3392654668113244,0.29947849514455,7809,87.41417910447761,0.5006016697802028,0.40530748173315984
many_moving,0.5,537,30754,343.6201117318436,0.3831567116969227,0.3505506115062961,7814,87.3072625698324,0.5119224075926176,0.417174842994093
many_moving,0.5,538,30814,343.65055762081784,0.40695701859142774,0.35824769074355695,7820,87.21189591078067,0.520550620477621,0.43799640343025403
many_moving,0.5,539,30872,343.6586270871985,0.33454512396394975,0.29857310029913325,7826,87.11688311688313,0.5401995145185071,0.4680447192432947
many_moving,0.5,540,30928,343.64444444444445,0.35441497060043603,0.3095998755606438,7834,87.04444444444444,0.507506538434393,0.41751166249866606
many_moving,0.5,541,30986,343.6524953789279,0.328154314114147,0.27782448034341456,7840,86.95009242144177,0.528829218946721,0.43732635146849547
many_moving,0.5,542,31046,343.68265682656823,0.34551025297592186,0.2804201216558636,7845,86.8450184501845,0.5344440904732005,0.4369812808224176
many_moving,0.5,543,31099,343.6353591160221,0.22009982905872255,0.19059421586257017,7859,86.83977900552485,0.5697729618614572,0.4515011077598895
many_moving,0.5,544,31158,343.6544117647059,0.5011885629154157,0.39318324834963425,7859,86.68014705882354,0.5577275047503563,0.4191366156473511
many_moving,0.5,545,31213,343.62935779816513,0.32558266010320863,0.28816630037296315,7864,86.57614678899081,0.5583521057173026,0.41698157281286513
many_moving,0.5,546,31273,343.65934065934067,0.4322534363032712,0.3650479071120679,7864,86.41758241758242,0.24086532543933895,0.23110942911049287
many_moving,0.5,547,31332,343.67824497257766,0.31253862166894414,0.2839643560498602,7864,86.25959780621571,0.20880562694519014,0.2026147610252523
many_moving,0.5,548,31387,343.65328467153284,0.2777114381169906,0.23790298705753193,7864,86.1021897810219,0.2053727550339977,0.1983821158369334
many_moving,0.5,549,31444,343.6502732240437,0.3172846707339294,0.28113515476729484,7864,85.94535519125682,0.20482217862467633,0.19763562835409493
many_moving,0.5,550,31503,343.6690909090909,0.3385803688173554,0.3027530487106973,7864,85.78909090909092,0.2047176041531458,0.19749090028102767
many_moving,0.5,551,31563,343.69872958257713,0.23932091281219714,0.22234598035358005,7867,85.66606170598911,0.2786926254520494,0.25627926140629814
many_moving,0.5,552,31620,343.69565217391306,0.3653599768815984,0.30898114716365466,7871,85.55434782608697,0.4061975443924129,0.35318205009660114
many_moving,0.5,553,31679,343.7142857142857,0.43508784550367224,0.3528749234226853,7876,85.45388788426763,0.3703972901724096,0.3103897425183432
many_moving,0.5,554,31736,343.71119133574007,0.378568942285588,0.3279059809649441,7881,85.35379061371842,0.4107516079583401,0.3545543306045218
many_moving,0.5,555,31794,343.7189189189189,0.3529279161537768,0.31166925125662076,7888,85.27567567567567,0.5168668474777968,0.4309174466235651
many_moving,0.5,556,31854,343.7482014388489,0.3870236835459611,0.3585094416867311,7892,85.16546762589928,0.3048435737325487,0.2855581837872801
many_moving,0.5,557,31909,343.72351885098743,0.3569710385372219,0.31362013428425506,7899,85.08797127468581,0.3044458367071641,0.25487708074011456
many_moving,0.5,558,31965,343.7096774193548,0.4030120902574993,0.29985995477359684,7914,85.09677419354838,0.42793571052439144,0.34848899537981126
many_moving,0.5,559,32025,343.7388193202147,0.32362919752311997,0.2986101619592188,7914,84.94454382826476,0.5375090417269839,0.3902062688506237
many_moving,0.5,560,32081,343.72499999999997,0.4941321028877637,0.437321811361142,7917,84.825,0.40794078893795194,0.3151220468762128
many_moving,0.5,561,32137,343.71122994652404,0.3001149032762679,0.287256872771218,7917,84.67379679144386,0.4086791118966604,0.3133574184233102
many_moving,0.5,562,32195,343.7188612099644,0.4301151634617802,0.39705367455571217,7917,84.52313167259787,0.41004968777309275,0.3146789895328939
many_moving,0.5,563,32255,343.7477797513322,0.4236872576209055,0.4005703101654963,7920,84.40497335701599,0.4103260622176579,0.31510707605506527
many_moving,0.5,564,32314,343.7659574468085,0.3512292495601866,0.31008986295820684,7934,84.40425531914893,0.42763115450072914,0.3570739997208354
many_moving,0.5,565,32371,343.7628318584071,0.5924903065847554,0.5564599205891757,7954,84.46725663716815,0.45916149989736793,0.3907271953260258
many_moving,0.5,566,32429,343.77031802120143,0.36692751872616364,0.34197679896779826,7976,84.55123674911661,0.4670290392490023,0.40953377677816627
many_moving,0.5,567,32486,343.7671957671958,0.28888992746088477,0.26778883147407395,7998,84.63492063492063,0.4254789402678025,0.34699676733238866
many_moving,0.5,568,32544,343.77464788732397,0.30121369896594785,0.28033941039881544,8018,84.69718309859154,0.4339441453308923,0.3523280690186743
many_moving,0.5,569,32597,343.7293497363796,0.4179485860432676,0.35562310879188075,8039,84.76977152899825,0.45991255916961477,0.4043306420935394
many_moving,0.5,570,32656,343.7473684210526,0.31031364421369395,0.2819009129385801,8057,84.81052631578947,0.44567570706620735,0.37816838043229495
many_moving,0.5,571,32712,343.73380035026264,0.3347194384006552,0.30141909007886514,8065,84.7460595446585,0.37677382200421794,0.35048409182498835
many_moving,0.5,572,32771,343.75174825174827,0.21064223627051143,0.1982805926131357,8069,84.63986013986013,0.38716531794397835,0.3570294061083156
many_moving,0.5,573,32827,343.7382198952879,0.43346571081543106,0.42077373248897737,8076,84.56544502617801,0.4703578028574325,0.41002013095353085
many_moving,0.5,574,32885,343.74564459930315,0.3635018196004649,0.3054033066270779,8076,84.41811846689896,0.5453369707312894,0.45676006609243547
many_moving,0.5,575,32943,343.75304347826085,0.30037999912384783,0.26737610993749106,8079,84.30260869565217,0.5906634465574511,0.4947168828172034
many_moving,0.5,576,33002,343.7708333333333,0.39048677657480596,0.3563828555722395,8079,84.15625,0.6007246247927738,0.5028576017092596
many_moving,0.5,577,33060,343.7781629116118,0.3286184615669538,0.29060095405249325,8079,84.01039861351819,0.602772770784645,0.5045048087474215
many_moving,0.5,578,33118,343.78546712802773,0.4671871787106719,0.4046701537132564,8079,83.86505190311419,0.6031838066414482,0.5048349929280634
many_moving,0.5,579,33175,343.7823834196891,0.35695850028553605,0.3027221093698675,8079,83.720207253886,0.6032660698439616,0.5049010593215282
many_moving,0.5,580,33231,343.7689655172414,0.40485482691885744,0.3813445388922928,8079,83.57586206896552,0.6032825247238334,0.5049142737812925
many_moving,0.5,581,33287,343.75559380378655,0.33103472770686515,0.28382855494966297,8079,83.43201376936317,0.6032858157893668,0.5049169167204781
many_moving,0.5,582,33344,343.75257731958766,0.36672053513964326,0.3295521532204281,8079,83.28865979381443,0.6032864740060566,0.5049174453102051
many_moving,0.5,583,33405,343.79073756432246,0.45272780747174984,0.4254918122656452,8079,83.14579759862778,0.6032866056495375,0.5049175510282258
many_moving,0.5,584,33463,343.7979452054795,0.3198575373843855,0.26845140656948396,8081,83.02397260273973,0.6032866319782387,0.5049175721718315
many_moving,0.5,585,33518,343.774358974359,0.28518626896043514,0.24913852597423242,8085,82.92307692307692,0.561713691764381,0.4112060423316549
many_moving,0.5,586,33574,343.7610921501706,0.3228436067131658,0.264148191000496,8087,82.80204778156997,0.5505172862819364,0.4174376709928215
many_moving,0.5,587,33631,343.7580919931857,0.5627237021683161,0.49884920492862495,8091,82.70187393526406,0.5720236811595585,0.45650652601306324
many_moving,0.5,588,33687,343.7448979591836,0.34557092208576057,0.30124029044575673,8098,82.63265306122447,0.4346684887492838,0.3729318648098724
many_moving,0.5,589,33746,343.7623089983022,0.6205374564592828,0.5132680557534315,8098,82.49235993208828,0.42839873310827564,0.38209548795204346
many_moving,0.5,590,33806,343.78983050847455,0.3350546853599396,0.3257145084358983,8100,82.3728813559322,0.4319767862930098,0.40069891178346906
many_moving,0.5,591,33866,343.8172588832487,0.41885459798697555,0.38240325238983025,8103,82.26395939086294,0.44745064995257644,0.4165608502415471
many_moving,0.5,592,33924,343.8243243243243,0.3311743087591917,0.2936911565545182,8110,82.19594594594594,0.4815361447648173,0.4340107851845477
many_moving,0.5,593,33984,343.8516020236088,0.5012664113367512,0.4550593348880462,8118,82.13827993254637,0.4219749505402479,0.37312367360675586
many_moving,0.5,594,34043,343.8686868686869,0.28639463803475984,0.24434186891693166,8129,82.1111111111111,0.4087188358036918,0.34279876985641117
many_moving,0.5,595,34102,343.8857142857143,0.27842908097364927,0.23851080538015945,8139,82.07394957983193,0.528642713129018,0.4615453018714436
many_moving,0.5,596,34160,343.89261744966444,0.3488095492681005,0.3156310877076625,8149,82.03691275167785,0.4202901574192602,0.35564448478605415
many_moving,0.5,597,34218,343.8994974874372,0.2594845721340779,0.23199864175035517,8161,82.02010050251258,0.39173804122689965,0.36243429226587853
many_moving,0.5,598,34276,343.90635451505017,0.2765700004555786,0.24020916579830387,8173,82.00334448160534,0.40702979289665653,0.3720712682435982
many_moving,0.5,599,34335,343.9232053422371,0.1954215774358689,0.1716585843682146,8185,81.98664440734558,0.4575348344490123,0.40369967917417415
many_moving,0.5,600,34390,343.9,0.28200789238068985,0.266555045855972,8195,81.95,0.4238721185670483,0.35671201135740555