Scenario,Time,Baseline_Tx,Baseline_TxPerNodePerMin,Baseline_RMSE,ETM_Tx,ETM_TxPerNodePerMin,ETM_RMSE,Baseline_MAE,Baseline_RMSE_Aligned,Baseline_MAE_Aligned,Baseline_PairwiseDist_MAE,Baseline_RangeResidual_MAE,Baseline_AngleResidual_MAE,ETM_MAE,ETM_RMSE_Aligned,ETM_MAE_Aligned,ETM_PairwiseDist_MAE,ETM_RangeResidual_MAE,ETM_AngleResidual_MAE
none_moving,0,0,,36.82155104595928,0,,36.82155104595928,33.64586534768495,18.187917130173428,17.241615522676813,24.44493498974518,NaN,NaN,33.64586534768495,18.187917130173428,17.241615522676813,24.44493498974518,NaN,NaN
none_moving,1,0,0,36.82155104595928,31,186,36.75406385080542,33.64586534768495,18.187917130173428,17.241615522676813,24.44493498974518,NaN,NaN,33.55158639476218,18.091224801205648,17.15372249717398,24.036834712796082,10.150636277196348,1.769344715232941
none_moving,2,33,99,36.75726682082423,78,234,36.71249308320841,33.56768877702444,18.12433383124457,17.178802671505697,24.046089286457896,10.193675755749412,1.8597851462545705,33.47015559079551,18.052070152292682,17.166088564168717,23.688762563280513,9.920998715247531,2.161501444640528
none_moving,3,45,90,36.703716144950185,123,246,36.70696715939675,33.46705203796966,18.089962104496223,17.201571123534805,23.705053545590413,9.933781007341745,2.14686454536146,33.43808118413851,17.995847550145623,17.167596916129632,23.24148692339547,9.507400947931895,2.251045957506019
none_moving,4,79,118.5,36.68710823520513,169,253.49999999999997,36.711815206800715,33.424258762453455,18.026800273429775,17.194453219256992,23.255011398051487,9.525449120759959,2.241015889039191,33.41792140935316,17.93619545026644,17.16223909527308,22.768434702790497,9.063707803993877,2.290769405055287
none_moving,5,92,110.39999999999999,36.68739634228423,216,259.20000000000005,36.73470313111533,33.399754128050745,17.93659084542395,17.16014518820518,22.76295620244072,9.07518282860532,2.28833326917628,33.418147820111535,17.865513002462524,17.144875615681276,22.27382658071464,8.600953255690587,2.3165577280267513
none_moving,6,126,125.99999999999999,36.69354379567708,262,262,36.74979231293465,33.38647867490665,17.867613359544237,17.147706084895837,22.27476705274083,8.628619562312776,2.3368673174813432,33.407776701166156,17.834499946941634,17.16584670220465,21.837489161892687,8.215792836655146,2.33181440687908
none_moving,7,138,118.28571428571429,36.75695355160099,304,260.57142857142856,36.805314291077195,33.42034704322883,17.821918375910517,17.156408965444037,21.809837746122007,8.187605522009333,2.3455735650709286,33.43736449461518,17.807342080068455,17.190146954457113,21.358950522844466,7.7906774919843285,2.31065596225984
none_moving,8,172,129,36.81538229992232,311,233.25,36.8902448576566,33.469619052838276,17.820868973053038,17.208659459739238,21.344358441128396,7.760519430894668,2.3227319958935664,33.48817180920396,17.77284569054927,17.186528295853268,20.88372597085294,7.369283545516298,2.2862308179164352
none_moving,9,185,123.33333333333334,36.8612326705722,311,207.33333333333334,36.94434858047432,33.49869814498706,17.793555661466524,17.22976796337383,20.85467990129483,7.297391345665212,2.315679161915274,33.518691680670344,17.76704280885018,17.20837806021915,20.417099055336116,6.965348606722486,2.2721809652705818
none_moving,10,217,130.20000000000002,36.9776961077691,311,186.60000000000002,37.00159349365353,33.5852560150726,17.77705823512122,17.23855359404204,20.391117968151796,6.910334732732226,2.314590565760567,33.555625601896296,17.770292841815408,17.23028966133902,19.94767796228674,6.563790850326358,2.26752326088744
none_moving,11,229,124.9090909090909,37.05563748513649,311,169.63636363636365,37.06345912109525,33.632831651490115,17.774749392389975,17.247822707229567,19.905387233860687,6.473334726806406,2.2873253934105597,33.59927195622437,17.78045636982824,17.25044219782692,19.469768183860413,6.152476290279803,2.266749040858416
none_moving,12,262,131,37.063218342123605,311,155.5,37.13201797702531,33.63296521916026,17.791577948904376,17.29814261624611,19.41511640900071,6.018682295070368,2.302314171274578,33.65095507827607,17.79584927752738,17.267267106948392,18.993461162252032,5.763914924818624,2.2686564897499566
none_moving,13,274,126.46153846153845,37.20018146911774,311,143.53846153846155,37.20799578585075,33.739661800950635,17.756297395023,17.253725417446894,18.928905890328423,5.648779408119497,2.3047595167713966,33.711032182524434,17.81604641588937,17.28059277283499,18.51303360457478,5.402560747566738,2.273738980741533
none_moving,14,307,131.57142857142856,37.26402980116719,311,133.28571428571428,37.291611577140245,33.7858839129069,17.737744346364924,17.257137677932356,18.416916625789646,5.230769315204407,2.282954721946475,33.7795166132161,17.841035070356007,17.290629505060522,18.024267008677764,5.034481773158713,2.281194109507281
none_moving,15,319,127.6,37.347846640449305,311,124.4,37.3829487617273,33.87006003428452,17.793541233488696,17.29588340439077,17.970053129683812,4.923345571085332,2.2861918447322216,33.85635379540766,17.870913552474853,17.297557113333887,17.530047611670962,4.661595342732441,2.2905432750884844
none_moving,16,351,131.625,37.3904016596067,311,116.625,37.48564219255461,33.94297557941415,17.870947014416167,17.38080110539291,17.53427641143962,4.635689679833952,2.293158102389167,33.945696288534855,17.902270566102132,17.297439708743834,17.03835535432868,4.294826945256238,2.3003189555217163
none_moving,17,365,128.8235294117647,37.55923524775968,311,109.76470588235294,37.614065032062996,34.07232260887848,17.886470787752945,17.336845673550393,17.06412319935279,4.253407654490487,2.3040830224431006,34.064439374120376,17.918494087570107,17.275360124781816,16.596559801896255,4.022076120241361,2.306388142592578
none_moving,18,396,132,37.68070789868281,311,103.66666666666667,37.76224454243611,34.17935011362458,17.916992362006383,17.320250108847873,16.637985787056046,3.9087263229571403,2.315694694711992,34.205793502459294,17.920160735351306,17.23784735491622,16.176275381920103,3.7490089272582936,2.3119737967582075
none_moving,19,409,129.1578947368421,37.831960184254186,311,98.21052631578948,37.9232079371303,34.32397787311071,17.907681146067283,17.290342921189453,16.248587850116216,3.678787443827418,2.3297523173382513,34.362005745240126,17.91314765046883,17.191454030129556,15.79571239891718,3.4784880120143717,2.31801716766354
none_moving,20,442,132.60000000000002,37.97698449706889,311,93.30000000000001,38.09266354656606,34.478641232408094,17.904762549306483,17.25896543293531,15.858704229312227,3.387883404401204,2.3189519496987616,34.52822186532757,17.901166298048928,17.139658092465673,15.43757127596836,3.2137476301166026,2.3248309843564594
none_moving,21,456,130.2857142857143,38.15219647151592,313,89.42857142857143,38.26789157410419,34.62593743421592,17.836942697583982,17.181056781889996,15.552302953219314,3.154411041266951,2.3300844214212235,34.7013316290499,17.886519801819198,17.08424462486655,15.087538096418818,2.9554416783946467,2.3323887219071815
none_moving,22,489,133.36363636363637,38.2700318404013,321,87.54545454545456,38.50658786847501,34.75041318171738,17.842713680245584,17.172606692990417,15.219995270711658,2.973712612913961,2.334883370001953,34.95041140826357,17.830138416131174,17.007156319361524,14.755005434796818,2.6306897006290404,2.3389049119445
none_moving,23,502,130.95652173913044,38.50065967789499,321,83.73913043478261,38.694829256193714,34.99135620548064,17.72981858744275,17.030196548420527,14.964094127507744,2.8583381391405283,2.343989630511811,35.1573932881695,17.81978023384145,16.97424881290988,14.433904511230772,2.3704123668465553,2.344571635720119
none_moving,24,536,134,38.701143612647485,321,80.25,38.89422219089602,35.195585903805075,17.70342831025966,16.946655807119345,14.670719036985505,2.6531528106951576,2.3540243859696264,35.36690133893368,17.79996061736889,16.91310409615972,14.12581635342228,2.130052245817572,2.3530580629997613
none_moving,25,548,131.51999999999998,38.87358682704561,321,77.04,39.085380584873135,35.36868653613793,17.6938512917633,16.91022472064376,14.342749762603884,2.3976375493521616,2.364034055916165,35.565225427802275,17.786006133753993,16.85281901708531,13.854715711263346,1.9994767118316634,2.361399433338311
none_moving,26,582,134.30769230769232,39.02408549197026,321,74.07692307692308,39.27532067544774,35.514240957560176,17.749209459148574,16.895338887439518,14.089925185608612,2.2757852704107373,2.3641264092777843,35.76012194979018,17.77388785550163,16.789839541793132,13.604274130771987,1.9079076758146585,2.3700144972368693
none_moving,27,596,132.44444444444446,39.19326584338821,321,71.33333333333333,39.46336008302769,35.66027476827406,17.741466514899656,16.843874351175714,13.87544674270261,2.2311377726700012,2.361705928773369,35.95185132092781,17.76401213590052,16.725725387873847,13.390823427998557,1.8242444294211335,2.3778849132374877
none_moving,28,628,134.57142857142856,39.313003171909884,323,69.21428571428571,39.70438148509444,35.7686055538973,17.69776239415322,16.81570029651042,13.652922989422068,2.0806375026294988,2.3673981724151396,36.18487867513833,17.712231895523473,16.62493989387007,13.18657963057631,1.7618644683808913,2.3874492195707147
none_moving,29,642,132.82758620689657,39.524025491317744,339,70.13793103448276,39.71685921501581,36.013369072407684,17.698371857374774,16.716477816594708,13.500085640002123,2.0875450237913147,2.373811349128631,36.22468680587055,17.828168161902745,16.64277363902481,13.06975356852242,1.8702295170124457,2.3676240120017833
none_moving,30,675,135,39.68354440306668,355,71,39.83170179646919,36.177855414783345,17.69751723388309,16.667272104742857,13.328506987892077,2.1082956138646973,2.3912516138929703,36.352255400249916,17.85468895084502,16.691387417463964,12.983150283429332,1.9817823054657349,2.409016464121021
none_moving,31,687,132.96774193548387,39.84076785770149,371,71.80645161290322,40.08295563284888,36.32938390483197,17.753960806425923,16.635868128880947,13.158639599145737,2.152696557210434,2.41090866178001,36.57726806793076,17.840882927689,16.598021055479393,12.827205933518538,1.9494109832322022,2.4335375128310774
none_moving,32,721,135.1875,40.04489968606717,385,72.1875,40.160918078147084,36.512802404212245,17.79134278304306,16.615799196355574,13.031611996789971,2.0934655971849474,2.396584653540469,36.64391778744675,17.88354552719807,16.67303207736618,12.803109027492987,2.160467821826271,2.399164351122849
none_moving,33,733,133.27272727272725,40.246662188301606,401,72.9090909090909,40.3764147572418,36.716927631348966,17.843088712882608,16.645509880251456,12.955157962225911,2.2033926499027325,2.4127388589901715,36.832736442855555,17.86492711431041,16.594559980509096,12.693110598889684,2.213878397321826,2.4474870307074674
none_moving,34,764,134.82352941176472,40.46688763449617,415,73.23529411764706,40.462330850102376,36.89457741846762,17.783314489221993,16.567036988309205,12.882370640643249,2.3532234502210763,2.429743115672827,36.89762805971263,17.921261579264577,16.621417968674525,12.648722998043187,2.396448447367361,2.4325899901714516
none_moving,35,777,133.2,40.57933011529537,427,73.2,40.69797708572638,36.99447685333904,17.75329742048523,16.57314073437874,12.827391065173085,2.4157900526726728,2.425565984652502,37.10667300327037,17.877757936227084,16.52680679585115,12.57431356133403,2.46295639085726,2.4468867450316916
none_moving,36,810,135,40.69285218552131,428,71.33333333333333,40.90340268296748,37.08294368499093,17.764668426980442,16.584834653305407,12.793264197430773,2.49646989908972,2.423943940470384,37.29787860981896,17.844248803717857,16.4715976822796,12.513231421736968,2.60492208169341,2.452977032312145
none_moving,37,823,133.45945945945945,40.77624083955707,434,70.37837837837837,41.08969704780963,37.155325368876326,17.802165346723097,16.540413748150193,12.698442081587636,2.6333997243504905,2.4401604499878857,37.46396253257215,17.836532656752176,16.422256300050186,12.456369872176957,2.772077657631848,2.4638364095490823
none_moving,38,856,135.1578947368421,40.89854542014373,434,68.52631578947368,41.18531351250094,37.27935582033477,17.790609243232158,16.47515324856453,12.593891155925048,2.7087647223320235,2.4512004590473038,37.5238828904084,17.89663870220561,16.457989401862726,12.423410444896946,2.895330518185979,2.4670112072695347
none_moving,39,870,133.84615384615384,40.97619788240848,434,66.76923076923076,41.29340511674582,37.33578177393443,17.884482250727896,16.487523505886298,12.503895308064665,2.856880883762847,2.458591190401227,37.604311753694155,17.95329383903664,16.47077492533689,12.361475555626473,2.9967559205845675,2.4680619643501016
none_moving,40,903,135.45000000000002,41.0584538168167,434,65.10000000000001,41.41890927989025,37.37468837159239,17.847366747091947,16.451836486114168,12.454869601056275,2.910151913051358,2.454544038905348,37.70746970541381,17.992020867987495,16.455842971859607,12.284837155972655,3.089510883868351,2.476447201037067
none_moving,41,914,133.7560975609756,41.22893260019201,434,63.512195121951216,41.54019026036176,37.500745908950464,17.813624079483983,16.40249977202029,12.316522944692794,2.889905762866028,2.4703290304933048,37.80734178400625,18.030870261977565,16.43958152537899,12.205722493722565,3.1885453246081608,2.4843565958582197
none_moving,42,947,135.2857142857143,41.360306048679625,434,62,41.65789514632774,37.63923175697632,17.832072450524258,16.38569546015115,12.184911343855338,2.933639855649905,2.4644083168810527,37.90478954179238,18.069270576248847,16.422998864754994,12.137149823768256,3.327603542329612,2.4924362870109893
none_moving,43,961,134.09302325581393,41.483163678447205,436,60.83720930232558,41.76128565111051,37.775816221305256,17.85835354551237,16.32135303898782,12.102039002563167,2.888485125781211,2.473393483384304,37.96513291905886,18.082390705990317,16.381357645336113,12.077019157444706,3.492960167136776,2.513949969453161
none_moving,44,995,135.6818181818182,41.541611562520664,440,60.00000000000001,41.87509491908901,37.838292299473764,17.955106991209075,16.34068290413933,12.028972957036443,2.9266868772387618,2.4991073118795377,38.050853026577556,18.094498157768612,16.327858897441327,11.984396831352287,3.6590342285890602,2.503875162923697
none_moving,45,1008,134.4,41.62355843409403,444,59.199999999999996,41.96351239123649,37.87470467624054,18.04134753491903,16.377958592992748,12.00174220826473,3.1676132041930507,2.4858402897257976,38.09581040241515,18.141632442007495,16.375653470665263,11.958224841187967,3.7558109735999996,2.5080509238736073
none_moving,46,1039,135.52173913043478,41.72160978595631,448,58.43478260869564,42.07706516902901,37.927714731351436,18.088811316910093,16.41492831472645,11.952460467853998,3.333036661475647,2.4992691310535693,38.20307999439703,18.174978021034853,16.43382263385602,11.860037459713258,3.9052499010158988,2.518017067127261
none_moving,47,1051,134.17021276595744,41.868123179642275,452,57.70212765957447,42.18468020411501,38.050510476924984,18.133042316499278,16.415403900285078,11.835196788138193,3.3859484125801838,2.523684910853775,38.31007460174555,18.21081049657269,16.5003849228425,11.764306879586607,4.050401019676699,2.530561302394022
none_moving,48,1084,135.5,41.92473433312537,456,57,42.284371144416575,38.12581834454828,18.260679406317227,16.525433140792277,11.75785038170904,3.597901503086703,2.527100452639634,38.40426755280758,18.279374284402596,16.624344567459552,11.697187163654949,4.131411575169568,2.5315039124564507
none_moving,49,1096,134.20408163265304,42.069291619399,461,56.44897959183674,42.368736757530755,38.25136161641093,18.303285459908313,16.58161228488003,11.759064053912718,3.8184866843593377,2.54856007707631,38.48123811958523,18.33472669602006,16.73153081982705,11.643373941061332,4.227434232149717,2.545296892562786
none_moving,50,1129,135.48,42.11546200370441,465,55.8,42.363723998563074,38.25789083530505,18.291967888070317,16.63831998643531,11.75007173133087,3.9582661908292853,2.535589329430201,38.482530141626334,18.444870023276142,16.89945077075119,11.638381264462428,4.3556817318923375,2.5452015254376974
none_moving,51,1143,134.47058823529412,42.213167280340414,466,54.82352941176471,42.37693600040029,38.34564983145357,18.279203597287268,16.664931774831203,11.661729289498416,4.078131902421046,2.5454936513178055,38.49584961227636,18.53427980874036,17.04175436494822,11.649819219274496,4.474490713353944,2.5560310791873007
none_moving,52,1176,135.69230769230768,42.36854875548146,471,54.34615384615385,42.420181334270964,38.455548906750906,18.2723231889941,16.690376868217424,11.60165447143413,4.146668173323955,2.545585410713932,38.52357916357253,18.513476189741258,17.072729425548268,11.640589929323673,4.565370351244298,2.5660316429042354
none_moving,53,1189,134.60377358490567,42.39084681800721,471,53.320754716981135,42.51736600419331,38.47315784731902,18.343792676222865,16.797894026018334,11.63087528776321,4.464581052529449,2.5386011766628584,38.61212343734092,18.46938675193933,17.08512786554484,11.623808405790808,4.700441999408722,2.584191542863899
none_moving,54,1221,135.66666666666666,42.517905937871056,471,52.333333333333336,42.58337158487268,38.58346296590732,18.40632040493962,16.87429875452114,11.587597172134597,4.524452495807425,2.5704365734807744,38.66276113124826,18.4791413191272,17.140669712972635,11.62164820183466,4.832521360655764,2.5923102081168286
none_moving,55,1234,134.61818181818182,42.519749255550025,471,51.38181818181818,42.649822868330375,38.60441631843011,18.474687217696772,16.988035457875565,11.5449470468075,4.5463201360833105,2.5718354743605985,38.715700142128995,18.50428405280721,17.208185166521254,11.618267691852349,4.9602711331684555,2.600975040478448
none_moving,56,1267,135.75,42.59039862229318,471,50.464285714285715,42.71442336711187,38.672984886760084,18.592144079161272,17.135899991365893,11.5622578690192,4.6171178308111225,2.5667195768904025,38.76730830755652,18.540432646706137,17.284123314644262,11.614395734007205,5.082714619054249,2.609398557027711
none_moving,57,1280,134.73684210526315,42.62193381718983,471,49.578947368421055,42.77642688608691,38.66930776577244,18.701493268856293,17.260010448492377,11.598954042313004,4.7677244907130225,2.5790612027724285,38.81672326445312,18.58427008761413,17.365815111989143,11.613193798371055,5.200728117756992,2.617674293519081
none_moving,58,1311,135.6206896551724,42.69199924554416,476,49.241379310344826,42.78203465175848,38.7293464423303,18.77508060695196,17.388224558736972,11.59049419196777,4.7384054997649505,2.5948647708958035,38.81083217021436,18.6812307883776,17.495190304499936,11.642474823772089,5.4004828048157565,2.6137989346326003
none_moving,59,1320,134.23728813559322,42.76757216019777,493,50.13559322033898,42.94354232715061,38.79140253852954,18.735373048354788,17.390428757608554,11.592349806448444,4.7953941287196455,2.5873153100128374,38.959871832640786,18.648801700853706,17.495437962328644,11.601329188899907,5.356496807662589,2.633336553239431
none_moving,60,1354,135.4,42.82932215686259,510,51,42.999644632908414,38.823655345068495,18.752963210096016,17.45462650603279,11.59246856557134,4.784803855243965,2.6166797112314186,38.99189920636695,18.69551945338005,17.583129963597923,11.623395329702543,5.57377308096713,2.6318698473463367
none_moving,61,1365,134.2622950819672,42.96801462629545,528,51.9344262295082,43.06612838337078,38.93510899685705,18.787932957324458,17.500156860088318,11.58536473711994,5.078518061501506,2.62393860058856,39.07287248993405,18.710081651803943,17.624356730394577,11.613454911614385,5.5411754272798435,2.641645104854151
none_moving,62,1396,135.09677419354836,43.05772437666694,545,52.74193548387096,43.10702977489636,39.027705441273696,18.836569977011443,17.583362452480355,11.546002551955294,5.156748118924041,2.6065460250168853,39.09187729752138,18.73968646346432,17.67966600250906,11.644240686425226,5.557920595004927,2.6385264883449895
none_moving,63,1410,134.28571428571428,43.081256083532274,559,53.238095238095234,43.11407836147262,39.069419302562515,18.905651806617595,17.699623710457363,11.514032108158716,5.2468479238117425,2.6273650184168558,39.11715767604851,18.801256945824058,17.777998636639367,11.66843862032175,5.599164504694494,2.66052953998809
none_moving,64,1442,135.1875,43.16620010448622,577,54.09375,43.21363255525851,39.14581460576402,18.99901754569474,17.81701167510622,11.571798560536717,5.493700022171174,2.6545376007316186,39.18156217457986,18.859114448004597,17.83676939809919,11.71912575413934,5.606296537501287,2.6752084441868775
none_moving,65,1453,134.12307692307695,43.09675632329468,591,54.55384615384616,43.20435201116159,39.07978338664013,19.07195130100428,17.932067761882113,11.648732989869591,5.624899326300964,2.6365665376723535,39.150397496721325,19.009564706099308,17.995065353090702,11.783562389176266,5.7145742324691,2.6693823284305593
none_moving,66,1484,134.9090909090909,43.09546951591098,597,54.27272727272727,43.25118959220307,39.07249298454417,19.048517764278795,17.962701754183,11.703313657198732,5.589733294545141,2.6464040865844334,39.18613119859256,19.083959144279927,18.083163159088084,11.811809928939523,5.700841288857068,2.678200412156436
none_moving,67,1496,133.97014925373134,43.13967557257944,600,53.731343283582085,43.28936946763425,39.11612098424795,19.067874738938063,17.997188039797702,11.738365536756202,5.676922346432021,2.6498364891346924,39.181079926663294,19.212328862386926,18.23530705258985,11.896252708326898,5.793216440867336,2.684786695583029
none_moving,68,1529,134.91176470588235,43.180407824031704,600,52.94117647058824,43.29440287806243,39.15304938002086,19.149216274320334,18.102257067480426,11.794802785144629,5.7239237252901365,2.6403660562853632,39.14115620599859,19.33912867103661,18.378822090490274,11.97931878702429,5.853640436057636,2.688832515766579
none_moving,69,1542,134.08695652173913,43.198777245235476,600,52.173913043478265,43.30194403338528,39.145104589848486,19.21752837001085,18.18757003100637,11.845287331434633,5.839435568131596,2.6754459713312575,39.12794701139499,19.43313486558439,18.488477902284707,12.036883792358056,5.902803397590815,2.6967473997409632
none_moving,70,1576,135.08571428571426,43.269422321950834,600,51.42857142857142,43.3022736312734,39.22232287718373,19.223207559938313,18.226550257557445,11.900207707625352,5.8609606104382195,2.6617417163072967,39.11441771959033,19.520114880635457,18.588889667286423,12.087528161142048,5.944017883147938,2.7040245692516396
none_moving,71,1589,134.2816901408451,43.16360990636732,600,50.70422535211267,43.29829965525691,39.156289257548266,19.289163140168196,18.321889454143253,11.926324833813027,5.9581478630672695,2.6529876968877018,39.10145154877202,19.601871570769216,18.683141062311204,12.14051853295885,6.006134322569149,2.711196882244048
none_moving,72,1621,135.08333333333334,43.17352097223964,600,50,43.29540629436686,39.19735453757046,19.324519011260595,18.37994098573477,11.93359654997757,6.013663227618248,2.699853791604006,39.09212778819965,19.67661176555458,18.76762708563296,12.186923660190999,6.063335903838826,2.717877815765873
none_moving,73,1632,134.13698630136986,43.15412179971706,600,49.31506849315069,43.29343770392901,39.15446608796557,19.44148022484712,18.5108635237245,12.001821718429467,6.084828236319217,2.702675220133837,39.08540429059657,19.74576265109124,18.844314854185143,12.227823908085114,6.116018141964602,2.7240407234587165
none_moving,74,1663,134.83783783783784,43.18169170490102,604,48.97297297297297,43.19411798635357,39.17390757455919,19.473314714381257,18.537762103884095,12.037845322986445,6.122594386772474,2.7135621766543925,39.024773498494355,19.8031762804445,18.910471480510672,12.234682870592838,6.077994946502175,2.7211123068891707
none_moving,75,1675,134,43.25415530443251,608,48.64,43.26051383268749,39.199691550885916,19.44298871203685,18.52775002051794,12.108756898452086,6.322704796339222,2.7238008681718275,39.06453545070671,19.84881398225342,18.956371869801252,12.281699199573099,6.159623000023723,2.736529149363672
none_moving,76,1709,134.92105263157896,43.30230485902464,611,48.236842105263165,43.265472855933986,39.24318797656287,19.5384760136267,18.66835165842668,12.15748865288119,6.310368945138547,2.7101561927413864,39.06205200906756,19.914781399354798,19.026564697888656,12.318810814307257,6.229088580622927,2.7345519225126176
none_moving,77,1721,134.1038961038961,43.3727955843522,615,47.92207792207792,43.28478303160709,39.327436801274956,19.637226171366457,18.804593785613783,12.23626088930989,6.466931196264762,2.7247466682249164,39.07197836928991,19.971500359336414,19.08453877332561,12.346296345227906,6.2683586673966,2.7450548189571586
none_moving,78,1753,134.84615384615384,43.410964683816175,619,47.61538461538461,43.28517746969769,39.34184527625018,19.676660271395676,18.851313901272334,12.25744606517105,6.494171987245869,2.745219247289985,39.07240632807948,20.03173905300803,19.14498709762787,12.380612755253985,6.325446254134383,2.740426280859598
none_moving,79,1766,134.126582278481,43.36772909066633,626,47.54430379746836,43.2846568892121,39.30384667724424,19.78452452085464,18.96773208715186,12.287003885018,6.402606416324959,2.7341005755806806,39.0713807535892,20.078796044304823,19.194113590568335,12.405197094578089,6.364715231292441,2.747334254751317
none_moving,80,1799,134.925,43.359199083488605,631,47.325,43.242423683740384,39.28778012805157,19.77134312556019,18.94558298277648,12.301608988207173,6.370344974599477,2.728121450323019,39.06970779292325,20.065296337950866,19.196436254468765,12.360698253055233,6.219426516863928,2.7493279399587793
none_moving,81,1812,134.2222222222222,43.338307247091464,633,46.888888888888886,43.270460938010544,39.249272560631525,19.89107100655011,19.064499595445124,12.323882463732659,6.386330605110672,2.7455845351563517,39.08915232613136,20.087885385365457,19.234005212733766,12.387478663813651,6.280301097008432,2.7538061989898344
none_moving,82,1844,134.9268292682927,43.29805895447661,636,46.53658536585366,43.29695344336019,39.20932480577058,19.964083183608217,19.1253954590807,12.39262823258366,6.591572061377941,2.723252213202752,39.13446200348322,20.14350779384939,19.306950914408226,12.413162222032899,6.306530015121728,2.757586477301125
none_moving,83,1857,134.24096385542168,43.31953317223798,636,45.975903614457835,43.286129252549365,39.26169493867208,19.933056269159216,19.117460149987107,12.370672976968235,6.566441227741523,2.7529313030438014,39.13515511005319,20.170390740422583,17.50605455583804,12.437176858759447,6.338638596884907,2.7552848370321112
none_moving,84,1889,134.92857142857144,43.38972069419895,636,45.42857142857143,43.291166221516974,39.33132778079589,19.89628076946565,19.073241885473294,12.356879447690451,6.536291926475997,2.785977628878874,39.14792030423801,20.152301362145458,17.51630276541196,12.4624007258176,6.374619054312766,2.7570115484284794
none_moving,85,1903,134.3294117647059,43.29169541334169,636,44.89411764705882,43.29264439014423,39.243090751209465,19.970220626819263,19.143081458044527,12.3883838295776,6.616550864735571,2.766351194341144,39.15413304501702,20.141652397007487,17.529637715273605,12.48531024487088,6.408284966893539,2.758247351672448
none_moving,86,1937,135.13953488372093,43.24388335223157,639,44.581395348837205,43.29187855461046,39.166281472548334,20.039578691461298,19.219632766812218,12.446807399309508,6.635631165994738,2.7533602727668387,39.16235078932374,20.116663509975222,17.502939882988805,12.491947075819027,6.4692962559400495,2.7795372312969
none_moving,87,1950,134.48275862068965,43.254317294349555,645,44.48275862068966,43.297493114394356,39.164467880586116,20.126658622526172,19.29464467825629,12.467019405484095,6.754068439323233,2.7519518164964114,39.17545255228833,20.093313440348858,17.514020969090453,12.482768233541718,6.424767874220781,2.756239134849555
none_moving,88,1984,135.27272727272728,43.300556032212334,651,44.38636363636363,43.232149294764746,39.224381815164165,20.08023129126117,17.561873602530866,12.520818968456211,6.818626609780174,2.74745908241952,39.09695108113148,20.089037917379137,17.509241285402123,12.515545422305573,6.449772450198926,2.746768632653694
none_moving,89,1995,134.4943820224719,43.307464269820656,657,44.29213483146067,43.26510386985391,39.224972378419956,19.99546048526393,17.48629386202775,12.498365096589096,6.629778098525419,2.755249031593135,39.13180840654399,20.100802283395016,17.54251896989469,12.566882452118218,6.561291305956938,2.760308794497543
none_moving,90,2028,135.20000000000002,43.30584297078223,663,44.199999999999996,43.271607652464155,39.241027886446304,20.01604832520491,17.530932387548592,12.480879003513115,6.660901789709598,2.766575392740389,39.14092668660235,20.10333450521773,17.55365367068272,12.558796891051658,6.522235243193319,2.7623982166396055
none_moving,91,2041,134.57142857142858,43.33336777794969,668,44.043956043956044,43.29450834024082,39.27571766716028,20.06040592967798,17.64773153897767,12.47676317523668,6.687913479744596,2.7556443791960974,39.16271966400337,20.117919766806153,17.58970529208897,12.575697313109933,6.528013990650641,2.769998249433108
none_moving,92,2071,135.06521739130434,43.35566082262561,674,43.95652173913044,43.25556813540483,39.30748359374066,20.026543216234863,17.656131184797935,12.497443912603817,6.643173437340175,2.7797188776121855,39.12422431663081,20.11846316439626,17.585369506958298,12.6511709104374,6.706706369216328,2.7535482617241365
none_moving,93,2084,134.4516129032258,43.31726463782403,676,43.61290322580645,43.26772079524491,39.24295415205229,20.04816594858938,17.64888975311053,12.583046628184805,6.803787492974602,2.758317723716998,39.142947837066444,20.092500840148055,17.587278787596293,12.609061716182696,6.591104695405561,2.7616031739788114
none_moving,94,2116,135.06382978723403,43.299791765654604,678,43.27659574468085,43.274998868262934,39.21543182459803,20.072781787088598,17.703597947465582,12.576716437570093,6.771748957392465,2.7578682127692877,39.154363163733684,20.091586117614636,17.589625420528677,12.627183244032166,6.638664831385634,2.7605625794382647
none_moving,95,2129,134.46315789473684,43.33956152697856,680,42.94736842105263,43.27519179258585,39.29875743346053,20.03869269040999,17.64578995459319,12.581178432140971,6.830824486248657,2.761515855655447,39.148235824410364,20.09408355781717,17.625613765548174,12.661521035424276,6.710589605834252,2.7571834041960224
none_moving,96,2162,135.12499999999997,43.29391824885111,682,42.625,43.25858368849065,39.258315203656245,20.018955429934277,17.63564322326467,12.603753949685736,6.913554925612567,2.7501872792970046,39.13218264152374,20.086359667722252,17.62966821800834,12.689545059412517,6.7627299037170525,2.7554577083322127
none_moving,97,2175,134.5360824742268,43.30186857480044,685,42.371134020618555,43.30690913595417,39.27541858966199,19.964560238187367,17.624012096975555,12.604470766579581,6.857835618125151,2.7535813646783565,39.19464263308702,20.104731213745026,17.694538615832148,12.72362766157166,6.853034507204705,2.767578420610591
none_moving,98,2208,135.18367346938777,43.308041078059276,685,41.93877551020408,43.315176263843306,39.30138611391237,19.97985486347358,17.66243977730246,12.625051945341996,6.956181699217787,2.7614870785003127,39.21358342868066,20.114312602456284,17.725211294906984,12.757987633552023,6.942752949155595,2.764370749015177
none_moving,99,2221,134.60606060606062,43.37337851892152,685,41.515151515151516,43.33051177830053,39.373428930847204,19.986495009151298,17.703523832061084,12.682011755893464,7.053377271655185,2.757148279010957,39.23890550339733,20.113409956527416,17.74476438247484,12.774774264700566,6.993325819665783,2.7653365757390476
none_moving,100,2254,135.24,43.33456061346446,685,41.1,43.337790257140306,39.340383420962596,19.987596388673516,17.68904083819693,12.691425178679262,7.113164255491713,2.7605616882400894,39.254416932145794,20.10932963655289,17.755968778643712,12.788731454108463,7.033940955395181,2.765249667519541
none_moving,101,2267,134.67326732673266,43.29040471940333,688,40.87128712871287,43.36804605195447,39.29337318527446,19.971863487151204,17.674509268299992,12.686967128142369,7.041967932558015,2.7536228192639314,39.292980195303414,20.123536842819377,17.780311987620024,12.806433108621754,7.092660175160721,2.7753429737316058
none_moving,102,2299,135.23529411764707,43.30446459145267,695,40.88235294117647,43.32098313973219,39.32125616181978,19.91868373885445,17.67636624349575,12.708006580352707,7.07738559173534,2.7685829742740364,39.25015467933348,20.09955128580727,17.742649059954683,12.804275420558396,7.093867028834124,2.774936998613867
none_moving,103,2308,134.4466019417476,43.302424864249,701,40.83495145631068,43.2793015727893,39.32676523560919,19.88775527266608,17.66464674359208,12.728808773577523,7.127790577878521,2.7915132614392095,39.23191954101103,20.048661076185983,17.68835849597724,12.786731414707235,7.074517980912678,2.7669312902269856
none_moving,104,2339,134.94230769230768,43.341907558744765,708,40.84615384615384,43.24922714779018,39.37825709976438,19.892959107120802,17.646653864566797,12.712750928123553,7.110445175736111,2.7805108550488735,39.21833879472205,20.004476494433433,17.642541302426114,12.781977579043415,7.07923620557407,2.759666714748856
none_moving,105,2352,134.4,43.30464551335079,715,40.857142857142854,43.33047205603655,39.361740535340466,19.87811776023988,17.630070933253208,12.672338046297956,7.04607970859815,2.781048606373033,39.29034828566231,20.036181687288966,17.74505972392445,12.805536156444527,7.098586855658833,2.7598756632759094
none_moving,106,2384,134.9433962264151,43.2801958222229,722,40.86792452830189,43.30793129480612,39.33306815520483,19.843036581209173,17.578577865659156,12.67146539139469,7.016435327252298,2.777272018848456,39.27310108120399,20.01951712813911,17.728687201895795,12.806925256964718,7.102637357825601,2.765916099376786
none_moving,107,2398,134.46728971962617,43.24635094352846,729,40.8785046728972,43.341263680232466,39.31553083101757,19.872905271863328,17.599220903956635,12.725857431173603,7.0680184707016185,2.768913879680207,39.30591059324327,20.04266196059699,17.779489844109865,12.819143083527267,7.109286437352693,2.7697992009942296
none_moving,108,2432,135.11111111111111,43.21393412111892,733,40.72222222222222,43.32624189478229,39.28332702273478,19.850010431095274,17.579588084202154,12.726355818832255,7.022746709890048,2.7522838018962026,39.322153033108634,19.997134618155773,17.699731246451783,12.801262987223947,7.115320678290565,2.793257969539286
none_moving,109,2445,134.58715596330276,43.138096960493236,735,40.45871559633027,43.312736537210824,39.20646660064197,19.779906168371596,17.55304075055167,12.722522316661903,7.0024389985074595,2.7598078385460076,39.31946115493126,19.978244009015622,17.686036383859292,12.798963205282833,7.117418488922082,2.795893313939003
none_moving,110,2478,135.16363636363639,43.08039078897404,737,40.2,43.32053198025228,39.15705961425079,19.83571635718851,17.638832575634602,12.722844272006641,7.024919248821684,2.7509988064320106,39.340685814047234,19.9758764012239,17.66574361405876,12.82202364309946,7.154733651966883,2.7826905591344655
none_moving,111,2492,134.70270270270268,43.08109532004949,739,39.945945945945944,43.36025730210768,39.18281694722956,19.837029629422876,17.587543423882764,12.718927155532601,7.109561612285573,2.738714523441065,39.393713708199456,19.968560094763877,17.65454787057371,12.807628192525256,7.168187627933366,2.7827932616547533
none_moving,112,2526,135.32142857142856,43.10967115121777,741,39.69642857142857,43.34688810092218,39.22613316493887,19.802970786385078,17.5265491420786,12.718760557738046,7.110487852599527,2.7423780167418204,39.41365645989809,19.95034363263626,17.654841142304573,12.77714995328543,7.167183226963194,2.77697248901124
none_moving,113,2540,134.86725663716814,43.07905171847202,741,39.34513274336283,43.34316456424033,39.16126702458358,19.817101134342344,17.590354131196356,12.692851184145116,6.978903672392008,2.7540389059546406,39.42985985254075,19.943879491425413,17.658488418752466,12.757651037697753,7.1648807450147425,2.7756043052305976
none_moving,114,2573,135.42105263157896,43.018645829402395,741,39,43.33984109733548,39.119679189675956,19.742988452296338,17.499758162878972,12.701064496641814,6.960185635873339,2.742085072263531,39.43952208469418,19.940678066389275,17.658745680408707,12.746740293409497,7.165749922755708,2.774296488392981
none_moving,115,2586,134.9217391304348,43.02421531373393,741,38.66086956521739,43.33805488658137,39.09453829331005,19.76487585287335,17.504174686459972,12.765180571734696,7.009937725815004,2.763182801938607,39.44665085726055,19.939601177992905,17.658154769467146,12.740662634362888,7.1670571796698335,2.7733386582950694
none_moving,116,2619,135.4655172413793,43.02816836449032,743,38.43103448275862,43.38842505906588,39.10634429362998,19.765660148583216,17.49292579564419,12.75602229824773,7.012569986845121,2.7756358901151787,39.497404054304155,19.9812340992139,17.69519523598789,12.700824972252237,7.058432144073885,2.7837556443432003
none_moving,117,2632,134.97435897435898,43.04035810887393,749,38.410256410256416,43.29462688233048,39.128498170592636,19.73470966664759,17.49232229928549,12.75570919673395,6.95358064894431,2.7441492071964286,39.417345054887235,19.907828069260912,17.620178301375642,12.686401963351594,7.061487939736251,2.763754613161703
none_moving,118,2664,135.45762711864407,43.11128608390865,756,38.440677966101696,43.31452882192593,39.21917120682479,19.768307348242676,17.588725708253808,12.758632423081975,6.96135450292018,2.780206721668061,39.44567819257083,19.907043527961857,17.64347156829697,12.692088813220334,7.036560878517856,2.775056837699771
none_moving,119,2677,134.97478991596637,43.14187865109952,763,38.470588235294116,43.31472712134237,39.268164226946574,19.783943605559237,17.612943461711133,12.781366022533605,7.110848588673649,2.760849853544985,39.4473358944672,19.932570872159953,17.675528326490276,12.74277625841183,7.1543380255267115,2.7804151973293
none_moving,120,2711,135.55,43.092911106860555,769,38.45,43.263026357748515,39.22698080769438,19.80442302323887,17.589508266300253,12.748683641012084,7.115801893631981,2.744648593695408,39.410051524557005,19.884329184230417,17.605560668655087,12.705134033807651,7.104919626720168,2.7519327940319145
none_moving,121,2724,135.07438016528926,43.10927285156476,775,38.429752066115704,43.29763425061118,39.246003811676744,19.788259274361216,17.52969788701761,12.767294324457795,7.117773948035797,2.7515147990129556,39.44573421884477,19.921303639385332,17.61562708150087,12.736874211443922,7.1809245935196415,2.7607193411994997
none_moving,122,2757,135.59016393442624,43.14902147580931,783,38.50819672131148,43.28348131714688,39.27306269606925,19.79639656411068,17.5513733676899,12.779910554941196,7.0595882777846635,2.7572915552165393,39.439400550951575,19.891455850090217,17.60093657503291,12.685325725860544,7.051557594659092,2.7683067126506793
none_moving,123,2770,135.1219512195122,43.1024640317658,787,38.39024390243903,43.330420944242796,39.25525667448014,19.823822567339434,17.59985624633542,12.782028482496766,7.101832096947035,2.7400505950217995,39.46299572334742,19.968434646607257,17.706882394306266,12.754946569184295,7.181235632785326,2.7759487242887544
none_moving,124,2804,135.6774193548387,43.06476075654187,788,38.12903225806451,43.31974638128259,39.228055140698174,19.809976867950166,17.547369516279595,12.772646898176458,7.108416489342886,2.7451369439650186,39.453721637399795,19.968042572463382,17.711582718542015,12.768786422395788,7.218130879516235,2.768432413889073
none_moving,125,2818,135.264,43.06659967470246,790,37.919999999999995,43.29207070920705,39.25841262947458,19.762879165048496,17.48451734693939,12.712000635794144,7.061428760548337,2.72831080269126,39.429380194103416,19.946680513027495,17.70020216124823,12.783822118015596,7.267965068198791,2.742669034636197
none_moving,126,2851,135.76190476190476,43.10035599399479,792,37.714285714285715,43.29397810454697,39.27113548431474,19.722764828138477,17.39481131524193,12.67649999284048,6.878782037819476,2.7284487631977483,39.43565689541695,19.945957662709752,17.70400272607501,12.774809768372979,7.2500525949805406,2.7443481161785677
none_moving,127,2862,135.21259842519683,43.109574649338676,794,37.51181102362205,43.29090657554051,39.23031195444888,19.824999894914892,17.53761279434902,12.725079560004446,6.882687589120756,2.752143602843479,39.432439875036586,20.002537140420284,17.74807195774214,12.775275014824231,7.303197154051898,2.7419194547385826
none_moving,128,2895,135.703125,43.052914797300026,794,37.21875,43.28983607990331,39.17036809587979,19.815220487237145,17.5690320557305,12.774867219428007,6.95015070959546,2.729522269954757,39.43323676986385,20.03127112446458,17.77370909871873,12.775670791898307,7.33187005295341,2.74039679128236
none_moving,129,2907,135.2093023255814,43.087715023576806,794,36.93023255813954,43.28544556421315,39.2273176908695,19.782669907324713,17.491815571743402,12.759640578426406,6.914015051073548,2.738428513685076,39.43258650684434,20.04291121997926,17.784331967716476,12.776986465776316,7.3524242414325,2.7388992685939044
none_moving,130,2940,135.6923076923077,43.09735652887699,794,36.64615384615385,43.280746133266035,39.247297887015016,19.800129731152143,17.512666749248286,12.730683924088273,6.874541915432346,2.7369067600504704,39.43244086851109,20.046558416881403,17.78836800776764,12.778136576877715,7.3658817726715125,2.737771549513412
none_moving,131,2954,135.29770992366412,43.077134049890816,794,36.36641221374047,43.275264823353844,39.2046386779593,19.824503968677256,17.534382542151864,12.713860189775378,6.827940709487358,2.7358234027718358,39.431935759010216,20.04574859891747,17.78830269459217,12.779266836656403,7.375818161515317,2.7367637964163545
none_moving,132,2987,135.77272727272725,43.03715802375143,794,36.09090909090909,43.269519257321775,39.188300113433996,19.8380218173586,17.537766513266902,12.701946578494876,6.9443103798918555,2.7318290739131093,39.43127587465669,20.042839445414284,17.786303475047198,12.780270150715511,7.383286495465181,2.7358849844672024
none_moving,133,3000,135.33834586466165,43.12401774435146,794,35.819548872180455,43.26355982883617,39.23273249578983,19.93811592657891,17.657513381744533,12.774261765440881,7.032361564986506,2.7596268116684715,39.43037008284121,20.03894638623689,17.783292865261135,12.78118511068999,7.389272156763981,2.735085651091946
none_moving,134,3032,135.76119402985074,43.07479556042894,794,35.55223880597015,43.25752681318648,39.1612552739961,19.974302471053054,17.663706958213407,12.833934172997983,7.162002471294094,2.746914092096542,39.429272855198036,20.03472841476483,17.779869993532962,12.782017191133892,7.394235733067089,2.7343547582372794
none_moving,135,3046,135.3777777777778,43.11646703563273,794,35.28888888888889,43.25148328292956,39.2134295006896,19.954962325892428,17.65613557350699,12.802172551157708,7.11450781944735,2.761594029094437,39.4280067838687,20.030520416969807,17.77632836302752,12.782786704776388,7.398501915174295,2.733678473199734
none_moving,136,3079,135.83823529411765,43.03473225956856,794,35.029411764705884,43.24548847491482,39.16550161782603,19.903918105633622,17.578478141620273,12.792495001437699,7.169222679627501,2.7591895988169286,39.42661068380837,20.026506123728584,17.772837236926886,12.783507450293339,7.402257551322696,2.733050056587527
none_moving,137,3090,135.3284671532847,43.08362729763257,797,34.9051094890511,43.24331249600292,39.180982683569695,19.954618737926264,17.619042674055038,12.748382307070708,6.982738743970775,2.7659076338853046,39.42840923503845,20.02539808770095,17.772817250387575,12.782494105649263,7.399630158791063,2.7337327085636227
none_moving,138,3123,135.7826086956522,43.05356384606354,797,34.652173913043484,43.20505551877073,39.161170986271145,19.85028387437749,17.525580926971298,12.791860702446732,7.032729819854642,2.7505246500247487,39.40604598482825,19.96198206690536,17.707997513653943,12.715474099431361,7.266851812223054,2.735942468121134
none_moving,139,3135,135.32374100719423,43.04350157647813,798,34.44604316546762,43.18837758263164,39.141485385629366,19.81982936606139,17.503463635276795,12.768311427953348,6.848731078909381,2.7575512656236265,39.39287651401851,19.961938610292737,17.705271593814746,12.717077410975453,7.253681828465417,2.7347001502129946
none_moving,140,3168,135.77142857142857,43.04978780538712,800,34.285714285714285,43.20755684851018,39.17030270820292,19.82557271343085,17.499988263749817,12.751628853303991,6.916443997528405,2.7462255583333137,39.417839773752675,19.960893009476926,17.735319533782327,12.72156393484987,7.229295103579268,2.733648618775138
none_moving,141,3181,135.36170212765958,43.0928799811531,802,34.12765957446808,43.16849583025003,39.233820233665526,19.89392166789883,17.627151659469515,12.769191290367697,6.948904060661998,2.7530819151207915,39.37585920183733,19.956539330285576,17.739861578272006,12.745896328269485,7.2332381938118075,2.7308187077486155
none_moving,142,3215,135.8450704225352,43.04059935194615,804,33.971830985915496,43.12415451386785,39.22697957757522,19.866535226115698,17.605688816727017,12.77457478620229,7.101306773486406,2.7413062839375373,39.32064615150912,19.931718554799286,17.713947982269975,12.755188175634807,7.198578841499175,2.7290610799348642
none_moving,143,3229,135.48251748251747,43.09537573282731,806,33.81818181818181,43.10924527371547,39.270094883660406,19.88717451082011,17.59118380457803,12.740956829076286,7.0000191493541575,2.73713700548561,39.29914449881561,19.914795810815384,17.73392187054513,12.765682844824287,7.148920793615397,2.71469355033686
none_moving,144,3262,135.91666666666666,43.0637663511736,812,33.833333333333336,43.02533130529033,39.22683504519016,19.918261778293044,17.640910869024186,12.749911408180715,7.041908431320754,2.75769581781093,39.215076613566694,19.908635261946078,17.676744203709212,12.771852807606301,7.148270973498486,2.730691760425153
none_moving,145,3274,135.4758620689655,43.03359968182601,819,33.889655172413796,43.06071599339974,39.163206961796966,19.930372696065444,17.62719847052149,12.782171348176039,6.989708976413161,2.726639479699149,39.250033795151,19.90841682241932,17.689465074527217,12.765690534669911,7.151614843099369,2.7240561825835234
none_moving,146,3308,135.94520547945208,43.04201515943542,826,33.945205479452056,43.076914897349766,39.17980493442088,19.918479578109658,17.60480286251976,12.783843051767116,7.035357192529611,2.7460127246008432,39.28277642710157,19.878278715708447,17.654867800005366,12.733294490039055,7.10751088703507,2.7196130907707112
none_moving,147,3321,135.55102040816325,43.11875409436767,834,34.04081632653061,43.045359867195444,39.2527593340055,19.98587284340145,17.679739544526193,12.802691221290143,7.100029349780617,2.7537446416192664,39.23209481643151,19.902935832567426,17.657635488239734,12.773264908696463,7.223240847268117,2.721908860738214
none_moving,148,3353,135.93243243243242,43.14791314171052,848,34.37837837837838,43.02201715825747,39.28992902997494,19.95313463653018,17.628077495390013,12.803582176252762,7.125498105149623,2.7456890973189423,39.20926517345549,19.930953600993348,17.677629212089425,12.77725349417648,7.17597772201586,2.7350401988477913
none_moving,149,3365,135.50335570469798,43.08353505618019,862,34.711409395973156,43.01704626121503,39.25282694372145,19.900408081665994,17.5550430924471,12.75705486366983,6.987673799214939,2.7435629085493924,39.21585819650956,19.920461801911966,17.642910496023006,12.788501454434355,7.232903261663238,2.731885886017006
none_moving,150,3398,135.92000000000002,43.02966690845175,873,34.92,43.00567857493057,39.173013623329176,19.92231953515331,17.547972395777144,12.7610755957636,6.957915263752875,2.7495926330804425,39.202273252408354,19.913126195415447,17.62395386656493,12.760110291745944,7.197749038899054,2.743217644931677
none_moving,151,3412,135.57615894039736,42.978682569387516,880,34.966887417218544,43.00820462996882,39.110117837927255,19.954819731483802,17.5697233818375,12.766516473662602,6.916943846500759,2.7333351388352995,39.20991743004721,19.91998733134878,17.61986590727974,12.790871102075052,7.26588167763554,2.7364031245849936
none_moving,152,3445,135.98684210526315,43.005422221064485,888,35.05263157894737,43.03980199381602,39.11190051526428,20.016566847427104,17.60352445329628,12.773641861308784,6.935038593665932,2.750050005917933,39.23912570200652,19.941846535423462,17.653495515601158,12.778705363122913,7.2207833809581645,2.7407313172990393
none_moving,153,3458,135.60784313725492,43.095435525447876,892,34.98039215686275,43.05595892648234,39.21247263039395,20.06103875827429,17.675254330251303,12.8064567008617,7.031672393979109,2.7607918530465096,39.256313076452884,19.970721798628016,17.665481994273236,12.820728014326944,7.301759138409587,2.737429815973143
none_moving,154,3489,135.93506493506493,43.09890236671783,897,34.94805194805195,43.02570322464761,39.22539836267931,20.102382310848775,17.701987732314596,12.84749345994127,7.317891858310726,2.7513466719550523,39.219385936731754,19.95986565279635,17.65249930276526,12.79217323250873,7.248465752737113,2.7455997108425363
none_moving,155,3503,135.6,43.14196307865784,899,34.8,43.016915805303476,39.30218133173496,20.085359189221418,17.700421656836333,12.799519237260801,7.301250569820149,2.747306363618224,39.209795424809855,19.97007264323544,17.67614318828649,12.815771829308316,7.279705070465462,2.7496931627489025
none_moving,156,3536,136,43.19558371490934,901,34.65384615384615,42.991330162603916,39.36052287820931,20.02991200494155,17.651104411018302,12.796854904302235,7.207185942544735,2.7268144718793437,39.18341685354167,19.96429551773042,17.680445070496496,12.828939630699825,7.291216033348371,2.75401274400646
none_moving,157,3548,135.5923566878981,43.12791080324922,903,34.509554140127385,42.99560197497427,39.29011158914556,20.09981263480733,17.685740662089007,12.823550279825959,7.303484397948379,2.7300141892870866,39.18998256937475,19.91451357884515,17.647114841775196,12.85118389293166,7.280558932541823,2.7633261938569014
none_moving,158,3580,135.9493670886076,43.14258639373164,903,34.291139240506325,42.99700627276538,39.30954509326675,20.102364583392358,17.739217920893957,12.819419245926209,7.197474647258207,2.750942889248641,39.193237863295664,19.88810087418397,17.62845578847218,12.861879593791526,7.269476805239322,2.764494308839709
none_moving,159,3593,135.58490566037736,43.06858748490759,903,34.075471698113205,42.99547138891087,39.2457393422727,19.980151269987452,17.667079980916526,12.798251220244753,7.207782203273159,2.7379038654646086,39.19282379936797,19.873773164036308,17.618342745246103,12.867839722793649,7.261114094274189,2.7650691578458284
none_moving,160,3624,135.9,43.059219786525055,903,33.862500000000004,42.99249013758469,39.20373921890098,19.969559263173306,17.658991115623387,12.809676614409497,7.12415748795248,2.749297519970789,39.19043036559035,19.866038560095074,17.613470649452765,12.871337809608924,7.254376892430825,2.7654047343511436
none_moving,161,3638,135.57763975155282,43.10854488244841,903,33.65217391304348,42.98872216636665,39.26162725159725,19.95775088631039,17.635543846443742,12.830145890854851,7.152906451196609,2.750781632285079,39.186989093860404,19.861763108585244,17.61140311600438,12.873567864942792,7.249058127225315,2.7655799856531407
none_moving,162,3670,135.92592592592592,43.041859741721694,903,33.44444444444444,42.984710343538396,39.20233764654971,19.907421114819048,17.54872290733698,12.828129098737273,7.140878373924329,2.744876619901801,39.18319089133117,19.859359825597753,17.610869676881055,12.87508659064449,7.2447636893099405,2.7656747631583265
none_moving,163,3682,135.53374233128832,43.08546309789888,903,33.23926380368098,42.98073475356323,39.24803914878742,19.98607836693013,17.665024322404765,12.795266070208148,7.10059379849834,2.7551452313264844,39.17939395088609,19.857970027809927,17.611126568522018,12.876203213937194,7.241277021907718,2.7657222618535857
none_moving,164,3714,135.8780487804878,43.10843039292718,904,33.07317073170732,42.98588352336342,39.27054240908275,20.00709479771483,17.706877007987725,12.776332354863305,7.037728388561628,2.7716331566551426,39.183634287598316,19.86192816638938,17.62342903541055,12.876018743785037,7.228618264602001,2.7663991001093113
none_moving,165,3726,135.4909090909091,43.03160867955622,904,32.872727272727275,42.971816322518016,39.194983101136174,19.966729015333392,17.640828486824436,12.786794757664229,6.99266579137808,2.736676609119559,39.16885639587112,19.86355729868535,17.621343873540024,12.882255922465932,7.250392045705349,2.7585248200673838
none_moving,166,3758,135.83132530120483,42.93051186544658,904,32.674698795180724,42.97075810099528,39.09833073200629,19.923922986052567,17.573989639464134,12.803506004220427,7.008990930763365,2.7329742607638843,39.16875361031326,19.86303799087148,17.623686779304833,12.88124488313489,7.241706530302895,2.7585013021683866
none_moving,167,3769,135.4131736526946,42.98467553224427,905,32.51497005988024,42.98250421587182,39.16837883847954,19.953980917024115,17.55654738298696,12.798781901194731,7.038027904240727,2.7447066621727574,39.179927294015606,19.87208290407553,17.638060188144713,12.8782870078978,7.2257116639090855,2.7605671386442325
none_moving,168,3802,135.78571428571428,42.96750451577936,906,32.357142857142854,42.983774776789076,39.13341462271582,20.00708040815033,17.5915237974157,12.844133298356756,7.1510305484083725,2.7279963387573014,39.18297936610918,19.85508130619679,17.614814290462267,12.845918656153996,7.171846910314829,2.7615076732297443
none_moving,169,3816,135.4792899408284,42.92566997209805,907,32.201183431952664,42.99163584767307,39.0999678032233,19.998843787576472,17.59069405811001,12.77717236541659,7.060675828828695,2.7331246154101776,39.19645865249383,19.87339326213523,17.6062674116244,12.857142642154132,7.191897079499246,2.7536302735752294
none_moving,170,3849,135.8470588235294,43.01905562326278,909,32.082352941176474,43.00217696700439,39.22087207583997,20.055442724260068,17.73727937379089,12.780951863114566,7.078243906176431,2.740039784796891,39.20712787418408,19.879077363054243,17.57471154710773,12.846729484990467,7.2050023147994136,2.747908364501903
none_moving,171,3861,135.47368421052633,43.036749990499985,911,31.96491228070175,43.04602164461255,39.244256520338354,20.040643062899136,17.73809024886348,12.844360191712031,7.278621881442241,2.729295470580245,39.24909748687724,19.893913278726895,17.59535510353456,12.845347031639777,7.213307262024545,2.755499529971776
none_moving,172,3894,135.83720930232556,43.09837042147302,913,31.848837209302324,43.05376554040248,39.292228149497646,20.044694549113714,17.728640470314918,12.832541639056975,7.219912179264381,2.7504912573442892,39.239721799391624,19.940593005677876,17.614636107399555,12.851454747165079,7.250820428598054,2.748931522872442
none_moving,173,3908,135.53757225433526,43.06122222854687,913,31.664739884393065,43.07076989105485,39.23605359385233,20.063537720851443,17.697618364477425,12.852966255302364,7.214899487767326,2.755722034338415,39.24563195061275,19.975184945858974,17.63115108599458,12.853449370616723,7.2707718460273485,2.7488542487025365
none_moving,174,3941,135.89655172413794,42.98350907053959,913,31.482758620689655,43.08620456727247,39.16600791790408,20.042141924201406,17.62475924573847,12.860341404630606,7.335557286818928,2.7383007953179024,39.253971123550016,19.99965877995145,17.64104663243233,12.855960264458993,7.289355213042668,2.7487774195931864
none_moving,175,3953,135.5314285714286,43.05327997812344,913,31.302857142857142,43.10189336318498,39.25386768343569,20.032827186676844,17.6596945035676,12.768823488855073,7.116170123331703,2.726384097073494,39.26448700275816,20.019670700812643,17.649360063282586,12.858108700705603,7.303999880905286,2.749141855297798
none_moving,176,3985,135.85227272727275,43.081686897522665,913,31.125,43.116560945476856,39.305312568903204,20.01217594959979,17.66266119473541,12.759548379175522,7.076362425343279,2.737715978627706,39.27509154354029,20.036742324533595,17.65625336062326,12.860246594414104,7.316782311793207,2.7495838570391697
none_moving,177,3998,135.52542372881356,43.08075626642771,913,30.94915254237288,43.13033411158089,39.28149816575445,20.087255817526298,17.747261656320035,12.825656944274359,7.265260710401056,2.7430826006684277,39.28539535940928,20.05214488664683,17.66252931931158,12.86225715085307,7.327752717767796,2.7500904835837185
none_moving,178,4031,135.87640449438203,43.06671277715749,917,30.91011235955056,43.12645379597232,39.2338863196998,20.13986899990851,17.752520436945463,12.814216446510292,7.196741601182235,2.745719548767874,39.26321617923931,20.090112597743165,17.67612953206062,12.87702907389541,7.291460179353716,2.7343903932633453
none_moving,179,4045,135.58659217877096,43.05110536566526,922,30.905027932960895,43.1290249060188,39.24298306761017,19.99339796621102,17.576323357877836,12.762593528511808,7.101811510754915,2.750126502121088,39.26127916943752,20.13983965749758,17.678572230254524,12.880825552152082,7.277734514457857,2.748451231241876
none_moving,180,4077,135.9,43.03199632366779,926,30.866666666666664,43.16475209629912,39.2376159170693,20.003415082983437,17.616423042008122,12.778781885005232,7.127507616682718,2.7266747225193337,39.291550648446346,20.22514545206084,17.729499129982276,12.871976908989435,7.273880296562294,2.764097628812345
none_moving,181,4090,135.58011049723757,43.050348078881036,930,30.828729281767956,43.17913927967369,39.25325420348956,20.098358778634392,17.750175502926293,12.836704198180385,7.235686269757656,2.741541731682523,39.294238745170006,20.285514563101316,17.752145652020122,12.889186187675637,7.281091041391802,2.7668741753970423
none_moving,182,4121,135.85714285714286,43.05455572867294,935,30.824175824175825,43.17276131714657,39.226104040606096,20.075514053816157,17.72618602848085,12.867565459208189,7.204439335366546,2.7236792426758147,39.27401940366367,20.341380257567405,17.776704595339403,12.910406344841574,7.304030013593628,2.7610131041576955
none_moving,183,4131,135.4426229508197,42.981936294468824,939,30.786885245901644,43.16951069861214,39.15048365140275,20.000180570124765,17.58812090687415,12.837101571202172,7.231703478809069,2.7494249594579796,39.26334116787815,20.441391110567814,17.842724574563302,12.911296502047955,7.322096010037723,2.7667401372589615
none_moving,184,4164,135.78260869565216,42.97977938819021,944,30.782608695652172,43.186677645540755,39.187670294930655,19.97919033369845,17.590439289343976,12.821884184919202,7.2762598342788305,2.756532312460334,39.277724725986374,20.465618606143583,19.562149183127904,12.91352110409982,7.280260302464591,2.774409116704592
none_moving,185,4177,135.47027027027025,43.0898907026953,946,30.68108108108108,43.20845610512185,39.29984903420579,20.058051859536285,17.72941347086973,12.853248098807434,7.309727814200859,2.7589881781030448,39.296085489302484,20.421820595098353,19.509776461428736,12.927369044210657,7.281235273071147,2.7805298530642673
none_moving,186,4209,135.77419354838707,43.10602081163357,948,30.58064516129032,43.20486984937301,39.30099017456756,20.066820375092437,17.724118039655515,12.862630124890776,7.366001244993934,2.7587070900412587,39.29906021078706,20.3778114886576,19.45623240186432,12.925577434343275,7.3215185873761,2.767511260663805
none_moving,187,4222,135.46524064171123,43.04629732730244,949,30.449197860962567,43.222472452792765,39.25576974043883,19.99902270625188,17.595824082865988,12.883761963616838,7.328971671257847,2.745886536453409,39.32466766390428,20.324563165133192,19.38858467854359,12.912536064058964,7.313005646297427,2.7698110440228945
none_moving,188,4256,135.82978723404256,43.12654011240782,949,30.287234042553195,43.22144570810819,39.34020571400868,20.066663099224403,17.688513039053994,12.864183079140258,7.312384815986327,2.7554369469284263,39.32991488634117,20.283257625383783,19.332365624752008,12.908379399469668,7.330060338850857,2.7700306918110305
none_moving,189,4268,135.4920634920635,43.069589093401575,949,30.12698412698413,43.21967042596041,39.306141149389966,20.03315089144899,17.661454385120244,12.824630575838402,7.301653702080175,2.757516673906163,39.33330184050952,20.24276423147285,19.2755598500384,12.906103855399747,7.353019435501592,2.77150147187827
none_moving,190,4301,135.82105263157897,43.051311869935276,949,29.968421052631584,43.215400142375266,39.25328052101543,20.053067708242814,17.65789451136984,12.833545512155828,7.2264544282561625,2.7575509354142977,39.33464452422489,20.204840918568166,19.220455045225762,12.90428364161244,7.380630306085747,2.7730551555894545
none_moving,191,4315,135.5497382198953,43.03910949280317,952,29.905759162303667,43.20416603099881,39.23416995554905,20.115887415108407,17.670621098158364,12.82645148032819,7.276282324399019,2.7453591871178697,39.31252204557983,20.160297874162687,19.158847427230615,12.914216137054268,7.4220242335783695,2.7718513855327864
none_moving,192,4349,135.90624999999997,43.060162447574115,957,29.90625,43.14496350474732,39.2263073400005,20.121412482899903,17.733891470191622,12.854023659961305,7.129134452257494,2.727479987184347,39.27320834827102,20.16461162124635,19.155410632780644,12.897977810392986,7.440910140128147,2.7900342682447263
none_moving,193,4363,135.63730569948186,43.06181065811951,967,30.06217616580311,43.21963762395268,39.223134720284605,20.134175228308234,17.713169598047,12.830085213024823,7.149515400333626,2.7496324936179386,39.37276468515243,20.12119829861101,19.078477761909397,12.868334847677346,7.440563516777682,2.781709385340039
none_moving,194,4397,135.98969072164948,43.10386991201092,976,30.185567010309278,43.202771009948655,39.26633940237612,20.098873737549035,17.642167517042267,12.781341121997576,7.022162842117573,2.765884307855672,39.35816076763386,20.140898177529774,19.07587595045343,12.896936780768126,7.513947073247557,2.7668349078682963
none_moving,195,4409,135.66153846153844,43.06626822634189,986,30.338461538461537,43.21479288507346,39.249851013608975,20.05159729868005,17.580504411187505,12.773948222957294,7.001060180265012,2.7456443749678523,39.359061553955996,20.089503068778505,19.003997185501255,12.886877156408165,7.563866423798513,2.7818508197772625
none_moving,196,4443,136.01020408163265,43.07201088742102,995,30.45918367346939,43.172306923055444,39.258865712630026,20.10836218865445,17.63828243757962,12.805782357586931,7.16007243344805,2.735907288712176,39.30859882312414,20.04043867653129,18.93846578926537,12.861362368976387,7.542151882827277,2.7891076511214594
none_moving,197,4457,135.74619289340103,43.12646981725476,1005,30.609137055837564,43.1250625534571,39.31136736219228,20.14589996743699,17.694080296470762,12.826588868526137,7.186544875100364,2.735666482761792,39.30892244134892,20.01070558452007,18.888159118140344,12.80428354841458,7.533567266532238,2.789957115569924
none_moving,198,4491,136.0909090909091,43.10177792411622,1015,30.757575757575758,43.12874189304357,39.29205063580722,20.130609134217046,17.69401219829182,12.84831114289867,7.29140738342123,2.7243592651590416,39.343836402841845,19.981528191683086,18.829223124676133,12.76686916068648,7.5104488311370945,2.79706197775007
none_moving,199,4502,135.73869346733667,43.134343999866566,1023,30.844221105527634,43.12616618800362,39.3197320835587,20.092895548959206,17.63207282942235,12.82142579128626,7.2476350175398725,2.741984680040298,39.32484241640026,19.97731798586041,18.778100243886854,12.784299900865287,7.639838755744577,2.787335692978982
none_moving,200,4535,136.04999999999998,43.064917287892825,1025,30.75,43.13055128319507,39.254648600612754,19.994996763750056,17.528409175455117,12.86031968791423,7.307342545733714,2.7239156983345287,39.33171688523874,19.962541261659126,18.736925653070678,12.786585083502034,7.686647675267414,2.7862668908662944
none_moving,201,4549,135.7910447761194,43.12009877093335,1027,30.65671641791045,43.102743972882024,39.26817759309281,20.149150457199404,17.695148580314306,12.876279373113048,7.289630196152909,2.7528475793291816,39.30199066258725,19.977744717846907,18.7406385061932,12.799141631763792,7.68956025351538,2.78369576026691
none_moving,202,4581,136.06930693069307,43.12296092370397,1027,30.504950495049506,43.092113622476504,39.26603518154025,20.188972873242587,17.76143827185071,12.898248453710979,7.299115390687517,2.7330057241735735,39.267641193206394,19.991366215982758,18.74847487236091,12.82049671769904,7.667521058721142,2.7864102888850555
none_moving,203,4595,135.8128078817734,43.1382453768605,1027,30.354679802955665,43.083701264589976,39.29003830073849,20.259169998801728,17.83588214444954,12.886694514209431,7.396781114356316,2.7428967310906756,39.246474077743,20.002835032331898,18.757459141576813,12.834447677368756,7.655565065953141,2.7874106714720095
none_moving,204,4628,136.11764705882354,43.061694461498305,1027,30.205882352941178,43.08192321248152,39.220062012671164,20.23427469453457,17.774780722951142,12.899947931808528,7.457742350191014,2.7361844752908135,39.236815424677374,20.008904838207417,18.761968599164803,12.841936345234169,7.643665834927835,2.7878408913612587
none_moving,205,4641,135.83414634146342,43.04609486163396,1027,30.058536585365857,43.08232328044235,39.21247426980753,20.135430407588544,17.65845439365256,12.824197943377985,7.207906200124816,2.7375021890618547,39.23197056410731,20.012628467245527,18.76480860422525,12.846496291169297,7.634034121639417,2.7878325173590484
none_moving,206,4673,136.10679611650485,43.04437197348275,1027,29.912621359223305,43.08441671967411,39.213322793933045,20.15845899198341,17.653237472285902,12.820568084154981,7.234716710171513,2.7354147992449804,39.23015420895478,20.014508204988473,18.76610805533253,12.849191699236975,7.625473173962017,2.787747035777528
none_moving,207,4686,135.82608695652175,43.09378011400406,1027,29.768115942028984,43.08730653265991,39.26379858965709,20.17251128833053,17.72416740021484,12.8299611695595,7.297280674229997,2.75690090799845,39.22989475144463,20.01529707521349,18.766519114738962,12.850904385776964,7.6181675585999,2.787609763960986
none_moving,208,4719,136.125,43.12937453901158,1027,29.625,43.09066297461399,39.26363065779867,20.22542620449825,17.752873932034415,12.838652354435936,7.307844551421764,2.7512272908797923,39.23055267190164,20.01533834372304,18.766311609380942,12.85204592585891,7.611930645476965,2.787479283423018
none_moving,209,4731,135.8181818181818,43.042235279740645,1027,29.483253588516746,43.094240242184,39.184799061274774,20.167384022501075,17.628393044747977,12.788646590099606,7.098567432681014,2.7362720966666454,39.23172672245687,20.01488746051697,18.76570916084753,12.8528732526557,7.606684606853301,2.787368248002573
none_moving,210,4763,136.0857142857143,43.01975049132165,1027,29.342857142857145,43.09791151550903,39.1748181433926,20.169507478193175,17.63597934940432,12.794755947748204,7.109147679604658,2.7464756952257887,39.233203509351384,20.014096963056286,18.764842963217923,12.853523326080115,7.602310456289546,2.7872842753970026
none_moving,211,4777,135.8388625592417,43.125258925645525,1027,29.203791469194314,43.1015970765128,39.274194542886455,20.23499361132161,17.765555748331046,12.864502169022996,7.2761416815003335,2.75931154957116,39.23485410295058,20.01307067141659,18.763803123205772,12.85407520258888,7.598700555272782,2.7872272514045355
none_moving,212,4811,136.16037735849056,43.16250549438395,1028,29.09433962264151,43.123814208619656,39.34166808183876,20.190108079462494,17.742416265423994,12.860948973314574,7.307726731397236,2.764438339800453,39.2538868522431,19.999830436826596,18.747450537546662,12.848607488750266,7.581122672799573,2.789753984360432
none_moving,213,4823,135.85915492957747,43.13127870708704,1030,29.014084507042256,43.13966111796787,39.296049051094755,20.277152107616434,17.795122939571616,12.845963524837225,7.34240656770706,2.7591720672459905,39.27278333478721,19.985509277768948,18.737992761107883,12.846602839988385,7.610868675136023,2.7920296731315157
none_moving,214,4855,136.1214953271028,43.12099460672528,1033,28.962616822429904,43.12961212977184,39.28791729044822,20.27126963273923,17.806142695121608,12.879530456899364,7.387273421184541,2.7301808439845607,39.291478051162166,19.989328998012184,18.75718260597138,12.82917381324408,7.543567685734016,2.792605808774053
none_moving,215,4868,135.85116279069769,43.13679911911131,1035,28.883720930232556,43.11271821932413,39.33238502910886,20.161716448778783,17.645661887318447,12.859906278252796,7.318121229363941,2.7443805617805235,39.290212164023444,20.011832025234792,18.795378526000203,12.818791553718674,7.499021712510568,2.788527636868494
none_moving,216,4902,136.16666666666666,43.2039657851459,1037,28.805555555555557,43.13861773772669,39.40691737988034,20.189280193815755,17.690003623944232,12.825631549449648,7.26703570405108,2.77032217594467,39.32047284267,20.00217330040718,18.787286336734674,12.810337997780392,7.46530915812964,2.797078083767688
none_moving,217,4916,135.926267281106,43.164457650469814,1037,28.672811059907836,43.136040540471214,39.36847679548719,20.13949208786561,17.644142449736528,12.80544382987495,7.181874941494027,2.7593063385416507,39.331071300447924,20.004751846701616,18.791839313544706,12.805458167499994,7.471785156358531,2.7956909645663983
none_moving,218,4949,136.21100917431193,43.09668352968331,1037,28.541284403669724,43.14183624423251,39.31635605036834,20.15258772762541,17.647159362315456,12.804606428633125,7.255296956224206,2.7356366990386163,39.34147684208708,20.00064204675491,18.787267736883358,12.799342565452559,7.461016548104738,2.795938911615719
none_moving,219,4962,135.94520547945206,43.161353234123645,1037,28.41095890410959,43.14385573183468,39.33435987116568,20.25594978821677,17.75063656230299,12.847241877394595,7.31438372885757,2.734873520719245,39.345045436362724,19.998447516852536,18.784774708314085,12.796509069464468,7.453292379633216,2.7956791482464767
none_moving,220,4995,136.22727272727272,43.13836297984061,1050,28.636363636363637,43.23417060737352,39.32195484450215,20.215917981299278,17.733340138833547,12.843639554238694,7.239258270848482,2.7374459807863682,39.42116621128757,19.979837756457425,18.772029189788945,12.837768501938422,7.726495724090429,2.7987278756248974
none_moving,221,5006,135.90950226244345,43.14319670146851,1064,28.886877828054303,43.221537404947966,39.340370499772874,20.15361871010838,17.664633881694662,12.77520200313228,7.104520390345317,2.7499905736113703,39.436357827241295,19.92301547502528,18.713785368217266,12.766176073600723,7.572782003095468,2.7939610546878617
none_moving,222,5038,136.16216216216216,43.09016850524941,1078,29.135135135135133,43.15377943569264,39.28549912807302,20.1830168097772,17.635737235029005,12.780307638952399,7.180596616278545,2.7462577888928545,39.36419293432151,19.969414566121415,18.76319010053733,12.779553602388319,7.503668734324222,2.7844369151807533
none_moving,223,5051,135.90134529147983,43.16680281586432,1091,29.354260089686097,43.16759030671068,39.31614029727085,20.239600832162704,17.744516098080776,12.835354939152232,7.155852277397364,2.7509410576539737,39.375141420138334,19.95055639352851,18.73894699139388,12.768005631565774,7.446342526878831,2.797122873885624
none_moving,224,5083,136.15178571428572,43.1147368805106,1104,29.571428571428573,43.18854585790941,39.27079376520085,20.18042183781873,17.67420573398693,12.868219055868407,7.310871081050749,2.7463855928991405,39.39614359960617,19.948263173639404,18.730163187166134,12.770125410318572,7.43841662919916,2.785092259892976
none_moving,225,5095,135.86666666666667,43.19047927429856,1118,29.813333333333333,43.172165979097905,39.37179266147846,20.161407397160016,17.65537764073721,12.812207009171326,7.1985701125569035,2.7563914191147005,39.380282117737735,19.94912434318827,18.745516284882715,12.772014855132655,7.553160286870148,2.773369505794666
none_moving,226,5129,136.16814159292036,43.166774949830646,1132,30.053097345132745,43.23091144597884,39.34989819985622,20.12118495926495,17.606078121481193,12.82807502092221,7.252509217979365,2.761179684754656,39.43645244651087,19.935759354020057,18.728689600685122,12.76396775010278,7.493974522217686,2.787361406442842
none_moving,227,5142,135.91189427312776,43.171464531778604,1133,29.94713656387665,43.19507896183051,39.34518866394795,20.162188582467973,17.72236134865098,12.88826467411659,7.324564710291689,2.770182726325093,39.407158698757556,19.97092274752489,18.760045719036103,12.77705164340693,7.47985790806364,2.7883106092570182
none_moving,228,5175,136.1842105263158,43.12544608198049,1135,29.86842105263158,43.172952231545054,39.27383087206603,20.156757177325417,17.67515788235179,12.905095993272948,7.295689749033571,2.731393025690965,39.38766102738535,19.98718904853409,18.771543571913092,12.771102879709437,7.417510476593132,2.7877973732151307
none_moving,229,5188,135.93013100436679,43.10521350378056,1138,29.81659388646288,43.21305183358061,39.26240396260407,20.12438154699719,17.60401635531216,12.858135016704326,7.2944383513451685,2.7246284118671915,39.4391006242131,19.99454125857805,18.791800231173763,12.770944553713397,7.43758420393212,2.793565492398227
none_moving,230,5218,136.12173913043478,43.12900491527763,1138,29.686956521739127,43.21632637067356,39.28690656683868,20.18654319409582,17.62656079363138,12.810947276278625,7.2310331146609785,2.750539076841964,39.451325178306675,19.99819678932635,18.80317790918055,12.763290625553136,7.42499732937761,2.7913129260991205
none_moving,231,5232,135.8961038961039,43.106510167756,1140,29.61038961038961,43.20696212559706,39.286188714891445,20.215023133443694,17.718464316590204,12.823571005897508,7.243438692959923,2.7641049578650225,39.44727105514583,20.009115160656492,18.820700921927536,12.759732631419979,7.403255556323762,2.7867222560328573
none_moving,232,5264,136.13793103448276,43.04893066871802,1140,29.482758620689655,43.20217360721067,39.20878521386917,20.26525983337882,17.705801721918487,12.8146300554071,7.232892968696816,2.732222107211817,39.43965384271366,20.014635842337164,18.830084907134793,12.761641407806145,7.386504772832028,2.786653751910333
none_moving,233,5276,135.86266094420603,43.07713492168342,1140,29.356223175965667,43.19378893367611,39.24207226934923,20.254843684420912,17.711261235065354,12.802515371930136,7.220100222242572,2.74703631699565,39.43200669298257,20.020367919875174,18.83859477839083,12.763638121220323,7.380767132434785,2.7862664793104983
none_moving,234,5310,136.15384615384616,43.14120363395711,1140,29.23076923076923,43.1866129341829,39.324387037411185,20.238225611112227,17.76911718849433,12.7770446254962,7.087138460875821,2.7594814860051122,39.4269245367747,20.02391405785484,18.84376491409997,12.764220315882305,7.377335867550913,2.785964399199641
none_moving,235,5323,135.9063829787234,43.08619785371955,1144,29.208510638297874,43.189654189196325,39.27946524326727,20.15777670429168,17.712854869928567,12.812285121211863,7.114572826887285,2.745241172437006,39.457849896207456,20.059906319512404,18.89155756087529,12.765980377435913,7.382582807091688,2.7863705944911104
none_moving,236,5354,136.11864406779662,43.06365348256361,1151,29.26271186440678,43.161430255100726,39.2500271348366,20.14770945349482,17.699134182231322,12.81952445873143,7.152293482553245,2.7577547309116706,39.39209088996451,20.036588327753446,18.864828635725935,12.77312476730783,7.354991625383813,2.787750950779824
none_moving,237,5367,135.873417721519,43.048240214273136,1158,29.316455696202528,43.15390294052424,39.25248894397552,20.079766378139823,17.594756145758076,12.781386973574628,7.118404622107096,2.7436741247214713,39.37402054027709,20.02198608168929,18.846468503865516,12.768274161864127,7.3402822668260805,2.785404022845395
none_moving,238,5401,136.1596638655462,43.0881176526318,1164,29.344537815126053,43.14798731940421,39.282809882114144,20.123312198573984,17.62314517328796,12.751276217299337,7.041825470720417,2.7375082518284133,39.37093939176009,19.9693268856172,18.751006412245516,12.734510191496963,7.388367453655799,2.7918654745572273
none_moving,239,5413,135.89121338912133,42.98742137061957,1169,29.347280334728033,43.14038343181134,39.192287645580976,20.05212177099333,17.582995907595954,12.753503781371904,7.046553484785156,2.723206741350988,39.3554402176466,19.961566085020614,18.73252633147817,12.734741423442632,7.397626986238527,2.786915738481725
none_moving,240,5446,136.15,43.01506056368452,1176,29.4,43.14290834531176,39.19230939734543,20.077883248905348,17.60451364679185,12.752679123543372,6.993563466798572,2.7445335178462953,39.38115939510609,19.95271901696017,18.70687975441054,12.717531659197862,7.434293203015412,2.79018044434631
none_moving,241,5459,135.90871369294607,42.98525226177724,1186,29.526970954356845,43.16215153305213,39.179896229434085,20.079426708804732,17.594188450454745,12.803568533280405,7.063444365856996,2.7705137068449432,39.377806326534916,19.935565387504607,18.680242905694605,12.717344092168082,7.3905781346088615,2.7954634758148074
none_moving,242,5491,136.1404958677686,42.97030910709276,1189,29.47933884297521,43.14878036887539,39.12614361587474,20.04664693549108,17.52874324665842,12.815899760239038,7.000970027724151,2.7566180380780048,39.38323795326164,19.924621139118667,18.663840392019665,12.709431979773983,7.429202341294939,2.8001345028386178
none_moving,243,5504,135.90123456790124,43.00230114282209,1191,29.40740740740741,43.14966938281852,39.16193142254705,20.122274870162627,17.667102754338764,12.806492477185527,7.0140184979988565,2.750432230457981,39.39258610254497,19.914256211196275,18.647764425258664,12.700998928728763,7.4377719130900255,2.798722408172751
none_moving,244,5537,136.15573770491804,43.06261911585088,1193,29.336065573770494,43.069391683188734,39.21417156234212,20.13357878823745,17.684526381078676,12.790195150258066,6.98011922243004,2.754318020242777,39.30451492385079,19.962441580863352,18.70758646461256,12.725387938333949,7.401252255382245,2.782213558129279
none_moving,245,5549,135.8938775510204,43.03078348868574,1193,29.216326530612246,43.04269026500903,39.203919164814394,20.16954907677889,17.653498625325827,12.746893132903747,6.9776669610493025,2.7633634107735854,39.27174498261721,20.002398810625596,18.75881019918829,12.761463414901467,7.411259057788567,2.7892233736229888
none_moving,246,5582,136.14634146341464,43.01258848038718,1194,29.121951219512198,43.04507127813903,39.178097733723526,20.126293289301696,17.57211452484942,12.752281514213317,6.973574723034419,2.7332443756054814,39.275516848966745,20.00527638551002,18.764399281181134,12.759205533145224,7.4162347676395655,2.789378822100987
none_moving,247,5593,135.86234817813767,43.010167576185765,1197,29.07692307692308,43.08626442493161,39.171942113223324,20.207830748797836,17.673929942898713,12.80944441023475,7.038006184194543,2.7460802438276137,39.3144160107979,19.984919804484534,18.73514827596713,12.777757368182627,7.469003141534327,2.7964589026025655
none_moving,248,5626,136.11290322580643,43.00920869571244,1204,29.129032258064516,42.9796629849386,39.17061288780093,20.192050970795,17.60541073125647,12.78063973850676,7.036559037310951,2.7368604813335122,39.21844856057657,20.012163820982273,18.773354275366646,12.747181814272386,7.334801178358721,2.7765426173698984
none_moving,249,5640,135.9036144578313,42.94341268655728,1211,29.180722891566262,42.96925910218591,39.09100810154912,20.20364793940361,17.570376480415355,12.762881164966151,6.951731226428393,2.734246820593532,39.20329369670008,20.01851901897215,18.784369246615828,12.744008342299512,7.293441019873255,2.784724911063381
none_moving,250,5673,136.152,42.97272520226666,1218,29.231999999999996,42.96007198704775,39.13107325603975,20.230323147127425,17.648915219176466,12.78052075004252,6.966018466020755,2.7452087990297627,39.188331568469366,20.0417630690972,18.81348263809978,12.761452096389522,7.311075526402535,2.791026596184802
none_moving,251,5686,135.9203187250996,43.067880157061666,1225,29.28286852589641,42.93258219616182,39.20675462487886,20.322983728868138,17.803668024633602,12.815054399817297,7.13354863599037,2.7390178918706467,39.173215464441924,20.003101601478665,18.76962945235094,12.73492997934904,7.244257548192885,2.7814013187187685
none_moving,252,5720,136.19047619047618,43.090675466174304,1230,29.285714285714285,42.98948123898161,39.23054594984687,20.298598757724015,17.791105706936335,12.802733221683992,7.114676951220077,2.749838657504036,39.204106689389,20.035911499676075,18.799428152339402,12.77678897469527,7.3272666039825625,2.787655263603104
none_moving,253,5733,135.96047430830038,43.05193580842744,1235,29.288537549407113,43.02802857722588,39.20664121277552,20.273447846064936,17.737017432416035,12.839227770693096,7.2193530434892335,2.7419349661763595,39.24676693265502,20.00625946712892,18.776150120340226,12.759204046889096,7.332599608912181,2.7897697230978795
none_moving,254,5767,136.22834645669292,43.058279732115885,1238,29.244094488188974,42.96034222371414,39.22491065942964,20.29741958947446,17.742297515525458,12.811942531711273,7.192653483142024,2.7383264370549503,39.190727407524584,19.98056566752248,18.749639265873583,12.732727129885927,7.230824903484266,2.7934890546496334
none_moving,255,5778,135.95294117647057,43.00198099555685,1238,29.129411764705882,42.948424254160216,39.13732935177846,20.213575331033727,17.60604883482601,12.767090684775452,6.99093553087399,2.721136011909621,39.178299741520696,19.979611696664602,18.7506527217623,12.73593553699282,7.227342177175776,2.7963248382111665
none_moving,256,5811,136.1953125,42.97775953916022,1243,29.1328125,42.95268652141765,39.117364278196945,20.240522628518253,17.60323349777193,12.75649227235281,7.008750788716961,2.731282441169967,39.17552752797452,19.9789449827557,18.75024261606781,12.743717353997333,7.233569590959099,2.793693658103039
none_moving,257,5823,135.9455252918288,43.04678829223896,1243,29.019455252918288,42.954962887815185,39.19313269781466,20.258782435371604,17.682834718368916,12.756923951787762,7.020615367649823,2.7478448462198726,39.147533201582036,19.935921921958105,18.68900571645851,12.716905078101094,7.177840744563954,2.7916553561915447
none_moving,258,5854,136.13953488372093,43.04051896262549,1244,28.930232558139537,42.969899608495524,39.190329219341635,20.26443377681887,17.671461880738814,12.747594766932897,7.006340040176632,2.748668942145339,39.14883519380894,19.92217263741664,18.66650425828751,12.717811178242018,7.194449859137717,2.792835723416935
none_moving,259,5866,135.8918918918919,43.07769632002468,1246,28.864864864864867,43.00262835150797,39.223654750374,20.303867792169157,17.734545305047998,12.811347387595063,7.140022722905052,2.7489467283132036,39.190761678172436,19.938298187369277,18.67945206112978,12.744300409654558,7.297137782988196,2.7979573147470638
none_moving,260,5900,136.15384615384616,43.078485888558916,1246,28.753846153846155,43.027594081307676,39.227832729674326,20.213853043381505,17.60532942705109,12.78603493310024,7.053718732470173,2.728755624292483,39.22401481161948,19.921821283204324,18.66078878905026,12.735160223706183,7.332423852205166,2.798216591230024
none_moving,261,5913,135.93103448275863,43.102439786938994,1247,28.66666666666667,43.015538363082904,39.247413047805104,20.253713699202496,17.712827996201845,12.754391574568528,6.965308505622191,2.736085404627219,39.206721799493316,19.942099630549677,18.684653935325578,12.769597093484238,7.3731516846929965,2.80051276607053
none_moving,262,5946,136.16793893129773,43.07831296991215,1249,28.603053435114507,43.05549451875149,39.24179364052016,20.299963668612126,17.750657669444163,12.749375758732004,7.061137869968965,2.7496551592479404,39.24177534973565,19.920073775920315,18.65452926635607,12.794921902664036,7.4533049025567255,2.8028976314065495
none_moving,263,5960,135.9695817490494,43.12973510507371,1259,28.722433460076044,43.00661135730961,39.28206522672517,20.26525927206827,17.728465940116998,12.795076376356251,7.183642105275233,2.7436965126149393,39.19739266314706,19.918421750493717,18.662208124879463,12.757272142110683,7.342771975126594,2.7948972472387927
none_moving,264,5992,136.1818181818182,43.18419821976783,1268,28.818181818181817,43.04286577534416,39.35577594493943,20.311108461362082,17.832229741955246,12.811976426065717,7.281612958889959,2.757207994030213,39.21929671415577,19.933922053405936,18.68426417392647,12.804358640592255,7.4490179459119705,2.799677566288137
none_moving,265,6005,135.96226415094338,43.16010055736938,1277,28.91320754716981,43.035482062279286,39.32785886273299,20.305789471837528,17.80390834908916,12.817093861031449,7.305822660537266,2.7486304828194537,39.21377329635905,19.906607225954,18.651503515774888,12.770736706853553,7.409027524369448,2.7963947091518198
none_moving,266,6037,136.17293233082708,43.16802039568085,1287,29.03007518796992,43.00697446529189,39.34843565819168,20.311538923160867,17.83906326677025,12.82888759739284,7.3624680404659335,2.743149937970955,39.18233179330699,19.92411137161261,18.673746549498095,12.762308564386366,7.343634996410693,2.7886473933426466
none_moving,267,6051,135.97752808988764,43.1144274944823,1296,29.123595505617974,43.07660057399219,39.30575412112803,20.254673314378024,17.694447999895083,12.756994753524834,7.206105587332105,2.736354992147895,39.244107266909005,19.8749783905264,18.617473206144325,12.76195609731202,7.390168612829363,2.806200992040653
none_moving,268,6083,136.18656716417908,43.12574023955386,1307,29.261194029850742,43.07118054486373,39.27996270205822,20.256752371798672,17.670654262338736,12.751426292498493,7.041252481857121,2.7505354807178435,39.21253590624003,19.88932194449278,18.636130881737614,12.788342169726105,7.380302508722812,2.8004544970803473
none_moving,269,6095,135.94795539033458,43.1377773177746,1314,29.308550185873607,43.10317519652339,39.27144805291917,20.30953157538567,17.69934603156795,12.80099650027977,7.123915224231823,2.7396817583498523,39.24927798195976,19.941416039147406,18.687716404373386,12.804242228451855,7.416635403079226,2.803847696947571
none_moving,270,6125,136.11111111111111,43.103178991836806,1314,29.200000000000003,43.14724204024621,39.24240510722915,20.21923741838843,17.65941006193679,12.828707775075147,7.087737801272801,2.732466928707138,39.30690530592144,19.942834545392774,18.687410104330432,12.798074650105594,7.457814306882315,2.799447364009361
none_moving,271,6136,135.85239852398524,43.040482735396374,1319,29.202952029520297,43.14446422647602,39.17717431082889,20.248537467725857,17.674301939193548,12.82279006511577,7.109301481533815,2.7339641962109686,39.32820376045821,19.941740453790693,18.69176670514881,12.761585811160026,7.457987298199383,2.793749027228646
none_moving,272,6169,136.0808823529412,43.08440618971036,1319,29.09558823529412,43.17484691051656,39.23612737406572,20.23629851481799,17.72450199116234,12.832258026463162,7.106941960589603,2.739434178667173,39.37887860356118,19.938193941741105,18.68263043488114,12.759039230506833,7.519754864854328,2.7903543145932543
none_moving,273,6180,135.82417582417582,43.06097311027506,1319,28.989010989010993,43.167975061472866,39.19455292624895,20.287674261008082,17.766818731767,12.85074202450845,7.2289117652387835,2.7336625043186915,39.38645531161059,19.934486010848662,18.675059268494753,12.74354653492076,7.530522926903175,2.788839096996718
none_moving,274,6214,136.07299270072994,43.10702981945418,1320,28.905109489051096,43.16124984475805,39.23714545206046,20.32707788865423,17.834517750462954,12.843246367203635,7.20604583522213,2.752938205766714,39.389864757373914,19.92873734761095,18.662980504623977,12.734048214696843,7.548601735946018,2.7872939557628484
none_moving,275,6226,135.84,43.09694929645467,1324,28.88727272727273,43.15088216404134,39.263903577267705,20.234621777665904,17.73405283445011,12.859139639716897,7.237368699669007,2.750062258644788,39.38440915835039,19.91978028930756,18.658643588563,12.76682193503884,7.710120322210865,2.809805367271296
none_moving,276,6260,136.08695652173915,43.14548127531676,1330,28.91304347826087,43.11461309792687,39.333960893239734,20.245711194570696,17.780948523244483,12.82888160206579,7.214211148981356,2.7653751487198557,39.35082813124891,19.94751275713123,18.68339088983671,12.782706779733669,7.746914326909686,2.794153897631148
none_moving,277,6273,135.87725631768953,43.0590235856239,1335,28.916967509025273,43.16170808621593,39.255543254347614,20.203153748043224,17.67817501772152,12.822128415775456,7.16121504066193,2.740667062807538,39.41794981807463,19.8953822796232,18.628434916460236,12.708986730866751,7.645797497442308,2.7910077120927617
none_moving,278,6306,136.10071942446044,43.095659216640044,1339,28.899280575539567,43.12994631894378,39.27643615235209,20.16365244198933,17.621209938369468,12.809544313278543,7.02268465449558,2.7441769344776246,39.38218395515825,19.925854737398073,18.65341536924738,12.740032505702077,7.6865700673945625,2.783826080072031
none_moving,279,6320,135.91397849462365,43.054005013385215,1344,28.903225806451612,43.11476359292441,39.204576016507914,20.108839375093957,17.527738374533286,12.800077405583774,6.985043145390575,2.734338331382723,39.37189962307702,19.936201146912563,18.660564359098544,12.746451337863087,7.6825665375770615,2.7835599752165465
none_moving,280,6353,136.13571428571427,43.028881445072166,1349,28.907142857142855,43.08777460084044,39.169750398737065,20.183404641563637,17.62389333665448,12.839625223883342,7.136432299361901,2.745396910268034,39.34968401802755,19.95266835598637,18.680881950603453,12.754479589969641,7.736592339292362,2.7851097727980774
none_moving,281,6366,135.9288256227758,43.052934452077835,1354,28.91103202846975,43.121333957193826,39.19376139095498,20.258800948711066,17.691255370777696,12.88942073973154,7.333113127093574,2.7380517910168485,39.394562467558785,19.917649838238127,18.642948975578502,12.725892952458294,7.7341690934821825,2.7913045492356425
none_moving,282,6399,136.14893617021275,43.143790980736924,1354,28.80851063829787,43.13201764056652,39.29942541963072,20.242041887183035,17.761317003783894,12.87625609684148,7.21078135979856,2.7454674408951676,39.417953943995386,19.899582164598904,18.62205310447091,12.693879307883808,7.6958426721341056,2.7888351278825185
none_moving,283,6413,135.96466431095405,43.1257819518089,1356,28.74911660777385,43.14509807597203,39.294643016320876,20.221160571328838,17.686466913710937,12.781290585075663,7.034430579185847,2.7512639363459073,39.43846714079122,19.887378360502705,18.60440431077821,12.66141284229365,7.616391222990066,2.7965296294244957
none_moving,284,6446,136.1830985915493,43.07374704380913,1357,28.66901408450704,43.07991967632912,39.27166049969148,20.165623709994435,17.64154943443784,12.763621563755128,7.040011682317642,2.7679697569829322,39.383035179446004,19.88344984230071,18.597392175630013,12.633204661101116,7.5180725056922695,2.7896536521962902
none_moving,285,6459,135.97894736842105,43.01790449572573,1357,28.568421052631578,43.04227785908082,39.207642541653534,20.140733054048106,17.635099341665658,12.75064345525507,6.928266010356382,2.739293099293163,39.3374988139739,19.916747634007002,18.627043998233887,12.652388016286391,7.483003217798464,2.7947076410415335
none_moving,286,6492,136.19580419580421,42.92953781293309,1361,28.55244755244755,43.053156600258276,39.13640765878492,20.08707008139142,17.588358236564723,12.789169011081363,7.018227514309354,2.723030844418414,39.339719483978364,19.92164595197831,18.62243355406022,12.656618735045669,7.411034220449837,2.793533017612714
none_moving,287,6505,135.99303135888502,43.03496738492485,1361,28.45296167247387,43.050702114996255,39.24772861748262,20.206554822503016,17.748109523710053,12.770977545353182,7.078449127051212,2.756826295332583,39.33050487612252,19.949600442564545,18.67517632421297,12.678330604437049,7.3791646590901,2.7946252092426453
none_moving,288,6537,136.18750000000003,42.986921877750085,1361,28.354166666666668,43.04140098709017,39.21076513695314,20.22054678150514,17.74844326150634,12.769093680129744,7.186643861323337,2.741064595582364,39.31271626969344,19.971286252879707,18.70850135631656,12.694977972790847,7.34485700640109,2.7939829020955957
none_moving,289,6550,135.98615916955018,43.04985955142466,1362,28.27681660899654,43.0332126868198,39.24669548732234,20.241359875680402,17.81293744301364,12.786730232988683,7.1484055215584865,2.7528445646034454,39.29857835580835,19.978583792368255,18.719753331036152,12.705540619556162,7.336280369052913,2.792993736449319
none_moving,290,6582,136.1793103448276,43.05141660386973,1364,28.220689655172418,43.03841635209408,39.20646490914902,20.29658527299563,17.82437689921044,12.800283839394483,7.12797848472188,2.751043450485089,39.32449650495786,20.014167569967796,18.770408035640436,12.716586712521952,7.337224198439038,2.7937096564411337
none_moving,291,6596,136.00000000000003,43.08000855161798,1369,28.226804123711343,43.048730788573586,39.264401511653084,20.28197284347256,17.82306830890834,12.83101207284356,7.202023329171856,2.75624602922523,39.32866761945628,19.97263123718185,18.714283496477282,12.690684531582832,7.347146503704834,2.7956641584250477
none_moving,292,6626,136.15068493150687,43.106621130878025,1375,28.25342465753425,42.989432205400206,39.27299720993318,20.288378705718287,17.799972834172454,12.84231601106466,7.226490943563827,2.7707148243105193,39.25490654471128,19.95558293254231,18.67224864524893,12.703831367014914,7.453815552352801,2.7805450030637733
none_moving,293,6637,135.91126279863482,43.06895074747267,1385,28.3617747440273,43.02894876094069,39.237211095582694,20.32048423048497,17.7952844821277,12.78122723502664,7.079969457346134,2.7279059917114274,39.27141561730856,19.944327078742603,18.687084534957563,12.68886683672419,7.289702504748384,2.789265313043626
none_moving,294,6671,136.14285714285714,43.04366008436607,1394,28.448979591836732,43.04255676830449,39.24270376326471,20.28260429257347,17.750354396105458,12.75358760772565,7.131294988254142,2.733423579336456,39.26791975260106,19.919199916211102,18.677902106483682,12.675352833220657,7.244189363180366,2.789464491666023
none_moving,295,6682,135.9050847457627,43.146506222654345,1405,28.576271186440675,43.05213363073685,39.34654743206364,20.35582682354581,17.88515602635878,12.797721698539918,7.204177769036663,2.7455275428110153,39.29207441560779,19.93715694642804,18.69154060648161,12.684407699275981,7.33877875097576,2.784979336588227
none_moving,296,6714,136.09459459459458,43.14169613269932,1417,28.72297297297297,43.06862391586236,39.35285789324772,20.322106930534176,17.817862758093533,12.775547306107265,7.189900696727628,2.7718386882629624,39.26963179661588,19.92502742480974,18.6862612874048,12.73916109940678,7.382111357911296,2.776107768750066
none_moving,297,6728,135.91919191919192,43.09419494007862,1424,28.767676767676768,43.07480741663036,39.27686626273513,20.267551493109945,17.749649600211978,12.735623091861259,7.004768838514029,2.759331828295365,39.2622108408511,19.926580630285358,18.700507960655937,12.750078587366376,7.353550459397617,2.788217051109201
none_moving,298,6759,136.08724832214764,43.025430135223445,1429,28.771812080536915,43.03920519282422,39.22687618078568,20.19999176107694,17.67595391255458,12.74325200190654,7.06019795457672,2.736516493646517,39.21883027080522,19.93685337691374,18.720168439058817,12.792981507755796,7.440225072479568,2.7744851949170775
none_moving,299,6770,135.85284280936455,43.04934044823833,1435,28.795986622073578,43.026429269442964,39.25411418209428,20.25759327055951,17.73966914645309,12.785245621544034,7.168501053194463,2.747056388835601,39.19559995496129,19.96685264777021,18.759999019355924,12.787670949132455,7.438647221953054,2.7765940488266074
none_moving,300,6803,136.06,42.97570942814859,1435,28.7,43.028167389221245,39.141703695296975,20.253763585483526,17.649091566040706,12.807533068562437,7.16498653883681,2.7517471923915764,39.19010658983771,19.988194683350653,18.781201157997856,12.800101971968802,7.414991434329074,2.781621419873661
none_moving,301,6817,135.88704318936877,43.060428454594714,1438,28.664451827242527,43.040389022217056,39.202583851778066,20.322051287835485,17.75106685082107,12.833245027977645,7.161837081903474,2.763291795195066,39.19845270430203,19.98620818129091,18.774539914756723,12.80166886159184,7.3831786631949035,2.795385478232226
none_moving,302,6849,136.0728476821192,43.051054078082466,1438,28.56953642384106,43.01279736929054,39.18796711948655,20.362128465633937,17.817595257984845,12.831330692389619,7.146072392218252,2.763038983034172,39.20472311290588,19.968977282168506,18.747940602905274,12.746886158795519,7.310444809463363,2.792987431043857
none_moving,303,6861,135.86138613861388,43.132748083824616,1438,28.47524752475248,43.02164353513978,39.29818502304145,20.420999205605337,17.920732570215034,12.831203155399349,7.237256720784305,2.7706662855795003,39.23155862412938,19.962198344128257,18.732576535307437,12.73004672787049,7.304394403896883,2.7930206164956033
none_moving,304,6893,136.04605263157893,43.123612426592345,1439,28.401315789473685,43.0211479513002,39.27962503404215,20.373141173932055,17.868640688381845,12.842829912972475,7.182969369068632,2.7583281948548755,39.238291622451364,19.936594186319287,18.682749450741845,12.707774590804226,7.313564828021122,2.7941869985910257
none_moving,305,6905,135.8360655737705,43.081578533215186,1444,28.406557377049182,43.004996356733905,39.24418270074636,20.285187731180937,17.805770575693714,12.8182422767689,7.144837279430602,2.75138272567095,39.22223750118548,19.93550166931237,18.667747181203776,12.709785850720621,7.302209628545166,2.789354600425034
none_moving,306,6938,136.0392156862745,43.040335107790305,1449,28.411764705882355,43.01941471583149,39.17598204430395,20.316213738472992,17.821658832931647,12.826410767794737,7.141784004346263,2.7473313201021563,39.23913121676539,19.969177703699174,18.694480347334796,12.769873901256082,7.433300883412365,2.807125687815314
none_moving,307,6952,135.8697068403909,43.04815437087502,1457,28.47557003257329,42.990397743078965,39.20354113191959,20.244108650544558,17.721484573715227,12.819258487417697,7.093835437081441,2.7537595371164874,39.219180638989236,19.975723285197077,18.699620306309487,12.743353584619184,7.396149261185412,2.797403274387937
none_moving,308,6985,136.07142857142856,43.051206065882084,1469,28.616883116883116,42.91316587542468,39.203402811537536,20.21477570451088,17.665839183048305,12.796694617408386,7.0123915980796125,2.7457076747280493,39.14758215736989,19.982165715664078,18.697601354743917,12.757170237417858,7.350180520271979,2.798348053817756
none_moving,309,6997,135.8640776699029,43.097808756289815,1480,28.7378640776699,42.99442659660417,39.255339251638404,20.194931414972192,17.73540899476623,12.837010400892874,7.079864744526163,2.758464175607245,39.22546499749783,19.966804176481237,18.676348836977606,12.762184829916642,7.448507704313122,2.7998031001318857
none_moving,310,7029,136.04516129032257,43.0646418434751,1492,28.877419354838707,42.94870048103824,39.214343036568735,20.249994951411352,17.706706150550758,12.815886014170646,7.184885571156291,2.7629817185789842,39.17528629801974,19.994492278804362,18.702306762296644,12.762550715142641,7.394186157431578,2.799449850992746
none_moving,311,7041,135.83922829581994,43.0974175635995,1506,29.05466237942122,43.059254052138755,39.22718970508925,20.30140236720489,17.774815776038768,12.809977822501759,7.1238906890378315,2.7538303681925425,39.28179452700819,20.00181468849148,18.708570704148833,12.800582644169486,7.514876990975667,2.808444706587583
none_moving,312,7075,136.0576923076923,43.11811796258503,1513,29.096153846153847,42.98925156014406,39.263623344431146,20.27058917242584,17.75535527818345,12.806449274886596,7.044133455004193,2.7478429002069724,39.204051360894965,19.98378692893236,18.668112222945673,12.753898446474853,7.384434660449342,2.7962945780597304
none_moving,313,7084,135.79552715654953,43.13248731407831,1521,29.15654952076677,42.97942726203949,39.28418128225239,20.26867083205959,17.732426635127513,12.769788469284064,7.025661491433952,2.7566681390665404,39.22266935676028,19.92036936874522,18.59384222196659,12.698668026896293,7.377671575779294,2.7940291098540286
none_moving,314,7117,135.99363057324842,43.08978971196802,1526,29.159235668789808,42.98267308654482,39.26505309351463,20.30520893388233,17.743416266050858,12.743472238894507,7.070442275205517,2.753806772627592,39.22014023194958,19.900102844782204,18.559879828521595,12.697878536262095,7.344729028568662,2.7899615892021923
none_moving,315,7129,135.7904761904762,42.998866911039414,1526,29.066666666666666,42.995132993468616,39.16851054571862,20.22089917869836,17.614576473654644,12.708777594420493,6.941885326611538,2.7230131537245206,39.23425543633786,19.878657639257774,18.536608595397436,12.679456894263351,7.340221550660838,2.7912216564508725
none_moving,316,7163,136.00632911392404,43.02712388837562,1529,29.031645569620256,42.96735857634626,39.172511774067615,20.255556329199585,17.687963579136373,12.745482361811895,6.966240719588837,2.7354428977526206,39.209024004566174,19.88808264052037,18.552677336938867,12.670114872881594,7.345595693476356,2.7832278426134844
none_moving,317,7174,135.78548895899053,42.98497005359517,1529,28.940063091482653,42.978658940536825,39.122505952556786,20.276017246061294,17.69040528060801,12.816966460240348,7.042369645641725,2.7361008681947006,39.20610632658732,19.854982458403438,18.515102839817445,12.635892652680731,7.258822034306483,2.7840925719736687
none_moving,318,7205,135.9433962264151,42.9780544689439,1529,28.849056603773587,42.99506406326573,39.12178767951277,20.248195402495874,17.6335870856959,12.823086974491485,7.063995523060343,2.7316124962571773,39.216690213384666,19.849412592246605,18.511076826783487,12.637262331711469,7.262656511431657,2.783316567387611
none_moving,319,7217,135.74294670846396,43.05388018705654,1530,28.77742946708464,43.00582826246473,39.216322056279864,20.222896184390905,17.690303180263363,12.801409320819143,7.080856404482188,2.7333127862750346,39.22340174920433,19.830878267841292,18.493956530438307,12.630421275445574,7.2539819156319085,2.779907676768219
none_moving,320,7250,135.9375,43.05742671906313,1532,28.724999999999998,43.04625896606018,39.22967845201906,20.173428380262127,17.63120893959058,12.772218400914557,7.004988664178261,2.7476197960027267,39.25688658759686,19.79706112743018,18.455041804923425,12.629538884041654,7.242672944369692,2.7804758260629887
none_moving,321,7264,135.77570093457945,43.10971857130319,1539,28.76635514018692,43.043628501931536,39.2522392523425,20.250319619231863,17.689816149315725,12.81297576664643,7.12462275923472,2.742870946600548,39.25279182134622,19.764170145788846,18.419690751580795,12.605177937383408,7.183700748224257,2.7835545792408745
none_moving,322,7296,135.95031055900623,43.10834875198219,1545,28.7888198757764,43.085340310203826,39.25071811445717,20.25730464103321,17.739650605664714,12.85639245019033,7.182179118598154,2.7398966971546947,39.29622274415475,19.75809347979337,18.41735694038794,12.636801346982487,7.281277852112484,2.7932296061532687
none_moving,323,7310,135.78947368421052,43.02669488352876,1552,28.829721362229098,43.02581328495655,39.18500411628072,20.20748352425835,17.648236366829885,12.758947508953725,7.027826384019102,2.755808256169825,39.23606897590518,19.77225965332124,18.436409831663408,12.627959664415066,7.288153550586673,2.7872758682814482
none_moving,324,7342,135.96296296296296,43.01183803201215,1559,28.87037037037037,43.011873700842706,39.160734435239235,20.234397376413558,17.665697521673867,12.762697374486313,7.000080451156967,2.7404560783142164,39.22490428416894,19.76165987230232,18.432756311910193,12.605303193973356,7.275636488607264,2.772576703517284
none_moving,325,7356,135.80307692307693,43.09130907990466,1567,28.929230769230767,43.08725318119385,39.26068599829529,20.29040288070414,17.736204863173178,12.79590140428938,7.12358724923022,2.7541921932011246,39.27125580186623,19.724863136631093,18.382587512553048,12.61482083240013,7.296592569836507,2.7739106306626837
none_moving,326,7390,136.0122699386503,43.12605479141292,1580,29.07975460122699,43.05686133524322,39.27744998291747,20.270700338444207,17.74306104052993,12.82510078087902,7.124550187365708,2.7390221800506716,39.24789698326076,19.750935103791083,18.430521829626223,12.657782802848864,7.357806517522596,2.7826311330316753
none_moving,327,7403,135.8348623853211,43.08703881403945,1590,29.174311926605505,43.00083052361098,39.24806099060241,20.21171399965936,17.672135617099606,12.813879957207979,7.110283500728443,2.7450208134423804,39.190589600976836,19.75828369269297,18.45537893142202,12.615877202280018,7.198277407605089,2.780673762211825
none_moving,328,7435,136.0060975609756,43.07383653977833,1602,29.304878048780484,43.02134937547299,39.24679645906131,20.217567421367153,17.650370161207988,12.810522982905855,7.213302773063441,2.7407802469797056,39.20562982065793,19.730686261925968,18.436199376142927,12.629057792286456,7.209289394359108,2.7842140803931956
none_moving,329,7449,135.84802431610942,43.124870572679605,1611,29.37993920972644,43.06497149999689,39.295654294813325,20.32809353746184,17.85177614635976,12.861175495312507,7.266249912930266,2.7658916024755587,39.26282033038902,19.81520631806151,18.52854988201347,12.720789444472082,7.497537867087456,2.7890188038229735
none_moving,330,7482,136.03636363636363,43.101098034341796,1615,29.363636363636363,43.09110721081883,39.2799999572971,20.350648600462584,17.85457462029642,12.893715143310494,7.440218082314511,2.7388426554445457,39.275700232702775,19.805916156739936,18.51484008616011,12.731334924373774,7.5586698557154,2.785802768104625
none_moving,331,7494,135.8429003021148,43.02835780288198,1622,29.40181268882175,43.08519411575838,39.22969690482757,20.292653015712492,17.75674862354561,12.80376338894202,7.2427461143091145,2.7308344023567876,39.27397762620767,19.813528085028423,18.531245128738423,12.74110313591571,7.604099896035746,2.7825057854219315
none_moving,332,7528,136.04819277108433,43.05504772127906,1623,29.33132530120482,43.083677121344266,39.25039702030959,20.244886179856096,17.70812234063422,12.792258481162147,7.182606439232889,2.7165414455043444,39.271315704796976,19.83849366858915,18.57848598926541,12.770823815278074,7.625419588960495,2.788364023532805
none_moving,333,7540,135.85585585585585,43.109087522626666,1623,29.243243243243246,43.070207360856664,39.29279941259172,20.31448620450542,17.767730861085532,12.837806177431698,7.316888935143434,2.743667915424458,39.25969111387723,19.849969699373645,18.602898270992352,12.780833561045206,7.630505130044274,2.788209123092055
none_moving,334,7571,136.0059880239521,43.039641341322415,1624,29.17365269461078,43.06317462519155,39.25197287171547,20.299369383417137,17.702037637869882,12.81144861918192,7.372731578035582,2.7476785650129587,39.25380325167332,19.849219892823612,18.597240442950817,12.782543955809311,7.6556288054910935,2.7930407410158407
none_moving,335,7583,135.81492537313432,43.05490407239194,1624,29.086567164179108,43.0555336138347,39.271526142228815,20.239043289552995,17.724594279152708,12.783200717413896,7.196092673011647,2.731889857967784,39.24921557783132,19.852928010966593,18.598147358290774,12.784657900279045,7.675631931579445,2.7922964068324316
none_moving,336,7617,136.01785714285717,43.02008440261224,1624,29.000000000000004,43.04817318587077,39.20481836238179,20.183381779857747,17.69556069809468,12.831674160505198,7.157295798717837,2.7292244055524106,39.24554145808354,19.858566030503876,18.60198191297037,12.786758522876205,7.691234715718751,2.791903137102071
none_moving,337,7629,135.8278931750742,43.022044767705474,1624,28.913946587537094,43.04087402918799,39.20216185185686,20.16327323608462,17.689572879065068,12.900094654486454,7.243136950421346,2.746345890187753,39.24210214978282,19.86519840449966,18.60728730017151,12.78876416420348,7.703757973621115,2.791652125871526
none_moving,338,7662,136.01183431952663,43.01909647208159,1624,28.828402366863905,43.03376444346087,39.17176368044666,20.155529083701495,17.672195456617544,12.909847113003723,7.25781405902641,2.7416821609562945,39.23880467460124,19.872234473085232,18.613185169450894,12.79058446312023,7.713868365062301,2.7914811067083107
none_moving,339,7674,135.8230088495575,43.02654323051309,1624,28.743362831858406,43.02685958594984,39.176530466943106,20.18199877455462,17.64681179857589,12.830454902123526,7.136924111229634,2.7646443657358177,39.23557334775369,19.879410074091034,18.61928278028754,12.792225117155425,7.722146581685471,2.791338877458842
none_moving,340,7704,135.95294117647057,43.04252354926759,1624,28.658823529411766,43.02019519229883,39.240347955874235,20.185447286574988,17.692324497439433,12.81653330452309,7.168151167326163,2.747922705539157,39.23240336794998,19.886572808710557,18.625371124141154,12.793699907752895,7.728977147023058,2.7912037295679712
none_moving,341,7716,135.76539589442814,43.07740405439752,1626,28.609970674486803,43.01980257235007,39.28831251623889,20.27436676835479,17.761686119756206,12.854965607471943,7.283379959194511,2.747923382916422,39.23715249590412,19.887134346415834,18.624531435025624,12.780661122145927,7.723465648224156,2.7958386076753614
none_moving,342,7748,135.9298245614035,43.11234701439736,1626,28.52631578947368,43.023923038401655,39.31020287513093,20.299165478837438,17.77767497549264,12.839972844531506,7.216037826199995,2.751414815719975,39.24439808240128,19.88631678033059,18.621582497047577,12.771304472463235,7.70801108087904,2.7963564711849545
none_moving,343,7755,135.65597667638482,43.05721443471555,1628,28.478134110787174,43.022482775393435,39.27429574964574,20.240330429357428,17.70759513019728,12.785810026399066,7.150058793570006,2.7405060891584485,39.2460346660286,19.889650785431435,18.623291411934304,12.768226798161662,7.705138380874801,2.7958871819808024
none_moving,344,7789,135.8546511627907,42.9850021074849,1629,28.41279069767442,43.03698773793794,39.1691192270002,20.180497085364912,17.62179890830471,12.813179014734983,7.082085827580534,2.736598565121031,39.2945179446333,19.82666870056384,18.555318907501785,12.693231832495401,7.560836462411993,2.7874839544722114
none_moving,345,7803,135.70434782608694,43.01845797405508,1629,28.330434782608698,43.05078533105343,39.162427613122105,20.308549796169228,17.735494541400776,12.860330700062157,7.19979517549484,2.736188163194349,39.31775806352504,19.812045667742698,18.535770597958905,12.655957107813503,7.470189389026887,2.7930306081088725
none_moving,346,7837,135.90173410404626,43.05955909733897,1633,28.317919075144513,43.06789119983804,39.168012766699675,20.36125318847523,17.757243700118828,12.839742759427711,7.102858865573159,2.7368298688768395,39.33057121893323,19.81355347315649,18.52944624316027,12.630666784742715,7.352573080533775,2.801038882726935
none_moving,347,7851,135.7521613832853,43.01180309421594,1633,28.236311239193085,43.05767740518019,39.16862568160587,20.26651030875058,17.663840932660687,12.794853660174885,7.050851122971599,2.7148699570376285,39.298638870488546,19.808705416069166,18.521198639238253,12.602201702359755,7.219049548039827,2.7866316860894993
none_moving,348,7882,135.89655172413794,43.03471880382771,1633,28.155172413793107,43.07312900106353,39.175629232324795,20.332634301860864,17.7457878105104,12.800949097560013,7.042181616710805,2.7416348717339862,39.30062762772305,19.81707945283188,18.527141555445382,12.609002269402007,7.185553445927595,2.786295429507878
none_moving,349,7894,135.7134670487106,43.021316696503284,1634,28.09169054441261,43.081704905140406,39.19422990070107,20.30150591041603,17.729235658217796,12.804777034771089,7.1208863578560075,2.748271766638052,39.30135278352935,19.852626033261327,18.58359609905178,12.628131912878297,7.131527479469477,2.785556864943286
none_moving,350,7927,135.89142857142858,42.94469547058658,1639,28.09714285714286,43.09603480482259,39.103900412180835,20.271601181646325,17.632295613897583,12.81136312608553,7.132578558744603,2.7376112445886194,39.31063127845256,19.875076608144113,18.618271201832332,12.632110692423998,7.081481906073971,2.775158907175611
none_moving,351,7941,135.74358974358975,43.03010128337946,1644,28.102564102564106,43.13352369501183,39.20056310868103,20.35179546982885,17.737853470570577,12.776317605561937,7.05813071390034,2.7342542301776445,39.34599054122761,19.91937947331864,18.670090949181844,12.674110020846246,7.149122662441725,2.787548668937539
none_moving,352,7972,135.88636363636365,43.05839084813334,1648,28.090909090909093,43.133404063793165,39.252057114731244,20.343544044920453,17.7595717055486,12.764571025026662,7.073426795973171,2.7407118123900003,39.342749344011466,19.91137710575224,18.661164095229438,12.648600667120848,7.078631145689852,2.7908180072003526
none_moving,353,7984,135.7053824362606,43.102136993398055,1657,28.164305949008494,43.067378785500146,39.27434164699975,20.391647915747743,17.781781501587613,12.748485302940804,7.103396941735307,2.751842417144465,39.259264586954444,19.960031567044688,18.70144612402964,12.690797820612556,7.066194416798001,2.7798090544882634
none_moving,354,8016,135.864406779661,43.040095242018005,1665,28.220338983050844,43.0635702251702,39.187889631452926,20.338650313531677,17.72188372535851,12.805835048785609,7.173654720382568,2.7420213062688563,39.25667872096059,19.96161954598178,18.716497239122567,12.70675369542768,7.083666618331509,2.7691537691876027
none_moving,355,8030,135.7183098591549,43.10053159380803,1675,28.309859154929576,43.050080235807414,39.23571376889185,20.31244436429853,17.73736100830947,12.77994889495912,7.123201441924744,2.753629918565778,39.24129373334809,19.951785089797323,18.71473488040715,12.712139438904076,7.07568497466525,2.7775959195826943
none_moving,356,8061,135.85955056179776,43.0591336635976,1684,28.382022471910112,43.052034095430194,39.22299227180949,20.294030655341704,17.785850627343315,12.794686771698215,7.180996900280634,2.753372492926027,39.2488817367608,19.901030242788583,18.66482196805144,12.653882377696423,7.038246582549656,2.7843537413344337
none_moving,357,8074,135.69747899159663,43.04138480790893,1689,28.386554621848738,43.054141876363865,39.22239848284722,20.32950882372434,17.822559603474758,12.776818059718185,7.093238208151075,2.7492140743969875,39.24413501068518,19.944108652032778,18.71046702196184,12.721468127049494,7.145528654618223,2.783999294044296
none_moving,358,8108,135.88826815642457,43.052593971948625,1696,28.424581005586592,43.06722914375419,39.24860849617667,20.301481278275375,17.80356735400095,12.756662347511677,7.065979432143751,2.747069428864538,39.25725423280716,19.92446188602974,18.69288130165028,12.716576645492642,7.156508152558901,2.771677739847587
none_moving,359,8117,135.66016713091923,43.076151820160106,1702,28.44568245125348,43.03847635061955,39.24368595994798,20.263323649788614,17.77358186829028,12.873890043018017,7.2756446322678645,2.736322909508637,39.224839737856726,19.940263284533742,18.72252628957498,12.745207613240572,7.241345557669311,2.799905476038848
none_moving,360,8151,135.85,43.08957255959478,1702,28.366666666666664,43.00242290540558,39.20968326800113,20.273766408878778,17.762230889659882,12.897586563910192,7.239953265591753,2.767198692241482,39.16898460456513,19.981204076430622,18.76072849793119,12.787128312761356,7.237962402266604,2.797226949167047
none_moving,361,8164,135.68975069252076,43.06458759753674,1706,28.354570637119114,42.97453646267551,39.190734595326425,20.274946053414222,17.686975239136736,12.80618791892117,7.181345571147851,2.76634130142881,39.137954208278614,20.005707040570716,18.787377727818175,12.827858747606708,7.3222517803824605,2.7838464803253173
none_moving,362,8196,135.84530386740332,43.155679841105005,1706,28.276243093922652,43.00408584137242,39.308170871240335,20.262735429598568,17.751687642776,12.805966637407987,7.1780815507721885,2.7763065935446005,39.18294139168404,19.96516803783776,18.73805138517335,12.790815492471983,7.322760249396601,2.7949439094596658
none_moving,363,8209,135.68595041322314,43.08876047604183,1706,28.198347107438018,43.012672446338556,39.24255921263476,20.27424408953607,17.705486538014135,12.817050700461305,7.204494562375445,2.766787485565445,39.197951960234136,19.952557968162182,18.719035744127105,12.787520631052212,7.369837387809933,2.7950235105342793
none_moving,364,8241,135.84065934065936,43.08119220314725,1707,28.137362637362635,43.02254526122425,39.24757071683454,20.26309411406575,17.675852228888242,12.796870918071308,7.184984340400328,2.7459209186496976,39.208397015578115,19.91656292306376,18.663266070275917,12.772593984317927,7.41666242984322,2.7981638990674496
none_moving,365,8254,135.6821917808219,43.08795941406468,1707,28.06027397260274,43.031784176033625,39.25587638709445,20.290410538696367,17.676587879843105,12.793217361917957,7.152452036314493,2.7232157579772602,39.218827270718606,19.89548578284221,18.630981718739356,12.764185276457482,7.451922441402792,2.797825878875606
none_moving,366,8286,135.8360655737705,43.104871323929075,1707,27.983606557377048,43.041136443978765,39.26800129753221,20.29086768634558,17.705391774318255,12.793934608644458,7.1059728695512705,2.7342517778092272,39.22874409731766,19.881996813623257,18.611174285458013,12.759315117529846,7.477350271547514,2.7979148153283524
none_moving,367,8299,135.67847411444143,43.04230864615076,1709,27.940054495912808,42.99549385597687,39.21289643080992,20.268637504509343,17.683678334094658,12.799843457041135,7.145890396776499,2.741894668790131,39.18927322732602,19.910438422095794,18.64094625491223,12.795729736431172,7.5999603971582985,2.774917992579797
none_moving,368,8332,135.84782608695653,42.983932129247904,1715,27.96195652173913,43.08063291010358,39.13071055340084,20.24989349582665,17.612193534207883,12.826440043006919,7.188411969397299,2.731178354414989,39.264233138846556,19.893800782949228,18.62160362625924,12.814270307311237,7.666508314034209,2.810318126084469
none_moving,369,8346,135.7073170731707,42.936696038442456,1722,27.999999999999996,43.129681140607005,39.07445376151473,20.22141872480914,17.561889028865046,12.781980020346026,7.014901226922028,2.7419611711606877,39.31707256564383,19.858872658439513,18.582927296003565,12.763512778684259,7.579087260283311,2.811508009386859
none_moving,370,8379,135.87567567567567,42.99144051838533,1729,28.037837837837838,43.09303986842645,39.12922040547725,20.259685884173734,17.596012825308716,12.74645484209774,6.910907723732988,2.7448182008044464,39.290677063423814,19.843939829651635,18.563259447576176,12.713424572051034,7.470013516319327,2.798882081974438
none_moving,371,8393,135.73584905660377,43.014388275519046,1737,28.09164420485175,43.12432025134656,39.15295771127398,20.29798031585065,17.63824856791256,12.833386587047489,7.165719815095899,2.7344969524790272,39.317236600634416,19.843502261308274,18.555046184802023,12.724649848589504,7.484758269647004,2.8003299229888783
none_moving,372,8426,135.90322580645162,43.02530258554141,1744,28.129032258064516,43.09385587572797,39.18311745414065,20.32471239643287,17.706661360429557,12.855492234290848,7.269991885902215,2.735768084017489,39.29589577152314,19.87075356300759,18.58961522502957,12.728455723676605,7.522104453381568,2.7910256280077363
none_moving,373,8439,135.7479892761394,43.11328509210193,1752,28.182305630026807,43.117485764202264,39.2662678769787,20.273597097173564,17.691428352214576,12.856713607206272,7.250440156287163,2.742718576471634,39.31698502450134,19.85468953273367,18.565918299913143,12.691717487798064,7.428337513282025,2.793986272111059
none_moving,374,8472,135.9144385026738,43.08227280039245,1759,28.219251336898395,43.186649611247354,39.23190606657792,20.283207608990306,17.6803980258443,12.857532367863266,7.290894675354977,2.7528951264817487,39.406229969483896,19.808792313601206,18.515749037819198,12.642380570691277,7.375862313252285,2.800933676406744
none_moving,375,8485,135.76,43.13008874862744,1759,28.144000000000002,43.18854611640621,39.28127242669775,20.30186640424029,17.711235576158394,12.798238822877822,7.204951164488354,2.7521344805826544,39.41502545707765,19.811445910418513,18.515828009278135,12.630895261354526,7.3593092987018,2.797168269644776
none_moving,376,8519,135.94148936170214,43.12336789435676,1763,28.132978723404257,43.17671733059995,39.28081727804634,20.304407572015286,17.70004333837005,12.77550492985077,7.149150493285793,2.757147359306452,39.406857349727844,19.824403083803528,18.53113152179248,12.621666558410084,7.342611822850832,2.7947898651628007
none_moving,377,8532,135.78779840848807,43.16341768009192,1763,28.058355437665785,43.22048353642642,39.262357869148545,20.38073394453635,17.797341484784344,12.836674212865374,7.140892808126019,2.7533473193218234,39.46647931217602,19.807485345471417,18.537378873813825,12.617627221287236,7.366968422017144,2.8000899443959915
none_moving,378,8566,135.96825396825398,43.14963353536281,1763,27.984126984126988,43.22676070175193,39.2984659669702,20.32094242900325,17.733811070327523,12.803157355684752,7.19509014346582,2.7571568055542897,39.47671239055307,19.809846487264913,18.552474137403152,12.625295006311264,7.389262540402877,2.799034349368837
none_moving,379,8578,135.7994722955145,43.10921274277628,1764,27.926121372031663,43.23211436076276,39.27776384380097,20.249986848879765,17.63859357379713,12.732875301848251,6.9900350888755725,2.7484963914392813,39.48354826070031,19.80084307565577,18.55247818204071,12.628303032865428,7.408151298827802,2.794175705949897
none_moving,380,8609,135.93157894736842,43.069413515972236,1767,27.9,43.242511950780056,39.23106658672597,20.292468181173117,17.624927063499428,12.726916000447964,7.044381810335951,2.728572740118616,39.50569421311878,19.781819275893298,18.53589937758324,12.621169383586333,7.469803946694137,2.7794303423172013
none_moving,381,8618,135.71653543307087,43.08530340613833,1773,27.92125984251969,43.22165700578108,39.24957232267722,20.379215998268634,17.730711290163935,12.745529731944849,7.114869744245955,2.74087249037112,39.471560969335655,19.79596605595254,18.554268860744656,12.631036598548885,7.409201954320753,2.781582637856107
none_moving,382,8651,135.87958115183247,43.060403710334356,1779,27.942408376963353,43.18985987758025,39.2351503390273,20.284070453893,17.691683873084116,12.784430993587845,7.136092332468519,2.743455972498733,39.43673004187195,19.807142998275413,18.562923039009352,12.62843036091863,7.381100599413822,2.7707898102746777
none_moving,383,8665,135.74412532637075,43.153576717079915,1784,27.947780678851174,43.18602391689902,39.32789531917746,20.283472784229513,17.70894841975656,12.789104089628466,7.169820761177367,2.7526017019703,39.42443433161809,19.84804208755814,18.60620067668166,12.665135218704917,7.369601058791957,2.780524779504198
none_moving,384,8697,135.890625,43.14926001962984,1790,27.96875,43.20514396480785,39.335621242984665,20.250251251939787,17.681921720642144,12.787644258313236,7.187901307296437,2.7271261746680344,39.439432238311824,19.83354145416177,18.586920819504865,12.649730348699027,7.300721571804059,2.786650951502005
none_moving,385,8706,135.67792207792206,43.14738917774501,1798,28.02077922077922,43.18385344313043,39.32010587192887,20.29710634378642,17.78290461509975,12.811557318934414,7.10995649763244,2.738174558726768,39.394483183411104,19.802387614330407,18.544373809805812,12.640944392856294,7.2994201411013,2.773353983464224
none_moving,386,8739,135.83937823834196,43.073089881737374,1808,28.10362694300518,43.197069200781144,39.268729914669414,20.286998432368794,17.77277588145185,12.822028753167823,7.2151005777233435,2.739034484320435,39.414754068683045,19.814885374826066,18.576386521529066,12.671925901245388,7.411458915400134,2.7790604375684618
none_moving,387,8752,135.68992248062017,43.038101055555835,1817,28.17054263565891,43.14182179329822,39.24896583829372,20.257440124207555,17.65732404087334,12.71252392751548,7.067473846033946,2.7261597412288125,39.354978263342616,19.87490348111332,18.629866373255176,12.697846135090266,7.361951590993362,2.7789583393813233
none_moving,388,8784,135.83505154639175,43.01019736326712,1828,28.268041237113405,43.15400382417823,39.240966908154604,20.233179671774607,17.676015609999073,12.71412430307533,7.025236016201219,2.745642801422981,39.329024666622786,19.81199404825279,18.539868939411196,12.651718699105247,7.255488973885272,2.7878323963384006
none_moving,389,8797,135.68637532133675,43.01860434460986,1835,28.303341902313626,43.18834072994438,39.22050682720423,20.241119464972424,17.709934291369244,12.758741380297915,7.0260508319150565,2.744190328188845,39.34249869227472,19.826519814289945,18.5627747834045,12.700503375209383,7.361066707203799,2.7787380439418015
none_moving,390,8828,135.8153846153846,43.02077759978965,1839,28.292307692307695,43.20812951455556,39.199570850121155,20.24648406262709,17.728703150005817,12.78682045876554,7.081437080172124,2.754985780230854,39.395196264643076,19.839822625470728,18.59084866478531,12.707821556976217,7.440662639228668,2.779570229843214
none_moving,391,8842,135.68286445012788,42.96592260944035,1845,28.312020460358056,43.219982274416424,39.10714096744939,20.33823773646763,17.810301625278598,12.872639272247701,7.298406280990276,2.751597485820106,39.36363022419182,19.805015863620607,18.554350124870385,12.71821945293961,7.429633104708805,2.7829142603883663
none_moving,392,8872,135.79591836734696,42.95987370887561,1847,28.270408163265305,43.203181344162594,39.10972579763106,20.309415404250863,17.818349263626455,12.878904194098979,7.268474952625944,2.743541724013464,39.328442746157926,19.800480689281844,18.55460443662827,12.744246871646045,7.499682954938985,2.786426673635471
none_moving,393,8885,135.64885496183206,42.98832233901363,1847,28.198473282442748,43.20197804902971,39.134352072200144,20.3052872756759,17.790543074983308,12.857004598661545,7.151300110052439,2.7476414729512597,39.318721414445235,19.79030511061007,18.54672882389964,12.753362467246085,7.534279777716002,2.78864693183657
none_moving,394,8917,135.79187817258884,42.94919963698104,1848,28.142131979695435,43.192461443492476,39.10602009390816,20.255395358148213,17.679140225849828,12.850324468973673,7.214082709003987,2.752050260467916,39.30834925388526,19.782164341932184,18.547175455744206,12.755836949715652,7.5456076809914805,2.786936961950363
none_moving,395,8927,135.60000000000002,42.987489453782075,1848,28.07088607594937,43.18746837676522,39.170925067985884,20.205389751233618,17.63596933706796,12.795850953496306,7.1344715721443235,2.7513527349134574,39.30386055875097,19.773933377064903,18.544161795205355,12.75621972336928,7.556119839968998,2.788271240451685
none_moving,396,8959,135.74242424242425,42.95360739276916,1848,28.000000000000004,43.18408190047481,39.11201585132487,20.252523359308366,17.6743587369312,12.819548335968678,7.176860678863633,2.742833743484819,39.301658127402234,19.76674085840433,18.540409187643625,12.756086949831547,7.566531816351685,2.7891567149547183
none_moving,397,8971,135.5818639798489,42.97634203482202,1848,27.929471032745596,43.181790465903816,39.10491334936469,20.367047821030514,17.775951570832497,12.914664308702365,7.411727703781405,2.747915516607743,39.30081929414775,19.760345503351147,18.536390221994235,12.755666772397909,7.575819344474022,2.789813042029962
none_moving,398,9004,135.73869346733667,43.06619287976286,1848,27.85929648241206,43.17998852370293,39.21604863337855,20.373646750694693,17.771783487412694,12.880336560017888,7.390690285213313,2.7573702245413907,39.300573980659564,19.7547241315498,18.532517045766873,12.755155647962551,7.583920480307335,2.7902992080339777
none_moving,399,9017,135.593984962406,43.10953130001319,1848,27.789473684210527,43.1784415687443,39.26350074901551,20.408065016743365,17.882114143684223,12.861061288817215,7.333178557169363,2.7725171958553143,39.300589741240614,19.749728783976373,18.528875529867683,12.75459852960057,7.5907717095172895,2.7906727425219757
none_moving,400,9049,135.73499999999999,43.09980143351868,1848,27.72,43.1769958634124,39.25684367861709,20.370531573846876,17.86476408986004,12.895544533876727,7.424222086325884,2.7447419702341027,39.30066421128409,19.74524724008937,18.52549331684874,12.754023989768047,7.596466860012642,2.790963500013102
none_moving,401,9060,135.56109725685786,43.17136647441195,1849,27.66583541147132,43.155736510436725,39.33102110015042,20.389671155504306,17.899866570145768,12.913196079175044,7.439330243796179,2.7479967176816658,39.27380513856754,19.762157098077584,18.545837163409146,12.775116919373271,7.583102766157553,2.7896408821356204
none_moving,402,9093,135.71641791044775,43.14313124008805,1849,27.597014925373134,43.143304889216566,39.29487941279969,20.331945772377587,17.78956691504164,12.895012852694688,7.402995672004879,2.744258431775221,39.258920341748386,19.76989394850919,18.555478117351697,12.787610706478421,7.598294310754333,2.7929568934783027
none_moving,403,9106,135.57320099255583,43.13400844358002,1852,27.57320099255583,43.11386622619015,39.26560091939807,20.280398885323173,17.754292432009116,12.863942862692038,7.261844718990036,2.732337341703766,39.23116121220597,19.78738686671381,18.576667480285128,12.81001103476583,7.64441232805298,2.785865170747569
none_moving,404,9139,135.72772277227722,43.08984615362528,1854,27.534653465346537,43.07930398028149,39.23152091973813,20.266463263507795,17.74163280941684,12.875581507207919,7.295037732972967,2.7311478311151522,39.21661782141387,19.805359394330477,18.591823877383703,12.779506180001663,7.536207493183058,2.7848679472979447
none_moving,405,9151,135.57037037037037,43.12809968671205,1854,27.46666666666667,43.08247291683269,39.31178104376099,20.252851203529833,17.75282395143434,12.823010730785924,7.27646755382328,2.7443890548385603,39.23127287147739,19.807175573531538,18.59027493650331,12.76380416996762,7.498372857129426,2.7842091433679657
none_moving,406,9185,135.73891625615764,43.11709553296293,1857,27.44334975369458,43.06673440027125,39.3082480024605,20.246546304631995,17.741028480296706,12.822291415269008,7.3272609013921395,2.745410023152272,39.22369981935343,19.819503190852316,18.60096017226771,12.761167333095406,7.488333556537097,2.773154362580738
none_moving,407,9197,135.5823095823096,43.1599420225433,1859,27.405405405405407,43.00205326810913,39.36286569946873,20.27358011859462,17.791046376647778,12.871650681893039,7.406495667752997,2.7292837105041627,39.14864014375682,19.86702172098174,18.660456890529403,12.796753512983832,7.531832545336181,2.761753056613116
none_moving,408,9230,135.73529411764707,43.161939552025004,1866,27.441176470588236,43.02793875606164,39.3519057141068,20.28782215975641,17.73822709955197,12.839240553084146,7.351212811415024,2.7295449960786597,39.1577767906847,19.837958030479047,18.628128221118754,12.790033162356817,7.48263132645858,2.7771354360584164
none_moving,409,9241,135.56479217603913,43.18693366208608,1874,27.491442542787286,43.054022997279745,39.35877434710652,20.346685164216137,17.83150622825268,12.842241984657514,7.3466215800055465,2.7472199729162226,39.1792043870732,19.832204189679445,18.61078994962301,12.800012140457579,7.483525001625518,2.785466654828533
none_moving,410,9274,135.7170731707317,43.15060216156529,1884,27.570731707317076,43.05034200684131,39.31717186946162,20.30466890599173,17.856243605359154,12.87362910182681,7.285092727663462,2.7550466757398167,39.18606680697316,19.841615895993094,18.611915703099335,12.818864301683222,7.578239837201364,2.7569522508767474
none_moving,411,9288,135.5912408759124,43.11198300682974,1896,27.67883211678832,43.04325565269955,39.273395160420975,20.349622731953435,17.82577242285591,12.893035738733182,7.4197543482364114,2.750996509065448,39.173007250685664,19.8740598531539,18.640240243733693,12.843386296158464,7.620675697219204,2.764197019523934
none_moving,412,9321,135.74271844660194,43.077512216741276,1904,27.728155339805827,43.04160745443616,39.202170703644384,20.33463036071549,17.79800243193724,12.919257549489862,7.391283841469929,2.751410500168336,39.17308938489623,19.81954292852142,18.577329403772076,12.7649552158799,7.430512429881889,2.778542797164289
none_moving,413,9334,135.60290556900725,43.046460153794335,1919,27.878934624697337,43.071275751025276,39.18050998291442,20.30792540067078,17.781861430577635,12.892569216411427,7.352679395772583,2.759814623687716,39.170102054456855,19.829832905539426,18.576293479640093,12.802521269567197,7.513214618219712,2.7705266079325104
none_moving,414,9367,135.75362318840578,43.055968033644604,1932,27.999999999999996,43.02789220503169,39.21463153285232,20.324041703215965,17.809159903264195,12.866728803474146,7.295825558989024,2.7476004322260814,39.120171048148585,19.840652311626723,18.564894020580418,12.81992062724896,7.604934260578271,2.779236308210185
none_moving,415,9378,135.5855421686747,43.0440422623468,1941,28.062650602409636,43.057797563015775,39.23190265380316,20.235390429078397,17.747836416882148,12.771556500938111,7.085819584802961,2.7722689627360126,39.184593089361634,19.826097086795034,18.539994633334658,12.77798433403378,7.57114150605598,2.789240115375907
none_moving,416,9411,135.73557692307693,42.99833155874041,1950,28.125,43.08139675357479,39.21040590201905,20.249463055159527,17.744415581517995,12.768053812703865,7.175072802406474,2.764592417999281,39.232297863176655,19.813379275682202,18.529989664467518,12.737273748197302,7.489845891468187,2.7853674381870035
none_moving,417,9423,135.58273381294964,42.918587763883984,1959,28.18705035971223,43.09031138830941,39.09588927777354,20.28879648497064,17.763066928739274,12.845356842016905,7.278471000637002,2.7476830497978355,39.257837364728786,19.834418031548648,18.566175276502108,12.744199711306656,7.4545155281295195,2.78818336837582
none_moving,418,9454,135.70334928229664,42.94942509095555,1964,28.191387559808614,43.09036679359121,39.10977735209765,20.323219552717738,17.830629616441126,12.858216282098159,7.305532565818334,2.7493456168819432,39.24095115895584,19.83609168956022,18.571514258861907,12.757555393510785,7.435305950321266,2.7780184266020505
none_moving,419,9467,135.5656324582339,42.93926097753996,1969,28.195704057279237,43.126575421620316,39.13600582942893,20.275574516122607,17.780164266032198,12.866504521145913,7.365196716380926,2.749120549592507,39.28774255105451,19.834600231987917,18.57189287310191,12.747295486014382,7.45820910136431,2.7882477959527345
none_moving,420,9501,135.72857142857143,43.043873121130545,1973,28.185714285714287,43.14645368454819,39.24235481794005,20.357984327056542,17.871473755245102,12.834358934362609,7.355286243815698,2.7617783284562143,39.326937395276836,19.8438830225872,18.590804371634007,12.725650722438399,7.409021021932305,2.791579420131575
none_moving,421,9515,135.60570071258908,42.96033120317769,1976,28.16152019002375,43.15543844928418,39.143676663141314,20.309441923635163,17.800825124053876,12.860548577231727,7.331875995574506,2.7175360941538895,39.36136327690209,19.844500961618948,18.59489344195567,12.701784540853032,7.39870861819361,2.80190905336053
none_moving,422,9548,135.75355450236967,43.02538175757832,1976,28.09478672985782,43.159108467297436,39.172831237784564,20.337472829830993,17.841707954392028,12.882523408168806,7.315967888187183,2.738222499635785,39.37653305767887,19.83469086775311,18.587195105031743,12.69381022184456,7.416397979598982,2.7945353837270344
none_moving,423,9559,135.5886524822695,42.99674080069137,1976,28.02836879432624,43.16440515143695,39.14054996915848,20.275500610651967,17.75212554138377,12.831161898160172,7.173249078693267,2.748566455320599,39.387612813840086,19.826369455692962,18.57940135581508,12.687210316999494,7.424368144023526,2.7950963409749567
none_moving,424,9591,135.72169811320757,42.99276159486357,1976,27.962264150943398,43.16817408067383,39.14654484287242,20.231634058379193,17.67948988521538,12.825936806137154,7.1784547979377225,2.7351080823923284,39.39463011348634,19.82105711539142,18.57413075894301,12.68350602575555,7.432787005306104,2.7951605127365053
none_moving,425,9603,135.57176470588234,42.985485523770556,1976,27.896470588235296,43.17211591825007,39.1482495375381,20.288630729531363,17.753852421178863,12.865638293828527,7.260387270993477,2.7464587350905556,39.40031165936711,19.81705196734798,18.569909481310948,12.68096058455455,7.439093172792563,2.7952745793606057
none_moving,426,9637,135.73239436619718,42.97125060984356,1976,27.83098591549296,43.17561382538439,39.129953009015516,20.279435425860317,17.738270058757443,12.875678534051302,7.344554042110755,2.7456302295278547,39.404778300331635,19.814332180607895,18.56694498776645,12.679379317777483,7.444555648467633,2.7953060732915445
none_moving,427,9650,135.59718969555036,42.97386808831959,1976,27.765807962529276,43.17890122133218,39.15756797948407,20.22551707030327,17.684458008922697,12.868951900257255,7.307350646549899,2.7424289541901885,39.408583606679564,19.812420158164983,18.564785541055798,12.678334086736337,7.449063956604951,2.7953278511482877
none_moving,428,9682,135.7289719626168,43.03726997939652,1977,27.714953271028033,43.18191105296914,39.2205012012565,20.28474928592911,17.779325933289897,12.862523828726951,7.26340679519533,2.758115945572633,39.411858687880205,19.811135037329073,18.56327247867981,12.677657654819836,7.452887378167962,2.7953332133016233
none_moving,429,9696,135.6083916083916,42.98925250864959,1977,27.650349650349646,43.17634136448737,39.188305186121944,20.330204866002898,17.772401234726825,12.852951222722913,7.293134146561714,2.7388926666170486,39.4060358024176,19.79694987387403,18.54554758304976,12.654270611988157,7.407685467755897,2.7949379801936325
none_moving,430,9730,135.7674418604651,43.02302205424876,1977,27.586046511627906,43.16405711200613,39.22159091343353,20.326427379738153,17.73720717391949,12.795409562591963,7.175945625699055,2.7320505374197688,39.392329646148745,19.8139925076477,18.56152422911607,12.662413182268748,7.397888095986237,2.7953671124469404
none_moving,431,9743,135.6334106728538,42.96862406692485,1977,27.522041763341065,43.15507979535394,39.144095125286924,20.29492864759638,17.715757389416435,12.781750470358398,7.1391401022183185,2.7289640330265916,39.382783518387,19.824236475314628,18.570218892833065,12.664908204744474,7.385090176524204,2.795946604158427
none_moving,432,9776,135.77777777777777,43.053000698905045,1978,27.47222222222222,43.13092480474544,39.233973405215195,20.308188393976067,17.797906635105697,12.784743952379813,7.103954139802187,2.745036840829294,39.35337507133217,19.849582100368885,18.596140285135277,12.68936891453572,7.374874691241797,2.8012998348213176
none_moving,433,9789,135.64434180138568,43.03594284930715,1980,27.4364896073903,43.122108269504274,39.225469485550036,20.30874852712313,17.695825978723978,12.766435450889798,7.11250365630648,2.7515945084219275,39.33954403348284,19.860742740595935,18.608539175387627,12.684604726420543,7.32947862630333,2.8138981877565996
none_moving,434,9821,135.7741935483871,43.036950936860656,1982,27.400921658986174,43.057807768673875,39.230222857267634,20.25540968813353,17.654528292546047,12.774373891995639,7.0621013282146885,2.744657382169212,39.26589998648169,19.92866720197186,18.667348103456554,12.741545763938218,7.328676110686841,2.8062181000411526
none_moving,435,9835,135.6551724137931,43.0017749173517,1983,27.351724137931036,43.017715592532944,39.165055845081156,20.28357575725541,17.718783324757393,12.769721052030938,7.027862362397229,2.7385665660524507,39.22134596847138,19.92676212874363,18.649875167437415,12.74886322717088,7.326498304774857,2.802243668729606
none_moving,436,9869,135.8119266055046,43.01963488792153,1986,27.3302752293578,42.99712481521855,39.16667772343457,20.241511116123146,17.69541910629656,12.782607057591521,6.962113992115966,2.744558945893595,39.197233730500784,19.929405870990976,18.641381837863644,12.757325506244847,7.322394192345654,2.8023721027761646
none_moving,437,9880,135.65217391304347,42.969487266592054,1986,27.267734553775743,42.966934151179544,39.116797910580495,20.237059762196015,17.66681835649632,12.784139426314272,6.992600894767107,2.7327882237831886,39.12837051054734,19.95449916672098,18.66397414347849,12.78888693606598,7.305163240585835,2.797862105111443
none_moving,438,9912,135.78082191780823,43.00071780944001,1986,27.205479452054796,42.94719438021799,39.14880316812602,20.19083011513725,17.62023658167152,12.770764031264411,6.893696833831997,2.7493021754707034,39.084661986198064,19.973627219809178,18.682014389089353,12.812596816461749,7.319520953857092,2.7985518100304394
none_moving,439,9925,135.6492027334852,42.95254934904232,1986,27.143507972665148,42.93402766293756,39.081851752938626,20.24387899907058,17.705828511688743,12.840994058936412,7.133285865623963,2.757533177714866,39.058950914879276,19.986762108835464,18.69451636573796,12.829235566303415,7.340006898444055,2.7991497784617714
none_moving,440,9957,135.77727272727273,42.98662800604945,1989,27.122727272727275,42.976027404330026,39.109771339736554,20.339758512832507,17.812116307874472,12.839400826350259,7.1795490979859045,2.7524901031492006,39.09238448585063,19.965004432069108,18.66074811572168,12.863594768844703,7.449388516288116,2.8093016861234155
none_moving,441,9970,135.64625850340136,43.019044555276544,1996,27.156462585034014,43.034858267893206,39.16503366629635,20.2750800123565,17.736222347475746,12.825173357712815,7.189390646719617,2.736985949547931,39.13246937422107,19.9656828596995,18.645172164817065,12.918043355387574,7.597108168799943,2.7932007050040437
none_moving,442,10004,135.80090497737558,43.06142074346267,2004,27.203619909502265,42.987736926479776,39.19248702373322,20.387779774071554,17.814167568565587,12.781934835712185,7.1130984486828455,2.754434415310937,39.08506304777292,20.00891553380651,18.692428829573537,12.94886913757682,7.659024111592629,2.739509854706088
none_moving,443,10018,135.68397291196388,43.095405080456636,2020,27.358916478555305,42.82656144078182,39.21061891772983,20.370922959458845,17.778503843950727,12.736155130105304,6.9618137668837985,2.747969299616023,38.92971167634666,20.083223564447,18.784724863449867,12.991135514173648,7.634487110385384,2.696308123462583
none_moving,444,10052,135.83783783783784,43.14274120962831,2036,27.513513513513512,42.84579336194385,39.28626325706051,20.40337037462737,17.83895748662681,12.702705500645225,6.995678959613423,2.7651947167047592,38.92188498595893,20.055968207348148,18.77475999540122,12.943131573742999,7.497350548334739,2.7735824926936177
none_moving,445,10065,135.7078651685393,43.03994985293441,2051,27.65393258426966,42.89638284830783,39.207798768606715,20.346754345309165,17.761293270301103,12.796048938002118,7.157513412968501,2.7515856155445433,38.98237872627612,19.97678675039375,18.69251378535631,12.849499435887251,7.345134499758845,2.7797376941170717
none_moving,446,10099,135.8609865470852,43.07019965816791,2068,27.820627802690584,42.878596000793436,39.26457240956655,20.36888604234379,17.834261461704976,12.781621303494573,7.163914489633851,2.7434509535645004,38.992633714759236,20.035482156580414,18.755764213372686,12.852965722757585,7.3231712314846105,2.791166032695427
none_moving,447,10110,135.70469798657717,43.11566547549088,2085,27.98657718120805,42.94320356070498,39.315650890949,20.389261875977883,17.908523649299816,12.826770611865777,7.388918881459863,2.727469080540925,39.051763597249774,19.969100936767777,18.671835039007576,12.8366740370215,7.321353678212289,2.789608367143184
none_moving,448,10143,135.84375,43.154308133352856,2101,28.138392857142858,42.88864874373794,39.360324270187135,20.32409776371628,17.871018225350674,12.820601749505633,7.33037870996695,2.745710971070521,39.010620652047095,19.97728307174749,18.695342423317477,12.811583339144482,7.287495433603743,2.777759976647796
none_moving,449,10155,135.70155902004456,43.08759237366091,2115,28.262806236080177,42.90913994191996,39.288432781398726,20.314904544095075,17.816883392791578,12.843000960209949,7.323914866134309,2.751605861280511,39.048939263875496,19.95359888315089,18.67724317465409,12.778435156200109,7.289477252293442,2.7759625424337857
none_moving,450,10188,135.84,43.05813415387869,2121,28.279999999999998,42.94205897083024,39.27845899279474,20.226483699597967,17.743674890763018,12.847830038674685,7.3182531461162545,2.7366954758216147,39.09215049301348,19.942070826117053,18.678166481132173,12.778897616543317,7.275792568242678,2.7836766238008224
none_moving,451,10200,135.69844789356983,43.02548007104729,2124,28.25720620842572,42.93318086707626,39.24578893588256,20.213502504849423,17.682943729310978,12.816420580602792,7.267710756858683,2.7632317260371915,39.093198210693785,19.957277268469433,18.70562713251074,12.793504230128638,7.310436940890745,2.7819300052559086
none_moving,452,10232,135.82300884955754,43.07246305256102,2124,28.194690265486727,42.9492065319015,39.27601293530518,20.281425207024956,17.801650130208895,12.830279763058098,7.224646275561242,2.768393196015405,39.151614073881326,19.92548899342503,18.677752663570924,12.770841808740837,7.335884012548042,2.7867598168608576
none_moving,453,10245,135.6953642384106,42.939915081243186,2124,28.132450331125828,42.96089238236685,39.126410199019716,20.24826086325974,17.711126598393587,12.813092799651917,7.185066430409671,2.730742397014668,39.193691047332045,19.898944420671295,18.649877542730657,12.74690753408996,7.368956229558514,2.7867776574876317
none_moving,454,10277,135.81938325991192,42.862695549850265,2124,28.070484581497798,42.96983684670432,39.04391784830035,20.1869811193175,17.62735726041013,12.8398490560358,7.194819112766654,2.7318026119557737,39.219170817638215,19.87895349457177,18.627430644281265,12.728388429945262,7.390144976121512,2.7871030716223553
none_moving,455,10288,135.66593406593407,42.96984002684377,2124,28.008791208791212,42.97631425702273,39.17871712182911,20.233954241247734,17.7562474532236,12.856410833942762,7.231796857750046,2.767782488062718,39.235539518474965,19.864185785689095,18.61072766801518,12.715088705273232,7.405325694206208,2.7872882570059474
none_moving,456,10322,135.81578947368422,42.98951787921057,2124,27.947368421052634,42.98143671441375,39.17789258124189,20.28021710937267,17.758285293006228,12.860706825214733,7.261968139514706,2.772379071268884,39.24703379521254,19.852941940608844,18.59826759395742,12.705244522702085,7.4162009911797115,2.7874495094282934
none_moving,457,10336,135.70240700218818,43.052518199341755,2124,27.88621444201313,42.985498264425246,39.23463066169332,20.357337220504963,17.831479197054136,12.835302725130857,7.2918453184504015,2.7708652985774593,39.2555068929849,19.844286050934265,18.589007284930613,12.69968214625041,7.430398584274862,2.7875661127462137
none_moving,458,10369,135.83842794759826,43.002460639435995,2128,27.87772925764192,42.976343849814924,39.16433463605071,20.292268280444073,17.72495852315272,12.856420356488835,7.279195399791361,2.7336975270632076,39.216262900360455,19.80783122448984,18.520503102597807,12.69502039454335,7.465729434583581,2.7766456009238603
none_moving,459,10381,135.69934640522874,42.98837094057563,2132,27.86928104575163,42.98691616459391,39.13564371410071,20.308223263960244,17.736698453199903,12.81779327244502,7.216687120690254,2.7452784988714845,39.25007353642409,19.79868262393198,18.524937689800915,12.690874333477465,7.4833347002904285,2.7893224167762685
none_moving,460,10413,135.82173913043476,42.96985585806506,2136,27.86086956521739,42.99590992453056,39.11428998800263,20.252549181721935,17.73528488159246,12.801781021964501,7.077189718211179,2.753317121410548,39.279108452222914,19.803304766765358,18.54886459418525,12.690526139706945,7.489901423277561,2.788536156418478
none_moving,461,10427,135.70932754880695,42.8877551156251,2140,27.852494577006507,42.98223720033715,39.04337541283941,20.291102404850868,17.695361857015367,12.82713804894106,7.1116170964180885,2.7305116442587773,39.23230980684919,19.815870509037207,18.56931950387521,12.718930285915057,7.473753095309797,2.7786099160843065
none_moving,462,10460,135.84415584415584,42.94855084953862,2144,27.844155844155843,42.984139638745376,39.107037072409035,20.285227686142512,17.64861694655291,12.835833829433879,7.1421681052268235,2.7313138841947846,39.24872285607621,19.819408898519292,18.582942029843174,12.719961680079647,7.483230919521481,2.7869832389174496
none_moving,463,10471,135.69330453563714,43.0087012493337,2150,27.861771058315334,43.0148891841155,39.19635171169211,20.243110421284985,17.64495552494134,12.816583341310077,7.140149588962971,2.7349247843335696,39.28862751526638,19.819246441400026,18.60578520683312,12.707462241005075,7.42034015779523,2.7955542035478396
none_moving,464,10503,135.81465517241378,43.05357923834009,2157,27.89224137931034,42.93644948925285,39.229313420127156,20.309376504196443,17.709520794302982,12.800080913804491,7.109510159249664,2.7455129488857075,39.19950331862126,19.8699813763471,18.647265941431634,12.734766580452888,7.364771189827408,2.7851089740221524
none_moving,465,10516,135.69032258064516,42.99754501262806,2157,27.83225806451613,42.90134427986748,39.16117289737262,20.314055040161268,17.70856844280302,12.778264552331215,7.056869760584971,2.742473016145378,39.172742747158,19.85718111580434,18.64191570607015,12.694659808930652,7.217026095487895,2.7853221734109908
none_moving,466,10549,135.82403433476395,43.01301666812281,2160,27.811158798283262,42.893035453751835,39.161945368331025,20.41407139872034,17.831810601010922,12.803588760509353,7.144098690869136,2.741190789618209,39.16112497908699,19.870880910663416,18.66136615554922,12.698941924560758,7.184769483224192,2.7875345906593023
none_moving,467,10562,135.7002141327623,43.063917162434755,2160,27.751605995717345,42.89725720838064,39.205385200908715,20.370659342321932,17.847931515369872,12.851505293478176,7.204626116915354,2.7408884965066314,39.157094065994336,19.876193279896412,18.654076451300085,12.705409848655162,7.185514891013869,2.7936097486237466
none_moving,468,10593,135.8076923076923,43.07606670709779,2164,27.743589743589745,42.86817628049044,39.20618612222473,20.344936074374917,17.814422979761197,12.827340942824382,7.0895893321138574,2.7475784789096758,39.118081595061724,19.90880308551492,18.68650417067759,12.717891651282319,7.120789296999192,2.7786467317992694
none_moving,469,10607,135.69722814498934,43.03237330914714,2170,27.761194029850746,42.91848303307795,39.172967540247676,20.289164148934418,17.685547956325884,12.73245416303584,6.951907107788962,2.745648777174517,39.16059839342079,19.864249468135302,18.632226958677812,12.70064785186544,7.051464507612479,2.783898281295519
none_moving,470,10640,135.82978723404256,43.00502463750274,2181,27.842553191489362,42.97776505386545,39.16216915938624,20.345183862271835,17.71471225398798,12.716539636698725,7.000282546101571,2.7502968190581805,39.25341582175294,19.876197152121684,18.652028974259576,12.759151050011065,7.341863048742104,2.784487374410507
none_moving,471,10652,135.69426751592357,43.0377560734986,2199,28.012738853503187,42.97603229291789,39.20324541677553,20.41685146093178,17.799576393541898,12.707151339849553,6.998434724651863,2.747334574868251,39.26685637574616,19.92714632685842,18.722631478429665,12.760242199502864,7.474482687654407,2.7732433710866555
none_moving,472,10686,135.83898305084745,43.0619882037307,2221,28.233050847457626,42.975894565342585,39.233548446746276,20.438996491961962,17.836892246395134,12.70688583565039,7.009193689535684,2.75006368152037,39.24253567866974,19.947466668216162,18.734868185290665,12.805408872337127,7.551118895916166,2.777116465884498
none_moving,473,10698,135.70401691331924,43.046351573532,2243,28.452431289640593,42.98092629712553,39.19713037745467,20.390166579812032,17.796494630358133,12.81235743253686,7.169870248642007,2.7345622230003137,39.203805549177055,19.885767433477618,18.650077487156338,12.774609396650165,7.496682459913737,2.7964177725961368
none_moving,474,10729,135.81012658227849,43.057704808208236,2267,28.696202531645568,43.04217869396119,39.193907371593625,20.365387641812696,17.820189847615698,12.84310808152482,7.184694722749869,2.744022295313731,39.23141889766366,19.861008935460227,18.63915548654543,12.769604021911384,7.411426442546133,2.7921452334067705
none_moving,475,10739,135.65052631578948,43.01825380361942,2288,28.90105263157895,43.03780656145098,39.14793114657682,20.316614080661992,17.7310388121795,12.80398083821249,7.087025896155219,2.742234778243616,39.212147459909744,19.826846389578936,18.589260801380583,12.715595317299034,7.2592271324461635,2.79650620912301
none_moving,476,10772,135.78151260504202,43.01652685465478,2307,29.079831932773107,43.009536935063025,39.18705660811953,20.28380049951044,17.745938914253863,12.814832766288175,7.1575831797196825,2.726053457799178,39.16668044902418,19.77828002401244,18.525232074461645,12.675749074183747,7.141843360860508,2.797226050520023
none_moving,477,10782,135.62264150943398,43.05819106000849,2322,29.207547169811317,43.01441644535537,39.24353754639294,20.3120193788571,17.84417044305233,12.784958567289797,7.12657754915454,2.733032896245305,39.15376194830513,19.83957113026419,18.594713742552393,12.769765832538845,7.377582516282693,2.786229142992363
none_moving,478,10814,135.7405857740586,43.06445083761591,2331,29.25941422594142,43.046207282799564,39.231822042018386,20.343458910412533,17.868835247763336,12.794351930448874,7.117175862882758,2.7515437832155825,39.18263252945017,19.831416609923075,18.58823451549982,12.802479542245596,7.432308352991755,2.798775493234423
none_moving,479,10826,135.60751565762004,43.02000778064531,2338,29.286012526096034,43.06223250261468,39.1752648060296,20.335583210499326,17.78241614617927,12.848120549320996,7.252723496553199,2.746496526246837,39.23777633903389,19.82113598874787,18.575147054834513,12.76519012886876,7.393828043398957,2.802140086403893
none_moving,480,10858,135.725,43.035309843045816,2338,29.225,43.075589914095396,39.21342790062819,20.2755689262829,17.762496303969943,12.841958588500269,7.221812966520322,2.7424261008386845,39.271468209196776,19.819805608350848,18.56833912956631,12.76023049901148,7.431328242750333,2.798956607488551
none_moving,481,10868,135.56756756756755,43.019897379887034,2340,29.189189189189186,43.07722742625594,39.220743455699086,20.20874320321456,17.669111657677426,12.806656980816575,7.230034472311728,2.757302288150425,39.28490347710327,19.820629756086582,18.5676583119752,12.752419179260396,7.437117719844065,2.798804733072239
none_moving,482,10901,135.69709543568464,43.030104749962234,2340,29.12863070539419,43.08818240389723,39.237732208240374,20.277954444062296,17.760621330411276,12.804515540345276,7.267431146417492,2.7621095254759824,39.313138669636416,19.811087330450075,18.554177490818144,12.738911620733994,7.450835545403579,2.7987411036311216
none_moving,483,10911,135.54037267080744,43.03196358584653,2340,29.068322981366457,43.09416230490762,39.24119116061028,20.298655707306096,17.78686866113183,12.777896807802192,7.2519326777638815,2.7513674296616903,39.32814169105412,19.804862037657934,18.545088875098866,12.730498550622645,7.45553182843439,2.7978661394046602
none_moving,484,10944,135.66942148760333,43.03146684076085,2340,29.00826446280992,43.09817612234481,39.249859380666884,20.235798926627044,17.76370334860099,12.79302872086919,7.229052703857197,2.741861769624986,39.33704812834869,19.80014505194476,18.538271538746127,12.72525869766395,7.456950243972245,2.7972566420312295
none_moving,485,10955,135.52577319587627,43.02906064361861,2340,28.94845360824742,43.10084232997286,39.247107416999754,20.251009147206425,17.774758688837185,12.857451184332328,7.329089180215981,2.7349509373617913,39.34250244353759,19.79650784132798,18.53318100481641,12.721782386920871,7.456537770173303,2.796802245913277
none_moving,486,10989,135.66666666666669,43.075847309805354,2340,28.88888888888889,43.102687354734705,39.2927679821085,20.297555108667193,17.83488213494819,12.837989931326055,7.284574603813249,2.7524199777203084,39.34603138161849,19.793551164541668,18.529234554959057,12.719341107172133,7.455256086429617,2.796447447197068
none_moving,487,11003,135.56057494866528,43.083427652017924,2340,28.829568788501025,43.10397471092391,39.274737101529645,20.274441036330433,17.732245113961547,12.785757888000278,7.2174505017645885,2.745765372168613,39.348411231099874,19.791047962260137,18.52606890891296,12.717524126477715,7.453592110941286,2.796159213708205
none_moving,488,11035,135.67622950819674,43.121815710300766,2340,28.77049180327869,43.10487198744623,39.33276436531643,20.287619262441904,17.777138093073052,12.785862704970697,7.26509705130079,2.755646390259191,39.35007645138192,19.788847188106597,18.52343316776229,12.716095281405435,7.451800493000563,2.795919745489478
none_moving,489,11048,135.55828220858893,43.05045446070477,2340,28.71165644171779,43.105482585909755,39.25367514019515,20.254259889139647,17.704897975185,12.773666423029198,7.231786121258392,2.740025534381472,39.351272617203236,19.78685359647364,18.521163750013407,12.714916581411236,7.450013332771143,2.7957176773236485
none_moving,490,11081,135.68571428571428,43.00427494573028,2341,28.665306122448982,43.10318048526115,39.225933698321256,20.259896229549618,17.750204023559355,12.77136648873894,7.228733625501953,2.748751591598823,39.35002264641757,19.786965205991272,18.52098268220798,12.718733359908182,7.462173803816001,2.793344006918899
none_moving,491,11092,135.5437881873727,43.08279279023945,2342,28.61914460285132,43.1279320506801,39.26924566525785,20.246788144905732,17.71854446177275,12.819497433604475,7.28248365204648,2.748849745538173,39.38092493852929,19.752862204698467,18.491043797850647,12.694066584260812,7.454434257683745,2.796884182366682
none_moving,492,11125,135.6707317073171,43.08243997211399,2344,28.58536585365854,43.1309040850319,39.24616444317123,20.25520396027219,17.70961028218726,12.829552548292915,7.23336952085246,2.747045528290348,39.39689950471775,19.7285156987826,18.464092586638362,12.674256788246716,7.495762576748175,2.7874337110990077
none_moving,493,11138,135.55375253549695,42.99085764793687,2345,28.539553752535497,43.147994118492356,39.18129386234252,20.148638544608204,17.593819922492905,12.762364196347383,7.087815497073614,2.7499345972547715,39.40912762065838,19.679473090352623,18.395049534113866,12.637321293219816,7.485925384727319,2.786777024262355
none_moving,494,11172,135.6923076923077,43.03180973910637,2348,28.518218623481786,43.13844177666662,39.219253009865966,20.166515584527083,17.64055784435846,12.749848845846804,7.009735633338517,2.7530421083979495,39.37388072096918,19.669462218561172,18.394165851674654,12.650514584434017,7.5023028217986125,2.7725528712523686
none_moving,495,11185,135.57575757575756,42.98736930736412,2348,28.46060606060606,43.142921003595546,39.181343017457195,20.228581015972463,17.697974256664317,12.790971093846386,7.169987742061372,2.7384040799888187,39.369713625562795,19.658871673199727,18.396528853789647,12.662357092733174,7.558903043630302,2.773453080504074
none_moving,496,11218,135.7016129032258,43.00705269037701,2350,28.427419354838708,43.15716553988999,39.1950790361961,20.261841133603056,17.775846991920393,12.818084797702019,7.203075373518195,2.7207420168412604,39.38156505550817,19.64081166167417,18.385612084313685,12.665079058696906,7.607142132468596,2.7747614436968733
none_moving,497,11231,135.58551307847083,42.97127742400007,2350,28.37022132796781,43.158240369320716,39.1557399302787,20.256883741306343,17.712862716051877,12.849879946179906,7.290607006509664,2.739449586219561,39.36061840643957,19.641056509706583,18.39750521079422,12.686219535295034,7.635852720480015,2.77392416387904
none_moving,498,11265,135.72289156626505,42.95388565272856,2350,28.31325301204819,43.16328936647017,39.09421362871929,20.265344726836485,17.696837247508896,12.87240251301754,7.2392372976915444,2.741407454463151,39.35542307945756,19.637549925411964,18.402381771069912,12.702085406184493,7.679001314278841,2.7753542943705725
none_moving,499,11277,135.59519038076152,42.95623286056873,2350,28.256513026052104,43.169084723498216,39.0994637365734,20.22565880578121,17.593196409862195,12.82266680577558,7.1708730983596904,2.7323365558244723,39.356798561516904,19.632911943524785,18.40377516758325,12.712482439088548,7.718582885366506,2.7765943459043174
none_moving,500,11309,135.708,43.01153559623228,2350,28.2,43.17478224642925,39.187699855774724,20.27733909260356,17.661377671053554,12.795054629223888,7.159496897328106,2.739118867135099,39.36086973714896,19.628124093248218,18.403286181760038,12.718386442880153,7.749404859731867,2.7777272453937605
none_moving,501,11322,135.5928143712575,43.064350807780116,2350,28.1437125748503,43.179935067609016,39.25343320009775,20.321193849875616,17.693234436368755,12.775150843520219,7.190219240419873,2.7442583495915835,39.36570808591486,19.623746649065378,18.401975361232598,12.721899238778766,7.774108926323678,2.778753272201026
none_moving,502,11354,135.70517928286853,43.03954973925828,2352,28.111553784860554,43.12952023327582,39.24511925948686,20.22666298756159,17.591260498507516,12.778761102975048,7.17999401412771,2.721996902285462,39.32170408728174,19.65890104405461,18.4432838405742,12.762938150364706,7.8984341302379,2.7527945068932382
none_moving,503,11367,135.59045725646124,43.11484577093239,2359,28.13916500994036,43.214460343466854,39.29689941665177,20.22426898452495,17.658940658955967,12.78904056155943,7.144480638584783,2.733946754788115,39.404147452460975,19.62859898166998,18.41097234867788,12.740343276510753,7.843521712682373,2.78406347907389
none_moving,504,11400,135.71428571428572,43.13154343658798,2366,28.166666666666664,43.142689725373806,39.3211845384128,20.225296573389862,17.666055072067458,12.780574364947418,7.138932567623988,2.739071218797918,39.334889962964176,19.637145674284433,18.418974765922535,12.688037602375324,7.719576199932298,2.779221158183689
none_moving,505,11411,135.57623762376238,43.1452067220358,2373,28.194059405940596,43.16785314009482,39.34302910478565,20.21037031851065,17.68842157634613,12.752720021127192,6.994219344433459,2.7398053072200677,39.34935860278513,19.661826549972947,18.44551221804725,12.717883696467238,7.749756936779476,2.7909787818608125
none_moving,506,11445,135.71146245059288,43.06424844471111,2381,28.233201581027668,43.15663002080244,39.24384361237255,20.203963758659956,17.590057085230477,12.73165025319402,6.9728796778856195,2.734588158309628,39.34546434755814,19.66679822566464,18.44820850758479,12.69742051181587,7.662831147376183,2.7820683002653515
none_moving,507,11458,135.5976331360947,43.09598634552368,2390,28.284023668639055,43.1713956920283,39.283309354234746,20.254054745241497,17.61696753941581,12.718831641440016,7.003996930786804,2.7522349723616513,39.331311074137844,19.665114790926104,18.440346439125108,12.688852430290916,7.5354936526773955,2.8003975209225636
none_moving,508,11490,135.70866141732284,43.01634731611031,2397,28.31102362204724,43.147646160406175,39.23432119379056,20.19397832306155,17.569196052425262,12.730597663399115,7.091449118058826,2.74737692447076,39.31810113819721,19.708982759968606,18.506940692248435,12.70667355697926,7.4812516546867105,2.800643770455107
none_moving,509,11503,135.59528487229863,43.02487904445391,2405,28.349705304518668,43.153474542559394,39.210061359119365,20.251409221893624,17.70067186833105,12.801777951741585,7.089605579478772,2.734464376108638,39.31057074990672,19.730453511172474,18.53188113385341,12.725674278087068,7.443761147880925,2.8078455825105597
none_moving,510,11535,135.7058823529412,43.02845453480549,2405,28.294117647058822,43.120727364422955,39.19863015786757,20.329892900799226,17.790566750207837,12.809016171508187,7.136212544119549,2.757138123436557,39.273868062092255,19.758976403438254,18.562254981163218,12.739884240119652,7.4164710975141315,2.804204355941098
none_moving,511,11549,135.60469667318984,43.05130200521083,2407,28.262230919765162,43.091456766997865,39.25665120430247,20.299538808520435,17.75697961308588,12.749213616489987,7.1545746232577585,2.7662525087939867,39.24390596357398,19.782919624246734,18.586954358078398,12.747152178021876,7.385776596422246,2.7989979320079112
none_moving,512,11582,135.7265625,43.054990927888426,2407,28.20703125,43.075526161192776,39.23379081961385,20.282804288867148,17.7613716911085,12.772166446257124,7.083288454336633,2.7572768235140814,39.22759736794349,19.796842894571625,18.599521633321036,12.747396443188242,7.344800046711517,2.7983053295302502
none_moving,513,11594,135.60233918128654,42.98092719924819,2410,28.187134502923975,43.01070238835228,39.145752452561894,20.243803804051407,17.672358079913952,12.84598996973457,7.150711533407368,2.7430729530317532,39.16462787529268,19.840726587386378,18.65337233987818,12.741941315702919,7.295410921142219,2.8133162793281548
none_moving,514,11627,135.72373540856032,42.95030827459282,2417,28.214007782101167,43.011876421824546,39.12795093051903,20.17311391708958,17.56354777476334,12.86170760092147,7.198841994730033,2.725322391801748,39.1797003745218,19.821226105384852,18.62170309092364,12.740403345116858,7.314630972054096,2.787963237185928
none_moving,515,11641,135.62330097087377,43.03215651544684,2424,28.240776699029126,42.99445145363469,39.199745860814645,20.28836997925127,17.722193064923616,12.769539052814176,7.0090804438691245,2.740472999757112,39.15428689780025,19.84345529994978,18.63659726862844,12.750812375008579,7.2505483697491915,2.7828369452207697
none_moving,516,11675,135.75581395348837,43.02190127775625,2430,28.255813953488374,43.0054321298144,39.168529871055014,20.301109332725186,17.68695031884499,12.741113915655959,6.956463825795774,2.7309813817042037,39.177234393918724,19.81579846076315,18.61418485549002,12.724988219688218,7.234733768462175,2.785798663829788
none_moving,517,11687,135.63249516441005,43.030486315668185,2437,28.282398452611215,43.00259565387046,39.18365149208509,20.297339574493865,17.702024881268855,12.832382130800857,7.051691840515256,2.727408458646653,39.17613581096767,19.814017658847085,18.6133520923889,12.710413129539448,7.1982607960708,2.791503552518503
none_moving,518,11720,135.75289575289577,42.990331881499216,2448,28.35521235521236,42.98012572475229,39.11565994853328,20.297415354022423,17.65025340570822,12.849631199861996,7.1253163935713895,2.743651691241312,39.17928888456039,19.853561251862164,18.657815770125996,12.706964614056215,7.178225777343662,2.7988622406638135
none_moving,519,11731,135.61849710982656,42.986230587077365,2457,28.404624277456644,43.03962042075811,39.10472158799691,20.298424473250698,17.711412651447898,12.85079730290092,7.131584899670151,2.7396716181551817,39.21360372507421,19.814270160790834,18.604903709820892,12.714410337023555,7.23552946704252,2.794763311552273
none_moving,520,11765,135.75,43.03665636817035,2464,28.430769230769233,42.988678974821724,39.181250663836025,20.27722338066362,17.747463105997433,12.855298964350391,7.135035474360914,2.7486461852325736,39.158363144731766,19.821146159163302,18.59772660506399,12.711816950504868,7.185184369536814,2.7978903506940425
none_moving,521,11778,135.6391554702495,43.02307933925318,2468,28.422264875239925,42.96194028126812,39.168389646669894,20.358650043502262,17.80409014925052,12.92298368595601,7.383263340931186,2.727077649612537,39.128771051847465,19.85059377513975,18.616494236120907,12.740993810688863,7.214553874553549,2.795701451666474
none_moving,522,11811,135.75862068965517,43.0391329483304,2473,28.425287356321842,42.94557645038222,39.20228415677748,20.313521191598987,17.763014278801727,12.903890229950349,7.325213578229827,2.7452179006031874,39.12257126652435,19.883227284645493,18.661565817440277,12.741729580879996,7.149947797213941,2.8019643544875774
none_moving,523,11823,135.63671128107075,43.02985364221307,2478,28.4282982791587,42.93721778704221,39.22247210466567,20.215137625475474,17.647295601206793,12.851192411363735,7.277160830966667,2.7601760225951546,39.126183298356665,19.869087447640283,18.624538264413797,12.722583755966152,7.157357236045051,2.802955176809882
none_moving,524,11857,135.7671755725191,43.11152777753301,2484,28.442748091603058,42.912093550676886,39.28646028554421,20.26842860256654,17.736324882903965,12.865306804754983,7.2683166466884375,2.7663365711447296,39.13031903579748,19.88892897043403,18.646701876342252,12.700672226551482,7.139533392522481,2.7997308172291615
none_moving,525,11871,135.66857142857143,43.10147248561381,2484,28.388571428571428,42.93035752765214,39.26892000577759,20.268948274605577,17.697080296471903,12.842171533411268,7.2792493140985695,2.7437940059012647,39.16513744410679,19.879406258850935,18.63924564697844,12.68339659211004,7.1519440286841105,2.799055569416648
none_moving,526,11905,135.79847908745245,43.120928457604215,2486,28.3574144486692,42.943613317280374,39.28626432965211,20.302354586057405,17.76357198597012,12.845352340560302,7.2999481448902666,2.743476866258903,39.18983460499224,19.86728471463845,18.628790094762586,12.679120414464931,7.190336722046948,2.794256318453005
none_moving,527,11918,135.6888045540797,43.079955642164926,2486,28.30360531309298,42.94432871707137,39.25285681556001,20.3221223101011,17.78665156239086,12.7992251106057,7.251982800796944,2.766072301252057,39.175630129522716,19.869454971740957,18.638254563276853,12.691938214573643,7.1915843633506045,2.792976739461127
none_moving,528,11950,135.79545454545453,43.08994077119589,2486,28.249999999999996,42.94439659942701,39.25641144419474,20.24865533407191,17.69792324876691,12.798786258586377,7.124232831024658,2.754524166698192,39.16913790679629,19.869750650932794,18.64457874010109,12.704326625115206,7.2182514928011425,2.7932864773107875
none_moving,529,11964,135.6975425330813,43.071923599964975,2486,28.196597353497165,42.94638920956149,39.237779438147854,20.30137097977278,17.715435877261037,12.80159960937963,7.151240097129949,2.73748535337878,39.16808623217205,19.867345335704147,18.64681857078225,12.71165353980988,7.241217192440097,2.793901175603056
none_moving,530,11997,135.81509433962265,43.09940244369474,2490,28.188679245283016,42.9215511868554,39.2796986015159,20.303940251265367,17.734567094965985,12.784311603992364,7.125614516828387,2.753784820332027,39.14732089391149,19.878383602476696,18.66475907641145,12.72727201687156,7.350648539608728,2.804995697728743
none_moving,531,12009,135.69491525423732,43.162257605090005,2494,28.18079096045198,42.9091715166746,39.347574451788844,20.295079118822372,17.71250034098821,12.777652050507896,7.141031694158092,2.737298307404354,39.13621598324517,19.870226417935278,18.663912659506174,12.73789564592215,7.392406443549272,2.796539334005243
none_moving,532,12042,135.81203007518798,43.16877599122878,2499,28.184210526315788,42.954245149702906,39.36013092143113,20.239458688767808,17.708388812041797,12.78061407803123,7.062542570067626,2.7527367023424025,39.16935495568835,19.852938225061816,18.64375180408056,12.743865464649815,7.337338749067044,2.796356553193488
none_moving,533,12056,135.71482176360226,43.17125066545634,2505,28.198874296435275,42.94491071347346,39.354169626982774,20.232962984207244,17.735042463438784,12.863139333111045,7.252129185622918,2.7377172091277138,39.16555047734528,19.862719446784926,18.661800408238626,12.757677100438498,7.4184696662296306,2.7941244613150853
none_moving,534,12088,135.8202247191011,43.13979454097471,2512,28.224719101123593,42.932083097033555,39.3297427787124,20.262897158037173,17.80129255680589,12.874944396154648,7.2918399542657415,2.7494699024282374,39.15417017172909,19.868047776848215,18.671296659648025,12.769978932583523,7.465089906301102,2.7938444679098415
none_moving,535,12100,135.70093457943926,43.05128312086399,2518,28.2392523364486,42.9286577709969,39.26424778636898,20.224190004294748,17.706680534673204,12.860072313905533,7.318500872768923,2.740600982699729,39.1440752052023,19.860122353486556,18.658701037251888,12.76283134855658,7.476983569941822,2.7939081212794616
none_moving,536,12133,135.81716417910448,43.094213901669946,2523,28.242537313432837,42.92522449859272,39.30149964184802,20.297471545683397,17.723801812923476,12.808959476867264,7.233713868752245,2.7646883731734078,39.14503904053915,19.834419361127036,18.630988840595826,12.712511706503648,7.372630825888064,2.7832447437995502
none_moving,537,12147,135.72067039106147,43.04479996929816,2531,28.27932960893855,42.92475907322406,39.236373582753124,20.27740121319121,17.71132023521633,12.790362157592744,7.210536609699938,2.74493362556052,39.14795146816836,19.877719814864523,18.676956052538863,12.75330871074164,7.4666761866685505,2.7738915964310453
none_moving,538,12181,135.84758364312268,43.01905843989958,2534,28.260223048327138,42.94579597361314,39.17038227668121,20.290186194956938,17.679668409219403,12.819069314119156,7.205021611989456,2.7413330779548923,39.16691756458674,19.80063995648818,18.59104625646546,12.666540799327734,7.28963136073583,2.7762677850006834
none_moving,539,12195,135.7513914656772,43.03942168848827,2537,28.24118738404453,42.98412691852815,39.17595782036253,20.400895305488717,17.833822007840986,12.857891090992815,7.315358081390407,2.7424878442406273,39.20236116511951,19.808862021016242,18.60739452540737,12.688846338057775,7.281237378764709,2.777000467920017
none_moving,540,12228,135.86666666666667,43.039889979301606,2537,28.188888888888886,42.99007735592042,39.19363737720921,20.401801023943907,17.87163457860305,12.876898467506509,7.4046219438265,2.725618529945275,39.20034875176263,19.812287918906915,18.61050014116081,12.681515689809963,7.21179696197489,2.7785221411631165
none_moving,541,12239,135.73752310536045,43.05138366731096,2542,28.19223659889094,42.92749877360542,39.21838959724969,20.32180098281689,17.807454185908078,12.825988416403526,7.270991076976921,2.7513947640668377,39.15942631354128,19.799221952479776,18.595186384847914,12.64577573322348,7.0836632168302645,2.784228088124102
none_moving,542,12272,135.85239852398524,43.065825095687615,2546,28.18450184501845,42.967399509907075,39.249132110753976,20.262242168077897,17.765900272516024,12.82040845411448,7.210508188074158,2.7455482968293516,39.20019863467439,19.818084721379524,18.60889822416575,12.650000252927233,7.115858762780143,2.776831000143119
none_moving,543,12284,135.73480662983425,43.02275955436383,2550,28.176795580110497,43.03439433006162,39.19381052157438,20.244414143751374,17.701119483775358,12.802348151646003,7.166501161682312,2.735502003081588,39.25742764660271,19.80950524959542,18.59109075536842,12.640431012232797,7.086099714184185,2.7878315502779154
none_moving,544,12316,135.83823529411765,43.06815418250971,2554,28.169117647058826,43.02332926695112,39.26107782106603,20.321888543436998,17.77857652544772,12.775426439510127,7.221411768161985,2.7427788827794,39.247006506018046,19.830983072065774,18.612010735697723,12.652947714424378,7.1244618493755345,2.778811083505562
none_moving,545,12330,135.74311926605503,43.12571014187867,2558,28.161467889908256,43.053170554786355,39.28424522781332,20.338003378324608,17.77115879728452,12.800658042772469,7.105716758342959,2.761251020128221,39.26623733208753,19.842326464336413,18.62065546559485,12.659618806995216,7.136446828496801,2.77998828378997
none_moving,546,12361,135.83516483516482,43.044412263604926,2562,28.153846153846153,43.06671478690595,39.17490519263156,20.322484787003628,17.67537781241411,12.815437431965362,7.160606247947635,2.744073960578759,39.29049730034235,19.786143828086647,18.55401140100253,12.628859831054445,7.051495485986235,2.7839565451893136
none_moving,547,12373,135.71846435100548,43.080783626918354,2566,28.146252285191956,43.042362768525365,39.21987195692839,20.279911959777735,17.607724273306506,12.766058712733226,7.0195448303928485,2.7386769944670015,39.2646462836784,19.820664174860507,18.591983161380007,12.64180664042514,7.077077959995914,2.7854442600395863
none_moving,548,12406,135.83211678832117,43.15538316837645,2566,28.094890510948908,43.06482112255169,39.32601068502254,20.30119433071069,17.745265253049148,12.804194065764527,7.122526315268696,2.747477184901243,39.28161998626861,19.824039755423357,18.591439802221995,12.64533800470513,7.077281900369468,2.787157410491299
none_moving,549,12420,135.7377049180328,43.073859890937754,2567,28.054644808743166,43.06643244977561,39.25937526566817,20.21825445082992,17.665107939130095,12.786887769374706,7.182819311962912,2.742215994906175,39.283002842982356,19.8299622114798,18.59495195539965,12.647891044696728,7.07491555826651,2.7859100024006347
none_moving,550,12452,135.84,43.09361906975388,2567,28.003636363636364,43.08306195730015,39.25757344435716,20.270034878482598,17.712964742652026,12.779551646516698,7.127939212563943,2.7401129957366117,39.29284693981112,19.846124178053273,18.609223056001305,12.661683897747414,7.100544969479057,2.786620541342205
none_moving,551,12465,135.73502722323047,43.10709500240761,2567,27.952813067150633,43.085003182519685,39.27862474037592,20.282505598266876,17.73443670901809,12.8088425732185,7.243245579180981,2.746796620002563,39.29475546977235,19.85236898884776,18.61354059169229,12.665648533397322,7.106710473264123,2.786099204603317
none_moving,552,12497,135.83695652173915,43.090535019459644,2570,27.934782608695656,43.10240107923073,39.26200517986425,20.290558972266304,17.738978320962325,12.817269302513225,7.2017936073893365,2.7414469599204443,39.321885041219545,19.833802025546827,18.589520328598425,12.643388433867202,7.114458094728021,2.7855781380523688
none_moving,553,12510,135.73236889692586,43.06333188460963,2571,27.895117540687163,43.1201299865824,39.2187811769388,20.223527124325145,17.631061969725334,12.72956196213633,6.926511927635354,2.7532986366317957,39.35008283512456,19.850962984572508,18.607785615133988,12.665913056396825,7.192354355017374,2.785056673709485
none_moving,554,12541,135.8231046931408,43.08310988313909,2574,27.877256317689532,43.05948127939766,39.22398328197197,20.26817647362762,17.669054273844775,12.732052993776463,6.888579351289795,2.7693854195183296,39.283148514167756,19.859777257860536,18.609700999953805,12.673381718284386,7.221113756928612,2.7856006185268862
none_moving,555,12554,135.71891891891892,42.989176274935986,2574,27.827027027027025,43.0350482512668,39.126907136400405,20.25587617854807,17.634005936841326,12.76493494415808,6.9002710773699745,2.752267977290831,39.25944799371504,19.875989809031196,18.627776341513083,12.68601276461093,7.240584514417835,2.788384261839229
none_moving,556,12588,135.84172661870502,42.961643424920155,2575,27.78776978417266,43.01565271823568,39.107896170618694,20.278001488996725,17.670046741191644,12.794422127618072,7.063937700935853,2.729853348357783,39.24095507689858,19.887128721643105,18.639350495863056,12.694054402079214,7.257685567077691,2.790076590721462
none_moving,557,12599,135.71633752244168,42.996136509743636,2575,27.737881508078996,42.99238591398497,39.12336122280649,20.359201725995504,17.74677078776183,12.790439327505204,7.09328869274752,2.739515797114587,39.200444388379616,19.90874263638232,18.66577594360796,12.717153422450046,7.257854410695729,2.789263228550929
none_moving,558,12632,135.8279569892473,43.038669535452314,2577,27.709677419354836,43.01167548199063,39.14843338328082,20.38487814165684,17.773256289820928,12.796702010288929,7.100812485688453,2.7437628117824815,39.207364584713176,19.900389879805534,18.654149087761287,12.727164168275198,7.235275504495633,2.7953597855770176
none_moving,559,12645,135.72450805008944,43.021595229667426,2587,27.767441860465116,42.95777613761758,39.13456473343747,20.391843225664974,17.77971984299311,12.82825684704819,7.10894848622295,2.7513061984038862,39.13211549546307,19.96677315612259,18.731028377310317,12.789816425026677,7.344021334849953,2.776204564483078
none_moving,560,12678,135.83571428571426,43.05790424160086,2598,27.835714285714285,42.98500641403496,39.18310674513212,20.403475514863725,17.801137034972818,12.812258339508887,7.072592616207454,2.7565094570098276,39.17053154153432,19.928926126768015,18.691464695790135,12.73984311514287,7.221016022216432,2.800875817085554
none_moving,561,12690,135.72192513368984,43.04374728333602,2609,27.90374331550802,42.917567352266545,39.189619782788256,20.32554713691887,17.72973304856001,12.770066177348857,7.028226321342439,2.7368306914548604,39.13977529872502,19.907417813427962,18.653307857614628,12.691188424081108,7.268379106173411,2.790287333656625
none_moving,562,12723,135.83274021352312,43.09595604520639,2619,27.960854092526688,42.97510355758511,39.21468318002735,20.41455935851985,17.838305643951237,12.785153555132762,7.044329068561164,2.7419817785513025,39.19879861709104,19.94520500155095,18.701279630681313,12.757891390874132,7.353084196629017,2.78794576193769
none_moving,563,12736,135.73001776198933,43.089500444995394,2629,28.017761989342805,42.96381991438159,39.233472939869145,20.417919444296125,17.804551323204898,12.787117443787348,7.162821548173547,2.73801581773834,39.15874597199837,19.924044584321248,18.67379294009278,12.765347205066137,7.401576888819799,2.7911761043538346
none_moving,564,12767,135.81914893617022,43.07464204902734,2641,28.095744680851066,42.94091377070308,39.21074530567027,20.38197729794925,17.751993977685622,12.80813778692151,7.150083726896281,2.7420894490589127,39.13586643949001,19.942712456907405,18.703466099138364,12.80644306888846,7.511585038743213,2.775236533685834
none_moving,565,12777,135.6849557522124,43.08157982023002,2650,28.141592920353983,43.014089799029385,39.21606057620377,20.36152677959305,17.756714939576863,12.807923826186107,7.1486492050519574,2.7484595897157935,39.25604746648654,19.86973851232686,18.641540737128757,12.716852419727111,7.369556633632631,2.804971545503934
none_moving,566,12811,135.80565371024733,43.025043254644714,2650,28.091872791519435,43.01021296083715,39.15601454158392,20.366494431566313,17.735418244901684,12.830067128250228,7.2425716867310905,2.744448504529754,39.24261258945411,19.86237338843805,18.63126805411234,12.712056100213522,7.367727441021924,2.795764196529117
none_moving,567,12824,135.70370370370372,43.12632982822263,2653,28.074074074074076,43.01517865543193,39.28176370463709,20.285514069284027,17.72626579505643,12.784369716322233,7.068244629535727,2.734376437684638,39.23786956625405,19.858309006769957,18.62653313418421,12.714703599748443,7.3468800293577425,2.800574715196903
none_moving,568,12856,135.80281690140845,43.12524723292069,2653,28.024647887323944,42.980978216753,39.302215677574694,20.213886647328962,17.66228465906118,12.753766961880054,7.004673435348093,2.7504709982944,39.191935991303765,19.905616749415746,18.66927574893181,12.747847412847573,7.337985359516915,2.7961629740602314
none_moving,569,12867,135.68014059753955,43.11120403538359,2655,27.996485061511425,42.980115052849854,39.305726616959596,20.1995620924177,17.66026976636543,12.75314133485301,7.042659427037222,2.75673726534085,39.188995842218226,19.9085592894586,18.6679994294061,12.74013657504602,7.282902079370444,2.784424337094695
none_moving,570,12898,135.76842105263157,43.055176222607635,2655,27.94736842105263,42.97612526803124,39.23211200165542,20.190306918601898,17.615635208008772,12.77721736675382,7.054652817137969,2.7435588840882614,39.18304910777836,19.914311986991883,18.67095785590749,12.739633253132531,7.260538870696387,2.784939478746017
none_moving,571,12912,135.67775831873905,43.01408478447609,2656,27.90893169877408,42.97189532013947,39.195045164325215,20.25932621913823,17.66237265978377,12.762316141253583,7.087143479320245,2.7404969098148473,39.177518336515405,19.919321712479324,18.67376860833435,12.741975544533034,7.249909474578714,2.785133092864965
none_moving,572,12942,135.75524475524477,43.0191946014642,2656,27.860139860139864,42.967223180606396,39.192540449662474,20.258267519782013,17.623344303046554,12.763835620319474,7.090877611936959,2.7247053269607973,39.169067289490215,19.925176753886134,18.678454499233688,12.746409747710926,7.239325209277115,2.7850193337209275
none_moving,573,12954,135.64397905759162,43.089403131653505,2656,27.81151832460733,42.96337150128845,39.23780675816425,20.286395262150425,17.717704346363128,12.77744815604886,7.069014244561566,2.7383237948360915,39.16296936808091,19.92975503269195,18.682073550537662,12.749689947117966,7.231072503530368,2.7851561149984576
none_moving,574,12986,135.74216027874564,43.12813015274633,2656,27.763066202090595,42.96021289243318,39.284654412275515,20.314605371372114,17.81189549479884,12.780853743943585,7.075870703323526,2.741644354374294,39.15833258164473,19.933298080708244,18.684779117406826,12.752302920092323,7.224707492643442,2.785283408470317
none_moving,575,12998,135.63130434782607,43.032210942394705,2658,27.735652173913042,42.967532456232604,39.21933401853506,20.31735353565642,17.767970789533265,12.830645011326498,7.322324901259489,2.731941264488808,39.19014632890129,19.96342151610961,18.725914021639316,12.757352160550536,7.227473541040008,2.787277630311719
none_moving,576,13031,135.73958333333334,43.083692283997365,2662,27.729166666666668,42.96211188924001,39.28824814405283,20.36533376088015,17.83940630015456,12.797888630012741,7.267476257727068,2.7551961823547346,39.17636433168431,19.96691740823158,18.735131826609752,12.764011685645452,7.207119748940139,2.786937699698702
none_moving,577,13044,135.63951473136916,43.06173900027796,2667,27.733102253032925,42.94889999216831,39.268277087401394,20.284478113816757,17.747320988786235,12.769708532139761,7.079437729621172,2.755765315470107,39.16202469640735,19.9512359467448,18.7103148876853,12.765192398508267,7.237054694472886,2.7834099640590013
none_moving,578,13076,135.73702422145328,43.05987881573149,2671,27.726643598615922,42.955132221234464,39.25831117098487,20.25791936835662,17.682224068443393,12.784798489236277,7.114711433367584,2.7526679794467297,39.17096361702769,19.955818376987864,18.71773271452217,12.764093052060645,7.219340586605369,2.782152597471285
none_moving,579,13089,135.63730569948186,43.02733540694853,2677,27.740932642487046,42.96294468501095,39.20884287631854,20.25767194407525,17.68150017597306,12.83510114011623,7.228895054913615,2.7246679755964034,39.183972421362576,19.962119330691593,18.723805421126627,12.7661534298765,7.217791283017698,2.7808916396188876
none_moving,580,13122,135.7448275862069,43.03877891894201,2682,27.744827586206895,42.954563889203186,39.18991249673431,20.268580236819325,17.70968187278451,12.846898340287556,7.152095974527282,2.7459258608773056,39.17771139308839,19.949029729289986,18.716940161968758,12.746614797569595,7.182461548578644,2.7720570342287405
none_moving,581,13134,135.63511187607574,43.06820366254724,2686,27.738382099827884,42.942525117837455,39.21879439451452,20.279204852395626,17.73410379373265,12.845097669787132,7.161807225210216,2.74485851476653,39.1245706110554,19.929123766378684,18.674157426719663,12.755995654382321,7.189728809614685,2.7709327260481293
none_moving,582,13167,135.74226804123714,43.11010490210345,2690,27.7319587628866,42.91321152363354,39.26370588990632,20.313772521882115,17.80245870579727,12.816902150811194,7.096933638288048,2.7571060393583773,39.087749279102255,19.948565374503797,18.698548888731118,12.777941659577198,7.182733958937208,2.768064261272221
none_moving,583,13180,135.64322469982847,43.03007316653053,2690,27.684391080617495,42.90666678631149,39.196244969085846,20.23736855300804,17.642334540512227,12.778860354762509,7.046735020410746,2.75234484040323,39.073778192117715,19.953620306405508,18.704640880107704,12.791114856147761,7.186979247779555,2.7696392631604474
none_moving,584,13213,135.75,43.03560469919845,2692,27.657534246575345,42.902900920706315,39.19166845890446,20.238562458364207,17.62845123022239,12.79464036888264,7.065741564599505,2.7414898185141943,39.094339382557166,19.974563940469427,18.72648725675924,12.796090795883067,7.2252715488511265,2.7840314752357886
none_moving,585,13225,135.64102564102564,43.0195911008885,2692,27.610256410256408,42.902840283607695,39.195967315860564,20.24118021384314,17.6259134905493,12.775646429666232,6.977298005080776,2.7356336403964776,39.10615070563548,19.98503513187816,18.73640511919428,12.800194565790983,7.245595889754385,2.7849002713837505
none_moving,586,13255,135.71672354948805,42.98261845251716,2699,27.634812286689414,42.956877404586365,39.13491502062647,20.21800571788109,17.56624812533031,12.788439882885784,6.974696518412354,2.73263095270214,39.1823556418383,19.934441106145922,18.685714502505885,12.75215589094911,7.226609695916122,2.7903366089513355
none_moving,587,13268,135.618398637138,43.046382780422626,2706,27.659284497444638,42.932741835263045,39.19345271394722,20.260484929317144,17.708922253070167,12.82706334962434,7.030800015393715,2.7310427470156378,39.16355023417763,19.95237751626717,18.703238370570652,12.77807063815489,7.290195790106418,2.779363753804538
none_moving,588,13302,135.73469387755102,43.04671718185545,2716,27.714285714285715,42.92539439005493,39.188686310513276,20.30887506023391,17.688281802188758,12.796810656457517,7.059646310505412,2.74851715335965,39.17647803792972,19.944770509115173,18.69988721294632,12.770022298360143,7.35385970602928,2.764163559576007
none_moving,589,13316,135.64685908319186,43.06114577575187,2736,27.870967741935488,42.934407151806624,39.21252764577341,20.31810313295516,17.723751269887423,12.751804056669405,7.0064000044330745,2.7550628700505593,39.18884572362857,19.89141861060565,18.654561912989276,12.720486022150485,7.288221273088025,2.7770540286356837
none_moving,590,13350,135.76271186440678,43.03570373445711,2754,28.006779661016946,42.9493820054768,39.20312338719011,20.263881578314848,17.672329432933658,12.770570831644227,7.09530947243583,2.724586138375153,39.214150474140254,19.86398931291721,18.626559781679774,12.668807481962453,7.23686381826638,2.7710068300815074
none_moving,591,13363,135.66497461928935,43.056321567714065,2774,28.162436548223347,43.0067350461674,39.21207673643527,20.279030047000944,17.73598371975103,12.758058625579078,6.962368328698525,2.770021575549673,39.2683168438321,19.813825947242165,18.574688276975767,12.667948102715393,7.244028812789007,2.782211722679623
none_moving,592,13396,135.77027027027026,43.00377172370842,2794,28.317567567567565,42.98478421280018,39.14634017932346,20.280929917294795,17.726875238922027,12.796694999718644,7.093605839396688,2.7495563358055635,39.255498260399364,19.822857218897912,18.5795532331578,12.669684626324996,7.301118231461772,2.7833892314128073
none_moving,593,13410,135.68296795952784,42.99878503791538,2807,28.401349072512648,43.04599311763509,39.14606100781925,20.20098672048358,17.600986053115797,12.796298638393996,6.962125824564774,2.7322889466319107,39.34070203721845,19.749366834800437,18.503577090779807,12.625634224545896,7.327449286938377,2.777560650176721
none_moving,594,13441,135.76767676767676,43.03909073620105,2820,28.484848484848484,43.11393353493907,39.18798637491601,20.215160942765294,17.509068862711416,12.717544333455868,6.861060702320297,2.7451468835866804,39.40571872954645,19.772744112322403,18.534035260675235,12.670828050420555,7.44178961354167,2.7935973370995852
none_moving,595,13454,135.67058823529413,43.051242677776955,2830,28.537815126050422,43.0688636689846,39.219988438886055,20.243734730395776,17.63963066720823,12.781500106760161,6.931604737210213,2.735884054830208,39.36122461060368,19.79125598371383,18.557163418675863,12.671552385746196,7.431357842144765,2.7887497102630974
none_moving,596,13486,135.7651006711409,43.05843527161454,2831,28.5,43.05742438248696,39.228562365491875,20.30781282085791,17.72483132919218,12.787946867036254,7.036341722156223,2.744914249597455,39.35147705325006,19.76908713036719,18.534934032106655,12.638091247129386,7.369472028914454,2.7897186360092374
none_moving,597,13499,135.66834170854273,43.07971114410764,2832,28.462311557788947,43.06995703408351,39.24906407719036,20.34665926556512,17.688773515721184,12.75427788809977,7.065317924896619,2.7462807485597795,39.35887653783137,19.753717498573547,18.505633096202352,12.638409794068131,7.396066732383451,2.78913119845942
none_moving,598,13531,135.76254180602007,43.12357109718274,2832,28.414715719063544,43.050704379689044,39.32463774010205,20.36494133441033,17.789107087925505,12.758903612342465,7.114198314489558,2.7370482691165567,39.337020761552324,19.775278307957837,18.519369594604555,12.652604075857909,7.412383348598277,2.7892146154952266
none_moving,599,13541,135.63606010016696,43.12006635605117,2833,28.377295492487484,43.04151393239313,39.30935373169255,20.39479004494346,17.85227032459948,12.790036791393327,7.2442071830576555,2.739389579365149,39.32949646433747,19.780494482162617,18.519275696475212,12.650196345962598,7.4076210246386145,2.7899993370794287
none_moving,600,13573,135.73,43.164533195059626,2833,28.330000000000002,43.03316558171402,39.33625977635288,20.415643036216046,17.882600787207636,12.79835393646429,7.204764707484684,2.7513778324322,39.32319661788112,19.787750031647146,18.522838019276428,12.650087472038887,7.405897955999945,2.7900991967423536