Scenario,Time,Baseline_Tx,Baseline_TxPerNodePerMin,Baseline_RMSE,ETM_Tx,ETM_TxPerNodePerMin,ETM_RMSE,Baseline_MAE,Baseline_RMSE_Aligned,Baseline_MAE_Aligned,Baseline_PairwiseDist_MAE,Baseline_RangeResidual_MAE,Baseline_AngleResidual_MAE,ETM_MAE,ETM_RMSE_Aligned,ETM_MAE_Aligned,ETM_PairwiseDist_MAE,ETM_RangeResidual_MAE,ETM_AngleResidual_MAE
few_moving,0,0,,36.82155104595928,0,,36.82155104595928,33.64586534768495,18.187917130173428,17.241615522676813,24.44493498974518,NaN,NaN,33.64586534768495,18.187917130173428,17.241615522676813,24.44493498974518,NaN,NaN
few_moving,1,0,0,36.82155104595928,33,198,36.76250126111907,33.64586534768495,18.187917130173428,17.241615522676813,24.44493498974518,NaN,NaN,33.57085794014965,18.126956967267173,17.18397422814493,24.044115689926393,10.08097501398015,1.8356781330998282
few_moving,2,33,99,36.758926296372714,78,234,36.7168090183956,33.5683133837787,18.126733729935978,17.182518948629507,24.045449697400418,10.245756709878233,1.829488535831453,33.48631674356128,18.073116375215452,17.187255170777938,23.696069882572587,9.917359606856843,2.1760083648258908
few_moving,3,44,88,36.71180220697431,123,246,36.69667296059606,33.478937935049466,18.07219697527753,17.185305777223824,23.699986539413462,9.93806548952689,2.1721434913274122,33.43888139980645,18.03601941261738,17.205982885713706,23.26216340958429,9.480075726096825,2.233341726976449
few_moving,4,77,115.5,36.70308569276281,169,253.49999999999997,36.70441717008009,33.444952396074925,17.99821075832759,17.16854768368197,23.245749178517194,9.52687832525659,2.2476998455724413,33.41618345597293,17.9564564791525,17.179943279917374,22.781646498069794,9.033008948248902,2.2662175366668715
few_moving,5,90,108,36.71298927774264,213,255.60000000000002,36.72634445843137,33.4213642487338,17.921445182497145,17.146498139598165,22.764081073178463,9.148370147837225,2.2857877110878273,33.43240101514054,17.87591645822772,17.157809837690714,22.288618592556258,8.668440112151151,2.338200926203404
few_moving,6,122,121.99999999999999,36.731730886548334,260,260,36.75635960893674,33.41115348114477,17.866458401308662,17.142860506830836,22.28243037180092,8.69944867013297,2.3090437720348116,33.437483121886366,17.84833640163602,17.181042391526656,21.824927577016258,8.201845614925118,2.355405822842003
few_moving,7,135,115.71428571428571,36.73541258520722,298,255.42857142857144,36.847454961737846,33.40334788384352,17.844476740371952,17.183477282110807,21.822251500894083,8.170639779121723,2.3412746587065087,33.49024219410876,17.765408411643694,17.142438550857396,21.326885162582947,7.763881461126327,2.322499535375264
few_moving,8,168,126,36.83047817166639,304,228,36.90701090314567,33.472708937578794,17.804493964190254,17.18695037134497,21.347726838527628,7.746505767714611,2.315466566618568,33.526148932437295,17.73554951802369,17.160911784152994,20.826689814829823,7.369235747297087,2.28565009326481
few_moving,9,181,120.66666666666669,36.90089770505265,304,202.66666666666666,36.97048204865704,33.517456680203296,17.7584945887985,17.178764862378323,20.85402422043836,7.39459606410646,2.271843976328994,33.5701262992162,17.71486862036227,17.17616455937186,20.345575938466354,6.959263116607628,2.2757269092280485
few_moving,10,215,129,36.89438649883142,304,182.4,37.03349367083728,33.49814423969438,17.743054883532913,17.209913999160737,20.3737662560476,6.960967058437668,2.2644972290031036,33.61670985206585,17.709762451512024,17.198599685409395,19.869365637575463,6.55825297894839,2.2736676389121455
few_moving,11,227,123.81818181818183,37.05752634922494,304,165.8181818181818,37.10100073330415,33.639898774267365,17.74417425090457,17.217508722246624,19.8933837570264,6.540706260200205,2.2748822012701675,33.66922329321355,17.714003040733576,17.221823389652947,19.387792499317126,6.150562046902685,2.2713127682038317
few_moving,12,259,129.49999999999997,37.04921265663379,304,151.99999999999997,37.174753978890244,33.63541217731806,17.80859856297172,17.312990059655288,19.42246686988732,6.110310668231714,2.272688586135609,33.728834008591335,17.725189576607164,17.243539889539996,18.908744103735074,5.733555851155187,2.272415405688053
few_moving,13,273,126,37.176238578640024,304,140.3076923076923,37.25558721271255,33.73170858381367,17.812743080961837,17.305695006060425,18.96639980939931,5.701368247582871,2.2766297874298624,33.79609341990657,17.74226492781633,17.262822950816876,18.428680134254613,5.374805532590124,2.2766855454814103
few_moving,14,306,131.14285714285714,37.23773589717448,304,130.28571428571428,37.34377441219919,33.789191656586226,17.83907432943589,17.34167520625845,18.51085627780601,5.370465328898112,2.273564327458462,33.8711344139261,17.764868610786323,17.279420926066685,17.937411869780348,5.008615331360547,2.2834320995959168
few_moving,15,317,126.8,37.35774741062361,304,121.6,37.4509274239425,33.90982089295106,17.856318542923105,17.325405478552987,18.049232505392247,4.992781791796429,2.270047339622993,33.96703781241696,17.78202377849941,17.281057579519302,17.457125160420393,4.6483324760727935,2.2898763733747387
few_moving,16,349,130.875,37.429133870958864,304,114,37.583801017752805,33.9777490605832,17.87289050151947,17.335914019543424,17.56628558230271,4.6304768983465765,2.2849093519362307,34.09167435834293,17.783388524356965,17.261654895661636,17.005178612482535,4.308638585765606,2.2967754411215906
few_moving,17,362,127.76470588235296,37.56289197386792,304,107.29411764705883,37.73490287559864,34.070094201688555,17.85060557815342,17.304917711166873,17.13565719276533,4.368563815184706,2.3043092446268543,34.2370188796739,17.773493966693106,17.22833053089463,16.58288515770314,4.0193473813590685,2.303928648904404
few_moving,18,396,132,37.6693668254369,304,101.33333333333333,37.89827012347733,34.18146723703467,17.89314970439902,17.308981776373294,16.696192900876003,4.04576218235708,2.2865662536916633,34.39644346228211,17.755629745867797,17.18507510534007,16.188239108146554,3.7670569956186806,2.311456477206012
few_moving,19,410,129.47368421052633,37.80612568861868,304,96,38.07014268275974,34.29732902391236,17.924798011205137,17.30194378255444,16.2320506984394,3.694776266557637,2.3020554425996416,34.5657714999691,17.732824769547754,17.135155010781865,15.804518852830306,3.518167996500558,2.3194288602262927
few_moving,20,442,132.60000000000002,37.990615671594675,304,91.2,38.24792832510627,34.4535773170968,17.911763648475116,17.19972795903093,15.875258580943589,3.371820660585984,2.3105377938182374,34.7420735909961,17.70720505897311,17.08056161832961,15.45860927605274,3.2729659720016557,2.3278341585498277
few_moving,21,455,130,38.12495963147082,307,87.71428571428572,38.429808948504004,34.588722706710826,17.850705620612874,17.096315522551475,15.511105497391771,3.117257706430574,2.302143124279086,34.923267279868504,17.680241672310437,17.022483851900724,15.118712235682798,3.0314676906239604,2.3366119118707824
few_moving,22,486,132.54545454545456,38.29796868255229,314,85.63636363636364,38.60346350674086,34.76215468246098,17.86282486818477,17.034230094327306,15.148881617628474,2.893618109212047,2.3155887193851847,35.09869681265998,17.71422149582786,17.006359591294203,14.84007861784613,2.812286858226352,2.3494902135543447
few_moving,23,500,130.43478260869566,38.39128650451059,314,81.91304347826086,38.788637706999765,34.880041642847885,17.90602243777527,17.09673311552979,14.82023535208238,2.61138498870998,2.3500178036449273,35.28537625525204,17.739570937981142,16.98506750462238,14.578297484120718,2.6097688318031027,2.353200492218954
few_moving,24,532,133,38.56621526792452,314,78.49999999999999,38.98702189902179,35.05522372790686,17.8808779539622,17.074175212737465,14.517201570735061,2.377807904460142,2.3525746601128046,35.487597590844246,17.73272695120483,16.929660919185665,14.326493835649224,2.5046480589148175,2.362637350716802
few_moving,25,545,130.79999999999998,38.7375144925477,314,75.36,39.1810288726317,35.240573959237906,17.888778134558933,17.041416884020606,14.196973345638748,2.2662821945013514,2.3494851158062566,35.68557166360046,17.72027671040241,16.870197579494253,14.09054620624333,2.4580761521572367,2.3714137401422923
few_moving,26,578,133.3846153846154,38.91451378358816,314,72.46153846153845,39.37407990826907,35.42115407349411,17.843489986444403,16.976701757633553,13.917649214522141,2.1383507846477654,2.349202328888758,35.88210232557577,17.704787294966923,16.806378428221432,13.895282992983965,2.4206907745700663,2.380281234880502
few_moving,27,591,131.33333333333334,39.05791919116981,314,69.77777777777777,39.5655980748249,35.560204526449226,17.903084647212243,16.89160829445774,13.68423510756195,2.0248760063540594,2.356623636486983,36.07667514326347,17.688981251948,16.739728592050724,13.718497217219012,2.431036894607248,2.389037773017421
few_moving,28,623,133.5,39.24071050856045,319,68.35714285714285,39.69868653693797,35.74990662567582,17.89154288811326,16.807274481639677,13.49538650158745,1.9757270228910493,2.367900464593888,36.194603172122854,17.665651689891256,16.652286573520566,13.570425813303723,2.530911051395686,2.3982141960387406
few_moving,29,637,131.79310344827587,39.41295162654257,334,69.10344827586206,39.88639129531686,35.90681948572677,17.879712758237538,16.74957551015038,13.298373288411234,1.8597890174463136,2.387282871805513,36.367045722756934,17.63834211683627,16.59014597347808,13.33028051791736,2.4609886134860184,2.4103019546607225
few_moving,30,669,133.8,39.631850804979685,350,70,40.03207115641517,36.076619617341564,17.828450200551732,16.64113226344777,13.154488105435071,1.8280246614065538,2.394572065975971,36.486880030577815,17.637657459313065,16.551338852075425,13.140718230999624,2.3579662034599798,2.4175428349732346
few_moving,31,680,131.61290322580643,39.817903886380215,366,70.83870967741935,40.188488032653034,36.276242011134926,17.851017386309362,16.638164214015696,13.02145401972552,1.9831831573197083,2.393115518103021,36.611847518588156,17.598034414260635,16.492743465282377,12.961162653487847,2.360673954323896,2.431893991060395
few_moving,32,712,133.5,39.9940455479379,383,71.8125,40.34152887944813,36.433873567271675,17.885955660191414,16.661679842818437,12.90358713984333,1.9522067766684554,2.399454958117677,36.73281569737758,17.61457611153573,16.42502020439635,12.81592789225958,2.531119135680406,2.4301516910010874
few_moving,33,726,131.99999999999997,40.137126052593615,399,72.54545454545453,40.42605786798621,36.56394778469677,17.87281322858965,16.653394946817322,12.921935281782053,2.1591619995416473,2.400940848180227,36.78423471520327,17.520370422760333,16.305217403083226,12.734743581644036,2.7319830628183546,2.425534655971607
few_moving,34,760,134.11764705882354,40.344568734196976,414,73.05882352941177,40.61449861647645,36.75563330953296,17.84213200018855,16.58831957471868,12.8739338346588,2.27368053687735,2.4017966889309887,36.94599524494309,17.50118677412841,16.189211939745647,12.611959184863837,2.8372216331347877,2.4520282010502084
few_moving,35,773,132.5142857142857,40.452414227295456,423,72.5142857142857,40.756188708877396,36.8677394244918,17.852589355259084,16.523166538244432,12.757108502416665,2.373397638415633,2.421770029610523,37.05736525166318,17.484694664268762,16.12058815009977,12.469042802056169,2.830270100242429,2.463379019036868
few_moving,36,807,134.5,40.540515708419775,431,71.83333333333334,40.92942872867459,36.93113394132576,17.862042485121634,16.5275842293466,12.682709574298002,2.4901673518924325,2.4212346630127817,37.20999771806834,17.439820439084034,16.0064309819456,12.346113587763979,2.91888741327863,2.471250234721377
few_moving,37,819,132.8108108108108,40.70617510658173,442,71.67567567567568,41.01913363934348,37.06756500522874,17.827676374545483,16.517128873361777,12.645351879092075,2.7504048910139542,2.436500227171385,37.27814833967479,17.500487378337606,15.994531906499436,12.215391554538268,3.0418136757054155,2.4798347517705714
few_moving,38,852,134.5263157894737,40.92452086519257,444,70.10526315789474,41.19878883297963,37.283470157106905,17.841937129042435,16.42730114783254,12.573012906268058,2.9977082424573207,2.464669087218211,37.43516093278414,17.482754157164614,15.921394619942197,12.103699380204507,3.2224154031767136,2.488757661535711
few_moving,39,863,132.76923076923077,41.117691802219824,444,68.3076923076923,41.3574454179515,37.43106096128939,17.835621918002893,16.380226206757172,12.466106559743714,2.827325424668232,2.4541952646851066,37.571649094565245,17.470275770228227,15.837761374577806,12.019639713872312,3.3603977642985616,2.4964782891987016
few_moving,40,896,134.4,41.189647746029515,444,66.60000000000001,41.49307321662979,37.5204743769481,17.938078371959303,16.422884863764942,12.331054884490642,2.893714910708436,2.4733334313014703,37.69062564445081,17.464537555842195,15.754015794402267,11.931475657364185,3.480078926108774,2.5063558108577735
few_moving,41,908,132.8780487804878,41.25861388588795,444,64.97560975609755,41.61755653400572,37.58843341763564,17.922963602378996,16.365704851769465,12.261259149009051,3.10265183050774,2.470045490473402,37.80097468969444,17.46339139941659,15.672859897065077,11.848345350774403,3.597573757148624,2.516617221215402
few_moving,42,941,134.42857142857142,41.389447393071634,444,63.42857142857143,41.73588319788872,37.686055635179606,17.94876632005368,16.354474407550455,12.193929978265158,3.198563935061329,2.488181692870223,37.907023584388654,17.465265662868344,15.594099212678037,11.772333513701678,3.7136873307823337,2.5270665980565115
few_moving,43,952,132.8372093023256,41.569640126279076,447,62.372093023255815,41.8130584074124,37.84090895173851,17.98640747013115,16.369191958785226,12.126325983354167,3.1712571630320516,2.5043245798599645,37.94057226318463,17.426787849519275,15.493602429237963,11.717765276455237,3.783660883906683,2.5132856396719934
few_moving,44,985,134.31818181818184,41.64224907919441,450,61.36363636363637,41.91191328423035,37.85289591043707,18.113787063270482,16.48172169729622,12.082718108399488,3.377199485535876,2.492982644715004,37.996335645231355,17.40649155872651,15.409613423694712,11.647267372368178,3.894567846932851,2.5414739486221025
few_moving,45,997,132.93333333333334,41.790866567346455,453,60.4,41.99668169517611,37.99499691527962,18.11814496515041,16.408425101539038,11.997175715402017,3.5054890229376485,2.4953204055713667,38.03740511988417,17.414637387652334,15.43684661041265,11.631402618484032,4.081520431326108,2.551611062843524
few_moving,46,1029,134.2173913043478,41.88101809599749,456,59.47826086956522,42.095727340836014,38.065408705281996,18.181631174257088,16.411177556209406,11.925406080837256,3.5957292120294504,2.5241661599718737,38.15512698283315,17.437415965044924,15.474561748018553,11.561505131061027,4.228977041931944,2.567985506734118
few_moving,47,1043,133.14893617021275,41.916767818178656,458,58.46808510638298,42.215203153126836,38.107731414028976,18.156856008706225,16.414316345487144,11.90659936808429,3.7774660357916052,2.512301971278557,38.299916320805934,17.45297697669367,15.494641070710381,11.460631407225474,4.398736299549021,2.578063389909499
few_moving,48,1077,134.625,42.02000908748819,461,57.625,42.324734919587485,38.18693605128114,18.115256964647603,16.426649036069232,11.881561637306234,3.940032606833205,2.523649336966199,38.428319586773036,17.472955793388937,15.519366539587107,11.368723432196985,4.571887754351891,2.588863301140741
few_moving,49,1089,133.3469387755102,42.10270969144618,466,57.06122448979592,42.379203414070716,38.25442048163077,18.147439271118508,16.52211929142378,11.831123334400106,4.143177604564907,2.5356694106335795,38.45725427160508,17.409155382156253,15.49709328228106,11.33179624740584,4.67750171278287,2.5933931234052285
few_moving,50,1120,134.4,42.21724099914367,466,55.92,42.412160353664014,38.38259031861274,18.190719003843128,16.612954238434746,11.7313820856334,4.193452700703957,2.545154692463065,38.473555088513905,17.410500627660852,15.548524295599643,11.353358092439045,4.819054616079683,2.6011349375405852
few_moving,51,1131,133.05882352941177,42.355770742914025,468,55.05882352941176,42.46988754961677,38.50312051053868,18.204655187294662,16.631769175580132,11.626861543983228,4.301177841863538,2.5656015696322423,38.510539841173305,17.437085443247554,15.615867100064705,11.390530172330955,5.0747008340967446,2.6159036030469776
few_moving,52,1164,134.30769230769232,42.41498642423112,473,54.57692307692307,42.576793019873506,38.5335662955601,18.289666612404385,16.779136460831936,11.594671706734939,4.357864699362025,2.5737745052283842,38.586393919947575,17.449567991513433,15.66521572730088,11.38885258329037,5.164314427762839,2.632140598329521
few_moving,53,1177,133.24528301886792,42.411323085843286,473,53.54716981132076,42.656514530246625,38.506969345384256,18.476493611857634,17.005959948008872,11.671470393373186,4.557491687562613,2.5658342386454156,38.664985982546746,17.477602032666287,15.742158169121542,11.393388641170997,5.257787774683507,2.6403536399648666
few_moving,54,1209,134.33333333333334,42.53354468669428,473,52.55555555555555,42.7326661233459,38.61121203256454,18.403713937995015,16.95723029683385,11.639805589190003,4.61988481127944,2.5652125473338794,38.7274551817428,17.522185197700974,15.82470760437623,11.403615983586196,5.386973121187256,2.6472324166762253
few_moving,55,1221,133.2,42.65038576941346,473,51.6,42.80165172750357,38.684773510512386,18.44986147578379,16.998479226484136,11.587340953792873,4.735519123935456,2.6020665082911902,38.784533674183635,17.57071400390449,15.909186904517469,11.412583011515085,5.507658967679485,2.654387890683748
few_moving,56,1254,134.35714285714286,42.785490464821315,473,50.67857142857142,42.864210703093384,38.775104851798986,18.441994204737632,17.04399129624763,11.58097892744197,4.74548857758056,2.608142382993195,38.836199175815196,17.622001455933553,15.99497609884347,11.42057772649435,5.61920167486445,2.66175374066094
few_moving,57,1266,133.26315789473685,42.676285894626425,473,49.78947368421053,42.92024275761472,38.66144130089769,18.48730069230051,17.175198607068495,11.59060578106542,4.7722286513159755,2.589290346674097,38.88231497650005,17.676051864279213,16.082454072764687,11.428152302332567,5.7244099848524765,2.669064441690478
few_moving,58,1299,134.3793103448276,42.723852760762995,482,49.862068965517246,42.99765895233641,38.750383571442484,18.526024769602838,17.234622440731417,11.554814299070928,4.838973675475742,2.5996835562568736,38.91254568692385,17.801441509323325,16.197319010075915,11.455916144105522,5.863206468928063,2.6613955353873653
few_moving,59,1313,133.52542372881356,42.79215006338813,500,50.847457627118644,43.187200739947436,38.87596403754606,18.59756251437247,17.317590350726388,11.482892583115216,4.742947169481835,2.612225086760713,39.09905745422664,17.766346357706063,16.184090732204087,11.37032525461354,5.8156198077512515,2.7092469448186147
few_moving,60,1347,134.7,42.77461226958864,516,51.6,43.15223892360068,38.886223045226146,18.654221417032403,17.39303888707286,11.481790369917364,4.887147016024244,2.6103596828762288,39.09036348500077,17.954416048980853,16.423576852468894,11.426295731591095,5.901803664564014,2.699327432917055
few_moving,61,1359,133.672131147541,42.85470474150714,533,52.42622950819672,43.18845910389718,38.916308993297896,18.83493067825157,17.584234897486134,11.53506678026457,5.069354908805066,2.615585951810647,39.13234344859732,17.980473685962192,16.474401542979166,11.434513395415307,6.061377645467673,2.7079268635734244
few_moving,62,1392,134.70967741935482,42.9013692596607,550,53.2258064516129,43.228447982031945,38.961670659525275,18.960503673670786,17.72727072417809,11.5340374396179,5.250904576077426,2.613153099354771,39.15373359632238,17.928000666856867,16.43840476121239,11.43355209950174,6.149430278554078,2.6822001488219165
few_moving,63,1405,133.8095238095238,43.086594288974425,567,54,43.18152213123429,39.12714695430044,18.965387418613105,17.760781158684686,11.538781773726921,5.4377205531001085,2.6309690090093736,39.11318916265422,18.001191417087146,16.550773634952158,11.551275908242344,6.422303869018685,2.696213051280131
few_moving,64,1439,134.90625,43.2386014020885,585,54.84375,43.204796396919185,39.22122738953325,19.021234038024183,17.846697484428454,11.558116895472855,5.452317871680431,2.6639595022858096,39.15432488086413,18.131646270362946,16.677282692960976,11.57967574007745,6.4580170514839335,2.704860768353685
few_moving,65,1451,133.93846153846155,43.093443299256975,596,55.01538461538462,43.33565726669316,39.078860228681194,19.059063066196497,17.93238559310148,11.6201514779624,5.582561683232319,2.65494794153507,39.2767950999571,18.2357693192364,16.805943676668733,11.640388389346,6.4593432042353935,2.726538873831964
few_moving,66,1485,135,43.06718585377061,602,54.72727272727273,43.41128931688424,39.0933594518898,19.117175090917232,18.025532748539664,11.662915980387341,5.675338429172812,2.67504051381037,39.350674624547636,18.32512421757366,16.913933649040917,11.68587878623593,6.492318595440972,2.7346366184950397
few_moving,67,1497,134.0597014925373,43.10868812097434,606,54.26865671641791,43.38188549591055,39.14733284325124,19.07929105794873,18.017502655612127,11.72169917878022,5.7483533312225115,2.6773437696294358,39.30026541139607,18.405855135113285,16.999328891578006,11.785382921393882,6.653083758926286,2.7399119963223946
few_moving,68,1529,134.91176470588235,43.11172846190368,606,53.47058823529412,43.3273426168733,39.115728650399774,19.13266726748465,18.11263748673426,11.80359201385867,5.794815279225077,2.6811932067107698,39.233442016289594,18.500782348501744,17.10324751583895,11.868964946332962,6.686016186843742,2.743898586042102
few_moving,69,1542,134.08695652173913,43.164122269431935,606,52.69565217391305,43.30805215031058,39.1361088150733,19.21568104664408,18.21162777228038,11.864846244423815,5.866052870447243,2.6839993851453943,39.20854828467498,18.581778460822235,17.197042943672745,11.935681978044181,6.726550872388246,2.7508929475536426
few_moving,70,1572,134.74285714285713,43.176100649144075,608,52.11428571428571,43.303052137796044,39.11210753757166,19.319983897437222,18.36868078484432,11.944297464485526,5.947208914862762,2.692773868585192,39.22631559248054,18.691014209984502,17.32592584189834,11.996415248290166,6.727493926834541,2.7519846697400006
few_moving,71,1585,133.94366197183098,43.16042447836627,612,51.71830985915493,43.32009777279898,39.12773103023045,19.309550482193018,18.35975434842691,11.9569167852174,6.083769559154293,2.6849135569615443,39.2474693230466,18.80055186572407,17.429662575464146,12.04895544047095,6.78718117037412,2.7656873273072438
few_moving,72,1618,134.83333333333334,43.135074993449095,615,51.25,43.32400467483668,39.08715580792536,19.425473924778395,18.513555499286227,12.01575664565077,6.091743162007556,2.707270474421211,39.25206413660796,18.89442316312176,17.51665531018432,12.095903838955966,6.857212261533097,2.7706506313956325
few_moving,73,1631,134.05479452054794,43.2176698273687,619,50.87671232876713,43.28602176711777,39.10954176310837,19.373392606924128,18.48137696755814,12.067540705256068,6.106323369485124,2.716818680481856,39.225972823505806,18.9451393142865,17.61283746097122,12.160784497938986,6.892575043397353,2.7827892486648986
few_moving,74,1662,134.75675675675674,43.24843580198801,623,50.51351351351351,43.29087243510843,39.15426154422436,19.514112959963143,18.621407654827056,12.107520239083184,6.190321792609219,2.745651317984646,39.25394530843166,19.032972278667373,17.722475514981973,12.209584716822024,6.965892185190603,2.7811879737641596
few_moving,75,1676,134.07999999999998,43.23608142035136,627,50.160000000000004,43.28757675589698,39.18198642848804,19.5893280476191,18.70324999222594,12.112584673475308,6.241727488124741,2.7314025075421817,39.22311368404576,19.106950264170006,17.79002698319587,12.258156100952364,6.928809006024844,2.7827563093269063
few_moving,76,1710,135,43.24411680738824,631,49.81578947368421,43.29666696622612,39.18647929405821,19.569334950490926,18.69686945627995,12.12853307430351,6.2074118255107305,2.723010233125202,39.224748416308,19.195544064034326,17.882400277624825,12.301375915378522,6.974068172206627,2.7856082132139064
few_moving,77,1721,134.1038961038961,43.27133754770872,633,49.32467532467532,43.296546032532326,39.18780148553243,19.72691925504431,18.86776612065656,12.248209760165784,6.409681008817763,2.723462205862162,39.230955939430686,19.281868877518704,17.96851453328778,12.342791019125734,7.006390864672964,2.7841698531082897
few_moving,78,1751,134.69230769230768,43.30607610379025,633,48.692307692307686,43.293088361473465,39.200045830242814,19.862101534596547,19.02417492608495,12.319893367264285,6.501409854203795,2.7169369929869545,39.23410055515805,19.352106798889338,18.038630273917104,12.375476052417982,7.0283780155178315,2.7882701804312426
few_moving,79,1765,134.0506329113924,43.219369549511285,636,48.30379746835443,43.25300422960227,39.13721782169348,19.823655146222354,18.969231669316745,12.296268214463861,6.5513710512751056,2.7187370529283776,39.17066129996325,19.310550708688243,18.010058347984632,12.371644806015244,6.98484396084335,2.7917051071736774
few_moving,80,1798,134.85000000000002,43.176596659277344,637,47.775000000000006,43.23101008678513,39.13078080932259,19.865210381727216,19.02898311275651,12.29911040354516,6.516365795476567,2.7455312098060793,39.12436565335491,19.267737349328243,17.974824356766746,12.345562977854588,6.948439405943089,2.798841584352726
few_moving,81,1812,134.2222222222222,43.22499383713683,638,47.25925925925925,43.15627253501783,39.12518264613995,19.99106615618821,19.1663459947334,12.438621054590461,6.656246163629141,2.761230536369601,39.0363637216969,19.295363697715842,18.01018944098048,12.362512222547204,6.940695802498069,2.7971879187330226
few_moving,82,1845,135,43.287574780020734,642,46.97560975609756,43.13191033214022,39.16249497605458,19.95821200899479,19.124241931459128,12.460600756654703,6.799118625913964,2.7539569275718456,39.01206159854866,19.319344892315183,18.054148320928714,12.370443214489203,6.932039395769514,2.8000629777366406
few_moving,83,1856,134.16867469879517,43.25310460565567,642,46.40963855421687,43.146980978664615,39.149275434047645,19.92253122072118,19.096589788185792,12.374983610890531,6.6276265677828325,2.7641218243359256,39.0268514751843,19.34913237317268,18.097948697377497,12.399891573542138,6.993162436996534,2.8052783059270396
few_moving,84,1887,134.78571428571428,43.28295809785101,642,45.85714285714286,43.12957843671621,39.20126518604197,20.008808294267098,17.486970111322282,12.349462938625326,6.46233466705393,2.7645981359557283,39.01183980511598,19.382869131969557,18.138820761363498,12.418744864724436,7.00570317828902,2.808795527611923
few_moving,85,1899,134.0470588235294,43.220260005903604,642,45.31764705882353,43.119901906022804,39.17453281126486,19.97565124925938,17.53049337250709,12.346159998394983,6.398439884405199,2.762053950316876,39.005333419998756,19.416582772537783,18.177229141116158,12.439543427841256,7.024064886434638,2.812471874138344
few_moving,86,1928,134.51162790697674,43.16157656138558,642,44.79069767441861,43.10903945329335,39.14488433632597,19.970565121397954,17.530191646257926,12.301080609859827,6.318788536532679,2.791838163752442,38.99866718536039,19.451560859131355,18.215593592598736,12.460417225730092,7.05205285647517,2.815078046564975
few_moving,87,1939,133.72413793103448,43.23614429440221,642,44.27586206896552,43.09966202572872,39.14672315678459,20.100750235854562,17.643127309578468,12.426429236078704,6.521201683963677,2.7690878033451556,38.9939728550798,19.485465775123814,18.251678094120237,12.481947306544624,7.081321026036837,2.817369926410674
few_moving,88,1972,134.45454545454547,43.29900815752587,644,43.909090909090914,43.12289208106819,39.22212430127762,20.139986711557942,17.782591041946894,12.42148278883929,6.538958551673068,2.7781106737428076,39.01833309513471,19.501641661436466,18.25925991730382,12.500907577316328,7.095920815693206,2.8195274303774878
few_moving,89,1984,133.75280898876403,43.23693301825644,649,43.752808988764045,43.19651318963685,39.15283491220545,20.08047210899671,17.697578566277674,12.462745459070716,6.618796482624504,2.7696456993656082,39.084302695237234,19.513981583829924,18.264927662951273,12.520707601531226,7.13240644279742,2.832071498203759
few_moving,90,2017,134.46666666666667,43.262585251964474,655,43.666666666666664,43.11289562200577,39.184118540929354,20.036931818184623,17.63396366859607,12.448219339143877,6.552128593320317,2.767939586746338,39.02688313029144,19.55026868128039,18.303529604424007,12.524034914933718,7.18414287132704,2.8188112545154778
few_moving,91,2029,133.7802197802198,43.33567485746002,663,43.714285714285715,43.06810569610347,39.193634488771906,20.142365902592402,17.65715250726707,12.525243240377176,6.573333279032239,2.76140850996618,39.02307571175328,19.59818035173983,18.359473112051322,12.554633158308482,7.18042362401571,2.8160356315319155
few_moving,92,2062,134.4782608695652,43.395625593301595,669,43.630434782608695,43.04998532806277,39.24346325428026,20.189761641164445,17.730041140613203,12.57390557756519,6.657719181319969,2.760651657551754,38.98996345083319,19.65422426926172,18.416185205300973,12.577987133822651,7.2325574569321684,2.8055657704803436
few_moving,93,2075,133.8709677419355,43.42413483056313,676,43.61290322580645,43.04439288175225,39.28662259628301,20.129168872895946,17.666899722112227,12.61522132647612,6.710581731662051,2.770994188319769,38.99892617810803,19.672309978979147,18.424002880044902,12.588288193494146,7.25684263306258,2.803551547897452
few_moving,94,2108,134.55319148936172,43.41598931403656,686,43.78723404255319,43.09426961457026,39.26988810375828,20.188711543376808,17.742021036502983,12.678503375258336,6.841302895222118,2.7701219238416543,39.02139039112197,19.678032499715954,18.435115199973133,12.597078497332266,7.12885948075819,2.817619984055388
few_moving,95,2121,133.95789473684212,43.47717953142441,693,43.76842105263158,42.98424036463,39.36847422325471,20.140217930645914,17.76083608161584,12.636138846407594,6.975188048274994,2.7833357873740385,38.94181657073668,19.694636433515356,18.46245256637784,12.57021332024551,7.1062878406963055,2.7897183612353404
few_moving,96,2155,134.6875,43.41904864068893,701,43.81249999999999,43.026807951953536,39.34593169165988,20.159424368560593,17.80610997937348,12.57373838251871,6.987545250492547,2.765570454495348,39.00032329572056,19.69045272036968,18.457126717394793,12.57567419867526,7.1472272149729035,2.8015891313219106
few_moving,97,2169,134.16494845360825,43.391902139353306,710,43.91752577319588,43.00487743748293,39.348021307767866,20.169060531845517,17.85423492802753,12.62535765757911,6.920006675493399,2.7772039049157344,38.98833491428256,19.712585112113278,18.482603086699335,12.601295611148153,7.262901721840178,2.772421250759034
few_moving,98,2201,134.75510204081633,43.35279077796631,713,43.6530612244898,43.06737397558629,39.30340264397701,20.0777489099819,17.711352273799058,12.705778993241527,6.984462237542608,2.777254718258491,39.08756561216138,19.634116535033765,18.40898953001524,12.533687901211756,7.155486049753059,2.7795641305743355
few_moving,99,2214,134.1818181818182,43.380368679718586,716,43.39393939393939,43.08050703490142,39.32636260777586,20.14252478502212,17.8327991099439,12.650071888995063,7.034034647347517,2.7467412560261577,39.11610981346222,19.60331072805738,18.389658089408847,12.533329335941408,7.257564168180496,2.7865988732228417
few_moving,100,2244,134.64,43.39321381537547,719,43.14,43.11120188872996,39.34170570368253,20.174214300146705,17.86645997992711,12.636105282418038,7.034102681454121,2.759607050645999,39.15652305654615,19.582137708813505,18.372456153820316,12.533468641481992,7.33102737602502,2.786869451260278
few_moving,101,2257,134.07920792079207,43.28795854679672,726,43.12871287128713,43.16479818677144,39.24517247881082,20.097860298496776,17.766285661325554,12.604219371041363,6.858816840462306,2.778690964701995,39.23570278900127,19.508819511413552,18.310313442163384,12.504737009513823,7.4302469396173265,2.8265841587846725
few_moving,102,2291,134.76470588235293,43.25587219486867,734,43.1764705882353,43.2364841047439,39.22195138528876,20.0847252496317,17.772200915128508,12.609074225057594,6.829175692616549,2.757506817402352,39.34032705631254,19.559266429304067,18.331783248897796,12.513392442899168,7.490440058143368,2.779168052542795
few_moving,103,2304,134.2135922330097,43.35176816978995,746,43.45631067961165,43.18332448629514,39.341619368223526,20.03153743566268,17.68678695672429,12.631151496997756,6.846745596948929,2.7803787876795076,39.26160836495691,19.533221379890538,18.324969388579802,12.499980510720626,7.327309698936645,2.7726270915958304
few_moving,104,2335,134.71153846153845,43.292778525192524,760,43.84615384615385,43.136246030515174,39.25864038848124,20.064267417043787,17.673771233513314,12.634641099137736,6.770743055329196,2.784523453747052,39.230231547239974,19.529243951101503,18.32165815183856,12.45124174717014,7.160979071635402,2.819756908950609
few_moving,105,2347,134.1142857142857,43.3151931694186,770,44,43.185853371652705,39.29633004223443,20.044037677813638,17.69964384250176,12.64146542770944,6.897470033541657,2.74715006760671,39.31113984790054,19.599912449449903,18.382992254136592,12.523974150801976,7.357539054949699,2.798577404897133
few_moving,106,2380,134.7169811320755,43.309973071081856,780,44.15094339622642,43.16316699957708,39.294935828783665,19.98139526860283,17.673252001221535,12.656832439368241,6.8503938871490675,2.765282697652313,39.30846854364398,19.6107421686464,18.38714159400117,12.514247011267452,7.4024878130479275,2.7969421174082894
few_moving,107,2392,134.1308411214953,43.34805674510857,790,44.299065420560744,43.13963677052146,39.35887598644232,19.99841190187219,17.73377294950839,12.692959745632988,6.897868279780283,2.764056383608426,39.286413502179535,19.614348163755423,18.399651966119244,12.53771570005853,7.562021900219766,2.7882694035579667
few_moving,108,2424,134.66666666666666,43.32881708614374,796,44.22222222222222,43.19295729867199,39.312112891539485,19.97539623411132,17.708537570086353,12.749639203466693,6.920346546520956,2.7601931718940134,39.350422701475715,19.520584367649274,18.29982767163802,12.442357867192623,7.328352673998968,2.8028130669280813
few_moving,109,2438,134.20183486238534,43.255486179801835,803,44.20183486238532,43.25500434251873,39.26891198190836,19.88634687778469,17.607502923904786,12.68450977029959,6.907764043568634,2.755786328784498,39.41833894473523,19.57443326656893,18.341808622196904,12.461000484149261,7.361131669042924,2.8032083496598648
few_moving,110,2472,134.83636363636364,43.223075805979484,805,43.909090909090914,43.28718459776465,39.2254498625251,19.91419620111923,17.60441056539408,12.671351701269593,6.880772652237203,2.7527688925175835,39.455387249778354,19.630662577831046,18.37566025620988,12.481441748529061,7.412043924789908,2.7971134552896615
few_moving,111,2484,134.27027027027026,43.20144242010202,807,43.62162162162162,43.32099588654242,39.192573046610505,19.99907904965754,17.727646012082065,12.71138939957039,6.984412559570446,2.768093833896416,39.49489129950738,19.6503565337129,18.379421025671263,12.474463375779255,7.386067608343081,2.7955586686887264
few_moving,112,2516,134.78571428571428,43.19482043254923,809,43.339285714285715,43.28419505851305,39.21804087024235,19.93126259899966,17.692636566095818,12.761140360269636,7.117310360819536,2.744358078348491,39.43209506648164,19.757874233032567,18.490334770247692,12.546086718713392,7.328183430554412,2.7923369827080036
few_moving,113,2529,134.28318584070797,43.27893512401245,809,42.955752212389385,43.271771209848005,39.359145923538755,19.90207188515357,17.69606942125238,12.72347472308186,7.060685714874366,2.773775346614083,39.41146641623882,19.79783347822805,18.527920128798055,12.580553584794545,7.332185398927748,2.7951606790943577
few_moving,114,2558,134.63157894736844,43.19228763331225,809,42.578947368421055,43.26183060468176,39.25149737439026,19.83448820461827,17.589351648211096,12.703445645292868,6.951914504741105,2.77012224603381,39.39918802171026,19.829885562422977,18.55738208595381,12.602267512799616,7.331466894080758,2.795660011432386
few_moving,115,2571,134.13913043478263,43.230303669970205,809,42.208695652173915,43.254994468593935,39.30292206879611,19.876866738886335,17.641462443127896,12.645648022025279,6.983264107024381,2.7772598247309204,39.3933849083359,19.8531559483214,18.577601480564727,12.61554066400615,7.330446523481527,2.7955709284493104
few_moving,116,2604,134.68965517241378,43.22813347510723,809,41.8448275862069,43.2496927134249,39.33498616677306,19.89052360751066,17.67033032076622,12.655140276360529,7.061479068647999,2.785459387423945,39.39072748703153,19.871565430717983,18.592885938881015,12.624197687588357,7.335293713750102,2.795072768794504
few_moving,117,2617,134.2051282051282,43.16798490930816,809,41.48717948717949,43.24502523782095,39.27164588025693,19.946673143139837,17.69030559290494,12.679201594182867,7.237227218098634,2.764073112064657,39.3895000947657,19.886981153465108,18.605258067638584,12.631670964197696,7.342590244267353,2.794236683133583
few_moving,118,2650,134.74576271186442,43.129610463818366,809,41.13559322033899,43.24063688712155,39.24247507320421,19.876173214594505,17.65314166986148,12.654533043973121,7.128486836433329,2.7603527364323477,39.388905544433925,19.90044599057199,18.615838641695298,12.638850331600615,7.348898384275431,2.7934065539580777
few_moving,119,2662,134.21848739495798,43.227519972158916,810,40.84033613445378,43.221344783434084,39.30922283979938,19.967042587812294,17.74772338995883,12.780662056701713,6.992896935050831,2.779716297009636,39.338690442348856,19.90018649281954,18.61892392893871,12.655275155269573,7.316992989009415,2.7871270103020778
few_moving,120,2694,134.7,43.228974400502686,810,40.5,43.2026625784029,39.288747277940026,19.95671090371475,17.702035416025634,12.89367810294522,7.23423059609518,2.774986160791174,39.288549965644854,19.89947308101888,18.621428112808506,12.67030868844295,7.285123230079624,2.787770609623233
few_moving,121,2706,134.1818181818182,43.26574594933199,822,40.7603305785124,43.26114634031146,39.375931196227675,20.021920556956,17.751924444088836,12.849456727312349,7.232167109851228,2.7631974543019235,39.33073268653588,20.00652087907154,18.717431548242725,12.710883739634637,7.2515352896619545,2.792774299983473
few_moving,122,2739,134.70491803278688,43.24559771229775,836,41.114754098360656,43.273221358998526,39.391381264381366,20.074367523487528,17.774853872394203,12.926160243042647,7.358522447514594,2.7463849185227267,39.36674974949558,20.090089744994756,18.798569117565503,12.724272138587672,7.13436091090159,2.7759631072780726
few_moving,123,2751,134.19512195121953,43.296215402018206,849,41.41463414634147,43.289231779020675,39.50920024049516,20.059489251204337,17.648262341430353,12.90202287520518,7.473964545992989,2.704143751628927,39.41742698594573,20.199615727248084,18.883666831520998,12.758832501388538,7.266694113940564,2.767284407550444
few_moving,124,2784,134.70967741935482,43.370093300491355,865,41.854838709677416,43.310744639628915,39.61378461361485,20.15081104081434,17.636571693619942,12.927104223318805,7.284004906710181,2.7085339209010866,39.451487395074516,20.329114173386056,18.981589294410618,12.843068196185431,7.321829187712295,2.7535102416371453
few_moving,125,2798,134.304,43.31362878141332,878,42.144,43.41323033939785,39.59982742360254,20.12938677762849,17.540027751331582,12.939650639394197,7.474210804226104,2.6865882894929034,39.59648427606778,20.333332036952473,18.961808696554474,12.849082172382726,7.380097693343501,2.7444488059883407
few_moving,126,2831,134.80952380952382,43.387226851674114,895,42.61904761904762,43.41709570857083,39.662445657182936,20.231602769512783,17.652224236520798,13.015462906067807,7.719019420363653,2.6502738816770144,39.610962632371255,20.49637402960862,19.093413346622295,12.930788516897815,7.870373859935298,2.7198437551988435
few_moving,127,2843,134.31496062992127,43.482707668235065,911,43.039370078740156,43.46655685948751,39.78491263038835,20.338572341200628,17.69691805523221,13.088647725953953,7.626117506776013,2.6672597790921824,39.70971541823894,20.495496333935776,19.055454591133962,12.892334463819184,7.867961110597004,2.699018279065342
few_moving,128,2876,134.8125,43.50884580997366,932,43.6875,43.4617437477699,39.8420487276772,20.377803892448537,17.694182009337105,13.119493857241476,7.342486369674848,2.6478418634441825,39.75574600058502,20.54740142995544,19.071268186476935,12.938562446691597,7.944067846330089,2.6812372990305495
few_moving,129,2889,134.37209302325581,43.55314652648971,951,44.23255813953488,43.47465090838628,39.9536565930169,20.471657683379593,17.77786504321946,13.153488881993248,7.568378114004014,2.6498596643352235,39.80081869076747,20.67054165441596,19.15114109915863,12.94852811720798,8.030415160116815,2.691884969653763
few_moving,130,2922,134.86153846153846,43.610682781823535,974,44.95384615384616,43.451949731299976,40.06711940475797,20.572872792996936,17.89711102265303,13.150340055171235,7.253485601842544,2.622731043428524,39.834574130465924,20.782207224911748,19.21748301741228,12.965520543093303,8.078161046362219,2.6458678550189556
few_moving,131,2933,134.33587786259542,43.727078429325346,998,45.709923664122144,43.431233540435485,40.22436997767492,20.605968376538218,17.887699764948874,13.13214507474698,7.981127664138869,2.521944152357914,39.857942032357066,20.962648821569864,19.397900667375165,12.979239199083,7.9498248810844085,2.5516960446447396
few_moving,132,2964,134.72727272727272,43.82925481325237,1017,46.22727272727273,43.42674574513794,40.382547363319034,20.626876033160976,17.893198962374846,13.106740782256956,7.6971644869138,2.5213685008337494,39.91486369592429,21.104551605853143,19.500136264829717,12.963184885633375,7.867084900727065,2.4913841480015764
few_moving,133,2976,134.25563909774436,44.00752154258396,1036,46.73684210526315,43.418397460959454,40.607461324385,20.691275890575973,17.929692779300055,13.132649361209083,7.751685716762775,2.4631056941593505,39.997057494691504,21.16829004670186,19.523999448728013,12.956789974258472,7.734971110210134,2.5392605229536156
few_moving,134,3008,134.6865671641791,44.08305851275406,1056,47.28358208955223,43.40037211352179,40.72641209133595,20.641532487353533,17.883713223449107,13.157054466521961,7.476737021188984,2.479370125098884,40.048625865231294,21.276066611405614,19.614066676417764,12.950707662083214,7.558210520201175,2.5697827804365927
few_moving,135,3015,134,44.11226420478769,1067,47.422222222222224,43.4991698047618,40.79655838240579,20.58910579810131,17.804534959541584,13.250612782648206,7.492590596394976,2.46652626153812,40.206547709835256,21.43705548448097,19.742295524026837,13.010571250821663,7.62883293618673,2.5699166084122833
few_moving,136,3046,134.3823529411765,44.06536119115667,1080,47.64705882352941,43.513601093868324,40.782245657275475,20.60255126627014,17.775084521636895,13.28888005442388,7.25812205376137,2.5412534296710287,40.26770822651443,21.58998161870759,19.854422717306022,13.077125245472768,7.6097804895895935,2.5841444599134125
few_moving,137,3056,133.83941605839416,43.97446097778747,1093,47.86861313868613,43.436603067081286,40.69329660113151,20.59323084991239,17.65642096036215,13.342396617199148,8.451077126373614,2.6356237789420933,40.235802141682385,21.736584375270475,19.9740297026704,13.098853910569769,7.596704937759518,2.572079363278878
few_moving,138,3087,134.21739130434784,43.947079607834745,1105,48.04347826086957,43.47455018660663,40.68813135759833,20.60672315327963,17.618248124409874,13.416531253814112,8.307126670959306,2.667122032062515,40.311811654608235,21.85153185710964,20.073072701435244,13.130103157356409,7.697519535823498,2.55433403292968
few_moving,139,3099,133.76978417266184,43.97238198226097,1119,48.302158273381295,43.45234595718149,40.75387542727541,20.588693111129555,17.624264020564496,13.471663994633357,8.302312665567522,2.609655751160045,40.32857679107896,21.882837071264902,18.12551546434361,13.199535167460054,7.798778460355605,2.489551580162589
few_moving,140,3130,134.14285714285714,43.911472356012894,1131,48.47142857142857,43.36080130822243,40.7127574237278,20.516999323953428,17.514829683288905,13.563809185708346,8.135186761857865,2.6319084200375538,40.2710527203041,21.759932120677206,17.919965014979134,13.199122191563957,7.815435738992751,2.4738564998038917
few_moving,141,3141,133.6595744680851,43.8927074933947,1146,48.76595744680851,43.35655224677564,40.72171531783204,20.50154323142376,17.448395969996376,13.680033501423594,8.451915329666846,2.725249691773992,40.29400712698735,21.693625868536817,17.792057415323235,13.19497785469329,7.801185037454627,2.5220395705096927
few_moving,142,3171,133.98591549295776,43.831162368163824,1159,48.971830985915496,43.349718685773716,40.67678787523898,20.47068911201078,17.359038100313047,13.7446897830166,8.257808218113372,2.7730904352996837,40.32069570245831,21.63834857626792,17.686664803598987,13.268751265099953,7.798529303022493,2.5563945251704894
few_moving,143,3180,133.42657342657344,43.796863647888536,1172,49.17482517482517,43.36722904982189,40.66117932905896,20.453310836345853,17.297661946492394,13.764968394959709,8.171072986173117,2.7752667225927037,40.36288766913884,21.581581611521926,17.583128983142043,13.287336908894854,7.850751403317076,2.6077390012130826
few_moving,144,3210,133.75,43.747522972951145,1184,49.333333333333336,43.444376202288915,40.63514197501729,20.406950528831118,17.25101363278902,13.83785128733314,7.990186537451131,2.7660065957320774,40.46308932102423,21.555256655572997,17.542765832920146,13.307516807259926,7.934422039045976,2.634468089807486
few_moving,145,3219,133.2,43.676940414526534,1198,49.57241379310345,43.527263692868985,40.59405365450272,20.379763691165017,17.205926451568004,13.921124741341288,8.145276783828203,2.724106174965371,40.563026208253014,21.518773377847808,17.510064393010857,13.307107078394091,8.095720091953671,2.644103529794672
few_moving,146,3248,133.47945205479454,43.71118765304815,1213,49.849315068493155,43.58445295867851,40.67831866366095,20.439879730856973,17.308438095859508,14.05799000547843,8.15482721365786,2.6931781018071033,40.64220162368068,21.45817669637216,17.476759756140503,13.361316065439524,8.350556494322813,2.5552234984254563
few_moving,147,3257,132.93877551020407,43.65744323741968,1230,50.20408163265306,43.61043920756481,40.638612547982305,20.502524092351322,17.381619613581453,14.242115089755956,8.42577171492531,2.70297891157408,40.67938536269491,21.394916267627874,17.422958290278522,13.397422078275708,8.32526647370914,2.686140764634113
few_moving,148,3288,133.2972972972973,43.611739438459544,1248,50.59459459459459,43.6030071751497,40.61214885562308,20.357165410786394,17.277911364609288,14.395699231345429,8.26484434462841,2.6645048468025423,40.69083603320458,21.301937413812947,17.357083693758966,13.42766660251005,8.405525258055558,2.5174972501912256
few_moving,149,3297,132.76510067114094,43.578752710462645,1266,50.97986577181208,43.75037630069401,40.588651845279095,20.261399056816707,17.206299789321168,14.539019521265287,8.48356119550693,2.5921762527059817,40.82126746883718,21.34153916461521,17.4450869759749,13.450991628288984,8.313101291999455,2.50005432580492
few_moving,150,3327,133.07999999999998,43.55904162088866,1284,51.36,43.722165624339354,40.55325123686488,20.254203063761025,17.202511845249223,14.696294963259195,8.385258234353033,2.5087715900894776,40.79110054001894,21.269282421323265,17.409945304228426,13.547043314008807,8.290278290790223,2.4666286129273245
few_moving,151,3334,132.47682119205297,43.560098932693826,1304,51.814569536423846,43.89632924236271,40.59003492208257,20.282830752787856,17.287901787619823,14.843357087371396,8.59178686922025,2.4799220376846502,40.9624582291257,21.297462156548878,17.490791393246617,13.539538349945976,8.412073650099748,2.4546418215513524
few_moving,152,3364,132.78947368421052,43.49955336022341,1322,52.18421052631579,43.93953242207491,40.533307962098874,20.174700507357596,17.22985826045386,14.950400157079159,8.465195807759104,2.3974717997184305,40.998318884306045,21.350192957393247,17.5949335992964,13.509503318947994,8.82644406710691,2.4646657362559403
few_moving,153,3374,132.31372549019608,43.51388774930541,1339,52.50980392156863,43.92556761938117,40.54842126740749,20.176117827177116,17.19987775862122,14.96721633387364,8.201014067702983,2.4485884649525045,40.985106607008355,21.326320920127667,17.60870926984172,13.454271998973278,8.66862757216112,2.5046720944622503
few_moving,154,3404,132.6233766233766,43.48274179449669,1356,52.831168831168824,43.93639070686242,40.50802052873731,20.120635803554595,17.15604344344884,15.021540205449277,7.855706888642614,2.4864168811305665,40.997336817903474,21.31162068873148,17.652703153362907,13.452778194998677,8.413201321214892,2.5215932512239942
few_moving,155,3413,132.11612903225807,43.498550112252886,1373,53.148387096774194,43.95320292925054,40.54405108602158,20.150230090143232,17.23076559821979,15.102876199009833,7.613275117526815,2.4754500998048745,41.01900626525888,21.275434244643797,17.681916834546918,13.476037523226474,8.204065356239353,2.546397267001559
few_moving,156,3443,132.42307692307693,43.5164294747878,1391,53.49999999999999,43.96156529490408,40.582587469239144,20.10343746685576,17.218872073836856,15.145253092486184,7.505566232029082,2.4802210412686354,41.03889893185857,21.224831005624885,17.70695002641849,13.528775514482557,8.00387584105091,2.5485752036019567
few_moving,157,3454,132,43.48667218146681,1402,53.5796178343949,43.92730101470662,40.56234168841798,20.069888136058548,17.179415323658173,15.20525807571365,7.301870323559294,2.4606916519952797,40.97927679182828,21.133233487601387,17.658641840072058,13.587001498579816,7.925410710291973,2.5434853651311733
few_moving,158,3486,132.37974683544306,43.42383726666538,1409,53.50632911392405,43.939325872823844,40.49940370337474,19.983822230588697,17.124511246103495,15.27437966937136,7.961263998365122,2.453600499535255,40.97715425284663,21.076669085238652,17.662625829376925,13.639079877395963,7.7178771512214865,2.5461682820880682
few_moving,159,3497,131.96226415094338,43.370395283252286,1422,53.660377358490564,43.87955125134762,40.462755495737284,19.958152394163626,17.129934856060586,15.309072143844396,7.657337984679486,2.487430968165484,40.90868116492511,20.99871696706533,17.64137278210007,13.686839944756947,8.230614973058037,2.567423428872907
few_moving,160,3527,132.26250000000002,43.30942168110486,1435,53.8125,43.8226806228769,40.43198319329638,19.876674885972083,17.119445242357394,15.364465791173602,7.402275799547024,2.4941596455108597,40.852097935837506,20.934025277992575,17.63612504232105,13.74124697255512,7.997986890365207,2.5474274523835025
few_moving,161,3538,131.85093167701865,43.181707741090214,1448,53.96273291925467,43.76005403125517,40.30496583381796,19.918972816451628,17.19992398037322,15.455574805469144,7.087933226589398,2.4686114277202074,40.78690613621458,20.89571957908627,17.667298175762937,13.816125573566525,7.723370473588935,2.544234985708085
few_moving,162,3569,132.18518518518516,43.13382413579346,1458,54,43.713496082108726,40.26914973202837,19.906027280875875,17.245943461711352,15.519624009708481,6.965367443322279,2.4865162569215573,40.737602250831145,20.87096424728972,17.71430252161605,13.921605319266382,7.614157377470599,2.5363271414924986
few_moving,163,3581,131.8159509202454,43.14655338885161,1469,54.07361963190184,43.650113131303186,40.266048809921934,19.947462046263478,17.269949978590294,15.62553972722124,6.875222704596055,2.4643346833492883,40.6685257704919,20.840694097708198,17.745937513755813,14.041436136818257,7.524525103301576,2.5312577142043153
few_moving,164,3613,132.1829268292683,43.114392110595865,1485,54.329268292682926,43.47388895917125,40.23341300369761,19.91447814771808,17.280341643029644,15.735408412086061,6.864332607190524,2.4759599960843106,40.507742196298025,20.732884263611535,17.699274813347323,14.221668131132967,7.652684001784015,2.4970283454796935
few_moving,165,3625,131.8181818181818,43.045159559621204,1500,54.54545454545455,43.37907412377068,40.17762765908843,19.916426456066137,17.315998011629567,15.844291951575116,6.877282448871565,2.4193226225161166,40.41466450020462,20.637226524759015,17.639229710169744,14.327602509820073,7.32362539053075,2.447936531705829
few_moving,166,3657,132.18072289156626,42.97606478410406,1517,54.831325301204814,43.297784910540756,40.12387882407357,19.927450771071623,17.384369652207933,15.971517827106512,6.851746680714695,2.414839063930961,40.32727776780492,20.587124629369995,17.628437752002693,14.462404893481922,7.197563213545429,2.46394216739244
few_moving,167,3669,131.82035928143713,42.912871639962724,1531,55.0059880239521,43.25188147796404,40.08322089815172,19.87521780063764,17.393510078303557,16.012209964171518,6.940765601729427,2.420206928310075,40.28451927776685,20.551370751667037,17.617952951350553,14.506468566691213,7.2147502505572305,2.4606560724205457
few_moving,168,3698,132.07142857142858,42.792357245255474,1547,55.25,43.172925589348516,39.98230828219306,19.81217818177944,17.37542402013252,16.060611659057663,6.967307527350001,2.3763246244653424,40.21224023008803,20.521764173521298,17.628388050187816,14.57087465232805,7.323124825065375,2.437904906851689
few_moving,169,3709,131.68047337278105,42.69136061214091,1563,55.49112426035503,43.0093618698603,39.90524878923066,19.894476327325943,17.48881015230392,16.17051229668013,7.235224735661764,2.381772675563505,40.06662308208687,20.461072418150962,17.621963191362575,14.681950215087054,7.502709279650291,2.418513106783674
few_moving,170,3741,132.03529411764706,42.57330029143627,1576,55.6235294117647,42.9956907627815,39.770845380719095,19.962078634085483,17.553265092458833,16.2172137721156,7.19883570676366,2.3718584661737676,40.062596304961446,20.45563143832432,17.60178660773753,14.67920561313251,7.464455514937629,2.3731937055916386
few_moving,171,3752,131.64912280701753,42.59766910680108,1588,55.719298245614034,42.96877704345108,39.74736445182875,20.03504618111844,17.60327904863923,16.268318165455614,7.44664027211729,2.3642486021740687,39.9859988979641,20.52308572132229,17.69834093053067,14.740663101414697,7.618991896818254,2.394517323990518
few_moving,172,3785,132.03488372093022,42.54023299630292,1598,55.74418604651163,42.89786250942579,39.6575906091817,19.997206107668983,17.597626751507864,16.33960186738225,7.434890941876063,2.3527066099398817,39.912284595021234,20.52861244793092,17.72252364267733,14.725726115446149,7.491273443379295,2.3953256021225293
few_moving,173,3795,131.6184971098266,42.48187883723203,1608,55.76878612716764,42.82578687518151,39.614599639942085,20.010295894646827,17.644092726791946,16.337079230707584,7.53530366565158,2.3613261899376394,39.866443891475306,20.51734072445336,17.72920132997404,14.761610894632433,7.523240911186165,2.4005329578825965
few_moving,174,3826,131.93103448275863,42.46006451146417,1618,55.793103448275865,42.81837648477439,39.59517957839197,20.08994760415071,17.740828188806518,16.380893229262078,7.625333972269672,2.3588623268216016,39.89522154252555,20.509795684918295,17.740720042815493,14.80952074712907,7.6200776479229075,2.3998114029637896
few_moving,175,3838,131.58857142857144,42.537341844283716,1628,55.81714285714286,42.77181079682257,39.64780322379536,20.14430065714462,17.79120898457372,16.382391989515956,7.713588314192708,2.3233174363356395,39.81871228215188,20.479951204547415,17.74265314445939,14.856480020223474,7.643407688131535,2.3847029976019485
few_moving,176,3868,131.86363636363637,42.50635932841937,1637,55.80681818181818,42.731140215148116,39.57744641281529,20.12109051418774,17.740725755929386,16.36907133373012,7.492541016663814,2.3071513268050836,39.74829577013161,20.56206706335905,17.824652963423794,14.869636693743384,7.644389961331061,2.373651816630766
few_moving,177,3881,131.5593220338983,42.369873212635575,1648,55.86440677966102,42.69910782545989,39.43740072678014,20.05058396639172,17.658979908100267,16.401517203116452,7.5832809669007455,2.3585427087520854,39.697706095173025,20.67194052238421,17.911999007711646,14.884883793477668,7.678673627235875,2.3538744936107348
few_moving,178,3912,131.86516853932582,42.30882253958512,1659,55.92134831460674,42.6856050924601,39.35152877076755,20.015537605337652,17.615958311514998,16.424728907287104,7.4719253292025245,2.325938670686831,39.665177803180825,20.714770036897075,17.96414796396594,14.888393155287783,7.636729455265763,2.3758695058364383
few_moving,179,3921,131.43016759776538,42.30683276736757,1673,56.0782122905028,42.702793928468616,39.33511656277749,20.154015058368852,17.71454686545069,16.45934810943223,7.7614937872132,2.34676079104896,39.67612789800372,20.757007208202445,17.998856264304557,14.89634653803765,7.612809590869986,2.376248919775183
few_moving,180,3952,131.73333333333332,42.30088694036835,1683,56.1,42.71718305235645,39.31036405374229,20.282217982660107,17.820215558044524,16.492738149817708,7.821549672096462,2.3404389800874945,39.6794058305904,20.76964798697975,18.032066905265502,14.934349473439985,7.78602012188026,2.3822733629470183
few_moving,181,3962,131.33701657458565,42.26142080976701,1691,56.05524861878453,42.64951121359241,39.256124301859046,20.298620515889294,17.82916229886547,16.461681839228003,7.826700508493874,2.3318984599098287,39.612232455732126,20.761828333567685,18.042810646829956,14.948057728695566,7.913885868149973,2.391873595868146
few_moving,182,3993,131.63736263736266,42.174197131811695,1698,55.978021978021985,42.67569955607039,39.165265779690216,20.304914235567757,17.83897034116971,16.487795433597892,7.8251242791894216,2.3330041702532784,39.61748350634837,20.7961641529216,18.06991482626568,14.93474264792488,7.8608638644295965,2.3708575304793094
few_moving,183,4002,131.21311475409837,42.20614512096059,1704,55.868852459016395,42.64105952099643,39.178003061257435,20.402363401146616,17.923692001449172,16.464682092598576,7.7436212863682625,2.3527378892158795,39.57211586358552,20.79335004855282,18.070926316553134,14.934767732308412,7.787150116550417,2.366455462837957
few_moving,184,4032,131.47826086956522,42.18554986355036,1709,55.72826086956522,42.608965372387665,39.13704994748528,20.32486412435498,17.91830677755903,16.537262454244424,7.874088830922916,2.376571640074837,39.519377820536405,20.81862642350451,18.09668105479517,14.948167660760657,7.781045929589017,2.3587679473157
few_moving,185,4042,131.0918918918919,42.10231613131827,1710,55.45945945945946,42.58251236753927,39.067315307245295,20.231418231482827,17.873774785767562,16.561245875840946,8.078830865387353,2.374771857707724,39.47553834440168,20.843581704298074,18.12920753457874,14.962927448300338,7.771893698697426,2.35589362072012
few_moving,186,4071,131.32258064516128,42.03792571330602,1712,55.2258064516129,42.54553510466704,38.973515099024866,20.200982034021994,17.8631307615211,16.62047815917246,8.109306629829597,2.341553508837801,39.42203602273113,20.855766427724458,18.14869634891178,14.965321105509323,7.729711441475735,2.355293922740899
few_moving,187,4080,130.9090909090909,42.01978160745339,1713,54.96256684491979,42.49769992846232,38.95695872733105,20.28154638772029,17.98787641383584,16.66873410302786,8.388373971616305,2.341824561323429,39.36478690702832,20.87382284887387,18.18526961520047,14.99670218372588,7.8378662374306245,2.3589788017363746
few_moving,188,4110,131.17021276595744,41.97396591057899,1713,54.67021276595745,42.46457093987685,38.92503976883386,20.280100842005403,18.0439370767644,16.69804489769362,8.42782217490021,2.3369356375888053,39.315590341625885,20.90231733610824,18.22581973862055,15.021734596986192,7.877265290245835,2.35664848035662
few_moving,189,4121,130.82539682539684,42.030524046598174,1713,54.38095238095239,42.434371944732675,38.950836506879675,20.230399195437766,17.989299009519538,16.64017582178766,8.140036697618598,2.321703393927249,39.26737862909327,20.929291103702077,18.26193232970287,15.041246383221475,7.898788708572802,2.35427665113291
few_moving,190,4151,131.08421052631581,41.97190266023131,1713,54.09473684210527,42.40632966965986,38.85028320807121,20.263296228255857,17.96589149657978,16.64094017501115,8.002436533399562,2.3088687175650895,39.220767314768594,20.953344686772013,18.29300728097022,15.055663607118843,7.905103759301128,2.3517901219586004
few_moving,191,4161,130.71204188481676,41.9705705914925,1715,53.87434554973822,42.38045845503017,38.858541786012225,20.249382858898972,17.9435413605187,16.605531303194805,7.769245675853912,2.3075550606960205,39.17643302202544,20.974590614295817,18.319629590169786,15.065739363453716,7.899249883469608,2.3492278166525593
few_moving,192,4192,131,41.98554096152464,1716,53.62499999999999,42.37900453357392,38.871277224636934,20.243560906250142,17.94374245973308,16.584694668736525,7.726894950905171,2.3087018022011203,39.16540305726899,20.933477203645893,18.303635058265574,15.075706675642166,7.892365768603663,2.3458703345857868
few_moving,193,4203,130.66321243523316,41.990413002647706,1716,53.347150259067355,42.36966668382605,38.878468117664156,20.261771143421,18.01583308138612,16.60945816814531,7.987157997143883,2.3201970570292727,39.14134673073076,20.918153185835788,18.301389305147193,15.08151681146362,7.865959529850159,2.3434249481952443
few_moving,194,4234,130.9484536082474,41.98446067933297,1718,53.134020618556704,42.35960320224602,38.850332831672986,20.278892947564582,18.06749896379075,16.61814904767189,8.01848443422227,2.3069782106307026,39.09286853779777,20.96030564481511,18.359345135740664,15.09404642413663,7.845252670746834,2.336685383858726
few_moving,195,4242,130.52307692307693,41.95184124183957,1719,52.892307692307696,42.34455844554023,38.77756136982378,20.254712876004614,17.983760642147416,16.598088913864363,7.888900294912278,2.293539645435843,39.04637774151579,20.994695629551337,18.40386732659942,15.100185070937654,7.814536455171106,2.334890402171125
few_moving,196,4272,130.77551020408163,41.95598264258969,1719,52.62244897959184,42.333908923165126,38.77191835562162,20.308077740902554,18.018990674999085,16.65613568339442,8.051548125857112,2.3192232727407305,39.01589792492961,21.022671946570526,18.43959874957327,15.116699659925404,7.787866341084431,2.33442685478944
few_moving,197,4284,130.4771573604061,41.9912914381315,1720,52.38578680203046,42.330764880038224,38.79269071330911,20.34147658670328,18.068403409726052,16.658196837219414,7.959686146176355,2.295514394893701,39.003870451213686,21.031707915438716,18.450323691338262,15.118892698740062,7.780410244590847,2.333328713740006
few_moving,198,4313,130.69696969696972,42.039082816298716,1721,52.151515151515156,42.32852183201837,38.84390586339289,20.380429628798023,18.127543666377363,16.64264573865821,8.013107435471909,2.293661659351833,38.99607989804792,21.036857664546147,18.4560044108849,15.119970930811574,7.774195901699318,2.332620001079949
few_moving,199,4316,130.13065326633165,42.00178258510329,1722,51.91959798994974,42.33736407368755,38.80366836535963,20.375184958099787,18.17137860588616,16.67690840358299,8.160065603158221,2.3001191560892273,39.01265750347992,21.01193035593817,18.459596040848375,15.128788497258506,7.884102064510877,2.3356463161289622
few_moving,200,4346,130.38,41.94601561179726,1725,51.75,42.35214052627286,38.74125239429465,20.462174319337183,18.243097881654798,16.726789175319443,8.28974681241018,2.299384038338994,39.03668121932556,20.997676633280562,18.47262344835249,15.15210295436891,8.048873644874176,2.3607316575906063
few_moving,201,4357,130.0597014925373,41.94758199958735,1734,51.76119402985075,42.3355900536177,38.75481254102553,20.400836251453573,18.17454232235562,16.690819112681634,8.141464742625734,2.2941388448385998,39.02663787961022,20.957923887096275,18.451850695298706,15.172703102565656,8.084948935999568,2.390104272710157
few_moving,202,4386,130.2772277227723,41.979370813366224,1745,51.83168316831683,42.38509050269464,38.808192709361506,20.440646425369405,18.199896848405352,16.654962199107054,8.073942147958313,2.2750421733122606,39.0982609261015,20.957771057911586,18.43767809655394,15.117729150117732,8.050049432526803,2.3627330042070174
few_moving,203,4396,129.93103448275863,41.981909448364235,1754,51.84236453201971,42.45197319198784,38.77289785925533,20.46082076535926,18.237427578905077,16.69366093598736,8.084431691871465,2.289634985411028,39.184949499759846,20.951649134672337,18.42630149509492,15.083469196678774,8.08665009885972,2.34767271148528
few_moving,204,4427,130.2058823529412,41.96213090897454,1764,51.88235294117647,42.490050231233894,38.7742471807001,20.506042626527154,18.326911656496538,16.697889637304392,8.211203113348995,2.3257191160198563,39.22182241029542,20.975009202313544,18.472141583309373,15.120903260975524,8.249192073054632,2.354442487003986
few_moving,205,4435,129.8048780487805,42.03569117011015,1779,52.06829268292683,42.482900091309205,38.877951865960384,20.537268009962972,18.31660431551959,16.622056005020646,8.24517436512005,2.314348183477541,39.2393744207673,20.902971639109307,18.39859636451589,15.107551789403573,8.178674743370339,2.3448487160687055
few_moving,206,4465,130.04854368932038,42.04887334936284,1793,52.223300970873794,42.48844670639249,38.87855499337029,20.50328192501516,18.24550967952114,16.588178103231872,8.076081372206987,2.3006426989633386,39.23143156707302,20.935601987224004,18.438465406202724,15.12641402657548,8.277595340924854,2.3590686963534995
few_moving,207,4477,129.76811594202897,42.043428828978826,1801,52.20289855072463,42.47781186905513,38.9065133668863,20.433492565930024,18.187380297307858,16.578708988230257,7.947730652659069,2.310385490615207,39.234217243100304,20.91565971962732,18.40396913861135,15.128967899834159,8.209250018506852,2.3590890412508987
few_moving,208,4508,130.03846153846155,42.05870704169664,1806,52.09615384615384,42.45722251578101,38.902759071892355,20.45697645884964,18.17698201484558,16.604353972864626,8.000755698670362,2.300963759134637,39.209967782008064,20.932739473798062,18.426595890035973,15.161587931886144,8.361507554945547,2.3726848600322517
few_moving,209,4518,129.70334928229664,42.059830977939015,1813,52.047846889952154,42.45398976893467,38.92337619179047,20.530063493620013,18.22433964273313,16.582035510442118,7.932128309946799,2.31269178526632,39.21329122513341,20.972134731530794,18.46648633039132,15.192488521430237,8.512501909540495,2.3830007443531933
few_moving,210,4547,129.9142857142857,42.026310433218,1818,51.94285714285714,42.463712258044396,38.857968168179845,20.464688756078452,18.155307685030202,16.61079625063404,7.882682079383651,2.293308267988901,39.22782396398679,20.97119756558027,18.455096255351986,15.161788070253985,8.468784087801493,2.386040551456866
few_moving,211,4558,129.61137440758296,42.00914558637213,1823,51.83886255924171,42.43972498702067,38.80121052571796,20.528702268186432,18.232732600732835,16.654454564985187,8.018215255324598,2.3167354503051256,39.191060874461094,21.00913214477611,18.50783325880881,15.206717532597521,8.559692448809756,2.389536187858407
few_moving,212,4590,129.9056603773585,42.085132939729824,1824,51.62264150943397,42.45375929718002,38.88683227073134,20.661214456713576,18.401871747346085,16.64947229837447,8.225253266580483,2.3037219338772577,39.223153414205335,20.97674184195153,18.46400764630395,15.177439731283188,8.487285563869575,2.3868920356517442
few_moving,213,4600,129.5774647887324,42.06527029507112,1825,51.40845070422535,42.45422903824668,38.88183365138188,20.637911268007223,18.354137411039567,16.61758814078906,8.313696077962648,2.3003672395094608,39.22680910315874,20.975263019644338,18.461905370370257,15.176876935624945,8.492415603790198,2.3872228213588755
few_moving,214,4630,129.81308411214954,41.999503175618564,1826,51.196261682242984,42.452802161558594,38.81834258452179,20.579864813996263,18.296920917018916,16.605518931097087,8.158194461963907,2.287455620109242,39.236905342469235,20.955193728934386,18.444123697792417,15.178266491232339,8.55438805322318,2.384536158302804
few_moving,215,4640,129.48837209302326,41.95663036803633,1826,50.95813953488372,42.459468754152226,38.766708261531356,20.485105274082077,18.210201067371706,16.59059804546437,7.958549134844705,2.315709369833613,39.24677294600939,20.955623575400935,18.44631561865156,15.182217418121551,8.583917463016824,2.3847468274488084
few_moving,216,4671,129.75,42.016922001771064,1827,50.74999999999999,42.46472490119911,38.82298725212284,20.499286706970043,18.228523077171808,16.58444039686125,7.99253745929177,2.302862757173361,39.25397741316492,20.95664738965438,18.448467781939456,15.184581824113723,8.603728250139012,2.3852736644452435
few_moving,217,4683,129.48387096774195,42.01583827302583,1828,50.543778801843324,42.45872960499212,38.821665811710055,20.518190924809304,18.298665254899056,16.633592296320998,8.1503092170999,2.317062412876638,39.22518932843771,20.95137801095832,18.433467428866788,15.192940434441706,8.565608661637334,2.3813175071598924
few_moving,218,4712,129.6880733944954,41.969186799232,1828,50.31192660550459,42.45650712812848,38.760967349949894,20.50137763838646,18.281799112937996,16.661424846893798,8.108548463334438,2.3015658425630194,39.21174375963686,20.94457480880871,18.423134221234385,15.197946922431996,8.562562018377486,2.3814300349854745
few_moving,219,4722,129.36986301369862,41.971828639288596,1828,50.08219178082192,42.45587304776873,38.741712419597036,20.484573269825777,18.25018147564891,16.641315224337916,8.08297096202649,2.308688464464339,39.20559177810553,20.93861786546774,18.4160791512289,15.200826870473088,8.561813363302075,2.3814225505506244
few_moving,220,4751,129.5727272727273,42.02817895336269,1829,49.88181818181818,42.46002016098808,38.78396020118635,20.519916798005237,18.28686846672813,16.676132252216668,8.246076920302174,2.305132240175839,39.206575123962736,20.93704921051863,18.414115229514415,15.203179406090404,8.566986310526568,2.3791479429313673
few_moving,221,4760,129.23076923076923,42.03136372949781,1832,49.737556561085974,42.465231196737676,38.79019878692265,20.49826729946812,18.27197888642952,16.660208620904474,8.165501243165652,2.285950401089036,39.2216900465962,20.908511028458058,18.378370769303974,15.186641778421942,8.541753850740378,2.380369134433211
few_moving,222,4791,129.48648648648648,42.03539661812654,1833,49.54054054054054,42.47999905577098,38.81404038991546,20.492213244330124,18.301529078356857,16.63013350208668,8.12782214635461,2.2722987262341623,39.23253381368163,20.936045461380864,18.40598149608179,15.186997902485723,8.484750792767066,2.376658976414658
few_moving,223,4799,129.12107623318386,42.04179754296516,1833,49.318385650224215,42.49081679939155,38.832656679117335,20.46835051443274,18.216238891132218,16.583283518839156,8.009623040041141,2.314534250067437,39.24406342587005,20.948359621603704,18.418055601491844,15.185334425068127,8.502262237771317,2.3764104458681037
few_moving,224,4828,129.32142857142858,42.029221507080756,1835,49.151785714285715,42.4394056361009,38.82299381450379,20.453618332552416,18.189780996646196,16.59039134060353,7.96402722271661,2.3085641671311934,39.170627429672074,20.96497263116824,18.430386661447365,15.221133792951585,8.533680372665449,2.3686778310061625
few_moving,225,4839,129.04,41.94356189555362,1835,48.93333333333333,42.40827311458297,38.78132042775145,20.465869630161936,18.228582023919376,16.617230284624124,7.982671142123564,2.328777217627339,39.12330344505706,20.974504415077643,18.446055582674013,15.251188994788041,8.557487457008445,2.3681793729943745
few_moving,226,4870,129.2920353982301,41.98911032283906,1836,48.743362831858406,42.41347982551605,38.82660649940002,20.494664937278813,18.249738129923678,16.645852414871367,8.125032323366087,2.322879422229019,39.114889331691906,21.001311405490206,18.472757513420547,15.248266169183312,8.542008550153888,2.3745926844299805
few_moving,227,4881,129.01321585903085,42.00001109441862,1837,48.55506607929515,42.418652795759435,38.83941240552068,20.457830867810287,18.16574640571313,16.635709183033462,8.154872471545048,2.284183892626228,39.11258002226468,21.013521529445125,18.486395557264764,15.249176015185217,8.539346654185238,2.377496160250486
few_moving,228,4909,129.18421052631578,41.98576140498855,1838,48.36842105263158,42.420486188642606,38.859712658963204,20.44817490982,18.17328739912638,16.59544069755555,8.096399547293897,2.314475228909203,39.11068526088341,21.018011432549198,18.492198936147453,15.250093707300557,8.53776686327807,2.3796624676880067
few_moving,229,4919,128.882096069869,41.98905714760054,1839,48.18340611353712,42.41612640861196,38.840353076874365,20.49543591158463,18.241367999455623,16.607273011517055,7.993482402371972,2.2894561699353235,39.09070853819395,21.056995408049605,18.533626356796827,15.256531630713724,8.534167467652356,2.3840578407744677
few_moving,230,4950,129.1304347826087,41.95379044377365,1839,47.97391304347826,42.413178497052115,38.752204495502625,20.51263269564696,18.256169058889462,16.66440237215763,8.063364098434738,2.2843929647334655,39.08248013009934,21.063651167206785,18.53879792988733,15.251523164962068,8.509272785396764,2.3850754978614637
few_moving,231,4960,128.83116883116884,41.8784775553754,1840,47.79220779220779,42.41043029050124,38.6672996156657,20.499268560909915,18.288981306696503,16.69636226253556,8.314383458833033,2.284860893283908,39.07643690438654,21.066044749620293,18.540169102842654,15.248526748919852,8.490766575974218,2.385777075704056
few_moving,232,4991,129.07758620689657,41.82640718417103,1841,47.61206896551724,42.4155573075265,38.63013194964758,20.487052440326718,18.288834988147507,16.708094989240482,8.332032450359145,2.300971836078391,39.09959645483734,21.071018298719164,18.558971256192855,15.230605447704631,8.452679303354659,2.3895237846942012
few_moving,233,5002,128.8068669527897,41.87216312146427,1841,47.407725321888414,42.41720587142257,38.674242191797404,20.434501483064974,18.207980485505438,16.642634610285256,7.9351402907250845,2.306634901900862,39.109671209672314,21.078050550142358,18.5719580787791,15.221514503934667,8.432530140048648,2.39002138883456
few_moving,234,5031,129,41.88449839844279,1841,47.205128205128204,42.41743606061194,38.66762611186369,20.45668058611876,18.184507235182497,16.603800512647954,7.828047826745487,2.30798682407421,39.11401687354188,21.084099873835008,18.580541765692924,15.216733457999206,8.422018774030562,2.390382428892825
few_moving,235,5039,128.65531914893617,41.90258495345105,1842,47.02978723404255,42.42266363000184,38.65555472378618,20.521115291081703,18.25183853306992,16.654116849695864,8.057711509188374,2.3083069278314454,39.12075710882625,21.09252173588284,18.589972907767823,15.215083106095564,8.422464698973323,2.388223322748768
few_moving,236,5067,128.82203389830508,41.92295970367174,1845,46.906779661016955,42.39453251518594,38.69791242916593,20.516998957574145,18.27547798238981,16.664580529528557,8.18389248101889,2.2972696480284047,39.08461970180334,21.112456805293924,18.61810451163835,15.24330092347528,8.505219049821557,2.3854702329965933
few_moving,237,5078,128.55696202531647,41.90795243358668,1846,46.73417721518987,42.36833615656741,38.67921349438076,20.59428565263422,18.38132514506159,16.696003479688525,8.230212377021719,2.2947824821679825,39.058007215647166,21.0756502464789,18.576915655729696,15.215797755702319,8.393316565730295,2.3765958545519514
few_moving,238,5107,128.74789915966386,41.90778997586919,1846,46.53781512605042,42.34618576520259,38.68660213277099,20.676015018943627,18.462095404871594,16.732831481456227,8.33567276995533,2.2819144666605777,39.029871921181226,21.0640753285909,18.56474414877892,15.209511203805118,8.343235970885074,2.3736630187549577
few_moving,239,5118,128.48535564853557,41.91536817784755,1848,46.39330543933055,42.37994942108082,38.69390945108706,20.65335384199265,18.359348941704177,16.723366430563306,8.43359562947395,2.2746080147477388,39.084793572292426,21.050402217177794,18.52639313790289,15.170191309819662,8.353506758695287,2.3780568179157346
few_moving,240,5147,128.675,41.8999495635023,1848,46.2,42.40305364770734,38.70950449026747,20.49902071180693,18.20996273318182,16.675076173203284,8.217556368391493,2.297449164556863,39.12715925421047,21.041075588934465,18.50000796063429,15.152040644734013,8.372552882721447,2.3770179086583516
few_moving,241,5157,128.39004149377595,41.961064538110755,1849,46.03319502074689,42.40402057586964,38.77082289588667,20.451325089453274,18.153740587227578,16.64836381386591,8.088936518866259,2.275599000705999,39.14090154171898,21.027133289201533,18.481661083211804,15.156854831816716,8.401047560349811,2.3635723757158096
few_moving,242,5188,128.62809917355372,42.010897954238715,1852,45.917355371900825,42.444236668006084,38.82888258425863,20.41243656805763,18.104758298771912,16.618483544997428,7.993559278909771,2.2992116451303803,39.18326376786489,21.03989240988507,18.497049786263524,15.150428120994098,8.45717135608855,2.40981100835592
few_moving,243,5198,128.34567901234567,42.01634383522022,1858,45.87654320987655,42.415147542341856,38.80730388201501,20.466348605631033,18.14072886292367,16.60730394290719,7.900317355495773,2.3038669342192133,39.15987864800012,21.00927687870748,18.46427829914599,15.153713365887207,8.440366811355489,2.3540746329339695
few_moving,244,5227,128.5327868852459,42.021710108037006,1865,45.860655737704924,42.41571301744356,38.83652852744821,20.455075172326314,18.17064299741754,16.590417278271957,7.8970147465495755,2.277345376249102,39.17469779922501,20.990054529869905,18.434961473765718,15.136657823997957,8.345250498090898,2.35153264285855
few_moving,245,5238,128.27755102040817,42.06665502487719,1870,45.79591836734694,42.40717759131886,38.88967877805654,20.440335121422837,18.21177754486852,16.607649523205556,8.114344729784083,2.293569413145937,39.16683609898679,20.97375110163564,18.42356487152373,15.138558662772992,8.379538383406747,2.359215503546637
few_moving,246,5269,128.51219512195124,41.98173758645911,1876,45.75609756097561,42.39873401943243,38.79223105812306,20.34584224293541,18.135228496417977,16.64445119252472,8.061497905994914,2.3191181675142536,39.14802735208573,20.999652583048384,18.456608726809115,15.158242988753532,8.385945075992437,2.3728349269766245
few_moving,247,5278,128.21052631578948,42.00608424661609,1883,45.740890688259114,42.38020558449833,38.83218358992365,20.403285043628586,18.161076104011155,16.612579767050146,7.9510650806191,2.293783850805926,39.124738693894834,20.96571888760818,18.401564571436516,15.14190039396849,8.337905445227825,2.36625980514087
few_moving,248,5307,128.3951612903226,42.05976063402471,1889,45.7016129032258,42.42115719139821,38.86902640260572,20.49973320941661,18.22435491677594,16.606444093440057,8.026998751371387,2.2851713048557163,39.16194896225993,20.935277383279082,18.35978950531362,15.119001750094384,8.26766238959994,2.3609867759219862
few_moving,249,5317,128.12048192771084,41.99992785025408,1892,45.590361445783124,42.34471058072625,38.79689506586753,20.571540431194652,18.291189238396214,16.603072149427597,8.078637421638872,2.2987181385438844,39.07048583526337,20.948393137310312,18.39161453974998,15.169677687615636,8.428727515011666,2.3682697975188614
few_moving,250,5348,128.35199999999998,41.99911205682391,1893,45.432,42.3250345249699,38.7888029501979,20.582897463292095,18.3108986563439,16.60235265129427,8.130046943342974,2.2880216320644013,39.04468107450686,20.94981996834774,18.395393160804737,15.178620888623879,8.442402336524548,2.3686358354871158
few_moving,251,5358,128.07968127490037,42.00832025898048,1896,45.32270916334661,42.313823849396314,38.83021013198399,20.483364244618404,18.209819521966544,16.558676464856596,7.854808194030986,2.304017825427078,39.02347925202242,20.962815857368824,18.4126040048466,15.19097601861306,8.485860056290905,2.3705749290546922
few_moving,252,5389,128.3095238095238,41.98044931292687,1897,45.166666666666664,42.33404177935826,38.794415189033806,20.49257977108319,18.195975534658736,16.588300583450312,7.870364234906,2.3119511213217843,39.034110328122345,21.023829622857072,18.4849469253981,15.218509862740857,8.562559122079369,2.3825680716750504
few_moving,253,5399,128.0395256916996,42.01597927989179,1897,44.98814229249012,42.35782351845543,38.86881399100473,20.503699810868675,18.18736434770566,16.562443298363032,8.003910228375103,2.3097103557339764,39.06360430268055,21.041584985889187,18.503884222023647,15.222283178435976,8.605082281236504,2.3853894429414266
few_moving,254,5430,128.26771653543307,42.058478659019514,1899,44.85826771653544,42.32350071021886,38.912133980649116,20.418784298676563,18.117025123522104,16.549703781780423,7.891231690887879,2.2890783338916987,39.023356168311246,21.01086721255176,18.472676584999032,15.247367602376423,8.59940514870412,2.386504080846461
few_moving,255,5441,128.0235294117647,41.9589943945506,1899,44.682352941176475,42.30510553210347,38.77203762566889,20.367916304767004,18.113217996028695,16.61300864852162,7.922322177350605,2.318937753580666,39.003692387163504,20.994104254705547,18.459998124023585,15.265838936473099,8.603659920654717,2.388673426660989
few_moving,256,5472,128.25,41.89213758669947,1900,44.53125,42.292803905632454,38.67352061619275,20.42704893919196,18.160085736882184,16.621972363120733,7.960749723534044,2.299281073991668,38.99446187824652,20.978702634492517,18.45320532939267,15.28685977483849,8.636718042897336,2.3875991282289237
few_moving,257,5482,127.98443579766538,41.92516074302635,1906,44.49805447470817,42.354195599276274,38.69877205545147,20.404176528946255,18.14528528708844,16.625351471223407,7.902518984484406,2.3077751314010015,39.046714276040134,21.038289712845,18.501730904521718,15.307129531984845,8.695021833631246,2.381434464790873
few_moving,258,5512,128.18604651162792,41.962370353303996,1911,44.44186046511628,42.363096990639356,38.763114591641006,20.45334710925895,18.207961839370462,16.602436294529642,8.009642271297997,2.3166270332299375,39.058804407451795,21.030330472620207,18.507770894936975,15.297221838098789,8.770832600618196,2.392659402068876
few_moving,259,5522,127.92277992277994,41.97993640870401,1916,44.38610038610039,42.39616613318738,38.74077181566728,20.497647406877014,18.232517857307908,16.64870301441087,8.040528393258638,2.284993772999753,39.09007824988031,21.05632822530018,18.537056024886166,15.284983606475011,8.742523596895213,2.390352672942436
few_moving,260,5552,128.12307692307695,41.939450636027644,1921,44.330769230769235,42.398559699934566,38.68283713148851,20.513266523575943,18.222161032736704,16.666996201844402,7.9853733345185995,2.2921935724962066,39.09009684913822,21.044367527656494,18.527313301806704,15.28432555935391,8.601122650686722,2.3927748038195245
few_moving,261,5562,127.86206896551727,41.971467144842514,1927,44.298850574712645,42.4009690510715,38.74751382174343,20.525675410493275,18.282222270474126,16.68193126560008,8.180499476768007,2.307472792437561,39.094172927829,21.048292302562228,18.53337275250177,15.280614586814917,8.597486369444118,2.3918831290113527
few_moving,262,5594,128.10687022900765,42.00753561895004,1933,44.26717557251909,42.42185697595166,38.81671642079071,20.49798736291302,18.303320733038706,16.66166763638906,8.1974856177663,2.3025283755072903,39.11038721890983,21.055381317819883,18.543242585677568,15.268999855320352,8.632991185855786,2.3818191909460777
few_moving,263,5605,127.87072243346006,42.07251268953861,1939,44.23574144486692,42.41606043123733,38.87161028864313,20.57678218927119,18.36947146228575,16.61253266857356,8.146420628813408,2.2928990919512247,39.10463534857617,21.04289590936049,18.533935647673957,15.273158300551914,8.641185462709364,2.378769884456585
few_moving,264,5634,128.04545454545453,42.06330827169367,1939,44.06818181818181,42.422798899423334,38.837995601861465,20.613974850800425,18.36916464289261,16.618337749821208,8.15749701219484,2.300999864457428,39.125069177045596,20.99339354109725,18.479888988473846,15.235154806731948,8.455955862870434,2.365521884982182
few_moving,265,5645,127.81132075471697,42.02669190717335,1940,43.92452830188679,42.42706458280344,38.80896166441582,20.583710704772702,18.3478810756555,16.61418738070021,8.085393074833295,2.2895594860512047,39.128657382815774,20.990141540246498,18.4793784338107,15.226880571122276,8.429811232476098,2.3655121679027005
few_moving,266,5676,128.0300751879699,41.97251386966866,1943,43.82706766917293,42.41099994368958,38.748276910986036,20.57715914269854,18.312353532384314,16.594496478230493,7.98784107715046,2.303514710220265,39.13327776755993,20.939925888123284,18.425016876687494,15.21582957772783,8.380378547388489,2.3562165658027494
few_moving,267,5685,127.75280898876404,42.02640096295418,1944,43.68539325842696,42.40859687989844,38.81918763166403,20.61206483925489,18.360087166652953,16.606914005970413,8.053994277752727,2.295345411198743,39.14025876626353,20.891425362885105,18.378988739383196,15.205352333174641,8.279296765684574,2.3644878597259935
few_moving,268,5715,127.94776119402985,42.02070905210017,1944,43.52238805970149,42.399090209430035,38.83585748102066,20.588707024962194,18.363807939329114,16.62536853186673,8.126743105077257,2.3106378918018717,39.12674373205293,20.882820948914592,18.37601650527327,15.216211565384068,8.283986095848524,2.368334045472414
few_moving,269,5725,127.69516728624535,41.94194234083356,1946,43.405204460966544,42.387862889576844,38.78366346205484,20.626877842932924,18.41660107583577,16.628448461176205,8.276613591629891,2.3177078917876464,39.11542148499146,20.858692595095377,18.356789608727695,15.221463890927172,8.270166809973267,2.366169061742578
few_moving,270,5756,127.91111111111111,41.964541402610124,1946,43.24444444444444,42.380464613010325,38.78744369176171,20.652229282130456,18.431728980144914,16.65537818125973,8.322858492314774,2.3021084445119637,39.10673589962146,20.845975127205474,18.34737549946222,15.225383275573119,8.265797437724087,2.367642139582249
few_moving,271,5766,127.66051660516605,41.97958932823599,1949,43.15129151291513,42.34565639518704,38.759505546715395,20.61952085563985,18.42973715875942,16.67688444048087,8.267899516195643,2.303741727041272,39.07407348247955,20.82581535882599,18.326786950154677,15.23916263816714,8.237509673652346,2.341504146573132
few_moving,272,5795,127.83088235294117,41.942332845945735,1956,43.14705882352941,42.40574019909981,38.686576240929796,20.61542053821768,18.40514172836979,16.67491047392112,8.18834513936033,2.2950398149464726,39.13067303016568,20.856333593835625,18.360304237662596,15.226800660160027,8.327758010273675,2.34148573853881
few_moving,273,5806,127.60439560439562,41.88106463126195,1961,43.0989010989011,42.3450677392128,38.66687160049183,20.488379495392312,18.28733229258132,16.671511317835716,8.25000375038291,2.336926070335618,39.06907811609652,20.839075171109464,18.349390563090722,15.251440253317218,8.398056350052961,2.366080444097353
few_moving,274,5836,127.79562043795622,41.98665962916104,1967,43.07299270072993,42.36324427129552,38.788381270813446,20.522735295599485,18.31221945516335,16.672227918305502,8.350079486942247,2.3312125089839157,39.07739323018007,20.83687778647873,18.35451943320892,15.256814816309348,8.373736729642387,2.3758138209696473
few_moving,275,5846,127.54909090909092,42.007060433347974,1972,43.025454545454544,42.35332914695835,38.78448302333412,20.593350764235993,18.39392261437924,16.691091988366367,8.345441717548784,2.3217210323060566,39.08399697295235,20.799774338938626,18.314418418235885,15.241206828874835,8.380984058650226,2.3641168442914937
few_moving,276,5876,127.73913043478262,42.00695772040857,1979,43.02173913043479,42.38024178646581,38.75577608755911,20.6013913091194,18.37211110369413,16.670469776151496,8.2049846566487,2.3127745087397353,39.114579392010704,20.80922737080119,18.316088434637862,15.227517919465958,8.332359647042768,2.3676129897481215
few_moving,277,5887,127.51624548736464,41.95552263770285,1986,43.018050541516246,42.39203665341608,38.70877688545417,20.543166301010565,18.31965189958962,16.69327112591512,8.108467124701978,2.297413033407898,39.14167430043953,20.81721115741312,18.339262464676974,15.220830067634227,8.370724017417382,2.372284693312509
few_moving,278,5918,127.72661870503595,41.949414692348164,1991,42.97122302158273,42.360343995111734,38.705314692902775,20.51102676140858,18.29963135102882,16.693443807572063,8.125446712729875,2.319719946317544,39.115538157865174,20.812934475298828,18.351725840628813,15.243333478801317,8.519550146778089,2.3745449576995266
few_moving,279,5929,127.505376344086,41.97390357718447,1991,42.817204301075265,42.35932850878201,38.75479812800307,20.47638978244285,18.252881304451737,16.664995117205045,8.04758566085883,2.294678793410753,39.11884072033519,20.814634666684963,18.357222544645992,15.243579488365322,8.529954229212398,2.3728185271190423
few_moving,280,5960,127.71428571428571,41.99299907983093,1992,42.68571428571428,42.35398695442932,38.75777975882141,20.46621237873002,18.214770456528907,16.6591353605294,7.973691913855659,2.2749359519934753,39.1162474760325,20.81366764733758,18.357774563478532,15.242091971004083,8.526945455509702,2.375517485511894
few_moving,281,5969,127.45195729537366,42.01141885819315,1995,42.59786476868327,42.386493441591185,38.77633098276253,20.512964613402122,18.238229557681414,16.64336402437024,7.927317336360514,2.299655385602767,39.139376421864455,20.845346544560726,18.389332941926813,15.233106566474218,8.480650443788411,2.3822394561153786
few_moving,282,5999,127.63829787234042,42.025059403577046,1996,42.46808510638298,42.36411736726371,38.80343109907757,20.51531720807122,18.236532608178827,16.611036231010715,7.899048379219977,2.311807886592354,39.124042717404265,20.8077031375139,18.354520270251022,15.2252142915273,8.478992872502307,2.383241607545763
few_moving,283,6010,127.42049469964664,41.97470579696228,1996,42.31802120141342,42.34990102630862,38.796785323573005,20.429811429172705,18.160293060201024,16.615992515811556,8.111647089030841,2.313635087495805,39.113078117560455,20.785286374492188,18.33242539199182,15.219811156510522,8.453364484908418,2.380290788899687
few_moving,284,6041,127.62676056338029,41.98497583836264,1998,42.21126760563381,42.388740710083304,38.820470474400494,20.453654835973225,18.189681555931493,16.63007033072233,8.198318990378025,2.318302045225781,39.11920676150891,20.73999735087761,18.30228127755607,15.217892317949367,8.43705389498366,2.371061309974162
few_moving,285,6050,127.36842105263158,41.993933013365705,1998,42.06315789473685,42.41480753739768,38.84144865577465,20.517176328741336,18.265193041398895,16.624680149687023,8.191691945968053,2.3145977694250317,39.126163021182876,20.713646458736296,18.287019739111816,15.218739332644919,8.429552885238492,2.3712394661867857
few_moving,286,6081,127.57342657342657,42.01784154853706,1999,41.93706293706294,42.4289729333909,38.85640728142899,20.49746651464014,18.23541895140333,16.59812513203241,8.13421303865697,2.311842155966262,39.12983624314679,20.69496383508621,18.276020955770388,15.225570488172133,8.448260490018201,2.3693641880946505
few_moving,287,6092,127.35888501742161,41.989510418243206,2000,41.81184668989547,42.43786542531234,38.80491820954253,20.585886294958524,18.319276445304364,16.613894451572502,8.147132998867072,2.2876576348742628,39.13265910295615,20.683971588672744,18.26939337317811,15.228269349230649,8.456918506255198,2.3692867406751916
few_moving,288,6122,127.54166666666669,41.96993129575634,2000,41.66666666666667,42.44389261066959,38.77986426114473,20.57697228374711,18.31422488330903,16.620499620259405,8.134750265930377,2.307521022172602,39.13512743569932,20.677601654955613,18.26533735313229,15.229557344355019,8.461513150590896,2.369111699041733
few_moving,289,6132,127.30795847750866,41.98833253856096,2000,41.52249134948097,42.44790816943383,38.818067050617195,20.548275599971998,18.258658711647026,16.586027135747834,8.052180050411259,2.315166883263728,39.13705392336464,20.67369424655884,18.262571509652574,15.230182183897096,8.463959608342192,2.369009752920735
few_moving,290,6161,127.46896551724139,41.975562661401995,2000,41.37931034482759,42.450614707016236,38.815176153182584,20.57714057151693,18.28876341148094,16.59025852362262,8.083263851862963,2.3162490709388317,39.138526251554566,20.671210481421852,18.260548476571124,15.230505141861501,8.465279060678352,2.3689607380371602
few_moving,291,6172,127.2577319587629,41.965089325412805,2001,41.25773195876289,42.452481340768074,38.80905399484543,20.512336554914725,18.285109787347366,16.611519835319065,8.06652412991469,2.315453198106568,39.13965648328791,20.669577885796038,18.258978757768382,15.230691392528454,8.46599186886025,2.368946214201935
few_moving,292,6203,127.45890410958904,42.01430191547636,2003,41.157534246575345,42.446598146296566,38.824011829531294,20.503343430130133,18.264666338870562,16.64885955197078,8.148698856110123,2.3147063872629716,39.11482708611137,20.665159371337577,18.243506082699078,15.24693061048313,8.482305428071543,2.365813518589722
few_moving,293,6212,127.20819112627986,41.993326504807925,2004,41.03754266211604,42.479827547605204,38.75162892413959,20.542739150425717,18.2978984925311,16.694204015813973,8.117264062839139,2.3048856989822863,39.15814370990084,20.63457048343135,18.19055814933888,15.21341411541801,8.379300854975153,2.365478833154881
few_moving,294,6242,127.38775510204081,42.00093336795569,2004,40.897959183673464,42.4882692102492,38.78930582954605,20.587779375818847,18.350582298415688,16.681398759851742,8.16713271236692,2.317455848805776,39.16348306001791,20.632349975090854,18.184287517481692,15.21526864434368,8.385824258979092,2.366408079774405
few_moving,295,6252,127.1593220338983,42.02708494497826,2005,40.77966101694915,42.506571956689925,38.84678058090696,20.535192853233568,18.29610890003696,16.641762815752543,8.247249772867058,2.289986162849485,39.17858160419661,20.639227968856563,18.18943059618037,15.219965048438775,8.409219339612951,2.3628280555954353
few_moving,296,6282,127.33783783783784,41.95533493374178,2008,40.7027027027027,42.50352860889836,38.7729561389317,20.456270403486972,18.191956468027552,16.62800814663762,8.035113080186944,2.302487633685551,39.16148946197969,20.66812488312647,18.224347823813478,15.2447844193627,8.5316116865338,2.3523817398366202
few_moving,297,6291,127.0909090909091,42.00468565204978,2009,40.58585858585859,42.52385969113256,38.809444304830684,20.4634196912363,18.23534828138972,16.628901246336685,8.089247617904654,2.316114171167196,39.18593094396856,20.636854937022616,18.208099018494266,15.231003556547595,8.49227880683403,2.34119782055495
few_moving,298,6321,127.26845637583892,42.01495727963075,2009,40.4496644295302,42.53657671422362,38.81011343794566,20.496178081724363,18.251514657501367,16.619819535647203,8.087880294229846,2.298586570952148,39.19986049428946,20.617637583554547,18.194866142680958,15.221519876435352,8.46485206200178,2.3388343574296075
few_moving,299,6330,127.02341137123746,41.94602557701216,2015,40.43478260869565,42.565156629679876,38.755465286246505,20.52673677799949,18.31142383599655,16.64550768155795,8.177475861779719,2.296578999483466,39.260551432632056,20.674191515526104,18.209333059904754,15.209943239276969,8.39293075657871,2.3554162859053416
few_moving,300,6361,127.22,41.92967833135046,2019,40.38,42.58658393131254,38.730507671887906,20.571131030967983,18.32562438916827,16.629307850139092,8.181207575556295,2.284122567251252,39.30298179765271,20.72134472607488,18.227677234379307,15.236670469351123,8.406377819498429,2.3628202715748974
few_moving,301,6372,127.01661129568107,42.021035222857584,2024,40.34551495016611,42.53359344828714,38.8108182534282,20.595543120623372,18.34416709634912,16.610605514843822,8.155463758712877,2.2823435928161255,39.27621029809021,20.682031857453538,18.196123525509353,15.238243576347491,8.468344429256655,2.372488265015229
few_moving,302,6403,127.21192052980132,42.034356753358786,2030,40.33112582781457,42.51949673039882,38.81602896491996,20.53961678858984,18.30019130394404,16.621071389696247,8.115688356191525,2.3051457052775772,39.27162714702223,20.665524650183023,18.18282984746458,15.22371985406431,8.450733187807288,2.349842896141956
few_moving,303,6413,126.99009900990099,42.04258401238811,2035,40.2970297029703,42.464438445995135,38.80900871344779,20.6522357545218,18.398401858732566,16.624883697203764,8.158152059848948,2.3044725539520616,39.22677625337538,20.6498388585414,18.15760490951893,15.213569968727287,8.426553334305183,2.3716781165298
few_moving,304,6442,127.14473684210527,42.015196588662214,2038,40.22368421052632,42.48024191150762,38.79421710734917,20.594879018384106,18.38234760857636,16.6342202639035,8.114393791432983,2.2936690423766097,39.24312538253865,20.65952676263016,18.16701787716307,15.215434521317656,8.45102862720048,2.3565680574651178
few_moving,305,6451,126.9049180327869,42.03683432564851,2045,40.22950819672131,42.456795701424134,38.803856759692046,20.51513053462718,18.276813523192324,16.63926284384051,8.15186227293476,2.270686833405266,39.19700764577658,20.68357293142559,18.20149990112426,15.23351094530011,8.487504485066482,2.3326948584710165
few_moving,306,6482,127.0980392156863,42.04780435676866,2054,40.274509803921575,42.450224827028805,38.855131226399195,20.545373511772635,18.279908938511593,16.607454681995172,8.139869725421184,2.304841183364755,39.202543413473904,20.760687221218035,18.253078427736803,15.221908446562654,8.533978978418467,2.3639433221326525
few_moving,307,6492,126.87947882736158,42.04951441352317,2062,40.299674267100976,42.477343712218435,38.84412715449726,20.579690761289783,18.30363612101101,16.601114119554314,8.116371655095163,2.305362792525759,39.18601473581256,20.84069126472045,18.30769936293627,15.21147401166658,8.54189600608033,2.3606069720674676
few_moving,308,6523,127.07142857142856,42.09365043882439,2070,40.32467532467532,42.46250024669532,38.89174634177234,20.625067346271845,18.342679984593797,16.589616753096166,8.123575815820017,2.2778347151604477,39.12215944520889,20.821249824945273,18.33449442673232,15.271587468477376,8.600944243854888,2.356353153349157
few_moving,309,6534,126.87378640776697,42.10019900984925,2078,40.349514563106794,42.45838237430863,38.94733829467307,20.593301050623936,18.336679269927398,16.571298954302396,8.077823908169073,2.295272778129583,39.122177880330845,20.911189286059233,18.3905645536242,15.253180457519536,8.59916977733693,2.342413343282781
few_moving,310,6565,127.06451612903226,42.08568885530023,2088,40.41290322580645,42.443597076210565,38.92165541353772,20.52553984872498,18.27026299792549,16.572112612399522,8.021875817464604,2.308509413001945,39.1246088895456,20.96178167960176,18.416858701162294,15.215812494195227,8.571172932666709,2.349461505666681
few_moving,311,6573,126.8102893890675,42.092282945897644,2097,40.45659163987138,42.45501254581027,38.9045451257865,20.59806778415401,18.350539764598306,16.604539767154694,8.291738055560778,2.3060966978540822,39.13614770698489,21.009089528755393,18.447466981055456,15.20408639294529,8.517299307129132,2.3565273080968434
few_moving,312,6604,126.99999999999999,42.055727437998115,2104,40.46153846153846,42.43902147363898,38.849670882361565,20.553653036268617,18.31339478204959,16.66164386567787,8.355207726133726,2.2916311137879277,39.08704350002982,20.96168950416161,18.425233506502988,15.23974156224281,8.450830419577203,2.3487209468435144
few_moving,313,6614,126.78594249201278,42.02590982682288,2108,40.40894568690096,42.407725480366686,38.81547484533667,20.50958496138747,18.25971847210318,16.63210601195751,8.146242734813283,2.3152373725252193,39.03599741789026,20.880128648201783,18.372449881269052,15.277721990958973,8.558274239202166,2.350847857213113
few_moving,314,6643,126.93630573248407,42.06657363100349,2112,40.35668789808917,42.419555942220455,38.89401286511678,20.518091775561672,18.313052407213952,16.647170933072378,8.250676568371917,2.2905254229539818,39.06317938548038,20.93263701698993,18.40634519710407,15.255014115015204,8.52980758612289,2.3515604550307705
few_moving,315,6654,126.74285714285713,42.04898838966614,2112,40.22857142857143,42.428238907430895,38.86105324473449,20.510678164469503,18.286474206952608,16.609339985244112,7.970387281151047,2.2993652534668625,39.08058921351251,20.971981453590125,18.434111102260957,15.238988149573744,8.534268470716112,2.3463290280293325
few_moving,316,6684,126.91139240506328,42.112588762193454,2115,40.15822784810127,42.407259718385,38.91687920741229,20.626053561868016,18.363300046403715,16.586314330204253,8.0580229220929,2.313123978469195,39.06523629848728,20.99380943616422,18.43986195050494,15.223546924783045,8.465250623755452,2.3066406071660768
few_moving,317,6695,126.71924290220821,42.126962232154746,2125,40.22082018927445,42.332120791170965,38.930104700816464,20.565479961133992,18.350043877911546,16.63299781577615,8.292303047128728,2.3042705099650562,38.977682572599164,21.011434716804178,18.466518254528957,15.248170151784567,8.473737439115272,2.3164491398712936
few_moving,318,6726,126.9056603773585,42.07982842229488,2135,40.28301886792453,42.441345814518144,38.89371070415648,20.568412074555727,18.35171772110864,16.65505016843276,8.340531773185319,2.314473007766015,39.10192341968927,21.020770898844397,18.46266947983177,15.208806937305743,8.567613916637338,2.337483885950932
few_moving,319,6735,126.67711598746082,42.061910556253345,2146,40.36363636363637,42.458142383733865,38.858025901951834,20.493807612949883,18.29575325594737,16.647059947605545,8.057905170860236,2.276663464040566,39.134882050615424,20.996359105796166,18.413000429293334,15.140162146731404,8.245413518721106,2.3330792703543137
few_moving,320,6764,126.825,41.99004182585329,2156,40.425000000000004,42.48367418812321,38.79145513380365,20.560727953234515,18.335533442464712,16.645546232675144,8.049008791523335,2.3157202193782997,39.17695263534214,20.970429651336012,18.38365511889508,15.12272591155624,8.329309498343212,2.3246016451275455
few_moving,321,6775,126.6355140186916,41.98389980625378,2168,40.52336448598131,42.43338588024774,38.7955222653365,20.507274278930858,18.26844671746927,16.63922189021896,8.105815234099024,2.2940418869730226,39.12031956901982,20.98596513929585,18.3983117872394,15.129507422721327,8.279802332532476,2.332593995636633
few_moving,322,6806,126.81987577639752,41.94920219930815,2178,40.58385093167703,42.41624908517168,38.75501219037788,20.496246344606412,18.231584667139295,16.643916637713726,8.0934563552136,2.301712430615396,39.103734912137604,20.987829942767597,18.39941850167329,15.128895931456496,8.23013037824238,2.332935936605159
few_moving,323,6816,126.61300309597523,41.94113012199149,2188,40.643962848297214,42.394099097694486,38.74991406685384,20.462584531748043,18.151826636167154,16.608195285383093,7.905721406861868,2.2952196651425942,39.05779955944705,21.02473796368613,18.450862317134753,15.161573416009038,8.35581683567131,2.348088911601758
few_moving,324,6846,126.77777777777777,41.96543195519767,2192,40.59259259259259,42.36796700994854,38.769943938121,20.403718459295487,18.102321838274385,16.594016416365108,7.830083785223571,2.2979866538246365,39.01011010608696,21.05892931318576,18.50017989683695,15.199531660435676,8.440701955324885,2.3428148729064984
few_moving,325,6856,126.57230769230769,41.919060610276425,2193,40.48615384615385,42.36440214389742,38.72510455633473,20.426253269489653,18.172568355523218,16.6450300619854,7.893221257987014,2.313341554101641,39.00259451538016,21.060738284604337,18.502508503334866,15.198270251254952,8.436984918640904,2.3448064290692794
few_moving,326,6887,126.75460122699387,41.924352541894194,2195,40.39877300613497,42.39322738042166,38.70914093398164,20.489469235728695,18.248593085198603,16.667609880173753,7.995562310517431,2.290708784568413,39.04283198175598,21.03844051443944,18.4671209813549,15.162951085058832,8.333444201780258,2.341943738821348
few_moving,327,6897,126.55045871559633,41.919117301004555,2196,40.293577981651374,42.41167375432043,38.72634064577516,20.432898066388624,18.153996929526603,16.609650172988847,7.867570153904338,2.286325495801842,39.05262696064924,21.07838532681267,18.50242289587579,15.167273066172148,8.333054263631059,2.3414857699943585
few_moving,328,6926,126.69512195121952,41.91754369370222,2201,40.262195121951216,42.397134809471005,38.73170111347236,20.436548921586397,18.108966008981973,16.6099451341951,7.822166274675982,2.2880089703410884,39.0791499810739,20.972243786582005,18.428089901512767,15.147327414298802,8.26138648673404,2.3254815628772234
few_moving,329,6935,126.4741641337386,42.01084761904554,2206,40.23100303951367,42.39172807460985,38.79272040513691,20.46636716524137,18.201400065485554,16.65875902802714,7.979030518523275,2.277749650429555,39.07869052413189,20.98124521722158,18.44206301970839,15.132979646956548,8.224295568831403,2.3450997357619716
few_moving,330,6963,126.6,42.01245092358605,2209,40.163636363636364,42.39787959400948,38.774299732327755,20.457427479798806,18.22207846653714,16.653777127084215,8.00739947565379,2.2844599786508493,39.0789223278294,21.050930197425238,18.509277448642262,15.13037310429263,8.254813046251128,2.353050087794111
few_moving,331,6974,126.41691842900302,42.02802537315444,2213,40.11480362537765,42.42461263909453,38.835572909444274,20.373948894490315,18.151641327081702,16.5960164078984,7.9138250164093815,2.306646051048649,39.124379530934576,21.062669972514588,18.539836666022182,15.11078956470856,8.16268307775705,2.3559322327483994
few_moving,332,7005,126.59638554216868,42.07908796753574,2218,40.08433734939759,42.41194800739092,38.90528432314339,20.41575577916471,18.14603966732621,16.570271527179088,7.88776874847456,2.307709746511202,39.10949012525063,21.06659587103304,18.546621879813028,15.112321695382894,8.158463026766787,2.361032596458289
few_moving,333,7016,126.41441441441442,42.03118421203726,2222,40.03603603603604,42.42129726064494,38.86516999965053,20.41957668033675,18.2173440073685,16.6023706635058,7.9899766650240505,2.291479103474067,39.14634763525327,20.945384597815856,18.458551508868496,15.10929621386563,8.094262131223125,2.356320698040851
few_moving,334,7043,126.52095808383233,42.00595577535675,2226,39.98802395209581,42.467557054836995,38.82981362170433,20.35997829630695,18.19341909478198,16.64269868641566,8.074802271946636,2.3012288063980653,39.208563553481696,20.959057452276433,18.487351819698016,15.092221025929176,8.147066321040812,2.3641198806402044
few_moving,335,7054,126.34029850746269,42.0190901796053,2226,39.86865671641791,42.47601301322075,38.813528932616734,20.346841622739966,18.162527733844758,16.631435656226234,8.044890896398693,2.289580250115372,39.17946868875953,20.99891991087231,18.5020300858107,15.093693246660862,8.138907220288395,2.354523451212268
few_moving,336,7084,126.5,41.977529967981106,2228,39.78571428571429,42.49586230756975,38.78823159980779,20.34648617619121,18.17593046855698,16.625022333852982,8.045711800391397,2.298570227614749,39.1638576937628,21.055651017253286,18.531955672059972,15.086625358003898,8.152714958147966,2.353144047932177
few_moving,337,7096,126.33827893175075,41.92766770470254,2229,39.68545994065282,42.5133654578646,38.73729402301063,20.33008365767851,18.162882873234725,16.66648332169203,7.945303067303979,2.3102869612328103,39.167250229388955,21.08027497497862,18.548394492639815,15.087788334271476,8.16768272026478,2.3542689018982923
few_moving,338,7126,126.49704142011834,41.93617817449842,2231,39.603550295857985,42.52371128349525,38.74389212884814,20.349603520484912,18.175064741693372,16.68002940248579,7.9920988857146344,2.307988237876923,39.16837590315145,21.096122222908004,18.55557078558321,15.08039814770545,8.154004943954156,2.346246433999607
few_moving,339,7134,126.2654867256637,42.02318861154981,2231,39.48672566371681,42.546359522546716,38.83312558082025,20.36010547428787,18.13010702341284,16.66434038374625,8.005754283808548,2.2807867871212504,39.20680096332514,21.05379927237884,18.494460665127328,15.038967170142675,7.973329151699217,2.3418848114448254
few_moving,340,7164,126.42352941176469,42.03401924775774,2232,39.38823529411764,42.55047613009699,38.871370867475804,20.402082882030722,18.1196672991506,16.57829645763181,7.861378114520414,2.2975215367546586,39.21827452835742,21.03114583020976,18.46354787435083,15.018861848664187,7.903238586443729,2.3442891138613415
few_moving,341,7175,126.24633431085043,41.97144096913519,2234,39.30791788856305,42.517869596572595,38.815726659496946,20.370990624767565,18.089584991078738,16.621599906678394,7.932256538568321,2.3046320808355167,39.16662965829218,21.063044079908508,18.507153677319774,15.054088720047902,8.011142552104817,2.3481797558489843
few_moving,342,7206,126.42105263157895,42.013949369087385,2235,39.21052631578947,42.53083967017704,38.869284721118795,20.31785971773646,18.07905348836926,16.605879171241156,7.965167632857064,2.3174413780496104,39.185482554664596,21.021516951473235,18.481010457997293,15.050209612373626,7.952270438936818,2.350473158319411
few_moving,343,7217,126.24489795918367,42.03803065152523,2236,39.113702623906704,42.536508551586785,38.885763151064246,20.36360601972244,18.119394010437972,16.607038860619483,8.022772297561481,2.3146784441969013,39.19258530945604,20.997494537551066,18.463760014185247,15.04839109605921,7.929177211980397,2.351366851908319
few_moving,344,7247,126.40116279069768,41.97872255942921,2237,39.01744186046511,42.52650106539928,38.806778790410455,20.37235332311547,18.098499609713034,16.645631701456395,8.018212880401634,2.3073241591228757,39.193117575536455,20.984538170122374,18.446937664832962,15.065262070597777,7.894147068236606,2.3654305513624307
few_moving,345,7257,126.20869565217392,41.91796701226594,2242,38.99130434782609,42.544424714577104,38.765342304887525,20.416765079541545,18.17010065309534,16.630837986995207,8.074794761401243,2.354069229198784,39.21670500114391,20.99201554884611,18.45120184377934,15.114346308286132,8.008377807532714,2.3582973112811496
few_moving,346,7287,126.364161849711,41.90795964854065,2246,38.947976878612714,42.56443687897266,38.741123101094374,20.375151439014534,18.175317745315414,16.64529330521913,8.098887335716485,2.309485984091851,39.238611498403735,21.001794441130098,18.464288470691873,15.102132712827968,8.023675262287632,2.367516488247235
few_moving,347,7297,126.17291066282422,41.92139723213105,2252,38.93948126801153,42.572614524927694,38.74444887882187,20.329011746295883,18.104159714824217,16.641361883582704,7.911205710868729,2.2890477227813344,39.24652591596138,20.991995051792987,18.460002330828424,15.094015933427642,8.039960297141773,2.351154757987601
few_moving,348,7327,126.32758620689657,41.957156358496405,2257,38.91379310344828,42.552417635222625,38.77885513508946,20.412759265913326,18.162770328596377,16.634337429415123,8.008355384958996,2.302686756248437,39.2355960339491,20.966736296805596,18.44752985747642,15.103503393847323,8.13063317737082,2.346190758993116
few_moving,349,7336,126.12034383954156,41.93654257757859,2263,38.9054441260745,42.52133023612716,38.76415117297055,20.404974655948692,18.149800141443762,16.659696595527375,8.19631136617313,2.2939193334487067,39.20891241663547,20.958101965342927,18.436011144241967,15.119327942625404,8.212092434738745,2.360112386264507
few_moving,350,7367,126.29142857142858,41.93206067535726,2268,38.88,42.55429364367103,38.77353275679085,20.45617137210935,18.19391494221534,16.68439310492142,8.292308497663145,2.2947857374642173,39.23975043374949,20.991960588165643,18.46817952516707,15.105544856251209,8.238410605235527,2.3514651316032524
few_moving,351,7374,126.05128205128206,41.92184380486679,2273,38.85470085470086,42.55383264675445,38.7299222811521,20.500088323083272,18.23304110340724,16.709341540013046,8.215634543106772,2.303233419822121,39.23897653427887,20.978725977442405,18.46039696242621,15.09843015248405,8.228153626713864,2.3389991497794593
few_moving,352,7405,126.22159090909092,41.98684189310796,2274,38.76136363636364,42.53426478819099,38.800456396687665,20.526257626201755,18.262552608946738,16.669308581114972,8.227190015925286,2.3214744058627748,39.24663299991046,20.959326170252456,18.45631329907594,15.102664744645308,8.257243181746666,2.347060375024233
few_moving,353,7414,126.0169971671388,42.02467074009591,2276,38.68555240793201,42.53982120194923,38.85885776178051,20.497570278263474,18.245714150144206,16.640267718463516,8.31208561115536,2.320788540023812,39.26485893167082,20.96270737779707,18.469042931687202,15.107009061459571,8.306481566540315,2.3602551726410845
few_moving,354,7445,126.18644067796609,42.01826808404452,2276,38.57627118644068,42.56967777752013,38.836427436569764,20.466435777231787,18.21093005478095,16.63169832095611,8.26425934265091,2.32489689943042,39.29037059339116,21.007954512341325,18.52359583318998,15.118205105237069,8.50136656150628,2.3662437605485835
few_moving,355,7454,125.98309859154928,42.0326931716644,2277,38.48450704225352,42.59258800447118,38.81906903577511,20.52103914822507,18.304998525503994,16.673045393072364,8.249080376499098,2.2898047393198055,39.315056538457306,21.02693915123024,18.544842522034862,15.120950519728684,8.54330004236296,2.360811405956948
few_moving,356,7485,126.15168539325842,42.00498681402726,2279,38.41011235955056,42.60285447173313,38.778581256039594,20.5868203349818,18.373014347364084,16.657157885350614,8.25433098469093,2.304446742820345,39.33081428157547,21.025965942289595,18.543275426793528,15.115859474189334,8.54361895567286,2.3594631998231073
few_moving,357,7497,126,42.01221269589778,2280,38.319327731092436,42.59345573585667,38.786199581181705,20.492355146109897,18.254287124581992,16.630097568091475,8.063241084799996,2.29301686532788,39.32289448840123,21.017836213734913,18.53277619032756,15.11580458140913,8.602497021235145,2.3569502122807156
few_moving,358,7527,126.15083798882682,42.05380430142374,2281,38.229050279329606,42.59520539234054,38.86479508887292,20.514400495594106,18.27079734927242,16.582597444381413,8.007261114179427,2.2999813482311655,39.32476728083091,21.019540559799875,18.53200236571512,15.118879451239817,8.609026033299331,2.344652788589899
few_moving,359,7538,125.98328690807799,42.012046605172614,2282,38.13927576601671,42.57931380390836,38.78093496054718,20.513446364251006,18.26716055437889,16.597989750333586,8.034077497321473,2.326706895991332,39.30138925998232,21.01902972647809,18.5415673434511,15.153371365059481,8.709931962331877,2.356101841363867
few_moving,360,7569,126.14999999999999,42.01930248753447,2282,38.03333333333333,42.577052831328494,38.79254976190193,20.559501118162288,18.37217289396773,16.634746085918398,8.204511649736894,2.2995639044014,39.30101419811952,21.007632383642605,18.53198633874188,15.16501468361087,8.733152447762736,2.360479165220761
few_moving,361,7579,125.96675900277008,41.972575672509585,2282,37.92797783933518,42.57691239341237,38.77482416792269,20.546469813935165,18.328244445530594,16.625883019340392,8.274671517465016,2.2925817866536593,39.30338023108323,20.999738449601757,18.52465266258138,15.172822281235876,8.749582716580658,2.363646335019169
few_moving,362,7610,126.13259668508287,41.93077939312328,2283,37.83977900552487,42.57765955552033,38.71978000895727,20.501745663207448,18.240072596319017,16.62275252703011,8.18469461403445,2.311612517801351,39.306556876337446,20.99431633896796,18.51923425150097,15.177833908871314,8.76152149227506,2.365887783897615
few_moving,363,7618,125.91735537190083,41.98300400825766,2283,37.735537190082646,42.57872484593665,38.76321493192561,20.43995961101192,18.16160678660834,16.61586587328234,8.05817080535641,2.2854620456539716,39.3097436225019,20.990537392368456,18.515207288323467,15.181089663319995,8.77010192039579,2.367466730668689
few_moving,364,7648,126.06593406593406,41.94797230920138,2284,37.64835164835165,42.53250779293139,38.74189522700592,20.394051506409383,18.125367544016658,16.601661013893025,8.035947011056606,2.305678608678338,39.27339634422825,20.97007404671334,18.48974186753837,15.19359868678209,8.73604631938889,2.3709977538515505
few_moving,365,7658,125.88493150684931,41.95870850844699,2284,37.54520547945206,42.5053175892636,38.743466555968276,20.44307642362358,18.209004594996056,16.622528899893688,7.946309772288956,2.306835696778712,39.2520008980587,20.95866534164384,18.477932824209034,15.201205717504637,8.716853890225076,2.371626806583041
few_moving,366,7689,126.04918032786885,41.95175888630426,2286,37.47540983606557,42.48868777835062,38.7254656063173,20.441792476011916,18.202190734576384,16.610706208335102,7.910943608038005,2.3219585838093884,39.238614908186634,20.954737257511386,18.473424160346774,15.20445468373775,8.698466327779396,2.374913219542193
few_moving,367,7701,125.90190735694824,41.99181075518283,2287,37.38964577656676,42.470940240375285,38.77537016112098,20.504155767504688,18.316535485817166,16.636808337351876,8.049220912734874,2.312106567358469,39.199715821936536,20.94771688635903,18.451690895188875,15.212831864038122,8.656438110709807,2.3720552811362103
few_moving,368,7732,126.06521739130434,41.98812533022945,2289,37.32065217391304,42.43578412867149,38.77957550836914,20.461235740982477,18.29917330077522,16.64685426354832,8.067619958822918,2.322176644127971,39.15890199958106,20.91204701685506,18.415515920396945,15.228639112129143,8.653730170870034,2.3786701452266996
few_moving,369,7742,125.88617886178862,41.98741707730049,2289,37.21951219512195,42.4194485917523,38.78791833955473,20.48136295964894,18.27642256770498,16.628529419638742,8.108053900387526,2.333202508526624,39.139721046621155,20.906055587570354,18.406037521257907,15.233900689372376,8.667931098500224,2.3723506803371732
few_moving,370,7772,126.03243243243243,41.94618772834948,2290,37.13513513513514,42.40852070941039,38.72944104518642,20.4923381432167,18.268248966480236,16.64590583409154,8.069536970870642,2.313498039159292,39.127552435210994,20.899877419423294,18.39823246077957,15.236468922868347,8.655946753501373,2.3702985822137004
few_moving,371,7783,125.87061994609164,41.99043940435129,2292,37.067385444743934,42.43952944954332,38.771182742660606,20.543133964301486,18.338102441629466,16.637310087912716,8.000806693417434,2.31465769830903,39.15001749741091,20.921010424443608,18.414778525253727,15.22486300382866,8.599688398206517,2.368059329830239
few_moving,372,7814,126.03225806451613,42.034763221307905,2296,37.03225806451613,42.43898412698798,38.79114146641649,20.54647612128721,18.32751666920554,16.625398322669806,8.017311080713805,2.303584524001907,39.151565053041125,20.90928989192397,18.406152622393023,15.228561415575172,8.514142527262978,2.3498888245651326
few_moving,373,7824,125.85522788203752,42.0236563001331,2302,37.029490616621985,42.443623626013846,38.80657142423068,20.45915313568467,18.212474666052607,16.613420773119024,8.026871930460237,2.316582528464879,39.16968086758557,20.87939056167646,18.384888131546234,15.232539920838228,8.571953135103236,2.3631677719589232
few_moving,374,7853,125.98395721925132,42.03161461109845,2308,37.02673796791444,42.42703862479543,38.82395710744861,20.368796214111846,18.118858743725774,16.607579615045687,7.93622821379764,2.326702269522235,39.16207014128234,20.878642026208198,18.375491487036285,15.217649599311747,8.539760092135053,2.3613277522467446
few_moving,375,7864,125.824,42.021181968263,2318,37.088,42.48782865390585,38.822847556331524,20.46238308507209,18.25851260699806,16.617763594845332,8.045635992631482,2.3249881885408463,39.23432275058895,20.878619496919672,18.34529477870829,15.139700833992672,8.330654853785033,2.325449487428946
few_moving,376,7894,125.96808510638297,42.03269518490858,2327,37.13297872340426,42.45317345980394,38.8317876425474,20.50167439470853,18.29195425061493,16.626422757721517,8.100514918288638,2.3317083454806924,39.18930039991532,20.9013756194394,18.380902904795295,15.176203795307002,8.315799738500969,2.338528222700868
few_moving,377,7905,125.80901856763926,42.01896321756952,2335,37.16180371352785,42.44200896339834,38.826837652021396,20.507724113634747,18.29712023997015,16.632783757274154,8.264953873959303,2.3267474730835684,39.167061231550136,20.9267152523102,18.41649345241582,15.203312656234536,8.45208226754669,2.349125424471048
few_moving,378,7936,125.96825396825398,42.015114088487266,2348,37.26984126984127,42.37262668598357,38.8376305394159,20.52432542513764,18.327673923029604,16.63409510120806,8.256959876839595,2.312174778515996,39.08272156744373,20.9361351595599,18.446398667792216,15.264819469195254,8.612993856805103,2.330153092418761
few_moving,379,7945,125.77836411609499,42.03425017472587,2358,37.32981530343008,42.40709496672806,38.86838329679136,20.482433750855428,18.2790075201684,16.606849658305958,8.133443937919239,2.3270425452065653,39.11444933776109,20.86129578594919,18.366134328018443,15.213182374496713,8.417103510119729,2.347002704123704
few_moving,380,7975,125.92105263157896,42.038462907546,2366,37.357894736842105,42.42896654017146,38.87600736750987,20.519971356313995,18.295883110115312,16.601110907958603,8.148323963349146,2.3262742402684995,39.17052127990854,20.83430879040362,18.310421668965468,15.161750041147249,8.327038961936468,2.3436614379308556
few_moving,381,7984,125.73228346456693,41.93037119430528,2376,37.417322834645674,42.404169514095265,38.75152837970485,20.516724940911963,18.329073504603357,16.651606873020313,8.220307461128876,2.3136832006452797,39.118746838518916,20.822472683890567,18.321715434743048,15.1717165551006,8.250146703671303,2.3411418865203526
few_moving,382,8015,125.89005235602095,41.901245866940286,2380,37.382198952879584,42.41881912380976,38.669162082758376,20.566499593055255,18.352073708944253,16.686866756157535,8.318901081694314,2.3198270206501586,39.15005776258831,20.838917829414104,18.349965532626662,15.189389716107485,8.335074534093451,2.3467045415953067
few_moving,383,8026,125.73368146214099,42.015160247559244,2384,37.347258485639685,42.41589016038347,38.76571753372249,20.476007377108747,18.246521645940497,16.667885588962257,8.069248907095231,2.3112332644525524,39.14832878924132,20.822694384594744,18.34416326745651,15.195295497051813,8.354247552082779,2.347011712301019
few_moving,384,8055,125.859375,42.00476631857554,2387,37.29687499999999,42.43655087196411,38.77411745625445,20.53163864655132,18.294213599976192,16.659434321510698,8.103577441673254,2.315539146906492,39.172654815099676,20.77813112030501,18.296802327746082,15.168440213214136,8.205023714653402,2.350480818783893
few_moving,385,8066,125.7038961038961,41.957685736567285,2387,37.199999999999996,42.48959034873163,38.73164742404888,20.48265956470581,18.254607848515445,16.63845495873608,8.117219691474379,2.3060962485325316,39.22627256539673,20.777116671442037,18.31085181299701,15.166955161924868,8.155938847530553,2.3555624309959353
few_moving,386,8096,125.84455958549222,41.97901839595328,2389,37.134715025906736,42.52185011290675,38.76628200339014,20.55906136997774,18.316796130475403,16.606800725278124,8.173386419599971,2.3181053071419804,39.25856623815197,20.77973954067074,18.322968403935697,15.168693025339381,8.17171648255661,2.3574790767436884
few_moving,387,8107,125.68992248062015,42.01885898783726,2390,37.054263565891475,42.49472263507085,38.80433390454549,20.65584804577767,18.396274640953884,16.618074215772104,8.166595429791956,2.3053670479909667,39.221400960361095,20.81614836674982,18.33874912935272,15.16945838385948,8.21733842461481,2.3536869991564022
few_moving,388,8136,125.81443298969073,42.01403268713201,2391,36.97422680412371,42.47864441400984,38.81819928006142,20.6666295213296,18.424955300318565,16.623734837571618,8.162676101664514,2.2922060807976816,39.20411246060673,20.832816401507706,18.34571591028514,15.168353801980222,8.225687864108112,2.3598478986552607
few_moving,389,8146,125.6452442159383,42.02249053336442,2391,36.87917737789203,42.468964629853176,38.85741189383169,20.607645208633567,18.362454761492355,16.586353766785408,8.125592704160793,2.3240581351571348,39.19246618082923,20.826783604191725,18.329312098042617,15.13636922308396,8.143008876648167,2.3534491109963023
few_moving,390,8177,125.80000000000001,42.015788648592874,2394,36.830769230769235,42.394314523011744,38.885117818890514,20.5410517125387,18.31044693454756,16.558448101998767,8.024496489346895,2.3152686102250586,39.123290562061854,20.798227920962912,18.301062299141527,15.139243562500585,8.088441203634005,2.413133158188176
few_moving,391,8185,125.60102301790282,41.99754357272711,2397,36.78260869565217,42.411926109411496,38.867273188472396,20.53980274948617,18.32783922577871,16.55428704375502,8.003994492800597,2.3252494977451037,39.126369075547146,20.832957120103856,18.335907903637207,15.13297719231049,8.060016645305877,2.357856986823036
few_moving,392,8216,125.75510204081633,42.013432868462836,2402,36.765306122448976,42.42967657673799,38.851828213582735,20.555248975423755,18.358134186502454,16.57615948064414,8.073256231304658,2.3055691400654266,39.13601453356479,20.854688444830018,18.355632992103942,15.117184957283683,8.064737482021151,2.359077430364499
few_moving,393,8225,125.57251908396947,41.995497839857926,2408,36.76335877862596,42.46948890217087,38.83901765081312,20.48410214092439,18.28170260055659,16.564450571531715,7.972013101323835,2.3125818150196196,39.16702429799864,20.891462605221722,18.392787882429324,15.125505790085016,8.097161511163579,2.34256387398338
few_moving,394,8255,125.71065989847716,42.014608300828755,2414,36.76142131979696,42.4979498206368,38.84468739416194,20.467225638589237,18.25747143672079,16.57371477474945,7.961848266025183,2.304012852864876,39.19127564068973,20.91008405046257,18.3967880508284,15.089407479407004,8.132547141134411,2.3483907095585113
few_moving,395,8265,125.54430379746836,42.01425475213131,2418,36.72911392405064,42.495816974906546,38.844504325509504,20.45404150760613,18.199968969964345,16.585929082571095,7.948648527192192,2.307019419337074,39.18419653800755,20.937172870007768,18.427630582916716,15.122912922484481,8.255731995255186,2.3531897821414964
few_moving,396,8296,125.6969696969697,42.01126389264288,2426,36.75757575757576,42.49985274571364,38.83748627482778,20.511595902519204,18.219963450936834,16.591680695067478,8.006314933921061,2.309311735228619,39.18910316949503,20.946236623049277,18.434282290810646,15.12814346991373,8.265140255676279,2.3635847243701176
few_moving,397,8307,125.54659949622167,42.0002608264113,2427,36.68010075566751,42.50152575782601,38.88403617768759,20.500115068861813,18.193936619543162,16.534554095789126,7.999373807128939,2.3100717403625755,39.18655641748949,20.94566522882488,18.42246262136957,15.114291733731676,8.223979179172936,2.3590517866331404
few_moving,398,8337,125.68341708542714,42.02086311325411,2428,36.60301507537688,42.49858087477449,38.92002825506671,20.504735121384627,18.201431075631838,16.51657614227546,8.026648671820714,2.3111392768391728,39.177410273335205,20.95204857066077,18.425457861150015,15.11349992528266,8.214287380168395,2.3579751621827416
few_moving,399,8347,125.5187969924812,42.00492794445017,2429,36.526315789473685,42.501073785728074,38.84970993184673,20.500291892919186,18.223038637895883,16.58398926589039,8.11104608515168,2.3173194303697797,39.18060102923817,20.97688178153803,18.444639412082903,15.114602299614658,8.232352772573636,2.3619028765831285
few_moving,400,8376,125.64,41.95162267946365,2429,36.435,42.501663735995855,38.76331699991668,20.444351195925915,18.17611262531384,16.607412082495223,7.980927502185412,2.2897552825042493,39.185917447246865,20.98190888818682,18.443619651617897,15.105612114711546,8.218853943365486,2.3619766871683265
few_moving,401,8386,125.47630922693267,41.97369556733682,2431,36.37406483790524,42.5011796351223,38.76870306267615,20.43652162555246,18.13036856053326,16.605849616656023,7.9092666521590305,2.287191400444464,39.187847656542814,20.98563649000426,18.443491784812686,15.09995100591647,8.207540252399577,2.3616871873344816
few_moving,402,8417,125.6268656716418,41.9776058750391,2432,36.298507462686565,42.47433679460425,38.77245754579426,20.511176426987827,18.172013963391926,16.615679031425238,7.9937519589852934,2.326269503432341,39.17117855560953,20.930818787844103,18.39085945149847,15.097061623274726,8.19397499867611,2.3671154541953823
few_moving,403,8427,125.46401985111663,41.97006479001667,2432,36.20843672456576,42.457351646123946,38.733611348037314,20.53156296422389,18.229489582727155,16.642617218137655,7.953071707602755,2.281125786521632,39.15777505995764,20.90085628727512,18.360226021737734,15.102541228412765,8.171436591034908,2.3656306499560356
few_moving,404,8458,125.61386138613861,41.918923864495895,2432,36.118811881188115,42.4466922840275,38.69039365048206,20.464919220616416,18.20191875022362,16.636733714772113,7.914492196283103,2.2784880360722,39.14797095751097,20.884109240004843,18.34221906865647,15.105884612152389,8.157139477996536,2.3647582911319547
few_moving,405,8468,125.45185185185184,41.905218724097246,2435,36.074074074074076,42.46290554256462,38.665480089888966,20.49546282180529,18.25748483445362,16.67562859637456,8.074959589493911,2.2962255564322502,39.16562521408505,20.887479045518546,18.351654398186163,15.132230436617109,8.206771156194655,2.3367398046122103
few_moving,406,8497,125.57142857142858,41.95933557126875,2440,36.05911330049261,42.47679809218849,38.73766118742602,20.4572888510805,18.263211142948713,16.674547520669442,8.105713037950922,2.299894789885404,39.16799538562721,20.912577183458755,18.385096328026055,15.15133485428506,8.26350208911411,2.3535249306475428
few_moving,407,8508,125.42506142506141,41.980207191253584,2446,36.058968058968055,42.485280706368066,38.788243250330666,20.46229381924226,18.247149415813972,16.680702690272415,8.250525602971676,2.3236679934873847,39.19023173040593,20.880503095643203,18.349127534268472,15.135766526522417,8.218694255747002,2.355730322309563
few_moving,408,8539,125.57352941176471,41.97178354641378,2451,36.044117647058826,42.48146180352267,38.80579933010232,20.436265800454173,18.242065903845706,16.64274392156093,8.216010142236525,2.3193368014396096,39.16941120148938,20.914057725248558,18.390190378639307,15.152172690559425,8.32516251972619,2.3419948444939473
few_moving,409,8549,125.41320293398533,41.94808449601441,2457,36.0440097799511,42.45098853854286,38.78157599621202,20.45403900633806,18.310799884945716,16.68328184582897,8.27121792259166,2.2896660025912414,39.130007974348516,20.915642734537805,18.39899257768147,15.166330103887589,8.31382722002961,2.347077912251491
few_moving,410,8579,125.54634146341463,41.9291288924244,2462,36.02926829268293,42.48131927847574,38.75902007057022,20.561814782913167,18.394145451317417,16.6837476772033,8.324824496215275,2.314012531326687,39.1764042124567,20.8844922503132,18.357023465922207,15.134358286226067,8.258523122019023,2.346052557565714
few_moving,411,8589,125.38686131386862,41.97646038348302,2471,36.07299270072993,42.45301044759742,38.83261683193483,20.530024780465997,18.3355853849414,16.633205307646204,8.218119873338125,2.305700377624832,39.144728389241926,20.88299005709168,18.370802382743634,15.16662238636766,8.336613878181412,2.3405002573559246
few_moving,412,8620,125.53398058252428,42.001975081493185,2474,36.029126213592235,42.46268475220558,38.8522814420889,20.550517572883397,18.309988639528807,16.613907405475757,8.146183894212188,2.3056729319267526,39.17553671209527,20.855668238728754,18.332175506961534,15.127493231483719,8.150357905763427,2.3548522624186945
few_moving,413,8630,125.37530266343825,41.962890429698554,2475,35.95641646489104,42.45911057015241,38.800080552114444,20.5118122389643,18.22242095056003,16.62881088712232,8.164991032177552,2.302133431397945,39.17783307978983,20.853659921493968,18.331264386257036,15.1191884032902,8.130687313992347,2.3569038176035906
few_moving,414,8659,125.49275362318839,41.95267435250852,2476,35.88405797101449,42.40489630208479,38.777024748135446,20.462349959879166,18.16322267546665,16.653298739871623,8.150603474634998,2.321128800010756,39.1166243180502,20.825634410371094,18.328440411103752,15.148479705905768,8.224122335925928,2.3446368128627535
few_moving,415,8669,125.33493975903613,42.01209127789223,2476,35.79759036144578,42.396293034477864,38.828309442622974,20.498318357104978,18.247348636464586,16.659992625595095,8.176556655238638,2.3046554450001207,39.10497801022571,20.817783369383317,18.326224590640958,15.152302314517444,8.228729319640994,2.346867188985292
few_moving,416,8699,125.46634615384615,41.98467915760917,2478,35.74038461538461,42.39200110189347,38.79798642782514,20.58005390185084,18.345637506828215,16.681861211057477,8.303699389143775,2.31317858687755,39.098975631094774,20.814824795097564,18.325968390501192,15.153512572219261,8.229050925936393,2.348364183891842
few_moving,417,8710,125.32374100719424,41.9933502304398,2479,35.669064748201436,42.43967229842284,38.83876639784623,20.546849284747317,18.305497100744386,16.631683822629352,8.231795222548236,2.308457249405812,39.14513759182515,20.834505392261843,18.360595581047264,15.136910887192553,8.202137932311741,2.345671330357739
few_moving,418,8739,125.4401913875598,41.97110111022933,2479,35.58373205741627,42.47962983300677,38.82352183677098,20.603022631995252,18.333576952050016,16.62546648569147,8.229275622671725,2.2846517403111344,39.18370685174162,20.85193992342358,18.389245053099025,15.131635816575631,8.237340525871877,2.3466959540685743
few_moving,419,8750,125.29832935560859,41.94890164065284,2479,35.498806682577566,42.503674013246545,38.76047093169876,20.56961189410602,18.319061382827098,16.64065640619801,8.170056148425102,2.3046752187000132,39.20676220611316,20.862859522125415,18.406636677335545,15.134653020814032,8.258746871732923,2.347356595912416
few_moving,420,8779,125.41428571428571,41.94445443406949,2479,35.41428571428572,42.518122863398204,38.72516689153354,20.562934321186237,18.29674935571085,16.631034738742176,8.116823689508946,2.3176447170853574,39.220559714041705,20.86962613496039,18.417275544029177,15.136468416656596,8.27186176203973,2.347789621039926
few_moving,421,8789,125.25890736342042,41.96329133725325,2479,35.33016627078385,42.52682107739681,38.77962389657914,20.538229025701682,18.230455086800713,16.585155376976854,8.06635631434885,2.3001160703804198,39.228841358411835,20.873816402757598,18.423871102022407,15.137533010004116,8.27998283026758,2.3480760768736526
few_moving,422,8819,125.38862559241706,41.964896506803356,2480,35.26066350710901,42.53208724848368,38.78457458544586,20.476505856677864,18.18251012185304,16.625833821267204,8.13609368255757,2.3034253345976974,39.23384185356787,20.87643209143744,18.42804792061933,15.138128165638806,8.28508925464178,2.34826609393953
few_moving,423,8829,125.23404255319149,41.931746708074236,2484,35.23404255319149,42.492855663216716,38.730458178708645,20.475344534750796,18.247617073194412,16.669572339101407,8.122582997846317,2.3101124476548995,39.16591150879175,20.934542612762378,18.45562540467359,15.160189657486937,8.283688075767953,2.3066880287831677
few_moving,424,8858,125.34905660377358,42.00421133165085,2488,35.20754716981132,42.52079598804663,38.78889263891066,20.570708188453835,18.333684857771367,16.672000195365552,8.304173354113694,2.3206431114778034,39.21698069844008,20.852411891140285,18.399864835193007,15.146658942971824,8.259614131731864,2.34856054434924
few_moving,425,8866,125.16705882352942,41.96531465740799,2491,35.16705882352941,42.52482870322415,38.75568569866634,20.53915742075043,18.292493241328025,16.69420430558321,8.300770532493424,2.316105887453111,39.22350186198886,20.925622071770754,18.468104909080115,15.142357196000075,8.257140808778972,2.347057356028073
few_moving,426,8897,125.30985915492958,41.95687347462956,2500,35.21126760563381,42.50269302159058,38.775580527143546,20.54338501519452,18.32664002462354,16.682910864185953,8.29861263857214,2.2966323432373157,39.21017592062957,20.944421425585872,18.485955678976037,15.137871697749834,8.272448698529628,2.3536585742316465
few_moving,427,8907,125.1569086651054,41.96583700890106,2504,35.18501170960187,42.46965546395258,38.81206458506695,20.572495082999115,18.315215302976327,16.65002129561167,8.195481448305319,2.308862609134248,39.15382531999599,20.97836963222927,18.5305559303274,15.181604825929925,8.34110804001608,2.3561511116978973
few_moving,428,8936,125.27102803738318,41.95098335436806,2509,35.17289719626168,42.42487946918823,38.78543835927071,20.478404624344346,18.240420124868624,16.669906621427945,8.119617440128062,2.2951234498779356,39.0901486878512,21.044405881814285,18.60515313990839,15.221377891250281,8.453015808359984,2.3635995891710277
few_moving,429,8947,125.13286713286713,41.931346197721716,2513,35.14685314685315,42.44973997961156,38.76769064142393,20.436061009579973,18.18310564222931,16.65029301348936,7.872511587239208,2.3040924805309637,39.08816201542616,21.156958365759404,18.717622200610286,15.241930188639351,8.483765395509852,2.362599290848562
few_moving,430,8977,125.26046511627906,42.000657497124934,2513,35.06511627906977,42.451004995884446,38.82709557591351,20.5070418887822,18.22544391700034,16.620686267821004,7.912582095967479,2.318244256299455,39.055422892865195,21.170938066560666,18.711684583296204,15.248578987079567,8.549004990499974,2.355872208037464
few_moving,431,8987,125.10904872389791,42.0043603965133,2515,35.011600928074245,42.45280844331293,38.82201377391033,20.575148526116774,18.282208914123686,16.616237179115927,8.100845461633053,2.31345768928488,39.039236507564176,21.172434298233682,18.70469397282435,15.254229460333685,8.559538359462108,2.3548074084612645
few_moving,432,9019,125.26388888888889,41.955346084363384,2516,34.94444444444444,42.457615838761505,38.768136926937196,20.514729825417497,18.22817149156865,16.611696734492234,8.035793871595057,2.3218447414922374,39.042762617458486,21.11796071601304,18.65890647566531,15.250322203123616,8.468942044839325,2.354703533000919
few_moving,433,9029,125.11316397228637,41.95541205689413,2521,34.93302540415704,42.416705958072626,38.779543089796654,20.60642502006076,18.363576939875223,16.623843636261263,8.188843794405106,2.3111924872110574,39.00557366116039,21.04406365966235,18.5997282679769,15.219498474086118,8.328313032877794,2.4437949467937865
few_moving,434,9059,125.23963133640552,41.94798218440205,2526,34.92165898617512,42.43425106498354,38.74343605552795,20.598788139945473,18.33761185160609,16.626383462792088,8.126084505954424,2.277910455863984,39.01877066426325,21.0397067676518,18.594137061226554,15.237751367473678,8.396427912009546,2.3450561981213394
few_moving,435,9069,125.08965517241379,41.93187708067357,2533,34.93793103448276,42.42318422694077,38.72355735319618,20.54165709882599,18.3297284004635,16.645983224390505,8.129681343059252,2.297163223181897,39.03688196901448,20.997919041028975,18.539743205088833,15.231159333137688,8.473437121761366,2.336020847799325
few_moving,436,9100,125.22935779816514,41.95508115916856,2542,34.981651376146786,42.404954644666,38.72971697612222,20.560623281148253,18.347540778840745,16.653123050669816,8.140659124280539,2.2843197107017064,39.01098482736122,21.010494242434028,18.53991988213594,15.236485479067943,8.51355130346683,2.35880111584134
few_moving,437,9111,125.09382151029749,42.01753506015355,2552,35.03890160183066,42.41507549794958,38.80223002465489,20.581472090468708,18.34608634111668,16.619042031439417,8.081103212181937,2.2790944758566805,38.9992544994466,21.082002941543617,18.607441337541566,15.260329262069346,8.61535598182199,2.357786503100502
few_moving,438,9141,125.21917808219179,41.99889670441629,2561,35.08219178082192,42.36273779790328,38.767028417992265,20.48581527715567,18.25367394189065,16.642516106347575,8.030754924776828,2.295295621203226,38.9582910511763,21.099018062438724,18.618984811158562,15.26586163661533,8.59569434013912,2.3550906181248834
few_moving,439,9151,125.07061503416857,41.959119538659685,2570,35.125284738041,42.32287382364666,38.70826323967118,20.492066851406463,18.268591594435104,16.693883204399594,8.17842064684563,2.2958946393826434,38.93563127480107,21.059377262528308,18.56077936319503,15.245156775450088,8.52129568195066,2.3519649823558755
few_moving,440,9180,125.18181818181819,41.9681663969106,2574,35.1,42.32063354891585,38.70522362997359,20.48678081117153,18.249096778679245,16.73012182941607,8.242380610786775,2.299994357140265,38.94354664665034,21.0176089149008,18.52532493805406,15.249904583484506,8.539452217499244,2.3714762351806535
few_moving,441,9190,125.03401360544218,41.974418445542014,2582,35.12925170068027,42.31629280748763,38.74539863256156,20.52630516024529,18.26087686041264,16.672013431417646,8.218093243466368,2.2985423383099812,38.896675334306366,21.029851167011184,18.55391780668698,15.302810189893512,8.612715930383171,2.363929128994562
few_moving,442,9220,125.15837104072399,41.970674340488266,2585,35.09049773755656,42.2922492568168,38.756358631032974,20.554748014785368,18.290974395580236,16.630553635932362,8.16016435686188,2.2894251728349277,38.9300919398557,21.09628248301211,18.612176648639,15.26943095025412,8.650024717263722,2.370126569212965
few_moving,443,9230,125.01128668171557,41.92062168943064,2586,35.02483069977427,42.28593566733781,38.71628416675675,20.528979470492867,18.273514937771868,16.659122962188857,8.100070374704414,2.283905626484873,38.95585023107003,21.152794234311067,18.6587406507925,15.264810575425129,8.698563848590862,2.367937673747391
few_moving,444,9261,125.14864864864865,41.89873994292764,2588,34.972972972972975,42.32362906093342,38.681867483677244,20.552185852500067,18.262177330561606,16.659916826490864,8.119806468877629,2.305605653467763,39.01758040816808,21.149721760843097,18.639978907804892,15.225003328796884,8.563173077949374,2.3687156542238506
few_moving,445,9271,125.00224719101124,41.94253911970502,2588,34.89438202247191,42.33306226730376,38.71552028652138,20.56082747698284,18.251632418510262,16.686173957900298,8.185373040875547,2.3045838275405113,39.04320649906505,21.14500818717665,18.630183423958176,15.208436688604918,8.51755558558523,2.369944126289799
few_moving,446,9300,125.11210762331838,41.968361381836424,2589,34.82959641255605,42.33320164249867,38.73938568781641,20.548726616354188,18.253442931140906,16.708303399587763,8.25408265604009,2.3005570042662637,39.0487061249082,21.152893108115663,18.63817326203947,15.20869395216886,8.524132368702471,2.3698595216681047
few_moving,447,9312,124.99328859060402,42.05499671479794,2590,34.76510067114094,42.333687794936566,38.86578467469522,20.526747804332132,18.230526801838426,16.6327940751992,8.00229993736521,2.316756382881827,39.0527209066597,21.158051697476342,18.64334535539655,15.208870227297306,8.529412294171488,2.36969951697113
few_moving,448,9343,125.12946428571428,42.07375954518942,2594,34.74107142857142,42.30306473642817,38.89006423869365,20.569325634020952,18.241468178886755,16.561173885547433,7.880851918573308,2.310630772514821,38.998217704606745,21.201311506853607,18.69758725978226,15.234180019270509,8.651487056394023,2.3776630363349627
few_moving,449,9354,124.99777282850779,42.02568306870162,2599,34.7305122494432,42.30346799379207,38.800456598082164,20.583624391677834,18.26687179730547,16.62896246922837,8.097952378067713,2.307331841280958,39.021638986917544,21.146935257069586,18.6275025727809,15.188204878822447,8.50562710138068,2.360381494603452
few_moving,450,9385,125.13333333333334,41.983508597824645,2603,34.70666666666667,42.32589834803697,38.759277717436696,20.548724708971182,18.271437131185486,16.636055420100682,8.085335137468896,2.302439732496136,39.06888501699168,21.10767896248839,18.575594753544255,15.15840546892337,8.405101493202762,2.3583235360401065
few_moving,451,9396,125.00221729490022,41.963838906531244,2608,34.69623059866962,42.322974875286064,38.74350886742882,20.520801010631192,18.250733123274024,16.64690670616324,8.097797889057682,2.3128645926839706,39.058356494926464,21.127845134748664,18.59645833440033,15.159237595460421,8.37961718930632,2.362172941455694
few_moving,452,9428,125.1504424778761,41.94254112287802,2614,34.69911504424778,42.34132405492039,38.737818785878396,20.51084757330146,18.25550496785825,16.663034409895804,8.106810780057724,2.3093096123944523,39.08524809182997,21.120574447752606,18.586597939361248,15.15547658899813,8.3329716284495,2.360968597324661
few_moving,453,9438,125.00662251655629,42.02106035181762,2619,34.6887417218543,42.378399000128596,38.809393742155855,20.565070078170695,18.316722321866195,16.63917292026216,8.17627596833277,2.2913855712916233,39.144031934881035,21.086775628721877,18.539008245702277,15.11703713925782,8.310532729164008,2.3573640252728123
few_moving,454,9468,125.12775330396475,41.98390378791273,2625,34.691629955947135,42.41153809834125,38.73850813637369,20.601443337864886,18.305251497906784,16.63178658294483,8.081992005643883,2.2978426954545084,39.174788683224335,21.11696059746036,18.57159491290596,15.12377731031675,8.344780971631435,2.366974697581702
few_moving,455,9477,124.97142857142859,42.00069405341453,2625,34.61538461538461,42.432288711515916,38.75336872212488,20.494412252874824,18.21414079844555,16.674936367221246,8.114679958465437,2.2768837570303617,39.19499932862512,21.12028180785888,18.571926702818384,15.10961976763575,8.33731209246858,2.3650975654632167
few_moving,456,9508,125.10526315789474,41.9868538269535,2629,34.59210526315789,42.4534432332251,38.75979352816555,20.415028617748522,18.17911182043105,16.699846394267144,8.103994867369979,2.273366428855719,39.21059119491762,21.137750490569672,18.590894314835907,15.110776197078826,8.354367374652172,2.3649067698552377
few_moving,457,9520,124.9890590809628,41.98984638918495,2630,34.52954048140044,42.45247814797945,38.75202647661284,20.521047203647328,18.28092954429849,16.688179587713247,8.10724769845816,2.3059078910110204,39.19557712438285,21.09907855294085,18.546255753746543,15.111791170814826,8.365344547383094,2.359284906048904
few_moving,458,9551,125.12227074235807,42.01228045097606,2631,34.467248908296945,42.44790936744722,38.773842310791665,20.51847438029425,18.283983717046688,16.664164795826114,8.030738173200637,2.307897174809312,39.181287747912236,21.07814654182363,18.523166280013342,15.116172615314913,8.344620788325415,2.3579433277764004
few_moving,459,9562,124.99346405228758,41.95161792801108,2633,34.41830065359477,42.448367815665534,38.69408335241234,20.508168653773467,18.278719606913377,16.65999291259753,8.038803107702115,2.300277338714606,39.16824078271459,21.06126698697141,18.508418061352756,15.118827653777071,8.310591999979515,2.35594876819388
few_moving,460,9593,125.12608695652173,41.95950606995781,2633,34.34347826086957,42.45020273321201,38.713737118408595,20.453935991901048,18.241302504564114,16.6168251433016,7.9427982646972115,2.310596376928819,39.162248759635624,21.05125193617816,18.5002339455581,15.12079714584011,8.299861885858641,2.3559789084610823
few_moving,461,9604,124.99783080260303,42.067103820876596,2634,34.2819956616052,42.45155809194336,38.83864093603328,20.528394186184805,18.259664751756596,16.60498209768752,8.065407690605136,2.3101740156892983,39.158963886669014,21.04514202286484,18.495220875553184,15.122000424626727,8.29423423338738,2.3557478746774354
few_moving,462,9636,125.14285714285714,42.110898827445766,2635,34.22077922077922,42.452395711029176,38.91832235895782,20.525723623788497,18.256036185442934,16.618863217273635,8.145021923510322,2.289993898669923,39.157015668713356,21.041376550906357,18.49205248179585,15.122703728960353,8.290772065337537,2.3555523305570145
few_moving,463,9646,125.00215982721383,42.020282687038566,2637,34.17278617710583,42.44376190021136,38.82792619916738,20.537776889947768,18.305475138997373,16.613847126990905,8.146212518248717,2.2880611834261164,39.122769182119626,21.066829149351587,18.531078527649804,15.143354583313183,8.317343051283977,2.32316220359275
few_moving,464,9675,125.10775862068965,41.9736153724784,2640,34.13793103448276,42.47671386841668,38.79031964138666,20.499867010002202,18.28832574067275,16.605319976197578,8.099650484566224,2.2974101527474873,39.16868787256066,21.04754629216793,18.51852008187411,15.120803331529913,8.272264640385352,2.3577743320093334
few_moving,465,9685,124.96774193548387,41.993207456837794,2644,34.11612903225806,42.49179007113032,38.79349820006735,20.46269897414152,18.207248559006253,16.604552979370418,8.124337982724713,2.296186455807844,39.17252411920623,20.937780987969724,18.442327920510323,15.126074547375698,8.247391636756452,2.356955307814186
few_moving,466,9715,125.08583690987125,42.02805484895301,2648,34.09442060085837,42.50067164416346,38.80830809344137,20.523746215343703,18.25033218241333,16.652334400175935,8.271640458579961,2.295249299790139,39.17834472660089,20.96233234845328,18.464196248402562,15.124652545666136,8.257070798007675,2.360601719337156
few_moving,467,9726,124.9593147751606,42.05166696927288,2652,34.07280513918629,42.512133091069536,38.83136577921511,20.59117957708883,18.293198496440976,16.6218154474795,8.077029739161752,2.2983612380951612,39.18152572930098,21.01444195047803,18.508347892245308,15.125941354461881,8.271209659099247,2.358917106822361
few_moving,468,9756,125.07692307692308,42.0242226660642,2656,34.05128205128206,42.51852250146898,38.81135422209796,20.569041732384562,18.280739111442244,16.639713884638525,8.095249636293792,2.3133449239679775,39.20689402838877,21.04261993282957,18.508137626342215,15.101313973382203,8.29503825888657,2.3558664000100866
few_moving,469,9767,124.95095948827293,42.00174988483663,2662,34.05543710021322,42.46298081230367,38.77048748368968,20.56371072432195,18.329217514004412,16.674924757847613,8.19935580899125,2.305787442506063,39.16330331680125,20.97490286042561,18.451037368232342,15.123539167047367,8.339632455832517,2.348510397641837
few_moving,470,9798,125.08085106382978,41.936373447365014,2664,34.00851063829787,42.45111532617899,38.69766905383286,20.535015095418455,18.33669255982175,16.683983935768502,8.200295049583504,2.337832458047144,39.17251498447996,20.929350773985625,18.407692918025173,15.119917159163007,8.291776347920795,2.3514236272212288
few_moving,471,9807,124.9299363057325,41.990746876194116,2667,33.97452229299363,42.4306186664758,38.764873660033196,20.45751335750981,18.230159967015684,16.66228487412378,8.09440477017282,2.313753827891248,39.16338725262356,20.898823661217293,18.377101809754436,15.114157817065378,8.267970702589603,2.3510264113731214
few_moving,472,9838,125.05932203389831,42.08223449564956,2668,33.91525423728814,42.42049688218728,38.877966766581565,20.50398899979314,18.245774321260534,16.62192105353032,8.132557006888362,2.321257594909255,39.11970004801162,20.93751827721559,18.41912495141344,15.146569074418645,8.30279367952273,2.3504365652915578
few_moving,473,9849,124.93446088794926,42.040750876106834,2669,33.85623678646934,42.41721817060965,38.85806161876603,20.558033414087166,18.322371123172353,16.62286671812073,8.2097781299267,2.3027007690040957,39.10483021209423,20.94186124338096,18.424613602916217,15.15311437065966,8.317184757488922,2.346921162325124
few_moving,474,9879,125.0506329113924,42.03432068743164,2671,33.810126582278485,42.467893435758,38.827790629249094,20.485625183223974,18.25661747775652,16.613273571538866,8.095220121710282,2.280272831365608,39.17176603649095,20.91490428644269,18.386320166168666,15.104139978564305,8.267678974923438,2.3446366915321795
few_moving,475,9890,124.92631578947368,41.98230881708846,2671,33.73894736842105,42.497287516577416,38.77010177948055,20.47881451707425,18.240731070288895,16.673417063993945,8.13912729339544,2.2831792918615403,39.203516122744404,20.916148144261186,18.386887460782376,15.090394855313475,8.268378035217674,2.343476378912366
few_moving,476,9921,125.0546218487395,41.953294107750374,2672,33.68067226890756,42.51414259931876,38.74237535127315,20.506632219375966,18.242469444710075,16.664216049052843,8.13643405561848,2.3072135273734524,39.220369264558954,20.919648220052533,18.392151226276006,15.08567360698347,8.281032054681807,2.343166940291637
few_moving,477,9932,124.9308176100629,41.95068208721315,2673,33.62264150943396,42.52483978366991,38.76281998938388,20.501639617366866,18.212743589917768,16.636248220785706,8.083062349426704,2.292466255813928,39.231252688438616,20.921222328470954,18.39519701956829,15.082717646459459,8.28933056865055,2.3430170130415218
few_moving,478,9963,125.05857740585773,42.019037763849276,2673,33.55230125523013,42.53170533011339,38.83267105818014,20.502391580745773,18.182689019534898,16.587213552777925,8.027625349319017,2.288448996664894,39.23838896751542,20.921793930047553,18.396849446464415,15.08070826096225,8.294446136769489,2.3429298915413015
few_moving,479,9973,124.92275574112735,41.98526349228097,2673,33.48225469728602,42.53614236012534,38.809677304809156,20.547783577977153,18.291362884531242,16.603748976271405,8.06570242982737,2.297723927735117,39.24308855657567,20.921937763299866,18.397777883389054,15.079303660472364,8.297634030909597,2.3428668246824715
few_moving,480,10002,125.025,41.94528446503529,2676,33.45,42.573867236916996,38.75118098791647,20.599317127066612,18.37578058143342,16.652969898670698,8.194036976676104,2.310737482145718,39.28183931838797,20.941650458181478,18.425213412715202,15.106471773681642,8.386605105554024,2.3179493345013205
few_moving,481,10013,124.90228690228689,41.98069230427417,2680,33.43035343035343,42.54286782491235,38.77760948068146,20.53204856147776,18.26990317401444,16.632604119544737,8.056794410399599,2.3154046980857395,39.24370267619414,20.94919711741451,18.448526524507667,15.135038243821212,8.487936284209328,2.346353425974429
few_moving,482,10043,125.01659751037344,42.02728245865553,2686,33.43568464730291,42.57496477036913,38.84971939280373,20.505830310498606,18.28110847335522,16.631210492767817,8.112834988175102,2.31855492323202,39.279951028412285,20.952239886012443,18.45245650396067,15.134845950632606,8.538860563214131,2.33348545857199
few_moving,483,10053,124.88198757763973,42.04017164791714,2691,33.42857142857143,42.56320949542813,38.85453250718202,20.48157233347114,18.282805503140736,16.644704632405197,8.093675295344452,2.3173774353914283,39.288374181381734,20.894821263666103,18.367416962515808,15.073202668142807,8.292511478173589,2.3419287987670026
few_moving,484,10082,124.98347107438018,42.041343241706734,2699,33.45867768595041,42.577989290352726,38.831227119806385,20.44244171841769,18.23983558864588,16.66503212482461,8.050897748531595,2.2954478392811044,39.306879956371176,20.895593296967675,18.366364908170816,15.064435782983699,8.405660096119243,2.3441965868593324
few_moving,485,10092,124.84948453608247,41.97635226027709,2704,33.45154639175257,42.57228548729565,38.76266717694561,20.52950560504032,18.327732721124224,16.697999046308368,8.224698781470765,2.3063619667901736,39.275682158145905,20.97132435644159,18.44332788437027,15.069408656903601,8.359082140555296,2.347419193657753
few_moving,486,10123,124.9753086419753,41.95030125318132,2711,33.46913580246914,42.544134550521505,38.73200815641617,20.57614088856026,18.348325111396594,16.672399257440606,8.20180534992925,2.313210307026231,39.230799503530385,21.025759421279652,18.519094416747834,15.121851498285732,8.564954833324572,2.362592595306652
few_moving,487,10134,124.85420944558521,42.0013730741965,2713,33.42505133470226,42.57616896732101,38.82764327874927,20.490559010993344,18.23548274864405,16.59751566540942,8.178745078650438,2.301716438682329,39.31617993746771,21.020792588359402,18.523801517422847,15.110819132450224,8.540935977058238,2.380728045886048
few_moving,488,10165,124.97950819672131,41.95809874569312,2714,33.368852459016395,42.594333550099414,38.77459260317856,20.445787495662017,18.163453869193027,16.582958538948542,8.076316252064428,2.313041935351408,39.36669653247312,21.03638048249608,18.547650754446344,15.111022405656808,8.60725125001024,2.3858250925205877
few_moving,489,10176,124.85889570552148,42.020797521820356,2716,33.32515337423313,42.53810701048946,38.80986238555761,20.52379711294344,18.238908995392542,16.58410079851615,8.082701481221912,2.2923889378988167,39.27840975866502,21.06132047236879,18.59944870002363,15.17712419471234,8.53869175523238,2.386535145252552
few_moving,490,10207,124.98367346938777,42.047802534436535,2716,33.25714285714286,42.4931813772446,38.83819387784946,20.57207642395649,18.279607187942588,16.608603470947887,8.147182518234496,2.3006392494099432,39.2086271314651,21.094478976397344,18.655875196357492,15.231241065006104,8.630025207864838,2.389334753412987
few_moving,491,10217,124.85132382892057,41.99319171009407,2717,33.20162932790224,42.471651594930876,38.80563101415361,20.466932490046734,18.205753688859808,16.602830397417318,8.004786139575316,2.3082561763478826,39.17715979214042,21.104397615378538,18.675418650819303,15.251464819846444,8.651172815477697,2.390812848888551
few_moving,492,10247,124.96341463414636,42.02743241255087,2718,33.146341463414636,42.462594634777666,38.851373322329096,20.46528020515302,18.226369413101956,16.629996081718705,8.122994638695248,2.311506875580253,39.16560676369865,21.102965201166636,18.67700867625993,15.25565990626522,8.639911271288527,2.3918389580503647
few_moving,493,10257,124.8316430020284,42.002479931958604,2718,33.07910750507099,42.457230142835066,38.77791523550022,20.50456711990326,18.259336389956854,16.67429546531579,8.19329104337799,2.328501280914372,39.15867796358695,21.10262702434954,18.678215789689762,15.258281119724266,8.633504197548904,2.392482652746371
few_moving,494,10287,124.9433198380567,42.00134722759162,2718,33.01214574898786,42.45413223881206,38.77561273779457,20.490568197360314,18.261653268505547,16.67384395938392,8.139562678538997,2.2993774854305116,39.154567088683585,21.10263889732152,18.678887622519014,15.25992642443779,8.629601041956933,2.3928927590568065
few_moving,495,10297,124.81212121212121,42.03771452306439,2718,32.945454545454545,42.45241733965435,38.78403217722719,20.591480988960697,18.304696822787648,16.659705210647303,8.089620398288519,2.297201871373319,39.1521579211769,21.102730983802203,18.679131680687963,15.261001909375222,8.627243793931227,2.3931590348363154
few_moving,496,10327,124.92338709677419,42.117190344083305,2718,32.87903225806451,42.45155093320363,38.8601396872242,20.593690325266166,18.32414752597874,16.640905990112,8.117633689864027,2.2924649574231526,39.1507892048388,21.102794233873475,18.679058308972305,15.261742506126218,8.626048572882247,2.3933376682772036
few_moving,497,10339,124.81690140845072,42.0708039057008,2719,32.82494969818913,42.45120632657745,38.85827509566591,20.512605141073657,18.230782102043868,16.586124876251578,8.039325793563002,2.2872199283666643,39.15006396153451,21.102792487094476,18.678757149638688,15.262285357365409,8.625150588656707,2.3934635005592466
few_moving,498,10368,124.9156626506024,42.01972021125812,2719,32.75903614457831,42.45118224088756,38.82132121006329,20.546297381503162,18.210206062263147,16.56257994863951,7.952297907388528,2.29285705575796,39.14974082376043,21.102721216048558,18.678295379490127,15.262710783164023,8.624461216751568,2.3935578820190573
few_moving,499,10377,124.77354709418839,42.025125933477554,2722,32.72945891783567,42.428085839410876,38.84412304526426,20.61983067311479,18.30594051697861,16.552182379050343,8.016216210368986,2.3233311824551395,39.12541175947565,21.089555924515107,18.65889976131665,15.254170546027444,8.564408783697154,2.3855127030787133
few_moving,500,10408,124.89599999999999,42.05346829301733,2722,32.663999999999994,42.420922710592826,38.85901684656228,20.596299892386213,18.303956695450044,16.588704950140666,8.076289477292924,2.2922314614047345,39.12429557364577,21.03360484307134,18.60992293111985,15.25193127808217,8.501282512894829,2.3834907594735437
few_moving,501,10419,124.77844311377247,42.00768331530901,2725,32.634730538922156,42.42083947783712,38.794764092138614,20.568598975284434,18.302446426480476,16.640453007968365,8.234563731405247,2.2927180640026257,39.12482647014209,21.008558644692094,18.584962098910772,15.25421508247637,8.467748240695364,2.3690287441739186
few_moving,502,10450,124.90039840637449,41.98249916829168,2726,32.581673306772906,42.40129825606949,38.78035581139201,20.589470232206395,18.321727561227913,16.65830710692488,8.281460210501585,2.312123079876335,39.07311446934087,20.9687475093991,18.51793303684699,15.244321039401232,8.413464665238541,2.3621990272684243
few_moving,503,10461,124.78330019880715,41.97332262405253,2727,32.52882703777336,42.380062281327916,38.762102953729226,20.63971149943169,18.36012540058158,16.647759858998047,8.082209072319825,2.2849836847394314,39.01943527343311,20.948964266683426,18.481538052506796,15.263904966988715,8.415611854893065,2.360634423300096
few_moving,504,10490,124.88095238095238,41.97999380014108,2729,32.488095238095234,42.36344087276769,38.793036737459474,20.589482616132003,18.362122534862387,16.645803993128194,8.13298683627565,2.3215207971515253,39.03797473810685,20.907086345242753,18.40210888133325,15.210255110127461,8.33079195740449,2.3512085012890918
few_moving,505,10498,124.72871287128713,41.9945918868685,2729,32.423762376237626,42.34948582630569,38.83051622947936,20.577604602375878,18.37700776955586,16.615692376402414,8.282131485294967,2.3177086851941127,39.03732394464538,20.900855322724617,18.375641047175797,15.194492176671236,8.275866808080222,2.347996892970621
few_moving,506,10529,124.84980237154151,41.97646024018275,2730,32.37154150197628,42.33750170772945,38.82667803332639,20.54513908298319,18.363556681747358,16.606657941076612,8.296176906996644,2.321725899793725,39.03027554310128,20.903006199307512,18.367767266865517,15.192100327622276,8.25826831036229,2.346873597942791
few_moving,507,10541,124.74556213017752,41.96487633668165,2731,32.31952662721894,42.329695834525666,38.78493762693772,20.522405509314634,18.268275956433914,16.57253660197947,8.003983818513506,2.303105747155301,39.0253119425863,20.90350376779602,18.362301332982792,15.192143942125798,8.245893779660353,2.346275207655788
few_moving,508,10570,124.84251968503936,41.95145692362277,2736,32.31496062992126,42.37795175047623,38.78774209187491,20.55776640473572,18.259554233469032,16.57997135126023,7.9652661862118626,2.2842379374404196,39.065091535111186,20.956558843813347,18.396782545799955,15.205620911897402,8.265448788947555,2.3348081610892453
few_moving,509,10579,124.70333988212182,42.0408117436827,2741,32.31041257367388,42.34486784381238,38.84537193937899,20.58385779997512,18.312296499388033,16.610872743077316,8.089910673951248,2.2955374150059438,39.03753066582158,20.92932915009998,18.374026679001652,15.188191501314417,8.20951376086006,2.3609135550581355
few_moving,510,10609,124.81176470588237,41.999939222334824,2749,32.34117647058823,42.286412618765404,38.84178958354849,20.57094327738254,18.345736078267244,16.6082119149632,8.141083739029655,2.326122371230231,38.99595584204569,20.886412483840743,18.350061941306453,15.204555549053033,8.251948315862746,2.404904959222343
few_moving,511,10617,124.66144814090019,41.97217106309848,2759,32.39530332681017,42.34260601306545,38.82531408397749,20.527527218940882,18.315328519337676,16.609329587424515,8.164544238827421,2.3286931490467837,39.042698275180875,20.920442183202574,18.380173774285407,15.18553760166645,8.291276414398602,2.3377919644019713
few_moving,512,10648,124.78125,41.99595774278545,2770,32.4609375,42.39159545530452,38.851039581135396,20.569507251371338,18.356931331750175,16.636182866705113,8.275954467153127,2.308637924209907,39.08254061837293,20.936763871115826,18.400684788925012,15.174785624006804,8.162912024982063,2.3471338598936207
few_moving,513,10658,124.65497076023391,41.95550513861489,2779,32.50292397660818,42.35684553192376,38.81781972519114,20.529936922724694,18.24864690917113,16.584925387086013,8.049100352427617,2.3265293191884684,39.049556176773486,20.91414120639316,18.367225457500986,15.14926336077198,8.188272117243987,2.3456961142261257
few_moving,514,10688,124.76264591439688,41.94060478115622,2790,32.568093385214006,42.34960863237166,38.792628641099256,20.491913022497826,18.19085004535873,16.57312231455857,7.993899851002305,2.321134279029232,39.041900201314085,20.92567343854528,18.39482002777057,15.186725780322961,8.30108837866651,2.3634664799147678
few_moving,515,10699,124.64854368932039,41.85727216125153,2795,32.5631067961165,42.40781039702557,38.66545831276751,20.466387393006965,18.1988403106074,16.624950045321647,7.931015176418611,2.2970648934207754,39.10644906735752,20.888216201349003,18.36745868192723,15.173937905352318,8.297685137625916,2.3499614166542484
few_moving,516,10729,124.75581395348838,41.93920587245249,2802,32.58139534883721,42.417607908872036,38.73074654711068,20.533924072849445,18.25604039288384,16.61449804196205,8.017814641977749,2.3012085913029683,39.115328915504605,20.87811877617858,18.37108404973453,15.193110334197204,8.348768331846841,2.345523589446391
few_moving,517,10740,124.642166344294,41.90221117639291,2805,32.5531914893617,42.43863492660239,38.692215570973794,20.565580953409967,18.31544032894389,16.683299786259038,8.167077067339134,2.334179117730512,39.18460621579485,20.80912169722531,18.3091877574631,15.165068196653237,8.316985393902755,2.351370175696934
few_moving,518,10769,124.73745173745175,41.95724521360561,2806,32.50193050193051,42.44746599099376,38.762190101828864,20.5783570517668,18.375258688218548,16.688062375861534,8.302733070491792,2.340327320794934,39.208165593110486,20.801871278912422,18.30823415362415,15.169530281990037,8.35715114680439,2.353729633289423
few_moving,519,10778,124.60115606936415,42.00105563119446,2808,32.46242774566474,42.435249204705215,38.826029279238774,20.46724499564295,18.30409656567873,16.682203551460162,8.447769173071215,2.3156304660896754,39.18350392168452,20.87895600306208,18.390161523004405,15.205829491966034,8.479858508790057,2.3593926658926616
few_moving,520,10808,124.70769230769231,42.05901554627581,2810,32.42307692307693,42.38503530013213,38.889515431765616,20.372192893247988,18.217531050234037,16.671039534612547,8.359555903211453,2.3132885479801484,39.140067967523194,20.87071318051495,18.378126776459347,15.203407721470493,8.444500769947654,2.376853413332056
few_moving,521,10819,124.59500959692899,42.10311947664621,2817,32.44145873320537,42.445135454332345,38.96519178021431,20.379212615161574,18.189826554451734,16.586896592767168,8.018937575093487,2.315529071293251,39.21866020704785,20.87378078777778,18.363996450091584,15.161204428948514,8.39138751583031,2.3740129985799894
few_moving,522,10851,124.72413793103448,42.095921308531835,2823,32.44827586206897,42.47961837032529,38.957976315226894,20.404806330388684,18.189398018334202,16.564709586856278,7.94704735375846,2.3105998908776617,39.253407907406036,20.89134275782085,18.37549867198986,15.156437964231934,8.350202464197734,2.360187381355615
few_moving,523,10862,124.61185468451244,42.01013818596606,2828,32.443594646271514,42.47746121691556,38.82553428654356,20.414067830448786,18.18804461594921,16.606159189901323,7.938491042523535,2.3086817005086933,39.23235489831568,20.95266658266054,18.443886573149978,15.18767907985897,8.41755107009301,2.3552401493879254
few_moving,524,10893,124.7290076335878,42.02159358413321,2833,32.43893129770993,42.46520252514248,38.817962931770495,20.47778766887255,18.22757177192181,16.606339315574765,8.01174801477044,2.3094335982326157,39.24360824931938,20.912364983041133,18.38995367997419,15.161792349212712,8.368119489198303,2.361298706151692
few_moving,525,10900,124.57142857142857,41.99680141448613,2838,32.434285714285714,42.47325124977928,38.795592274036515,20.47191191722902,18.24619432879147,16.619804471255005,8.16670451468803,2.323058030396772,39.23513448126892,20.950538071489717,18.438036397172745,15.192676628844064,8.503827995961792,2.3499740667907423
few_moving,526,10929,124.66539923954373,41.99728649050258,2843,32.42965779467681,42.524407700844385,38.80160812704479,20.465014734690893,18.255982459793312,16.63604136271677,8.219515746288737,2.288857394607477,39.298615195244544,20.93790879804962,18.409847519941827,15.14929486280849,8.413829936023662,2.357961600886813
few_moving,527,10941,124.56546489563567,42.02854830964427,2846,32.4022770398482,42.490287739760085,38.82375627872533,20.497627376552575,18.291992884807506,16.666343470050165,8.280920996821829,2.310628819728005,39.27669592269264,20.902244879002385,18.373753431502173,15.157248087924536,8.43304128251392,2.3452894043061074
few_moving,528,10972,124.68181818181817,41.98604048103277,2846,32.34090909090909,42.4859782196983,38.75377845996005,20.505976582878912,18.25807545019373,16.689466803270538,8.235696572349589,2.295193953344216,39.27468443102275,20.896090885792972,18.36680175636338,15.158825173699878,8.435071009376179,2.3464144284329382
few_moving,529,10980,124.53686200378073,42.02222768129996,2849,32.31379962192816,42.48005413984731,38.779398596390855,20.500438181285713,18.206578829767704,16.642630127304795,7.96569561040029,2.291587871727602,39.2645190931032,20.9095960211345,18.36482359228379,15.139949406373537,8.34276668422549,2.3486003431585343
few_moving,530,11010,124.64150943396226,41.9744597593144,2849,32.25283018867924,42.46735501389755,38.738426012164595,20.460846647323162,18.179189540192002,16.607248858273714,7.830327919663,2.2872652115471506,39.25338229383948,20.882661002214217,18.332103372828975,15.128219363713459,8.300322520482473,2.353032995694342
few_moving,531,11021,124.53107344632768,41.99513315818552,2852,32.22598870056497,42.456790194099185,38.798004909816875,20.495848260087502,18.172442329020598,16.610115539611424,7.97574135936288,2.2919040235162806,39.24235172990775,20.86549066282871,18.309683601215855,15.121901256507986,8.25279632319615,2.351045381166657
few_moving,532,11053,124.6578947368421,42.06858677055261,2853,32.17669172932331,42.419066354780796,38.90509563231037,20.496900038428773,18.20097446958988,16.595074613654543,8.064678918525518,2.2855805356116963,39.16021286796145,20.888515088584146,18.325233772456567,15.15427388129725,8.21662288034593,2.343663177585398
few_moving,533,11063,124.53658536585365,41.931489127568106,2853,32.11632270168856,42.40654213441901,38.762585680360004,20.47330709055681,18.24080214545691,16.65883545976412,8.220881614760064,2.2889435262622992,39.131945011374086,20.877662051809438,18.304847990374327,15.152339995207841,8.168987589863073,2.342497380697611
few_moving,534,11093,124.64044943820224,41.89170998068899,2855,32.078651685393254,42.40572575586949,38.74009529566434,20.516298276309563,18.293213432157568,16.66798453262568,8.266949753361288,2.323253241999952,39.121330194396215,20.792599495469293,18.227367794048373,15.148423751660129,8.09646028649994,2.346443485041273
few_moving,535,11102,124.50841121495328,41.94087172693327,2855,32.018691588785046,42.40510302849061,38.789378726272126,20.468242002240647,18.21957668370312,16.64737658434353,8.19513462237014,2.33786029786241,39.11613340565402,20.726517325799065,18.168367856225696,15.14502909672638,8.042880619080329,2.3484694062396994
few_moving,536,11131,124.6007462686567,42.006760760509266,2856,31.970149253731346,42.40433876386959,38.86364820095273,20.39105310344617,18.175994873937753,16.63483699386443,8.203277917369261,2.3261306137798226,39.11275286901359,20.689056156322664,18.13527541925519,15.142407036555351,8.010323891151174,2.3494433422749563
few_moving,537,11143,124.5027932960894,41.94157742083987,2857,31.92178770949721,42.40350514401745,38.786608495199275,20.35402814381421,18.18439929528306,16.68557019894998,8.155179154856205,2.3227968380241673,39.110127571296886,20.667690970995103,18.11681137325866,15.14050155710707,7.990073877193293,2.3498712495581877
few_moving,538,11171,124.58364312267656,41.9089202404447,2861,31.907063197026023,42.43095851478707,38.7343470733167,20.46193670288534,18.28655966648997,16.725266724006765,8.334203660271722,2.346361745186463,39.14533978348236,20.666413449515552,18.127440117350716,15.165809159763558,8.118059303065952,2.3493700150958885
few_moving,539,11180,124.4526901669759,42.0040991692825,2864,31.88126159554731,42.455684189435814,38.83886375332899,20.489225951152427,18.278848936329116,16.680160194594894,8.302238156487736,2.3317387543114347,39.17043956166487,20.65981916178294,18.116578741937644,15.141838934415798,8.033425518645254,2.352143610552068
few_moving,540,11211,124.56666666666666,42.02796076058742,2869,31.877777777777776,42.452525422670945,38.844635024356975,20.522660397141287,18.30287477235715,16.700440440115944,8.34070013147866,2.321504764599668,39.161431521840804,20.657905588266683,18.113360504844493,15.127793172396286,7.994794560824732,2.354802312532941
few_moving,541,11220,124.4362292051756,41.98898214263992,2874,31.874306839186687,42.49439218948322,38.81333962084563,20.42759446365722,18.213490938966093,16.688781531494925,8.141488706770224,2.299400045861677,39.22067277237485,20.625421023911002,18.06999899743285,15.090493065282777,7.901450003199167,2.355193899521986
few_moving,542,11252,124.5608856088561,42.00696264483325,2880,31.881918819188193,42.51374925108566,38.828943670979314,20.401757258902514,18.196998052875063,16.668940107673674,8.068802346340435,2.3113945236840685,39.21948072684769,20.687334858777493,18.151669702211393,15.131866413567849,8.103776996556418,2.375709087795372
few_moving,543,11261,124.43093922651931,42.016693022911404,2884,31.867403314917123,42.50952390245296,38.828354947533654,20.393958532994553,18.159045554140555,16.64002458545031,8.078296124284252,2.287557188294748,39.20509587315977,20.698249048595795,18.1621245020164,15.121451153062182,8.04792201459996,2.360630003170247
few_moving,544,11288,124.5,41.98854990655739,2890,31.875,42.47798736171262,38.82140464395423,20.469642193130984,18.223634002693306,16.62744107404078,8.104681759048514,2.2990003326744723,39.16587338562892,20.694183889805498,18.172492339619204,15.14921300970151,8.169883401187546,2.3581793338315067
few_moving,545,11297,124.37064220183485,41.91580545885782,2892,31.83853211009174,42.42783515316646,38.75127403012546,20.544927548785648,18.290653412957507,16.616017274106436,8.11528687020097,2.3177832961496407,39.09927003989013,20.746672162496534,18.205649675534893,15.161169300340958,8.157423166389925,2.3232433878774685
few_moving,546,11327,124.47252747252749,41.939450665937485,2901,31.879120879120883,42.41634006428139,38.75535436655526,20.628642892476325,18.330361696724104,16.620568249340433,8.16124078164794,2.3163452117681476,39.06386637952444,20.807399079759026,18.279314789553357,15.19310683705977,8.271553856777714,2.3583829117791497
few_moving,547,11339,124.37659963436928,42.01675790028553,2907,31.88665447897623,42.45052557973678,38.79989041466014,20.61105997666713,18.302630353979346,16.612627875836445,8.227870254231643,2.3076473999370206,39.120795346771494,20.821284248608375,18.29979389746986,15.174206901862178,8.199924347946409,2.3508217556400104
few_moving,548,11369,124.47810218978104,41.97234730951647,2913,31.89416058394161,42.41378965591841,38.74163268407995,20.514880536895042,18.22849561210156,16.664643774722773,8.16532005446422,2.2820867425295823,39.08056158062595,20.87642296913269,18.37739837491599,15.209967533054485,8.388670754979564,2.351073143431311
few_moving,549,11377,124.33879781420765,41.93845451552555,2921,31.923497267759565,42.43071832516127,38.74977377144846,20.437037388405713,18.174316434688144,16.670209878754882,8.188994314685477,2.298114280381775,39.06769135222429,20.867686126615784,18.38955696741479,15.221209859945136,8.19628241810335,2.3468762453748053
few_moving,550,11406,124.4290909090909,41.95427688229753,2927,31.930909090909093,42.45900134214355,38.751005486636984,20.41134268248921,18.131472927504912,16.680521377598897,8.228291716001454,2.3161084135357632,39.088670363405285,20.82552733410477,18.36364761877224,15.202413343913816,8.208417003334652,2.3525255644628813
few_moving,551,11415,124.30127041742287,42.03481390836935,2934,31.949183303085295,42.45494736131503,38.83169831616009,20.54032980333411,18.288770683421284,16.701171294891846,8.301259769270894,2.3128370026857783,39.08673054018456,20.785421489984333,18.327207521696124,15.199042209797097,8.172177650784342,2.3433944561619704
few_moving,552,11445,124.40217391304348,42.00728999658807,2939,31.945652173913043,42.45402194112579,38.78979797060252,20.529076074450362,18.26033429517031,16.684973667793553,8.232587808258472,2.312361072161693,39.061980535830976,20.824113521087632,18.380640135804935,15.229805238008547,8.250568697378347,2.346264367203803
few_moving,553,11454,124.27486437613021,42.034463339103574,2943,31.93128390596745,42.418330937024244,38.87368932039105,20.492375759013964,18.230083165209134,16.61656842364167,8.11794312363756,2.3053869974934624,39.03059101896168,20.780516125630914,18.356997886853772,15.207679920588086,8.199366593792716,2.4295342484357842
few_moving,554,11483,124.36462093862816,42.06771769609284,2948,31.92779783393502,42.45648461547174,38.90911445578896,20.48457846726343,18.19776485506313,16.58902026917178,8.034064348904609,2.3069353595947346,39.06266417135619,20.816120770358886,18.387343182671323,15.24555485277513,8.371155258830505,2.3449565501597465
few_moving,555,11493,124.24864864864864,42.05550644832952,2953,31.924324324324324,42.44178042910691,38.917667889122754,20.474363068598922,18.178641189657885,16.570357892505886,7.972839514247573,2.3043024958023453,39.05110115858514,20.807023283701582,18.380343070990907,15.259312525342157,8.31865731123531,2.349073530368074
few_moving,556,11522,124.33812949640287,42.06953511916209,2957,31.910071942446038,42.438817209854165,38.934588127561234,20.40899632028861,18.132010807798498,16.545014204458635,7.887159362540501,2.312581159717524,39.044564418593055,20.808842264244234,18.376707088012395,15.256275716643383,8.317605187533708,2.352745858596464
few_moving,557,11534,124.24416517055657,42.04199736348686,2963,31.91741472172352,42.40150418837544,38.87079813263815,20.516956062772323,18.21365237204038,16.58664654018475,8.00798483491661,2.321709907417556,39.014556034921725,20.78300922821933,18.354295177920328,15.266918229693879,8.366012510083506,2.351826929693895
few_moving,558,11564,124.34408602150538,41.96444202527183,2968,31.913978494623656,42.44242718606411,38.81468899865065,20.438235156929313,18.20501046269072,16.625538666472725,8.029412489729486,2.303482242334054,39.05100054639658,20.812130971978807,18.382872607278962,15.269023424633085,8.473900250095161,2.348955003334086
few_moving,559,11575,124.2397137745975,42.02369125285898,2975,31.932021466905187,42.42937218159287,38.85183325196744,20.49645714919669,18.275377210238574,16.674964833666,8.204409528811512,2.296362896407188,39.03861331242659,20.80717823844197,18.374768111024945,15.274171384890689,8.426014119332113,2.3464166900850247
few_moving,560,11605,124.33928571428571,42.027262841904786,2975,31.874999999999996,42.40427443451096,38.857692314492475,20.443512566055137,18.23567064502125,16.67614720653971,8.190725625243855,2.306511725633839,39.02618770442698,20.733180540925467,18.30696116378232,15.260908761244147,8.407508347428061,2.346837946264216
few_moving,561,11614,124.21390374331553,42.02040306135312,2978,31.850267379679146,42.393687966386565,38.85668486203481,20.485304148092975,18.27989129532607,16.670430417610948,8.2358042678515,2.306152398794395,39.019727727274,20.694780723908337,18.270163568223516,15.259944763343073,8.364932855619427,2.3569039955063413
few_moving,562,11646,124.33451957295372,42.00015027571229,2979,31.804270462633447,42.33281970018622,38.81049820977483,20.53261927802398,18.27842593608132,16.669373178238672,8.206857199219913,2.2984042219817624,38.94216025152491,20.692241219650445,18.27883960893014,15.29238177727541,8.38256675508901,2.3535783528565988
few_moving,563,11657,124.23090586145649,41.9191195870644,2979,31.74777975133215,42.31005179755978,38.724519777901094,20.58870638197289,18.35674621603183,16.711257431541757,8.41260744998392,2.2909696075239396,38.90822731397232,20.690849486649707,18.278256319046882,15.29867166588571,8.362985866919468,2.3513485117664845
few_moving,564,11685,124.30851063829786,41.93102485245561,2981,31.71276595744681,42.29446427819902,38.74053063703951,20.656567648280543,18.435670200701388,16.73690082597916,8.565995338889604,2.30591234402618,38.884674812668635,20.698006851879253,18.282737432734454,15.301550450028094,8.343258208060318,2.3454394521015343
few_moving,565,11695,124.19469026548673,41.911749330883545,2981,31.656637168141597,42.284656479489904,38.69892272076925,20.52525118461624,18.267803753753412,16.742468446582066,8.379229317619,2.3148781167607284,38.869627825252664,20.70236505883666,18.284492735379953,15.302866075028417,8.327410004491187,2.3446377981713784
few_moving,566,11725,124.29328621908127,41.916160499297796,2983,31.62190812720848,42.27843518640849,38.726518454888854,20.52200984346576,18.23504579731873,16.701404870791972,8.281659742688626,2.3044905161762004,38.8598759336502,20.705019076862584,18.284784860328436,15.303506518586783,8.31507148255207,2.344185731227113
few_moving,567,11735,124.17989417989419,41.87217815310541,2984,31.576719576719576,42.28002921338578,38.67456038041977,20.59682581684391,18.328515711010986,16.71800825941692,8.30011180459875,2.3015650703308235,38.86893546070565,20.69619975051243,18.267765155536914,15.287839074672515,8.250400707637327,2.343301702094072
few_moving,568,11764,124.26760563380283,41.90861299778537,2988,31.56338028169014,42.31255699471101,38.69831608952386,20.625571758697085,18.33856974095698,16.692339891223842,8.305408277225276,2.305765230294685,38.927367491846795,20.700415423031362,18.290480550408184,15.253719528360554,8.198707349497823,2.3250645542974677
few_moving,569,11772,124.13356766256592,41.92438333061516,2992,31.550087873462218,42.282663189395265,38.709827330678586,20.546420985505357,18.244135902586013,16.671545906146616,8.226372037935274,2.2935657300684293,38.88120106840243,20.800671638102312,18.370181329989716,15.275677282618064,8.260540552638773,2.3457853848148558
few_moving,570,11801,124.22105263157894,41.938299084201645,2997,31.54736842105263,42.29987668751926,38.73124213493365,20.48527428512397,18.213250102444732,16.650859332004202,8.156812751099936,2.2948127276171557,38.94487936506749,20.87796698626631,18.428674197566902,15.22992303811981,8.234654214808124,2.3367883263000033
few_moving,571,11811,124.10858143607703,41.912289630370715,3005,31.576182136602448,42.35859810742527,38.68842813801082,20.50030734316512,18.269906342336505,16.66580536719783,8.138619203666387,2.298090937705174,39.02843188087856,20.954010915699584,18.508968680032346,15.203390495291298,8.254353396206447,2.360467224449783
few_moving,572,11843,124.22727272727272,41.90682551841056,3014,31.615384615384613,42.383660630669155,38.68763536036154,20.504135531336456,18.28912622123898,16.66001922759095,8.09843190194005,2.30233988586569,39.05057752474646,21.008123884201705,18.51351650942504,15.195110893968907,8.319418813532112,2.3530566918243925
few_moving,573,11854,124.12565445026178,41.92550891965529,3025,31.675392670157066,42.38205944305424,38.6927448650237,20.51227275606671,18.336150682081495,16.654097060389407,8.18078173832211,2.2982668643032094,39.046903201085755,21.056174642018867,18.53913922672906,15.212414119165176,8.379384860437757,2.3272158599177404
few_moving,574,11885,124.23344947735193,41.94819208410963,3040,31.77700348432056,42.421613993852624,38.68964608464758,20.541174824858032,18.339232544308246,16.657315830231546,8.176032404072187,2.2941335224473653,39.13797763729753,21.089440477029957,18.54841455656489,15.149902272047106,8.371102374904087,2.3653272125468456
few_moving,575,11895,124.12173913043478,41.93714096269184,3049,31.81565217391304,42.40038400827117,38.720652153533365,20.52561079055279,18.296661206048793,16.62216643925924,8.072794098960701,2.311476203472751,39.1128491908972,21.01018576310246,18.45833128165656,15.1495441414998,8.330410006699992,2.3614137274106883
few_moving,576,11924,124.20833333333334,41.98433542045185,3059,31.864583333333332,42.39108533007416,38.77828847533258,20.40022741742259,18.17962020033319,16.613404230863374,8.021584435346778,2.3154428550425465,39.11285361288233,21.01001359340107,18.420384588378894,15.11035792515052,8.248185412642117,2.352826242405777
few_moving,577,11934,124.09705372616985,41.99887124508326,3067,31.892547660311955,42.411592259343834,38.76446330036941,20.46444094712695,18.26741763352872,16.64098309660291,8.176127309521167,2.32443981776058,39.139239685005386,21.04346415425741,18.48086541214467,15.1502033712092,8.410930625600445,2.356708808272812
few_moving,578,11964,124.19377162629759,41.976515626382266,3070,31.868512110726645,42.42216471308451,38.74167389522459,20.584344722891945,18.37730934849467,16.6598562863388,8.254967681012019,2.3120704886740593,39.16301555247715,21.049116884794415,18.499273370840818,15.172402479192147,8.475689454870237,2.3599045643490815
few_moving,579,11975,124.09326424870466,42.015185754149385,3076,31.875647668393782,42.42219448530616,38.80218940365534,20.49153562821658,18.284224657570665,16.630630896982503,7.968666986554529,2.2991713174883883,39.17853666945763,21.02549515349387,18.471207352632725,15.164195832834361,8.401815687583566,2.365147804262395
few_moving,580,12006,124.2,41.99838764662444,3078,31.84137931034483,42.47314717315043,38.80980335630397,20.45445944410036,18.266965210279203,16.641387852767206,7.9888786410499995,2.2893853803620057,39.238232508438365,21.03700606550801,18.490119351486648,15.161209265257108,8.489979270172876,2.3591895279348263
few_moving,581,12016,124.08950086058519,41.94035521480349,3080,31.807228915662648,42.49716156597128,38.742362727659895,20.513509044052945,18.3496030075171,16.678240747566196,8.258195425579226,2.305828353163594,39.26818613149301,21.041643774759894,18.49978829494372,15.162432267509466,8.536594665064818,2.3580449203745393
few_moving,582,12048,124.20618556701031,41.90769361124097,3081,31.76288659793815,42.535467453210565,38.684216166850796,20.491712436787854,18.30401089159887,16.676653338132994,8.16145511510997,2.3050125551635827,39.319499686488335,21.005949190727403,18.464467273187374,15.146655881429592,8.561410645357363,2.3556208291850464
few_moving,583,12058,124.09605488850771,41.9497132696984,3081,31.70840480274443,42.54830461217817,38.7082947472132,20.47939421242124,18.280464823875086,16.668509631140985,8.197947104044308,2.3262327779856,39.33653154321444,20.998317832919305,18.46035142672335,15.148935866454286,8.583984236734258,2.3574784156927704
few_moving,584,12087,124.18150684931508,41.959249882611786,3081,31.654109589041102,42.55659690752278,38.72996765241309,20.572599360345883,18.354676387210556,16.657813998282464,8.26492697347135,2.340518776902634,39.34777350821967,20.995435357330972,18.459218531703858,15.14966026996762,8.596927587492093,2.358002147877704
few_moving,585,12097,124.07179487179488,41.90799349656591,3081,31.6,42.56236666458351,38.711548491232755,20.45568243008117,18.216885445274574,16.639156126395,8.043401941964095,2.309848835804301,39.355655845334546,20.994189296122865,18.458927909350823,15.149617528080224,8.604527588210471,2.358121104839097
few_moving,586,12127,124.16723549488054,41.90896870046266,3081,31.546075085324233,42.56646228282622,38.71821089101261,20.505440322359213,18.214771194741083,16.6330027939086,8.050747301906462,2.3224364196552676,39.361263156981806,20.993554976352105,18.45890915880309,15.14928652776168,8.6092833610421,2.358112970442936
few_moving,587,12137,124.05792163543443,41.96198377699855,3082,31.502555366269164,42.56941888578744,38.7649576079461,20.505840324609387,18.2785021283619,16.672487829084638,8.204642567691579,2.2901922928476632,39.36529974579324,20.99318314808545,18.45900053432453,15.148864181412154,8.612420654688036,2.3580692936414
few_moving,588,12168,124.16326530612244,41.991692406555764,3082,31.448979591836732,42.57159238611123,38.76682034487321,20.52436569281447,18.268648473739564,16.657356863864567,8.153369218697101,2.3030236055942326,39.368242549385215,20.99295130993837,18.459160143354108,15.148430237986368,8.61458653215497,2.3580198357020556
few_moving,589,12177,124.04414261460103,42.03165475584874,3085,31.42614601018676,42.58077927087042,38.82812607898607,20.458329957647532,18.184946690366594,16.627704641230004,7.954195175146297,2.3034280094512694,39.37257528731449,20.962832997193342,18.429487584163684,15.13332770842756,8.55632876466042,2.3703083352289855
few_moving,590,12208,124.14915254237287,42.03811648973853,3085,31.3728813559322,42.58791138591663,38.87011806059086,20.47137033360156,18.21110883282988,16.59152887394985,7.9552759925113,2.295294874488583,39.376873826625044,20.94590037777291,18.414854479801974,15.126938646731373,8.532568698566227,2.3715686890036216
few_moving,591,12219,124.0507614213198,42.003744027489645,3088,31.3502538071066,42.5943313564465,38.81227543828317,20.557175731580898,18.304968407175362,16.636501262487087,8.131991614498084,2.2862685723461165,39.38124512746826,20.938413686691668,18.408799539170502,15.124133077839128,8.521721746731812,2.366934814288229
few_moving,592,12250,124.1554054054054,41.950161432474346,3089,31.307432432432428,42.58188895230916,38.73165110729402,20.657968010313674,18.385958151466916,16.652254930010038,8.191015450972461,2.286764013468245,39.376652140699086,20.878165350504407,18.3512762437612,15.115592292065577,8.431711326588704,2.376358900582301
few_moving,593,12260,124.04721753794267,41.929593842018754,3089,31.254637436762224,42.56650886181256,38.7245605921781,20.605557924104186,18.316271004245365,16.6404951740587,8.063202262309495,2.2695004485074843,39.35808347899423,20.857599675216594,18.334931272440322,15.123241111943154,8.425931358635735,2.3796631484889783
few_moving,594,12290,124.14141414141413,41.92996169759005,3091,31.222222222222225,42.560366133959434,38.72389778426766,20.54701102846773,18.24359060275564,16.6196432404946,7.948324236701017,2.286485070519393,39.33112387484845,20.844501368793853,18.334907021958404,15.139084578647779,8.413496132711458,2.3770499035970247
few_moving,595,12299,124.02352941176473,41.942951827030434,3091,31.169747899159667,42.540020346250216,38.71015050724101,20.540752249148564,18.27201721186866,16.645102767733015,7.896691193199985,2.299869856810263,39.28159559722128,20.870379330950993,18.378005524597526,15.174217771512332,8.447368780803393,2.377898138443729
few_moving,596,12329,124.11744966442954,41.945730538763,3093,31.13758389261745,42.53248428425119,38.730463452969666,20.52501160925098,18.30535000890383,16.65154751868761,7.955472879364108,2.30745851801301,39.264534327593296,20.86620800692569,18.378459187658347,15.178090911070305,8.433144645168909,2.377840094169139
few_moving,597,12340,124.02010050251258,41.956878578702536,3094,31.09547738693467,42.526619012593976,38.77058483044573,20.50628745862694,18.267985301151423,16.630554736019725,8.108753526738129,2.3013957082126186,39.246218925013906,20.894775876966612,18.41179352422079,15.185145185123227,8.384197201669798,2.375685652525259
few_moving,598,12370,124.11371237458194,41.86836744549307,3101,31.11371237458194,42.48612970977887,38.67783466597905,20.447940187101484,18.213115844221342,16.67282735020427,8.095696166270166,2.316212914982383,39.2225033914179,20.844413662328236,18.39537629972694,15.197245328677807,8.393236102957685,2.330461942729371
few_moving,599,12381,124.01669449081803,41.92572098516017,3108,31.13188647746244,42.49322460851308,38.75719090548953,20.48043541691232,18.2460512598897,16.657859440719236,8.18101071659488,2.303552453079268,39.21608139042342,20.925132122683358,18.430191608750164,15.187213982669121,8.414040411391191,2.3527902884099077
few_moving,600,12409,124.09,41.925310539972195,3114,31.139999999999997,42.48731308527304,38.72974494652761,20.504973116383443,18.239012276903495,16.686272538012037,8.207166161016424,2.283275620661527,39.21557832650445,20.964870549027633,18.44427493658072,15.173615314259607,8.4077511100674,2.3716404756122227