Scenario,Time,Baseline_Tx,Baseline_TxPerNodePerMin,Baseline_RMSE,ETM_Tx,ETM_TxPerNodePerMin,ETM_RMSE,Baseline_MAE,Baseline_RMSE_Aligned,Baseline_MAE_Aligned,Baseline_PairwiseDist_MAE,Baseline_RangeResidual_MAE,Baseline_AngleResidual_MAE,ETM_MAE,ETM_RMSE_Aligned,ETM_MAE_Aligned,ETM_PairwiseDist_MAE,ETM_RangeResidual_MAE,ETM_AngleResidual_MAE
none_moving,0,0,,36.82155104595928,0,,36.82155104595928,33.64586534768495,18.187917130173428,17.241615522676813,24.44493498974518,NaN,NaN,33.64586534768495,18.187917130173428,17.241615522676813,24.44493498974518,NaN,NaN
none_moving,1,0,0,36.82155104595928,31,186,36.75406385080542,33.64586534768495,18.187917130173428,17.241615522676813,24.44493498974518,NaN,NaN,33.55158639476218,18.091224801205648,17.15372249717398,24.036834712796082,10.14964139204245,1.769344715232941
none_moving,2,33,99,36.75726682082423,78,234,36.71254477016823,33.56768877702444,18.12433383124457,17.178802671505697,24.046089286457896,10.187953616813553,1.8597851462545705,33.47020517773744,18.05205349308092,17.16606757001714,23.688785415938426,9.946672157972547,2.1614222385863813
none_moving,3,45,90,36.70365080570216,123,246,36.70704317551455,33.46699846293602,18.089979977605985,17.201575386197486,23.70509792247397,9.9436522719852,2.1471874486435234,33.438162479008646,17.995885812619786,17.16761956592224,23.241568199572388,9.526450781128977,2.251004203710891
none_moving,4,79,118.5,36.68715558684312,169,253.49999999999997,36.71211064356072,33.424307811193,18.02681154335565,17.194442669710977,23.255087290518127,9.535379266108764,2.24093924848674,33.41815165012476,17.936039989449494,17.16206429417851,22.76848654218787,9.07666793326822,2.2905705788178885
none_moving,5,92,110.39999999999999,36.687226781047684,216,259.20000000000005,36.7357144270272,33.39962631214381,17.93674522791719,17.160307642624474,22.762998660269655,9.0816721522279,2.2884160371391644,33.41889704408515,17.865205076073085,17.144451994111023,22.273989569465645,8.616981258528439,2.3159931877043163
none_moving,6,126,125.99999999999999,36.693839561843554,262,262,36.75017792505655,33.38673233648096,17.867890712030935,17.14806918499082,22.275014197238058,8.635632425217798,2.337140298891677,33.408005862481396,17.834466314554195,17.165841101278826,21.837482082792278,8.225655370733909,2.332717794302962
none_moving,7,138,118.28571428571429,36.757611442300565,304,260.57142857142856,36.80546467939041,33.42075381059907,17.821601478995,17.156010089987458,21.810213799271228,8.183330347922658,2.345431099890549,33.43759228851546,17.807116146745972,17.18997625026237,21.358719218256972,7.7924264486156956,2.3101793856726687
none_moving,8,172,129,36.81461136970766,311,233.25,36.89032556351715,33.468910433592086,17.82039733343922,17.208193020027952,21.344701263721465,7.7558517847966,2.321873002888278,33.48832315395448,17.772934422716173,17.186745724915333,20.882982709812445,7.34586646926281,2.2854928419320664
none_moving,9,185,123.33333333333334,36.861276710184676,311,207.33333333333334,36.94432995261,33.498681509208595,17.79277888800944,17.22903829848999,20.85432111154393,7.283106084657189,2.31656012598467,33.518741079663684,17.7672121848262,17.20870702300244,20.416064673751382,6.941534987263194,2.2717458430205335
none_moving,10,217,130.20000000000002,36.979041339187916,311,186.60000000000002,37.00155078727137,33.5865190551546,17.775777568862498,17.237395100212392,20.39001892017809,6.894078597028895,2.314489054503368,33.55564165186141,17.77053523711168,17.230689969044896,19.946507764428397,6.539793254084155,2.267194284919163
none_moving,11,229,124.9090909090909,37.05626129619201,311,169.63636363636365,37.06344465934833,33.63312510159924,17.77320776875422,17.246432996369002,19.905112071245938,6.475507337588495,2.2878191598576607,33.59930078095803,17.78075554727999,17.250872744891367,19.468525212967815,6.128420759936974,2.2666565851477114
none_moving,12,262,131,37.0647355779498,311,155.5,37.13204709327836,33.63401440794434,17.789222370930595,17.295439540818894,19.415985060900876,6.023704914091198,2.30201032540193,33.65101238597446,17.79620369890907,17.26771335591245,18.992426601046347,5.745433214304483,2.2685965201900946
none_moving,13,274,126.46153846153845,37.198648552724514,311,143.53846153846155,37.208085068315775,33.73867317522558,17.758199040463563,17.255424888956604,18.92798565901148,5.639250662683451,2.304406474030268,33.71113436225288,17.816449286341708,17.281041024284693,18.511962961329125,5.384092041564268,2.273697439160965
none_moving,14,307,131.57142857142856,37.263353924567824,311,133.28571428571428,37.291775008913284,33.785743801624406,17.7400235092658,17.259218280212313,18.416418537632392,5.220991238099924,2.2824112337458606,33.779678034604316,17.84147854457724,17.29107287414671,18.02316571492592,5.015998463387367,2.281162425917004
none_moving,15,319,127.6,37.34771363688892,311,124.4,37.38319999939599,33.87024381116627,17.79539899351654,17.29757276963104,17.969342563974443,4.924683564910622,2.2859325420653454,33.85658872756027,17.87139042340272,17.297994665402666,17.528918906485288,4.643065158780103,2.2905163345762967
none_moving,16,351,131.625,37.39285287101146,311,116.625,37.48698845958215,33.945925113782266,17.870862172709003,17.379821662084286,17.535225884593686,4.639720153832643,2.2926346786717704,33.947181517030536,17.901791846774255,17.296783961375713,17.038275190531667,4.270730872190202,2.2999404740977805
none_moving,17,365,128.8235294117647,37.55969074010556,311,109.76470588235294,37.616065587271095,34.072950622756395,17.885440813903504,17.33713964097274,17.064218516873403,4.256840674494718,2.304182467659473,34.06668032198767,17.917386864257992,17.27408652074879,16.596874277771036,3.9904325879388804,2.305732773814461
none_moving,18,396,132,37.68060832749087,311,103.66666666666667,37.76462331210634,34.179784780888724,17.916852929719308,17.320237499545918,16.639571059545705,3.9288753148991753,2.3158810292885765,34.208468945322736,17.918709205074848,17.23625902440376,16.176671332004826,3.71641863670942,2.311183329048462
none_moving,19,409,129.1578947368421,37.82888318519832,311,98.21052631578948,37.925785784237696,34.321713682839075,17.911552105992772,17.293374045810182,16.24762169764173,3.6852099455359633,2.330105070693628,34.364901997507005,17.911552919653012,17.1897403490615,15.796217094724385,3.445088193787778,2.317180198664635
none_moving,20,442,132.60000000000002,37.9772510891866,311,93.30000000000001,38.095333974938505,34.47888588074953,17.906403682321287,17.258929848837653,15.85757977042329,3.3957138725316347,2.3186566807241986,34.5312094623979,17.899557488495336,17.137927973374122,15.437441943154543,3.1781023629337577,2.3239927289229896
none_moving,21,456,130.2857142857143,38.15284350065113,313,89.42857142857143,38.270592280908424,34.62664841350858,17.836013200618297,17.180223010895983,15.550804669814116,3.147283189061183,2.329517110473958,34.7043333012446,17.884976688326148,17.0825610328042,15.086389417240856,2.9162459890213124,2.3315673967348034
none_moving,22,489,133.36363636363637,38.27307904021061,321,87.54545454545456,38.509372282584344,34.752536885182444,17.840002288373196,17.16799103736361,15.216862577419514,2.9694514941433106,2.336004696522069,34.953677385236745,17.82955420368219,17.00623932743996,14.756581259284369,2.60592148205032,2.3380904957464286
none_moving,23,502,130.95652173913044,38.503566626177474,321,83.73913043478261,38.69323913723493,34.993002242155725,17.730259170607948,17.026531155740393,14.95910975315427,2.844312405726032,2.3460231320758638,35.15600856495279,17.822191549115303,16.976692683605798,14.435247568536793,2.366876310582142,2.343620583706623
none_moving,24,536,134,38.69642032945458,321,80.25,38.891401188488295,35.19104670742507,17.708757750542464,16.950508328666714,14.665662935204368,2.6393321475559963,2.3558284026077163,35.36429032712769,17.80312821536981,16.916213350136072,14.126457601322677,2.120135210375451,2.3524411653049917
none_moving,25,548,131.51999999999998,38.870351486165006,321,77.04,39.081856300880155,35.36621892027615,17.696637772302633,16.912508217656868,14.338645613475279,2.379936620923633,2.3637513216179684,35.561962751292945,17.78967612390042,16.85644200492539,13.854832430017028,1.9898412510108545,2.3608986739174713
none_moving,26,582,134.30769230769232,39.02588174230644,321,74.07692307692308,39.27151272087938,35.516828607531714,17.74903053997326,16.892528406125383,14.083725092934385,2.2537527335249683,2.3641841861262054,35.75664801598209,17.777806052870332,16.79375105222468,13.603429553181638,1.898703784278041,2.3696451026699044
none_moving,27,596,132.44444444444446,39.19643099963219,321,71.33333333333333,39.45947449070615,35.665510952616756,17.74022339987345,16.840695935692217,13.870433952205884,2.2156665013581085,2.362631151826311,35.94837274963787,17.768050164073355,16.729826746745857,13.389852631523173,1.8152578083992508,2.3775375572697
none_moving,28,628,134.57142857142856,39.31758115658694,323,69.21428571428571,39.700573328297516,35.77430963089783,17.69127244467359,16.808879579923733,13.653209574029677,2.0722584358980636,2.3682499605809375,36.18153619731749,17.716295522053937,16.62917642374995,13.186650757701843,1.7532712992857895,2.387223612341247
none_moving,29,642,132.82758620689657,39.52258040149306,339,70.13793103448276,39.71201027484019,36.012450598055906,17.695774747145062,16.716541911567976,13.498176235781504,2.075056968698756,2.372164230898749,36.2208388744794,17.833335994424665,16.64694613710305,13.0667771788977,1.8423738798644969,2.3670375025586283
none_moving,30,675,135,39.68452228236743,355,71,39.83504907741709,36.17655211165039,17.694305459743603,16.665881678182092,13.326173175231192,2.0830038489823104,2.390565732233469,36.356630181475694,17.85196369909692,16.687576538617645,12.980732771042444,1.9516857813803568,2.4104566158628122
none_moving,31,687,132.96774193548387,39.831749646638286,371,71.80645161290322,40.086248531453876,36.3190985076905,17.756523007468413,16.64328514614339,13.162819813052637,2.1695874894903393,2.4103595356669802,36.581854609642136,17.838545985773095,16.598081381722846,12.827325304226985,1.9439178780479538,2.434232561745141
none_moving,32,721,135.1875,40.03881544743307,385,72.1875,40.16230040026644,36.506712684062606,17.794857733810744,16.620347119063517,13.034704309041091,2.1047650444794215,2.397454117168795,36.646128687490986,17.882425060309455,16.671929671956097,12.801312698575824,2.1571494283523385,2.3996962448134984
none_moving,33,733,133.27272727272725,40.24143428619951,401,72.9090909090909,40.37535356808739,36.711209502627916,17.844623127153437,16.649556245300033,12.95656767252062,2.180907090942399,2.4132373546136767,36.833387092104644,17.864109969806183,16.59479122686161,12.691510063741443,2.210268953515267,2.4464412716174784
none_moving,34,764,134.82352941176472,40.46268345143082,415,73.23529411764706,40.4691728622888,36.89235823130632,17.78213275763343,16.568260322682853,12.881064896546748,2.3319492905094887,2.430074431026174,36.904887714316544,17.915953696697116,16.615900768522344,12.646313182101595,2.3851046800989635,2.433187044605975
none_moving,35,777,133.2,40.574444946177515,427,73.2,40.70243474858052,36.99181677574238,17.753229805584244,16.57343044636134,12.82691930257112,2.4140154431510106,2.4250963575912765,37.11231708254623,17.875424109409806,16.522690693858333,12.572400544599622,2.4655505777230884,2.4461250910467682
none_moving,36,810,135,40.68842767965318,428,71.33333333333333,40.90801359615625,37.08039631409745,17.768038808005116,16.586359129779904,12.79270948394243,2.4949173028158227,2.424453832657428,37.30421232099734,17.84161028899504,16.46963815704681,12.511982997402594,2.585998426248538,2.452060300761148
none_moving,37,823,133.45945945945945,40.7787323868488,434,70.37837837837837,41.09122777028981,37.15714089227745,17.806397643521844,16.54125974622194,12.703542010988981,2.638198235959879,2.4407745679681243,37.46355435246025,17.835904700397236,16.428137548667763,12.45958854320484,2.759089583665213,2.462031806045366
none_moving,38,856,135.1578947368421,40.90440165757382,434,68.52631578947368,41.18747181457861,37.283802547117475,17.79525850806014,16.478009050330897,12.602261324320175,2.718948012271276,2.450324941392931,37.5216531562357,17.89590743811586,16.462792854625157,12.426577039519659,2.8689457839348442,2.4651930363140018
none_moving,39,870,133.84615384615384,40.98474605940444,434,66.76923076923076,41.298527115401114,37.34306001171912,17.883921415378914,16.4838179398349,12.509855978052103,2.866695963098426,2.458443005887194,37.603820291139236,17.951125470565042,16.473449786931525,12.365325767279488,2.971481461676649,2.46724918363654
none_moving,40,903,135.45000000000002,41.06624138769289,434,65.10000000000001,41.42568423323776,37.382298961105086,17.84659087334872,16.44726157836443,12.462457278580574,2.9262708760811464,2.4547900408174166,37.70731151404129,17.989639989066806,16.457922935898587,12.289254049745914,3.065454313681029,2.4758342313054102
none_moving,41,914,133.7560975609756,41.2371721643642,434,63.512195121951216,41.54868456639679,37.5099828164754,17.805720739058568,16.390682820472296,12.321659244451409,2.924923799178632,2.4708442963678356,37.807964390215915,18.02818368240176,16.44066337141744,12.210587026980885,3.15945676138029,2.4837670737284414
none_moving,42,947,135.2857142857143,41.36851033055182,434,62,41.668105490909696,37.64855507866481,17.819416863999905,16.36971478120331,12.188450705829345,2.961922282883461,2.4645988873290072,37.90637022179647,18.06627727274864,16.42268294746693,12.142238871524864,3.293933962758467,2.491873948307547
none_moving,43,961,134.09302325581393,41.488438592333814,436,60.83720930232558,41.773140893575004,37.78033803907035,17.84848568363447,16.309207479703,12.104155771320237,2.8780067652960253,2.4742612233520225,37.96745032006504,18.07936777102861,16.380665937223895,12.081255930681461,3.46071405960109,2.5129492219130243
none_moving,44,995,135.6818181818182,41.54595309751454,440,60.00000000000001,41.888997062184,37.83934496598049,17.956902436014083,16.338324684554134,12.031681766068703,2.9204863579615794,2.4997605778932965,38.057978616807176,18.09157393737656,16.32302837316545,11.98890080503711,3.64348053568968,2.503165074383997
none_moving,45,1008,134.4,41.62304245445715,444,59.199999999999996,41.9788247516936,37.871310535773056,18.04890321330069,16.382228343123682,12.006699276392801,3.184330215341778,2.4853373474419755,38.10465914787427,18.138063658444263,16.368160390490065,11.962935601347665,3.7434388587463374,2.507143773164553
none_moving,46,1039,135.52173913043478,41.720835332827896,448,58.43478260869564,42.094116190045405,37.924882691885344,18.100084729194243,16.42602320942293,11.95879267338547,3.3505176103382897,2.4983918684904816,38.21493902691825,18.17082244070898,16.42577438721579,11.864182579761382,3.900999373617053,2.517186717899097
none_moving,47,1051,134.17021276595744,41.868456275080334,452,57.70212765957447,42.20195721984392,38.0468322903054,18.139973177251317,16.419346099872474,11.84478316418996,3.3917395299349518,2.522592407298062,38.32156592792149,18.20550544842454,16.490575216377785,11.770482959663322,4.0488056867495965,2.529586123310564
none_moving,48,1084,135.5,41.929401640195664,456,57,42.30165858742919,38.1263717758294,18.268703596231372,16.53248924478253,11.766666007094367,3.599582927995786,2.527028775167174,38.41475768641109,18.274361126057638,16.615791464538596,11.70634508585286,4.130616087959977,2.5305133335285084
none_moving,49,1096,134.20408163265304,42.0835378765449,461,56.44897959183674,42.390519224021546,38.26063551015667,18.310573760177498,16.58673708247019,11.76692782046694,3.814508129643141,2.549533183086702,38.49845097733687,18.33097155910263,16.723705609679648,11.645925823126575,4.219355643316333,2.5445615119003144
none_moving,50,1129,135.48,42.12502913972703,465,55.8,42.386500397296025,38.2620051395338,18.29823644180226,16.642843798665847,11.75815613125898,3.969029281592058,2.5349668236690186,38.499845747257005,18.440427079261653,16.8914220523441,11.644139016637993,4.357581535204141,2.5449594110516713
none_moving,51,1143,134.47058823529412,42.22361422420262,466,54.82352941176471,42.40093620680569,38.35168559377476,18.28574209772751,16.67103812526127,11.667246793725043,4.07160994861317,2.5459262817112287,38.5129399662865,18.53107372173788,17.03487051888885,11.657006366142092,4.4816746179781095,2.5563582216498255
none_moving,52,1176,135.69230769230768,42.37959250616138,471,54.34615384615385,42.44361556399478,38.46137890393559,18.281335119214233,16.697892152788683,11.608148686651097,4.14061883339823,2.545916777933411,38.53921868045796,18.512366070971726,17.068137209234884,11.64923425974908,4.579639232886718,2.566914170867117
none_moving,53,1189,134.60377358490567,42.38990749446167,471,53.320754716981135,42.541138989206054,38.472108204701115,18.35283888764247,16.80215287544624,11.63057129915024,4.4772700751415755,2.5377075778432667,38.627062867853034,18.468900638391897,17.08013011710837,11.631822881047336,4.723914650832972,2.5852468424340698
none_moving,54,1221,135.66666666666666,42.51518139616472,471,52.333333333333336,42.607374890937045,38.58165939134845,18.415043162586972,16.876511448665184,11.58272453452761,4.52572033777177,2.5694798397248717,38.677448340232665,18.47928270685728,17.13603587486356,11.628595961421567,4.852415291242609,2.5934458174380692
none_moving,55,1234,134.61818181818182,42.525471846317984,471,51.38181818181818,42.67428409639553,38.60932595561519,18.473275183411918,16.9831666002748,11.54651695750376,4.560593740494894,2.571037637242465,38.730417536129345,18.50551743731518,17.204448748099452,11.62466572446369,4.9783380132560335,2.6021863841778794
none_moving,56,1267,135.75,42.60379221786852,471,50.464285714285715,42.739413679270676,38.68058463566688,18.588439238271892,17.13019954295906,11.567446848705163,4.628448745827295,2.5656371159607687,38.78217052999189,18.542943956520915,17.28156483470708,11.62043792846412,5.099729615925727,2.610666946637527
none_moving,57,1280,134.73684210526315,42.63637666675741,471,49.578947368421055,42.801914285474815,38.67649157367599,18.70074165686783,17.256628508819453,11.60393704139815,4.7511444545228,2.5778073486802957,38.83176119441417,18.588168160297432,17.36460199353879,11.619564581192112,5.2171740276191425,2.618994207454723
none_moving,58,1311,135.6206896551724,42.704917127270846,476,49.241379310344826,42.80916296952968,38.73575185709301,18.7792858940287,17.388892468570248,11.594760220099523,4.729441708537359,2.594163785852279,38.827087739515825,18.68592212243935,17.494496729242222,11.649116761143182,5.415985910025682,2.615593972984241
none_moving,59,1320,134.23728813559322,42.76565384830569,493,50.13559322033898,42.95956446901851,38.78959838609545,18.74337534355397,17.396598007062654,11.59418638868872,4.788655134994674,2.587296287599671,38.97033427554126,18.655973220200114,17.498274578537426,11.605199860552956,5.3687460330672865,2.6352633610846987
none_moving,60,1354,135.4,42.82614950248287,510,51,43.013531634775696,38.822588281169004,18.75870411567601,17.456815348528608,11.590854641328328,4.767353814351423,2.6189872636292337,39.00004474618528,18.703155177384094,17.5866930588846,11.623037689249594,5.558404794638433,2.633884395982168
none_moving,61,1365,134.2622950819672,42.97320087323924,528,51.9344262295082,43.082468445969276,38.94345258910285,18.795116591341014,17.501673806149363,11.586126120260474,5.080954650946772,2.6256218926398884,39.08554314535007,18.71674626732838,17.628764691180002,11.612691205207543,5.549601196446092,2.6442291347115736
none_moving,62,1396,135.09677419354836,43.05560180117598,545,52.74193548387096,43.12702675589002,39.02988924084529,18.847371730595977,17.589083513443285,11.547327480138154,5.166921187857397,2.606149706890087,39.10696940095856,18.746559994824935,17.683217700361734,11.644544267428179,5.5739580600216625,2.6401917647516955
none_moving,63,1410,134.28571428571428,43.100227844471,559,53.238095238095234,43.12908799652905,39.08470772045078,18.90789285729413,17.69502598228052,11.515617758562316,5.252702533282952,2.6270311310763472,39.12914790061246,18.807985521358297,17.781906199289587,11.667343269203254,5.612257762786158,2.662322427207157
none_moving,64,1442,135.1875,43.1899620534333,577,54.09375,43.22417474168724,39.163899624920816,18.99717345243759,17.807023078078494,11.57150946174575,5.500763456976331,2.6539201231088967,39.19028172442355,18.871641563948465,17.847642938092054,11.722140289309934,5.600616327346899,2.676823994486682
none_moving,65,1453,134.12307692307695,43.11799733495195,591,54.55384615384616,43.214378056304604,39.09337820129366,19.076037971678744,17.929792595292184,11.647613407646201,5.632275036917788,2.636246515689914,39.15688760859342,19.015013209348687,18.000328914210733,11.789576433524278,5.745333727706101,2.67036233027289
none_moving,66,1484,134.9090909090909,43.11543134997408,597,54.27272727272727,43.26168409563826,39.08287998634722,19.055030350162134,17.962462440993015,11.705242436447238,5.606661160845453,2.6463854927583625,39.19308274978697,19.08426422255323,18.085200337576968,11.816274789688997,5.731532233094546,2.67900272897814
none_moving,67,1496,133.97014925373134,43.148275661356664,600,53.731343283582085,43.302642955516355,39.119764694558434,19.080612100041968,18.005250202967172,11.734693468292162,5.660675578525137,2.6502071733804584,39.19106071251251,19.216560936917503,18.24196175236725,11.902403523390396,5.824880453387485,2.6854417160196933
none_moving,68,1529,134.91176470588235,43.1917772626344,600,52.94117647058824,43.304204889910636,39.15940829193469,19.163261069614222,18.109568929594694,11.791558918329041,5.70326368940674,2.642221144525266,39.14738072740936,19.348535551357436,18.39106169980587,11.98696064680529,5.876767489666966,2.6884647987766734
none_moving,69,1542,134.08695652173913,43.206033657240035,600,52.173913043478265,43.31151632563997,39.14968589461139,19.239611095806705,18.20568859297729,11.851636245159511,5.854669589593904,2.677181123159552,39.13422239078116,19.44439070725189,18.502815031013995,12.045088814704542,5.926387322118045,2.6964011320889143
none_moving,70,1576,135.08571428571426,43.27280343475727,600,51.42857142857142,43.311196896541176,39.22236000198809,19.24522337551269,18.24500110132005,11.908250425875279,5.880887657043504,2.6620515501442186,39.1203507556056,19.53263059847612,18.604714520475195,12.096135355921385,5.968017881268013,2.7035970012468016
none_moving,71,1589,134.2816901408451,43.16865486876341,600,50.70422535211267,43.30631053659734,39.157509463998025,19.301006258491633,18.325983088177825,11.925822176428866,5.952531235672579,2.6543947549878615,39.10683190572001,19.615216755047584,18.70005648940712,12.146039430591205,6.013989065047581,2.7107576735148804
none_moving,72,1621,135.08333333333334,43.18391704026039,600,50,43.301380081035,39.2012582914627,19.334633787880605,18.37983029831231,11.930575672068429,6.002805324322784,2.7000448470243477,39.09589898636003,19.69121908826822,18.78646832252641,12.193203453550913,6.0712308006131,2.7175581801554256
none_moving,73,1632,134.13698630136986,43.15624799501834,600,49.31506849315069,43.297416192891816,39.155766206257354,19.4507357711297,18.516344937370615,12.0041950453262,6.075246881226115,2.7031113291712785,39.08759935254354,19.761358796079325,18.864672592962325,12.234643133737851,6.123712320221069,2.7238331456410907
none_moving,74,1663,134.83783783783784,43.178267896497765,604,48.97297297297297,43.197511828044235,39.17260059728315,19.485833264298968,18.549084908493835,12.04505977885403,6.125617859153516,2.713740215500871,39.02644360358613,19.818574766205273,18.931008168698547,12.24195652796481,6.084054558960115,2.720900601730489
none_moving,75,1675,134,43.2452065264036,608,48.64,43.26600548999825,39.194364168878174,19.449763585951036,18.53007912062161,12.104757103583756,6.316604047247964,2.7240583812583927,39.06656766375007,19.865447349456847,18.978648028371357,12.290474652450587,6.16859840100434,2.7364529397239648
none_moving,76,1709,134.92105263157896,43.31963719446065,611,48.236842105263165,43.27264145605116,39.254947503447866,19.546826490705165,18.670315722768457,12.155689929280275,6.315882242622239,2.7102069536780222,39.064669498789726,19.93170502185158,19.049385462517847,12.330662191934486,6.238541485693901,2.734382694834999
none_moving,77,1721,134.1038961038961,43.3990979200783,615,47.92207792207792,43.29446157216042,39.34663886321227,19.644187917608036,18.804785867762448,12.237932936661274,6.4593510496175695,2.725391159371069,39.07550930001965,19.988758539372476,19.107927625662832,12.360921744484251,6.277687904034328,2.7446053149913863
none_moving,78,1753,134.84615384615384,43.43630167411354,619,47.61538461538461,43.294930636915375,39.36099071922653,19.682127438207726,18.85363192894048,12.263832217926591,6.498983800695838,2.7464651307911643,39.07587290319843,20.048761842942046,19.168161371740062,12.395589228576725,6.33469827577553,2.740065946166131
none_moving,79,1766,134.126582278481,43.383902202908544,626,47.54430379746836,43.28747650885608,39.31815611295703,19.785140040765125,18.964532162384884,12.289154758921743,6.391204588477666,2.7357704383054418,39.07095775877296,20.095900079171663,19.217519638820615,12.41875342161299,6.372533874493975,2.74718682137032
none_moving,80,1799,134.925,43.36823235926119,631,47.325,43.24811206627473,39.2925419621496,19.7743261305433,18.947735810366094,12.306998650485943,6.355528497953867,2.729243329936163,39.06828550872781,20.086184449234192,19.220381767018914,12.373208530154791,6.226044177228877,2.7492087123204882
none_moving,81,1812,134.2222222222222,43.33639421078617,633,46.888888888888886,43.270218476057174,39.248419250946746,19.889893410126465,19.061075122248806,12.320023557264108,6.380460500352386,2.7455172152461382,39.08380902625061,20.114567234932377,19.262587787046563,12.401896141497344,6.29137159719932,2.7537954405252485
none_moving,82,1844,134.9268292682927,43.2939312329497,636,46.53658536585366,43.28706672664359,39.207949235296255,19.96474587052419,19.122568207933703,12.386563488908946,6.579437580993853,2.723774828653525,39.12001331755612,20.165575542339944,19.329968705302896,12.424516161716092,6.313501510299327,2.757100322034372
none_moving,83,1857,134.24096385542168,43.31767677163038,636,45.975903614457835,43.2911662797752,39.262446167565805,19.933736933852877,19.113666462782987,12.362112559248683,6.563949506562175,2.753430351258863,39.13121887641518,20.174705670151052,17.54039536824673,12.449220866362626,6.367774236244965,2.756289846756507
none_moving,84,1889,134.92857142857144,43.38676773469576,636,45.42857142857143,43.29584594604784,39.331701905076955,19.895267330629665,19.06815366143851,12.347882924562315,6.53453173783174,2.7853812651274388,39.14283196161932,20.15967104672235,17.5539342044857,12.469561217944634,6.40135158082517,2.757836666140823
none_moving,85,1903,134.3294117647059,43.28619654118919,636,44.89411764705882,43.29578095350562,39.2447530390702,19.977177765111097,19.148725951399467,12.393834172021224,6.6292212385076015,2.7652298848881895,39.14749556331719,20.149769712273102,17.567944430451288,12.490759040072854,6.433305279739844,2.759134341144608
none_moving,86,1937,135.13953488372093,43.23951459353211,639,44.581395348837205,43.29563951715258,39.16907412595882,20.054285129066454,19.232754656288133,12.453463929710072,6.63641852443556,2.752872535289183,39.15646493644491,20.125761602555777,17.54308615860753,12.496490085542932,6.49165532127862,2.7807691255096763
none_moving,87,1950,134.48275862068965,43.26014552110313,645,44.48275862068966,43.29732993248005,39.16648206889199,20.147699358101942,19.310596729943406,12.472011321568282,6.767327096151122,2.751385164951479,39.16591718168992,20.098466161256233,17.550449498090764,12.48410036650921,6.432633802344965,2.7565877160805905
none_moving,88,1984,135.27272727272728,43.30730830591781,651,44.38636363636363,43.23224007342825,39.2240041288103,20.080412006550926,17.5781730626443,12.529708616988144,6.835760909616283,2.7464978994262372,39.08750712775944,20.0974954596998,17.54919649723827,12.518858928061874,6.45630053921849,2.746596468643741
none_moving,89,1995,134.4943820224719,43.30211929576333,657,44.29213483146067,43.26127796541363,39.22396973333187,19.979909996950816,17.471092326181015,12.515724383691333,6.644604725941826,2.7545428800101384,39.11805280792861,20.105842487995503,17.579639600400686,12.565829798235994,6.558247432317224,2.760844243722105
none_moving,90,2028,135.20000000000002,43.300177267943525,663,44.199999999999996,43.26567743467705,39.24464309530919,19.995518928767087,17.515944989923415,12.492249786052252,6.664029223415613,2.7673999519524934,39.12384002368071,20.11075224181742,17.59272807031406,12.559567405467813,6.5107898804435305,2.7633546336354278
none_moving,91,2041,134.57142857142858,43.32522485004885,668,44.043956043956044,43.28993047162016,39.27247339628339,20.038807655780634,17.63147770082329,12.478231836436533,6.6920380293005985,2.7559036791654448,39.14721738117087,20.12762455074291,17.631819866514014,12.583389827646029,6.508017650566581,2.770995641195459
none_moving,92,2071,135.06521739130434,43.347156984805196,674,43.95652173913044,43.249210508059086,39.302097556908834,20.009360910754957,17.64288182193128,12.495651776175315,6.648731067496584,2.7802478752976967,39.10716147179216,20.128583686757494,17.627083315785836,12.665392566768494,6.713631947084123,2.7557387996930993
none_moving,93,2084,134.4516129032258,43.31038544164611,676,43.61290322580645,43.25654124090063,39.240018557960994,20.034081038886697,17.640823595180333,12.582632696432276,6.812751999424691,2.7586273872229348,39.12026473352117,20.100526428174962,17.62817763263447,12.61950917393328,6.591985760568724,2.7629359608284756
none_moving,94,2116,135.06382978723403,43.294234011319155,678,43.27659574468085,43.262886748197666,39.21317570875933,20.061660574749986,17.699416372493225,12.575909518985124,6.783767189476316,2.7582139151941414,39.13077465374268,20.099734977156555,17.630450626167082,12.638523433070208,6.633639147813475,2.7617851424703814
none_moving,95,2129,134.46315789473684,43.33312982929006,680,42.94736842105263,43.2632296185473,39.298199679652356,20.03076773876762,17.645247217375097,12.583186581998984,6.84382271620022,2.7605943279603173,39.130386438237466,20.099539040845812,17.65645896150135,12.677972510115726,6.7236740359226985,2.7578197856645033
none_moving,96,2162,135.12499999999997,43.2954640695773,682,42.625,43.247877688574036,39.2652235233658,20.006360664631096,17.628191737894532,12.611661548737816,6.92381582422385,2.7492266857652714,39.11705369636121,20.089750161045036,17.65611629211714,12.703240378551092,6.771461618855517,2.7558917360403528
none_moving,97,2175,134.5360824742268,43.29453543643452,685,42.371134020618555,43.29857381798714,39.26994380502304,19.949884727725163,17.622829486347364,12.596569364204745,6.857367287395733,2.753161576845131,39.18169992856694,20.10574148085858,17.714608078193873,12.73755912372409,6.853059032214686,2.767612267226631
none_moving,98,2208,135.18367346938777,43.300097230658295,685,41.93877551020408,43.29323050702205,39.296661476977825,19.969532311964674,17.672237004520966,12.614864141967168,6.9572176103093275,2.7617909231025846,39.19264793663159,20.1048913210501,17.726700069968352,12.770583789263506,6.950143215680046,2.763340796708747
none_moving,99,2221,134.60606060606062,43.34993354211375,685,41.515151515151516,43.30727199408712,39.36129184180552,19.960313557409464,17.685958323333168,12.671823421596919,7.026899018863277,2.7571854097055164,39.21775221876864,20.10096676681111,17.74016941076798,12.785822297347192,6.995989802221326,2.7643432499709006
none_moving,100,2254,135.24,43.31349490219705,685,41.1,43.315230060965625,39.33329103829859,19.958713935273124,17.668349241442225,12.683982447289347,7.090504339089378,2.7611022249878623,39.2339892010467,20.096543690482743,17.74916566503971,12.79926534377959,7.034903681630242,2.7642154609573235
none_moving,101,2267,134.67326732673266,43.29232260441681,688,40.87128712871287,43.34753222674904,39.297157418695676,19.96240321375256,17.67973094142622,12.687316106221381,7.0487192134090275,2.7541618335622657,39.27435522177983,20.111311573094934,17.77408584409246,12.816745909411711,7.0922154520518275,2.774708924724309
none_moving,102,2299,135.23529411764707,43.30692347224399,695,40.88235294117647,43.31096434585106,39.32399661844239,19.91434754853246,17.688340312454304,12.705687352023157,7.082570934950861,2.768585623409727,39.23664228035845,20.088610622046904,17.74330501620352,12.803847541521602,7.080443215446268,2.7742292689520527
none_moving,103,2308,134.4466019417476,43.27452673986873,701,40.83495145631068,43.26612273892258,39.30542588298365,19.872522613214976,17.65471081467507,12.717740722777972,7.123617210627758,2.7901475574319434,39.21888436321088,20.032936101678494,17.680704321221675,12.783565301628402,7.071573720957899,2.7661955734612094
none_moving,104,2339,134.94230769230768,43.30481004357832,708,40.84615384615384,43.234652343883695,39.346231727766124,19.8739195391423,17.63477507399733,12.703494050054001,7.092693230412914,2.781287759332128,39.20640538637881,19.986548487271754,17.626989710013167,12.780197705713332,7.0788304228514045,2.758318462559022
none_moving,105,2352,134.4,43.271615244514116,715,40.857142857142854,43.321271952496424,39.32512444033943,19.864833374537614,17.631998280206634,12.660780556503848,7.0417722086424055,2.78071475007204,39.27918739149885,20.026296544390945,17.741206965562466,12.805234232938902,7.093047531505507,2.7583658444827956
none_moving,106,2384,134.9433962264151,43.24882095290292,722,40.86792452830189,43.29627028426743,39.29777365498217,19.830096166142972,17.584283322224607,12.657304374837043,7.009334140416265,2.7765623653810216,39.26608790105072,20.004348407492042,17.713196189773825,12.810220349555893,7.116292467653797,2.7647375763913153
none_moving,107,2398,134.46728971962617,43.208501041431255,729,40.8785046728972,43.326321198366564,39.285089785950134,19.84906446031765,17.575597814152566,12.706214635272007,7.05045895941754,2.7677580796060703,39.29253102071654,20.031667538031847,17.767337954606525,12.825038374532472,7.098576158734913,2.7678260893680617
none_moving,108,2432,135.11111111111111,43.19347557789343,733,40.72222222222222,43.31898966172992,39.27326002735595,19.833274256609034,17.555051021655107,12.718414176018282,7.029740925805073,2.7516058254681113,39.31457890956396,19.985638430583446,17.689540846239037,12.798417333877989,7.101244083654661,2.7919731855336756
none_moving,109,2445,134.58715596330276,43.13509817914477,735,40.45871559633027,43.30869625117803,39.204867509863185,19.769022964236793,17.540297124384672,12.721099247650518,6.995899746816988,2.759171782992532,39.315122585426124,19.967905963931507,17.676407103002976,12.795783815059854,7.104798193267793,2.7944552221471484
none_moving,110,2478,135.16363636363639,43.074692611091926,737,40.2,43.310359072695135,39.15260729611228,19.82862363808725,17.63067776321604,12.720508667623694,7.023321989554426,2.7513883420384864,39.33129410079249,19.9591082507126,17.65076497315742,12.8125810562717,7.14820086461942,2.7818140090758106
none_moving,111,2492,134.70270270270268,43.077559252090715,739,39.945945945945944,43.34853894099665,39.18062543106926,19.832298826788534,17.578254697909525,12.724214182334173,7.110452633775178,2.738385725985131,39.383184903084086,19.951170233211286,17.639329434183985,12.798742985878725,7.16306822878786,2.782019100154018
none_moving,112,2526,135.32142857142856,43.10194721849069,741,39.69642857142857,43.33836063897522,39.22068625709089,19.798266247886538,17.518560721502684,12.71894490862207,7.104789428526579,2.74190783657095,39.408227607580265,19.93175286316811,17.64074647475128,12.7698934637927,7.173769962713799,2.776307404195477
none_moving,113,2540,134.86725663716814,43.081092502517066,741,39.34513274336283,43.336195537734184,39.163945710990696,19.817248736901455,17.593264080439347,12.696349264100458,6.986369454126238,2.7529442586490953,39.42709724731067,19.924640151588335,17.645259431606764,12.751698445707705,7.174766044449469,2.7750006393906124
none_moving,114,2573,135.42105263157896,43.01994806287475,741,39,43.33341853798628,39.119180696523905,19.74404559720352,17.49945185777809,12.705106693548775,6.966302391666799,2.740724044068384,39.43799982995246,19.920868552607857,17.645973753196284,12.741679134265716,7.177813892135147,2.7737352061287743
none_moving,115,2586,134.9217391304348,43.03612253885633,741,38.66086956521739,43.33166588408555,39.1053604518617,19.769904120211677,17.51444144066866,12.774537245345222,7.015242322804026,2.7616453717964773,39.44562135229418,19.91927360666645,17.64562325752835,12.7361988274784,7.180496708528399,2.7728141557942583
none_moving,116,2619,135.4655172413793,43.03948657192178,743,38.43103448275862,43.381793880347665,39.11962089242938,19.762766395444494,17.500796636436473,12.765898814465523,7.016418563641428,2.774045801949721,39.49646260005319,19.960474478228853,17.68279754584466,12.696891922347527,7.073013122957426,2.7832520921061077
none_moving,117,2632,134.97435897435898,43.04824824650206,749,38.410256410256416,43.293323025730196,39.13345600238918,19.736647999771424,17.510145711542343,12.769046769397097,6.973057041159492,2.7427285788611813,39.420720524459796,19.893078962816027,17.612154561678288,12.690367784105105,7.0762286918466595,2.7633010379540224
none_moving,118,2664,135.45762711864407,43.113803817978656,756,38.440677966101696,43.3109179486907,39.21872209400876,19.767465596428185,17.606483878897844,12.770268563126642,6.978033968330683,2.778865281965466,39.45082970735256,19.887601319547684,17.628696646279263,12.693826980757166,7.055807703401496,2.774447724960704
none_moving,119,2677,134.97478991596637,43.12384704475628,763,38.470588235294116,43.31205744413812,39.25735789350432,19.75990724939835,17.606177635817694,12.766184420790573,7.083410146697084,2.7604734631009156,39.45002304427228,19.91204582914834,17.663651347822658,12.738742064979915,7.146855159822742,2.7797967258935747
none_moving,120,2711,135.55,43.0766076521044,769,38.45,43.260575440297615,39.2168575759825,19.78403952907309,17.576527938628633,12.73877259258644,7.096012106181685,2.7429613848981984,39.414649708392396,19.86330865234332,17.594591138257446,12.702157933767058,7.113535574410912,2.75166794912431
none_moving,121,2724,135.07438016528926,43.08155504911807,775,38.429752066115704,43.28703126124911,39.227690931760854,19.757234896245887,17.495532384209362,12.753316133107935,7.093720772380672,2.7512002529308845,39.44520865363873,19.89336574595238,17.595819754047746,12.733909080659043,7.193770447535502,2.76001258722932
none_moving,122,2757,135.59016393442624,43.11474920344542,783,38.50819672131148,43.282074065199126,39.25017381068647,19.763860258645224,17.520548415168268,12.759023459552683,7.024573851111934,2.7574876393990446,39.44652518921596,19.870870196414227,17.589160552546907,12.690339688357325,7.079536958453437,2.76752241423459
none_moving,123,2770,135.1219512195122,43.084761569576045,787,38.39024390243903,43.328136642145076,39.24306781960813,19.805781475002256,17.584551489531947,12.77803741079899,7.092115916134168,2.7394403317241682,39.46776595982708,19.94603754710258,17.694256764352538,12.752885786655295,7.20165727139915,2.7759268758644935
none_moving,124,2804,135.6774193548387,43.04887296244205,788,38.12903225806451,43.319645193758916,39.21419864964299,19.800447741682902,17.53977686653207,12.767610676349637,7.100855870133158,2.745203701233661,39.460584237906026,19.946096793886397,17.699074360208222,12.766274784374254,7.237350971791246,2.769089568229699
none_moving,125,2818,135.264,43.05407467218243,790,37.919999999999995,43.295078632874834,39.252572149144264,19.75114963839218,17.46858599884569,12.708339124301359,7.044537933701663,2.728138220189851,39.4391433317216,19.926748105160026,17.688025099307236,12.781566720866515,7.276385151275763,2.7426767055399104
none_moving,126,2851,135.76190476190476,43.08839300413587,792,37.714285714285715,43.298710362645515,39.26764910316679,19.706253895479286,17.372663409303108,12.674593199056234,6.864976791101851,2.7286030439033526,39.446874944686826,19.927319865740913,17.692135439586803,12.772720792537054,7.257228851137222,2.7443025527230156
none_moving,127,2862,135.21259842519683,43.09956053338144,794,37.51181102362205,43.301244481719536,39.22927678124838,19.814092062987665,17.525914077812637,12.719691808846823,6.880751438792201,2.752356133197261,39.447917720864154,19.983550784151788,17.73323199630467,12.776262880385252,7.311871365947245,2.7419680230747474
none_moving,128,2895,135.703125,43.047861070832546,794,37.21875,43.303571564555824,39.172130340035665,19.805229609808524,17.553724731698157,12.772465238934549,6.949636095563485,2.728719265086809,39.45112106919946,20.01248932220756,17.757252681131,12.778356833390005,7.340255358275,2.7404679249976938
none_moving,129,2907,135.2093023255814,43.093006687593764,794,36.93023255813954,43.30133072586809,39.23646315969715,19.772654249263976,17.48014658199428,12.758903015267343,6.9193896360509015,2.738876801672807,39.45189702175246,20.02461198169015,17.76711375206534,12.780568391204815,7.360375833971465,2.7389880171404286
none_moving,130,2940,135.6923076923077,43.09947746122707,794,36.64615384615385,43.29801979915967,39.254454307806455,19.788607813934913,17.49318607093658,12.732284758777716,6.891853692029691,2.7351526174609,39.452599073877344,20.02885269430461,17.77084720526814,12.782164974950174,7.3733769314469555,2.737878657523564
none_moving,131,2954,135.29770992366412,43.09395155258547,794,36.36641221374047,43.293496253340415,39.215061335266775,19.835023398375093,17.56002442332271,12.720858832552722,6.82627937842706,2.736154092458496,39.45262506966283,20.028688573901007,17.770759620361197,12.783489789908678,7.382857819976435,2.7368921716263173
none_moving,132,2987,135.77272727272725,43.0560906988103,794,36.09090909090909,43.28845103399181,39.19653763098367,19.85964699360799,17.577017908581134,12.718286748467582,6.960212016915601,2.7323345498838534,39.4523117741782,20.026436164534456,17.768889592709925,12.78455566913442,7.389909340129281,2.7360356634586127
none_moving,133,3000,135.33834586466165,43.09899865080498,794,35.819548872180455,43.28304661852755,39.213467591456435,19.927980339346867,17.647061980973277,12.768238338344542,7.052193660194043,2.759145690828294,39.45165363067288,20.02319583823819,17.766096602347204,12.785467739332466,7.39552428638456,2.7352597957732336
none_moving,134,3032,135.76119402985074,43.04814959848219,794,35.55223880597015,43.27748464961479,39.14483415159883,19.956989210833132,17.642804500876696,12.830922214153818,7.181308737584283,2.7459113346814132,39.45075114317758,20.019616899162894,17.76293885336906,12.786270204191856,7.400169578236635,2.734552828220153
none_moving,135,3046,135.3777777777778,43.09390130463975,794,35.28888888888889,43.2718653502048,39.19655693641706,19.938326707252465,17.647202131239563,12.788753217804919,7.124724733218768,2.7613472253306512,39.449654732583,20.01603055768499,17.759688044605664,12.78700425409693,7.404168213980427,2.7339007052134034
none_moving,136,3079,135.83823529411765,43.02461155200508,794,35.029411764705884,43.26626827378595,39.15676945581439,19.896381536583934,17.57653114027696,12.789607643694628,7.195477153542423,2.759223255342994,39.44841807191255,20.012618528111684,17.756499906037767,12.787694795659508,7.40770388559128,2.733296373646503
none_moving,137,3090,135.3284671532847,43.07676451743761,797,34.9051094890511,43.26090821183041,39.18132815714865,19.93831442794728,17.605696834843496,12.730230533538187,6.964144041344399,2.766315411064038,39.447225819347196,20.010999284434646,17.751063974088204,12.785362902365135,7.405414277874732,2.7332504830061715
none_moving,138,3123,135.7826086956522,43.041876485079904,797,34.652173913043484,43.21969586474857,39.15727748228985,19.83090201329994,17.502095383328133,12.775410721325162,7.026326412012135,2.7489993261340637,39.42100243563588,19.94587234370759,17.687921711329714,12.70765101189259,7.255579544315724,2.7340695858033293
none_moving,139,3135,135.32374100719423,43.0495309287043,798,34.44604316546762,43.20283530702146,39.14899852335185,19.81481900436339,17.50270828825834,12.767955315937684,6.831044259622691,2.7564354784682683,39.40789729722683,19.945723204850697,17.68434274116803,12.709187823872531,7.243009604709973,2.7328829002228927
none_moving,140,3168,135.77142857142857,43.0555954978314,800,34.285714285714285,43.21556556207928,39.17698492543361,19.821060706408847,17.50140697430167,12.751168428730539,6.893553118563896,2.7447421987300116,39.426509050561684,19.941632314905142,17.713648747397023,12.71072947966007,7.212813102164069,2.7316511931702463
none_moving,141,3181,135.36170212765958,43.083997057297786,802,34.12765957446808,43.17210454711463,39.230377457672354,19.87974465342542,17.616443309012325,12.760855790551037,6.937855526508508,2.753127633549628,39.38027460502596,19.934998241347746,17.71738797785709,12.733598190887683,7.214914076652483,2.72844437319132
none_moving,142,3215,135.8450704225352,43.02380496365629,804,33.971830985915496,43.11188994530095,39.215782904185765,19.84918164074622,17.58519083003503,12.771148639538481,7.097378592790863,2.739492403058097,39.310286401191945,19.909213142919963,17.693613613137217,12.735637764571557,7.169031317118074,2.7265854969411203
none_moving,143,3229,135.48251748251747,43.101404383083484,806,33.81818181818181,43.089860318985544,39.276591025898554,19.88791271626584,17.594667883716014,12.753590899398455,7.000101165729636,2.7365200419271685,39.28212141312509,19.892395264798193,17.71831423443044,12.741989550486462,7.1121282755780735,2.7127943120016407
none_moving,144,3262,135.91666666666666,43.071158260738514,812,33.833333333333336,43.00037439570885,39.2348258670849,19.917308404431967,17.64138567501901,12.7599884321887,7.046034351268962,2.7576194020317297,39.19552491100102,19.888964935341733,17.65890627299956,12.756782211029309,7.128921050404214,2.728289596842845
none_moving,145,3274,135.4758620689655,43.04122140128199,819,33.889655172413796,43.031413478594494,39.17150787089902,19.925598333883308,17.624058551480452,12.791878763069025,6.977123323537534,2.7278700319961993,39.22544324614913,19.88277457334129,17.6696766417773,12.736848422346904,7.110615934739345,2.7216277378319416
none_moving,146,3308,135.94520547945208,43.03961031950229,826,33.945205479452056,43.043706386725056,39.17683677123273,19.909836430562198,17.590866383281316,12.795130916214875,7.026081146667614,2.745538827030176,39.254431118501756,19.853864584831605,17.638624239744995,12.705033058045375,7.053076593822598,2.7179592080495207
none_moving,147,3321,135.55102040816325,43.112425385481274,834,34.04081632653061,43.009025050162286,39.246052520357686,19.97676835631237,17.664506065807707,12.799168548711798,7.100980631293917,2.7535045958125717,39.202700622467475,19.877280311284107,17.63526478975383,12.74662458982494,7.196371231700356,2.7199977915671036
none_moving,148,3353,135.93243243243242,43.1405713232487,848,34.37837837837838,42.99332113107402,39.28430092742498,19.945094487522567,17.615579310720264,12.798360912724842,7.1315821521951035,2.745363207236394,39.18195138176467,19.913787439844395,17.67159609132375,12.754661702494506,7.120083044586376,2.733119120674954
none_moving,149,3365,135.50335570469798,43.08512171466426,862,34.711409395973156,42.97051951162963,39.255685007139476,19.890980660279723,17.541482278434707,12.759940331336027,6.989770646366464,2.7433899135132545,39.179495983595565,19.886885374333538,17.606968438410064,12.75892763547885,7.183677420999622,2.7308636317554407
none_moving,150,3398,135.92000000000002,43.03268956835561,873,34.92,42.98241659642473,39.17592606357145,19.914381011567876,17.536339409716817,12.764228721497876,6.963080797194971,2.749332818986418,39.17481851922323,19.901552891246734,17.631252016862046,12.741853506082409,7.145994851047621,2.7417030328072007
none_moving,151,3412,135.57615894039736,42.99198947535606,880,34.966887417218544,42.98720924301089,39.1216823766326,19.952126299297948,17.56623238126075,12.77220893517427,6.927566183726114,2.732882244021682,39.18523330930957,19.913256643429794,17.627304038234477,12.779617568914778,7.237711381926457,2.7345143695386125
none_moving,152,3445,135.98684210526315,43.019649657971705,888,35.05263157894737,43.02453021771557,39.125635435539365,20.019054831574067,17.608801744236253,12.771215923252875,6.919720715681104,2.74988144158747,39.21901911567067,19.937628813695166,17.66777574742867,12.765880769092036,7.183357473024131,2.7400142298472248
none_moving,153,3458,135.60784313725492,43.101765239058906,892,34.98039215686275,43.04143914018153,39.2151450463913,20.060611444971055,17.676916382222352,12.812272079274294,7.043927966873063,2.760118805223579,39.237235164038395,19.967828328734903,17.677465706423018,12.81382059159797,7.2671519208546,2.734788048958286
none_moving,154,3489,135.93506493506493,43.10530672012386,897,34.94805194805195,43.01189880198806,39.22829659947912,20.103004923374147,17.70670646252758,12.854218931559965,7.333957264619568,2.7501649387436666,39.20168647621677,19.955789805327598,17.663896093690095,12.78176973298662,7.203570146564649,2.744519944208721
none_moving,155,3503,135.6,43.148057003023894,899,34.8,43.005376741384026,39.308214321250006,20.079144807020157,17.68759094804588,12.807008679503767,7.276435151893575,2.747289779181313,39.19531012695698,19.965761805262762,17.685157327083235,12.806779523697843,7.2447078485475656,2.7478526834666943
none_moving,156,3536,136,43.2077886717869,901,34.65384615384615,42.98304992214221,39.374409769727265,20.029323440999892,17.644366300275873,12.804372254568667,7.182860623770992,2.7270706191956897,39.17261671139517,19.960542127244672,17.68911387310454,12.820070569189722,7.256773103061191,2.7521505912882835
none_moving,157,3548,135.5923566878981,43.1299668198773,903,34.509554140127385,42.988017642238646,39.29091985652097,20.10334167840564,17.686988451133793,12.830579289246556,7.31661969449786,2.7303556955121455,39.18201154300195,19.914390849627537,17.660579384244762,12.840854770913964,7.253027539325137,2.7612209254487
none_moving,158,3580,135.9493670886076,43.14843722558381,903,34.291139240506325,42.99001373354123,39.31228595131254,20.10804499669307,17.742089468803037,12.827123397238696,7.208396564978033,2.750833133446581,39.18698714268612,19.890129118517958,17.644668724078915,12.850704957201085,7.244049914635489,2.762293777051462
none_moving,159,3593,135.58490566037736,43.08664930983592,903,34.075471698113205,42.988796866754086,39.25850023487508,19.99203038865539,17.67477508007751,12.81053262242298,7.222922769109556,2.7367429209159333,39.18754388879363,19.876947561762243,17.635973227466316,12.85616926105946,7.236829566376352,2.7628034449167735
none_moving,160,3624,135.9,43.083538658771566,903,33.862500000000004,42.98602294539245,39.22461938232602,19.982654211970583,17.668562913066815,12.809885489149112,7.120249488523973,2.7486304602123184,39.185755242450234,19.869801738785036,17.631817232230066,12.85935003598333,7.230671027846599,2.763100566342994
none_moving,161,3638,135.57763975155282,43.13327594016547,903,33.65217391304348,42.98238462419672,39.28369970188902,19.969670266266558,17.641912721958427,12.835577750493359,7.162616323506589,2.7503861373078573,39.182699519925215,19.86579253402966,17.63006501021018,12.861365489218278,7.22562543721869,2.7632497948762316
none_moving,162,3670,135.92592592592592,43.07679022124797,903,33.44444444444444,42.978456391732614,39.23385193716423,19.91660828069896,17.548969937896253,12.836108587787923,7.148785273140852,2.7439043523665325,39.17915852039779,19.86347684900187,17.6296287160313,12.862728797021507,7.221430468885532,2.763325959026443
none_moving,163,3682,135.53374233128832,43.11377329403786,903,33.23926380368098,42.97453352209629,39.2708385810538,19.990257972305695,17.661872455414976,12.799964197803446,7.0913768323358335,2.755594734317664,39.175538893439,19.86207635816244,17.629864723199155,12.863726057037267,7.217947183109964,2.76335888145058
none_moving,164,3714,135.8780487804878,43.12747164912351,904,33.07317073170732,42.977701616231286,39.28370646243469,20.013873491006294,17.706849466586036,12.777793002809318,7.027752746646246,2.7723502030522265,39.178136889043984,19.865027557496482,17.639129642575174,12.863383365698645,7.206957782996781,2.7633252837930704
none_moving,165,3726,135.4909090909091,43.04199701920347,904,32.872727272727275,42.961359187652484,39.204307539463926,19.97361183324629,17.639354607184313,12.788125658604846,7.0087723839367255,2.7367262513603867,39.16481421870834,19.863820806806206,17.626791371028457,12.867061658063635,7.232479158985569,2.7559690970579114
none_moving,166,3758,135.83132530120483,42.93987513617209,904,32.674698795180724,42.96010506941137,39.105212508749695,19.93172337363925,17.570099249521235,12.805775308891583,7.023449418090569,2.7322187169994683,39.16493986268627,19.863317490150997,17.627026678713733,12.864317655059322,7.2196859538906795,2.755820584788206
none_moving,167,3769,135.4131736526946,42.98211351604533,905,32.51497005988024,42.97330127153164,39.16684610427823,19.956356589305642,17.547339462663242,12.792853841500497,7.022647552663922,2.7436124672579547,39.177197734941764,19.873916373433264,17.641589359876722,12.860686186752554,7.202101519757115,2.758242322191029
none_moving,168,3802,135.78571428571428,42.98138824456927,906,32.357142857142854,42.97554774858532,39.14755093556257,20.01060830803248,17.57994895811663,12.841407913224005,7.135440786549393,2.7280144677722946,39.18068831302256,19.857470457226466,17.617863176507107,12.825947152715976,7.146976756756199,2.759168403087101
none_moving,169,3816,135.4792899408284,42.93891104114481,907,32.201183431952664,42.98447019591377,39.11451981383998,20.003568439637945,17.581975130962327,12.771799385778875,7.069188805798916,2.7325869134200262,39.19489323152292,19.878043354545646,17.60945680419578,12.840381442743944,7.17673414315996,2.751306655338279
none_moving,170,3849,135.8470588235294,43.024819902697836,909,32.082352941176474,42.995883603961715,39.2265876466706,20.053384725348874,17.72238606535722,12.766965950872669,7.066203386143935,2.740461567476234,39.20461471382892,19.886114904697674,17.579292940291843,12.834443839705985,7.1908228300797035,2.747142019550052
none_moving,171,3861,135.47368421052633,43.05025760763125,911,31.96491228070175,43.04120247064482,39.25666138801962,20.046737203458253,17.72956438026872,12.848353120382507,7.283112364977429,2.7301741018573744,39.24694612886256,19.903083076970326,17.60145403547656,12.83602736956343,7.203804502807126,2.7554158097908124
none_moving,172,3894,135.83720930232556,43.110239432145534,913,31.848837209302324,43.0457891447814,39.30189351384935,20.051144531976412,17.717708107634262,12.84169291198683,7.2311902599777165,2.7507345629993405,39.232831480665894,19.947252139783465,17.616765948604943,12.842152812938169,7.237749993119034,2.7494144058578085
none_moving,173,3908,135.53757225433526,43.0556086094061,913,31.664739884393065,43.06163755340944,39.231855474846576,20.05197224288585,17.67346395013559,12.835498422937512,7.193763141082404,2.7562009467476356,39.23654531796957,19.980939009915502,17.631314355200598,12.844091480260545,7.2561101827229,2.749616599364716
none_moving,174,3941,135.89655172413794,42.96453545969071,913,31.482758620689655,43.07691809434635,39.151521735645375,20.02653955596351,17.598692110306164,12.839337310073875,7.320181688339068,2.7378082008739915,39.24403448017166,20.005258893869218,17.64019224671278,12.84649205428334,7.2741123564759675,2.7497201041835333
none_moving,175,3953,135.5314285714286,43.03538087174385,913,31.302857142857142,43.09300176083249,39.23618261165142,20.023842067276373,17.64050963072455,12.75205593847734,7.090704929228685,2.725471402059351,39.254455256120934,20.02550826238337,17.64803016820773,12.848512775693608,7.2886975284295845,2.7502109332356333
none_moving,176,3985,135.85227272727275,43.07682428046222,913,31.125,43.10832643982704,39.30316895013238,20.00975939856264,17.653437081917534,12.748725254920906,7.059203586029012,2.7375087341695754,39.26534895634318,20.043009976028106,17.654735431110794,12.85052533246436,7.301678848897589,2.7507475827422807
none_moving,177,3998,135.52542372881356,43.0893744332703,913,30.94915254237288,43.122869770383986,39.295368832306295,20.08467267667936,17.740117010311362,12.817375828471127,7.281126719844379,2.7428787612005294,39.276126842595,20.05893562709589,17.66098349906066,12.852419245080789,7.312958120362177,2.751329572912345
none_moving,178,4031,135.87640449438203,43.07330286907987,917,30.91011235955056,43.13238325828677,39.24703576343733,20.13322314091888,17.73877691722962,12.805436129532428,7.217266818469283,2.7437768823498785,39.265468428387784,20.09756676230918,17.67130745187733,12.874647212284696,7.277748072673717,2.7357034112861163
none_moving,179,4045,135.58659217877096,43.04498210136198,922,30.905027932960895,43.14817644228116,39.243077383439655,19.982509219968225,17.558798460303496,12.746056348173784,7.10264762240123,2.749215385408103,39.275053253012196,20.149582880395105,17.672571163113645,12.885648654342436,7.269430393631258,2.7498467138936635
none_moving,180,4077,135.9,43.01941179397094,926,30.866666666666664,43.17953327956938,39.23187530078654,19.991765601405984,17.599478433359046,12.759765515448144,7.12780851505118,2.7244235227739515,39.30096143707367,20.23175860733266,17.71851085374396,12.872305823369594,7.251900563261654,2.765707906357631
none_moving,181,4090,135.58011049723757,43.04949432937831,930,30.828729281767956,43.19748198095508,39.25996911438185,20.08369658846689,17.7321033739386,12.826320151767954,7.227766559541566,2.73892127783495,39.30645939107706,20.29219643218843,17.738895663638424,12.892237647646786,7.2804328566077885,2.768888288574996
none_moving,182,4121,135.85714285714286,43.040112805863224,935,30.824175824175825,43.187187611229014,39.220004937436656,20.06009414780758,17.71191720728975,12.852995143875741,7.191862433544871,2.7206959430363424,39.28249718752995,20.349777892346722,17.764694601509895,12.912234717705587,7.291032059829291,2.763125236224988
none_moving,183,4131,135.4426229508197,42.98889876293068,939,30.786885245901644,43.190088047454694,39.15890194669714,19.998602592117546,17.58897704025328,12.843654757834496,7.220394775019625,2.7473356517433567,39.2775935046162,20.44838976888044,17.828049621365246,12.917541251756433,7.31336600558645,2.7686447792027375
none_moving,184,4164,135.78260869565216,42.992349343064284,944,30.782608695652172,43.21009063478199,39.200042329802,19.98201833668861,17.596167631505402,12.832576266523274,7.270329697436417,2.755021395522647,39.294828622787314,20.463688348226388,19.559958657971258,12.916065041688261,7.289365088498528,2.777175085993033
none_moving,185,4177,135.47027027027025,43.09543917937181,946,30.68108108108108,43.237668196083966,39.30843782486241,20.054197777367026,17.724509070587544,12.846353438049087,7.304233787506141,2.7567763003988017,39.31994317964357,20.416471427217996,19.50426252966265,12.929905399401532,7.296813926707259,2.7824711233036434
none_moving,186,4209,135.77419354838707,43.10552383584834,948,30.58064516129032,43.23799876879039,39.30330963310638,20.060168546651827,17.7157792148381,12.853058993618188,7.36027195804322,2.7568071270688868,39.32730521299105,20.36954516614243,19.447712716207125,12.927772055581464,7.340542306689189,2.768449259155023
none_moving,187,4222,135.46524064171123,43.042568561148556,949,30.449197860962567,43.258152083001306,39.254458126595225,19.994113121739197,17.595893784270167,12.870579293955567,7.316354489716711,2.745244844841873,39.35663013625812,20.315102400200654,19.378842938043757,12.914466710767895,7.335846951164668,2.770632405722304
none_moving,188,4256,135.82978723404256,43.11598902257076,949,30.287234042553195,43.258772758305895,39.33477121701465,20.055784278530588,17.685968266388084,12.848362877160755,7.300821220796386,2.7546957731511337,39.36399236742051,20.272986651593758,19.321789619062834,12.91032363424888,7.355786281312669,2.7708833746568544
none_moving,189,4268,135.4920634920635,43.08252159323402,949,30.12698412698413,43.25806775121346,39.315348844022715,20.039759866227822,17.679844393551743,12.82203862920533,7.280863298974739,2.7571922325641083,39.36857128159966,20.231943516647675,19.26445147573936,12.90761649520139,7.38111394350601,2.772421188395225
none_moving,190,4301,135.82105263157897,43.0650317454099,949,29.968421052631584,43.254575359291394,39.26291206919006,20.057559715620798,17.67428512783719,12.834914505010214,7.21461862573113,2.7566851896894287,39.37062289066254,20.19360916764187,19.208962796739904,12.905809278107828,7.410013484068885,2.7740596807248177
none_moving,191,4315,135.5497382198953,43.05314638596827,952,29.905759162303667,43.24352051563077,39.24592483768647,20.121649525536437,17.678052828382285,12.829367353001345,7.284317705194852,2.744227945788857,39.347408946418426,20.148416343933224,19.14684372262804,12.916712939090182,7.457013373475594,2.7729787356672735
none_moving,192,4349,135.90624999999997,43.07661229248594,957,29.90625,43.18298281279244,39.24289735809504,20.124093828263884,17.732292155838785,12.853857900007547,7.138300060544486,2.7259394611253414,39.30452610799635,20.152672219426027,19.143587153654526,12.902593015119828,7.484678712826207,2.7912172816382044
none_moving,193,4363,135.63730569948186,43.08270712779725,967,30.06217616580311,43.26273158298526,39.24475933481325,20.131306984783265,17.707193687708187,12.826342239775313,7.136579707977996,2.7476495477818483,39.406247617163,20.110485745978078,19.06819018003973,12.874053771833994,7.481380972245037,2.782751711481661
none_moving,194,4397,135.98969072164948,43.12158461835176,976,30.185567010309278,43.24656340896565,39.28247324821156,20.095940730107266,17.63153761627777,12.783450507670025,7.007912244338272,2.7634634067930506,39.39271219762442,20.129413694775085,19.066819826128448,12.905790771240813,7.551799030231199,2.7673824713832147
none_moving,195,4409,135.66153846153844,43.07375022048603,986,30.338461538461537,43.26149241571174,39.25877153980675,20.05007292609789,17.58253578729978,12.774196259551864,6.996169336488154,2.7449383889121064,39.394998978899665,20.071508576927755,18.98971930279068,12.892580154321372,7.599638692224458,2.7821809943015636
none_moving,196,4443,136.01020408163265,43.07246127231411,995,30.45918367346939,43.21002887259168,39.26121160347943,20.104360944361805,17.63772933309071,12.806377550026326,7.159698277276176,2.735261301152712,39.33719380906216,20.015040966523863,18.91663911179549,12.855866204954413,7.568888661458009,2.7900066930958944
none_moving,197,4457,135.74619289340103,43.13623779575189,1005,30.609137055837564,43.159184449728144,39.31993676463715,20.15379857312442,17.715488015878183,12.825625962027678,7.172268302947332,2.734646302304097,39.334664094910096,19.987632036646534,18.87133234568046,12.805348805911859,7.57580647098576,2.790318732488975
none_moving,198,4491,136.0909090909091,43.10905994087478,1015,30.757575757575758,43.1717112322025,39.29545412910033,20.13427594611602,17.708679091594014,12.85200457802386,7.28541516838871,2.7236564760571107,39.374966254180165,19.961433008765976,18.813569311448624,12.766515991442548,7.5424671280894655,2.797798454182416
none_moving,199,4502,135.73869346733667,43.15450267645891,1023,30.844221105527634,43.146841324746,39.3347245713439,20.10459007637636,17.649020963196996,12.834224432794397,7.268678220104768,2.741176246483206,39.343592011695414,19.949825159398785,18.754787508023266,12.77416198126192,7.657159566037442,2.7872185764690025
none_moving,200,4535,136.04999999999998,43.08237616069005,1025,30.75,43.13939223493342,39.269570365427235,20.003623138658238,17.54462381260901,12.86723287107806,7.3236412707390235,2.724243490581703,39.34150936609551,19.929064977603314,18.70741024704042,12.771838924078398,7.696799564293997,2.7865242060884503
none_moving,201,4549,135.7910447761194,43.10901100219539,1027,30.65671641791045,43.104538104981394,39.26247421491952,20.1379552407581,17.682493514666103,12.871584060937549,7.2877027147010915,2.7526314530020515,39.30616558754423,19.94244993997934,18.709053054163984,12.783135786635391,7.6977722632454775,2.7842481156396235
none_moving,202,4581,136.06930693069307,43.11153856726817,1027,30.504950495049506,43.08913786330011,39.26163304658064,20.175259538774988,17.74901244987161,12.892769645669473,7.286760490552622,2.733846870997844,39.26754734903857,19.956117098121332,18.71689860905202,12.804403425847969,7.677211428994007,2.786981959051857
none_moving,203,4595,135.8128078817734,43.1320221048688,1027,30.354679802955665,43.077341813920924,39.28908290016416,20.250580027497065,17.831134395344222,12.89197461421891,7.400200625949515,2.7416920227461157,39.24350520406107,19.968055487884154,18.726252191051927,12.818339621063595,7.664330133390064,2.7876659681991183
none_moving,204,4628,136.11764705882354,43.06016132396295,1027,30.205882352941178,43.07301045537864,39.22301497522266,20.224367073540673,17.769454313982617,12.904509684627207,7.454788725467218,2.7360853341497395,39.23180091689172,19.97477431564743,18.731287206617214,12.825816276691661,7.651677909323136,2.788055256435628
none_moving,205,4641,135.83414634146342,43.041154014822126,1027,30.058536585365857,43.07137647509115,39.21374968481246,20.125528291066917,17.656793387062017,12.822862812016954,7.215308010118558,2.736465723793347,39.22541658389258,19.979221245433283,18.73471824394649,12.830357517043062,7.6413862897566185,2.787986560960527
none_moving,206,4673,136.10679611650485,43.04225650698821,1027,29.912621359223305,43.071769699030085,39.215864895996454,20.151265067165046,17.653135855812472,12.820078601353872,7.24175771606446,2.7341703748894273,39.22237756241661,19.981847936267098,18.736631779222826,12.833030120991634,7.632248938230835,2.787833389305407
none_moving,207,4686,135.82608695652175,43.09317719202719,1027,29.768115942028984,43.07318441488042,39.267333899811696,20.165642648046852,17.7266212345882,12.826772129702588,7.29802851804161,2.75500956171134,39.22110284627054,19.98337875914614,18.737655039092417,12.834717705706657,7.624440456604694,2.787627335395137
none_moving,208,4719,136.125,43.133001194707894,1027,29.625,43.07522332905326,39.271111659744214,20.2165561266025,17.75748910360705,12.838682177458468,7.305765325841803,2.7494811590165553,39.22088615342601,19.984142547655374,18.738045625432846,12.835833355640728,7.617767102816528,2.7874301814771614
none_moving,209,4731,135.8181818181818,43.043187204492725,1027,29.483253588516746,43.07759903260864,39.187881631887045,20.159858622824043,17.63446814590059,12.80187164199156,7.100499642471216,2.735309117601827,39.22128557032501,19.984387393477878,18.73802079700002,12.836634648971462,7.612142614255354,2.787255963793072
none_moving,210,4763,136.0857142857143,43.007154634564344,1027,29.342857142857145,43.08015804934126,39.16617035292775,20.151286436015194,17.6191589486372,12.806004589404711,7.113165139100898,2.746256360623697,39.22206189116231,19.984262951102735,18.737709231382407,12.8372589579446,7.607439936872814,2.7871127031831784
none_moving,211,4777,135.8388625592417,43.10810078906997,1027,29.203791469194314,43.08280328990384,39.26100391600443,20.213482702496147,17.74344412174547,12.865460034723952,7.2722023150230415,2.7582098532023234,39.22306948589649,19.983872526645797,18.73720046895926,12.83778555776082,7.603543817387776,2.787000229762697
none_moving,212,4811,136.16037735849056,43.14049890228298,1028,29.09433962264151,43.10423466243331,39.32406787443456,20.175150801064387,17.735527880537944,12.84636430272904,7.293845331055125,2.763945690791098,39.24168120132676,19.971115709249183,18.72120601337527,12.832225864070361,7.585546319099416,2.7894096590761888
none_moving,213,4823,135.85915492957747,43.12439450087523,1030,29.014084507042256,43.11741706467713,39.293858627066115,20.265541233901065,17.782422985358526,12.839431099106736,7.318880525300086,2.7579762115858855,39.25858805056468,19.9597509148798,18.715231903830606,12.832088620700997,7.617657433313498,2.791008088995572
none_moving,214,4855,136.1214953271028,43.12131051820683,1033,28.962616822429904,43.11066101858957,39.29418975863551,20.262112048772256,17.793909845331676,12.878676482748563,7.375606189116543,2.7289645917695053,39.27774361475801,19.964942556203624,18.737488704774137,12.819372204479984,7.555533581712998,2.792239251806884
none_moving,215,4868,135.85116279069769,43.12217646318424,1035,28.883720930232556,43.099369515583135,39.328251347995696,20.14017391991089,17.624000754260912,12.85092435030217,7.31347563002115,2.7448068737769633,39.281604742492895,20.000348372570933,18.78395125017355,12.812437596339866,7.502096896578387,2.7880744868086467
none_moving,216,4902,136.16666666666666,43.18478150815542,1037,28.805555555555557,43.12929984858361,39.396529752971034,20.162918076767276,17.660964668753877,12.82138702624724,7.2653028249574225,2.7702712762179886,39.316110388173996,19.997995781070117,18.78022024223392,12.805698527145372,7.4690225942559625,2.7965483786723624
none_moving,217,4916,135.926267281106,43.14724007091053,1037,28.672811059907836,43.12820076896565,39.358307476680764,20.1156692504761,17.619023463352043,12.798730460362954,7.174704467855841,2.7595251796106846,39.328823511535475,20.005379293586174,18.787672899410317,12.801818219345453,7.475042353237079,2.7950349288643896
none_moving,218,4949,136.21100917431193,43.07760021510459,1037,28.541284403669724,43.13452065144549,39.30525475513543,20.13084396499266,17.627203948034158,12.79620877120516,7.249899844924143,2.735362690393599,39.34032907573648,20.004353596022693,18.784963197871605,12.796249649667972,7.464676583512609,2.7952373690807093
none_moving,219,4962,135.94520547945206,43.14989995305334,1037,28.41095890410959,43.136272713775114,39.32747909443014,20.236725561000824,17.738923979590204,12.83364075582538,7.310239536910748,2.734403240813606,39.344195101307214,20.00436605826714,18.783903676106824,12.793775689743464,7.45736486416884,2.794902271832875
none_moving,220,4995,136.22727272727272,43.13283420482315,1050,28.636363636363637,43.22760650078575,39.32169533546253,20.194045884339513,17.716939200091595,12.833097752788216,7.2443369413410155,2.7362550931190843,39.421863549063325,19.986240613198213,18.77082055464057,12.834198617256106,7.718329443042955,2.7977606718130823
none_moving,221,5006,135.90950226244345,43.13549731486972,1064,28.886877828054303,43.20881528413506,39.34061482499351,20.137001028926893,17.64832876286799,12.778246429189453,7.11318921753035,2.7490343976291216,39.432209347480075,19.937998157369897,18.721428689945334,12.770191188665338,7.576321432485128,2.793410747218104
none_moving,222,5038,136.16216216216216,43.08210990148557,1078,29.135135135135133,43.14606088377836,39.28351704381849,20.167873932468204,17.614090364064275,12.786343647376224,7.188397019927716,2.746294980084317,39.35976505128134,19.985983271556762,18.772009546906567,12.783397436869341,7.495741717895384,2.7836812841430754
none_moving,223,5051,135.90134529147983,43.15892622309541,1091,29.354260089686097,43.16566224111195,39.31500088280619,20.226702172235186,17.732622166562496,12.836925218281248,7.1284516435700995,2.7510006572662213,39.375240125037536,19.961982376244748,18.741831445245854,12.767832196402143,7.456235685362438,2.7963302057179327
none_moving,224,5083,136.15178571428572,43.109795537953026,1104,29.571428571428573,43.18647641752655,39.27381320187135,20.168122805702584,17.661037444294813,12.868527754936213,7.282418076251076,2.745808652247795,39.39500807287925,19.95996533291626,18.73418274405907,12.77251804227176,7.440732952590499,2.7846996879303
none_moving,225,5095,135.86666666666667,43.19437246135101,1118,29.813333333333333,43.17238027290588,39.38315860006275,20.15257025027101,17.644680016725136,12.811188794583995,7.209181231543789,2.7561339211432156,39.37939555223298,19.96501150128203,18.753848101592304,12.77908630189616,7.548386767289122,2.773127657638104
none_moving,226,5129,136.16814159292036,43.1721872577545,1132,30.053097345132745,43.23009710130794,39.3616011203634,20.111772849039642,17.59305441823455,12.829018302794996,7.262088056423754,2.760913124955057,39.43761663070937,19.94368318276715,18.728184694541753,12.761617084991288,7.511159221888515,2.787373538217259
none_moving,227,5142,135.91189427312776,43.16168505944734,1133,29.94713656387665,43.191279004936554,39.34164655794079,20.146586997594834,17.708732976018723,12.885530115836863,7.331904294831369,2.770079805893591,39.405145780519696,19.981713038983493,18.763433845856046,12.778943111314359,7.477725497430124,2.7878394398076844
none_moving,228,5175,136.1842105263158,43.10604549453318,1135,29.86842105263158,43.16849552514966,39.260854699535315,20.13953142793101,17.660694476352376,12.899199146113407,7.302717760459168,2.7312103669282175,39.38435973223646,19.997528023686836,18.774891219997404,12.774009812352814,7.41760735518443,2.787766765136763
none_moving,229,5188,135.93013100436679,43.09642930023963,1138,29.81659388646288,43.20027581985011,39.256339662181816,20.11576861842192,17.602077924525098,12.852809376366755,7.289827653759201,2.724608127210325,39.43039363535358,19.99193600912107,18.78120236427186,12.755280949444694,7.422542255300166,2.793847175016208
none_moving,230,5218,136.12173913043478,43.120224676265536,1138,29.686956521739127,43.202072224346594,39.27733712641237,20.17951995679475,17.623676789223236,12.805600465169482,7.224696034529054,2.750498285752005,39.44229009046556,19.99554681601904,18.79388379158369,12.748509942040359,7.419462027156416,2.791445519104972
none_moving,231,5232,135.8961038961039,43.104243869732315,1140,29.61038961038961,43.19159523739527,39.28301015391239,20.207822222840775,17.71180097471732,12.821803726527074,7.242594982010355,2.763416503728213,39.43783802808038,20.005366291697648,18.81093943719688,12.74368841797686,7.396532015045066,2.7867962472671093
none_moving,232,5264,136.13793103448276,43.058860969641486,1140,29.482758620689655,43.18592800678839,39.21791030789011,20.26249484364727,17.70369113831878,12.816670972486301,7.23609587219935,2.730822398571464,39.429751090574506,20.010647028846332,18.820497162257112,12.745162110321022,7.379359312988082,2.7866673010092238
none_moving,233,5276,135.86266094420603,43.070166125464034,1140,29.356223175965667,43.17658070552036,39.2414651072416,20.237781157066536,17.688722405514568,12.797391821300495,7.217114754429212,2.7460401689347944,39.42143603769178,20.016507039399997,18.829374498899348,12.746973005065175,7.373378877060029,2.786226108198109
none_moving,234,5310,136.15384615384616,43.12162220739939,1140,29.23076923076923,43.16849889769241,39.31161418291965,20.21003732231596,17.73470657852274,12.76499485149485,7.069396602579407,2.7596500340790695,39.41568283650087,20.02034972135817,18.834973424033763,12.747526071963378,7.369853503191704,2.78591755687857
none_moving,235,5323,135.9063829787234,43.07607562567255,1144,29.208510638297874,43.17068085898265,39.27343605720905,20.14516245451635,17.702362286087425,12.815590301614096,7.093268722265704,2.745368443608304,39.44604688852645,20.056583836192434,18.883149205602905,12.749421244979938,7.375239617354917,2.78635371255171
none_moving,236,5354,136.11864406779662,43.05830884355671,1151,29.26271186440678,43.14530861925176,39.24806079222125,20.14295359942009,17.694375834614668,12.822636529134165,7.1342535321813685,2.7573251412230073,39.38568246852945,20.03671304126648,18.857768609894368,12.756512606963975,7.342929774465625,2.7876859993385708
none_moving,237,5367,135.873417721519,43.06188848394134,1158,29.316455696202528,43.121102016669575,39.26573325662675,20.08799544247625,17.607386068181377,12.789658179774094,7.132110246005754,2.7444127627102097,39.35115567551173,19.99945026153246,18.823740891814538,12.742177138520717,7.330862775525999,2.7852623885399703
none_moving,238,5401,136.1596638655462,43.11018475391999,1164,29.344537815126053,43.11576711398013,39.30441559770926,20.134228157720326,17.64041935505872,12.764027357528173,7.061644624375935,2.7376768491721015,39.349253550743,19.950485789116204,18.73075836081427,12.709295214073826,7.37798790050136,2.791720616132721
none_moving,239,5413,135.89121338912133,42.99482691582289,1169,29.347280334728033,43.104381379104325,39.20270860620331,20.049913115741823,17.583062554983222,12.75670411080934,7.068204270529227,2.7230718611235836,39.329615209356135,19.93843689229399,18.70898166454002,12.707543039549895,7.3815127511227985,2.7868000297304234
none_moving,240,5446,136.15,43.009804660817494,1176,29.4,43.12198759929426,39.18902270674894,20.071749193159775,17.601050156160944,12.74937851240148,6.997708665957945,2.744468463212062,39.367914287309546,19.94278133227575,18.695967787130417,12.69954554995248,7.427924755386641,2.7902096818463877
none_moving,241,5459,135.90871369294607,42.96647845592513,1186,29.526970954356845,43.13387983735458,39.164895953653044,20.068259445469334,17.58523918517905,12.7954412886002,7.0553790049610035,2.7704856823613784,39.3590228332512,19.923060304791385,18.6694340045863,12.698062511876515,7.38820275266175,2.795645617632638
none_moving,242,5491,136.1404958677686,42.953931596802086,1189,29.47933884297521,43.11494714887184,39.113735857557785,20.035304077597125,17.519327647219505,12.81248683253659,6.997477811276696,2.7563912731567735,39.35916877580309,19.90556257991497,18.64579126137365,12.681497950609378,7.4102804317097934,2.800257980800599
none_moving,243,5504,135.90123456790124,42.982077918603906,1191,29.40740740740741,43.11820025776075,39.14635801704933,20.1074342103539,17.661093823968585,12.80176470917314,7.0101223319543475,2.7505453738501857,39.3707377479578,19.892551783843164,18.62642432049537,12.672916402133708,7.417882561021834,2.7995062874068024
none_moving,244,5537,136.15573770491804,43.03408791857595,1193,29.336065573770494,43.05514779301257,39.18979784980862,20.117194444075423,17.679668668925025,12.78195163442206,6.969333860899519,2.754548249948885,39.29675082453595,19.955915123605763,18.700808194013863,12.709511408344426,7.38259371971551,2.7822812119920663
none_moving,245,5549,135.8938775510204,43.00582347445749,1193,29.216326530612246,43.03817547701795,39.17882367633122,20.151833938526856,17.64409429725801,12.726964996388892,6.967984461330082,2.763012160895807,39.27172494677755,20.002761524300613,18.758308397452303,12.750665749454788,7.398223177611419,2.7895778598699823
none_moving,246,5582,136.14634146341464,42.986652165487726,1194,29.121951219512198,43.04609333213035,39.15279214611131,20.108721851835217,17.556709435854167,12.730479823192503,6.970184005646554,2.731382407005593,39.27973383192579,20.01039307899078,18.76840261156725,12.751837803871425,7.40485639731793,2.7896296174131403
none_moving,247,5593,135.86234817813767,42.974791465501426,1197,29.07692307692308,43.08998425056064,39.14208315776754,20.18968575275676,17.660858755869334,12.790673907426216,7.005797639527279,2.746668192499842,39.32079149536513,19.993186109544087,18.74229330457546,12.771682674313645,7.459552840040445,2.7962103786702217
none_moving,248,5626,136.11290322580643,42.97588734677008,1204,29.129032258064516,42.99300427291349,39.14491320581461,20.174875809572345,17.589489704461542,12.771871193618566,7.023296926385584,2.7363556806468083,39.23331684805102,20.021869214855233,18.78121564310417,12.745275782342883,7.326828371227853,2.7764504509706165
none_moving,249,5640,135.9036144578313,42.92293843927172,1211,29.180722891566262,42.98138850376279,39.074698506936144,20.195668883336964,17.56665888871597,12.757337903360993,6.937470692274895,2.734653341955753,39.21589692316481,20.03272081071749,18.797440294583406,12.74474971464063,7.285639667682909,2.784493065190311
none_moving,250,5673,136.152,42.9642785176122,1218,29.231999999999996,42.97501427232643,39.1245067330517,20.221714337953273,17.64264036210963,12.783136894975994,6.948705846881142,2.7456289856286022,39.20353646248195,20.060082450533248,18.83061029381748,12.768484540138473,7.307092299142582,2.7899822441789093
none_moving,251,5686,135.9203187250996,43.07230912123126,1225,29.28286852589641,42.94889532156749,39.213939355541285,20.326855416361575,17.810175826494383,12.828831869501299,7.13491389571881,2.739630718654776,39.18973316252929,20.020939228886732,18.7862608927643,12.740914973803491,7.241939054287835,2.7803439144799538
none_moving,252,5720,136.19047619047618,43.10232505889353,1230,29.285714285714285,43.00668947890651,39.24090119707351,20.308219958276826,17.802987582373472,12.82275644598529,7.120820665575796,2.7508322981652946,39.221524777252974,20.04883852478877,18.810526791558335,12.77524461311708,7.32561328105686,2.7877569351485905
none_moving,253,5733,135.96047430830038,43.03421228485486,1235,29.288537549407113,43.048689068714545,39.1904855895087,20.26657365301111,17.726916009914355,12.837327505484657,7.214569135072134,2.741166808889865,39.26718816768249,20.02885477818451,18.797984209391426,12.769544549871474,7.3282822467122415,2.7892449605035634
none_moving,254,5767,136.22834645669292,43.0372594766351,1238,29.244094488188974,42.979233474525266,39.204612667873874,20.287574467212234,17.73104384415604,12.805125890669776,7.171215391855362,2.7392666714989695,39.20961658500603,20.001132568640703,18.769157021468576,12.742699763874862,7.227404077789432,2.7921636828338348
none_moving,255,5778,135.95294117647057,43.00038561067468,1238,29.129411764705882,42.966748900847215,39.13514671667757,20.213374923062805,17.597970817940883,12.776812345081296,6.980007204675384,2.7215382902061305,39.19662040948546,20.000480098937135,18.77061963723923,12.746361006584438,7.224206198249422,2.795012877260446
none_moving,256,5811,136.1953125,42.968725398045976,1243,29.1328125,42.96946495866566,39.110868242203075,20.237221442322248,17.59272660239992,12.758506009628013,6.9909205257413545,2.7314751590929776,39.19220003702636,20.00085902071182,18.77164120678913,12.756007360323974,7.233393777057591,2.7932787978513476
none_moving,257,5823,135.9455252918288,43.039930542834995,1243,29.019455252918288,42.97135035989872,39.18759148901038,20.24828722693372,17.663307499127615,12.753582339334473,7.011488390292213,2.747289589870983,39.162885526572026,19.960327009522775,18.71373270234646,12.73155580130081,7.193339037865285,2.7915250312739803
none_moving,258,5854,136.13953488372093,43.03005357581828,1244,28.930232558139537,42.98651849749293,39.18199332544873,20.25238024109336,17.65287905252554,12.742675429303322,6.999482832474269,2.7483242114235087,39.16429616427532,19.947926234835634,18.693633277067228,12.733576091849008,7.208921619904381,2.7925940165316447
none_moving,259,5866,135.8918918918919,43.04528648891197,1246,28.864864864864867,43.01778098913282,39.19354940358487,20.28211233274761,17.712568496313935,12.795103960903546,7.10208525561284,2.7495236643986223,39.199363878206796,19.956126591794828,18.699130655759326,12.755725943697863,7.2990166043041205,2.798056559608925
none_moving,260,5900,136.15384615384616,43.04228969251484,1246,28.753846153846155,43.03960282612171,39.19421663140672,20.1859096988453,17.579474449653812,12.769839441887727,7.01500767176571,2.7290858163151546,39.22728998772675,19.93477750225385,18.676050044852662,12.74497815077447,7.3303655486800405,2.7982620731248455
none_moving,261,5913,135.93103448275863,43.08481251844204,1247,28.66666666666667,43.025646214670296,39.22736025453319,20.24850020650905,17.711503378523375,12.751048975107299,6.970090858229558,2.7363293090422176,39.20681291281561,19.951445438983022,18.696497828123963,12.77732309372095,7.3667040552384915,2.8011073790513765
none_moving,262,5946,136.16793893129773,43.073638329957916,1249,28.603053435114507,43.0646939383181,39.235160494443434,20.301397224759487,17.754252650310526,12.750042959174941,7.078763616799486,2.7487469532031414,39.24007266494034,19.92680660324126,18.66397389327032,12.801604810813473,7.444089299709766,2.8033821048817917
none_moving,263,5960,135.9695817490494,43.12013650860886,1259,28.722433460076044,43.004181675751546,39.27225273086825,20.25775560889078,17.720078453023973,12.78123282161586,7.1726548489723445,2.743847421597235,39.189827434919955,19.923292176667545,18.67002558952824,12.762285328484388,7.342219624041817,2.794752587251307
none_moving,264,5992,136.1818181818182,43.175246637302564,1268,28.818181818181817,43.04731527228272,39.34834830410877,20.304658767187107,17.82594677160325,12.794089716624798,7.267255323493828,2.7574395588653813,39.215775761784485,19.937234849330206,18.69131594803705,12.813204406193902,7.454706613553406,2.8005018325178184
none_moving,265,6005,135.96226415094338,43.15196483050067,1277,28.91320754716981,43.026296960398184,39.316393230543504,20.307185693733988,17.80049068973996,12.81315809221969,7.303959047292342,2.7480119014309956,39.204840323224325,19.903209857015145,18.65255163552174,12.76924509604129,7.38549822535368,2.7960181895174414
none_moving,266,6037,136.17293233082708,43.165054927400504,1287,29.03007518796992,42.99924810767199,39.34155449681155,20.315821566329117,17.844015053323233,12.826384356855907,7.356730352739718,2.744731388874826,39.17420536020596,19.92121284609051,18.675156144241452,12.756443483105397,7.317362882502167,2.7876484788039764
none_moving,267,6051,135.97752808988764,43.118110276965105,1296,29.123595505617974,43.06889482091087,39.30956592532039,20.259041045577295,17.698347455545672,12.761272202786833,7.207999333350036,2.735711477256678,39.236553263490585,19.87282226900606,18.61907562517131,12.75471787898534,7.358985644500046,2.8044316136438576
none_moving,268,6083,136.18656716417908,43.12883856376878,1307,29.261194029850742,43.07193484913769,39.285439782333434,20.262777838377573,17.67773269807784,12.752176889051015,7.038369489073564,2.749755531741114,39.21434569497653,19.89021076413582,18.639708697917506,12.789295035086004,7.368949271949044,2.799675404542744
none_moving,269,6095,135.94795539033458,43.14176885761112,1314,29.308550185873607,43.095691982493385,39.277978499691685,20.312770944986564,17.70163744934638,12.799202847463127,7.132591021141655,2.739815391726166,39.24493515925611,19.944413864263872,18.69424190361818,12.808038062989567,7.426007800136135,2.803785368635117
none_moving,270,6125,136.11111111111111,43.10422933212328,1314,29.200000000000003,43.13526251430472,39.246807542535834,20.22133244571747,17.662179857335982,12.825501006948045,7.096604201132026,2.7324184127444906,39.299029372775266,19.94766590639519,18.696236459831987,12.799254712278506,7.4510861205638665,2.800289134468842
none_moving,271,6136,135.85239852398524,43.0450363331583,1319,29.202952029520297,43.13251106101415,39.1869020761214,20.24584972527572,17.672293005722953,12.817760665542474,7.103347853831857,2.7344954735936615,39.3215420190127,19.944910856299526,18.69902930652661,12.761281138827659,7.442546818415475,2.794491953411868
none_moving,272,6169,136.0808823529412,43.08363248823409,1319,29.09558823529412,43.17088058037047,39.24050588707191,20.232761150879877,17.718315134586522,12.829893905506173,7.106429929014145,2.7394642843339616,39.38139494688636,19.956958060332084,18.70207504739467,12.77013624690485,7.504831164210726,2.7899023374213665
none_moving,273,6180,135.82417582417582,43.05640728764075,1319,28.989010989010993,43.16491138109244,39.19467805709522,20.28458805365234,17.768714422277917,12.84586538862703,7.231762661409379,2.7332353982656876,39.3907165563962,19.959219226386995,18.697783492596308,12.755526698340796,7.515384264014297,2.788414059309617
none_moving,274,6214,136.07299270072994,43.10568930337898,1320,28.905109489051096,43.16051930328138,39.23642420097196,20.323062476397432,17.832442305363923,12.841329540076908,7.207533866204967,2.752254489681337,39.39683244151859,19.960193109049065,18.690868094048106,12.748962753155734,7.536269438474973,2.7869169633386868
none_moving,275,6226,135.84,43.09942593198424,1324,28.88727272727273,43.149845219332114,39.26579363488439,20.23338478081111,17.73548791024131,12.857330267968736,7.224874416035874,2.750690411028001,39.39098402451523,19.95662116974392,18.690862948429547,12.784227557526446,7.698529080925709,2.8094703992878856
none_moving,276,6260,136.08695652173915,43.146676996252914,1330,28.91304347826087,43.11134942540897,39.33418238824935,20.243898303556815,17.777480281179315,12.82838677203722,7.205600777477464,2.7654780713148654,39.354760504561916,19.98914290728903,18.720216059873884,12.804260782047303,7.740660492051994,2.7948279505283895
none_moving,277,6273,135.87725631768953,43.06809366333367,1335,28.916967509025273,43.15603945492563,39.26215323815965,20.210715404880958,17.68213439902971,12.841090000512438,7.178519255412994,2.739591703830513,39.41942347846493,19.940605446888917,18.66887070255212,12.733890836908968,7.658053194648766,2.7910815056810034
none_moving,278,6306,136.10071942446044,43.102571594092964,1339,28.899280575539567,43.124862853791804,39.28346221004303,20.169475373082896,17.621985135637296,12.823419341325163,7.029690199112503,2.743842675009382,39.3848123351317,19.970979965380646,18.693640327465893,12.764235909247208,7.686079544047227,2.7845203887041157
none_moving,279,6320,135.91397849462365,43.063913791208925,1344,28.903225806451612,43.10972301711375,39.21261293839726,20.111095179380996,17.52791871239164,12.80314051691603,7.0096533237892436,2.7334776297959467,39.3750525493649,19.981146591122542,18.700758073516457,12.770620515772244,7.677508664912591,2.7848854731686066
none_moving,280,6353,136.13571428571427,43.02832443870459,1349,28.907142857142855,43.0814170825659,39.169079047555655,20.17699941584243,17.619475129722865,12.818955454065268,7.12044205517198,2.7445929476911775,39.35176310865606,19.998388588969163,18.72218976224362,12.78035873486709,7.746215564897574,2.7862052009784244
none_moving,281,6366,135.9288256227758,43.067215665847066,1354,28.91103202846975,43.11441217562562,39.20550854588817,20.26330682969015,17.701690150784014,12.882338097730477,7.319506474375883,2.73801487592569,39.39650338630579,19.963429970252598,18.684492026514672,12.752405668145151,7.752072366300977,2.792191956457606
none_moving,282,6399,136.14893617021275,43.16882560016408,1354,28.80851063829787,43.12494373114635,39.32116779564203,20.252293421681287,17.775155604344228,12.873891254549424,7.208459649106069,2.7449192333551844,39.42027270511743,19.945120379579063,18.663272686455198,12.719697624050307,7.7085108869365655,2.7896823880582318
none_moving,283,6413,135.96466431095405,43.14690272739395,1356,28.74911660777385,43.13872246054889,39.31618377778939,20.231684866333634,17.687718629748428,12.793185869961718,7.037776089086778,2.7509595000620366,39.44187278073171,19.93203037061411,18.64457682176269,12.686541306070652,7.628820609276518,2.7974851188395573
none_moving,284,6446,136.1830985915493,43.08474394637827,1357,28.66901408450704,43.07339245849284,39.282806795758646,20.17242784975491,17.6386885462831,12.773341844519857,7.031593118464334,2.7680931440177607,39.38591878403177,19.921448274015482,18.63034941669546,12.649725113497515,7.528415499839467,2.789845171320683
none_moving,285,6459,135.97894736842105,43.0403466055207,1357,28.568421052631578,43.03913373973264,39.22826005790737,20.153825408065487,17.642508983540882,12.75806036999473,6.945866220169291,2.7387943245643243,39.34370621685318,19.9531775185948,18.657888597150432,12.667627323274923,7.49706601146133,2.795297977464604
none_moving,286,6492,136.19580419580421,42.95445598368059,1361,28.55244755244755,43.05106288270692,39.158772247452774,20.09383894575243,17.59154216734536,12.791151230958409,7.023278692731972,2.723292177473973,39.34647336657928,19.95768086806708,18.652609475770685,12.671134540110605,7.42156523443274,2.7939465452954257
none_moving,287,6505,135.99303135888502,43.05481531033188,1361,28.45296167247387,43.04009862356407,39.266114571163044,20.20931675221418,17.74898009782344,12.776592016713947,7.076794225408642,2.756163648087201,39.32859981013125,19.96851537894898,18.69083719934396,12.679098033576235,7.377092359286607,2.7948591608473676
none_moving,288,6537,136.18750000000003,42.99898223964812,1361,28.354166666666668,43.02916880424591,39.223505482328456,20.21529910401392,17.746662435148828,12.774590731598275,7.185790866786802,2.7403977453184174,39.30891233904739,19.983422562958484,18.719232872917047,12.695641756921258,7.339013323508772,2.79411837485403
none_moving,289,6550,135.98615916955018,43.04578602172546,1362,28.27681660899654,43.018223203557696,39.24415435272864,20.22889874960076,17.80256392842131,12.77637430721222,7.157484109193378,2.7524409655029367,39.2920029367341,19.983765465553766,18.724213421321426,12.702823383840297,7.327090485506874,2.7930297565308058
none_moving,290,6582,136.1793103448276,43.03602703221405,1364,28.220689655172418,43.02230362909638,39.19350212889837,20.283146706577195,17.811027589364876,12.783695792665261,7.130499108459072,2.74964557212738,39.31627200504039,20.015625885851996,18.77169098573508,12.711890790246654,7.325319418431574,2.793852845853581
none_moving,291,6596,136.00000000000003,43.07163308617665,1369,28.226804123711343,43.03147530852582,39.25917712352173,20.272582647986667,17.812584403874645,12.814537162035274,7.190802577597873,2.7562171234899844,39.315595934896706,19.972572093772925,18.71629052538579,12.686908146039219,7.3301601410200306,2.79574210905907
none_moving,292,6626,136.15068493150687,43.101342987847076,1375,28.25342465753425,42.98361084584679,39.26989553220159,20.27843995404805,17.786492182759595,12.83418694480491,7.219072953610457,2.77042736199747,39.24872412878191,19.97332305689069,18.686461311620043,12.70830537414205,7.423620136977811,2.781199966974776
none_moving,293,6637,135.91126279863482,43.082383403679195,1385,28.3617747440273,43.02689427197301,39.250571868262625,20.32149700640667,17.80083105821422,12.774546743394945,7.075847236264539,2.727900443177198,39.27020372270201,19.966133289317018,18.70334593645504,12.698332222367329,7.288266365093735,2.788835011321601
none_moving,294,6671,136.14285714285714,43.06343604627484,1394,28.448979591836732,43.02428835933841,39.26090553824902,20.286084714061175,17.75878520042261,12.74824844992713,7.128278215355465,2.734447996614826,39.254386500825134,19.922639447322606,18.680111452309838,12.668043565237635,7.238580969872916,2.789599558603773
none_moving,295,6682,135.9050847457627,43.152933612919995,1405,28.576271186440675,43.03363032712211,39.351919105194156,20.353258489457907,17.87929845161806,12.792111583743775,7.192345049716491,2.743490307340265,39.27519464798621,19.930707877871765,18.683844903886047,12.66702887183811,7.309797502602252,2.7851390675834087
none_moving,296,6714,136.09459459459458,43.14682967149481,1417,28.72297297297297,43.06521911750749,39.35564669403144,20.3186813778131,17.81286626722808,12.768530047206761,7.167836196141445,2.7710425847984275,39.267493928156284,19.943242081972432,18.69897885528792,12.740688639474977,7.359444501928947,2.775726445700715
none_moving,297,6728,135.91919191919192,43.09593835828138,1424,28.767676767676768,43.066014719172195,39.277655406774485,20.264102051931197,17.7457830022335,12.72301285631874,7.004887554947753,2.757928637003407,39.25299127713145,19.93591801686886,18.707640363617433,12.74590563284347,7.330233434970623,2.787799659536612
none_moving,298,6759,136.08724832214764,43.02617199088532,1429,28.771812080536915,43.03958606231857,39.2274230712427,20.195089507618516,17.67175683308441,12.73150065877127,7.062798873366161,2.73542330622085,39.21586184030081,19.945927679859533,18.729069483291592,12.794336033888893,7.423253893976153,2.7735548132346195
none_moving,299,6770,135.85284280936455,43.063340559639315,1435,28.795986622073578,43.011200025956335,39.2646672980767,20.264945398484496,17.751655201044677,12.787621509387733,7.169389059438538,2.7470203399734245,39.1829375524788,19.965470104162286,18.759803506931373,12.779998196036871,7.419434926711133,2.7757072890206524
none_moving,300,6803,136.06,42.9974909881917,1435,28.7,43.00900215795682,39.15742188536052,20.271238291562018,17.671373832300876,12.822389018910043,7.188478021456276,2.751983427338593,39.174852588048154,19.98319028984432,18.778136845001878,12.789907701383324,7.391416073097661,2.7805097725026746
none_moving,301,6817,135.88704318936877,43.068565339900786,1438,28.664451827242527,43.0201428113545,39.20860677247585,20.33340057710967,17.765627310261614,12.84252980075428,7.173836791825848,2.7629958554553835,39.18275996395514,19.97936860807478,18.770003500454596,12.790384677848781,7.35929876158552,2.794111309556795
none_moving,302,6849,136.0728476821192,43.06474396900684,1438,28.56953642384106,42.99239775076696,39.20054648475898,20.37701324605273,17.833580863668264,12.842379115830507,7.163473361565679,2.7620192748252785,39.18982672119639,19.96342513212644,18.7448618010945,12.73603565955761,7.27817536649076,2.7920177012577874
none_moving,303,6861,135.86138613861388,43.16148873804187,1438,28.47524752475248,43.000227061215995,39.325517230929236,20.440249273650522,17.945284449035555,12.84696750177173,7.263799584699748,2.770675153930925,39.21634196005179,19.956103608655674,18.7289756088265,12.718413549817388,7.272850226759609,2.792023518489722
none_moving,304,6893,136.04605263157893,43.153167025191664,1439,28.401315789473685,43.00664898996647,39.30698129115545,20.39155580140407,17.889000903724643,12.861300611721635,7.21552385473845,2.757904079828539,39.229496708105614,19.93587583228174,18.683540230855606,12.699923200522232,7.2887016802803135,2.793120081140909
none_moving,305,6905,135.8360655737705,43.09527486225181,1444,28.406557377049182,42.99361172946125,39.25736243454707,20.29238247194533,17.81542979280884,12.82888635148705,7.156599287417365,2.752437333092889,39.21646485405676,19.93783398623628,18.67098297943857,12.703512221242676,7.2808701039642285,2.7886929070345428
none_moving,306,6938,136.0392156862745,43.04091550371429,1449,28.411764705882355,43.00894718393815,39.175537002393824,20.321075874426764,17.83015483173292,12.84091586036119,7.162232303348541,2.7476809374653217,39.23454515825849,19.97891073296002,18.7051603309099,12.770569583100327,7.407202052788071,2.8062460262136395
none_moving,307,6952,135.8697068403909,43.05089860536333,1457,28.47557003257329,42.98271427988376,39.20595232557932,20.241745485540832,17.72075643945233,12.825275723654546,7.086772920797314,2.7546183020557757,39.217704743389206,19.989878892341682,18.714759668484966,12.748803772617592,7.388347298599307,2.796447744416613
none_moving,308,6985,136.07142857142856,43.06286021785967,1469,28.616883116883116,42.89777338144197,39.215035958980884,20.21714364634992,17.666709593523148,12.808464433559474,7.017542033845347,2.745708799290741,39.137352101949325,19.98780029570941,18.702879986993718,12.749093000635943,7.3226258005970335,2.7981293046576723
none_moving,309,6997,135.8640776699029,43.11250520522178,1480,28.7378640776699,42.97820711298085,39.26932910683162,20.21163277088374,17.762362748563554,12.854576260105988,7.096094141904357,2.7582130185409426,39.21556785979956,19.98145993553715,18.69156597715785,12.76414427252175,7.43449995364369,2.798142597076641
none_moving,310,7029,136.04516129032257,43.08486336197911,1492,28.877419354838707,42.937049491017696,39.23292566881049,20.267103059078117,17.731850666258474,12.835979519305365,7.207737078569592,2.762596640655538,39.1681499421153,20.01785301711526,18.726281638329873,12.778491331838955,7.393658029689065,2.798602678177851
none_moving,311,7041,135.83922829581994,43.11493252524965,1506,29.05466237942122,43.051099373402884,39.24419023934073,20.310645260645675,17.78404975652061,12.821073826369025,7.149828432568735,2.7540829370717383,39.27870263317276,20.011184344436522,18.71671307297253,12.793786210258896,7.508303970591136,2.80711261573717
none_moving,312,7075,136.0576923076923,43.13612804270953,1513,29.096153846153847,42.984184713334905,39.277552988958035,20.274431265130833,17.757777736491104,12.812307032338147,7.05120294112934,2.7490724142166973,39.20725719547839,20.01204752113384,18.694459002027592,12.76715979987711,7.382012645916532,2.7952227706863693
none_moving,313,7084,135.79552715654953,43.140618880102494,1521,29.15654952076677,42.96519888421453,39.290621849906856,20.266219150381975,17.726590153420364,12.781355525761198,7.055921007627475,2.757264747946602,39.219407423357616,19.93416853088803,18.60367800842827,12.68703580193874,7.3675849440875405,2.7926117314963883
none_moving,314,7117,135.99363057324842,43.08837198455526,1526,29.159235668789808,42.988170211701586,39.26128151072143,20.30023012658459,17.73175995961126,12.747337067625663,7.081986033888204,2.7533632740491667,39.232845785362855,19.93151732250245,18.586307470481607,12.707655555471401,7.3337786798528395,2.7886006155872853
none_moving,315,7129,135.7904761904762,43.01946443477026,1526,29.066666666666666,43.00542166321194,39.18159103671709,20.22658360654836,17.620497930105774,12.71477732893585,6.969982126496859,2.722389482443926,39.25098308192101,19.912079481401513,18.564420025484072,12.690862771620885,7.329282109212713,2.7898701711462337
none_moving,316,7163,136.00632911392404,43.053191184141944,1529,29.031645569620256,42.98017288931838,39.19380217378097,20.26671811080085,17.703049533666746,12.750386047898097,7.003649433059819,2.73483219567208,39.227788742959646,19.923050336633697,18.581883533145994,12.68335755066517,7.338308866643217,2.782008885167941
none_moving,317,7174,135.78548895899053,42.997888413079316,1529,28.940063091482653,42.995457497540485,39.13581861874318,20.28270851065002,17.700192039775366,12.81387233327291,7.065357092413005,2.7357574056626293,39.22734695706752,19.890510607756003,18.54532819801405,12.651751788996194,7.254188692390234,2.7834050731173003
none_moving,318,7205,135.9433962264151,42.985890177891065,1529,28.849056603773587,43.013698964390464,39.13081022514952,20.25311253078646,17.64020469338294,12.824181265872344,7.09923764838092,2.731682056634135,39.23851488390017,19.884501134400388,18.541286352867566,12.653936685472486,7.258447917312395,2.7826285610611303
none_moving,319,7217,135.74294670846396,43.05060323523175,1530,28.77742946708464,43.01677072204595,39.217108846208546,20.213846209271253,17.677717561322204,12.790671890101455,7.06913229173207,2.734712867165397,39.237735779580774,19.85634884159286,18.51536330656209,12.6416229525954,7.242794380433234,2.779306669165691
none_moving,320,7250,135.9375,43.050507930613726,1532,28.724999999999998,43.05269953415978,39.22941685204127,20.160902972718112,17.609241048853384,12.76433563497052,6.996610854138868,2.7462029216421615,39.26658567428607,19.816626624912935,18.471110451900053,12.63780894164948,7.228180412840913,2.779800489200611
none_moving,321,7264,135.77570093457945,43.116006593637714,1539,28.76635514018692,43.045269106196535,39.26145110400527,20.246720534082115,17.67976535905537,12.814247938192251,7.125056682532618,2.7422022543946025,39.257445654317664,19.777818406356918,18.429847510225336,12.610094990625225,7.1730592417143155,2.783945250899765
none_moving,322,7296,135.95031055900623,43.108322405271196,1545,28.7888198757764,43.0907354927535,39.253500204208486,20.247974848366923,17.722460327797023,12.855797334357794,7.170406213291863,2.739302644287747,39.304738010546096,19.770978176614737,18.427756184831132,12.643045225517115,7.278371664462155,2.7922446336604345
none_moving,323,7310,135.78947368421052,43.02999306751829,1552,28.829721362229098,43.0404086753119,39.191960615589636,20.20023028434955,17.634814403660123,12.761191945420077,7.019379803144342,2.756120784110506,39.25110410932825,19.78342173086086,18.445778609272605,12.63710100610961,7.290274015759997,2.7860210062367066
none_moving,324,7342,135.96296296296296,43.0179330201885,1559,28.87037037037037,43.02627700971226,39.169903031829364,20.23449962199503,17.65856618922219,12.769653738564598,6.992568664913388,2.7392234714611234,39.23815854176142,19.762063631635293,18.43069303665792,12.602424140675236,7.269669588153428,2.7724296308767005
none_moving,325,7356,135.80307692307693,43.085080906859666,1567,28.929230769230767,43.09091848533949,39.2583002728198,20.286174493780063,17.72468000500633,12.794788410252457,7.130535840731604,2.7535306931513284,39.276938038526126,19.724548410513187,18.380276356489382,12.610610489177164,7.267533616506516,2.7737804857831105
none_moving,326,7390,136.0122699386503,43.11373453082052,1580,29.07975460122699,43.05544167100007,39.26976609005227,20.260634624165654,17.728444575768613,12.81904460978412,7.123490890430974,2.7386692732102236,39.24777128736458,19.74788372883616,18.427044084227994,12.659095964754231,7.338085050111658,2.78232991153664
none_moving,327,7403,135.8348623853211,43.10130451193163,1590,29.174311926605505,43.00096955669059,39.263318360970786,20.21475427729097,17.672073753221913,12.826503340682992,7.120178915699214,2.7444986712827806,39.18885489878185,19.75192457633422,18.451780885425624,12.616581635987925,7.189541112042209,2.7810676154001803
none_moving,328,7435,136.0060975609756,43.09301586725645,1602,29.304878048780484,43.02550347038048,39.26920273954871,20.219324795668143,17.65636641822288,12.818858656595172,7.2152755291092125,2.740708150606654,39.20555611982756,19.73287804410292,18.438166429716166,12.635054191334858,7.212883949171904,2.784817605668766
none_moving,329,7449,135.84802431610942,43.129269953710505,1611,29.37993920972644,43.084352022301104,39.30480738950184,20.326162117126398,17.857043180983688,12.865422351261738,7.281269604121208,2.7658540253229114,39.277627752319205,19.819571022604524,18.529418703334997,12.728371502885114,7.4965878690088,2.791006410049704
none_moving,330,7482,136.03636363636363,43.106760603402485,1615,29.363636363636363,43.107190877412144,39.287625806701286,20.356101558187397,17.86136791639248,12.900552739777387,7.45795806282312,2.739893280780941,39.288250618802536,19.809960466480103,18.514212779911855,12.73749963449856,7.551725539615404,2.787416367872862
none_moving,331,7494,135.8429003021148,43.032988563314376,1622,29.40181268882175,43.10252886425912,39.236538955840935,20.298218209535587,17.760665131818193,12.81207571636984,7.262245424428661,2.7309529276131754,39.28692418751776,19.81489560841666,18.528772523936254,12.746737380295077,7.597852369602926,2.78413936227096
none_moving,332,7528,136.04819277108433,43.062045521404826,1623,29.33132530120482,43.0919762286611,39.26068416201884,20.242939795628544,17.70600442615834,12.802570664700543,7.1982276830083105,2.717330679780375,39.27405372562917,19.819176123245747,18.561485423021374,12.767410909578105,7.620276928678452,2.789684992767771
none_moving,333,7540,135.85585585585585,43.094797634517505,1623,29.243243243243246,43.07530837227165,39.28516896215531,20.298037064121967,17.744704068427044,12.83567053484539,7.333396988710651,2.7429551283748737,39.258217152583896,19.818617866657668,18.57770469445891,12.773587453871528,7.622036047707117,2.7894796580731698
none_moving,334,7571,136.0059880239521,43.00956631046317,1624,29.17365269461078,43.07216112177476,39.22988573410092,20.278733908566636,17.674761171399865,12.79739509550488,7.3708369477323785,2.746862634936094,39.25465610056811,19.813248919479438,18.56948472946909,12.775376551564479,7.648082552351503,2.7942761488381587
none_moving,335,7583,135.81492537313432,43.04882283732021,1624,29.086567164179108,43.067863180675076,39.26735747166315,20.23309062552254,17.716380996550207,12.781019810809067,7.195817661576318,2.731059758382621,39.25221550744802,19.81362376173344,18.568403323262807,12.777476536842595,7.668791836705651,2.7935301383388693
none_moving,336,7617,136.01785714285717,43.01079543200334,1624,29.000000000000004,43.06337873260304,39.19411301750133,20.178011046429514,17.68491993263621,12.826033889652543,7.149426870186595,2.7285291225602935,39.250438066414794,19.81673782934436,18.57061893189379,12.77951493872502,7.686183887590266,2.7931457345917146
none_moving,337,7629,135.8278931750742,43.018452006503715,1624,28.913946587537094,43.05862693084922,39.198366088446654,20.16351059287098,17.692326835527762,12.895246754217332,7.2381958068645345,2.7470391211566274,39.24870131793946,19.82135803081723,18.574541372084568,12.781441235205138,7.700148486780063,2.7929139821038227
none_moving,338,7662,136.01183431952663,43.01172039226205,1624,28.828402366863905,43.05380211253112,39.16555438441864,20.150916444080554,17.67193161746645,12.902189296220273,7.249941080491149,2.7420414395542116,39.24693600371843,19.826728196676907,18.579231319104206,12.783185839476571,7.711134882654043,2.7927667652784107
none_moving,339,7674,135.8230088495575,43.029473000811386,1624,28.743362831858406,43.04897389133247,39.17692200764206,20.186150940682438,17.6532591139442,12.83801083312448,7.140016477076494,2.7639114469473784,39.2450957185766,19.832477897969213,18.58425285244258,12.784761635692798,7.7200022153323875,2.7926515355940666
none_moving,340,7704,135.95294117647057,43.05668321838403,1624,28.658823529411766,43.04421168552895,39.25223210686665,20.187786839812475,17.696591026011014,12.829124348112138,7.176634840923321,2.7468947538412998,39.24319482848657,19.838391098925353,18.589372383813338,12.786186610216653,7.72727317151755,2.7925449308225216
none_moving,341,7716,135.76539589442814,43.08807346890155,1626,28.609970674486803,43.04557062517392,39.301995959175414,20.265198307574394,17.751345198482177,12.861317772930486,7.288444879806005,2.747173046460414,39.24916002875393,19.837648950062515,18.58740301061313,12.77341130729098,7.7225483216686746,2.7967242543509867
none_moving,342,7748,135.9298245614035,43.11005169231355,1626,28.52631578947368,43.0509247792673,39.31290104123243,20.27321815874238,17.749805772682045,12.835799475138755,7.205445938884921,2.7510284589052287,39.25717367986972,19.83599172003132,18.583845251788897,12.764423907184609,7.708497232110351,2.7971566555262384
none_moving,343,7755,135.65597667638482,43.05807934331271,1628,28.478134110787174,43.04914128615644,39.278804484030715,20.22053993342579,17.689075757916925,12.78590275253751,7.145548340221167,2.7394383731001453,39.258192807218855,19.839559032487106,18.586253146693608,12.761445984716351,7.70709208477774,2.796156239148963
none_moving,344,7789,135.8546511627907,42.990263639128564,1629,28.41279069767442,43.061620149908414,39.176112641232685,20.168113720799397,17.60891769954347,12.814228085961918,7.08140776325697,2.735755718828344,39.30312899533788,19.782229231503923,18.523375380774738,12.689121996703456,7.553046242257757,2.7885790922927725
none_moving,345,7803,135.70434782608694,43.011078044643355,1629,28.330434782608698,43.07084452895902,39.158204172943364,20.28874751328301,17.715591375976878,12.852083008431206,7.176083250840379,2.7361986562501364,39.322350642639265,19.772196376868823,18.50808503679945,12.653456513141496,7.461762515518998,2.793985654029005
none_moving,346,7837,135.90173410404626,43.04830189092227,1633,28.317919075144513,43.08383703967854,39.16140128250474,20.339699095872124,17.738771830762865,12.828576964203823,7.082014038349416,2.737279477372433,39.33202674671081,19.77686820793762,18.504496205538462,12.62809288776252,7.340349172298291,2.8026280973272253
none_moving,347,7851,135.7521613832853,42.99106609823587,1633,28.236311239193085,43.07745219715582,39.154833700933786,20.242195992050505,17.642582724276853,12.791829284349163,7.054142868075423,2.7156603875650775,39.30502610769591,19.79241563663167,18.51236190482282,12.611245921050017,7.216721011141146,2.7880199581318545
none_moving,348,7882,135.89655172413794,43.014873863880865,1633,28.155172413793107,43.09224065771389,39.16248249437449,20.305851779003287,17.720279028028926,12.801141623461985,7.038932393349959,2.7418134084815544,39.3073684412236,19.81173380640931,18.5263515018192,12.624811429165659,7.187978406311706,2.7876184281583507
none_moving,349,7894,135.7134670487106,43.00834289467412,1634,28.09169054441261,43.09846550376323,39.188424119864706,20.278764639235657,17.70409330459035,12.811549625348711,7.123951849551582,2.747674958077456,39.307391690002014,19.854716330309493,18.58823888132077,12.645278959444246,7.133837259314226,2.786779395666959
none_moving,350,7927,135.89142857142858,42.937296895781266,1639,28.09714285714286,43.11200702873292,39.10437401334575,20.249803464553576,17.60737425988379,12.819059895460837,7.130656704474684,2.7368921638004386,39.317300929303315,19.88278315388959,18.626524100523053,12.651766225196317,7.090054487405161,2.7758846648143134
none_moving,351,7941,135.74358974358975,43.011366053075676,1644,28.102564102564106,43.14212094562337,39.192521237901786,20.325988363289763,17.708257969292255,12.783030887318008,7.051352317347195,2.733852070265112,39.34658705127744,19.919578170670075,18.668625407315588,12.677996267944344,7.139723635993213,2.7875215475529744
none_moving,352,7972,135.88636363636365,43.03358786999265,1648,28.090909090909093,43.13804480408405,39.237643619911424,20.315158454598013,17.72621172824746,12.770475822700723,7.069242455350689,2.740758284990599,39.34055571779601,19.912835426914743,18.659788499328062,12.65206674584268,7.0879024406683575,2.790809944247217
none_moving,353,7984,135.7053824362606,43.09010648699613,1657,28.164305949008494,43.0763546372107,39.261421704038035,20.37047981045315,17.775855022718346,12.739611272102316,7.087014447519263,2.751805033108059,39.26229475058139,19.97392815590903,18.712846190070614,12.708913997283561,7.0900959806042545,2.779531434862974
none_moving,354,8016,135.864406779661,43.038481657385795,1665,28.220338983050844,43.06267479966231,39.18168029750128,20.332491354248734,17.73563305055908,12.804131817075573,7.171757438100771,2.7427008378026985,39.25065732966572,19.966980520420123,18.718720782623055,12.709646034817304,7.069049012008938,2.7698358034714254
none_moving,355,8030,135.7183098591549,43.09909437273885,1675,28.309859154929576,43.04678707570441,39.238576656482095,20.30258249852628,17.73382147347551,12.795679835276161,7.14405398906639,2.752936844042469,39.23314236367073,19.964122154518076,18.723282182169033,12.722073092547404,7.07628845889628,2.7777174271986325
none_moving,356,8061,135.85955056179776,43.049854896398976,1684,28.382022471910112,43.04860138783929,39.22209358371305,20.281824352336717,17.779568820866366,12.802275422727229,7.190600890620829,2.7522308022219355,39.24233950658008,19.906702430231473,18.666291029228557,12.653744513970697,7.034219981493086,2.784715368982441
none_moving,357,8074,135.69747899159663,43.057283192547324,1689,28.386554621848738,43.0531333210046,39.241196290904746,20.341520189747346,17.846779867938707,12.794272706957388,7.095388468296082,2.748466095862768,39.240858154784036,19.954801296266815,18.71759133814151,12.729497424772317,7.147152854405448,2.784598573920213
none_moving,358,8108,135.88826815642457,43.08179831835708,1696,28.424581005586592,43.06443324610162,39.276800117452005,20.31833316940066,17.828000967942337,12.783338434995871,7.089277207824724,2.7470027371114383,39.25291002340028,19.93515317351586,18.70015316612273,12.724031732495828,7.164631538081345,2.7722294670468757
none_moving,359,8117,135.66016713091923,43.110635716351716,1702,28.44568245125348,43.03823651954316,39.27923851084059,20.278616841396154,17.78981659297434,12.896985046775386,7.290979857679013,2.735262320968159,39.22584233689983,19.951463338863505,18.729392078289678,12.749259640772632,7.249835088798425,2.7990088964171873
none_moving,360,8151,135.85,43.124075203599205,1702,28.366666666666664,43.005267451487576,39.24594894108807,20.286497095517582,17.772634130656304,12.919485147724021,7.253867970080118,2.765740596853846,39.174919155960964,19.98910743368242,18.76403818232739,12.788599178290188,7.238879934096421,2.7956743265897424
none_moving,361,8164,135.68975069252076,43.08361639985991,1706,28.354570637119114,42.98094184666375,39.21048747380744,20.279735565320912,17.694243132541214,12.810858242638933,7.202054611249673,2.7667010191368084,39.148747516038696,20.009911964120665,18.787310164215405,12.825227627396083,7.320377922635328,2.7831406652737707
none_moving,362,8196,135.84530386740332,43.16485270855614,1706,28.276243093922652,43.01060737764327,39.318390750815226,20.26198860848085,17.75649958882512,12.801977730908494,7.181960510548095,2.776151917624485,39.19569923873302,19.96622029548681,18.73545680946342,12.784748082255168,7.320697358331681,2.793704347952571
none_moving,363,8209,135.68595041322314,43.09678394590111,1706,28.198347107438018,43.02029252382767,39.24920765066316,20.281510005036857,17.720512973642162,12.821018605067199,7.229276924515877,2.7657865925132326,39.21269792538975,19.951415437107023,18.714638367587668,12.7800847080665,7.368396251186902,2.793734205037357
none_moving,364,8241,135.84065934065936,43.089140721860446,1707,28.137362637362635,43.02713600169566,39.25338910901452,20.265748730591184,17.689283215879883,12.797319102448869,7.198127878381498,2.7458733935194006,39.22095943099891,19.913241759710363,18.658373176346366,12.763135861442612,7.411714224212823,2.796957794236541
none_moving,365,8254,135.6821917808219,43.094950108713626,1707,28.06027397260274,43.03470864752413,39.263548021539414,20.294660856242004,17.689155788651668,12.801250907556149,7.17849607563928,2.722023928204108,39.22994864806504,19.890493962602502,18.62540186379746,12.753545914692173,7.444923662226728,2.7966805289049312
none_moving,366,8286,135.8360655737705,43.11262525380746,1707,27.983606557377048,43.04320391133962,39.27644634581738,20.2936906205055,17.712198848581465,12.80428877511024,7.135220709094262,2.732966405069406,39.239026947231466,19.875785721670244,18.604955807117697,12.747963509135875,7.4692655537590085,2.796800338986819
none_moving,367,8299,135.67847411444143,43.04599921527034,1709,27.940054495912808,42.997204115626715,39.21763827634441,20.271859220942453,17.693310241927385,12.807048764682678,7.159615824498829,2.7429082795542783,39.19915394172103,19.903359148576858,18.634182683553668,12.784015652782433,7.591629696886524,2.7740536088434076
none_moving,368,8332,135.84782608695653,43.000320788255266,1715,27.96195652173913,43.09443429920576,39.146478380401525,20.26017745848811,17.62466613608435,12.841020310872874,7.209888734074722,2.732901551214223,39.2792708816623,19.890109257882074,18.618906678544846,12.809501032599771,7.664596143541979,2.8098078831726263
none_moving,369,8346,135.7073170731707,42.96327063354766,1722,27.999999999999996,43.13356051733896,39.09711089852602,20.235037113032558,17.576845785596838,12.801873400656882,7.02775074180262,2.7420689632328292,39.326098814003025,19.853560721227144,18.578901674144937,12.757082091157223,7.578225780756059,2.8115426472949037
none_moving,370,8379,135.87567567567567,43.02031927841717,1729,28.037837837837838,43.08005463713318,39.15443041157724,20.27871621224419,17.614182447108597,12.7698007207929,6.931036928799403,2.7444104792796518,39.28739735178286,19.830507608553127,18.55028221168494,12.692276837077515,7.45321728579598,2.7986183270360763
none_moving,371,8393,135.73584905660377,43.04547525728865,1737,28.09164420485175,43.13904745595122,39.182435326207234,20.314475925158703,17.6512994613631,12.85352812946178,7.18053375734934,2.7349915457260687,39.33398889493704,19.842427642482562,18.555774292344932,12.723959716975806,7.490971005427487,2.7992711899071736
none_moving,372,8426,135.90322580645162,43.04523746289715,1744,28.129032258064516,43.10734651996718,39.20283242305386,20.334174525561263,17.714754441960693,12.866889399529216,7.27078280740119,2.7364997907207256,39.30849620702651,19.86534808856441,18.585785819533378,12.722616849159659,7.5200451605464576,2.7906928235342288
none_moving,373,8439,135.7479892761394,43.12229359411075,1752,28.182305630026807,43.1257318294547,39.27487044415024,20.27768950388495,17.689964724880593,12.864458392650986,7.285925943775519,2.7418242855922266,39.32875225321184,19.84613629775535,18.55885235716107,12.685441637602278,7.426413925889782,2.794395735549344
none_moving,374,8472,135.9144385026738,43.08218072343656,1759,28.219251336898395,43.204197027216125,39.2326688295459,20.28197406219634,17.676313589132178,12.859615209140165,7.318318424188429,2.751855755276684,39.42401987298086,19.803613599358535,18.51265636245385,12.642183261478484,7.403294087908242,2.800949119326309
none_moving,375,8485,135.76,43.135063482876035,1759,28.144000000000002,43.210649781515606,39.28129119905087,20.307833711653792,17.720564949453195,12.804458787968445,7.189070219157932,2.7511855011634805,39.436190494169175,19.804256997218257,18.51081883744009,12.630575574378872,7.389481481102223,2.7973776728191218
none_moving,376,8519,135.94148936170214,43.13003640770606,1763,28.132978723404257,43.20022592089828,39.28148058889373,20.314784013164186,17.718328902682895,12.783052670442824,7.132917441505977,2.756874691153317,39.42893700730869,19.81637334133306,18.525545286010452,12.62205562817714,7.3767011171748385,2.7946990416817425
none_moving,377,8532,135.78779840848807,43.17556847786603,1763,28.058355437665785,43.24408355221468,39.26747294893177,20.39375370512572,17.81919179624807,12.849509674110244,7.139059097702927,2.753157489923462,39.48768435879308,19.799522433822457,18.532156956901634,12.621617260709261,7.404052708306772,2.800006395296186
none_moving,378,8566,135.96825396825398,43.161342597113624,1763,27.984126984126988,43.24902096272689,39.302665818537804,20.330668317307648,17.753734327393722,12.815594457022517,7.190587749762755,2.7567978028059095,39.49598728986308,19.799588138246726,18.54510584980333,12.628185773796272,7.424770052703159,2.7992115369804105
none_moving,379,8578,135.7994722955145,43.107663876597044,1764,27.926121372031663,43.25708376611679,39.27459899691895,20.242849918624326,17.63376176759912,12.732996731774929,6.98206879911114,2.748447559879782,39.50460968795869,19.792419442228308,18.546970739055546,12.633100461591102,7.445287940605253,2.7945883468268358
none_moving,380,8609,135.93157894736842,43.06614474446976,1767,27.9,43.27035493041884,39.230246004024664,20.283001031310423,17.617057787938347,12.725295511655226,7.031378630182057,2.729029741753139,39.528871138082536,19.77368836528516,18.530472648944624,12.627035671230345,7.509391656370676,2.779575804823939
none_moving,381,8618,135.71653543307087,43.08407411658932,1773,27.92125984251969,43.248643619444046,39.25114850236055,20.368731197455165,17.720236635091872,12.750614999377106,7.104287870258781,2.740703320077974,39.49346515096106,19.784857274636668,18.546006735372764,12.633025959338832,7.436515608900356,2.782220299362283
none_moving,382,8651,135.87958115183247,43.052339805855524,1779,27.942408376963353,43.22134037814923,39.23266670722724,20.271995423070493,17.681655665933167,12.783793882406737,7.121560289945463,2.742398104379263,39.46242872669924,19.801449140473608,18.560357569524538,12.639000865113703,7.422162686905492,2.7709692205720917
none_moving,383,8665,135.74412532637075,43.15246812086309,1784,27.947780678851174,43.21367766884947,39.32834007916569,20.28206029899709,17.716019080323658,12.792934789239014,7.161327797629498,2.751660509158008,39.44561413718132,19.841967025066573,18.603263668436753,12.673906125174778,7.406663599826716,2.7818580527818004
none_moving,384,8697,135.890625,43.15656865592049,1790,27.96875,43.23334434783977,39.34260807185973,20.245102004895713,17.681087990893744,12.79321471482275,7.174154778510409,2.7255817133029003,39.46073717399579,19.82249834483283,18.57872973950281,12.653033601844944,7.329787454855862,2.7880186940417
none_moving,385,8706,135.67792207792206,43.1494374170053,1798,28.02077922077922,43.21520095073748,39.32312040322044,20.28359778487611,17.77053221935565,12.816104164955757,7.090716131953189,2.737536145463292,39.418402835944576,19.79276329058727,18.53764484612671,12.6469697774331,7.333617189304507,2.7737301367252076
none_moving,386,8739,135.83937823834196,43.068122006279,1808,28.10362694300518,43.232475778395845,39.265791800704314,20.27358570858059,17.76253270383912,12.82356560005307,7.195210482652287,2.7383903187230603,39.442406882658325,19.812413442117137,18.57490605098973,12.679268347785158,7.444939065551119,2.780033014376109
none_moving,387,8752,135.68992248062017,43.0413680617526,1817,28.17054263565891,43.175524863522796,39.247932042211154,20.25527076946872,17.662751930683378,12.716303634045826,7.055903336830312,2.725138356126101,39.382396901851806,19.870762224271093,18.631742291239867,12.713167715646769,7.4142614863922764,2.779841219784799
none_moving,388,8784,135.83505154639175,43.01900345300399,1828,28.268041237113405,43.186044438785004,39.24032636674262,20.240388110972063,17.701257573146513,12.713144923448088,7.014347258761911,2.745638447063984,39.3539196580756,19.809684493064786,18.53899399260026,12.66138337584594,7.291761704877124,2.788331642816796
none_moving,389,8797,135.68637532133675,43.028161127303534,1835,28.303341902313626,43.21507191758493,39.22650859689028,20.24706517176854,17.727328928404244,12.769906917322624,7.03784731168332,2.7447649621797257,39.36884761807612,19.817258663923422,18.55261832347345,12.700222581227932,7.379899299893228,2.779843730813762
none_moving,390,8828,135.8153846153846,43.02903505881798,1839,28.292307692307695,43.236772737255414,39.20663559937101,20.25214180901922,17.746431708603666,12.798226549226996,7.097008622624803,2.756004087719606,39.425061006352664,19.835377778205842,18.582922488805224,12.708690492530991,7.46116593490384,2.780497586043638
none_moving,391,8842,135.68286445012788,42.95786796678446,1845,28.312020460358056,43.247213046041054,39.10063740513863,20.327107578869523,17.80077936946877,12.872181472095658,7.280177216978175,2.7515645778743747,39.392966493582136,19.79845384200714,18.544714491456126,12.715573245325297,7.450435230792132,2.783856936374279
none_moving,392,8872,135.79591836734696,42.96106860111174,1847,28.270408163265305,43.2330902825453,39.113026937378606,20.301547249084166,17.806852538889082,12.877754259501014,7.249239308686655,2.744530919949601,39.36001470236007,19.79998304203764,18.5506397448755,12.744914403708954,7.518380551913686,2.7873078868676666
none_moving,393,8885,135.64885496183206,42.995355511395985,1847,28.198473282442748,43.2334328548476,39.13938863145184,20.31007237938939,17.792923339498167,12.866039428927843,7.162686986689634,2.7469657197870494,39.35172958131239,19.79352343067538,18.54622666919544,12.755929791339495,7.554307877694634,2.789463944200578
none_moving,394,8917,135.79187817258884,42.950614023649024,1848,28.142131979695435,43.21926244757826,39.10699171038333,20.261808768874218,17.686686829354663,12.854448665341463,7.226166696396932,2.751119263784133,39.33742746015214,19.782800723558704,18.544302559192978,12.756200245118812,7.563044251665048,2.787669438164298
none_moving,395,8927,135.60000000000002,42.99301003753937,1848,28.07088607594937,43.21134670916521,39.17269449191165,20.210940054417126,17.644102272107308,12.800202739846092,7.144782542391079,2.7517070795201493,39.33061877386881,19.773146253992486,18.539959683458076,12.755133999291274,7.57200435900982,2.7889266927127356
none_moving,396,8959,135.74242424242425,42.94933609583119,1848,28.000000000000004,43.20604399531465,39.103860532642145,20.253952447788677,17.684746138360758,12.820062945153419,7.180300578646739,2.7441799712850683,39.32702364591266,19.76523373960262,18.53550596391158,12.754028433174282,7.581453600248201,2.7897393986411094
none_moving,397,8971,135.5818639798489,42.979238851325746,1848,27.929471032745596,43.202422650764305,39.10325180440025,20.37000173957958,17.79251973133261,12.916232583327439,7.405424254550608,2.749027682470298,39.325325141971945,19.758546619190415,18.53116744812747,12.75293259216361,7.590101611863838,2.7903273590311026
none_moving,398,9004,135.73869346733667,43.0787490782509,1848,27.85929648241206,43.19962985031016,39.22459540645717,20.382425629893635,17.79005214022819,12.887779984041448,7.397820309012551,2.7572962419241103,39.32452091543011,19.752896910357695,18.52720970788405,12.751934392390599,7.597741757169928,2.7907485003045482
none_moving,399,9017,135.593984962406,43.11826907566674,1848,27.789473684210527,43.19728768332015,39.266814472215216,20.406265384733242,17.88641195003175,12.855611948183245,7.3273700144442335,2.771452574880272,39.32414380667102,19.74803508652505,18.52362895067359,12.751012012133456,7.604229353823515,2.791060011602116
none_moving,400,9049,135.73499999999999,43.10926603128503,1848,27.72,43.19515932718211,39.26223561912606,20.36756150627864,17.871426371680933,12.893335396307771,7.424310705069849,2.744087746502121,39.3239135819039,19.74378630547207,18.520397847891765,12.750153338560535,7.609614953408886,2.7912914721897972
none_moving,401,9060,135.56109725685786,43.17519981437601,1849,27.66583541147132,43.17312568061464,39.336472625029025,20.377484777319516,17.886099661094143,12.91197540088728,7.42862844697135,2.7485811774307103,39.29657039712157,19.76119535094389,18.541121192227116,12.771060465505613,7.595561378554185,2.790513118142758
none_moving,402,9093,135.71641791044775,43.14299923221151,1849,27.597014925373134,43.160083905213405,39.29512233421056,20.318548167140154,17.767973378829836,12.893953491537822,7.389637136571785,2.7436390138190165,39.281395638517004,19.769332617675065,18.55105604947482,12.783382400875439,7.610579457386436,2.793898675325741
none_moving,403,9106,135.57320099255583,43.149022824857035,1852,27.57320099255583,43.13030843926444,39.27944146434727,20.283967633393996,17.756862328075844,12.873483402698124,7.259724588926671,2.7321884682676463,39.25355279913863,19.787095168391442,18.572363859866186,12.805463425085264,7.65596055440557,2.786961538697932
none_moving,404,9139,135.72772277227722,43.099890892319465,1854,27.534653465346537,43.105092314581405,39.240540606678124,20.273379969053504,17.750937024986676,12.88703796544286,7.305970519719745,2.73086278928826,39.239454940070104,19.808786263738064,18.59177119147584,12.78109588430143,7.552744837127605,2.7848098345075525
none_moving,405,9151,135.57037037037037,43.135307411589594,1854,27.46666666666667,43.111753428274255,39.32219277436403,20.247140182100072,17.73822934118079,12.825761876646602,7.259836811328633,2.7441657840579805,39.254358793770635,19.811342510360483,18.59143545531393,12.76859797496941,7.519108325490106,2.78420256513053
none_moving,406,9185,135.73891625615764,43.12448435841504,1857,27.44334975369458,43.09682693641008,39.321607210357094,20.23797703969339,17.718838000467237,12.823658848929673,7.317686654251015,2.7451188288952046,39.24594346500474,19.82368757742805,18.60250212260353,12.767236390697102,7.509728809484832,2.7732374701634765
none_moving,407,9197,135.5823095823096,43.1769330393722,1859,27.405405405405407,43.038382100631296,39.38070384781584,20.275412345621195,17.792177283852244,12.873864357543598,7.41613622735995,2.7309328077246606,39.17749124345391,19.87710692769304,18.66438815598519,12.803922253599348,7.5417289036817134,2.7621908854257216
none_moving,408,9230,135.73529411764707,43.18344684745956,1866,27.441176470588236,43.060965918063204,39.37012579342524,20.29587942676934,17.746780273808362,12.843734816699813,7.3638585984438905,2.7304540847823513,39.18770024364242,19.85023794262445,18.632103630023497,12.796295206969805,7.489932216858494,2.777465898723153
none_moving,409,9241,135.56479217603913,43.19101251532996,1874,27.491442542787286,43.09096418826761,39.361193472658286,20.341865016425768,17.829257371250883,12.839587052454355,7.331686700236566,2.7474565973841414,39.211330512222574,19.84622173455149,18.614420160670484,12.811947172677282,7.488080611734641,2.785933443804725
none_moving,410,9274,135.7170731707317,43.14547746733394,1884,27.570731707317076,43.078754323861425,39.30880861507027,20.29835660987468,17.85271025178482,12.870548337673378,7.269627443135442,2.7550230765570527,39.209789910674935,19.85204274362185,18.6104515553055,12.823812249422774,7.579759103965819,2.7568991098979336
none_moving,411,9288,135.5912408759124,43.12356219716741,1896,27.67883211678832,43.06320924392922,39.28114697460826,20.359201222497045,17.836919522104846,12.898518670116239,7.428464411143932,2.7508230798995195,39.19087725887271,19.87831131552012,18.631221153041462,12.839518217117858,7.606915184985626,2.7648010367779996
none_moving,412,9321,135.74271844660194,43.09606882324799,1904,27.728155339805827,43.06931704008915,39.21683722814039,20.340886446008785,17.801910702885866,12.924711008442339,7.403581998684351,2.7517017716153966,39.195382914956454,19.82640370393996,18.57047645766952,12.763776738353037,7.430156799246879,2.7787554718629033
none_moving,413,9334,135.60290556900725,43.055741368613276,1919,27.878934624697337,43.111261880462514,39.18974950957327,20.307014302617254,17.77093606350319,12.8937325624256,7.356849564482757,2.758421110589816,39.20518707453263,19.848952297236288,18.583064677995935,12.815325095643207,7.525774564690679,2.7700724193177355
none_moving,414,9367,135.75362318840578,43.06086290599032,1932,27.999999999999996,43.06191026905745,39.22062344157192,20.325645173518065,17.800414995545587,12.864474851008524,7.297081523238939,2.7468828266118996,39.147866062939386,19.852939048746883,18.563374516961243,12.822879114063738,7.615885942731779,2.7807427496563557
none_moving,415,9378,135.5855421686747,43.05364081673888,1941,28.062650602409636,43.09957458990648,39.23906340271558,20.2375721425637,17.7415505367545,12.774588988551402,7.0860171269498595,2.7732383439230133,39.21911420012727,19.85067595560666,18.55134331070872,12.792213851120907,7.586872425346998,2.7904528489360936
none_moving,416,9411,135.73557692307693,43.00326364795951,1950,28.125,43.11639022275882,39.21447647936502,20.250071833483524,17.742462167165396,12.769253324812157,7.17386059284726,2.7658303447182258,39.258709937646735,19.837659369673712,18.540836554891385,12.749090253621093,7.512573855730849,2.786831770471223
none_moving,417,9423,135.58273381294964,42.94904558106868,1959,28.18705035971223,43.129802394525505,39.12156163074532,20.313726083420992,17.784566577785796,12.86587412617241,7.310710692804706,2.7478345101238397,39.28883772499695,19.8659502202961,18.585450078144422,12.767770552720723,7.487239981907213,2.789643746352193
none_moving,418,9454,135.70334928229664,42.99124907640254,1964,28.191387559808614,43.13488959398787,39.145278507890694,20.349627971874032,17.854787695758986,12.885153172481298,7.341375608961173,2.750328520610552,39.275732132577794,19.866594850619187,18.588864580192084,12.776849746216218,7.464665922457866,2.779332361957412
none_moving,419,9467,135.5656324582339,42.955047814014314,1969,28.195704057279237,43.174794387635096,39.15090052241871,20.278904818939974,17.774009402246918,12.872899205768023,7.37942957581687,2.749626126426108,39.327195333165825,19.866873285944603,18.591175150675912,12.771869272680497,7.496618310888157,2.7892601645521915
none_moving,420,9501,135.72857142857143,43.043794583018574,1973,28.185714285714287,43.20014029948065,39.24178975671721,20.355397317404492,17.85895025253969,12.83460595050348,7.358364354470662,2.7622005042475197,39.37108872575543,19.878789424231922,18.612993619895544,12.75167850005143,7.449168590990837,2.792429012722838
none_moving,421,9515,135.60570071258908,42.96177217991836,1976,28.16152019002375,43.21380316006015,39.14896734757023,20.3059428820088,17.788241699237027,12.860155577468275,7.344376209973574,2.717259421445397,39.411167724626715,19.88129886037046,18.6195395667041,12.72662804958233,7.429148255326753,2.8027714030778634
none_moving,422,9548,135.75355450236967,43.0329963210865,1976,28.09478672985782,43.208112561579,39.184680918820064,20.325648114793573,17.818214852910824,12.886331121816303,7.332323278869178,2.737756257962564,39.41696635208804,19.853444859868528,18.601626457129036,12.712494209119258,7.4519344205266576,2.795246286513167
none_moving,423,9559,135.5886524822695,43.010546249777725,1976,28.02836879432624,43.20794281745274,39.15202922585822,20.273024644019618,17.747238058392746,12.829770877093551,7.192224896932067,2.7474856639470495,39.422445426722696,19.834335323960218,18.58769848611254,12.702190534827686,7.454894910319486,2.7957083295445506
none_moving,424,9591,135.72169811320757,43.01031857772312,1976,27.962264150943398,43.20854657525589,39.16000214016215,20.23046906894278,17.674730810739327,12.823635663158628,7.198418108056564,2.7339089211394727,39.426145727029756,19.822542056071434,18.57872106262327,12.696247964837816,7.4601611939893155,2.7957025395217476
none_moving,425,9603,135.57176470588234,42.997902152732976,1976,27.896470588235296,43.21067071410604,39.157510528941465,20.294070562288525,17.750187329174548,12.871919602075213,7.265632446707069,2.7457556474673517,39.42987667947402,19.814642298410504,18.57226406010008,12.692341056734591,7.464473124550303,2.7957644930038024
none_moving,426,9637,135.73239436619718,42.98926925032907,1976,27.83098591549296,43.21316887986177,39.14637484147476,20.29044659194822,17.74173788780122,12.880953982703568,7.34699821248643,2.74626425515981,39.433232214194206,19.809562874126918,18.567929324782185,12.68991756379791,7.468645602681453,2.7957573474390522
none_moving,427,9650,135.59718969555036,42.99175211294564,1976,27.765807962529276,43.215932645245275,39.16920505707576,20.234769470285016,17.68558119834126,12.871668463898942,7.3031199008596275,2.743124113922698,39.43642290987789,19.806216416641405,18.56492510737597,12.688345011701616,7.472311358280513,2.7957483435519217
none_moving,428,9682,135.7289719626168,43.056987551521686,1977,27.714953271028033,43.21870199498325,39.23344950660231,20.29016035724634,17.774151681751384,12.867876828058494,7.2617951783134815,2.758060815875711,39.4393819383434,19.804050238675163,18.56288064972414,12.687330486824251,7.475569320335451,2.7957291784719858
none_moving,429,9696,135.6083916083916,43.00950092151944,1977,27.650349650349646,43.20030661305195,39.19918198915272,20.338279438097597,17.777350374209114,12.850600060425675,7.283037144655311,2.738147358844142,39.424783487121026,19.787066810058597,18.54254881698022,12.659897313103707,7.427883751553293,2.794654165436985
none_moving,430,9730,135.7674418604651,43.043324450575156,1977,27.586046511627906,43.184974473531426,39.233839496424046,20.337770394894743,17.749776677419668,12.791600977079055,7.167017588918171,2.731048079686815,39.40955874847596,19.80351483896912,18.558221734488583,12.667675925554297,7.419567597173745,2.795117773957911
none_moving,431,9743,135.6334106728538,42.99504807866987,1977,27.522041763341065,43.17418478073373,39.167611239730896,20.312248691275297,17.742863027148722,12.783156299010713,7.153951390334486,2.729228119852963,39.399058262393645,19.81386095371798,18.567211030574857,12.670280553648182,7.408994739707727,2.7956885932777533
none_moving,432,9776,135.77777777777777,43.072488181131675,1978,27.47222222222222,43.14893819854255,39.248297382653455,20.320727093813378,17.817781083045155,12.78327826271605,7.11103150784765,2.745705303751806,39.369242208729915,19.839353998719325,18.593450077605844,12.694653141098653,7.400453815552744,2.8012673175218445
none_moving,433,9789,135.64434180138568,43.051111979284435,1980,27.4364896073903,43.13719216219267,39.23727951079917,20.317702084637197,17.712398941697902,12.76324336484788,7.1294538348375625,2.75034936123939,39.35332356206343,19.851955802802493,18.607807272581674,12.689574546048819,7.356839683866978,2.8133989764593834
none_moving,434,9821,135.7741935483871,43.0531834529029,1982,27.400921658986174,43.069378423704855,39.24183080428112,20.265174437531986,17.66305239425539,12.77329837904464,7.08483053272347,2.742811806705555,39.274230555020225,19.925455422481757,18.67289828493326,12.747486813043164,7.325596175453555,2.805585289078558
none_moving,435,9835,135.6551724137931,43.008059090296655,1983,27.351724137931036,43.019131102017205,39.168293369348774,20.28138953065305,17.710953251100555,12.762999707285278,7.024572049727245,2.7392296921651345,39.220134058716766,19.91843827738919,18.650405274783303,12.75210755369707,7.3229352723664975,2.8020087509501823
none_moving,436,9869,135.8119266055046,43.01094413654603,1986,27.3302752293578,42.9914189620212,39.15468686156767,20.23540926219247,17.68386447745484,12.771913317129318,6.951543838234459,2.744558932800475,39.18949513046257,19.918826121523544,18.639689600927657,12.759525238315064,7.318225396875579,2.8020465117506577
none_moving,437,9880,135.65217391304347,42.96473182859214,1986,27.267734553775743,42.95607638174705,39.10774945247205,20.23014972093346,17.650789388246388,12.777675002225429,6.9844651844436125,2.733142022736067,39.116186958161435,19.942017344325862,18.65955220064727,12.79349672708266,7.3021102137002725,2.797586542890801
none_moving,438,9912,135.78082191780823,42.995964267970336,1986,27.205479452054796,42.9327132096526,39.14130562838066,20.183388855356768,17.602922117611158,12.764615980104454,6.890946389341802,2.749875011524822,39.06988287903157,19.959990579012967,18.675928197763632,12.817905009719514,7.31743295978914,2.7982624419240447
none_moving,439,9925,135.6492027334852,42.95397043952245,1986,27.143507972665148,42.91672369213767,39.0816655303078,20.24249127739248,17.696857685586316,12.841151051311085,7.143850216989859,2.7576292278108965,39.04218932352559,19.972645040616406,18.68771064812683,12.829315062972672,7.316978229769309,2.7988071351067156
none_moving,440,9957,135.77727272727273,42.9961531960009,1989,27.122727272727275,42.95804848814914,39.119365034876495,20.33847169059828,17.799514124795614,12.842933633714933,7.194103400394559,2.7512435211028605,39.075419472477975,19.94973527777773,18.652221574525985,12.863570100895961,7.408585296017096,2.809883555408525
none_moving,441,9970,135.64625850340136,43.02607832268717,1996,27.156462585034014,43.0139708092817,39.17118727365094,20.275938343691937,17.738683207359717,12.816027367824704,7.1839321516162515,2.7356384756047825,39.11674087197366,19.944682505911913,18.63059782022203,12.912224940104057,7.570272414219787,2.7939481209010744
none_moving,442,10004,135.80090497737558,43.0689278378897,2004,27.203619909502265,42.96416120929119,39.196546131591575,20.38805654010394,17.81593723033966,12.776702932711027,7.105185624707092,2.753043910473757,39.06516258005302,19.98767423411483,18.677827347013185,12.943219290136048,7.6395027145400105,2.740028726885863
none_moving,443,10018,135.68397291196388,43.104217316894186,2020,27.358916478555305,42.797249067308606,39.221952968541856,20.367221920495698,17.773476610292594,12.72456952088791,6.935494877308431,2.7470569981967925,38.91027040586864,20.05541224692655,18.761660270542453,12.979050819506663,7.614931159636586,2.696706152871146
none_moving,444,10052,135.83783783783784,43.15100665535508,2036,27.513513513513512,42.824837955470414,39.29778659512073,20.39945815053516,17.83073193940899,12.69921537455855,6.980812919817616,2.7638019860398253,38.90806421793285,20.038952219339645,18.76263614577292,12.942315313087647,7.495605884894444,2.7727609835029527
none_moving,445,10065,135.7078651685393,43.023405125716174,2051,27.65393258426966,42.89484982557324,39.19575572430345,20.324860131526645,17.73216500454758,12.777856218692722,7.122371512266434,2.7512912615408256,38.97873393326339,19.962231772784545,18.685681476159836,12.853473145681196,7.345099963428628,2.7791029125713793
none_moving,446,10099,135.8609865470852,43.0307609110811,2068,27.820627802690584,42.853786988040106,39.23136904608312,20.34748200274137,17.81074710526291,12.750509615653048,7.1194192338817235,2.743605156049906,38.97032659489078,20.00912488725445,18.739700771300488,12.842886220545983,7.281471202209325,2.7904330779526716
none_moving,447,10110,135.70469798657717,43.09763579770736,2085,27.98657718120805,42.94574164783822,39.30031543484109,20.386738972773166,17.90151661260014,12.815126716562213,7.367836723132498,2.72672714545052,39.05636097990543,19.960286147926226,18.66609854468249,12.841028655541988,7.320547758884408,2.7911716268151383
none_moving,448,10143,135.84375,43.15139232544373,2101,28.138392857142858,42.888603302910056,39.35736374713591,20.3287654428783,17.869082749802086,12.81698706855528,7.314878565495087,2.74567877855796,39.01085379387784,19.966256220527548,18.68502707695506,12.80668416486454,7.289092701090046,2.7783228016367723
none_moving,449,10155,135.70155902004456,43.079913400067255,2115,28.262806236080177,42.900601853449366,39.28499330717232,20.31674874536534,17.813978141861885,12.836578816931018,7.30742110695797,2.7516312006171937,39.0423679660658,19.946290047777776,18.671717639642363,12.78219299728514,7.29589644299127,2.7759008726676533
none_moving,450,10188,135.84,43.04634944142001,2121,28.279999999999998,42.9303126274696,39.27236811571678,20.226487987902892,17.73987749659924,12.83748454167541,7.3014664685077815,2.7355757803265677,39.083317533394116,19.938045442123506,18.675555445520594,12.784634886015718,7.2863546015718565,2.781600740299207
none_moving,451,10200,135.69844789356983,43.02772743102404,2124,28.25720620842572,42.92175514864272,39.24904660890137,20.220108509691393,17.687554931159433,12.818266571616336,7.2869359309241,2.7613749967174877,39.08555989525019,19.95100724640576,18.700308275882247,12.796180837166682,7.318361449917465,2.7798876268518637
none_moving,452,10232,135.82300884955754,43.07847111285136,2124,28.194690265486727,42.93533131567376,39.28169124088327,20.284082667981817,17.802715860303426,12.836206297564,7.240866867580743,2.7659723056121375,39.142215121357985,19.915203871380957,18.66947849286662,12.769753103940456,7.345032501606805,2.7845705355935557
none_moving,453,10245,135.6953642384106,42.94311158932968,2124,28.132450331125828,42.94554593649604,39.12878032170909,20.239990276855192,17.687733783705617,12.808157091181076,7.189367749160569,2.730333079905393,39.183145975506804,19.886326775299796,18.639918019413173,12.743461176105539,7.376739227499058,2.78452965335513
none_moving,454,10277,135.81938325991192,42.85605213385862,2124,28.070484581497798,42.95355825175723,39.040311089413095,20.171583215204013,17.599568995292294,12.824227722167567,7.188401819134266,2.7313207228421854,39.20802230269034,19.864981881042127,18.61649816615914,12.723780194030029,7.397028443218197,2.784810828781454
none_moving,455,10288,135.66593406593407,42.97325811760929,2124,28.008791208791212,42.95942555611545,39.18125059095329,20.22826597205815,17.744327148251255,12.849251395892074,7.215461600641873,2.7673095247781805,39.224084571395785,19.849452662607234,18.599234261332594,12.70976249399928,7.41196848090989,2.7849652194744676
none_moving,456,10322,135.81578947368422,43.00043836406598,2124,27.947368421052634,42.964111083288664,39.18644896492058,20.28532661762903,17.757715133379094,12.861448694383382,7.261467129739243,2.77258089342548,39.23541793904046,19.8378200288263,18.586472097426686,12.701158282998609,7.436504542278286,2.785102554236807
none_moving,457,10336,135.70240700218818,43.04976993207847,2124,27.88621444201313,42.96782497528999,39.23403053364221,20.353326572737355,17.814885328817915,12.83391658747487,7.310033773079289,2.770073963745068,39.243794192706005,19.82901081016627,18.577075343644,12.697187414059758,7.456515342383681,2.7851988085778485
none_moving,458,10369,135.83842794759826,42.989031373811876,2128,27.87772925764192,42.958210168618024,39.15522880695579,20.282626370057336,17.70392065468752,12.848594508721403,7.285609575719598,2.733498812270234,39.20441049762449,19.792235806414062,18.50820097433083,12.69234776063552,7.4895471023020175,2.774113202909673
none_moving,459,10381,135.69934640522874,42.98228335826153,2132,27.86928104575163,42.960282489662085,39.13320294076584,20.30004086572052,17.722670289651965,12.808385313127493,7.18524841618903,2.7454516699685105,39.23049411959408,19.77735847182951,18.50776840896898,12.683452009087533,7.505666007892192,2.7869289594010476
none_moving,460,10413,135.82173913043476,42.97240593044309,2136,27.86086956521739,42.97952795529187,39.120404189944004,20.254840575887265,17.738412475579775,12.80647148187774,7.092667039507371,2.7538699185901687,39.26891655935612,19.790207198839756,18.539574818482265,12.68861765268412,7.520710308692438,2.786017938100959
none_moving,461,10427,135.70932754880695,42.87461786201824,2140,27.852494577006507,42.96700301244459,39.03570562770761,20.290498892908523,17.696280671919176,12.832222553067734,7.1275286195660295,2.7302666939036273,39.22304502217658,19.804933916639683,18.56237373700104,12.718081391403594,7.493100537298598,2.7763337718389907
none_moving,462,10460,135.84415584415584,42.93598093066634,2144,27.844155844155843,42.97640356821983,39.09967979989167,20.277617745593595,17.63745967524495,12.843871191533271,7.159483863826472,2.7304018924097533,39.24565259803858,19.817200056498336,18.586440790806723,12.724987105148438,7.5246093430882395,2.784817085024438
none_moving,463,10471,135.69330453563714,42.99811117139101,2150,27.861771058315334,43.00165889699117,39.18909912824415,20.23171322960513,17.635417327935432,12.809730957270505,7.135115702180793,2.736252669156542,39.2801515875376,19.812295035718567,18.60459258225485,12.70879392155856,7.446312119447147,2.793731290569038
none_moving,464,10503,135.81465517241378,43.043797327296815,2157,27.89224137931034,42.9180030723086,39.22165145486,20.3012361295893,17.703448822534305,12.796035318459895,7.109384261150457,2.746524316244565,39.19066909907407,19.85482171664478,18.638991431212627,12.728641710303386,7.375459984318177,2.784117860658108
none_moving,465,10516,135.69032258064516,42.99000383430978,2157,27.83225806451613,42.88082585031602,39.15327300242683,20.311676025634394,17.711267330700593,12.78785093735404,7.05762912358864,2.7417944714706124,39.15948048076632,19.836922964123488,18.62676727123052,12.682528063011604,7.204445940987024,2.785481652142992
none_moving,466,10549,135.82403433476395,42.999467259815695,2160,27.811158798283262,42.87192712231822,39.14739929087559,20.41143622698509,17.833490858578834,12.815168798375884,7.153932032426323,2.7411221633965335,39.14569632727435,19.852018471605877,18.64683307600515,12.686460513521391,7.176681279446809,2.7879175752149687
none_moving,467,10562,135.7002141327623,43.06753567866488,2160,27.751605995717345,42.881058351584905,39.20874854914204,20.367746333516738,17.84346855421076,12.857668357987235,7.226275169893922,2.742352527232825,39.14726471630472,19.864654980585616,18.64401466154566,12.694934657489112,7.172895264278596,2.794206426584633
none_moving,468,10593,135.8076923076923,43.07666193508929,2164,27.743589743589745,42.85474564535062,39.21101718158847,20.34130891561001,17.810896655705296,12.832357238561897,7.12118891520258,2.7476475107349363,39.11096664095997,19.90199002434151,18.679266363264016,12.709352273265694,7.110120856945847,2.779257381571468
none_moving,469,10607,135.69722814498934,43.052705200718194,2170,27.761194029850746,42.90647436953259,39.19036751403536,20.297725249600816,17.696842639631658,12.74356761195211,6.968855515214521,2.7451339063037463,39.15459314870722,19.863713373601133,18.630326155702413,12.697567993590168,7.047949970256208,2.784113901850611
none_moving,470,10640,135.82978723404256,43.028372004778525,2181,27.842553191489362,42.96442257036267,39.18176226612826,20.354613699663854,17.726643815052785,12.726952060693126,7.0164670710937544,2.7495539994261504,39.24585244359308,19.863828290511147,18.637156653346583,12.73981440209012,7.316213975813009,2.7852372002011565
none_moving,471,10652,135.69426751592357,43.053436879686,2199,28.012738853503187,42.97375144742007,39.21849785985897,20.418802037603115,17.79940670925878,12.71202588457901,7.013605967769119,2.7477371654600162,39.26611419336277,19.93006756478466,18.722761897557017,12.75879354214799,7.455995315397019,2.773736903291337
none_moving,472,10686,135.83898305084745,43.08046082912729,2221,28.233050847457626,42.96513456596784,39.252283385414444,20.44366330929123,17.837050452154962,12.714250022482847,7.029727950462692,2.7503172847932085,39.235777913617966,19.947595489273695,18.72953018876943,12.7965456128957,7.532648648879115,2.777666126680696
none_moving,473,10698,135.70401691331924,43.04833321711369,2243,28.452431289640593,42.9771353191448,39.20082277546513,20.38229062055439,17.782013978724713,12.812878470820781,7.162177748502712,2.7349474270641814,39.20126679533346,19.88163795823187,18.644880076731646,12.771307223290275,7.492206388475826,2.7966332353929393
none_moving,474,10729,135.81012658227849,43.05307992686548,2267,28.696202531645568,43.0422468456052,39.189329978730186,20.35911293107775,17.811202095852224,12.841528290718694,7.173064206470485,2.7460412025368846,39.2358420806715,19.858410951517765,18.63197793510313,12.766294285317493,7.399728636445181,2.793473846172311
none_moving,475,10739,135.65052631578948,43.024952010026084,2288,28.90105263157895,43.052271381163884,39.15081590357347,20.3243081936971,17.744651266570717,12.812193606734436,7.086742691082274,2.742990104499227,39.227408437928446,19.84953963540051,18.604616840511788,12.731861993212492,7.276645891232802,2.7968161102982636
none_moving,476,10772,135.78151260504202,43.03402125082039,2307,29.079831932773107,43.01826698932829,39.198829248791014,20.298540116307905,17.76334235206119,12.829350734436712,7.171712450840731,2.726754196582298,39.177022155902826,19.791994980448983,18.53062648251958,12.679847809315078,7.151651166025755,2.798155821912141
none_moving,477,10782,135.62264150943398,43.055580176076965,2322,29.207547169811317,43.01128820563368,39.241539422868335,20.30799145932691,17.84187199330052,12.786767615921132,7.13201024080315,2.7331245494029934,39.154403660119605,19.848165698154872,18.59968610876396,12.770516984080665,7.3749806997928795,2.786532518822908
none_moving,478,10814,135.7405857740586,43.052199230727375,2331,29.25941422594142,43.063651470332736,39.22302183812273,20.331033382456884,17.855340111694247,12.789082317825644,7.116029007061923,2.7506339668234863,39.19715217851318,19.858560534100555,18.610526630610888,12.82450198604951,7.444302697190886,2.7994203020136816
none_moving,479,10826,135.60751565762004,43.02304279941294,2338,29.286012526096034,43.069940540790235,39.175545321716136,20.332399835082423,17.784705116889462,12.836150524816182,7.264860856220212,2.7461103809282177,39.24295086645085,19.845151749853393,18.592894542909168,12.77717791012894,7.387644612131659,2.8031728587532654
none_moving,480,10858,135.725,43.04803187012072,2338,29.225,43.081675489663,39.22135120489314,20.276540546295863,17.768487876987344,12.82860732321109,7.227459570714532,2.7418912858722537,39.27480375738288,19.848027927438192,18.59001123906075,12.77603263625629,7.427442942271834,2.800045050280827
none_moving,481,10868,135.56756756756755,43.01004923312613,2340,29.189189189189186,43.08231168767619,39.21397353076261,20.19068723897689,17.6405720464009,12.792550029484806,7.214079527202197,2.756492060843928,39.28693185073879,19.851006670648797,18.591195953538772,12.769162217414172,7.431511138274135,2.8000119393615903
none_moving,482,10901,135.69709543568464,43.01391614379389,2340,29.12863070539419,43.09156827309596,39.228922686496304,20.25670281278161,17.734136350420794,12.786352523119652,7.240658876014052,2.76245962193568,39.311346002669936,19.844709213215616,18.581365062724164,12.758570909167068,7.45491859459092,2.7999427793378113
none_moving,483,10911,135.54037267080744,43.04120075349549,2340,29.068322981366457,43.096387347176545,39.25218772264218,20.29458218120027,17.783241452543592,12.776651877002392,7.265000205556143,2.750002236898304,39.32415500120487,19.84067165664358,18.574793094618734,12.751902947781764,7.458167554581331,2.7990621648818665
none_moving,484,10944,135.66942148760333,43.05093856570169,2340,29.00826446280992,43.09946896055455,39.26984129075326,20.2357549752194,17.767145664501633,12.793750471773755,7.244804326816839,2.7405299352314016,39.33163674118612,19.83753400316384,18.569783258490013,12.747775703909873,7.458641077986205,2.798435608551656
none_moving,485,10955,135.52577319587627,43.03514871669666,2340,28.94845360824742,43.10135783556271,39.25314769103314,20.244064451638025,17.775129409731004,12.849398642142413,7.3186889679796225,2.734055506855167,39.33609752017806,19.835069626671224,18.566002005163828,12.745028191387405,7.457562317871863,2.7979653515811274
none_moving,486,10989,135.66666666666669,43.078252568927155,2340,28.88888888888889,43.10252206025249,39.29649513135789,20.291579253275522,17.83673678656634,12.829955085689221,7.280379878164931,2.7524136106414914,39.33887756449368,19.833023577849698,18.563035945133848,12.743084895938122,7.455799878000298,2.7975951389879805
none_moving,487,11003,135.56057494866528,43.072189143902534,2340,28.829568788501025,43.10320116278163,39.26809050423975,20.261589809031538,17.722996918492374,12.776818070499768,7.199578137408997,2.7453461383179976,39.34066173992887,19.83125372196477,18.56062776574965,12.741620082974068,7.453772378126844,2.797292994021017
none_moving,488,11035,135.67622950819674,43.113755111666215,2340,28.77049180327869,43.1035461891831,39.32794787906454,20.273808567179593,17.762291289206058,12.780410069808811,7.240733594512896,2.7553853631522522,39.341831819870194,19.829664602539342,18.55859842816159,12.740449540599245,7.451696046950943,2.797040711987908
none_moving,489,11048,135.55828220858893,43.04520473400659,2340,28.71165644171779,43.103650802118075,39.25270515543199,20.244639263984897,17.69320928436149,12.780745841610388,7.232350271315261,2.74014901955888,39.3426034051134,19.828196048696928,18.556830654752655,12.73946669559669,7.4496778601447335,2.7968267434706733
none_moving,490,11081,135.68571428571428,43.00109085762292,2341,28.665306122448982,43.1008746345969,39.226654974109884,20.250764967665965,17.736850101055655,12.779727940955091,7.233802893566251,2.748945246997627,39.34099165378733,19.82877795566494,18.55705733288075,12.743640797963884,7.462230353461874,2.794335320079309
none_moving,491,11092,135.5437881873727,43.06959017858766,2342,28.61914460285132,43.1236329682519,39.25779781982119,20.23457353928812,17.705244200874102,12.822549456489353,7.268352129009849,2.7479931835844704,39.37036559009638,19.79525964824558,18.528056207825713,12.718594603259648,7.4541523661239495,2.7972130523321512
none_moving,492,11125,135.6707317073171,43.0686446505736,2344,28.58536585365854,43.12568268823165,39.2375209138849,20.239551848878158,17.696180698517743,12.832262345466734,7.222776374084619,2.7455731535527748,39.38602805531442,19.76579708831458,18.495311798558973,12.69201420757754,7.492068787713159,2.787897250393519
none_moving,493,11138,135.55375253549695,42.9845862007055,2345,28.539553752535497,43.13891711115951,39.1771995756976,20.141739996268345,17.59882817221022,12.76943562060561,7.113544246752043,2.749717193912801,39.39464834365023,19.70889823777608,18.420816369456666,12.651831622925993,7.48096267468982,2.787046278435717
none_moving,494,11172,135.6923076923077,43.03051501028907,2348,28.518218623481786,43.13071072557435,39.218491797057645,20.161006184293498,17.651578543421003,12.758976749413659,7.036891502928938,2.7529462435207064,39.36330483260961,19.69821306840142,18.420551613424873,12.66263446115424,7.49119072416964,2.772349968208715
none_moving,495,11185,135.57575757575756,42.994971530682946,2348,28.46060606060606,43.13696414071689,39.18850587602244,20.233842156947922,17.722184698895386,12.818163957344238,7.190835627238045,2.738178744944482,39.36398192599382,19.68424233217037,18.418025641929383,12.670837760592102,7.550417060292704,2.7727143044783737
none_moving,496,11218,135.7016129032258,43.00992489044037,2350,28.427419354838708,43.152582924127366,39.19903521886971,20.26040893227038,17.796813365672076,12.84220483700207,7.218909562902549,2.7207862485299095,39.37880991011654,19.66468968478433,18.404846862636543,12.672036846561582,7.600944844044732,2.773565265558699
none_moving,497,11231,135.58551307847083,42.957953445197866,2350,28.37022132796781,43.15439912085602,39.15355871971043,20.23353032662177,17.70065673572617,12.853635828215586,7.290911085348434,2.740319871728572,39.35972474287372,19.66414871537085,18.41552950992296,12.692145735110211,7.630931739010241,2.7723971188503893
none_moving,498,11265,135.72289156626505,42.9355556862366,2350,28.31325301204819,43.159791085025944,39.089884560023975,20.24287856293629,17.679617138121237,12.875784132792727,7.243329876123059,2.741332620306744,39.35565660537839,19.660246151153384,18.419747865772127,12.708657775083196,7.683055960575546,2.7735658488784436
none_moving,499,11277,135.59519038076152,42.93962528203048,2350,28.256513026052104,43.16566913310922,39.092063984478166,20.20744838408537,17.589205748088574,12.820134169558711,7.155535580028649,2.7328604517569883,39.35771473641258,19.655439341989972,18.420801836147454,12.718534694313599,7.723060050667992,2.774595829101588
none_moving,500,11309,135.708,42.993629983643174,2350,28.2,43.171297447822646,39.17618131219027,20.259246909152033,17.657909583540924,12.796254323976973,7.142738653314278,2.739604226336958,39.36220675579646,19.65061469520124,18.420156055060737,12.724088828916665,7.754281861334246,2.7755583274904536
none_moving,501,11322,135.5928143712575,43.04053282576818,2350,28.1437125748503,43.17628682665742,39.23586755489444,20.29700595935053,17.677675562006776,12.766632736869711,7.187928096172866,2.744191634502712,39.36730198709934,19.646282980138825,18.418799715013733,12.727352360924723,7.779359147198221,2.7764442685268493
none_moving,502,11354,135.70517928286853,43.00687329841585,2352,28.111553784860554,43.125596273777866,39.21975621060956,20.198999097247224,17.567807986176234,12.76312170683961,7.171471826982804,2.7204617848496637,39.32340077601365,19.68150653319442,18.460134175187104,12.768040861529244,7.903571594306725,2.750285167895806
none_moving,503,11367,135.59045725646124,43.09290534483987,2359,28.13916500994036,43.21991341995136,39.28192289786121,20.20826829828258,17.652160301546314,12.777210010856674,7.140107310185713,2.7349055406247325,39.41289632442374,19.64928232472274,18.42543891480042,12.744140919070878,7.859886689905985,2.781700808287782
none_moving,504,11400,135.71428571428572,43.1076535376109,2366,28.166666666666664,43.14855984131077,39.30418430901734,20.206803215481962,17.65311911016554,12.773221789710329,7.145273637700618,2.7389978888217903,39.34384817695847,19.657608212543032,18.433345481032582,12.692258400151202,7.732403906215132,2.777750018882147
none_moving,505,11411,135.57623762376238,43.132254626997664,2373,28.194059405940596,43.16760085281465,39.33758760528456,20.198114785644794,17.68225034577062,12.746797506086468,7.020455534189973,2.738425680973041,39.350243339638325,19.68192345091733,18.45961331805971,12.719158430471524,7.7457073759210715,2.789329143048564
none_moving,506,11445,135.71146245059288,43.047289505691666,2381,28.233201581027668,43.15956012751845,39.23544000619071,20.190653669167602,17.584955013456415,12.721778983766782,6.988518964202469,2.733298510863406,39.3509796489591,19.688626671017783,18.464226905545797,12.703869265576891,7.668577145417081,2.7806337616093577
none_moving,507,11458,135.5976331360947,43.083440603357865,2390,28.284023668639055,43.16705593705671,39.276720278009805,20.24608342298413,17.61521524379191,12.71800976461846,6.994382850253156,2.751158658469316,39.332616134610376,19.687632830332173,18.457293064511443,12.694948023065573,7.5474029578698705,2.798664944487922
none_moving,508,11490,135.70866141732284,43.018611264117894,2397,28.31102362204724,43.153233500445964,39.23910441692088,20.185278752385543,17.55919187129312,12.74061478785494,7.080552970114549,2.745755002365763,39.32613412221104,19.732959069154955,18.5256939839874,12.71624496985872,7.491139405388908,2.7993542645516274
none_moving,509,11503,135.59528487229863,43.02794239825525,2405,28.349705304518668,43.16016527420057,39.216984179948774,20.244075939606535,17.693051884106648,12.80989660847021,7.090097478282793,2.7331917397260646,39.31587072628004,19.76126332922288,18.55890587765246,12.738886289301215,7.452134094322493,2.8072314658205997
none_moving,510,11535,135.7058823529412,43.02321681608301,2405,28.294117647058822,43.13052682439394,39.198733905553375,20.322591415241273,17.788690100181547,12.812615945302419,7.133369880342587,2.756651017289955,39.28021194538486,19.794358203499815,18.594538028651595,12.757404539423252,7.425914504716167,2.804205539517769
none_moving,511,11549,135.60469667318984,43.04396231698823,2407,28.262230919765162,43.101733769785646,39.24892763700639,20.29070412163186,17.753515215676252,12.758401279494961,7.1586695990629305,2.7661761197560613,39.249697669898225,19.821077790433232,18.62245927720597,12.767098071293288,7.396059760687531,2.799247281975625
none_moving,512,11582,135.7265625,43.05426941774058,2407,28.20703125,43.08600994135883,39.23224783878203,20.27741284580343,17.762875361379237,12.783655711278573,7.091299033797065,2.757386442699293,39.232957804254326,19.836640899156034,18.6369026201626,12.768802845946908,7.355418568295414,2.798738793855453
none_moving,513,11594,135.60233918128654,42.96850793269393,2410,28.187134502923975,43.01886226072696,39.136645398381276,20.233017660511734,17.668156411584842,12.846511931475177,7.154321460208572,2.742494739744518,39.16751847438921,19.88309902289703,18.693913784232915,12.764353464339406,7.307732589059559,2.8129609130277395
none_moving,514,11627,135.72373540856032,42.934902967243666,2417,28.214007782101167,43.015149715363464,39.11686487381447,20.164017086362975,17.56118121424535,12.858709313057524,7.201481218755504,2.726272063701599,39.177053417403584,19.860092869649847,18.658747657691908,12.757680661039197,7.304127559714241,2.7884791827077153
none_moving,515,11641,135.62330097087377,43.021991350647234,2424,28.240776699029126,43.0002973843137,39.192621524901284,20.27944832188388,17.718015788115146,12.763348986521367,7.009662040040993,2.7416754869238127,39.15426151510888,19.88439291048417,18.675540808267378,12.774543177244164,7.254001134913091,2.7844809534623556
none_moving,516,11675,135.75581395348837,43.018407433078046,2430,28.255813953488374,43.00919379050674,39.16892421759555,20.29316211152725,17.680655029126967,12.732221812940939,6.953881975154149,2.731168869134197,39.175375332330276,19.86009758821054,18.657392992777787,12.752943363365993,7.23987160901189,2.7864616363793635
none_moving,517,11687,135.63249516441005,43.022514861618326,2437,28.282398452611215,43.00141284748029,39.179777567315824,20.290937671808717,17.69408702957483,12.821059980225067,7.049988677898851,2.728223585447445,39.16884196078147,19.85489597583997,18.652796438459884,12.731972904730886,7.205637270559889,2.7911912074760528
none_moving,518,11720,135.75289575289577,42.97539011139554,2448,28.35521235521236,42.974355209706125,39.104175753119236,20.284239006176822,17.635219093116454,12.836014108511305,7.116196037894333,2.744497825707715,39.16658234333387,19.88627684662577,18.69027999104811,12.72540126512033,7.167217360336323,2.7999982905599277
none_moving,519,11731,135.61849710982656,43.00332871460947,2457,28.404624277456644,43.02783274693616,39.11758129684207,20.3111390747999,17.728808820995642,12.857382111389827,7.13156721815936,2.7400545655067603,39.196169069027086,19.8388840079448,18.628217941437192,12.724518277961511,7.234046605379558,2.7966622847649694
none_moving,520,11765,135.75,43.059792037110654,2464,28.430769230769233,42.98183821756777,39.19661904986877,20.294549886219095,17.76974438201882,12.863207293299062,7.134185303204903,2.7490597288379957,39.14449324745072,19.849607417687576,18.623106630962184,12.726962577576867,7.199037719368903,2.7993597307692246
none_moving,521,11778,135.6391554702495,43.03080672847294,2468,28.422264875239925,42.94732085220859,39.17356585106952,20.363583712532776,17.80898359064189,12.924931789615817,7.396086852583339,2.7277756375146933,39.10781291984899,19.8606490195642,18.620571793945373,12.740634982641705,7.224496594563541,2.7969261219145958
none_moving,522,11811,135.75862068965517,43.038037881698585,2473,28.425287356321842,42.93230815036475,39.19927218086502,20.310506248320166,17.75721823959737,12.904359628387146,7.333970524589934,2.7451321000242896,39.104578301347786,19.892066372635117,18.666817256976735,12.739466651275512,7.1360934819511375,2.803079116374685
none_moving,523,11823,135.63671128107075,43.04195343114025,2478,28.4282982791587,42.90700814063355,39.228856602041766,20.219012832934794,17.650687019656466,12.855361719271814,7.291004607306127,2.7586916287680086,39.092664916566086,19.853136161418824,18.612887115022684,12.708356194401091,7.139451165919664,2.8036326872728248
none_moving,524,11857,135.7671755725191,43.1271338439978,2484,28.442748091603058,42.87969075444146,39.298545948682715,20.27438641087777,17.74415436468326,12.863509853995422,7.275868024791208,2.764414487336679,39.098129132417704,19.86530764293721,18.630698566492335,12.679670642707654,7.1145861849028345,2.7995926740059955
none_moving,525,11871,135.66857142857143,43.09733363928245,2484,28.388571428571428,42.89898632810733,39.265522974735376,20.26460182964739,17.693164500236747,12.82977846176411,7.282898333179706,2.7424210799609594,39.134605624581134,19.851546159487658,18.621166376798666,12.660610658327368,7.128096379670014,2.7989066930926434
none_moving,526,11905,135.79847908745245,43.10094768528733,2486,28.3574144486692,42.91238616140487,39.26825559025927,20.294025093662377,17.749281047448612,12.825882944337861,7.303577697650579,2.742623390472356,39.15966203567657,19.83803960121394,18.610624678798874,12.655914506832108,7.165110618368617,2.793847193955405
none_moving,527,11918,135.6888045540797,43.087941452416416,2486,28.30360531309298,42.913842799709755,39.26171123204664,20.32519832904788,17.780843768805628,12.805093663573494,7.269229368288455,2.76663103982255,39.147190644593806,19.838762189326367,18.619004365708463,12.666375264919427,7.164988643436798,2.7923909876853514
none_moving,528,11950,135.79545454545453,43.098178717748596,2486,28.249999999999996,42.91413154684469,39.2667330549505,20.25168488607917,17.69327137730344,12.802940428881948,7.139614523599444,2.754564482904132,39.14157668647503,19.838347789631737,18.624797857879706,12.677941699348326,7.191008836853172,2.7925458481801266
none_moving,529,11964,135.6975425330813,43.071446829926394,2486,28.196597353497165,42.91614052989699,39.24267289105601,20.292856727238984,17.693083680419477,12.800643301391514,7.163094244288277,2.7359787691090096,39.14101720312237,19.835586222865892,18.626743746836045,12.684715778198974,7.21343349613814,2.7930322489727937
none_moving,530,11997,135.81509433962265,43.09340501371892,2490,28.188679245283016,42.89098442047201,39.281460422654746,20.290264854627615,17.70770718278197,12.780149616431263,7.130185750732539,2.751787520123934,39.120777197331016,19.846202496344027,18.64431138037981,12.699179528388983,7.32287892424858,2.8042777344253413
none_moving,531,12009,135.69491525423732,43.17481581070134,2494,28.18079096045198,42.87754792209479,39.36148390406754,20.29302508313986,17.69974310408761,12.784226624704745,7.135100511374156,2.736646357095876,39.1081732138493,19.840968310456503,18.64601944092141,12.711693468327192,7.35876327235088,2.7952776478403547
none_moving,532,12042,135.81203007518798,43.17976670336009,2499,28.184210526315788,42.92206585081954,39.36907308518325,20.245465968028505,17.704091144240905,12.79016583176438,7.060961052743529,2.752143219173853,39.14038534108481,19.831350454009925,18.633798363223885,12.726392860452753,7.303792838229887,2.7950574768625387
none_moving,533,12056,135.71482176360226,43.17397327290539,2505,28.198874296435275,42.91206008284708,39.35709437065772,20.239057073900607,17.741954013397102,12.868871255521904,7.26121650243947,2.7377871765846598,39.136885835076825,19.838534418268452,18.64896661458264,12.737499438061986,7.3928016466433,2.7926633105692424
none_moving,534,12088,135.8202247191011,43.13518779099818,2512,28.224719101123593,42.893263666279275,39.325553151947396,20.27071148908035,17.8157264595707,12.88199446536831,7.307136414733448,2.749894981003576,39.1187263006786,19.846799466935643,18.66174857943492,12.749921902335151,7.423760278921034,2.792274695500967
none_moving,535,12100,135.70093457943926,43.031830749194164,2518,28.2392523364486,42.89217617290023,39.24505266586335,20.220750178955342,17.711671465587024,12.844077912857763,7.3156165728329965,2.740726997963572,39.11133572194929,19.84729302120332,18.657898154058756,12.754300414241387,7.440900417128846,2.7930274690813763
none_moving,536,12133,135.81716417910448,43.07870655631769,2523,28.242537313432837,42.88631800749787,39.28306900131949,20.297328954345843,17.735644999910683,12.795954314217006,7.238099726701966,2.7647477710671025,39.11037417437643,19.820132409016033,18.628461642454464,12.70104332600592,7.346518764878833,2.7834495675326587
none_moving,537,12147,135.72067039106147,43.03959429578465,2531,28.27932960893855,42.88559753767947,39.231388454167885,20.272966082713733,17.711177299368764,12.788429765777522,7.217042184285434,2.7467464213212476,39.11371974929619,19.85832039458122,18.66883443854012,12.734618867324336,7.4365255504999555,2.773879097565835
none_moving,538,12181,135.84758364312268,43.00941367212609,2534,28.260223048327138,42.91022271577776,39.16207284175627,20.28517548870256,17.676183824551565,12.816287284295365,7.2115028136777,2.7425696061378337,39.13649513813567,19.784183898166567,18.584423879255834,12.649904720296279,7.246743747319896,2.776332043820339
none_moving,539,12195,135.7513914656772,43.015314711778494,2537,28.24118738404453,42.94325419548323,39.15488872198128,20.390755650135464,17.82694737097265,12.849479692363508,7.297155502789279,2.743424147594656,39.1683341316409,19.786759338280348,18.594307366913135,12.667240946542902,7.238874098355945,2.777104269019762
none_moving,540,12228,135.86666666666667,43.01092795167483,2537,28.188888888888886,42.944719893882876,39.166340334136564,20.388155136949237,17.861478674655395,12.867155678041113,7.379790831396121,2.7265799129164834,39.16281372613804,19.787272393425344,18.59415038983234,12.658868063372642,7.175721176068545,2.7783145283307547
none_moving,541,12239,135.73752310536045,43.02753251372873,2542,28.19223659889094,42.8811450397549,39.1950521281305,20.31520184797107,17.797196911312074,12.820540383778482,7.285431802595442,2.7513244630496474,39.12157279078838,19.77031785247094,18.575136519768375,12.62169553380995,7.05239563712842,2.7842865924464433
none_moving,542,12272,135.85239852398524,43.044544425603256,2546,28.18450184501845,42.92638616163345,39.232511130521125,20.262496760535683,17.767496777607313,12.809568522581529,7.229416736982887,2.746014959849098,39.16612400504681,19.786304995851765,18.58624780001402,12.62662741803627,7.0894717341245945,2.777064782095262
none_moving,543,12284,135.73480662983425,43.01043524979403,2550,28.176795580110497,42.991593670537505,39.179573407737465,20.242692690602023,17.70450717735569,12.785239532437291,7.15620212424143,2.7359768109573497,39.22246464785136,19.77324972058759,18.56446238080857,12.614211089584728,7.061639727248137,2.787898575867797
none_moving,544,12316,135.83823529411765,43.05903319525208,2554,28.169117647058826,42.97901467153317,39.24854538448556,20.32377253474906,17.78650399901678,12.761247832412225,7.21678814394415,2.743341209721796,39.21185075402282,19.793286734403843,18.58386656441532,12.62257243118373,7.096820386166383,2.7790307843679583
none_moving,545,12330,135.74311926605503,43.12769407660432,2558,28.161467889908256,43.005186201410666,39.28194026750123,20.342879891472002,17.778694836200543,12.795014609947279,7.107150586005366,2.761388777682878,39.22911229997762,19.801841921047206,18.590005182559672,12.626995790538688,7.1108054766213415,2.780090719690171
none_moving,546,12361,135.83516483516482,43.052964894199285,2562,28.153846153846153,43.011194523383395,39.178584543563126,20.33214293803698,17.683956909391185,12.81360851018372,7.164944719747136,2.7439868115166917,39.249261562388725,19.73996797420538,18.518046499569174,12.590973213323057,7.022893466501178,2.7841245988693673
none_moving,547,12373,135.71846435100548,43.081447562826604,2566,28.146252285191956,42.99365392035796,39.21779549462335,20.289509028007526,17.61989141423816,12.76660387724465,7.025231124137536,2.738224343021476,39.22783395132214,19.77351270739348,18.555366169819585,12.605226709592449,7.049607934148547,2.7857340379106046
none_moving,548,12406,135.83211678832117,43.154707061502236,2566,28.094890510948908,43.027455466473675,39.322277252541284,20.309619485839562,17.757764822310968,12.803333737888472,7.1193028817180135,2.7468818797883334,39.25147171976122,19.780501158736506,18.558923955550416,12.613860831580393,7.055298231758156,2.787229656201428
none_moving,549,12420,135.7377049180328,43.08199577061068,2567,28.054644808743166,43.032796911022274,39.264052426334175,20.230106794993056,17.67978111813851,12.790089772495854,7.173117201493281,2.742357626021792,39.255425690858324,19.785893862192104,18.562043048926764,12.617376245937056,7.0566823723741114,2.7860932450740807
none_moving,550,12452,135.84,43.10841010733304,2567,28.003636363636364,43.0533627824538,39.267381110979954,20.285967225709324,17.725178265934794,12.787912762608729,7.1305621686304885,2.7410281163255226,39.272728329136,19.800679519894096,18.575464110870353,12.634775416600942,7.108507583463728,2.7870121774334495
none_moving,551,12465,135.73502722323047,43.11081577795591,2567,27.952813067150633,43.0571583792619,39.279750628824296,20.29306425462004,17.740526193814958,12.805870993719735,7.249455603016981,2.745646757214129,39.27722705993595,19.80203212258531,18.574834477215447,12.632029199828748,7.102375709263758,2.7862046073251343
none_moving,552,12497,135.83695652173915,43.10767193416693,2570,27.934782608695656,43.077669413815606,39.277890892412245,20.30476988836833,17.750647688855963,12.81713749448235,7.21159558027445,2.741292208956415,39.30744814467694,19.780505272971787,18.547883399374264,12.608691158311798,7.112872478780675,2.785370871411353
none_moving,553,12510,135.73236889692586,43.076006420015425,2571,27.895117540687163,43.10924065829456,39.22691086184405,20.240451248171286,17.650297124287306,12.738296881704693,6.937143181899613,2.7523761520190306,39.34877421139656,19.820365061986376,18.582856363005646,12.648407966069383,7.207432758100724,2.785111243050438
none_moving,554,12541,135.8231046931408,43.09646739123833,2574,27.877256317689532,43.062911729107114,39.232051615901334,20.28837811379716,17.694504301152968,12.745321737914146,6.89719120121877,2.769072944201874,39.2934921203139,19.845229563153595,18.596676673231116,12.668716016385282,7.2363708280456,2.7864632734292827
none_moving,555,12554,135.71891891891892,43.016007382709596,2574,27.827027027027025,43.043971076652426,39.148825974134766,20.282601328246812,17.668867727147404,12.789111355141527,6.930781354351268,2.752695518948067,39.27342912258365,19.870462593062754,18.620749951574176,12.687141824562632,7.26033736442435,2.7894452606343516
none_moving,556,12588,135.84172661870502,42.98312491129107,2575,27.78776978417266,43.028335271741376,39.12520781105616,20.299222762283126,17.69854027722599,12.813074932369192,7.089790795673873,2.7299591480543057,39.25746767299942,19.8871548039852,18.636087997524186,12.699073662065135,7.2805113425819235,2.7913638223918853
none_moving,557,12599,135.71633752244168,43.00261525667303,2575,27.737881508078996,43.007313359119706,39.12499947868743,20.369927197707764,17.766081685958365,12.791477721043508,7.104835959048462,2.7401835715519764,39.21787587594617,19.912451599362825,18.665261102984957,12.72497241181266,7.284024868772469,2.7907174735510982
none_moving,558,12632,135.8279569892473,43.04868181178837,2577,27.709677419354836,43.027958666563954,39.15428529521317,20.39480668573237,17.786459477130716,12.804112232456486,7.122671827296341,2.7436086184414514,39.22519886799858,19.906572273175637,18.655497860094677,12.737033365191797,7.26242185187496,2.796743653269037
none_moving,559,12645,135.72450805008944,43.03933281537596,2587,27.767441860465116,42.9794298432517,39.1472043048455,20.402343122726624,17.792585583606144,12.835658539600793,7.111395004142978,2.752181164495518,39.15575846156897,19.979645047042784,18.740148180293133,12.805059314362628,7.387749128849404,2.7783862743584242
none_moving,560,12678,135.83571428571426,43.06817392912761,2598,27.835714285714285,43.00104308752412,39.186800545297935,20.40374777780759,17.80017986314299,12.817721077096943,7.067080817885389,2.756650396524597,39.189881842583695,19.93683689507292,18.695541719722087,12.746318397103934,7.25133074335646,2.80197471136402
none_moving,561,12690,135.72192513368984,43.043244937199525,2609,27.90374331550802,42.936275650460395,39.1864620195962,20.32140330160817,17.73060084157835,12.770291701902034,7.045879879824348,2.737157886694437,39.161900617241194,19.92428817561053,18.66811719468921,12.706760243965643,7.320874031408146,2.791645323198572
none_moving,562,12723,135.83274021352312,43.08311789743369,2619,27.960854092526688,42.99009822354592,39.20086060085147,20.405300371047222,17.8391157158721,12.776694298119189,7.051414152994475,2.742342177633264,39.216893682233916,19.956287189777715,18.71059591220311,12.772993508976274,7.3825834428363795,2.7896519569832425
none_moving,563,12736,135.73001776198933,43.08477774372652,2629,28.017761989342805,42.984633601199846,39.230526477180675,20.414072243309455,17.8029045326024,12.7897034609688,7.146934027677243,2.7380984373534836,39.178902909402645,19.93371270285819,18.68245697098454,12.78243219795882,7.453247626067195,2.7929564797441104
none_moving,564,12767,135.81914893617022,43.07564007536932,2641,28.095744680851066,42.97338057397575,39.21336688903524,20.382241848539003,17.755586855497558,12.813288318112516,7.1240800153478006,2.7427463572643487,39.16343977640563,19.95678624143982,18.71523116753992,12.82844972692711,7.563571747542165,2.77756561796136
none_moving,565,12777,135.6849557522124,43.08003083321795,2650,28.141592920353983,43.02641442238817,39.214676980192664,20.361075264475478,17.761689769540453,12.81024202286391,7.154383000811394,2.7486789072870863,39.26450456277939,19.879545149082478,18.648530908860103,12.72831245288978,7.391160927440426,2.806452907885542
none_moving,566,12811,135.80565371024733,43.037910659073226,2650,28.091872791519435,43.01754966564558,39.168894591269016,20.37232727031253,17.745865473141453,12.8390893647527,7.261509830177029,2.744471415649141,39.24650082161635,19.875730830194094,18.64194029990361,12.72677271725254,7.3946609948797315,2.797504491421872
none_moving,567,12824,135.70370370370372,43.12073846501733,2653,28.074074074074076,43.019166024597574,39.28027650539743,20.279993558374816,17.71904309341855,12.785657197975524,7.09104685074746,2.7354404043099225,39.238398829555734,19.873466251765446,18.638859304374687,12.730494993780614,7.372602380584458,2.8023111719204516
none_moving,568,12856,135.80281690140845,43.109061462560256,2653,28.024647887323944,42.96980919210914,39.29241713880208,20.20429163620442,17.652077219226015,12.748566984378002,7.0207094949821895,2.751290877720648,39.17675303720567,19.90802346045389,18.674643667843007,12.758826333823398,7.3708600579904555,2.797314690495244
none_moving,569,12867,135.68014059753955,43.103954297231645,2655,27.996485061511425,42.959786855777125,39.30387903512709,20.195957648332147,17.660323486571357,12.75546091110488,7.051752748370943,2.7579215035246234,39.16437818043758,19.903358981450594,18.669073937591993,12.747371753696775,7.30498617351884,2.7855269610332165
none_moving,570,12898,135.76842105263157,43.045026027389206,2655,27.94736842105263,42.9498582992783,39.22609339113594,20.1850943481579,17.61589789919416,12.779204654555631,7.061991918486288,2.7439780606114073,39.152188934838364,19.905248354622092,18.669935130124497,12.745276986290252,7.262141275342487,2.786082580604411
none_moving,571,12912,135.67775831873905,42.997643824395354,2656,27.90893169877408,42.94146304016049,39.17937419792399,20.254440137226435,17.66808430034427,12.764930157106402,7.097815662372487,2.740727461702742,39.1422452971381,19.908635343335536,18.672036948754503,12.74733678751806,7.248347575842588,2.786313935741874
none_moving,572,12942,135.75524475524477,42.992663357053424,2656,27.860139860139864,42.934046924914746,39.16522677678327,20.252005949385143,17.62949653724727,12.767238731847309,7.09813344959438,2.7250902158319295,39.131346773363674,19.913696436440553,18.676128943562805,12.751372400259308,7.234174116678998,2.786263932283675
none_moving,573,12954,135.64397905759162,43.07194560586155,2656,27.81151832460733,42.928113904527606,39.214758638610235,20.278449165072878,17.725719409195428,12.765917333656454,7.054719642020581,2.7392502650966546,39.12324391874086,19.918320814183943,18.679767159930186,12.754651349383597,7.226104719254045,2.786466634511316
none_moving,574,12986,135.74216027874564,43.1169394706224,2656,27.763066202090595,42.92334147190384,39.268304707601175,20.310692149032043,17.824480838911903,12.770302596817121,7.065231395236476,2.741305357747081,39.11696780894956,19.92235293042581,18.682819447557787,12.757285358606957,7.218700082857502,2.78666081417652
none_moving,575,12998,135.63130434782607,43.00394641486349,2658,27.735652173913042,42.929365885820474,39.196474259264356,20.29408584338079,17.74516079228463,12.809932592900473,7.314025154217184,2.732024126370547,39.14739417031884,19.953484792123156,18.72462025011478,12.76252370072125,7.216704583284661,2.788823080073492
none_moving,576,13031,135.73958333333334,43.06626935064605,2662,27.729166666666668,42.92887491563257,39.27890389981102,20.35165949016652,17.821676107491434,12.780886821535084,7.268524877096191,2.755308817253532,39.139226920819056,19.965712089102922,18.738127644465624,12.772112131827948,7.193821170417984,2.7884096771233233
none_moving,577,13044,135.63951473136916,43.052855924148446,2667,27.733102253032925,42.91622537533273,39.26697379920466,20.276553283146267,17.736138586734704,12.771735844582622,7.074086644490448,2.7548470035283934,39.12592106402078,19.95164665522293,18.714923416974425,12.774490941568986,7.231431446005594,2.784917828644982
none_moving,578,13076,135.73702422145328,43.05653973209687,2671,27.726643598615922,42.91709991710485,39.26154072536687,20.250853869514145,17.670855865077183,12.79321971456072,7.114156098171015,2.751760993296729,39.128320993159676,19.949770830911262,18.717004192692634,12.771214988523381,7.209324412693323,2.7836140991537457
none_moving,579,13089,135.63730569948186,43.04320550055942,2677,27.740932642487046,42.92607401361627,39.21857188370441,20.26962376591094,17.71149523568883,12.844067863635797,7.221304568553251,2.7252113793823334,39.141050814998195,19.959155023174677,18.723853881874398,12.775408783289324,7.205785984930267,2.7826150015862967
none_moving,580,13122,135.7448275862069,43.05988624194677,2682,27.744827586206895,42.93906448284848,39.19999355781048,20.285530463228145,17.748193207692417,12.858177747156214,7.146895682939637,2.7468506594823032,39.1531508428723,19.969465165043637,18.739251993942403,12.770092335263728,7.192846687211147,2.7734346428694887
none_moving,581,13134,135.63511187607574,43.077992866570746,2686,27.738382099827884,42.931526896056845,39.219794652427815,20.292049040208354,17.760516480683627,12.86370160858822,7.160451308692403,2.7445769576638512,39.10154362124727,19.95695351947209,18.701296551361562,12.785837354588944,7.208303843545382,2.77256747526785
none_moving,582,13167,135.74226804123714,43.1198509792851,2690,27.7319587628866,42.90035601309523,39.26556511811511,20.329208875919893,17.83240658931083,12.836463472072259,7.092675715406088,2.7578389094156095,39.059747469585815,19.972452602471115,18.723747215838216,12.8057545990968,7.193110164666722,2.7701047319373333
none_moving,583,13180,135.64322469982847,43.01746677063545,2690,27.684391080617495,42.8913484759052,39.183298632588524,20.231482636360244,17.642890267371364,12.777054297887844,7.038970622653507,2.752017292859844,39.041596592224224,19.975912087609355,18.72952058954647,12.820131189966741,7.20377119883083,2.771731118574356
none_moving,584,13213,135.75,43.02809192455074,2692,27.657534246575345,42.88871469921083,39.18386500745658,20.234930018388678,17.626213313684325,12.791807709293884,7.063843043344737,2.7426174810678736,39.06673291787108,19.996095150106733,18.750586976778397,12.820486435085712,7.242645389751404,2.78592898824295
none_moving,585,13225,135.64102564102564,43.021093888050636,2692,27.610256410256408,42.88915561793133,39.1949280977276,20.246041177560404,17.627882291991,12.779011365372693,6.971914005085738,2.7351445463847055,39.08076502349508,20.006089698635837,18.75986149916387,12.824460716164186,7.268932146254164,2.786727618468987
none_moving,586,13255,135.71672354948805,42.99534083141658,2699,27.634812286689414,42.94220217797765,39.144159073439184,20.222087145239794,17.566279682748807,12.796068260856241,6.9698886137012295,2.7326733336874462,39.15638534481458,19.956186495891313,18.70996215113211,12.77566149423632,7.2374304613787075,2.7926446710621002
none_moving,587,13268,135.618398637138,43.06229239139882,2706,27.659284497444638,42.928867463809276,39.20367222158612,20.272001236626796,17.72380521767561,12.844472438157764,7.048120932229486,2.7312846406514453,39.14838725531489,19.97548393596308,18.72921845245154,12.806170901306453,7.289567700059295,2.781299090926295
none_moving,588,13302,135.73469387755102,43.068875114874245,2716,27.714285714285715,42.917583149690884,39.2037612109781,20.319122537480737,17.70008752493243,12.817273242916444,7.0833179302336475,2.7488371699910994,39.156917496805015,19.965871969543254,18.724222923711164,12.797431214163774,7.35933509049925,2.766067258105241
none_moving,589,13316,135.64685908319186,43.06035112456561,2736,27.870967741935488,42.91813317182219,39.21111562321785,20.307967904869685,17.70960701293027,12.746386698081713,7.01130487807575,2.7552396583234033,39.1656427863477,19.897756838473402,18.66381606720912,12.733700247059874,7.30365842599307,2.7788162595750348
none_moving,590,13350,135.76271186440678,43.026440246546024,2754,28.006779661016946,42.93365746031595,39.194793320571655,20.247455387809286,17.648897710128644,12.7540068590709,7.081965901946778,2.72421488853911,39.18783430594313,19.869690989694433,18.63553435930312,12.673463633438905,7.216153889619398,2.7728203171961203
none_moving,591,13363,135.66497461928935,43.06831395427754,2774,28.162436548223347,42.9854289399574,39.22157488781241,20.279710767768204,17.73266179713325,12.756128620594751,6.968316194517532,2.769338868022994,39.23992055613257,19.815508008744025,18.5806903512155,12.674011323286907,7.224942876511396,2.783226823644656
none_moving,592,13396,135.77027027027026,43.021383773890754,2794,28.317567567567565,42.97499015554552,39.15862097954404,20.283087971131213,17.7262885773248,12.794480113873894,7.095756123857276,2.7507297870785856,39.23650597447747,19.825677137294356,18.585852250368376,12.677993194104182,7.290523211475299,2.7847034242717146
none_moving,593,13410,135.68296795952784,43.03921118546867,2807,28.401349072512648,43.037419375046625,39.176557290884816,20.21893414075263,17.618003775706278,12.809917950604168,6.97013477424376,2.7315238995925886,39.322543518718525,19.744802989686942,18.502438909269735,12.624566388700739,7.3180265266806686,2.779776030353237
none_moving,594,13441,135.76767676767676,43.075492792449616,2820,28.484848484848484,43.10420625328236,39.214571311088314,20.230192540974507,17.523978327787468,12.730086651565168,6.867745734800694,2.7446981264856873,39.38472256267399,19.770759067617224,18.536167327686066,12.670741330439174,7.409205208108,2.795272081324684
none_moving,595,13454,135.67058823529413,43.05502204111575,2830,28.537815126050422,43.0462256146211,39.221392448782694,20.237675092787924,17.631688219795826,12.770530186216659,6.928289671689896,2.7363089578681223,39.335647201038846,19.786291600974717,18.55456281990552,12.666871264012928,7.432640661193683,2.788086784394512
none_moving,596,13486,135.7651006711409,43.052785921233074,2831,28.5,43.03885250368619,39.22461758894957,20.29355182153966,17.714565799076674,12.773423241602005,7.026275520005769,2.7457906575666624,39.33317822311698,19.76796244435089,18.53579115302818,12.639818346412035,7.378105333767912,2.7883289683897106
none_moving,597,13499,135.66834170854273,43.07761062460848,2832,28.462311557788947,43.048807799020615,39.25076873688924,20.329621505354485,17.667236395159925,12.744808522794527,7.0687690261651275,2.746990650917435,39.339818174016486,19.74910320644569,18.503937599009067,12.636552678727677,7.40548504547432,2.7870622661339617
none_moving,598,13531,135.76254180602007,43.11879167779103,2832,28.414715719063544,43.03204169125492,39.32678217056856,20.351923500667937,17.77383866631731,12.745390694935036,7.11455039367047,2.737027378214506,39.32221649242774,19.76683890577767,18.515033531259604,12.649768708839078,7.415041284026064,2.78805561606692
none_moving,599,13541,135.63606010016696,43.13847661901683,2833,28.377295492487484,43.02296326169878,39.328239018874136,20.40309955681373,17.867979720624483,12.796788094517806,7.258657363425322,2.739376312851212,39.31597431360102,19.769669908697242,18.51329631564814,12.64645249842383,7.415189574174406,2.7886775319934487
none_moving,600,13573,135.73,43.18112474112379,2833,28.330000000000002,43.014878674664615,39.34868358576313,20.42030096956605,17.893661860711152,12.8065726686549,7.216040109467478,2.7509116214513716,39.31097273792069,19.775228388248493,18.5156798577474,12.645754477260693,7.417951617035989,2.7887148237510044