Scenario,Time,Baseline_Tx,Baseline_TxPerNodePerMin,Baseline_RMSE,ETM_Tx,ETM_TxPerNodePerMin,ETM_RMSE,Baseline_MAE,Baseline_RMSE_Aligned,Baseline_MAE_Aligned,Baseline_PairwiseDist_MAE,Baseline_RangeResidual_MAE,Baseline_AngleResidual_MAE,ETM_MAE,ETM_RMSE_Aligned,ETM_MAE_Aligned,ETM_PairwiseDist_MAE,ETM_RangeResidual_MAE,ETM_AngleResidual_MAE
many_moving,0,0,,36.82155104595928,0,,36.82155104595928,33.64586534768495,18.187917130173428,17.241615522676813,24.44493498974518,NaN,NaN,33.64586534768495,18.187917130173428,17.241615522676813,24.44493498974518,NaN,NaN
many_moving,1,0,0,36.82155104595928,31,186,36.75553919077251,33.64586534768495,18.187917130173428,17.241615522676813,24.44493498974518,NaN,NaN,33.55181456198178,18.086960261525878,17.149669159800517,24.036708162525898,10.152421018594612,1.752240993866939
many_moving,2,32,96,36.75533622654627,76,228,36.70591614874163,33.56529006127265,18.127392054976486,17.182113085755088,24.046031031707138,10.182370869209565,1.8156238064995411,33.46172615534666,18.04573098656679,17.159072790504915,23.692346737700063,9.923443180593097,2.1648654429766134
many_moving,3,46,91.99999999999999,36.70917688725754,122,243.99999999999997,36.6799611638342,33.48025525126827,18.087354746167208,17.197886743357756,23.712574976107447,9.929037019237631,2.1797996657222622,33.41383517262081,18.006652374685363,17.173844899754876,23.25423618138578,9.528412565456156,2.2346661743658123
many_moving,4,79,118.5,36.70584351472433,168,252,36.67986725690155,33.45428440271859,18.028573170993493,17.197712022628956,23.263867571819066,9.511945559530753,2.263273594702285,33.39907360726824,17.932079798090662,17.15733038391699,22.7790762461016,9.061489741253121,2.294787468624971
many_moving,5,92,110.39999999999999,36.704137471628954,215,258,36.71108075942578,33.4127897710719,17.970063947080973,17.193060144327138,22.79809439747919,9.079742246122493,2.3135132848957336,33.40793243443775,17.884986101344534,17.166067315109437,22.291093261869648,8.62958632293295,2.312708228943084
many_moving,6,125,125,36.71881337739863,263,263,36.76952881377946,33.40544148276872,17.896908990251976,17.17500171889682,22.30021394644977,8.614364324485644,2.320294341463178,33.448635577662756,17.884697267608136,17.222889063805628,21.874051505250225,8.228164684833732,2.3157616147130824
many_moving,7,139,119.14285714285714,36.76739271265706,302,258.85714285714283,36.79592757958352,33.44135281892913,17.86326856471131,17.198951435640666,21.84992541543215,8.238020615851346,2.3316181977173858,33.454968187529126,17.84755846867854,17.236236995278784,21.37191110363955,7.786369076845367,2.3081967343671095
many_moving,8,172,129,36.82598897025564,309,231.75,36.86657964080653,33.47518178434335,17.807150817861956,17.19418452386397,21.34520196181828,7.797962997586782,2.3119803875634166,33.48990267841769,17.766399730744833,17.19261661499644,20.866083711586615,7.3043948673160015,2.2781937185431307
many_moving,9,185,123.33333333333334,36.85543900211861,309,206,36.94474462919272,33.47884082871539,17.760932544851205,17.191296123801898,20.84104203403588,7.362971369234552,2.3004771157843673,33.53440858914521,17.715515205513384,17.174321965726342,20.354225380002166,6.836989780131175,2.267346428663285
many_moving,10,218,130.8,36.90416809875596,309,185.4,37.014137964329635,33.50569287151738,17.74368815752864,17.20849342910117,20.35414121912163,6.943467862538246,2.307822745459421,33.57737444825921,17.696529713826166,17.181338958884073,19.867058853955704,6.413087422334777,2.264948174866713
many_moving,11,231,126.00000000000001,37.014337542474635,309,168.54545454545456,37.083358324364575,33.59406276496378,17.726526116040528,17.206575289156625,19.899448793188977,6.5548980016781515,2.287508197513216,33.624636406008264,17.69426469985716,17.197361752597338,19.38663909146467,6.0018741151446475,2.2671669554364158
many_moving,12,265,132.5,37.09869927729122,309,154.49999999999997,37.16084507883969,33.67107437333213,17.755338238253017,17.24229596404505,19.436537387884016,6.168728630402097,2.271017748994384,33.68318395252139,17.69934320098359,17.21126475760532,18.90767750285756,5.597219919402401,2.2714541379625883
many_moving,13,278,128.3076923076923,37.13258218061915,309,142.6153846153846,37.25480588990597,33.679335314639516,17.77647602093172,17.27270259920966,19.007792767618714,5.7979750899071005,2.308045183628013,33.7611063354022,17.70361072774287,17.213057763586143,18.4390961001202,5.243014361720659,2.2751449051191925
many_moving,14,312,133.71428571428572,37.19789901707412,309,132.42857142857142,37.364317821773234,33.728202417950754,17.799009998804927,17.294815373690703,18.51862338445533,5.426436716829497,2.2950353187438433,33.857210466336966,17.705577320194998,17.202566499817493,17.981332986976593,4.899537616374222,2.278427229969258
many_moving,15,326,130.4,37.29883685289628,309,123.6,37.487351799561964,33.81363684027427,17.78495921680454,17.291348234282545,18.008365406601218,4.991097138293761,2.2809953514482175,33.969209953831154,17.705588047729393,17.181699449698165,17.52450017962917,4.551791966006735,2.281407339977755
many_moving,16,359,134.625,37.42617010343527,309,115.875,37.621785558391466,33.91775181558334,17.815618035899046,17.26625871305739,17.576347611157324,4.716418564413614,2.314122644616745,34.09471310362903,17.70468361298688,17.152877019105226,17.067073082927482,4.198978408262066,2.2854385406739537
many_moving,17,372,131.29411764705884,37.502484207108544,309,109.05882352941177,37.76919676104612,34.018221198465234,17.908285831664596,17.30325284222399,17.164031403363094,4.412891377964897,2.2958919280227152,34.23520268786518,17.698794463945013,17.1154862753771,16.61923701357549,3.8525861995056325,2.2915295020157873
many_moving,18,404,134.66666666666666,37.59189130767181,309,103,37.92790059291894,34.10315733648012,17.93079078910735,17.317382327724225,16.764775698177136,4.100535395735561,2.305590588088669,34.38867303396866,17.686115192680997,17.069842825553287,16.1873266276291,3.5194241207516024,2.2993590915884
many_moving,19,415,131.05263157894737,37.853389302672376,309,97.57894736842105,38.0949228058525,34.36747764466338,17.88162717559878,17.247358391595093,16.359322462101048,3.741647967491272,2.316699470673131,34.55191792609516,17.668880053353547,17.018407524881223,15.790217828806368,3.197623451936983,2.308201966252588
many_moving,20,448,134.4,38.050254190454496,309,92.7,38.26809775004774,34.571398703429594,17.886298299593452,17.21150575120593,16.012461593964797,3.4973070106834827,2.3251496107555565,34.722545298266795,17.64874390857114,16.96269945444481,15.422734107938082,2.906432452457419,2.317649459402317
many_moving,21,460,131.42857142857144,38.141346043097585,311,88.85714285714286,38.4457850655349,34.639717788780814,17.92866511637979,17.183979712394365,15.599838319545448,3.2162558381386366,2.3329973681130296,34.89870428810154,17.62695441681714,16.9036779030279,15.070572040270294,2.649855379616909,2.327454398453838
many_moving,22,494,134.72727272727272,38.33375089781159,319,87,38.597222856204404,34.801695892834985,17.808396969847102,17.066974327353687,15.23989553632332,2.931928582207814,2.346690010205955,35.03683773052525,17.609250354554536,16.867196006339395,14.770852285545864,2.5414804942227454,2.3419752126743063
many_moving,23,506,132,38.528473113929934,319,83.21739130434781,38.766146903725556,34.983928320979714,17.849927239068005,17.021713586282566,14.888575928945638,2.6804897002106016,2.3408884718324643,35.203642632480545,17.594354028300533,16.839846187705774,14.468323012229137,2.358889946909064,2.3547990292967604
many_moving,24,540,135,38.6837957101492,319,79.74999999999999,38.94859870449979,35.14374620143588,17.85918318362385,17.01372172634352,14.52481334897882,2.3833936218728895,2.362309564037035,35.385587090944384,17.571574932227975,16.78607207525806,14.192115341911983,2.2621667548903903,2.367441962569777
many_moving,25,550,132,38.857989036415226,319,76.55999999999999,39.133907025220665,35.33579558753956,17.776557682405695,16.894924267248264,14.242908138429721,2.2429565956775988,2.356950997722328,35.570343465002644,17.54760205001055,16.72414342977317,13.954091442625948,2.209440289422644,2.377943976376063
many_moving,26,582,134.30769230769232,39.04786743838369,319,73.61538461538461,39.3196118497459,35.522358313999725,17.728907138165848,16.81776331203125,13.978669456207685,2.0527632214425875,2.3674328176480564,35.756282501541705,17.524622961139023,16.657641499894616,13.757558301310107,2.1737225397104667,2.3877703908288526
many_moving,27,596,132.44444444444446,39.155062271705766,319,70.88888888888889,39.5056892808305,35.63846498236062,17.74376321867202,16.84377362125492,13.77142372581823,2.076051760984448,2.368954602853098,35.943124978388944,17.50298572059883,16.58743518715078,13.569206056050616,2.1497523055353276,2.397221423881923
many_moving,28,628,134.57142857142856,39.3506986323257,319,68.35714285714285,39.691081173579896,35.81925092317281,17.677152784292744,16.74320784215513,13.598954429316937,2.079127393637101,2.3507393769306195,36.129758692802326,17.48361114418019,16.51486262875278,13.399074535441784,2.1813532313083317,2.4063285279641207
many_moving,29,642,132.82758620689657,39.47404216560886,326,67.44827586206897,39.804504549083866,35.95704840090514,17.638720712629038,16.66099957778022,13.462468211904898,2.076926635274936,2.3709384484613616,36.27330453359882,17.481242736639626,16.4898303101087,13.282493604406891,2.3011101770054663,2.450631206339168
many_moving,30,676,135.2,39.624109302023946,337,67.4,39.96125054523888,36.13179637657919,17.659466024448168,16.62165863348084,13.35226162150471,2.1847291074620796,2.3686949204360355,36.42727752298214,17.49906018336934,16.45409205769118,13.134813450798442,2.316773005291375,2.4205987979851846
many_moving,31,690,133.54838709677418,39.77221985438039,347,67.16129032258064,40.181463906600115,36.25333999765998,17.80940044264829,16.693318574833253,13.152472167105573,2.2000828186673105,2.3989556668883125,36.61627789965984,17.475784355404002,16.40321338161213,13.01377453682116,2.35802077202344,2.419423767208856
many_moving,32,723,135.5625,39.96421371194744,358,67.125,40.347304982082065,36.40117443423642,17.855929544454746,16.6884767498339,13.001403217731331,2.177771469052932,2.3945173962780535,36.77594218739513,17.481859447940348,16.403381417522382,12.891491059712997,2.4318261401682517,2.450322952485761
many_moving,33,737,134,40.07292149704382,367,66.72727272727273,40.42984671015057,36.489645554064815,17.897305805786278,16.69081616037471,12.919058724255251,2.2062065672446276,2.3994632124145108,36.85112611554513,17.535924467014638,16.396607247894753,12.83622230761562,2.5371845059566724,2.4278584032813666
many_moving,34,770,135.88235294117646,40.25376007078182,378,66.70588235294117,40.58041399435206,36.66305161084838,17.83657328867296,16.60248254398228,12.817132070275257,2.179210442952587,2.432728449314708,36.9893985395439,17.542732637281105,16.367751268712798,12.746705451235446,2.690430911591341,2.4462338775472836
many_moving,35,783,134.22857142857143,40.497599713709235,389,66.68571428571428,40.77355660850757,36.90819224196804,17.755522699690292,16.52682237337189,12.723755807203796,2.240278392580646,2.4415822703128134,37.15871222746721,17.551773667660203,16.32027023297467,12.64969394831623,2.811108682093822,2.463400242825494
many_moving,36,815,135.83333333333334,40.636101869092506,395,65.83333333333334,40.93336358971857,37.042762376607065,17.823172772614317,16.554159980389823,12.680512442736992,2.401588520594632,2.4322952823002173,37.302392748883705,17.570559185832444,16.28785721491484,12.57833537962633,2.918072959688826,2.463084733580369
many_moving,37,828,134.27027027027026,40.80372573584794,401,65.02702702702703,41.07479224786427,37.22925196618185,17.833191887388374,16.489220825078984,12.604832744724975,2.3582232107021186,2.432311188896881,37.436274161229804,17.61351336370347,16.245494901471186,12.483587474443187,3.060162153540172,2.4779173566259063
many_moving,38,861,135.94736842105263,40.85882302625279,401,63.31578947368421,41.19618264443478,37.286393171573636,17.883288893748915,16.492907071424774,12.552585466877602,2.6037293099891627,2.4507620711951574,37.537703114748155,17.6793561357162,16.247982022983557,12.39467434767435,3.163131410304868,2.4800246088047992
many_moving,39,873,134.3076923076923,41.032757031984566,401,61.69230769230769,41.324427022739975,37.41976855748549,17.87977051520889,16.461615241297007,12.499962641816516,2.822212344933856,2.47020849389025,37.646486086438685,17.725967364001107,16.228954493956852,12.29686978145516,3.249951786158326,2.4863007351096926
many_moving,40,905,135.75,41.14226402670237,401,60.150000000000006,41.44310067024192,37.491134573319826,17.910186359910192,16.4861989555454,12.481819067627642,3.0822548555019402,2.453651194395371,37.74606186624542,17.77041120224729,16.21211502980383,12.200995739653992,3.33034689820023,2.492715076586474
many_moving,41,918,134.34146341463415,41.26289843178036,401,58.6829268292683,41.557605346997086,37.6027149893455,17.8621426574269,16.41868127110063,12.375669079716241,3.084813396404719,2.4587684559030003,37.84175676835879,17.81291721394632,16.194923243223496,12.118058339133539,3.438478729011065,2.4997397175000953
many_moving,42,950,135.71428571428572,41.323601467084735,401,57.28571428571429,41.66795430192506,37.63355386677947,17.8819405678882,16.438029479969863,12.324010750229597,3.255210731856921,2.469376717342619,37.93376266407093,17.85496015828626,16.178491447290583,12.040703289523883,3.5629420406424472,2.5069228731747857
many_moving,43,963,134.37209302325581,41.44702742484793,403,56.23255813953488,41.76508929849944,37.71531452726558,17.97005217277752,16.510985846461995,12.255516774846024,3.2404190379463373,2.505618305562838,37.989453950496674,17.875711630753827,16.157827764125994,11.967689602942674,3.713757909537249,2.526377750164795
many_moving,44,995,135.6818181818182,41.567186965345556,407,55.50000000000001,41.87145779809708,37.813451409043886,18.04448869876324,16.52530697862116,12.184435162656946,3.345474467175563,2.5121533193344883,38.09782040536695,17.942948514395745,16.172026407933707,11.909450265073792,3.801773027567126,2.5168654932521344
many_moving,45,1009,134.53333333333333,41.6691973885719,411,54.800000000000004,41.97666768103798,37.920399744369305,17.977085246236886,16.433220334992207,12.089115962040117,3.37082242016477,2.50461016211748,38.184906871147064,18.008673230082472,16.283861243582134,11.83118439267143,3.869281323564095,2.5232070110977376
many_moving,46,1041,135.78260869565216,41.74899695590725,415,54.130434782608695,42.07464958088551,37.99653454966037,17.948752973475155,16.360315448407526,11.998058088195636,3.5439774740890115,2.5267038460604994,38.2759312354746,18.067458764008514,16.395631332115876,11.763759256868113,3.9498579577074104,2.53602369168122
many_moving,47,1054,134.55319148936172,41.88401227232154,419,53.48936170212766,42.16606767619256,38.1147899602137,17.986700348735813,16.362904919292095,11.909288706229866,3.6680230322588345,2.528270654998978,38.369951191197714,18.12485464297269,16.502679913356054,11.715218558028091,4.068671780414688,2.5478871981486018
many_moving,48,1086,135.74999999999997,42.0071454630845,423,52.87499999999999,42.23410894358738,38.22345097245603,17.968487082077544,16.327987189950253,11.773659898151973,3.7153195486071047,2.5421492389692273,38.386850689940665,18.16201456101682,16.583066813625884,11.68990148938828,4.175405571757475,2.548072410782225
many_moving,49,1100,134.69387755102042,41.98109689630194,426,52.163265306122454,42.32073655185956,38.182833231485304,18.10224603143664,16.462117276548735,11.800301226780162,3.891863968811836,2.5217170130842246,38.46308332245506,18.206581574432175,16.664485340369144,11.62335464812377,4.294979376221476,2.557832627023976
many_moving,50,1129,135.48,42.05704947280845,430,51.599999999999994,42.37751923022319,38.265478873184975,18.179089801918796,16.585070087234847,11.741282227109087,3.8872191076343574,2.554159176155337,38.508639763117294,18.269825326898,16.76321273884337,11.583989365958546,4.429824497505068,2.5707107789161223
many_moving,51,1140,134.11764705882354,42.17057387528198,432,50.82352941176471,42.46670623768632,38.381004969658896,18.28479173481846,16.68813787840199,11.648901457265103,4.12242329327544,2.534553231520036,38.57835744065908,18.308583345096643,16.83892957051345,11.552030961632004,4.514594642500208,2.5873492022623976
many_moving,52,1172,135.23076923076923,42.32788066252182,437,50.42307692307693,42.55768800985242,38.52299164190571,18.34884553382613,16.789252164753993,11.56109341306478,4.1574939648795155,2.5625537440672863,38.6165000925081,18.391905103207872,16.944839727187567,11.564364766673629,4.705728187036128,2.588109324348295
many_moving,53,1182,133.811320754717,42.42741604084558,437,49.47169811320755,42.650832601726755,38.625479880122334,18.35471225942897,16.827589685236582,11.513138173428054,4.330423505558657,2.5669442800786473,38.679462040969504,18.4477922292467,17.034255498808278,11.564538044227465,4.828655657781886,2.5964885811222205
many_moving,54,1216,135.11111111111111,42.53253595250934,437,48.55555555555556,42.719577601333356,38.680880214597174,18.384299459983872,16.91297545876415,11.52826634820682,4.380699574776102,2.5867191922883612,38.72934024436822,18.505772060608283,17.130168766958597,11.561873165249951,4.945984486803053,2.6037281769266616
many_moving,55,1230,134.1818181818182,42.52743915685732,437,47.67272727272728,42.78287848864818,38.684210056024114,18.49958374815101,17.05883280322184,11.56278744617298,4.612327644336895,2.583194428531239,38.77782247899538,18.559037830841312,17.222190706955935,11.556769644394848,5.054226302867035,2.6114095642990534
many_moving,56,1261,135.10714285714286,42.52546103364023,437,46.82142857142858,42.840146986255014,38.66563947921816,18.569769046486876,17.158679313921777,11.591460419465587,4.814280432856527,2.567976121613463,38.82249350542844,18.611021048146938,17.312709985006244,11.555610894483076,5.158682507103933,2.618889172117371
many_moving,57,1275,134.21052631578948,42.6154414529612,442,46.52631578947369,42.88273645868225,38.731775486282025,18.583814731470714,17.2058250960636,11.573151179877426,4.88182502816029,2.5957460629565228,38.85325408090515,18.66572676933238,17.406413885544282,11.54867690956043,5.238381680850462,2.62211903241203
many_moving,58,1307,135.20689655172413,42.6323764609607,447,46.24137931034483,42.92202027511045,38.743358207572534,18.606199897764313,17.259092165914275,11.540637471760776,5.002268046668099,2.616719106487111,38.88174810553069,18.714910439260755,17.491619039566025,11.5372155221933,5.289595222322902,2.6317029392227895
many_moving,59,1320,134.23728813559322,42.79694622193998,457,46.47457627118644,42.91043828084166,38.8890020150608,18.647376487871703,17.33323271629414,11.516920924867296,4.987756043322577,2.6032120651901676,38.85173224817454,18.803139035717443,17.594339449105185,11.555152328488232,5.362910266157363,2.648266693215219
many_moving,60,1354,135.4,42.84028721827261,467,46.7,42.976392094155,38.88645935657019,18.703176411675148,17.43400552084765,11.534708887503237,5.065093837383086,2.6115650675789226,38.91943521073552,18.868914145772017,17.679571554592094,11.57117024327438,5.4864584573547335,2.6405537965691055
many_moving,61,1368,134.55737704918036,42.81151079475745,477,46.91803278688525,42.979485498268744,38.86282820368002,18.66706810053812,17.429845915442527,11.49370947105899,4.974814795859347,2.619233553465541,38.90867189272744,18.929116520870814,17.787923668331114,11.604806812192741,5.602044817936372,2.648266277507848
many_moving,62,1402,135.6774193548387,42.819892555033746,486,47.03225806451613,43.047665847581115,38.88858801107803,18.699760194808594,17.494944041076756,11.526982967351369,5.100518335752739,2.6026023158833866,38.970907701487235,18.936657798037558,17.840620940489806,11.615339087298754,5.65515336718597,2.6728664552109045
many_moving,63,1412,134.47619047619045,42.85111795424442,495,47.14285714285714,43.10225627267256,38.89487043506081,18.779856106354508,17.603231527433124,11.526254205869314,5.305710955088636,2.628419694067842,39.029125305124644,18.960172227840513,17.898635381584253,11.627608232128948,5.710884091896608,2.6743548624942695
many_moving,64,1446,135.5625,42.948348161263105,501,46.96875,43.122201892975895,38.97159072220799,18.824362498547064,17.673334510642036,11.530583366692035,5.449188594975425,2.630300102481024,39.04114484255336,18.997515367131342,17.95062719421781,11.637081289066211,5.6254881799386895,2.6717325441409057
many_moving,65,1459,134.6769230769231,42.95355545761957,507,46.800000000000004,43.1102342519135,38.94986617538417,18.848110448796398,17.738373176307576,11.576974430787553,5.49727548988614,2.654100992821061,39.019875308797324,19.09426162021437,18.057987369016242,11.689529907379976,5.696295205913581,2.668216490852838
many_moving,66,1492,135.63636363636363,42.976347400838016,509,46.272727272727266,43.1102816930282,38.96653899389942,18.94909425243699,17.87916014058876,11.663260754730937,5.592454130845982,2.6547949229873824,39.00193614041119,19.18841182810565,18.164672921245852,11.743329887634337,5.701588581513332,2.671372007839871
many_moving,67,1506,134.86567164179104,43.09659245169531,512,45.85074626865672,43.12527888858041,39.078001411043786,18.94634095264892,17.91599165158673,11.678586712712452,5.564006774942193,2.6756813818816383,39.0216296134154,19.2279464255278,18.252943210607288,11.773254993150067,5.5646729055169475,2.6831859170360053
many_moving,68,1540,135.88235294117646,43.163781918349535,512,45.1764705882353,43.14535968862301,39.121300609333076,19.035865241123574,18.038815182776254,11.773191555226502,5.673278480552099,2.6651386427866446,39.04633680765425,19.258477087405403,18.32628181839967,11.815757255372427,5.591621595919314,2.694238886922137
many_moving,69,1554,135.13043478260872,43.03711991856832,512,44.52173913043479,43.15056362679058,38.97683281580038,19.041442533417538,18.081198863081077,11.812544959111298,5.702216883000214,2.65351989056774,39.04666343846118,19.310196644581257,18.408317666627006,11.861491533095672,5.6181960788477605,2.7016411673719816
many_moving,70,1586,135.94285714285712,43.0782015467736,512,43.885714285714286,43.15385838549656,39.01678602857184,19.097443684601423,18.130803431984493,11.836077186273172,5.759371294335534,2.6868348426798536,39.045238523446706,19.366126935925926,18.489125080607515,11.905675072798873,5.657726569577223,2.708999244373341
many_moving,71,1600,135.2112676056338,43.125403875869054,515,43.52112676056338,43.13323345355871,39.087408443836004,19.143630617345966,18.194884386912857,11.868576801988496,5.89655237936001,2.696807269848596,39.01803931048739,19.456154450455422,18.597378586810898,11.944808238566022,5.6993950346863995,2.696649491856355
many_moving,72,1634,136.16666666666669,43.13100669393397,522,43.50000000000001,43.167907754052834,39.09018278886854,19.21797646203829,18.31671140946338,11.953802915457134,6.037087193271558,2.693240784760262,39.06119294947895,19.473828714792162,18.635720810894828,11.99328173712096,5.754719232187063,2.725680699657597
many_moving,73,1645,135.20547945205482,43.17476305551812,531,43.64383561643836,43.18686547527902,39.14281083021705,19.321298588330794,18.442088388832936,12.004503400195889,6.0705345583207,2.7095276848613783,39.09463837609073,19.56702473476231,18.748064400230255,12.062983857612965,5.836376571765398,2.70480498423029
many_moving,74,1678,136.05405405405406,43.230223626683106,542,43.945945945945944,43.203395901369966,39.2061934077564,19.469101600871895,18.591770640867477,12.055392927869011,6.157473543533397,2.724289938068679,39.102551794190624,19.562117623540203,18.731245172811136,12.054755079250677,5.852762851641292,2.7221241217098773
many_moving,75,1690,135.2,43.25095813387898,553,44.239999999999995,43.18489135564471,39.19274858295939,19.535962808757482,18.683136983477233,12.134949998308565,6.2477145733439885,2.720124037978819,39.07747086435752,19.604083460047658,18.770470287847733,12.112899565167433,5.991816166658133,2.7287317947785468
many_moving,76,1722,135.94736842105263,43.22847967306707,563,44.44736842105263,43.20620631858705,39.17526123692831,19.551415930351126,18.73484642774369,12.165097229365365,6.288488884729796,2.7210285834667567,39.08015136979147,19.634193685554777,18.81000558532332,12.133686778274896,6.063136852196247,2.7398381793489825
many_moving,77,1734,135.11688311688312,43.217998889642494,572,44.57142857142857,43.26579117187911,39.19518185303209,19.627673698112574,18.803945629040104,12.145576302317401,6.180760024448067,2.737032700690802,39.130988547512445,19.660237704914053,18.83375557879227,12.182476771907616,6.1778271118661925,2.7404429898904143
many_moving,78,1766,135.84615384615384,43.28975534006754,581,44.69230769230769,43.202280637283046,39.26656939004822,19.68254496286466,18.843145252841996,12.167478633885526,6.163552744304161,2.742806805476373,39.057818995320325,19.70921290995349,18.873026830929582,12.184570735655987,6.133268017980154,2.732919056027737
many_moving,79,1779,135.1139240506329,43.25830489143273,585,44.43037974683544,43.20691699294605,39.193821178286676,19.727369981443317,18.896141778690172,12.271427336105518,6.439736506231957,2.7152264766045877,39.07356126204537,19.778783164800274,18.966153980910097,12.216266692754688,6.131629350379862,2.736831830930897
many_moving,80,1811,135.82500000000002,43.309217348151776,589,44.175000000000004,43.23601588843548,39.235075931183076,19.71583153352679,18.870992726570083,12.273850709606421,6.457320734909568,2.7311453200583737,39.146483301499046,19.819981205850475,19.00280117535531,12.195568963172992,6.166681248670314,2.7659963814683666
many_moving,81,1825,135.1851851851852,43.28353686354593,591,43.77777777777778,43.27712859055431,39.23017143277374,19.704680753128287,18.857267780021967,12.229525126913801,6.3665422426147815,2.7434750295360186,39.21698991503882,19.856353292559145,19.02706845058899,12.201234016651027,6.2232607666963125,2.769377541715649
many_moving,82,1857,135.8780487804878,43.30613722516174,594,43.46341463414634,43.304525214739726,39.2286080561046,19.829621525196824,18.9893834862498,12.314295843396915,6.4904411892065825,2.742057644249347,39.24281383949016,19.94075823517547,19.105677969217105,12.262252568425001,6.318778932589722,2.7621699129132926
many_moving,83,1871,135.25301204819277,43.28013288865378,594,42.93975903614458,43.30712238487779,39.19293717265702,19.952032858458807,19.141945949041606,12.367768050169657,6.4986459792604565,2.750191600603352,39.232880757539576,20.048666049782874,19.2010001838116,12.322742771413719,6.383995661595811,2.7581893428343625
many_moving,84,1905,136.07142857142858,43.30199208268804,596,42.57142857142858,43.27266143426596,39.17237993333752,20.042112687410494,19.207734482963836,12.413032391844672,6.447526945925762,2.743434726976427,39.200563594173694,20.14885871468322,19.29917708616876,12.362235288968847,6.469640720741893,2.7504693992687668
many_moving,85,1919,135.45882352941177,43.24871916377838,602,42.49411764705882,43.295464088412146,39.12959690902629,19.97837632534066,19.168606322878677,12.373376124532857,6.505182068644751,2.752554356656629,39.208159662312234,20.176956965546427,19.316365389201867,12.37182294882018,6.421074986560045,2.755857735656622
many_moving,86,1953,136.25581395348837,43.33207092682149,609,42.48837209302325,43.34628699351718,39.217281055164534,19.96896718799869,19.162700599012325,12.409436429554537,6.609524442745449,2.7703642413660603,39.2627157276128,20.188080536250283,19.322074709464438,12.412316067718422,6.48908749830867,2.7623131844678626
many_moving,87,1964,135.44827586206898,43.370811245448294,614,42.3448275862069,43.301755338471,39.281684489218506,20.041144406968073,19.23228832282893,12.460479646925998,6.695176520113585,2.767939143843949,39.225024567037664,20.146767810407592,17.647931014027943,12.473509986979684,6.655799634776189,2.7566264273351107
many_moving,88,1996,136.0909090909091,43.28930515862165,620,42.27272727272727,43.31105903563514,39.221866192834746,20.130563274968786,19.325750388612214,12.510633774888603,6.819825166065109,2.761987307449235,39.20820421169746,20.211490172823723,17.72147694195406,12.517355626157707,6.704549809579526,2.755768184393811
many_moving,89,2007,135.30337078651684,43.285539912937914,627,42.26966292134831,43.297828712739516,39.24603749832049,20.06166975081762,17.625712332703948,12.524770076892164,6.839183217008582,2.767919245559395,39.218830175791645,20.167719334699473,17.710759692135706,12.52462430217929,6.682605971960963,2.765662832814237
many_moving,90,2038,135.86666666666667,43.341352365625745,633,42.199999999999996,43.29762799873136,39.31098642330724,20.026842188766416,17.60886822537858,12.5390564260116,6.794002289602601,2.761559065582356,39.225490578069966,20.133614446379767,17.7370625524979,12.537396528448665,6.6839981049225745,2.7677173390588377
many_moving,91,2050,135.16483516483518,43.35082590073864,638,42.065934065934066,43.27330895397949,39.27837131263645,20.080916328520026,17.678504509856797,12.594997307825833,6.822601757912793,2.7602270863061986,39.19920217205832,20.103051170153876,17.709040530874002,12.569065091500425,6.782232769882215,2.7613978809968414
many_moving,92,2081,135.7173913043478,43.30846417243219,639,41.67391304347826,43.27832821377535,39.21795618127548,20.087963459116697,17.66954572985116,12.643173845444348,6.869355313590868,2.777885693917676,39.20114916074599,20.11353451935497,17.739454368075886,12.58539344869232,6.7777699906075854,2.7662020003984225
many_moving,93,2094,135.09677419354838,43.26201193652832,640,41.29032258064516,43.272842615555014,39.161118206072736,20.097256194579106,17.72314815749231,12.618392662647945,6.847889094269273,2.769501323318342,39.19443883067119,20.125546029978274,17.752654917903975,12.617576736287523,6.821292952924064,2.767348490226632
many_moving,94,2128,135.82978723404256,43.228399889651016,641,40.91489361702127,43.26607409867695,39.1596412396667,20.01069254171893,17.66445043374146,12.64845265457274,6.946646276764957,2.763139534324644,39.18869629494617,20.12375965552823,17.758295944789133,12.628245950422937,6.821473760246738,2.768823343660228
many_moving,95,2141,135.22105263157894,43.29052557486406,643,40.61052631578947,43.25364943644491,39.221089055752614,19.96940745617185,17.635593891574555,12.672508248798971,6.91224735694452,2.7650596240209313,39.172644787390425,20.117456553144898,17.757691051027358,12.658761865289904,6.8461699144624175,2.7607384711005616
many_moving,96,2173,135.8125,43.30172381494122,644,40.25,43.2522267211966,39.269150979957324,19.96235850311165,17.625690390379244,12.633610251365218,6.907398787175226,2.7731872376369,39.17101879040851,20.118171728957392,17.766960425266028,12.675658063015085,6.851144485637024,2.7618125796256163
many_moving,97,2187,135.2783505154639,43.26415321144766,647,40.02061855670103,43.229520439127775,39.238565450240664,20.012954303645145,17.671738915853357,12.610356933244205,6.894256879050876,2.7665814376444233,39.136759481981244,20.053857486084972,17.68763658836599,12.69021529690356,6.784752062668389,2.7594921012069946
many_moving,98,2219,135.85714285714286,43.293009383805554,647,39.61224489795919,43.23546966520202,39.270287196672484,19.989451295151248,17.67147533032211,12.614788944292043,6.8058955168173885,2.76636108162416,39.14536789505037,20.003432280742484,17.635934757640374,12.688516484843884,6.744873353770458,2.763057815337898
many_moving,99,2231,135.21212121212122,43.229970927111104,652,39.515151515151516,43.258242755806364,39.18889268264978,19.95686219304391,17.59577558014719,12.612536007201369,6.822865190931524,2.7354465320917476,39.17792842631094,19.959459583385208,17.601985799856134,12.686387903295088,6.763580630775648,2.7781034374711613
many_moving,100,2264,135.84,43.27495294592178,656,39.35999999999999,43.246003493730214,39.26383149494281,19.960118530571354,17.647142477415134,12.590108841886114,6.718336852658622,2.7650307816236146,39.16417758259961,19.95553930730213,17.596827872785354,12.699538911875528,6.7807147504448535,2.7528860018532377
many_moving,101,2277,135.26732673267327,43.228506285333516,661,39.26732673267326,43.26069444770151,39.22985199946833,19.95153226446749,17.736956960384408,12.599516053577346,6.765224311253259,2.7539427711622864,39.18674150156824,19.940920240667875,17.584570865607034,12.697875737826172,6.795299902033906,2.7693396925358207
many_moving,102,2308,135.76470588235296,43.11351139833818,665,39.11764705882353,43.26395506300085,39.111034962087864,19.928592346593945,17.654035180578383,12.609749949213725,6.815135051238667,2.7550190128947536,39.19534430451777,19.919185742378776,17.561881994344358,12.692803370661249,6.7965489512856845,2.7668059084548458
many_moving,103,2320,135.14563106796118,43.17650848761988,670,39.029126213592235,43.27758038537182,39.16522485120687,20.015770171749427,17.753413835713335,12.684481714091937,6.924799791489925,2.7585519247759636,39.21563073681951,19.94131402426981,17.574309170478855,12.685720567670035,6.741308162418359,2.7641717934642562
many_moving,104,2352,135.69230769230768,43.152652451483036,675,38.94230769230769,43.26028145446382,39.1393954308994,19.98175923579914,17.65598882606889,12.682350142105436,6.898964855803241,2.7460047903924525,39.19982284809943,19.93680550075708,17.569670220602827,12.702114234831157,6.776999302414642,2.76870757744667
many_moving,105,2364,135.0857142857143,43.14144692843389,681,38.91428571428571,43.26278445227411,39.133107492873926,19.935640345042945,17.60754168295997,12.642060267925105,6.699650644327905,2.755735095586022,39.2110110934218,19.925839898382467,17.568537916603457,12.707125455632983,6.791954529221803,2.756801406477867
many_moving,106,2397,135.67924528301887,43.17153805537353,681,38.54716981132075,43.27487081441125,39.191516100939495,19.905310849981916,17.673770301805412,12.670566514876128,6.752170344887097,2.7528569872015187,39.24359157970476,19.925137787840672,17.552775780933192,12.735417707224482,6.8374440309664655,2.7628114957336716
many_moving,107,2410,135.14018691588785,43.10108235130368,682,38.242990654205606,43.27321310418069,39.14231412139135,19.87691767152409,17.623556364457993,12.677732493370753,6.865552382972987,2.7497551909395965,39.252220832824825,19.906919649950915,17.535947881967978,12.72481014725433,6.815707211364513,2.7592239489697308
many_moving,108,2443,135.72222222222223,43.14251272220519,683,37.94444444444444,43.2535605519461,39.18587853909185,19.804984338314913,17.52790548093392,12.66160039059481,6.7424580308279385,2.767888329809565,39.23473353765925,19.912429829389527,17.526749215375236,12.727923585019166,6.8177194853298735,2.7472716827368364
many_moving,109,2457,135.24770642201835,43.09899123021868,684,37.651376146789,43.261327559235795,39.11544067082248,19.916360519904096,17.64630712772393,12.777600476642071,6.9502164747248925,2.75432905331589,39.25026579465756,19.905345039238323,17.520096172576633,12.720426545855306,6.798783470632789,2.746621406129934
many_moving,110,2490,135.8181818181818,43.164904886417766,685,37.36363636363637,43.25277619864902,39.157326069119094,19.941706678095418,17.637327781960227,12.772417264093813,6.8701682698732425,2.7513206454262615,39.254032427986104,19.897853506605212,17.51388311072577,12.704769717353209,6.795694308313851,2.7554404475675582
many_moving,111,2504,135.35135135135135,43.12517172453075,686,37.081081081081074,43.23479925834134,39.150556977601454,19.88586730014374,17.640822571895292,12.730231343975603,6.80657858493385,2.7334463011908943,39.2452784195478,19.883097849107635,17.499633832303253,12.701198459865395,6.796837166967822,2.7525814985513146
many_moving,112,2537,135.91071428571428,43.12240533214114,689,36.910714285714285,43.25492995444686,39.16603568682054,19.928035090867834,17.699489199179823,12.731301535665706,6.874202845055004,2.7501485287866196,39.28921502775764,19.910123645964568,17.55591337048657,12.687066947984334,6.813277788397044,2.7592540735268427
many_moving,113,2547,135.23893805309734,43.16595849106303,689,36.58407079646018,43.25357803093558,39.23122819020365,19.887239358055435,17.664698763231527,12.734643447926755,6.945375348722972,2.7569039666088457,39.306279487426806,19.91873325241384,17.577726228373173,12.688454788540348,6.848262193943613,2.7563799016567962
many_moving,114,2580,135.78947368421052,43.13274977527947,689,36.26315789473685,43.252945528598474,39.19507123343463,19.851951616066415,17.613576105266624,12.766040594737504,7.040752747585927,2.75645423712308,39.31880196188953,19.92151387051911,17.591584490650977,12.685775500562073,6.861564011042233,2.7549644370092614
many_moving,115,2593,135.28695652173914,43.143328541973375,689,35.947826086956525,43.248506887892965,39.208897672147636,19.882446759230227,17.68042574016568,12.705435815688276,6.914722447756418,2.763696069795327,39.32485764650047,19.919499151714014,17.595890176997024,12.685793990759196,6.873483852153145,2.753305233873576
many_moving,116,2626,135.82758620689657,43.073361502713865,692,35.793103448275865,43.20320336626018,39.16430720345358,19.795746574233974,17.62205687598211,12.739302831042103,6.955057079994879,2.7510334945923876,39.288549342636045,19.889793472813306,17.56163932885835,12.656264689684432,6.798484700382978,2.7505344402044445
many_moving,117,2640,135.3846153846154,43.077870590346905,699,35.84615384615385,43.214357960935985,39.17863420851281,19.856281845940988,17.653423311591386,12.805531191186317,7.091734255209291,2.746903755163992,39.32762422983125,19.86409498936044,17.538532817464827,12.652719842594779,6.812298749306523,2.75060032685136
many_moving,118,2672,135.864406779661,43.06449356473174,710,36.10169491525424,43.24423899139495,39.16704508330588,19.830330498216824,17.617564382910693,12.820589407077192,7.159078700790924,2.737655172716704,39.315165933115495,20.057395200510886,17.732857563827384,12.696633443152296,6.961512681664673,2.760011661310812
many_moving,119,2685,135.3781512605042,43.097341008675116,720,36.30252100840336,43.24269455766595,39.180914152846036,19.77303249594496,17.54750606190434,12.784200931760433,7.018418443574238,2.7419901500176436,39.312193513617075,20.10393198316011,17.757053832122974,12.72724166273452,6.945129143704889,2.7663856178984747
many_moving,120,2717,135.85,43.158383641649095,731,36.55,43.13968683398206,39.25499508732921,19.84156243459505,17.652691776054233,12.757936272969058,7.01169114533735,2.7456828115376335,39.21859802824894,20.07634671205063,17.698233277529585,12.718163075766112,6.899729996032098,2.7388158736040724
many_moving,121,2730,135.37190082644628,43.120291797350404,759,37.63636363636364,43.14424140611844,39.24213443344156,20.033164238994292,17.662189683293807,12.937695023489924,7.090841722631182,2.719758962152485,39.255301401344596,20.296044300322702,17.806599343239686,12.789284781304278,6.718693838804291,2.7377956753013852
many_moving,122,2764,135.9344262295082,43.21308743219889,792,38.95081967213115,43.13236693822758,39.386315722389625,20.240752124031932,17.83823715821435,13.088434931160645,7.040007528743282,2.73567239570293,39.299008328319516,20.538980870189047,17.908955684932167,12.86777963776246,6.802728133591763,2.716932107716283
many_moving,123,2777,135.46341463414635,43.194258141112535,826,40.29268292682927,43.17893530167142,39.43613988584919,20.351359706226038,17.906458440942593,13.176239099803679,7.28942859389154,2.69541194376034,39.40377862666206,20.85582722374,18.090807651639896,13.03159886900794,6.908662370723094,2.699135518287162
many_moving,124,2808,135.8709677419355,43.1369059902882,861,41.66129032258064,43.13519923925886,39.45269724809745,20.404447735457012,17.915002779533843,13.273251355312418,7.08358279133626,2.677185497010627,39.42386121359624,21.034802775634574,18.157422495259443,13.152921311647985,6.93475405240453,2.6769253674925535
many_moving,125,2817,135.21599999999998,43.12316146293833,892,42.815999999999995,43.01136296774428,39.495136912746446,20.59178903419306,18.040545431398936,13.333392199468447,7.1997051100139355,2.6484286855241024,39.37143831960523,21.150629062777153,18.218391989865648,13.324356544426545,6.940659473015957,2.6194134203631463
many_moving,126,2848,135.61904761904762,43.06653885260191,925,44.047619047619044,42.99711406905829,39.46906884773328,20.75446311716578,18.17005769063946,13.481005985963728,7.356116148546056,2.618431754289386,39.42770228172738,21.417896607980474,18.472082920160677,13.418887336387865,7.351147499408776,2.616074803638815
many_moving,127,2860,135.11811023622047,43.02331020578972,957,45.21259842519685,42.94981399299592,39.49704398984115,20.914835953126534,18.33474236570317,13.640116072410235,7.271554100499783,2.592166327118276,39.43362228956067,21.649110794212053,20.339491591130407,13.559906290027703,7.34047754900053,2.5815046790238267
many_moving,128,2891,135.515625,42.99389424321588,987,46.265625,42.921459613379575,39.52471234288893,21.072877887660155,18.499868846552914,13.797088583798732,6.9294017825356296,2.580841242838205,39.46974518133088,21.724423785513387,20.344339266569584,13.736083724171149,7.389813166192701,2.5406079965995887
many_moving,129,2902,134.97674418604652,43.04845053876485,1018,47.348837209302324,42.87514661887547,39.64658695681949,21.205880762053646,18.640467207696855,13.979243722599424,7.681493375266522,2.5119021600133165,39.490245134413456,21.842419696840658,20.39046034871952,13.89716359183959,7.355116967631959,2.512556708682168
many_moving,130,2931,135.27692307692308,43.114038112235036,1049,48.415384615384625,42.93489278596859,39.80128472630021,21.31694517437692,18.75511846401411,14.107223709556704,7.39714355572114,2.5094415469518987,39.60701610299315,21.8824640866412,20.35507435206801,14.028478466959433,7.416909760417856,2.4946016902208368
many_moving,131,2941,134.7022900763359,43.112774126030196,1082,49.55725190839695,42.890841716136144,39.83666171553961,21.425597246730455,18.793605020506448,14.242194891033883,8.274409239380518,2.488249586625561,39.645680628772496,21.957162952317976,20.329357166852695,14.149310082184936,7.526593338413369,2.4410545146292644
many_moving,132,2970,135,43.17690900567592,1110,50.45454545454545,42.99562021702441,39.90468555783877,21.60431723069236,18.89492552617675,14.428541112645158,7.944915462149214,2.4997418785135497,39.786870529700025,21.954486789360327,20.228112989409638,14.27305993857625,7.682265851279949,2.441577183462195
many_moving,133,2979,134.39097744360902,43.247459381499276,1142,51.5187969924812,43.01759772241318,40.00249560961514,21.716718927369204,18.943680319844326,14.622086502708228,8.81719874655797,2.500819216549298,39.83099981456711,21.992078919601816,20.190598861214635,14.50296302404972,7.811636325442911,2.411800748721835
many_moving,134,3008,134.6865671641791,43.294005033375576,1174,52.56716417910448,43.08488596916109,40.05549158946372,21.790410575405605,19.024185549672485,14.865814883206612,8.546466731020583,2.4895739052196855,39.92551520725304,21.966300163876195,20.09257409498253,14.678646324795494,7.956692251958243,2.396744425036929
many_moving,135,3015,134,43.29355422522435,1204,53.51111111111111,43.067242100885395,40.07241424217785,21.84398996070011,19.099171089959746,15.034862169256142,8.851209912982737,2.5074940396891545,39.93648541396708,21.915291862973714,19.96737218305923,14.81946275209764,8.123057331520705,2.360546087162995
many_moving,136,3044,134.2941176470588,43.220078366002724,1234,54.44117647058824,43.02527074881398,40.01546854958741,21.843913368429845,19.14531366822893,15.194960244488986,8.616760715957685,2.5201494584995676,39.883034421414564,21.905414017562855,19.93451601232938,14.941842173371477,8.141799771151682,2.346045421235284
many_moving,137,3053,133.7080291970803,43.17758649007301,1265,55.401459854014604,42.998592003830105,40.04986768532748,21.861900417537683,19.242922460011805,15.302361818457435,9.545861658818414,2.5205807041896686,39.88689066559482,21.85777525015179,19.86007670552868,15.00325497643379,8.12224532049583,2.347969405789352
many_moving,138,3082,134,43.13630513572463,1296,56.34782608695652,42.98013827981923,40.03987843469761,21.89720186966033,19.331070479021086,15.425133391624346,9.292536624921675,2.630387806879128,39.88935960739007,21.811857547742097,19.817560703218163,15.058352755187979,8.090996601716592,2.3567488571911475
many_moving,139,3091,133.42446043165467,43.1012187823239,1322,57.06474820143884,42.94800407609528,40.00508636744575,21.975673601086473,19.446666117069125,15.554574376685867,9.323018042091771,2.5534468345363743,39.888815950910036,21.75402570653501,19.775467695878795,15.115366603095806,7.998159053914222,2.3513644280397648
many_moving,140,3121,133.75714285714287,43.090507491397645,1349,57.81428571428571,42.977457351833216,40.024300206318294,22.078353867057672,19.603937661177213,15.636951928456153,9.026739385283767,2.3997190785617732,39.93132887964414,21.673871533727805,19.71642477015667,15.156118099102743,7.908040119461272,2.2529052556430744
many_moving,141,3130,133.1914893617021,43.04382244219756,1377,58.595744680851055,42.963278155441316,39.9909956049264,22.19323298038866,19.747782691889284,15.701130516484657,9.173620253607435,2.229532596737752,39.94080301067642,21.65411012512447,19.721241708845945,15.20449291723308,7.7660192966523685,2.136212119281671
many_moving,142,3159,133.4788732394366,43.039548619094234,1404,59.32394366197183,42.94053764544003,39.98589134447808,22.332801326006763,19.900875869570868,15.795403518363658,8.992880327708589,2.2145322185908674,39.941799757063556,21.62834458858112,19.751819271203512,15.276269535897573,7.619816239261005,2.156263906907236
many_moving,143,3168,132.92307692307693,43.053104522999426,1432,60.08391608391608,42.99139292426771,39.98650976608385,22.512188859561594,20.02354361116093,15.922711181006553,8.93058679531123,2.2160927232704912,40.01131689523713,21.618950579384084,19.777791962239792,15.367100477283387,7.616658673296814,2.1245264027789093
many_moving,144,3195,133.125,43.04488999068476,1459,60.79166666666667,43.016828441335306,39.98485770395247,22.48307322577544,20.868785496666582,16.056039642978646,8.81590558639616,2.229610188780018,40.05350032376159,21.614419172866715,19.839402902764444,15.528346840471272,7.434111947872535,2.0980656682831804
many_moving,145,3203,132.53793103448277,43.070203394498776,1485,61.44827586206897,43.06730133956015,40.027421107626324,22.434563185468406,20.877525735564774,16.203469524467607,8.764149653991003,2.1987882440707502,40.11869030588532,21.620757788778306,19.904031865378396,15.717058402083765,7.736640858110039,2.0848338743380674
many_moving,146,3230,132.73972602739727,43.05349748236393,1515,62.26027397260275,43.14869257531001,40.02923675911937,22.388645541698963,20.884622009830554,16.332858640994438,8.546215153325647,2.193808250315922,40.2096506404229,21.623919998030036,19.97457549243957,15.867717575547568,7.51365076839555,2.094716251182672
many_moving,147,3238,132.16326530612244,43.066697561840556,1544,63.0204081632653,43.282045571674,40.06965940516673,22.364003478849924,20.91335876684111,16.488436256146887,8.226066849991673,2.1645530215618405,40.34193534333681,21.622652637921068,20.046516114332892,16.031194800932862,7.032091540553355,2.072965934249186
many_moving,148,3266,132.40540540540542,43.07491412582063,1576,63.89189189189189,43.38099049789301,40.06836321411291,22.394114728381407,21.01990406531777,16.63690048994664,7.8153859966227435,1.9846367906463216,40.42081238685537,21.660345198099265,20.158276707760486,16.170359544780098,6.761193225261786,1.9707331562525465
many_moving,149,3272,131.75838926174495,43.146782693278155,1608,64.75167785234899,43.52962448459434,40.148934227597366,22.47613284309127,21.158880238484564,16.810557480935092,8.173224585346134,1.7336347711525935,40.557117203855775,21.69305855243211,20.261559881323635,16.306959774733453,6.871162727200295,1.8432146449941904
many_moving,150,3299,131.95999999999998,43.24005774319394,1638,65.52000000000001,43.63069494867763,40.25232610427313,22.55131824618041,21.27968658524707,16.981908945532073,7.889876421364185,1.7038138667988483,40.65623546023219,21.737982596645647,20.35573624792941,16.42756047398555,6.498666683592037,1.7909628450366433
many_moving,151,3306,131.36423841059604,43.343675246532406,1665,66.15894039735099,43.752374989387356,40.376016411334824,22.59125602669659,21.361149334177718,17.084373644872567,7.373530443086871,1.5558231583765507,40.81669335055572,21.72068188724819,20.366951173531497,16.43936760147356,6.104977100722806,1.7078410810178644
many_moving,152,3331,131.48684210526318,43.42919000669917,1689,66.67105263157896,43.83562136693162,40.457645753294244,22.620777823934386,21.440882615153594,17.161859264871005,7.078926948394541,1.586230229306365,40.92784757845544,21.69406024228811,20.390649671515256,16.441427509403713,6.00770602687084,1.6336599343279015
many_moving,153,3335,130.7843137254902,43.543565277857034,1715,67.25490196078432,43.87164798506585,40.55698163740903,22.647708970535373,21.514458192142666,17.215468406095166,6.36968395988441,1.5716689910167263,40.9732531405595,21.720365714177913,20.466808286000365,16.484637543657612,5.583714827316751,1.6607182615233604
many_moving,154,3361,130.94805194805195,43.652590486450215,1738,67.71428571428571,43.914884860403355,40.68322266752141,22.67837268008519,21.563475607959248,17.271074466457964,6.196996988671508,1.5863573939731808,41.02265186721639,21.751723960217856,20.541295992657872,16.526579554650237,5.181632081283973,1.6836143050839332
many_moving,155,3366,130.2967741935484,43.71692863924279,1761,68.16774193548386,43.97878142777597,40.7191776629286,22.778563604434513,21.690378607668997,17.418937270882722,6.7272165415859115,1.584907825020077,41.08340684909471,21.776618133501998,20.607342692524206,16.594428694309922,4.8426532161323745,1.7109418116230883
many_moving,156,3391,130.42307692307693,43.75181380334461,1782,68.53846153846153,44.008958835893154,40.72396133916912,22.853585416885004,21.795707774742485,17.60762045252725,6.602909566264595,1.5516644127935446,41.1119197174344,21.796739082039995,20.660754258989567,16.664666685839553,4.646423430023708,1.7432738167417603
many_moving,157,3397,129.8216560509554,43.841043497605845,1800,68.78980891719745,44.03516423098655,40.773055417834634,22.982552829237765,21.943418022494406,17.710207473730797,7.087156886521259,1.512310806647508,41.130952761975244,21.78780281222541,20.683174613797195,16.789932482210776,4.626404123667376,1.7841785008412914
many_moving,158,3424,130.02531645569618,43.943460935135775,1817,69,44.090288655926706,40.85192112235046,23.08525325911245,22.056811307413252,17.841072280645918,6.355826109903032,1.6404387193688472,41.17317774596401,21.827275723277065,20.751228268014167,16.89620867478102,4.682969789048563,1.818996800076473
many_moving,159,3431,129.47169811320757,44.049946181365705,1839,69.39622641509435,44.14775483981634,40.9161026520028,23.182965053207347,22.174776829245925,17.940463354145937,6.3604575590698404,1.7631957047004136,41.21186988462245,21.857817851119872,20.80601055678589,17.01017537783702,4.362644569901679,1.8843556639725505
many_moving,160,3458,129.675,44.19321621635676,1862,69.825,44.228325967144684,41.03578304870878,23.272339770914694,22.26955358504926,18.046486899120676,6.566666840425471,1.8377036309908756,41.26278714061685,21.901606795334125,20.87249576214318,17.12659292478607,4.49914893428996,1.92898366734167
many_moving,161,3465,129.13043478260872,44.267769255286325,1885,70.24844720496895,44.29636022028505,41.084996425778456,23.383633861145285,22.379982359094846,18.194342906945558,6.8754852928183965,1.900783068503543,41.306669850254465,21.897326675194694,20.88951195149886,17.247391995461275,4.5574235499742395,1.9254870798849981
many_moving,162,3490,129.25925925925924,44.42118029201178,1907,70.62962962962962,44.370424825174005,41.169906841920906,23.513800512149935,22.517969718300208,18.338062252876245,7.076160139062127,1.9886989149720882,41.34510237521981,21.890748180084238,20.90302667730804,17.349038257682878,4.932341267704806,1.9281668109464376
many_moving,163,3495,128.65030674846625,44.542899204618294,1928,70.96932515337423,44.49151479210364,41.24574411171114,23.625631656388816,22.637262635111927,18.425367402921527,7.1989678108100446,2.0348324157634847,41.427798044523186,21.907584693815057,20.93357917091278,17.45385728227096,5.089472578794388,1.971394421172798
many_moving,164,3521,128.8170731707317,44.67477160900648,1954,71.48780487804878,44.570726920707955,41.29826543510613,23.77144719889931,22.79791633753507,18.514427168629396,7.286874200902653,2.088600967873545,41.46679925421552,21.98796422569767,21.01705016332778,17.529349322814905,5.348946227768268,1.9924396551518955
many_moving,165,3526,128.21818181818182,44.80351593271825,1980,72,44.62772905900915,41.38849074163186,23.909466547167835,22.92954236557666,18.590821131756442,7.454952183628076,2.1393033340534333,41.47492377548177,22.07179700509126,21.115444779520555,17.594371079167328,5.753717654822179,2.036516214121445
many_moving,166,3554,128.45783132530119,44.810831919966766,2006,72.50602409638554,44.74107302986619,41.36447884533752,24.071382265746315,23.09141767430118,18.698480065068683,7.138593671131456,2.1615655886638883,41.530684493327314,22.124014048244167,21.179892864484422,17.69720263244821,6.163403722776567,2.040999953210863
many_moving,167,3563,128.0119760479042,44.81184829570741,2035,73.11377245508983,44.744414095440675,41.366909179547974,24.250942261273664,23.256311921584,18.688860137733037,7.544598136689768,2.2067644168916205,41.49653900197957,22.158147132467327,21.215653538011917,17.735468293759297,6.576465033806734,2.0535350881342143
many_moving,168,3591,128.25000000000003,44.842504946270665,2061,73.60714285714286,44.74284286823188,41.360636017040505,24.437784578782683,23.437967149519775,18.69657105513134,7.684306285980382,2.2242556685785955,41.46075049652987,22.28476078179691,21.337714848867524,17.755394087672613,6.951403800558345,2.0956785786967576
many_moving,169,3599,127.77514792899406,44.85414436960304,2089,74.16568047337277,44.806224730908056,41.33813527590006,24.617277456086804,22.183941959056465,18.72394250620854,8.169657166658048,2.2030467376883807,41.487370434476,22.40008495572087,21.45184659242019,17.77493919909638,7.2892631725722925,2.0933359491448167
many_moving,170,3626,127.9764705882353,44.84057833288812,2110,74.47058823529412,44.78430827396248,41.330624523838985,24.603589067484382,22.21426575287697,18.71666407711879,8.276934700530646,2.2153255517584225,41.43032764448763,22.509164134042766,21.563957930507794,17.81065880594526,7.586001175659896,2.125400667208073
many_moving,171,3633,127.47368421052632,44.83362212030583,2131,74.7719298245614,44.766663715055586,41.28753663956656,24.574221611196442,22.216072174419107,18.688862717679132,8.638176703237276,2.2265208621629116,41.3941756327288,22.705191094823633,21.737405903125698,17.820452714635195,8.057309077602683,2.1353859694131114
many_moving,172,3661,127.7093023255814,44.804387327040644,2152,75.06976744186046,44.75430781807602,41.263816703104844,24.54352871786363,22.220156980643107,18.656698841679713,8.794871572439485,2.217743361289951,41.35442714672024,22.84874790027897,21.873948486465586,17.851790295296745,8.288497780428212,2.102232702310343
many_moving,173,3666,127.14450867052024,44.79853631555148,2173,75.36416184971098,44.81664684448142,41.23771141279299,24.505428583994973,22.181677607828274,18.62505964586154,9.050910205897274,2.1908318399947193,41.38701055038186,22.926969300461334,21.938963855288073,17.852967714154364,8.564273169358083,2.0996058364979966
many_moving,174,3692,127.3103448275862,44.747846663210964,2195,75.6896551724138,44.84114876003941,41.243107031993176,24.4334550535818,22.132157315982447,18.632094916791715,8.853269929200312,2.1979869534204437,41.388761662179654,23.00975443835629,22.008879652294183,17.846538310578865,8.629203804594962,2.0731137055476916
many_moving,175,3699,126.82285714285715,44.70952605628524,2220,76.11428571428571,44.850475640017805,41.20922629121714,24.440371613511648,22.22285324112852,18.633058271531567,10.10444597143198,2.2561712004224206,41.36213431963186,23.04952572453142,22.060092702129815,17.843032039898105,8.61402371449105,2.0236826191815735
many_moving,176,3727,127.05681818181819,44.68513623825206,2248,76.63636363636364,44.92066149464264,41.169668280110365,24.2979834618643,22.167945824086893,18.634789363290604,10.015709954083789,2.195377026196665,41.41137018978516,23.092049172013457,22.081582386538162,17.882559000150767,8.539442387475155,2.021858139452318
many_moving,177,3735,126.61016949152541,44.665258756204395,2270,76.94915254237287,44.93898825258579,41.15384272739466,24.181004107977888,22.07646813276733,18.623692599859513,9.981732263495527,2.1184781444206786,41.41745467082982,23.148842695425675,22.09245415571239,17.899336569282113,8.44764264858084,1.9997057026369416
many_moving,178,3761,126.7752808988764,44.63970626013064,2291,77.2247191011236,44.96005411457761,41.12700162093752,24.058501535900554,21.97253524613029,18.62031084976032,9.735653189810767,2.118798331840781,41.43803693974898,23.186210333466466,22.08880239400328,17.913877589616614,8.30480899780447,2.018278267230437
many_moving,179,3769,126.33519553072625,44.67115454152732,2310,77.43016759776536,44.995406030954726,41.137434351849166,23.98990861378786,21.888493819849124,18.59798778753659,9.686191802545803,2.113424921335276,41.47639121790609,23.20379263699385,22.068155710917246,17.938120990661293,8.187840154000408,2.044723086286405
many_moving,180,3796,126.53333333333335,44.683705746129434,2333,77.76666666666667,45.01633739893736,41.148029731606705,23.89318563424997,21.77943609814492,18.612555207159392,9.375221989717843,2.103795739033522,41.4804871522025,23.26900515214061,22.126750616919374,17.98338722899259,8.165784743122765,2.0615768770919276
many_moving,181,3803,126.06629834254144,44.63393588771047,2341,77.60220994475138,45.050475447962434,41.0888691045374,23.807853902859268,21.708374868791925,18.58917637961724,9.433922550685125,2.115849002468372,41.51975324602005,23.27291092588959,22.086563331884648,17.956019182759245,8.0711958296021,2.0620148231536652
many_moving,182,3831,126.29670329670331,44.59228481831784,2344,77.27472527472528,45.074884562549926,41.04606335472212,23.70952262023678,21.60774011095858,18.552873023161656,9.20414811862884,2.117046908067271,41.538943940412544,23.278524068884675,22.06300371569308,17.92362046057142,7.924774516737409,2.0579664467214926
many_moving,183,3838,125.8360655737705,44.64751389393132,2344,76.85245901639345,45.1092520367532,41.120043233994366,23.613844848533,21.4865336879659,18.531386816548636,9.037721862572369,2.1019100429538,41.565145028081446,23.284205175441087,22.05159591918216,17.882897424567105,7.828361725563543,2.06719264424782
many_moving,184,3866,126.06521739130434,44.6908409710128,2344,76.43478260869566,45.150715204096805,41.187254082230865,23.516160242849878,21.36024000625216,18.485076990381145,8.96222609987338,2.10985144374924,41.597585605515235,23.292033744187925,22.050504255707366,17.83770935867182,7.760696195902786,2.075965253198834
many_moving,185,3873,125.6108108108108,44.6016956952132,2345,76.05405405405405,45.19762843543666,41.128702249656676,23.34528867219605,21.18959651439433,18.501066228908673,8.716490483696937,2.0833898113382165,41.63638657819253,23.299963959969272,22.055963032230153,17.789812360121864,7.708071094081428,2.0823021532821873
many_moving,186,3901,125.83870967741936,44.582784451175776,2345,75.64516129032258,45.24833524739078,41.10990903603479,23.244208364635053,21.085586134336857,18.46130065476984,8.532440786013733,2.1147356387691865,41.68088442155668,23.310231775587727,22.065810124943706,17.739690123027312,7.663389360130038,2.090048274586177
many_moving,187,3909,125.42245989304811,44.60405169031994,2346,75.27272727272727,45.30035425484978,41.133152419905635,23.15597513248727,20.997998693133887,18.429277270077982,8.277553666931155,2.1173660536682406,41.728892538269065,23.323480041089958,22.08072731840677,17.688569551883553,7.62277784522794,2.097380952293519
many_moving,188,3937,125.64893617021276,44.710323589640936,2346,74.87234042553192,45.35258589855652,41.214875814514976,23.11338035890988,20.943004050042525,18.334028360236417,8.225312601628655,2.1478267482176756,41.77919011212545,23.3397237369908,22.100502269933457,17.637149259946572,7.583660496096169,2.104320777424766
many_moving,189,3943,125.17460317460318,44.69309883139048,2346,74.47619047619048,45.40440326995005,41.232505665495154,22.951687097490932,20.79529014046914,18.260486044806267,8.044622727592142,2.165242357682115,41.8307701675696,23.358992772815665,22.12513417736365,17.586026710597277,7.54414013995656,2.1109127607582456
many_moving,190,3971,125.40000000000002,44.7215376286709,2348,74.14736842105263,45.37550021971732,41.270828509911546,22.83000560792736,20.675742170969905,18.195785226494312,7.933452075910483,2.156074233963859,41.83305443494966,23.379143907498438,22.159014242261936,17.56297315121752,7.391594667869201,2.113989404401066
many_moving,191,3977,124.93193717277488,44.77143094287465,2356,74.01047120418849,45.428837060525765,41.33582059944549,22.709506774196,20.562966793642875,18.14915251075296,7.9101424290196425,2.1639789789533466,41.907407339329474,23.351033124738546,22.13894306965098,17.511756831846743,7.905664483548405,2.118480923828096
many_moving,192,4005,125.15625,44.87459857491015,2364,73.875,45.460042831722234,41.427218200971204,22.67092943252442,20.512543166872426,18.078083768788556,7.8559321969114855,2.183017811579654,41.95943162643586,23.294151375897417,22.099114309188867,17.499765825691675,7.71215821752884,2.102617770914814
many_moving,193,4013,124.75647668393782,44.855436773617555,2372,73.74093264248704,45.390883407016965,41.434339069085134,22.55231914878984,20.390659318116498,18.024816020972807,7.738971257977898,2.173905884326134,41.90720053074635,23.348166280831677,22.151077138190924,17.495095077160673,7.655581026479549,2.113145059633921
many_moving,194,4041,124.97938144329898,44.896022256216,2379,73.57731958762886,45.354129414914745,41.482931971522675,22.48375816294079,20.31353859189325,17.95908963338583,7.647056780195703,2.1955189009681284,41.89400431484723,23.391091707804843,22.179080675778135,17.43392966025558,7.690338860500834,2.1310180350991517
many_moving,195,4046,124.4923076923077,44.95191355740687,2390,73.53846153846153,45.35774143425361,41.55688132211456,22.383068213622064,20.204450670466137,17.894569156149387,7.46129713947786,2.1686368497123327,41.91647577277519,23.33356590481384,20.72477398977889,17.389492013418778,7.693498309665437,2.1308610381425543
many_moving,196,4074,124.71428571428571,44.94011209623798,2396,73.34693877551021,45.365420852051095,41.563334223767285,22.272269157437474,20.091197258783843,17.855246604548924,7.234223764270497,2.1554070003810564,41.94157206541073,23.291291731671876,20.70502627941255,17.368434843863554,7.655795420472917,2.141863120840033
many_moving,197,4082,124.32487309644671,45.03261549682913,2400,73.09644670050761,45.37070185531194,41.65682220517877,22.21692007731536,20.03160068886943,17.791402874132004,7.181906375424683,2.1706529559223013,41.955770339851405,23.280921889242837,20.70793387945897,17.341824764025805,7.731726303715155,2.1552304491099257
many_moving,198,4109,124.51515151515152,45.10525430428833,2400,72.72727272727273,45.40410502715651,41.73992085071792,22.13894353446556,19.949458138607326,17.737196066590595,7.198506470502999,2.203219897957705,41.993685304237815,23.280588254241255,20.70631535102122,17.314515611322246,7.7932914296132285,2.1573523795962952
many_moving,199,4116,124.10050251256281,45.07067069589433,2400,72.36180904522612,45.44404094645095,41.76052354607499,22.00174234324318,19.842985900133208,17.750328949840156,7.129876079431843,2.194767385874472,42.03552229827185,23.277990289333278,20.69701180187583,17.283431240068403,7.845348854675096,2.1584553866561156
many_moving,200,4144,124.32,45.115826282858265,2401,72.03,45.473553503187695,41.78761661474651,22.03368325690975,19.851040940116867,17.73687742308484,7.196605591486052,2.1980748729071466,42.06646196384368,23.273229577611897,20.677169104989638,17.25020328089784,7.926746861180397,2.161901711193585
many_moving,201,4152,123.94029850746269,45.17054931991024,2401,71.67164179104478,45.50734045662188,41.85296870199978,22.02873818540594,19.819009745284934,17.644215403860667,7.359994202592858,2.220326305845962,42.10055085923596,23.26682066850067,20.658971246646665,17.21866135665684,7.982890364287179,2.161045083189343
many_moving,202,4180,124.15841584158416,45.195541758956516,2402,71.34653465346534,45.542458502211176,41.87272366197147,21.93398256069619,19.69900683490664,17.596359738345903,7.398359130229613,2.215780434699702,42.135337939280774,23.258438964941792,20.64034560224748,17.19229195132717,8.02802535228562,2.161383009513478
many_moving,203,4188,123.7832512315271,45.26060550173516,2404,71.05418719211823,45.587942672174755,41.90368555458386,21.900928676631658,19.632116162646167,17.546523204134914,7.339155226011592,2.219263849904325,42.20981602269747,23.22774210705415,20.61037906500325,17.161081880083763,8.034174648269973,2.12636653653207
many_moving,204,4216,124.00000000000001,45.226218148380354,2408,70.82352941176471,45.61592216393154,41.87669061831807,21.84298078414645,19.562138178602932,17.525438453409116,7.298576022828216,2.2166800000267277,42.232729687955874,23.20307902527711,20.574231456716,17.1438180237902,8.04601929994805,2.177138916451182
many_moving,205,4224,123.62926829268292,45.30779101879523,2412,70.59512195121951,45.65402866723737,41.98105023012376,21.826140481152784,19.539617234098454,17.478139398083634,7.425873210373383,2.239026684300669,42.26920925537179,23.250053001854422,20.59862917240362,17.11111109615632,8.22394425572041,2.17463728324495
many_moving,206,4250,123.7864077669903,45.317768304890265,2418,70.42718446601943,45.73586734378748,41.984102260363606,21.74336275932137,19.456096060094332,17.475002635942346,7.3414737439234,2.2316455909914916,42.34000078628482,23.235969286302502,20.568445183283306,17.089771607246615,8.181359429349008,2.1767566750286824
many_moving,207,4258,123.42028985507245,45.31145255993071,2423,70.23188405797102,45.80129321425383,41.944870872840276,21.70841404797787,19.401573905431327,17.499724604188714,7.3157784744340235,2.2075824749372157,42.421154875140154,23.25341566895246,20.567120846445427,17.050841659504528,8.244535622217946,2.1890834834692523
many_moving,208,4286,123.63461538461539,45.32178982202165,2426,69.98076923076923,45.86028254940227,41.97336248056839,21.743039074494988,19.418246793438957,17.478420248775652,7.5154884352461995,2.24875273620631,42.495394380936425,23.261335797615274,20.567625971296803,17.010474867516052,8.337488570840966,2.1971317127317587
many_moving,209,4293,123.24401913875599,45.33792080878328,2430,69.76076555023923,45.89246492859306,41.992495240474085,21.81359079771924,19.47676786897628,17.47612035321411,7.530282660968609,2.2400978839022105,42.52248513519918,23.238684732180488,20.533407759609865,16.992336308258718,8.359323996573623,2.1950412947846596
many_moving,210,4319,123.39999999999999,45.403078396649924,2435,69.57142857142857,45.93882250482239,42.06898371676449,21.79038666803725,19.46793191689688,17.436833145238687,7.5332143762470105,2.2321117611813546,42.590764769546084,23.209434250073045,20.508967789161698,16.959904410556113,8.37574359741559,2.1983962799477363
many_moving,211,4327,123.04265402843602,45.44131077137948,2437,69.29857819905213,45.98537510144687,42.11274514246138,21.70366856971506,19.373447935033006,17.40831839912625,7.416613447517224,2.238447105742496,42.64160977079985,23.259627611278482,20.518192405636903,16.892112760882522,8.352879077721116,2.1809533051463754
many_moving,212,4354,123.22641509433961,45.46135596012825,2439,69.02830188679246,45.9748373696465,42.13095401539192,21.665445856101073,19.304100906848436,17.378959786776445,7.5001464816705905,2.242254857810147,42.6130477475843,23.26505575244457,20.510103691689068,16.866945091477163,8.363490540481173,2.1841181479380487
many_moving,213,4361,122.84507042253523,45.43063853406801,2439,68.70422535211269,45.97113851281712,42.10398099541429,21.587120141942442,19.243591963957222,17.407415533226267,7.3624862591310345,2.2267289182043326,42.59815349183231,23.258939043469756,20.498636437184235,16.840173094196363,8.366179085408618,2.191620302456975
many_moving,214,4389,123.05607476635512,45.47209093052847,2439,68.38317757009345,45.971561245802704,42.157306524888945,21.62210020931069,19.270021909813998,17.39699464756575,7.473803866154944,2.2363782196307986,42.59053274397901,23.246976573961483,20.485714163748835,16.81376140440336,8.36274048395661,2.1994103190316894
many_moving,215,4397,122.70697674418604,45.54174720165257,2440,68.09302325581395,45.98799511900992,42.21338193033519,21.62561390883385,19.222784677725514,17.32524188152896,7.533974644238826,2.2558400909515353,42.59943035744515,23.236101519194396,20.48643871623149,16.77833504749828,8.316787288653511,2.2031606892132785
many_moving,216,4422,122.83333333333333,45.54041949172053,2440,67.77777777777777,46.0024694532211,42.214038044652824,21.622567667653456,19.20363695625195,17.29738308498888,7.525365396466729,2.247110878481541,42.60742351100577,23.220992912931862,20.478689196338788,16.74711041073951,8.299671901653639,2.2117550820216816
many_moving,217,4430,122.48847926267281,45.54920558336793,2441,67.49308755760369,46.01513678667492,42.23988055860145,21.63133139181624,19.22987082833929,17.289763641563464,7.626687193421764,2.250476502086297,42.614337838976155,23.20401540033657,20.467745804006277,16.731013965070147,8.293747229340969,2.219206373749853
many_moving,218,4457,122.6697247706422,45.56816424206026,2444,67.26605504587157,46.00381376257462,42.24784668434863,21.679342883998036,19.254150150855146,17.28831845012114,7.697177551441365,2.260975318410958,42.59500001584583,23.21118340350211,20.483307013800623,16.730828933402407,8.288461807584701,2.214337932489577
many_moving,219,4461,122.21917808219179,45.57755259416944,2447,67.04109589041096,46.01823873678143,42.2585867780871,21.736641960932992,19.309100975443528,17.322117850322822,7.779198644265938,2.2530915748695577,42.610398450760954,23.185898641267777,20.462720040780166,16.71473136216014,8.296705397565011,2.233670620492358
many_moving,220,4488,122.4,45.60522492889533,2450,66.81818181818183,46.003612936637545,42.322062974179204,21.650855209761627,19.25289180954946,17.31356974764823,7.712363275316823,2.233389000975475,42.58893197035722,23.141262983687508,20.432723474521104,16.713807652716618,8.233910481177324,2.2318372372377855
many_moving,221,4494,122.00904977375566,45.63907944039084,2455,66.65158371040724,45.958079546184734,42.39032068830847,21.52480686223354,19.124517925984346,17.266520134502382,7.6837016418437605,2.2280169785278883,42.571266826618604,23.041853683574022,20.367064904198898,16.695532308083816,8.221898408508373,2.2341805793280463
many_moving,222,4523,122.24324324324324,45.71988207509862,2459,66.45945945945945,45.923806310760895,42.48150359325677,21.585175132343622,19.133468880864633,17.235811287785044,7.926043166763619,2.2463469816671804,42.5290466122489,23.010411870145667,20.360450071587103,16.688814194019557,8.167357810245315,2.2293558563155456
many_moving,223,4530,121.88340807174887,45.682799615057164,2462,66.24215246636771,45.90339136543465,42.427573198278296,21.591337356038522,19.136465067248782,17.222862193701978,7.920263049199922,2.2468891428981372,42.519759006931274,22.940740251436374,20.311307525741654,16.678137845236638,8.134277339063217,2.2388013272929475
many_moving,224,4557,122.0625,45.598582059247974,2466,66.05357142857143,45.890264939224416,42.32204240987919,21.582291470027368,19.117591405864108,17.235837188308498,7.84971232646442,2.247607106580513,42.50092820534597,22.908903638777026,20.295382982761616,16.670647191463182,8.108017673721873,2.2394641886588613
many_moving,225,4563,121.68,45.624089169521206,2468,65.81333333333333,45.90460002349953,42.3180686743341,21.510715954857346,18.99546173737595,17.19795729503547,7.768420205818782,2.2560474685357015,42.50953402122107,22.90591306236775,20.29137884441766,16.652937782412057,8.158904712879773,2.2518637282986553
many_moving,226,4591,121.88495575221239,45.63662977607286,2470,65.57522123893806,45.93375203628373,42.33940956646414,21.4767662433613,18.947913429310354,17.149686210793675,7.7494078110508156,2.2607198678479916,42.53531865384663,22.864376128550756,20.264413430260078,16.645514607243822,8.229132534450304,2.266448973147901
many_moving,227,4599,121.55947136563877,45.70956262043178,2472,65.33920704845815,46.00323756807806,42.42426707544966,21.49651343554619,18.94445205276492,17.07636317169709,7.83027162914159,2.2606521750768414,42.622057387741854,22.840545686408056,20.230119426356215,16.604685800886426,8.228613436815888,2.266089771579125
many_moving,228,4627,121.76315789473685,45.749073386550776,2472,65.05263157894737,46.052083949165,42.4907750358039,21.498853765695966,18.9317098453461,17.021745795826764,7.915981352224396,2.2660268747533716,42.68147948902582,22.81756514902568,20.19856683136216,16.578392902801088,8.25094049825293,2.264904093904463
many_moving,229,4635,121.4410480349345,45.72897915399115,2472,64.76855895196506,46.08984709273983,42.46642535405352,21.40068116009825,18.858303447330268,17.066240954687753,7.871017330360907,2.2601154750278214,42.726640588856,22.79479067138248,20.168169495729906,16.558486086997245,8.278506901012415,2.2632084967882493
many_moving,230,4663,121.64347826086956,45.715312510510174,2473,64.51304347826087,46.12843009372695,42.43310845096461,21.329825117538523,18.789701120686278,17.0873556355081,7.9210536194999515,2.274305576712904,42.77057262844619,22.76913170630992,20.134464067890093,16.53987663335492,8.293866453372464,2.2610413870326953
many_moving,231,4669,121.27272727272727,45.715172384328284,2473,64.23376623376623,46.157263034304606,42.40831823937218,21.39170647994531,18.79003571337668,17.054271478504607,8.017084318967461,2.287497237563359,42.804106603346824,22.744552787918458,20.10376418227372,16.524113755819535,8.318101463321248,2.2608829487276902
many_moving,232,4698,121.5,45.73026444555947,2474,63.98275862068966,46.18157495340967,42.435324101389185,21.401048880679397,18.808424179025888,17.009230414710526,7.977289728142205,2.283690047618732,42.832581360850384,22.72109738061104,20.075396335455334,16.509855873672826,8.3434284085258,2.2600068127950514
many_moving,233,4705,121.1587982832618,45.73322701101733,2474,63.70815450643777,46.2030713396668,42.47264065625609,21.389252312954376,18.82415858335105,16.98260316169637,7.9647209800359136,2.2881031884772036,42.857813753709664,22.69830694044356,20.048680635026475,16.497540633095692,8.367876426875345,2.259004105330763
many_moving,234,4733,121.35897435897436,45.710393108018756,2474,63.43589743589744,46.22246663396888,42.42459750507651,21.411127726768363,18.841577358798062,17.011573357248,7.85464189047176,2.26785763973859,42.880595125655425,22.675893214531254,20.023204134996423,16.488378915932767,8.390932832287888,2.2580979686209144
many_moving,235,4740,121.02127659574468,45.711912469035546,2474,63.16595744680851,46.240140920064526,42.43568173790433,21.304018948601982,18.745728752858973,16.98268284905838,7.786981808895621,2.2957582654280317,42.9013581897172,22.653717501316805,19.99872447948264,16.48202413564435,8.412487567766417,2.2573669371604295
many_moving,236,4767,121.19491525423729,45.75209292349252,2478,63.00000000000001,46.22550866821378,42.453491930903034,21.385393375460854,18.80761750333893,16.964155946824956,7.962644892129621,2.306772241200717,42.892402618881775,22.624454077719964,19.968768888387576,16.492976463724695,8.39439355139765,2.2253329897089937
many_moving,237,4775,120.88607594936708,45.746564679973716,2483,62.860759493670884,46.246284691352514,42.44519107924876,21.453472440449946,18.871857556396503,16.94259905444748,8.10076432607083,2.303193828539382,42.915224931866035,22.590200758010408,19.90113195705042,16.47174743745924,8.43628512064394,2.264916638775487
many_moving,238,4802,121.05882352941175,45.75941287160767,2487,62.69747899159663,46.247965881298185,42.481198569173706,21.391234397470182,18.80363686195834,16.908993125543546,8.057143408189058,2.2943530132994527,42.91807948621924,22.577717832709155,19.916240865725204,16.471445504948193,8.380955514445166,2.2622906575788084
many_moving,239,4808,120.7029288702929,45.763124025449365,2493,62.58577405857741,46.261953858751234,42.49372017120545,21.383986829966812,18.825907022235306,16.924627888748844,8.138601214567096,2.2805127571472315,42.95372355887824,22.52890974316497,19.85287086793682,16.475831953863228,8.465919912994023,2.2718523959881436
many_moving,240,4836,120.9,45.69029914886864,2498,62.45,46.25849007258862,42.39769207971148,21.407078016347974,18.839820411458632,16.974894523090146,8.063211807560203,2.2774992275294395,42.96435967662758,22.463796099470947,19.765478376356697,16.450097868236636,8.53481577953689,2.2750090814790704
many_moving,241,4843,120.57261410788382,45.734575280595635,2503,62.31535269709544,46.239189480605056,42.44817593537688,21.375648027587616,18.8085888608509,17.016908753397825,8.030241639155552,2.278729028280385,42.95389771063899,22.434917605807755,19.74961431422841,16.482814209380845,8.557556380447465,2.2652966294505394
many_moving,242,4870,120.74380165289257,45.77745813939928,2511,62.256198347107436,46.23501645135202,42.5040211427818,21.428012031930006,18.850099176177046,17.038533675010264,8.132577671691354,2.2779307822362354,42.914958209369885,22.403117413518125,19.752081777244292,16.519295548454554,8.510550416206682,2.229032694261811
many_moving,243,4878,120.44444444444446,45.774959623039855,2516,62.123456790123456,46.21934172915468,42.47914531442888,21.435523427171727,18.846062061956168,17.019135006936146,8.159586384287218,2.2874737373447425,42.88611299534439,22.34915657842881,19.68678948699688,16.488231744501164,8.366352093491946,2.2490139760896075
many_moving,244,4905,120.61475409836066,45.78522865028069,2519,61.942622950819676,46.24139773930318,42.51551277975074,21.390198403824208,18.818013278362596,16.96802807513211,8.094211524489358,2.29666463758642,42.882685164157024,22.355181629008225,19.679529308332043,16.4747456304968,8.333544534039046,2.2640391307824768
many_moving,245,4913,120.31836734693879,45.809155633280945,2522,61.76326530612245,46.26154509128497,42.51530311038745,21.406603056920087,18.783773224171785,16.910495269026075,7.986629018274551,2.3113141465956946,42.88468570929018,22.35803131770341,19.69692326006204,16.456904666446107,8.248726676093687,2.267444053400077
many_moving,246,4940,120.48780487804879,45.83513368882184,2525,61.585365853658544,46.285160164878675,42.566775897810444,21.37207651901164,18.749530824913673,16.840863503547553,8.060392055165117,2.312344105749519,42.891633075970155,22.362863693825357,19.708419119627415,16.442862840029633,8.228885806668702,2.2803901209870174
many_moving,247,4949,120.21862348178138,45.83501733749125,2531,61.48178137651822,46.25406214726938,42.584237301170944,21.356167837460905,18.796359215702374,16.863900780717493,8.050449668670506,2.3188982166434315,42.8352752743602,22.34457098943846,19.695480139425317,16.459510405523382,8.239752852940686,2.3054775200655473
many_moving,248,4975,120.36290322580643,45.80713756316957,2537,61.379032258064505,46.241938163048125,42.53356686277747,21.40229557071517,18.825183533637876,16.909077650105278,8.118677565242033,2.3055854311734176,42.841479629558826,22.33604421807367,19.707169425268134,16.439770496155372,8.220617200971185,2.2801848323176186
many_moving,249,4983,120.0722891566265,45.89209352525085,2541,61.22891566265059,46.24155400419862,42.599277098681526,21.413203967165252,18.8019390260606,16.892056698642687,8.081718675797788,2.2989628181695188,42.86830897520494,22.29118074176433,19.695777282786718,16.41867495536285,8.236361550787608,2.289655704118123
many_moving,250,5010,120.24,45.9152987215734,2545,61.08,46.231100995858505,42.60828911773365,21.45621573455184,18.823961527161906,16.887983813670672,8.038060955559754,2.2965902339827826,42.83955898948823,22.320285685991863,19.71748352154987,16.420727436495678,8.311547120606276,2.291344354028697
many_moving,251,5015,119.8804780876494,45.89684395505516,2553,61.02788844621514,46.203890495849585,42.58366556200793,21.441712285382124,18.803766054766033,16.88072382106112,8.081189080705517,2.2960354776209684,42.815178303453116,22.32966333034517,19.729797743705298,16.40601912657545,8.45425104821616,2.3139786057860703
many_moving,252,5044,120.09523809523809,45.952578463818625,2563,61.023809523809526,46.23580328638104,42.664383838736946,21.485440010621428,18.850777612384636,16.844803105981228,8.237789550291204,2.3219321483304944,42.82878930507135,22.302188609808724,19.701325903578027,16.408035056619706,8.400559531432808,2.294432776641623
many_moving,253,5051,119.78656126482214,45.928725890888686,2572,60.99604743083003,46.279850750076776,42.65292744528664,21.499406205406,18.862172700130397,16.851430536620462,8.289067201326898,2.3296928186618997,42.87795940333704,22.261848350900276,19.684415991415797,16.386404362090087,8.445524945514865,2.298503551602107
many_moving,254,5078,119.95275590551181,45.90880071341675,2579,60.92125984251968,46.3015194275545,42.59915941856322,21.457155598610953,18.801739515831766,16.881900385309553,8.201504751995238,2.305422751634493,42.87614305373337,22.294602948650535,19.723397207146736,16.367930663076827,8.514545475887008,2.3109780711012307
many_moving,255,5085,119.6470588235294,45.91790965731426,2584,60.8,46.324810776270034,42.63718542898491,21.39399157359261,18.748154767661088,16.84620373365389,8.284986835469184,2.321401329545141,42.892430438879586,22.30295884235519,19.722214551595926,16.34471041381801,8.420927184825521,2.3192965895649293
many_moving,256,5112,119.8125,45.909439947771645,2590,60.703125,46.27743029896484,42.60364696830715,21.383337033224805,18.735675486710328,16.845046370156517,8.268432769529124,2.3116800634017194,42.852761073919694,22.250133463198292,19.678743885311405,16.336042551378146,8.367726100853368,2.311359944182293
many_moving,257,5121,119.55642023346304,45.932009415401026,2597,60.63035019455253,46.24330670332016,42.61330866479275,21.44029115545028,18.798463010748875,16.83954704610589,8.357681236331631,2.3147199459239656,42.80246210092815,22.230507223986226,19.703397210622402,16.365658587805424,8.46177891337528,2.3106164591431733
many_moving,258,5149,119.74418604651163,45.91760044482808,2599,60.44186046511628,46.27280205038218,42.60217815805517,21.415823896869032,18.78875777913583,16.83585495962679,8.322775588922655,2.3150279123611393,42.829287812742976,22.217385970063503,19.69279052047768,16.37368924408026,8.475751180604709,2.3267255038397394
many_moving,259,5157,119.46718146718149,45.9798153475159,2599,60.20849420849421,46.29180124928582,42.668759501906635,21.41363940212535,18.760300366710737,16.811064793549683,8.314103835593398,2.309333358943037,42.850245711656235,22.195768185232627,19.666521244563217,16.371045765777662,8.486183896171694,2.3285371237364365
many_moving,260,5185,119.65384615384616,45.994597695693244,2600,60.00000000000001,46.308864733892676,42.68984900839702,21.429383661186282,18.74171618723455,16.80919895300118,8.344732695890347,2.300380477941295,42.8705949518892,22.173931902746464,19.637734656441875,16.365313856420016,8.494522754571301,2.32767042611287
many_moving,261,5192,119.35632183908048,45.94775956834754,2600,59.77011494252874,46.32416179548845,42.64109139445479,21.416356463179618,18.745638305876117,16.783734841746703,8.39029568567705,2.321440571199853,42.88957527468054,22.15324511792318,19.609889560842838,16.358955102307796,8.504294408353495,2.3264607924824343
many_moving,262,5220,119.54198473282445,45.91229138071338,2601,59.564885496183216,46.33844750701217,42.61238043887055,21.374920790547957,18.736590307877776,16.758109294220358,8.264144871046469,2.3260072858710816,42.907574853987356,22.13366464839724,19.583419204835373,16.35249125295839,8.514758344735288,2.324992984559865
many_moving,263,5226,119.22433460076046,45.94652661472735,2602,59.36121673003802,46.35190908062783,42.646401626561776,21.316891860896053,18.648982000888115,16.739864363411474,8.362341856035085,2.3279013287873265,42.92464019499499,22.11493573426739,19.558249211619778,16.346087329600856,8.525531454921717,2.323493806725715
many_moving,264,5252,119.36363636363636,45.98003505552305,2602,59.136363636363626,46.36153759686147,42.66869945552952,21.41094093253803,18.743743762490244,16.728680529181023,8.464956843040015,2.3427983415880234,42.9377737997908,22.097053125339833,19.53600894406905,16.334634326960774,8.528977709999166,2.3257081826637735
many_moving,265,5258,119.04905660377356,45.95258442478166,2602,58.913207547169804,46.37114733871672,42.63075888192072,21.423466413391715,18.79695083817453,16.801777747592805,8.398893433808254,2.319308584714122,42.950673120063485,22.079052870463038,19.51329855570019,16.325715560478752,8.53600992273433,2.325083988330115
many_moving,266,5285,119.21052631578947,45.898842653453386,2606,58.78195488721805,46.31793674420268,42.604455476108804,21.439238477898588,18.831867202615417,16.830855379532018,8.413531701788244,2.337952636998674,42.91341839438829,22.026817578815585,19.465855444486042,16.338486478612868,8.48748479805598,2.2712781873581562
many_moving,267,5294,118.96629213483145,45.907459689575525,2611,58.67415730337079,46.305245605833655,42.62671596838762,21.48954189304732,18.863383479583693,16.805541546986216,8.330952292911949,2.3324453860769925,42.91075241460196,21.98258164673277,19.412092458718437,16.34656856625334,8.561330903576177,2.3206296593425426
many_moving,268,5320,119.1044776119403,45.89808442608765,2616,58.56716417910448,46.27661360533668,42.62375700090534,21.41106520116311,18.81178785694658,16.793114291489097,8.149667694411205,2.3370327186448554,42.89266810110145,21.956112140878663,19.37625640573024,16.34490261108364,8.45310143583907,2.3011593467198064
many_moving,269,5328,118.84014869888475,45.92496846656612,2621,58.46096654275093,46.275588064222255,42.63791702897813,21.449365785387393,18.803994032288575,16.779439709934334,8.17512133692834,2.349269400985911,42.89642828671972,21.93341393859134,19.35043461705772,16.360391570937445,8.513977505270272,2.3133118978637985
many_moving,270,5356,119.02222222222223,45.9561892474832,2624,58.3111111111111,46.28545566935086,42.68190607636153,21.490688144151484,18.854218063942877,16.756444884375764,8.160784751007892,2.318201146541432,42.910729231030736,21.916250572807858,19.319771956364708,16.35108233621801,8.481622293989616,2.3059034301385033
many_moving,271,5362,118.7158671586716,45.919682774107436,2629,58.20664206642066,46.274891382521645,42.6563458625854,21.51040683672664,18.907523830673615,16.784509962310462,8.194671995377888,2.3279326064597106,42.902664969553115,21.89790341794698,19.29988364095066,16.35061520249267,8.502367099064138,2.3122090497967127
many_moving,272,5390,118.89705882352942,45.85899852289769,2636,58.14705882352942,46.298680745961704,42.59463633275034,21.521333987412255,18.891715318591302,16.825631758902684,8.186795969166269,2.308089526073647,42.888896343715246,21.879193547996294,19.258103748542887,16.35426985206294,8.481440303079928,2.3014868772212815
many_moving,273,5397,118.61538461538463,45.86008065030616,2638,57.978021978021985,46.33750956890151,42.5861616733202,21.521589968033904,18.856848112318623,16.823502584651838,8.198893587293785,2.308207367582797,42.90918167639104,21.857231692650757,19.198881673933254,16.35653906236124,8.526253360149978,2.3023778333358202
many_moving,274,5425,118.79562043795622,45.9137114414073,2638,57.76642335766424,46.36029069572427,42.65575045667096,21.490290374210954,18.83696383161803,16.78580709937383,8.226964718039685,2.3372257062874464,42.924197053514355,21.834279487436316,19.15684674041424,16.358380644230877,8.547892530980496,2.2982836926239165
many_moving,275,5432,118.51636363636365,45.95987659063836,2639,57.57818181818182,46.364977498464405,42.67195184748449,21.492862891878104,18.859418524352076,16.80067213082182,8.26400820042056,2.3272991128361094,42.92759715586683,21.808121204371115,19.108397797683047,16.36446476056686,8.610900577406664,2.299798019862224
many_moving,276,5457,118.63043478260872,45.968062264777465,2639,57.369565217391305,46.36708816883526,42.67519646473845,21.496671445195005,18.853085590993494,16.824254415767417,8.323586477145364,2.3285881134091833,42.93126392073249,21.78655689223171,19.075424338166,16.368751627747915,8.640251155214797,2.295534774006495
many_moving,277,5465,118.37545126353791,45.94356353937293,2640,57.18411552346571,46.36837147286167,42.64179965693297,21.508135515753043,18.84348445976358,16.82959818191214,8.208153613540768,2.3048835906488416,42.93535210357846,21.76733165245544,19.050160868431355,16.371317078665097,8.65801659840353,2.2924328085373147
many_moving,278,5492,118.53237410071942,45.97370885886572,2641,57,46.3696533112727,42.716393625861805,21.48024077266007,18.81862773405465,16.78387665962727,8.328806194988815,2.322407395117118,42.9398836322357,21.749641182498898,19.029200444419033,16.372467913866892,8.671963895242826,2.2900262850732225
many_moving,279,5499,118.25806451612902,45.92628560726234,2641,56.795698924731184,46.36934131335148,42.634736526309396,21.423575640106133,18.74968295056511,16.79717865275805,8.144562390123639,2.3029661574390525,42.942928729012905,21.733118680621747,19.011891207524425,16.373586485615938,8.672534713573576,2.2901382472914498
many_moving,280,5527,118.43571428571428,45.86556172447035,2641,56.59285714285714,46.369619274845604,42.573841497726136,21.462261663186318,18.773445631576415,16.80440906088514,8.136129289538548,2.313500790733899,42.94643168870138,21.71705123347645,18.995501822820053,16.374904297445504,8.68193742021467,2.289048331076225
many_moving,281,5533,118.14234875444838,45.866987056991086,2643,56.43416370106762,46.36875858795687,42.58777370402089,21.354682387251877,18.679447151249523,16.788072358371,8.196745997399828,2.320781835067173,42.94867268562915,21.703519248465433,18.982625440171663,16.376655887924112,8.693951397187119,2.2847939041017207
many_moving,282,5561,118.31914893617021,45.92012746072812,2644,56.25531914893617,46.369365638661186,42.64514674713078,21.353167097600366,18.688553458414976,16.757326890192317,8.20108871316061,2.325507949031085,42.95209715883529,21.689590080565637,18.96932760554861,16.377532363687816,8.704020171764707,2.283345995205076
many_moving,283,5568,118.0494699646643,45.92879039299488,2645,56.07773851590106,46.370406981844326,42.611282191483056,21.452747590480044,18.783316612408388,16.804690451257393,8.328651388512613,2.3352126916589344,42.95572079987096,21.675579350676404,18.956131481200124,16.377775306449102,8.71312679393428,2.2824343006711474
many_moving,284,5596,118.22535211267606,45.981479258757616,2646,55.90140845070423,46.37352026101181,42.69655745683674,21.433301422886174,18.786687139019516,16.78216241435623,8.383281654126534,2.3354698365306583,42.96583202215394,21.652701226217108,18.934331788477273,16.374616362452066,8.710030029992463,2.2839211019769614
many_moving,285,5604,117.97894736842105,45.99190913527173,2646,55.70526315789474,46.37569967370178,42.718323007160635,21.382280973486004,18.752387460529974,16.74698184420676,8.31049653579279,2.3344222186234287,42.97279228573611,21.63371260846921,18.91677581048067,16.372097960814017,8.721198805805455,2.283292923511616
many_moving,286,5631,118.13286713286713,46.04497776940154,2647,55.531468531468526,46.37726636177047,42.763979833806914,21.42150707430613,18.78487632298249,16.720137777867457,8.376642304164058,2.3458678765214107,42.97787068521909,21.61707428733454,18.901708974091875,16.369926179164864,8.730316287227481,2.282907106694877
many_moving,287,5640,117.90940766550523,46.05436812936831,2653,55.463414634146346,46.40296360964305,42.80913592081704,21.488122137423474,18.848614999615528,16.7081230766219,8.478568616881894,2.31881088536419,43.04174630217823,21.620676600978864,18.917518653442333,16.344373183446766,8.791250569676148,2.2688563722743074
many_moving,288,5667,118.06250000000001,46.05416080848035,2656,55.33333333333334,46.44878620011359,42.80822077716845,21.410733448561572,18.778065366937966,16.727524270384922,8.216378769671605,2.310204072668464,43.10868846768926,21.646439458350873,18.941943888690908,16.343585284130086,8.898074532849911,2.2930353784810924
many_moving,289,5675,117.82006920415226,46.02483939521052,2659,55.20415224913494,46.47561730861818,42.7564515196819,21.370830619872443,18.710489353581455,16.740673905835838,8.323117248056164,2.345562734540664,43.1473758604633,21.664161026137442,18.959597758386465,16.331788970078236,8.956367061833092,2.2953062487606144
many_moving,290,5701,117.95172413793105,45.96649617113502,2666,55.15862068965518,46.4836745412957,42.7212176352887,21.36852755641797,18.71518083370158,16.742227533207817,8.35051746684641,2.3393241743808915,43.13616912663115,21.658648516172455,18.96644812054994,16.333762253089017,8.89710400373696,2.237669951403768
many_moving,291,5709,117.71134020618557,45.95185544710222,2672,55.09278350515464,46.512643248226304,42.70460842952345,21.3141410486599,18.650109590750247,16.707481288457508,8.261851181482303,2.3411498180962944,43.17084697993529,21.65729533006081,18.971868756349576,16.335501430254517,8.918387090430933,2.2645805224396294
many_moving,292,5737,117.88356164383563,45.947830170168054,2681,55.08904109589042,46.52046288855304,42.73619421348469,21.34187059051317,18.682125807571435,16.661300480640485,8.33718520186883,2.33101318338625,43.17356927318763,21.694176870056104,18.99894677686575,16.333609617913275,8.967417957995304,2.299806961185864
many_moving,293,5744,117.62457337883957,45.96590795628416,2694,55.167235494880536,46.521247838884825,42.74675271251955,21.38421598859326,18.784336902439627,16.696630422253943,8.387726815935938,2.3444369675900436,43.17528454259694,21.685675294760745,19.015354858507628,16.31363961386556,8.935709415694747,2.2435411820454703
many_moving,294,5770,117.75510204081631,45.93369718661002,2706,55.224489795918366,46.50479530331378,42.69024871965674,21.450032730874472,18.83525549758132,16.739457574410384,8.479250426385654,2.3437869144617065,43.20430149412456,21.644771432130923,19.006314047602793,16.302861239081583,8.817089710941852,2.2904107373791773
many_moving,295,5778,117.5186440677966,45.954776984274666,2721,55.342372881355935,46.403231209072636,42.67960496880127,21.454138627842607,18.81776653007278,16.71001032195445,8.480851255941614,2.3460404937738626,43.095108426873956,21.63851667130457,19.0500586415597,16.342307484451467,8.753394913065572,2.2672177224497876
many_moving,296,5805,117.66891891891892,45.95202721778519,2736,55.45945945945946,46.36997941937325,42.67352608767188,21.490325147869136,18.838857972747743,16.69437275113467,8.617779892271013,2.363543236685163,43.04560171252312,21.567052094239962,18.983757462604558,16.358730333763965,8.642524056096143,2.2714920868069157
many_moving,297,5814,117.45454545454544,45.98266497162477,2749,55.53535353535353,46.363731264476286,42.66728049819961,21.57134947935519,18.94917947646786,16.722231949689274,8.661784473141674,2.335875695810704,43.079063720520246,21.4917968515316,18.919248874164914,16.323121095059147,8.648231658895178,2.2812127290988777
many_moving,298,5842,117.6241610738255,45.978052535764256,2761,55.59060402684564,46.40926449635622,42.66750341725751,21.484054246067103,18.891929899488332,16.73585729820064,8.42615703445939,2.3342149468254747,43.11541225222085,21.53009185866149,18.949229290388537,16.30117550225958,8.740495236725106,2.2767115921289687
many_moving,299,5850,117.39130434782608,45.95627515660231,2770,55.585284280936456,46.41035531317483,42.6566915975027,21.430262952994326,18.792626758915276,16.70859566075779,8.399662853082505,2.3525178183250577,43.094783352569046,21.531181253778687,18.944274918475408,16.306756055146074,8.68009346144557,2.266853944877594
many_moving,300,5875,117.5,45.97809018583972,2775,55.5,46.41730885953943,42.67611438819735,21.381408807095017,18.71348443278599,16.690910108050183,8.367513738342979,2.3605956015997465,43.08844588554628,21.501619905221485,18.898632936087004,16.296766337641394,8.74814238995252,2.2869594752601414
many_moving,301,5882,117.24916943521596,45.94535748252612,2778,55.37541528239203,46.4260578252513,42.655413478264045,21.40341120842365,18.791098959579095,16.710472886186377,8.377540379815896,2.343590829181875,43.08803738557492,21.43310383519075,18.86931908286291,16.30536646824155,8.666000127950946,2.2794722689852036
many_moving,302,5908,117.3774834437086,45.923676696121724,2780,55.2317880794702,46.41919650124816,42.636739422410194,21.390856143819672,18.786484596633652,16.727861545196102,8.285492191347835,2.3648211047837466,43.076705879398354,21.381086895463504,18.843502029029615,16.31099033085092,8.57429897480243,2.2816788783321833
many_moving,303,5914,117.10891089108911,45.975129539114306,2780,55.04950495049505,46.419494456629515,42.67049701429985,21.42019151839877,18.817531532831,16.71831088917028,8.289472514944455,2.3717136821159857,43.07224420954741,21.349319566613442,18.816437314471106,16.292489831905836,8.478512088567513,2.2806498481389146
many_moving,304,5941,117.25657894736842,45.98034230030653,2780,54.86842105263158,46.4119740778031,42.68781130507718,21.40825349151028,18.814606224134856,16.706727232311643,8.314089620689519,2.3591505632744214,43.05903699472522,21.326317858151135,18.80180635754258,16.281558161408956,8.419009385276622,2.2860622548065055
many_moving,305,5948,117.00983606557377,45.967785346707174,2781,54.70819672131148,46.40998694568761,42.67383992500765,21.41537529387912,18.815736360137585,16.70985087656542,8.360225739255888,2.3595719001435675,43.05136523942075,21.307130649667158,18.788619281787145,16.27135835961178,8.369764753584285,2.2909825108515256
many_moving,306,5974,117.13725490196079,45.932465919927324,2781,54.52941176470589,46.403309544335634,42.62299272875738,21.48295223412246,18.8840577575435,16.72612351876984,8.386946378045412,2.3497833669100365,43.0399020822059,21.291439042507978,18.78014099619483,16.262637147309295,8.339662457300332,2.296811776464612
many_moving,307,5982,116.91205211726387,45.94782049300881,2782,54.371335504886,46.3960214041013,42.65877780922054,21.456530021481097,18.856818476854205,16.692386761605405,8.279070275032808,2.353171171770511,43.02855769477533,21.27847684859994,18.774260872358816,16.254766435983427,8.318264299716397,2.301283525322477
many_moving,308,6008,117.03896103896102,45.95266538875656,2783,54.214285714285715,46.389062667368066,42.680050539541675,21.439321580631272,18.82182151943227,16.676160398295398,8.274798136327828,2.354510751575029,43.01813708870535,21.267194999695324,18.769672467341245,16.251770694169036,8.301800899238309,2.3050104897280614
many_moving,309,6014,116.7766990291262,45.96530427970693,2783,54.03883495145631,46.38262969789011,42.67647337379578,21.46150624950694,18.838885546215767,16.68607960836063,8.267587724180157,2.3440078651413105,43.00872166121857,21.25692611982561,18.76568476609536,16.248647992238038,8.288547398075846,2.3082630573287006
many_moving,310,6041,116.92258064516129,45.987018863106805,2783,53.86451612903226,46.376733697503305,42.71060744850054,21.457431665358765,18.822571803975237,16.680137147937053,8.374104009746473,2.3587253758747093,43.000230054401726,21.247293982600045,18.761943706065747,16.24544388621377,8.277559534255213,2.3111734708770983
many_moving,311,6049,116.70096463022507,45.9765376370427,2788,53.78778135048231,46.357364844855724,42.69420288891003,21.539406537630946,18.919838054343067,16.730782109668276,8.539872250597664,2.338684615139838,42.9712183031721,21.242054957995443,18.750038433016623,16.255771493739307,8.239720820703464,2.2848344718552984
many_moving,312,6078,116.88461538461537,45.93674877648561,2793,53.71153846153846,46.361327022595994,42.651716793470044,21.438236374182676,18.839852973770924,16.760131443502996,8.413730694019911,2.3221278900869287,42.967852042152366,21.242293419096637,18.743457998175806,16.26013681878438,8.277521920532351,2.326304448887957
many_moving,313,6086,116.66453674121406,45.93481629086026,2798,53.635782747603834,46.31989988517158,42.689206940093925,21.349358199087067,18.766440063486076,16.699321878124646,8.311469428103074,2.3489799051119653,42.92683690541493,21.23655466254329,18.76015475341935,16.293425718994108,8.243940282105452,2.3331788820130024
many_moving,314,6114,116.828025477707,45.95663776124632,2803,53.560509554140125,46.329337517338836,42.70225025509721,21.37515201483587,18.79933464827778,16.674822101103015,8.315389593120617,2.3646437605038324,42.94032513653951,21.21030589503659,18.712389724985997,16.262255729128263,8.175942201440716,2.3241323091031187
many_moving,315,6121,116.5904761904762,45.988747979495805,2812,53.561904761904756,46.348844817755165,42.7328180548721,21.38822898322825,18.80809934067886,16.65504650869136,8.384597164699699,2.374761662011291,42.96018770822979,21.216139341755202,18.741682769167635,16.22562606150821,8.142219361364551,2.29217984123216
many_moving,316,6147,116.71518987341773,45.993779238167676,2820,53.54430379746835,46.3170724093629,42.69890660950521,21.421157666286515,18.79842583129909,16.676489487551734,8.5257579021951,2.3743157773721277,42.91686415679137,21.249980510788813,18.749994344556285,16.258104069323327,8.341780775927901,2.338424209417109
many_moving,317,6156,116.51735015772871,45.99416182510162,2829,53.54574132492113,46.28358452322857,42.709721255043014,21.331129285385828,18.706659526477228,16.65664438717001,8.392810810102716,2.3777115368521478,42.879244550396564,21.316879134214403,18.824840120146554,16.27625842346983,8.361010291760358,2.3175824877300037
many_moving,318,6183,116.66037735849056,45.9772343575551,2835,53.49056603773585,46.26467940964815,42.68233789816113,21.439411469697742,18.799952251425378,16.65982001974024,8.516488719736005,2.3792268522873234,42.86231126946207,21.32046703105054,18.8154780827526,16.26819781071527,8.422194160725326,2.319192919483272
many_moving,319,6191,116.44514106583073,45.95575860838707,2838,53.37931034482759,46.27646217532085,42.655609991435924,21.46074699297273,18.857278959864917,16.726329483842786,8.47776245408603,2.368112618384798,42.870047871887095,21.33412661327667,18.822288411706477,16.26095258562785,8.462733070506411,2.3382496940028177
many_moving,320,6219,116.60625,45.94048334021955,2843,53.306250000000006,46.25280520073011,42.625562668220105,21.500103912147527,18.902816942575317,16.780190915970135,8.549183450013333,2.3547307478377073,42.846186471360966,21.3473355877797,18.85216508631821,16.246167217750813,8.478730228809066,2.332986357451742
many_moving,321,6227,116.392523364486,46.01787237486444,2847,53.21495327102804,46.237450952562995,42.73708284261028,21.513572579229358,18.878862184313256,16.732633737560736,8.476268523975984,2.3344878512355507,42.8298673560963,21.34473784624486,18.85866837734767,16.238766310632613,8.492858071104441,2.3362165479834243
many_moving,322,6256,116.57142857142858,46.07333103385839,2848,53.068322981366464,46.232035105777875,42.7965669245563,21.496087938088976,18.840716774031236,16.708902372970776,8.496846957440475,2.348568232089024,42.822283604518375,21.345094502722308,18.868383747168725,16.232729942169705,8.48121494459959,2.337968772746431
many_moving,323,6262,116.3219814241486,46.07131744538406,2849,52.92260061919504,46.22732137900519,42.804860088509415,21.49946707736044,18.821747226114603,16.67943450513891,8.451695943061754,2.334524833804132,42.814833699617,21.34352014180441,18.875247246122594,16.227753521637297,8.478266358541777,2.340828438219156
many_moving,324,6289,116.46296296296295,46.09149737437392,2849,52.75925925925925,46.22333698741155,42.83841073784809,21.5050575358525,18.806420221352084,16.654061767253104,8.441917296173957,2.3204148489756173,42.80779867170227,21.340916227388984,18.880219810504684,16.22431158415973,8.471120450338303,2.3428732855333627
many_moving,325,6296,116.23384615384616,46.04167401344064,2849,52.59692307692307,46.21950684695233,42.781896045380066,21.513601018829977,18.839979777689866,16.680209726248805,8.405454663672927,2.3416292352302848,42.800782376567085,21.337839857570142,18.884419628683712,16.220920492826476,8.46780074706188,2.3453463936829513
many_moving,326,6322,116.3558282208589,46.05592561359803,2851,52.47239263803681,46.21330448304818,42.79501412548261,21.480032552858894,18.82685282848066,16.671627758462062,8.387606649435241,2.3611018819685077,42.7840681591027,21.33253568818485,18.882637231880175,16.222439901878538,8.457739354743916,2.345705186401175
many_moving,327,6329,116.12844036697247,45.98006154690297,2852,52.330275229357795,46.20836139678283,42.69471485704122,21.534828857099647,18.88593555734464,16.726676400867465,8.517832199707225,2.327140512094793,42.772045624492065,21.32685871903618,18.88212419696146,16.221811628001827,8.448876573435943,2.347890298382069
many_moving,328,6355,116.25,45.94366530039354,2853,52.1890243902439,46.2041309733068,42.64667129593088,21.475381322541388,18.844450219282127,16.749992481662783,8.381632155460695,2.317046517461411,42.76257954390744,21.321463045767207,18.88249562250374,16.22009573842558,8.44143234814472,2.350034378945867
many_moving,329,6362,116.0243161094225,46.00637214184191,2854,52.04863221884498,46.20254792463897,42.7400122543654,21.443388203551095,18.83412014033995,16.725503374548353,8.412305919673273,2.368677039649533,42.75486550214913,21.325661027634006,18.89109755611725,16.22072753389216,8.418905553263972,2.3461909629573356
many_moving,330,6389,116.16363636363636,46.033886133609286,2855,51.90909090909091,46.21155560234256,42.768276121336726,21.519643098127855,18.88469414896197,16.72725108700592,8.698690652202327,2.3692172572901944,42.757943002615534,21.326688284731716,18.895314619368808,16.215248289988292,8.436202289857288,2.3500483802069647
many_moving,331,6392,115.86706948640484,46.06302807398776,2856,51.77039274924472,46.25151851240933,42.787576561052894,21.56785213246691,18.887674597435016,16.70377182170497,8.747708762870229,2.3330972784587507,42.809760297271424,21.29850711003194,18.828058087955373,16.1806248389826,8.35760731537512,2.352198259222159
many_moving,332,6417,115.9698795180723,46.06422292324084,2858,51.65060240963856,46.301328620716845,42.8131972200247,21.56934556425154,18.881842113236473,16.685068588169443,8.685725916952993,2.329162914217356,42.86565659648399,21.282349850603982,18.775581093445812,16.149834944493474,8.331258087457996,2.350308418553399
many_moving,333,6424,115.74774774774775,46.03791518279008,2858,51.4954954954955,46.34395801821914,42.77678116802464,21.59278539327972,18.895478456909796,16.691059177895532,8.763835095345687,2.3341209208265465,42.91133010735418,21.282431732103795,18.74902753612985,16.127699312242896,8.29851356578228,2.3397313092236907
many_moving,334,6452,115.90419161676648,46.000012027491664,2858,51.34131736526947,46.365777270244834,42.73407636367352,21.567294828015672,18.877605394642906,16.69767529773644,8.700551491486543,2.3300552472135387,42.934872239160114,21.27827295307531,18.73163925853581,16.117256848285123,8.296732683846933,2.3372573971268142
many_moving,335,6459,115.68358208955225,45.98996103209563,2859,51.20597014925373,46.37350839048069,42.72411478009749,21.488478235486543,18.80885466395052,16.668698983399672,8.584025485858685,2.340342604161512,42.944692831171174,21.269174262053156,18.706846662885575,16.113939020917396,8.326070119181068,2.3380431329538136
many_moving,336,6487,115.83928571428574,46.01067347463618,2860,51.07142857142858,46.37508554372592,42.75562703087151,21.481244755889385,18.831026256880257,16.636733346149672,8.56909287780792,2.352469493873346,42.94857454734895,21.266891316099528,18.695502437142835,16.113691609527955,8.345142794684426,2.3286265482629616
many_moving,337,6496,115.65578635014838,45.98531163968771,2861,50.93768545994066,46.37825521490007,42.74275866010237,21.43401961351406,18.8275694087608,16.69135959182944,8.598163319676155,2.3503641489184726,42.95389756682174,21.263657049800155,18.68491149382108,16.11285999715372,8.354389362665106,2.325262429635363
many_moving,338,6524,115.81065088757396,45.948111670573056,2862,50.80473372781064,46.381981497581116,42.68337234786029,21.515177834004582,18.889581676873252,16.73839166959683,8.655488681127972,2.3513797036175847,42.959651570959366,21.259865280729525,18.67498019908899,16.11162933574274,8.360531821078723,2.3229670344532094
many_moving,339,6531,115.5929203539823,45.98140484107075,2862,50.65486725663716,46.3831452577445,42.76582370463153,21.530012732208274,18.914046552423706,16.700376041730404,8.597158738179612,2.356597612542338,42.96277252493961,21.25549805075898,18.666846400343402,16.104900994577,8.35809518768643,2.32464788447521
many_moving,340,6558,115.72941176470587,46.01502489432989,2862,50.50588235294117,46.38510088230526,42.77635652466777,21.49604365958958,18.85558838176602,16.700532422751515,8.583976839674115,2.3537493700706604,42.9665264360873,21.25085355884157,18.65827366207551,16.1003738054026,8.359324235652306,2.323862900658482
many_moving,341,6566,115.5307917888563,46.008596880629376,2864,50.392961876832835,46.393205573187146,42.74526130660244,21.48410828394211,18.835649167392294,16.718109456391492,8.59834110280744,2.3196534691539465,42.992522968158156,21.25096939829002,18.66257306870737,16.086935986909914,8.376692689880215,2.326824082655101
many_moving,342,6595,115.7017543859649,46.01941079276776,2867,50.29824561403508,46.39920112433442,42.72352393258856,21.414693046772022,18.738175951485346,16.7366164147458,8.52431921651727,2.316353954784734,43.008646504295356,21.252033113360678,18.663774942246143,16.078773028724342,8.39219470654682,2.2941227866301612
many_moving,343,6601,115.46938775510205,46.00000225680134,2875,50.29154518950437,46.38826118049327,42.7284807803443,21.44110537549439,18.772366775290493,16.746154291699252,8.615977887022378,2.3647604593553124,43.006033879267775,21.221055634574604,18.618141297414134,16.094152851011923,8.44392428243685,2.4048219876880848
many_moving,344,6627,115.58720930232559,46.005069399381355,2882,50.26744186046511,46.381972697178455,42.739755666179995,21.41384410862136,18.790958412680478,16.74590885202989,8.512216704135968,2.340274111111757,43.001322171828235,21.21150528905609,18.6084184476372,16.071292960481387,8.376809198226644,2.343452060569019
many_moving,345,6634,115.37391304347825,46.01180124505721,2890,50.26086956521739,46.39434392897419,42.74532691830939,21.50642391328871,18.870372506002674,16.74468363598393,8.610876110751326,2.325152256350731,43.0153597455892,21.23108158741771,18.629767938320725,16.097297019418303,8.3512269707738,2.324561925451238
many_moving,346,6662,115.52601156069365,46.04483517082109,2897,50.23699421965318,46.342853597476264,42.76938551766897,21.579472116849278,18.92913664095689,16.743071323996105,8.637243734279103,2.336932496364321,42.95290337255063,21.25232565999598,18.697925630286456,16.116249680251315,8.358600811947092,2.325986746139068
many_moving,347,6670,115.3314121037464,46.03374579322257,2906,50.2478386167147,46.31942144704952,42.7661338843504,21.580829235024186,18.935819814754996,16.724634674438374,8.721663463906623,2.3516575157888844,42.92611370510569,21.2415525325547,18.703549452578198,16.13173782261471,8.3618693015474,2.33055728240849
many_moving,348,6697,115.46551724137932,45.99330063038024,2912,50.206896551724135,46.28993253886508,42.733133169629596,21.507820188072117,18.88810758367882,16.727904859283026,8.66876085987502,2.334241531149996,42.892422900923336,21.223222334215684,18.708395525501675,16.144141359841324,8.434217400788917,2.361946918507571
many_moving,349,6704,115.25501432664757,46.01028525816457,2916,50.13180515759313,46.273438758027254,42.75395405973419,21.446264243773545,18.805703816253192,16.705884779088407,8.579730031968582,2.356337442076983,42.87525812263973,21.22202559059763,18.716549818133032,16.14989949726997,8.452786166058456,2.3521624185080716
many_moving,350,6732,115.4057142857143,46.02354270845013,2917,50.005714285714284,46.28746444187075,42.776718041058864,21.512283162582737,18.867610475472024,16.681990154910142,8.652741793034117,2.3576033965782406,42.88815341241923,21.22991461332069,18.73185621716099,16.16521848798516,8.456240129443138,2.3359546225904033
many_moving,351,6740,115.21367521367522,46.00435607763414,2917,49.863247863247864,46.299569782818125,42.754856786519916,21.44029062286712,18.814050797814332,16.695907274852807,8.532568225578531,2.345826663482442,42.89945864077818,21.234059874865736,18.73968206512216,16.17098342545072,8.460045140289964,2.3337874630878304
many_moving,352,6768,115.36363636363636,45.934721568685674,2918,49.73863636363637,46.30851140951394,42.6865696655981,21.42489722410231,18.800788261267435,16.724094378304507,8.42326743896667,2.338781563053812,42.90784448539059,21.235669768510753,18.74346703862267,16.172624240446737,8.463895757223991,2.332866366310481
many_moving,353,6776,115.1728045325779,45.96980338779865,2918,49.59773371104816,46.31468008276272,42.74484026439008,21.4921588499843,18.88304777662206,16.707211122032838,8.517519916681993,2.3353057589858794,42.913639535684226,21.235636143893327,18.744920576199906,16.1724589685143,8.466881545171228,2.3325579834707018
many_moving,354,6804,115.32203389830508,46.002753380231034,2918,49.45762711864407,46.318766374962664,42.752839457105694,21.4595734685517,18.844285578251508,16.70955786884974,8.477339181439733,2.3346731076444422,42.91748505058177,21.234559363584765,18.744975567049313,16.171509022175268,8.468871494562158,2.3325444337504346
many_moving,355,6812,115.13239436619719,46.07559306729703,2918,49.31830985915493,46.321388425104395,42.82888551189919,21.477257692387568,18.8463171690671,16.6884990637885,8.493135889831256,2.337535935776379,42.919960937668336,21.232832062864908,18.74417543666616,16.170232716105335,8.470011736107068,2.3326707927578854
many_moving,356,6838,115.24719101123594,46.09958751805593,2920,49.21348314606741,46.317121491705564,42.85184655720461,21.391454581626466,18.78576539892871,16.676632447945558,8.300846371838414,2.322107188992499,42.898541666639915,21.22463841720963,18.728726686148406,16.18003758228851,8.45279074916205,2.3290863529370003
many_moving,357,6843,115.00840336134452,46.03648454013672,2921,49.09243697478992,46.314964965324975,42.78304280478861,21.31154555169689,18.766033187778156,16.714762496877288,8.228436642755248,2.3486867277665535,42.88712706755287,21.216548717581205,18.717670283473886,16.18460490748616,8.439836719106925,2.329056161887584
many_moving,358,6870,115.13966480446928,46.0083755199419,2922,48.97206703910614,46.313808429957916,42.74903077294444,21.388199705503382,18.830606374771968,16.74170459392644,8.394054615689683,2.376780234759055,42.88093095359932,21.209522074143415,18.709663272054733,16.18644800332944,8.430457876674325,2.3291824521259294
many_moving,359,6877,114.93593314763231,45.983913403987295,2923,48.852367688022284,46.3225507284182,42.72228567871661,21.42133311025182,18.862104226792802,16.719582666199152,8.446579269298912,2.3628978784160157,42.89263795357884,21.201766014662905,18.700881455731793,16.185118557985355,8.422209299988333,2.332517135912583
many_moving,360,6905,115.08333333333333,45.95587105027367,2924,48.73333333333333,46.33972155419385,42.70535674657064,21.46001874003331,18.896384698690696,16.706421446882892,8.439503027893691,2.35920447489349,42.910048050774115,21.19626949812373,18.692860509288785,16.178960448543076,8.450164443386452,2.3346618895108744
many_moving,361,6913,114.89750692520775,45.960916334768335,2925,48.61495844875346,46.37412325459773,42.70749492913291,21.54800821768575,18.973522682431106,16.738613145498075,8.550574368122158,2.3583861917519457,42.947229332118,21.231440080254167,18.692978522631833,16.163378098299436,8.48491633719368,2.334855801217196
many_moving,362,6942,115.06077348066299,45.933950153649576,2927,48.51381215469613,46.390361760350444,42.66649202466275,21.530481478826637,18.9604114656373,16.768951845607624,8.480767872346611,2.3424992894143126,42.96783688337471,21.252550371966404,18.698702663003623,16.159447057127924,8.527837617477108,2.3344947282857773
many_moving,363,6950,114.87603305785125,45.96370864309781,2928,48.396694214876035,46.42105656279484,42.69094343478605,21.484891970928956,18.891241476370162,16.731265148014632,8.396929999072302,2.3458999356066865,43.001601340762576,21.2839944866428,18.713735230454525,16.153507363644827,8.493727993468298,2.3227360551754117
many_moving,364,6977,115.00549450549451,45.97382484347668,2929,48.28021978021978,46.42736139958552,42.712159669507194,21.45951170458642,18.87573926333211,16.715004058629898,8.353751144768255,2.3389684669866457,43.01021559747589,21.295216183637237,18.72123976699865,16.14255291658897,8.494066158100328,2.327376461430571
many_moving,365,6984,114.8054794520548,45.96414104825977,2930,48.16438356164384,46.4183056393294,42.70270239245752,21.492310043265473,18.84743265997265,16.720376330484175,8.398483114909792,2.354944270354581,43.004103830938085,21.285667803749096,18.688622218267074,16.143621215704055,8.557998089486377,2.333883499705271
many_moving,366,7012,114.95081967213116,45.994773840261516,2930,48.032786885245905,46.40406968592091,42.74605099800502,21.520759672617093,18.85506344888942,16.69553818073163,8.505926245667126,2.3510937241594285,42.99277662342471,21.278160343360312,18.667325199551833,16.147744094673396,8.58949656635104,2.332666583544959
many_moving,367,7019,114.75204359673025,46.02288524943611,2931,47.9182561307902,46.39087553522343,42.78760567620756,21.56646778296904,18.92963523342474,16.661759897977312,8.601347777561081,2.347023108697627,42.98212798702497,21.27315191008151,18.654766749226862,16.152197709352432,8.599147038785109,2.331622849849808
many_moving,368,7047,114.89673913043478,46.001393951327984,2931,47.78804347826087,46.38032010778346,42.77250891578587,21.532717956465287,18.90433987765117,16.658474163640214,8.533597744991715,2.3446914494475384,42.973711525588755,21.26948708540296,18.64654194032682,16.156101640050956,8.600781923861305,2.3307174538315385
many_moving,369,7055,114.71544715447153,45.931155602526495,2931,47.65853658536585,46.37239384617798,42.68160261935911,21.522423564690943,18.889782430776492,16.71907550581188,8.393246237162451,2.33648685596201,42.96756999193316,21.266585116106704,18.640607968754317,16.159243292986897,8.600109585578348,2.329925463120111
many_moving,370,7081,114.82702702702703,45.960251659447124,2934,47.578378378378375,46.4119809869932,42.72260082784158,21.527860157932167,18.886885151402012,16.724809661232925,8.441358474188762,2.356146419964074,43.006015448407105,21.31347452623304,18.674137163797717,16.160531824493084,8.564677690372523,2.415579025084706
many_moving,371,7088,114.63072776280322,45.958692153860476,2941,47.5633423180593,46.34455911862452,42.71235139379418,21.532506406525066,18.88904145467142,16.76395341254566,8.469210620472708,2.337757836914181,42.966541996787406,21.27769819425777,18.690300835025532,16.164519015809308,8.63948943556452,2.3460277573358432
many_moving,372,7117,114.79032258064517,45.99293023889115,2947,47.53225806451613,46.35646087162287,42.749922970943764,21.579681263702177,18.948278935010038,16.76410407956136,8.505267763656864,2.350532481469946,43.002215031422104,21.26586250586771,18.658322168161437,16.131381632364683,8.696798334037455,2.3514130204862838
many_moving,373,7125,114.6112600536193,45.96954112381038,2953,47.501340482573724,46.36724848028898,42.71225092147536,21.629831976488198,19.01825619537771,16.790221763506707,8.69281662436393,2.337376728038972,43.018796669641404,21.28592756713405,18.68979636925601,16.13110186894229,8.736298788550407,2.3371483634046606
many_moving,374,7151,114.72192513368984,45.916980687383436,2959,47.470588235294116,46.3569706785089,42.66565058072675,21.560729097856974,18.985023361270642,16.812358355331977,8.54162420604127,2.3443798017258706,43.013303495919665,21.268386390818147,18.68805165151857,16.12337000680415,8.763184700662638,2.346889914831243
many_moving,375,7159,114.544,45.96673359342611,2964,47.424,46.336597180797305,42.7175635420018,21.60949810887879,19.015627635310125,16.788810318093304,8.608539846788945,2.3587714583515638,42.9985299188245,21.2509031068034,18.67440984644501,16.11552038840112,8.764095247048207,2.3499717194649543
many_moving,376,7187,114.68617021276597,45.96223789787633,2970,47.3936170212766,46.2924057215606,42.745624818439794,21.542660636793272,18.972835285772852,16.782548072410496,8.529537185393668,2.3465653762872076,42.95765004389365,21.15388509584784,18.618414166823015,16.11630733618683,8.693688295432155,2.338139409727431
many_moving,377,7196,114.52519893899205,45.97947938457471,2973,47.315649867374006,46.34891255411101,42.72828625312484,21.552548509531594,18.921244758827306,16.783160052104133,8.51613521288294,2.335923694332093,43.02841192988048,21.067276084621266,18.502443410649526,16.070433344173125,8.555831975880487,2.3537460131823575
many_moving,378,7223,114.65079365079364,45.99321450183024,2974,47.2063492063492,46.39139419342894,42.73804757659362,21.543503041324183,18.889896555076305,16.771388179936356,8.497413276439694,2.337046510512458,43.076547163280416,21.037488806731147,18.460109370896397,16.058440920370167,8.506748094294336,2.348883951965602
many_moving,379,7230,114.45910290237468,45.9980053437238,2975,47.09762532981531,46.40675696158077,42.742752455614706,21.569936879606814,18.90235928402206,16.767045773229512,8.617738420314737,2.3382909058240706,43.09547366349801,21.022456169558424,18.44176365993622,16.047167700623586,8.503459834182578,2.3381767086651157
many_moving,380,7258,114.6,46.01087342739581,2976,46.98947368421053,46.424532218460776,42.771374865295165,21.542258980462172,18.906422101916053,16.75017251519018,8.586549285144061,2.335654644241777,43.115981105411954,21.014070911567604,18.43547509005354,16.03843754814053,8.486956934343311,2.3319607640338633
many_moving,381,7265,114.40944881889764,46.01686440111137,2976,46.866141732283474,46.43859208831346,42.782661367939085,21.572286995243328,18.95409817140864,16.73213919218406,8.496884013389565,2.3516461481589754,43.13273832141424,21.006754673027576,18.427679620785206,16.03284452544478,8.492651542977828,2.3294965759547477
many_moving,382,7294,114.56544502617801,46.024444123697826,2977,46.75916230366492,46.449754629636665,42.82309732295634,21.54769841544335,18.957401575275348,16.707377675777337,8.421720831911337,2.3756151592628965,43.14661864938141,21.000767940433036,18.420568852510712,16.02924225446937,8.505733702887659,2.327070012651363
many_moving,383,7302,114.39164490861619,46.01144471595317,2977,46.63707571801566,46.45855875856558,42.80515879755617,21.56185705475571,18.998586179835804,16.722968461929447,8.543484860688643,2.3657462592259835,43.15812072158069,20.995802767914274,18.414558881820856,16.026907235775607,8.52061017631333,2.3248196032898125
many_moving,384,7329,114.51562499999999,46.00468553682655,2977,46.51562499999999,46.46544238867081,42.78605677809712,21.561630078025836,18.99550925671848,16.73357784833537,8.57247070997516,2.352221618675227,43.167626454780205,20.99153442780361,18.409553917798984,16.025384701927617,8.535125020658647,2.322791039506853
many_moving,385,7334,114.29610389610389,45.97568607023252,2977,46.394805194805194,46.47076645628892,42.762032770671695,21.56007355129727,18.99206640414974,16.717304721302195,8.514329352499013,2.357072427258369,43.17545282893278,20.98772114954965,18.405347550811207,16.024385792722125,8.548479593586414,2.3209920618906636
many_moving,386,7362,114.43523316062176,45.95641266682084,2979,46.30569948186528,46.47618147966446,42.718994129745994,21.618947521297574,19.01788759576545,16.7331954985716,8.555516820550274,2.366502024011656,43.186926466851695,20.98481120292885,18.404453836010415,16.02140943122495,8.563472806522034,2.3203264512642243
many_moving,387,7371,114.27906976744185,45.9964121622134,2980,46.201550387596896,46.47993432079268,42.76259007227108,21.57741019848077,18.96766549290546,16.74018763632256,8.535822399966388,2.3550153053198133,43.194853916073,20.982452845492695,18.40326066771093,16.019737860380065,8.576565305424985,2.3190079673055823
many_moving,388,7398,114.4020618556701,46.056164856965665,2981,46.0979381443299,46.48251467542275,42.804068325621635,21.666304346796927,19.031034038860895,16.750142914663076,8.700023378253388,2.341137049987315,43.20055370670144,20.980126702916277,18.401789791636087,16.018766111604705,8.58766144387482,2.317843271625768
many_moving,389,7406,114.23136246786633,46.07956579649178,2982,45.994858611825194,46.48238503805269,42.84259248203236,21.560915990480964,18.90141942493934,16.711144130680683,8.616823772018428,2.356915533580621,43.20229298451047,20.98495744726871,18.400775299743103,16.025011944398145,8.580742426094083,2.317654976577997
many_moving,390,7433,114.35384615384615,46.03787011093797,2982,45.87692307692308,46.4821552022509,42.8068863035004,21.498000517934308,18.860885280226352,16.707910100162618,8.391039486873055,2.329317660994158,43.2032608773665,20.987472656583883,18.40032764987273,16.029678753734203,8.581989004698091,2.31744036108453
many_moving,391,7440,114.1687979539642,46.01671455770729,2984,45.79028132992327,46.501623916466585,42.75079906501146,21.612326913376254,18.97331883645161,16.766662540321576,8.405505166909826,2.3224742327163646,43.22122219624382,20.99830159923988,18.401548476518162,16.02652072114119,8.651313632903161,2.320185968239819
many_moving,392,7468,114.3061224489796,46.03618506668636,2986,45.704081632653065,46.47767517414451,42.75593996615263,21.604975100942525,18.96719506657863,16.781997758673835,8.416087329762442,2.3351730643497817,43.18816563982884,21.018033010374193,18.45598065922669,16.056594948873922,8.709194998879399,2.3211137386172793
many_moving,393,7476,114.13740458015268,46.0714237893837,2987,45.603053435114504,46.45510534548258,42.81848883881172,21.566709077476677,18.92335467972186,16.734665010347022,8.463057096108058,2.3438777990214366,43.161170903288244,21.017266706556185,18.47449722420177,16.06296728311006,8.723703181439124,2.3308757577813752
many_moving,394,7504,114.2741116751269,46.04731462939607,2988,45.50253807106599,46.44023081824813,42.77624954267515,21.631638143982517,18.9722131458946,16.74085813141869,8.510605915333057,2.32346836293123,43.14446676455732,21.013879111716506,18.48163452550898,16.071713922263807,8.707929802143319,2.331656829665214
many_moving,395,7512,114.10632911392406,46.0597859235735,2992,45.448101265822785,46.44239804355716,42.77200892381731,21.66430562767006,18.981850867435647,16.738148854681246,8.602790543623751,2.3522754483174304,43.16503625113933,21.058506116670976,18.48766248222256,16.08115647233633,8.766189610059055,2.303062905580002
many_moving,396,7538,114.21212121212122,46.05720081225352,2996,45.3939393939394,46.44155572301624,42.77666028805659,21.60420162993307,18.901078123874118,16.736582654449496,8.577179723433678,2.342071169175389,43.15298943124927,21.048549416639787,18.50088806608479,16.06741883892871,8.754570888804949,2.341357717009866
many_moving,397,7545,114.0302267002519,46.0642901842988,3001,45.355163727959706,46.43754157019805,42.784454242596716,21.572063903700112,18.89975966871022,16.749250105459524,8.445498025648323,2.3353567080103725,43.14660346327496,21.009149900285664,18.48202913651485,16.062543413740666,8.69373623076966,2.3402750003111463
many_moving,398,7573,114.16582914572862,46.064129809542145,3004,45.28643216080401,46.41669261164719,42.775913677084,21.56302009178268,18.891872085426392,16.765362683598603,8.446042204474331,2.344340331982651,43.1158000237314,21.08566766932472,18.543322915531014,16.075934117592034,8.779997301409228,2.3452656090898674
many_moving,399,7581,114,46.07658504381408,3007,45.21804511278195,46.400606510051524,42.81084760341139,21.616306115139277,18.969139854399202,16.76195368207493,8.497583822969762,2.330065654736699,43.08785601090082,21.12658602861211,18.592251170722278,16.07705108448904,8.82494285172964,2.3446263055221843
many_moving,400,7608,114.11999999999999,46.06341739782281,3011,45.165,46.40569924625993,42.79108204178952,21.647691744069704,19.00050188498644,16.777680658256738,8.571415041705661,2.3367770299268105,43.113090784435435,21.06171687094982,18.54095490993859,16.05885762772959,8.796649445889564,2.3550206339515096
many_moving,401,7615,113.94014962593516,46.06725653457027,3019,45.1720698254364,46.371475493619414,42.7890623535852,21.707702116419462,19.041334261587274,16.78472449374319,8.611407269452348,2.3302877390431984,43.06739018255952,21.06241327731197,18.550816143358226,16.065920491398558,8.755408209358578,2.309396156772382
many_moving,402,7644,114.08955223880596,46.07981477712035,3025,45.14925373134328,46.367218029477264,42.81021985941733,21.62789488720531,18.98534855299161,16.782420756695526,8.509514779988681,2.311756663648366,43.0753845709345,21.03703168304861,18.52751168983273,16.049327787070702,8.68549145549308,2.342803681950539
many_moving,403,7652,113.92555831265508,46.08757758902455,3030,45.111662531017366,46.33183723610224,42.83829853943372,21.610460843741983,18.972494389211455,16.77342199172796,8.549131720222665,2.3340690812760774,43.04557575844893,21.035255372067503,18.55196634085484,16.06008866096581,8.556042229541276,2.336161621511337
many_moving,404,7680,114.05940594059406,46.08613824104901,3034,45.059405940594054,46.2993751712706,42.8303295156101,21.673867182910342,19.018771514207884,16.784508866318014,8.645239597248938,2.3306188643079637,43.01480691653401,21.027097151737145,18.56738340628913,16.07840274675928,8.581211975138245,2.34814027083924
many_moving,405,7688,113.89629629629628,46.06350385442227,3038,45.007407407407406,46.30201191230232,42.81406025482824,21.696180376869382,19.057748578025762,16.793424533767983,8.708365271482315,2.3366479278598047,43.01881284140272,21.021676738479755,18.573402528119363,16.066723701378226,8.524755581231158,2.3456825422835093
many_moving,406,7715,114.01477832512316,46.05265309810129,3043,44.970443349753694,46.288828734176,42.7842852818096,21.685674983623983,19.034989035651286,16.805069747162666,8.726931996528979,2.3296828173419235,43.00713612183459,21.00541280742605,18.56716421545287,16.065604082965372,8.544470782771198,2.3507813722064195
many_moving,407,7724,113.86732186732186,46.052326312085476,3048,44.93366093366094,46.34665358923567,42.78596220527979,21.645758055294845,19.020416978263537,16.803141390735732,8.679194921117432,2.3421829983997133,43.069979398509886,21.014674283513717,18.549860937578025,16.039608956716144,8.542309041710425,2.3422478930327784
many_moving,408,7752,114.00000000000001,46.059328919698565,3051,44.867647058823536,46.3816090103084,42.804010889469666,21.68070903157862,19.078714537802078,16.786581548572293,8.703587704094723,2.345493731940824,43.10564164450415,21.029738941366205,18.56432678144545,16.036362004534997,8.535559997865866,2.340966497406301
many_moving,409,7760,113.83863080684597,46.05485727095428,3052,44.77261613691932,46.39720299101701,42.81225276911893,21.7191840160395,19.093178161719987,16.779834860772237,8.648107185405468,2.3344420476937717,43.12380671488682,21.024498954030566,18.55862683082787,16.030968770330567,8.53955741915086,2.35032045443189
many_moving,410,7788,113.97073170731707,46.04695793692537,3053,44.678048780487806,46.40827993968794,42.7599132443468,21.68761139022419,19.032712883855936,16.798949605263683,8.586392187961826,2.3252868974790015,43.13660757160197,21.02121083114472,18.558746284811747,16.025641283772014,8.531291927411573,2.349845660849973
many_moving,411,7795,113.79562043795622,46.08151517193037,3053,44.56934306569344,46.41714432635997,42.770765718188684,21.69073153816651,18.97937051115695,16.80628725404047,8.652817701253882,2.311186643498452,43.14668475659836,21.017424238593698,18.556044066522766,16.021118218084652,8.531807403117933,2.349973178073436
many_moving,412,7824,113.94174757281554,46.14260535415449,3054,44.47572815533981,46.424236208060194,42.875936678059965,21.665335015446047,18.94461518789091,16.78218347724258,8.71975648385996,2.337531001536858,43.15469292706521,21.013528234688096,18.552126586878572,16.017199273345625,8.535074184727353,2.349827152079967
many_moving,413,7832,113.7820823244552,46.08845679902689,3054,44.36803874092009,46.42992941379392,42.8239564447953,21.652584643428675,18.939956253286077,16.756876777455574,8.74179803740667,2.337227097822107,43.16112358805714,21.009629692747666,18.547684705967836,16.013732680483994,8.53888687557304,2.3495958161748383
many_moving,414,7860,113.91304347826086,46.03745918371411,3054,44.260869565217384,46.43454069429638,42.75951539408724,21.60700784833626,18.917263633752444,16.751011437574594,8.617569892997224,2.3265008584947915,43.16635772511583,21.005758557388432,18.543034550893147,16.010606401099043,8.54248003351047,2.3493538493518993
many_moving,415,7867,113.73975903614458,46.052372487017536,3054,44.15421686746988,46.43832394691621,42.75900371737221,21.590409557745872,18.92906531761572,16.76539049881985,8.527716622959282,2.3191888013201947,43.1706845621935,21.001924177034766,18.538329456585323,16.007737480754876,8.545635241994427,2.3491299712750884
many_moving,416,7894,113.85576923076923,46.05633834873154,3057,44.09134615384615,46.43746146962832,42.793884284556604,21.558270326025788,18.924536734526917,16.7573913888231,8.447545323639975,2.3420927755803067,43.15935797346525,21.008637708532707,18.534808175330593,16.012257306988218,8.556629929161138,2.3476087477666887
many_moving,417,7903,113.71223021582733,46.023024662914544,3058,44,46.44998689376531,42.756683829121656,21.522051311863738,18.934955812589397,16.783476696730197,8.393061253075025,2.3467501964203703,43.16483461396028,21.01284154254069,18.5295224472805,16.008917854305984,8.571413536827542,2.3577037091200475
many_moving,418,7929,113.8133971291866,46.022684008341514,3059,43.90909090909091,46.458087311067054,42.773569865798734,21.554269361490906,18.977477317837835,16.789951144461597,8.466763449078762,2.359891188587618,43.16938083619357,21.014738150591086,18.526050960596258,16.006782161827307,8.58248770522581,2.3571872828091855
many_moving,419,7936,113.64200477326969,46.072561125546905,3060,43.81861575178998,46.44445150738824,42.8347953732825,21.590500509728386,18.9601215186019,16.78918905412604,8.581254706882305,2.339478027658627,43.14492975131087,21.0390461965782,18.530127986154064,16.02730986136522,8.555903639445292,2.3455255120271925
many_moving,420,7963,113.75714285714285,46.10868729815512,3060,43.714285714285715,46.436556957200274,42.91139969550845,21.626030831153308,18.98325278073088,16.769763750226783,8.656681023889968,2.3366816950476927,43.130500199583466,21.05390666299331,18.533480858379583,16.039078207226826,8.5308503534945,2.346973840872029
many_moving,421,7971,113.60095011876486,46.086687561887935,3061,43.62470308788599,46.409915278083645,42.85755889685446,21.722643797864723,19.084010778660407,16.779252397927912,8.719453722728499,2.3258888948448107,43.10163105272241,21.063079980056912,18.53979107180644,16.05441810812609,8.46661352554612,2.34401590610303
many_moving,422,8000,113.74407582938389,46.07957051545884,3063,43.54976303317536,46.36693056808087,42.8258827995003,21.675816812597024,19.039704200083328,16.775507916849246,8.700312392358573,2.335126887779255,43.05753541697303,21.049502618035014,18.521044057130368,16.06255819546683,8.41759826788212,2.3475858813953794
many_moving,423,8007,113.57446808510639,46.07306818150098,3064,43.46099290780142,46.32616570935326,42.823960540169466,21.603669734088065,18.974286443155822,16.791804384852547,8.59746943501931,2.331502127203449,43.01740635055785,21.026374077135255,18.505332364286158,16.073646420797477,8.471663123370206,2.357623967142014
many_moving,424,8035,113.70283018867924,46.025484869310844,3065,43.37264150943396,46.304707579458984,42.785682782829745,21.630706184996992,19.03058939494688,16.804138796850154,8.56947283197746,2.323427265250073,42.99786130238512,21.02099182858776,18.501911134364423,16.071063441891507,8.464761661519004,2.3543300707445534
many_moving,425,8043,113.54823529411765,45.96093279108573,3066,43.284705882352945,46.28979456468039,42.74041840351662,21.62325199847294,19.065370829719882,16.830262955634804,8.579345700242289,2.3579220783558403,42.98515123398724,21.02488986820413,18.51424467325422,16.068285396918252,8.46473752350638,2.3511166950232973
many_moving,426,8068,113.63380281690141,45.9593278275162,3066,43.1830985915493,46.28804452821779,42.71469791924115,21.662003131123246,19.098905359256868,16.847137271262625,8.578303134785056,2.36912142860285,42.98515140541094,21.028216973671633,18.519379949532876,16.065089137069418,8.46513191511443,2.3470040398977767
many_moving,427,8075,113.46604215456675,45.991259955032255,3067,43.096018735362996,46.29039059284581,42.73262840725086,21.70576309013149,19.092595713858845,16.80059961110944,8.525465909246275,2.3611573771999694,42.98906428659065,21.030156091180835,18.520948218567476,16.062434032279764,8.468136849933718,2.3444904323062348
many_moving,428,8102,113.57943925233644,45.96133244975358,3067,42.995327102803735,46.29389267512743,42.69812730756162,21.69768796876589,19.07176767615057,16.792056782459724,8.55236070362933,2.3587079082218816,42.99400811433598,21.031303943456578,18.521081011173475,16.060455604107347,8.472687626929813,2.342693252485175
many_moving,429,8109,113.4125874125874,45.998629913494696,3067,42.89510489510489,46.29753763325108,42.72983556802181,21.701008736988882,19.087797604472573,16.781922688745645,8.603325420433986,2.358992040232547,42.998979597960734,21.032106293089182,18.520769924639573,16.059826562025254,8.477759828896335,2.3412568862561396
many_moving,430,8137,113.53953488372093,46.00438463721659,3069,42.82325581395348,46.30121214088014,42.73837429650711,21.63557976799932,19.04227867006504,16.783114195254505,8.552305975938237,2.351655243937368,43.00378698672124,21.03304658907998,18.520564852596515,16.060689430825228,8.482863272930018,2.310123312302558
many_moving,431,8145,113.38747099767981,46.03312528237528,3075,42.80742459396752,46.31568554954072,42.77390248380932,21.697093046754496,19.10273354151935,16.77856415542752,8.632237937883456,2.355738464072832,43.02862998194937,21.038293526517418,18.52915512806224,16.059017813465154,8.508353969606642,2.3376544607724705
many_moving,432,8173,113.51388888888889,45.98673249871553,3079,42.763888888888886,46.31475611085731,42.69541523353509,21.667477820185443,19.06201472504054,16.81819548669596,8.49892966563673,2.3450945846758793,43.03595968948242,21.037209078230493,18.53310727153214,16.06329373184239,8.517237852151728,2.3250862111373785
many_moving,433,8179,113.33487297921478,46.04726449131645,3083,42.72055427251732,46.316984355610906,42.76261209983938,21.640450278618484,19.02288896809493,16.799849627540564,8.61376053283841,2.356604656381461,43.04259987304057,21.03872792655649,18.53594790235667,16.066632229186084,8.530510323522883,2.32973435063446
many_moving,434,8207,113.46082949308756,46.05929405756145,3087,42.677419354838705,46.32177868540685,42.77492746258888,21.672800102227136,19.045886076285882,16.795512284673958,8.675925408328716,2.3425269824086055,43.04873501713056,21.043075150750727,18.534983037796177,16.064879377164615,8.538030832904813,2.342638425764869
many_moving,435,8214,113.29655172413793,46.02834691943468,3090,42.62068965517241,46.315593904591324,42.763426322678974,21.605093641667942,18.97953578704546,16.75340173840135,8.565232852662568,2.364787974614769,43.04562857553983,21.038141382342204,18.528995055187707,16.06182732642032,8.52874702934795,2.343068044147089
many_moving,436,8241,113.40825688073394,45.98314610149259,3094,42.57798165137614,46.34258139368019,42.7066580675811,21.568150512447424,18.923846653097787,16.75534757033933,8.48705791198541,2.346766727148033,43.07277349081321,21.03869897645112,18.518701111816636,16.077436783528427,8.593358978600495,2.3296811729823768
many_moving,437,8248,113.24485125858124,45.964694298025215,3097,42.52173913043478,46.35174238169084,42.66675945893367,21.59639861192105,18.940782439576758,16.81402615116364,8.6142967628132,2.335891478856709,43.07727657509901,21.044425379877588,18.526049127741455,16.08606521810639,8.653509637427687,2.3303489804621553
many_moving,438,8275,113.35616438356165,45.99043026198912,3097,42.42465753424658,46.38245685249262,42.700488403895704,21.645755774116246,18.99490771888571,16.82008604200603,8.785073166059085,2.35405098705965,43.103837653017436,21.07079440959221,18.543091531174717,16.083979727476034,8.614352737343657,2.322454207560797
many_moving,439,8283,113.20728929384966,45.992223797458166,3098,42.34168564920274,46.39685260397418,42.690463369574246,21.66045565693712,19.023526478515777,16.82576040626644,8.571963162687675,2.323215314957076,43.11514144176125,21.07504805895311,18.543003390124788,16.080833659753193,8.603617581368951,2.332149342105261
many_moving,440,8309,113.30454545454546,46.02978944780048,3099,42.25909090909091,46.405559048454506,42.7576295480082,21.685149127879683,19.083564367911315,16.791789949967566,8.502818307201782,2.338567357172352,43.12130725358055,21.075563807812333,18.540317937599465,16.0796306303683,8.5993044295066,2.334036092909239
many_moving,441,8317,113.15646258503402,46.01662578298319,3099,42.16326530612245,46.408195247945386,42.77519999902526,21.715837343337782,19.150854415739076,16.76512435258706,8.66659931951505,2.3679562444974613,43.12194662737631,21.07568062235356,18.53959367528619,16.079166419709562,8.599269240291562,2.336033187546542
many_moving,442,8346,113.29411764705883,46.007700046720856,3100,42.081447963800905,46.40928722336186,42.7501506313522,21.66232751536253,19.09923947623615,16.769899248375772,8.666893535159911,2.3576218157128324,43.12130657997772,21.076290730349225,18.539928140138166,16.078995282388657,8.599085300040539,2.337239975189333
many_moving,443,8354,113.14672686230247,45.982817441192765,3100,41.986455981941305,46.40990753358038,42.71691008577382,21.617557608930873,19.033412856274452,16.767504765271287,8.469210979313962,2.3840387841837107,43.120372434970754,21.077176652769367,18.54065077750794,16.078947797579016,8.598528417681328,2.338106119942939
many_moving,444,8382,113.27027027027027,45.963332841061245,3100,41.89189189189189,46.410374636008505,42.68025999524179,21.619560431721208,19.015999191260352,16.773458393767967,8.512893997901214,2.3736868257282984,43.11942312331324,21.078147943279692,18.54144100571688,16.078955819449714,8.59784168494824,2.3387928314119915
many_moving,445,8389,113.11011235955056,46.01534125901995,3100,41.79775280898876,46.41081032115138,42.74805069355344,21.59441754626301,19.03123202825987,16.750873874065977,8.49718685323628,2.349905771077026,43.11855658784365,21.079116388099834,18.54217142193424,16.078990430814592,8.597198640145631,2.3393666346736173
many_moving,446,8417,113.23318385650225,46.02214787754174,3103,41.74439461883408,46.41833851967049,42.71783431504916,21.646867691095668,19.054563812656937,16.775914520298436,8.554045611901973,2.344926935744019,43.14370056113928,21.062307161002643,18.5415774605756,16.066735955423248,8.584379348292718,2.341509054082344
many_moving,447,8423,113.06040268456375,46.03003952022544,3104,41.66442953020134,46.42576863098898,42.74613023073162,21.656211845582664,19.03969249732058,16.75327476927622,8.454054713567857,2.347063180110675,43.15890684991119,21.05589275834348,18.54147857657903,16.058818085853925,8.580033323664619,2.3430336338240356
many_moving,448,8451,113.18303571428572,45.97133705467546,3105,41.58482142857143,46.43016691555679,42.70659909889282,21.64406894765589,19.018100399532766,16.76292489236613,8.392683988509448,2.3476263578357837,43.16675209558966,21.05406065292327,18.54228947202475,16.05467655263237,8.581324247912178,2.343636604351738
many_moving,449,8459,113.03786191536749,45.95555072130989,3106,41.505567928730514,46.44164156163315,42.68569260751177,21.582480893761808,19.00113549446609,16.783598001272956,8.491477898123978,2.3632230758752573,43.18071166406519,21.048467827997577,18.547392561738015,16.04263851749545,8.602481325232768,2.3415341510673158
many_moving,450,8485,113.13333333333334,45.90317617288855,3106,41.413333333333334,46.449068560364346,42.64022148308703,21.62275014635721,19.104933623542543,16.806975165608407,8.468776759624678,2.35064036445659,43.189897167077845,21.04480222071059,18.549418230281812,16.035094505194746,8.614843250843274,2.341283137612578
many_moving,451,8493,112.98891352549889,45.92524905167025,3108,41.348115299334815,46.4373359443961,42.70979300663953,21.551977622006053,18.995616007185255,16.79049345501178,8.439672917067226,2.3512175143113065,43.18052724938342,21.04255011840116,18.553339248468358,16.036444669623037,8.583082580879227,2.3394661831588324
many_moving,452,8521,113.11061946902656,45.99480316679307,3110,41.283185840707965,46.421420727993606,42.77787491358478,21.563681017706855,18.948012794390532,16.782557295824017,8.532775113423885,2.353580739696391,43.166059780801845,21.039020017672332,18.558327054989412,16.01674770767772,8.550291971572625,2.3527974288598874
many_moving,453,8529,112.96688741721854,46.01408559294936,3110,41.19205298013245,46.39321710257702,42.771261542390974,21.591985452111693,18.977083028678052,16.78356351099795,8.501414959769082,2.3318073267918504,43.1394540766677,21.017518616952497,18.546380248379155,16.006681936718202,8.573294170853249,2.3631550455416566
many_moving,454,8554,113.04845814977973,46.00147965167556,3111,41.11453744493392,46.37310138108163,42.743606967824896,21.538727542973703,18.920515390138593,16.79841574358036,8.339353830035341,2.328267909625934,43.12345605612752,20.99871326415717,18.531448086645113,16.0005178440112,8.557206519077607,2.36472537796012
many_moving,455,8561,112.8923076923077,45.957619444278464,3115,41.07692307692308,46.3581739586729,42.699829624160245,21.521341989260602,18.90555483232301,16.813713115005434,8.368310323857617,2.3495695880250804,43.13624015334762,20.99135874505286,18.473125063749155,16.010401110549417,8.63566490470008,2.3363907084659616
many_moving,456,8589,113.01315789473685,45.89676185332592,3119,41.03947368421053,46.3180186205407,42.62665257387673,21.526683812957607,18.92016730082618,16.82766037346842,8.417828724407922,2.327514604038413,43.08037355002064,20.984441784548007,18.48007227119684,16.016043524664276,8.66786026172529,2.3709156816929013
many_moving,457,8597,112.87089715536106,45.92626154967962,3124,41.01531728665208,46.29164124603823,42.685162906116624,21.582284071837663,19.015537860989273,16.812846423508578,8.434361689779516,2.359008875658669,43.037617357251335,20.99384435259817,18.493023276526834,16.029628958654456,8.668807372317643,2.3661702596812466
many_moving,458,8624,112.97816593886462,45.91633293892855,3132,41.03056768558952,46.278402688849894,42.648882298620514,21.646993376064227,19.06057344902099,16.838911815734658,8.439561923380651,2.3512539853103784,43.02026085725554,20.980194914043082,18.54882751598354,16.05787647435752,8.655595351876805,2.3856421249192397
many_moving,459,8632,112.83660130718954,45.95434751164049,3140,41.045751633986924,46.292414900489455,42.67842946849621,21.609811054719735,18.98953223042347,16.812910828691074,8.522626615178769,2.3480850106320257,43.03562548006381,21.01989243875095,18.520794967966793,16.026175019014147,8.683265075668574,2.3715441347158746
many_moving,460,8659,112.94347826086955,45.96058300267454,3148,41.06086956521739,46.31612119701298,42.67833912757143,21.597082402606954,18.979949708810587,16.811939074743577,8.441892651837271,2.3273391635877174,43.07739594965554,21.028255421331917,18.48170512546439,16.022761273768307,8.674352634627846,2.3724636911122463
many_moving,461,8666,112.78958785249458,45.94138721037927,3158,41.10195227765727,46.310120843651525,42.65020638079123,21.67565938914645,19.058480859827068,16.843607712547875,8.553516145736047,2.3393185051487624,43.0300196922453,21.03309689904303,18.48667465531192,16.057496265092126,8.620266978876547,2.3401492481360697
many_moving,462,8695,112.92207792207792,45.930908088946474,3164,41.090909090909086,46.28326928418315,42.626172947765234,21.7216708004441,19.090847954307883,16.859582135566928,8.60662969069095,2.342291682514126,42.96401717205457,21.023289693986325,18.470674880273275,16.0644076150012,8.535105174227754,2.3356347024096156
many_moving,463,8703,112.78185745140388,45.93272026887184,3169,41.066954643628506,46.25175820365356,42.651544371083205,21.669865551643742,19.0151447042686,16.84707752924568,8.699351968615066,2.3432298614626585,42.90539690342686,21.01193128300608,18.464809291228942,16.105529723743775,8.588714636165477,2.3493449278658045
many_moving,464,8731,112.90086206896552,45.92749675488271,3173,41.0301724137931,46.254472409024395,42.64616640546223,21.694658013129335,19.034711385111116,16.846966297858256,8.693548876994106,2.3385033615413646,42.89663735001818,21.01660889198354,18.4587790188592,16.090376334206997,8.476662893118485,2.337904455735874
many_moving,465,8737,112.73548387096774,45.939346502050675,3173,40.94193548387097,46.25723862235449,42.67633272203897,21.725314059961928,19.074853405790353,16.82854844736637,8.669644331477206,2.335869447962404,42.89071921399111,21.02289391546415,18.46946301068263,16.095949852167468,8.451669490090314,2.3420850297067295
many_moving,466,8764,112.8412017167382,45.94065628857078,3175,40.87982832618026,46.302443004096816,42.700851943853976,21.69858391881618,19.074470397267056,16.813813766277033,8.56514798533399,2.337573381836427,42.92795352112523,21.02454762658841,18.463252553303292,16.081337670024208,8.53672483288652,2.34847421675722
many_moving,467,8772,112.70235546038545,45.96710437172576,3177,40.81798715203426,46.35362630834639,42.727855219017606,21.659041329507847,19.02603164750244,16.77968729529305,8.506700308136356,2.3432269386791837,42.983848827685044,21.012910423095796,18.414770517038217,16.068778498769746,8.593159473011012,2.3375788990739914
many_moving,468,8799,112.8076923076923,45.96381443576112,3177,40.73076923076923,46.38438967275429,42.69788699094873,21.648367379224023,18.99823692585529,16.783776488731807,8.522360933433315,2.3462846542586355,43.0171748593046,21.005844997665513,18.393540666463416,16.06567767793139,8.618904444088262,2.3310550327607205
many_moving,469,8806,112.65671641791046,45.96256927784923,3178,40.65671641791045,46.405629927128786,42.66713671586594,21.635086837126284,18.984896866068958,16.873856786890574,8.664800979297127,2.354721235193784,43.03992614345175,21.010605573347846,18.39431759348344,16.06604773282389,8.65990434811938,2.315720689463088
many_moving,470,8834,112.77446808510638,45.998227187670665,3178,40.57021276595745,46.4232811537332,42.72855847081717,21.58174203474756,18.96784051021004,16.887503670433702,8.671241880276666,2.3393174010103204,43.05911176151249,21.013624822610396,18.39541372288611,16.06695981017253,8.687897713456495,2.3108198412174983
many_moving,471,8841,112.62420382165605,46.02836618518817,3178,40.484076433121025,46.43704811152042,42.76461739883163,21.653203871444422,19.01137559437108,16.84974884846953,8.522251422830518,2.328961930480049,43.074484403187824,21.01491526893958,18.39587479536534,16.06801321200823,8.709048447479322,2.3076091467894977
many_moving,472,8869,112.74152542372882,46.033607856856186,3179,40.41101694915254,46.44761531641833,42.75113637684515,21.67761667326647,18.99242130356692,16.851719479360515,8.567422473694712,2.3368740165886224,43.086660247165035,21.015036459561305,18.39577824027067,16.06905164410073,8.725747287771986,2.3052644232551143
many_moving,473,8876,112.59196617336151,46.074723564632215,3179,40.325581395348834,46.45570267906168,42.78929447158248,21.69444366933006,19.01413234480198,16.86652706659924,8.670026068214215,2.307343582439002,43.09629556770724,21.014419820184273,18.39531168319656,16.069998270681744,8.739187224081158,2.303434157114204
many_moving,474,8904,112.70886075949366,46.088267738369154,3179,40.24050632911392,46.46189250333062,42.81909787699618,21.756187424512238,19.10670991214409,16.876209432628507,8.689773125981564,2.2900398775272928,43.103933591752835,21.013336801556353,18.394615006368532,16.070809343256578,8.750093937866644,2.301955987542093
many_moving,475,8910,112.54736842105262,46.08727677371338,3179,40.15578947368421,46.466628292535965,42.838613144556234,21.77021007246391,19.114951395988086,16.835416120545474,8.659565351897466,2.301226427006879,43.109999669377224,21.011952646026632,18.393775977995585,16.071460952448025,8.758968094498735,2.300745206943698
many_moving,476,8937,112.65126050420169,46.10473000087635,3182,40.10924369747899,46.482086989989504,42.852362884189304,21.812710318228635,19.141850511433983,16.809845276100845,8.708765977290188,2.3174321855904614,43.16127973018847,20.998021104849002,18.406271723377102,16.051262929594404,8.768761438163558,2.3073224119389018
many_moving,477,8945,112.51572327044025,46.089503643582084,3183,40.0377358490566,46.49099630231791,42.83704923620873,21.744331799372706,19.10884627952911,16.81739980509782,8.736911104808154,2.341079233197711,43.19727548867339,20.99041594047041,18.41844656310723,16.03651620556952,8.776965435677642,2.303892903282376
many_moving,478,8972,112.6192468619247,46.02269123589658,3184,39.96652719665271,46.49631457674368,42.75982076079852,21.728582891776394,19.104005374449446,16.845457860307935,8.72809340765848,2.3349683154558036,43.217052536641845,20.988681714671085,18.426543411470465,16.02830968314187,8.790254180386627,2.303818490680663
many_moving,479,8979,112.47181628392484,46.00555784628984,3186,39.908141962421716,46.504283825793436,42.74066852791154,21.717622558637103,19.077559365941813,16.800675139911526,8.60628363936097,2.322438228573499,43.23082809098187,20.990170854563136,18.43222550306511,16.022084678240475,8.778569449441035,2.296682049496005
many_moving,480,9007,112.5875,46.00114399086402,3186,39.825,46.50820030078196,42.745346607903585,21.634272086733866,19.00667130069514,16.771842719454,8.481230124649608,2.3267497736113967,43.23824952612893,20.989859768847953,18.435152725535424,16.017482842809724,8.7801949098154,2.297869845953296
many_moving,481,9015,112.45322245322244,45.99534777107446,3188,39.767151767151766,46.490508438684955,42.730683048808395,21.668630720132512,19.024095872864667,16.802887131975872,8.540530776911314,2.339224289166789,43.224587808460285,20.988024863756138,18.43902800749032,16.021730681427844,8.739227927244226,2.294634254873431
many_moving,482,9044,112.58091286307054,45.969428900548145,3190,39.70954356846473,46.47603073129239,42.70941501210356,21.69218731268706,19.023190139834533,16.81851696320277,8.609506574199774,2.356197760114353,43.21272430315158,20.98383881999891,18.4402158927394,16.016310539093634,8.70349431900473,2.298753188117116
many_moving,483,9052,112.44720496894409,46.008347413563584,3190,39.62732919254658,46.47517133390506,42.76257172938742,21.692028522928293,19.04460174675049,16.8141285453908,8.461315706945385,2.3167633790933553,43.21335026429271,20.984048017073725,18.432047485599504,15.996757040998569,8.648649240984282,2.2928516026015124
many_moving,484,9080,112.56198347107438,46.058039179637305,3191,39.557851239669425,46.46604351046213,42.83924145017306,21.67705417921797,19.038007412370654,16.795781192490665,8.450615951040518,2.3318687188800906,43.20435718923273,20.98122029059855,18.42863573728264,15.98619700756915,8.617531578345442,2.2920039507550083
many_moving,485,9087,112.41649484536082,46.04369906328757,3191,39.476288659793816,46.457869959718664,42.79378859278346,21.72751074527968,19.07865514830458,16.812735677311174,8.54117645396396,2.3159146480574253,43.1957628706106,20.976998086301318,18.4254278842492,15.978798234581996,8.597518065201108,2.2934058771104002
many_moving,486,9114,112.51851851851852,46.02503345005036,3191,39.39506172839506,46.45124827376507,42.75222862030035,21.684089660691633,19.02911994718746,16.83330723528849,8.463770628872298,2.30528601063636,43.18856119074276,20.97252803967844,18.422437421693807,15.972788087718484,8.582678212658093,2.2949676554070115
many_moving,487,9121,112.37371663244353,46.0466745910646,3192,39.3264887063655,46.44597514216961,42.79144794008242,21.683893203311474,19.02969866017849,16.860220859951035,8.520458408523364,2.299702174615347,43.18269967125969,20.96813991235888,18.41965473728387,15.9675013969546,8.570742195042207,2.2964788588461293
many_moving,488,9148,112.47540983606558,46.09743185184545,3200,39.34426229508197,46.40010927083351,42.82664379712037,21.66439788131598,18.99585203493376,16.881824018320867,8.524325572332101,2.311781900450317,43.12880247448535,20.96147516845992,18.438935359359643,16.036347387650558,8.695785295592993,2.4026318782231195
many_moving,489,9156,112.34355828220859,46.069648559149734,3207,39.349693251533736,46.41056929741212,42.82031355691369,21.58789711007467,18.957983777436105,16.856976060895104,8.564530268905752,2.3300284673771685,43.143325908627425,20.95943164219529,18.437558182588987,16.040660310950507,8.735401340649346,2.311233304075765
many_moving,490,9184,112.45714285714286,46.039576500534544,3215,39.36734693877551,46.427193185025004,42.774144101941246,21.558816724061955,18.941368082951335,16.860106420896784,8.522578483440185,2.3046231301885176,43.160728316257554,20.977181223064566,18.45840239683286,16.008516770989782,8.663141974124061,2.3012553971313254
many_moving,491,9192,112.32586558044807,46.055593684868136,3226,39.42158859470469,46.43882750992481,42.80499070483591,21.60214640064448,18.997902357399113,16.794550011949354,8.541751225623504,2.3292350865956473,43.14332325789279,20.95076769064711,18.38398023374554,16.007997467560223,8.593302636842356,2.297531790367752
many_moving,492,9220,112.43902439024392,46.01885545678975,3233,39.426829268292686,46.4451386131832,42.75762531450129,21.663170362984076,19.042332179822644,16.779417467786686,8.566058546878129,2.354102377802548,43.131551340563604,20.956957518401158,18.385259354837444,16.038084739031035,8.610515580804119,2.300396311413112
many_moving,493,9228,112.30831643002028,45.99345339133508,3241,39.44421906693712,46.41124289607664,42.72516920654776,21.693041720593925,19.104780426058742,16.818808879602013,8.603343956811518,2.344076655097117,43.07732363300475,20.969411882003442,18.43395413525456,16.074281498273958,8.604947579592263,2.291413105128091
many_moving,494,9255,112.40890688259111,46.00913728444937,3249,39.46153846153846,46.400434470704035,42.735624834019646,21.67340126065143,19.104037560076883,16.830506221662283,8.581210934665123,2.349845344368717,43.06430262462648,20.938262344782487,18.418033399331044,16.079656652853572,8.57309787553323,2.339157444018699
many_moving,495,9263,112.27878787878787,46.03046168252391,3249,39.381818181818176,46.394000149365546,42.77350211593705,21.740977214547797,19.14158259656485,16.831682522785382,8.52268884521028,2.340232481264922,43.055451938502095,20.918600656290717,18.402731472660154,16.064568345383766,8.526094878543734,2.343261515362208
many_moving,496,9291,112.39112903225805,46.062252925701806,3251,39.32661290322581,46.373113558678874,42.80558650672545,21.743986606809802,19.090607507227276,16.839902444693237,8.622110944003932,2.335237013659441,43.03217979447315,20.908910799547716,18.40109253361039,16.0594651598591,8.470025908300146,2.345214295043264
many_moving,497,9299,112.26156941649899,46.0627601949491,3253,39.271629778672036,46.36861590356967,42.80464656203115,21.677806513526043,19.04511474124042,16.80298284344164,8.527588779682372,2.3340001918030113,43.02421772141968,20.91225730705214,18.41307112833925,16.05658665942769,8.424424475050866,2.3479893653520483
many_moving,498,9327,112.37349397590361,46.05183208523467,3253,39.192771084337345,46.36313878177147,42.800755314512934,21.679399898430702,19.075200179379593,16.784552337519575,8.496971977854635,2.3569094468185954,43.01512306491422,20.91196799841456,18.412153551332032,16.041151612561936,8.381984607293306,2.347973247987579
many_moving,499,9335,112.24448897795591,46.042028706290616,3253,39.11422845691383,46.35316478289055,42.77086780163902,21.615874145658285,19.000063887091716,16.81014780778541,8.397116439663797,2.3367551957009036,42.99997676474418,20.914380388139865,18.420874577118486,16.040553438302556,8.35021694036581,2.352438280029925
many_moving,500,9361,112.332,46.03659672693832,3256,39.072,46.32797970215219,42.75406382991004,21.65367606914041,19.009933649293185,16.82725816141883,8.490333439969199,2.34577573373852,42.933433090256095,21.01510679915719,18.5283155511232,16.044760288774608,8.447029550721203,2.4014109867629587
many_moving,501,9365,112.1556886227545,46.062604209045645,3260,39.041916167664674,46.32651169097503,42.77407673044901,21.6564348521461,19.014781784669292,16.8301161595409,8.55881900346397,2.3347912460908358,42.94557133044761,21.020752135662832,18.52702849822324,16.04210019351262,8.456837461539047,2.3644980599846805
many_moving,502,9393,112.26693227091633,46.06546282509273,3265,39.023904382470114,46.322975617127696,42.805648488140775,21.61682849385669,19.00828560837337,16.82214968285283,8.523226272692114,2.3192912873873093,42.95470613350416,20.932848061106245,18.467093964922388,16.03537428174227,8.342230853737167,2.3587752580276575
many_moving,503,9399,112.11530815109344,46.00632806476914,3269,38.99403578528827,46.30800323906867,42.74168025282084,21.646421501498757,19.033545655424568,16.84163334081998,8.578935458314282,2.319047029451879,42.9297607494254,20.989874983351786,18.51577812413942,16.04591194882967,8.393087197728887,2.3672726748000885
many_moving,504,9426,112.21428571428571,45.994297121413595,3273,38.964285714285715,46.29469961092427,42.718350684911385,21.63765996913043,19.01830112128897,16.84201134234848,8.573723162995615,2.3264352911274235,42.90669463199428,21.030891822987535,18.55873704959119,16.05069891074415,8.436230216640013,2.369340532594239
many_moving,505,9432,112.06336633663368,46.001957279713366,3277,38.934653465346535,46.29283788905186,42.722028178997654,21.59849426893382,18.960812614570862,16.827335003779673,8.510080557174303,2.341978976217145,42.90351073417598,20.975551487658393,18.528382886886305,16.047388468584067,8.302202219637518,2.361456298767149
many_moving,506,9459,112.16205533596838,46.01177348141402,3283,38.92885375494071,46.284335228137174,42.76204011460998,21.583664022317226,18.96632594543526,16.80755155516311,8.462701978236534,2.3409088146132824,42.890702908719135,20.99714259465757,18.552510751482032,16.05346425701453,8.307824551816324,2.371711541883484
many_moving,507,9467,112.0355029585799,46.01624670168829,3285,38.875739644970416,46.26925163060725,42.749214923241524,21.673082927876344,19.029604557258796,16.869384064125967,8.612503604798386,2.323584143549513,42.872828731985294,21.016658286831966,18.575208446967178,16.06472342739298,8.298249759082111,2.3717797124341797
many_moving,508,9495,112.14566929133858,46.01887043164578,3286,38.811023622047244,46.2578057809944,42.73414863786856,21.690622511635144,19.05490532395483,16.908099108984917,8.56800350456901,2.308486929329555,42.85801314204726,21.02974110780111,18.593191125570122,16.07143808669111,8.284528371982878,2.3748930890922457
many_moving,509,9502,112.00785854616898,46.01352856798176,3289,38.77013752455796,46.250575994288866,42.72438031838418,21.687790549989078,19.03514969115217,16.892159061295235,8.55902516488634,2.319369010004896,42.857485615696326,21.012778111866517,18.57433330940977,16.068781653510065,8.321561877296954,2.376066694074604
many_moving,510,9528,112.09411764705882,46.05603033327595,3289,38.69411764705882,46.23956721771286,42.77403459017373,21.74408432452138,19.073216064617807,16.855340102115537,8.72087488437134,2.356546157878456,42.849557367975194,21.00239556174767,18.566869132675492,16.067917565875224,8.340214288788657,2.375994054471196
many_moving,511,9535,111.9569471624266,46.068054360512924,3291,38.641878669275926,46.234687776350995,42.8092703823264,21.729171869080993,19.088214542371027,16.822514740769456,8.603919585355584,2.343140834811491,42.845092240038916,20.996431798728935,18.56542450198402,16.06529075152916,8.357196800554007,2.379214387294714
many_moving,512,9564,112.078125,46.050977134395566,3293,38.58984375,46.266309566389275,42.78854617624055,21.777412706305636,19.123129492928804,16.823198829651492,8.616104528882538,2.3406551577983814,42.88947649076488,20.988186396515502,18.525085270906505,16.02949672885652,8.290154781458913,2.383866484673678
many_moving,513,9570,111.92982456140349,46.0451150967187,3293,38.514619883040936,46.281596404297524,42.81525187110234,21.72111710985957,19.06341588335637,16.796330382322004,8.613848008746174,2.3408356353924855,42.91188299979315,20.98494001303243,18.508893367214974,16.022186374512547,8.297804462029223,2.3834520150220833
many_moving,514,9598,112.03891050583657,46.030821663171096,3293,38.43968871595331,46.29304237444018,42.804720661867904,21.623036273629204,18.963909856863467,16.80126777082201,8.51508545997686,2.311958662001989,42.92917266960591,20.981585906304066,18.494575313212607,16.019302951949125,8.307169637967704,2.380632329504033
many_moving,515,9606,111.91456310679611,46.026444302125974,3293,38.36504854368932,46.302779413179266,42.77360482168713,21.70101867387028,19.039395700231662,16.847443653552777,8.625487390517165,2.353626491150696,42.943974867074246,20.97846552230039,18.481702610835605,16.018158888947692,8.31866193392366,2.377619477881893
many_moving,516,9633,112.01162790697674,46.04985875434589,3293,38.29069767441861,46.311574637375045,42.798364437285386,21.743206596134243,19.075623613452258,16.847739074372136,8.782156464379513,2.3480352594887552,42.95726454337309,20.975704133437024,18.470211118230463,16.01772786651788,8.330751282928665,2.3746320379604122
many_moving,517,9641,111.88781431334623,46.062970008032146,3294,38.228239845261115,46.319693488644454,42.813774153735395,21.71137087061997,19.05737513678557,16.851458719167997,8.70029411646052,2.323478764968222,42.969413657500795,20.973307529324742,18.46003584709147,16.017599312343883,8.342842083023445,2.371771406217866
many_moving,518,9668,111.98455598455598,46.07741525195002,3294,38.15444015444015,46.32722217948306,42.81601287388908,21.76745713268635,19.112723179186094,16.851863950625177,8.67500780508242,2.3185247352591936,42.98057436239534,20.97123476703953,18.451074799433393,16.017601286695484,8.354656328559297,2.3690816457591044
many_moving,519,9675,111.84971098265895,46.07091710976992,3297,38.115606936416185,46.37869149465354,42.79141643719002,21.682706068902867,19.014134300743674,16.82730072535645,8.535818413570766,2.320560378178998,43.0326719311245,20.958023995999056,18.41724862319618,16.002176201025915,8.33030968658023,2.384545881781325
many_moving,520,9702,111.94615384615386,46.031019048276605,3302,38.1,46.40634035537058,42.77306872238607,21.741263193426306,19.071166218503958,16.811547721530562,8.61245998625019,2.32234295695179,43.067547455855696,20.941548821373484,18.373995012122712,15.977638857372254,8.468316521106482,2.3830488607813667
many_moving,521,9708,111.8003838771593,46.039205431752364,3310,38.119001919385795,46.39953166419111,42.7890370994696,21.756518190811327,19.05184316057629,16.78737561335077,8.601986128086061,2.339698156270108,43.053243297997426,20.943376909204897,18.40571845918232,16.000658623426244,8.451430959519861,2.3665863150989304
many_moving,522,9737,111.91954022988507,46.06368934113606,3316,38.11494252873564,46.37275291131886,42.8140562473536,21.731380722035446,19.030400781340997,16.77457960537443,8.52177701998509,2.3310838434956573,43.02972991420002,20.91572205200945,18.364618004210236,15.996752650129237,8.396298691988507,2.36141958059374
many_moving,523,9745,111.79732313575526,46.08391608016687,3321,38.09942638623327,46.34420612219704,42.856098850035025,21.799956806897928,19.130386602102828,16.816318954806583,8.748350238889797,2.3375907975785966,43.00510733211918,20.902592411784504,18.3457228688805,16.00086708568854,8.34962100210701,2.351606469503248
many_moving,524,9771,111.88167938931299,46.07467196638484,3329,38.11832061068702,46.378564463775355,42.82925888447619,21.84082782567245,19.196339929484047,16.85650054994878,8.798808134970033,2.326040088557493,43.042267889503,20.875354039969352,18.31783773916545,15.978109560163544,8.404801171507764,2.3594896242981394
many_moving,525,9778,111.74857142857142,46.051438324974,3334,38.10285714285714,46.402755433245915,42.81906942471339,21.759496495950344,19.126004130677682,16.806350157354682,8.690634525325388,2.3260264791323126,43.06776217980333,20.89606164465232,18.339648432548714,15.97531379611785,8.434346797196268,2.330018581037918
many_moving,526,9805,111.84410646387832,46.034376110096645,3337,38.064638783269956,46.38660365934434,42.79031871151467,21.717632888087184,19.07949278782946,16.796478667728223,8.567350085671446,2.3315625943970697,43.04806826966903,20.88304963993905,18.348640268207607,15.980428894106819,8.456869789390849,2.341523347697654
many_moving,527,9812,111.71157495256168,46.04056068654366,3339,38.01518026565465,46.38904175381086,42.78657818068295,21.705831680009084,19.063788753067836,16.792028967798572,8.587213372779615,2.3336614549470394,43.04863592329725,20.87914780453448,18.351302383178666,15.986818072787843,8.479285310937332,2.337861390089717
many_moving,528,9839,111.80681818181817,46.039781211179985,3339,37.94318181818181,46.39265098056965,42.77978233095108,21.7409658375372,19.110531782838756,16.78839703006719,8.5965642395382,2.3421089466845193,43.05093267327028,20.877509315063115,18.353203989647984,15.987470046003816,8.472333480741245,2.3378540910400365
many_moving,529,9846,111.67485822306239,46.03793564890469,3339,37.87145557655955,46.394996347288476,42.76632393670514,21.742914105943424,19.065522857363227,16.817109796500173,8.612973953706637,2.3125591703004074,43.05214942022633,20.876791141001053,18.35575566718391,15.98690966260767,8.473041508979202,2.338431441403204
many_moving,530,9873,111.7698113207547,46.0359449818215,3339,37.8,46.39607616436638,42.78343694912532,21.692431597502978,19.039144803401136,16.814346001337924,8.493213619146879,2.3144041107414193,43.05224970958092,20.87634696439306,18.3583619387578,15.985954318542177,8.472041613183164,2.3391792839923395
many_moving,531,9880,111.63841807909606,45.997606634516224,3339,37.728813559322035,46.39618669039276,42.7377018978011,21.680352383502985,19.048719479539102,16.83380453949339,8.530025299366763,2.316887048928418,43.05150799964024,20.875957371581435,18.360801098106393,15.984925320901036,8.470189091026413,2.3399672756096734
many_moving,532,9908,111.74436090225562,45.95691180776016,3340,37.669172932330824,46.39562077760863,42.68999906937021,21.707294678066482,19.076457542216392,16.85017846741975,8.580891152280591,2.3276076171419606,43.050199979912534,20.875548005505685,18.363005832347056,15.98394135689933,8.467893915814956,2.340739030177989
many_moving,533,9916,111.62476547842402,45.938439038167104,3340,37.5984990619137,46.394608721995745,42.637203617558846,21.77572573732878,19.12380180748567,16.86735773224381,8.534745375984526,2.335008303870917,43.048541165568125,20.875098529724315,18.36497241957347,15.983038123994598,8.465379513669117,2.3414716068847423
many_moving,534,9941,111.69662921348315,45.92335178782133,3340,37.52808988764045,46.39331830081737,42.64954136837422,21.782379980077987,19.16156785295593,16.85525766971776,8.428537776279175,2.333454339186695,43.04668647456093,20.87460885861084,18.36672081679213,15.98221830727725,8.462777694920558,2.3421572048941464
many_moving,535,9948,111.56635514018691,45.931209149606524,3340,37.45794392523365,46.39186738655526,42.66009297959313,21.743938544882308,19.10597213819214,16.851057027456143,8.5281302011881,2.3455548747533457,43.04474271699683,20.874085702801757,18.36827737048781,15.9814727164859,8.460169389248195,2.3427947808483953
many_moving,536,9976,111.67164179104478,45.93935169192591,3343,37.42164179104478,46.39763836908888,42.689405148710186,21.671967745453376,19.043732265946225,16.842702570784972,8.471064886352217,2.3478759799238125,43.07104551053241,20.882615124198384,18.388751816433135,15.966976198391887,8.482981811600451,2.348763964241101
many_moving,537,9985,111.56424581005588,45.96782179660404,3344,37.36312849162011,46.399330441723336,42.709436427718046,21.641016205016697,19.013072007260792,16.84458425977974,8.388540999127654,2.320082240092549,43.08383037120596,20.891443689614576,18.404063179122552,15.959495576223274,8.500138276783606,2.350486446865466
many_moving,538,10013,111.66914498141263,45.969115802036754,3345,37.30483271375465,46.39959715791174,42.708430212789395,21.6961904502068,19.049083420582594,16.843472330534865,8.50717492146724,2.340432087295082,43.09016489483918,20.89827851621927,18.41468986908587,15.955187780288998,8.511136400091512,2.351029718057942
many_moving,539,10021,111.55102040816328,46.057943171202105,3348,37.26901669758813,46.41558483505909,42.813999051098094,21.714906275360256,19.054911184113514,16.80654586012131,8.433335857502428,2.3210001136989176,43.10068563156962,20.90187574901914,18.423054814912376,15.944357273007105,8.564261685976696,2.363177532423659
many_moving,540,10048,111.64444444444445,46.07906629719489,3349,37.21111111111111,46.418473645448664,42.85389872025398,21.78742064692426,19.13453921680381,16.79184503261086,8.52572249310007,2.325799080517123,43.10291773852898,20.90141361623155,18.425975237538665,15.93943275805433,8.595674377981899,2.3638878185599244
many_moving,541,10054,111.50462107208871,46.05063124093226,3350,37.15341959334565,46.43283202069895,42.798977283811176,21.762452736422162,19.116851265411924,16.795429995776,8.488321741068653,2.3138613077076275,43.12364951775486,20.896832414576497,18.406018677001924,15.92709428146924,8.603152654192693,2.3626333531955273
many_moving,542,10082,111.6088560885609,46.00652541925179,3352,37.1070110701107,46.434738811857834,42.74157762128594,21.752251062304257,19.088826926581298,16.80551325555758,8.541283739317432,2.3256241147148233,43.12994406273736,20.893442290727737,18.39835941889519,15.914300098198861,8.609314607151068,2.366096954578035
many_moving,543,10088,111.46961325966849,45.97818107598764,3352,37.038674033149164,46.435186180349085,42.69301906358598,21.746509877930173,19.138932194474865,16.837666789189555,8.426093989622249,2.308735545119674,43.13390402359731,20.891582915980877,18.39594015719475,15.912419742317823,8.630799645596152,2.3664181805883886
many_moving,544,10115,111.5625,45.98513622148073,3352,36.970588235294116,46.43709686686938,42.70567189260796,21.7201474680548,19.13517477001403,16.82627874781939,8.451764296602578,2.33860913861195,43.13924718053059,20.889560695856726,18.391210966675242,15.911255415962957,8.643105423610654,2.3646120829376227
many_moving,545,10122,111.4348623853211,45.96555180571636,3352,36.902752293577976,46.43965078114149,42.66864755836467,21.66037294127659,19.044615963299982,16.822591750637407,8.428199413946846,2.3417654514592585,43.144873691119756,20.887891709089526,18.386498426280657,15.91081499721795,8.653688644596611,2.362669968312352
many_moving,546,10150,111.53846153846155,45.993420188737446,3354,36.857142857142854,46.47290706082064,42.72236948816224,21.66727213517371,19.05487623694496,16.790327772778223,8.497551114882167,2.3524113438808962,43.17813593062495,20.89259919518151,18.392108547171507,15.898322786549944,8.696134585564298,2.3538132599486543
many_moving,547,10159,111.43327239488116,45.98866233486725,3359,36.84460694698354,46.42989718050786,42.72533752459393,21.703986374647247,19.112301063064745,16.785696844869808,8.494439627304889,2.343860396478406,43.14137683514742,20.88426003656937,18.382815252355645,15.913145842060393,8.640266480362747,2.3527953336063883
many_moving,548,10187,111.53649635036497,45.96362333334139,3363,36.82116788321168,46.428562139373106,42.68814927771279,21.668341452825526,19.07536086017775,16.801584622972598,8.357901349882914,2.3386873436839086,43.14220918765903,20.881347129125654,18.374708297921426,15.919551393499491,8.670446008594308,2.3571129614260533
many_moving,549,10194,111.40983606557377,45.98361602710411,3367,36.79781420765027,46.39509300962223,42.72236720289476,21.698548947648842,19.10194293156048,16.794071850505585,8.533413332924937,2.3565194428521643,43.113261960928554,20.8683168994669,18.370468554475714,15.918881791030001,8.566685428130654,2.3494576775719307
many_moving,550,10222,111.51272727272729,45.953734452601545,3371,36.77454545454546,46.395190858250075,42.690089380076095,21.68152822562018,19.097029655574897,16.80896389404574,8.486021483646894,2.3561792994807025,43.114544505819644,20.88235497812941,18.388193075806367,15.931149050238474,8.552366963086172,2.349561697369212
many_moving,551,10229,111.38656987295825,45.96962184026092,3378,36.78402903811252,46.39709644539187,42.72786381692471,21.74233993260025,19.168018883886493,16.802627293408875,8.5741381787643,2.362003746070997,43.09240423730783,20.82054197650106,18.310188556180318,15.933582243235428,8.497310960708162,2.343171990292355
many_moving,552,10258,111.5,45.99922353384568,3383,36.77173913043479,46.39052255321887,42.74557049678588,21.808183008436863,19.21788370656247,16.80987068186741,8.672999175194555,2.366339770017705,43.0715512847365,20.802284928621365,18.299386268824467,15.949613954680013,8.399009229398887,2.3360337355011462
many_moving,553,10266,111.38517179023508,46.00251015239653,3386,36.7377938517179,46.416278473213524,42.75220930617166,21.71123967479095,19.14728771697804,16.802222957795728,8.63580172213874,2.3474603922725437,43.08753000716959,20.78173627565695,18.276131649837478,15.948513741041957,8.477398852479123,2.343749826500454
many_moving,554,10294,111.48736462093865,45.987419510407136,3389,36.70397111913358,46.424445735423724,42.742813744928064,21.741772850100713,19.152593344024588,16.80931514126366,8.787563494156764,2.3565095968703025,43.08004378278655,20.801346154541566,18.267136692913624,15.971923543931785,8.50574555795939,2.3368614011484556
many_moving,555,10300,111.35135135135135,45.98501368367566,3390,36.648648648648646,46.38907933556284,42.75225228094595,21.717653145232887,19.132158650726595,16.81626846125794,8.750500005487583,2.333298591454949,43.03961872854609,20.812731355795567,18.269272166783715,16.00113540735101,8.421678856389075,2.3328495557427313
many_moving,556,10327,111.44244604316546,46.01220320576287,3391,36.593525179856115,46.347596232491355,42.75089217213539,21.6638159331457,19.071810464900423,16.827246161500586,8.618304995499352,2.334388303665896,42.988944609045625,20.822313299045785,18.291509188487375,16.03330488738161,8.385034338474291,2.334859241308204
many_moving,557,10334,111.31777378815082,45.98434553988966,3392,36.53859964093357,46.32048262862422,42.698857458712574,21.709889511707875,19.087685004766808,16.813106247047063,8.580020198518234,2.3205161060455293,42.956857820156074,20.825332322248368,18.29844451899229,16.046657129455753,8.337358058413663,2.338923144579621
many_moving,558,10362,111.41935483870968,45.97766334976792,3392,36.47311827956989,46.30184277680599,42.70335464510939,21.725059823098753,19.109308211185393,16.786507027009037,8.529131715225466,2.343686656885175,42.935136108480016,20.825939744903287,18.300468639324812,16.054193852830224,8.313645654231559,2.3411719605542625
many_moving,559,10369,111.29516994633275,46.068454301106286,3392,36.40787119856887,46.288305658589344,42.82842640609488,21.743131067361844,19.124286090706757,16.74298383545119,8.599797284712583,2.3661616794537523,42.9194997632439,20.82559764439066,18.301084513186833,16.058772732421794,8.295757678308842,2.34276283796304
many_moving,560,10397,111.39642857142857,46.13241922915525,3394,36.36428571428571,46.278648509537256,42.89341884848434,21.765736214209287,19.137336615203218,16.727235927247115,8.696590322391636,2.346396746513837,42.90814089032125,20.825472897532823,18.301683507060986,16.061735467646585,8.282409610221041,2.31463892592017
many_moving,561,10405,111.28342245989305,46.10591130398754,3397,36.331550802139034,46.273055848103084,42.88239638736719,21.68271101089015,19.066558205933763,16.732894933850357,8.635116027634576,2.3331105642212764,42.901781111678645,20.824598478478784,18.29976390089673,16.071126387277918,8.28586729825889,2.3440076933699547
many_moving,562,10434,111.3950177935943,46.07021265504991,3405,36.35231316725979,46.24369569875838,42.83038785877375,21.628240543722264,18.9998311982571,16.754668630628895,8.595541836397487,2.3342177545732845,42.87457738238008,20.80201854902763,18.26887352315972,16.097534902537298,8.315137748889224,2.40541553324352
many_moving,563,10440,111.26110124333925,46.03376661300256,3412,36.36234458259325,46.24587071128686,42.75133513550386,21.65887902897024,19.027041149734707,16.794732630190712,8.543812657750298,2.3310708992188363,42.875891139574726,20.81204767259916,18.28829759633416,16.0832726210261,8.300378546658564,2.336235818922992
many_moving,564,10468,111.36170212765957,46.06775452968485,3419,36.37234042553191,46.25555035864231,42.783635630555366,21.682252579883915,19.058304608507814,16.784179524808387,8.509276447655857,2.339949947182809,42.88588048639973,20.818174905000156,18.296333338683816,16.091547716987453,8.266661048440884,2.3372182685667817
many_moving,565,10475,111.23893805309736,46.0054306551569,3425,36.3716814159292,46.22542975731826,42.73586599217903,21.65572470818364,19.069751921000567,16.806021267242095,8.430275657884827,2.341535730066161,42.85612006642804,20.79181874570363,18.263924636155362,16.08973272710999,8.263240914052153,2.342482065542961
many_moving,566,10503,111.33922261484098,45.99221565502918,3434,36.40282685512367,46.23189913965212,42.74120586464083,21.652835114075067,19.06551218334428,16.803433059026993,8.580220876521674,2.351063864579321,42.89116719305974,20.82020690675603,18.311115868702814,16.065557277828535,8.309482931922275,2.3427341217239603
many_moving,567,10512,111.23809523809526,46.02345732958075,3439,36.39153439153439,46.23337505494244,42.77875588412511,21.71467245607343,19.109208903849584,16.80249855468282,8.652729997597454,2.34833982048194,42.90881704101758,20.84764216011471,18.34786241536792,16.066817830536607,8.348968968582252,2.342484073686599
many_moving,568,10538,111.3169014084507,46.04821876052789,3443,36.36971830985915,46.24142481209756,42.79736774909366,21.703485737400108,19.07062179698827,16.81264185127703,8.605609491062234,2.3534195861397675,42.92604038440566,20.870388591957255,18.370913360222453,16.064576975028537,8.326307988303196,2.339901478535235
many_moving,569,10545,111.195079086116,46.06168018941452,3445,36.326889279437616,46.25425458835467,42.80408928813012,21.730601056094606,19.05816383276936,16.803957153679285,8.552763496371025,2.356173768259167,42.949184747270984,20.87477576514922,18.379238272430218,16.066493013469238,8.32774016092727,2.3354393720760283
many_moving,570,10572,111.28421052631579,46.054193184739546,3446,36.27368421052632,46.26166869896739,42.81567071565183,21.710511162883833,19.04404925106902,16.791944156649688,8.553187897205179,2.3489925165186105,42.96185053823911,20.87793567421395,18.38589103542228,16.06615875077154,8.331230397735478,2.335674148960062
many_moving,571,10579,111.16287215411559,46.069986731357865,3446,36.21015761821366,46.29177499791365,42.84529961335902,21.711866655312853,19.076365598433394,16.811567391406477,8.653263680629458,2.3319687752759206,42.994079544832246,20.898363870845476,18.4128432901767,16.06780928323775,8.364378495007266,2.332115557691952
many_moving,572,10608,111.27272727272727,46.085068280448596,3447,36.15734265734265,46.30845447058454,42.825229865223704,21.744086098078913,19.093023501096102,16.838342643081027,8.727622564418859,2.323088324943633,43.01150144241033,20.909890505492342,18.428114201641403,16.06886007389866,8.36911500732134,2.333718010910916
many_moving,573,10616,111.16230366492145,46.04871984840804,3447,36.09424083769633,46.31788063451669,42.80935515564393,21.72640122350186,19.07872668925647,16.818375196440556,8.666629525005222,2.3358250043414848,43.0209636810961,20.916569437658893,18.43710400442219,16.069405891085236,8.372373775278142,2.3346288891309808
many_moving,574,10644,111.26132404181186,46.027328171476576,3447,36.03135888501742,46.32329113878029,42.78430635280767,21.706007763715085,19.03490818120596,16.816947013400622,8.719257019083491,2.332150300709012,43.02604138347228,20.920573041113897,18.44266334973859,16.069535768756506,8.374058753913626,2.335239847292855
many_moving,575,10652,111.15130434782608,45.992545560179614,3447,35.968695652173906,46.32643329313317,42.75249739318787,21.701530144549583,19.088984690055952,16.83252535647641,8.567312640445984,2.3295619118379887,43.02866218032186,20.923069892188657,18.44629721166573,16.069363771802244,8.37452064667329,2.335724650355204
many_moving,576,10680,111.25,45.97375462374651,3449,35.927083333333336,46.36024528461858,42.723353577812496,21.690168980397985,19.06642662722924,16.842535496098275,8.549439541302464,2.3435947304368834,43.05956628617236,20.93009497091474,18.457119674866515,16.055566880891345,8.40568420599396,2.332113275808265
many_moving,577,10689,111.15077989601387,45.99723678029588,3454,35.91681109185441,46.36729643997125,42.7446564316387,21.70952752900575,19.080426669224853,16.854734358882336,8.62734740166513,2.334413396913756,43.06530297345286,20.926186774499826,18.448314613058773,16.043144275227327,8.405240800698738,2.336462744764736
many_moving,578,10717,111.2491349480969,46.04274364825754,3458,35.8961937716263,46.41522375896713,42.77204272317712,21.6713255671368,19.01949157482457,16.85902591985051,8.645444589096572,2.336647262267702,43.10776160154559,20.93123342957716,18.457696042464896,16.03456917187705,8.567038805310759,2.3522291784259055
many_moving,579,10723,111.11917098445595,46.0559410657831,3461,35.865284974093264,46.44356342931493,42.7990130218032,21.775857424897882,19.103401294393407,16.80384976893439,8.57007237623866,2.336501838227478,43.13446876902077,20.942564286831885,18.471616467545488,16.029741911899837,8.576484806217163,2.3444447512248683
many_moving,580,10750,111.20689655172414,46.056115086860146,3464,35.83448275862069,46.459397365414894,42.82292759103238,21.7150301377656,19.03891387318211,16.770498666391223,8.527126787199325,2.3468989332908854,43.1496541332541,20.93714103358476,18.452664185617547,16.000733086426788,8.51523318346766,2.336877694846292
many_moving,581,10758,111.09810671256453,46.016621162510226,3472,35.855421686746986,46.4472548816388,42.741124126552734,21.677949498201315,19.03948105944725,16.831783666982183,8.515886652677288,2.3438329785068133,43.160326152169034,20.940782308611183,18.50063099426207,16.000113492663026,8.450376101144167,2.3386061937517515
many_moving,582,10786,111.19587628865979,45.94397697377589,3477,35.84536082474227,46.42129954674972,42.66513233325703,21.670641364549606,19.071539803021818,16.867791774370897,8.44609170119728,2.3252299530861213,43.147485036072126,20.917871721817573,18.499910782797407,15.983073228248259,8.470746656228492,2.3696240312669214
many_moving,583,10789,111.0360205831904,45.91445330156673,3481,35.82504288164666,46.45197680204435,42.61485305206624,21.663351656139543,19.065668042483185,16.860545150457504,8.349198173173011,2.341528437862021,43.184276694817484,20.92305415002859,18.498436509624455,15.96021981270428,8.518700647972839,2.372872566636987
many_moving,584,10817,111.13356164383563,45.89243670508977,3483,35.78424657534247,46.44524712195953,42.607246810930285,21.676404662079577,19.075341132623144,16.844444928430093,8.41498233093801,2.3520108589065467,43.18761387120585,20.90643927511254,18.474373867318025,15.949657231347498,8.610423665429595,2.3767625177909406
many_moving,585,10824,111.01538461538462,45.93408919467463,3484,35.733333333333334,46.40283321022553,42.66493210133102,21.62229411446217,19.04310915122365,16.832199322234242,8.330203766006953,2.343142358398931,43.15501637969829,20.897152016253912,18.462478472722548,15.959811238318137,8.553257219837892,2.362933481350682
many_moving,586,10851,111.10238907849828,45.94544794177714,3484,35.672354948805456,46.40585489451593,42.67025531181223,21.599682084251725,19.009744395704566,16.835917790454786,8.382955401302915,2.3369984948402895,43.17414177471244,20.884691614728425,18.418149538317564,15.952352757951505,8.50235464840009,2.356607118173779
many_moving,587,10860,111.00511073253833,45.965436554692644,3485,35.62180579216354,46.40799443183051,42.68031444353851,21.61589453758945,19.041161727298373,16.845783223152594,8.417455850907254,2.3466802804767726,43.18585726477584,20.878998145394423,18.39722856197185,15.958909815100153,8.498452447019647,2.3483769760958157
many_moving,588,10888,111.10204081632652,45.97381346908841,3485,35.56122448979592,46.41139844968696,42.6750706350657,21.680819438422205,19.09634742263834,16.852946891976064,8.451614780930083,2.3541526714920256,43.1956069476364,20.87649937455709,18.386588943674184,15.968196110378084,8.510588868700875,2.34232333966459
many_moving,589,10895,110.98471986417657,45.9495502085609,3485,35.50084889643463,46.41613685580604,42.6573702446536,21.68916612774683,19.062775577068585,16.82528072823075,8.483070491041689,2.3616200501898716,43.20484505317203,20.87569671370146,18.38094790171756,15.977109131140326,8.527854336278157,2.3375564819919825
many_moving,590,10922,111.07118644067796,45.93351512110266,3485,35.440677966101696,46.42174275968395,42.65024353669617,21.647767048248145,19.013158708608138,16.80683708235049,8.466537987209435,2.3539240969258715,43.2137560589808,20.875841284903895,18.377971759586792,15.984757970557373,8.545873363490012,2.333675753996737
many_moving,591,10930,110.96446700507614,45.996533375780785,3485,35.380710659898476,46.42774332246462,42.739559477947196,21.697854798240844,19.103173855125526,16.771953426962664,8.499431991767697,2.356842346644743,43.22221849025744,20.876511382356593,18.376499247186565,15.991014222137379,8.56288767380692,2.3304715724125
many_moving,592,10958,111.0608108108108,45.969423491818795,3489,35.361486486486484,46.405674722652755,42.699705782901304,21.69714670884279,19.113464269352335,16.792724585946345,8.4993772105057,2.351378281741103,43.20404911231923,20.854039414226207,18.342728412695898,16.01555029846767,8.591980914016734,2.3967993385160744
many_moving,593,10966,110.95446880269814,45.94159254300539,3493,35.34232715008432,46.39348024132019,42.65993519747766,21.73951828435265,19.144293012291264,16.83345773957887,8.572801528432269,2.3612419381525362,43.19212951325602,20.83532321569682,18.30903762642392,16.028892987643776,8.631761512818166,2.395679419519093
many_moving,594,10993,111.04040404040403,45.9254595159958,3497,35.32323232323232,46.40836378222543,42.64084168000867,21.740882208111106,19.153217023062005,16.851827112251716,8.549217834679439,2.3618843900698825,43.20942585713312,20.85015899747118,18.337041163416767,16.018735121552627,8.625817420949835,2.3054495700608384
many_moving,595,11000,110.92436974789916,45.959269566220165,3501,35.30420168067227,46.41457516770892,42.66170944284857,21.680701634007598,19.060550156872633,16.84790664899595,8.426622679062346,2.342047406129427,43.2167920316049,20.84928651746632,18.337258121181115,16.015209898385987,8.63827819482664,2.314104001610954
many_moving,596,11028,111.02013422818791,46.039324094343925,3509,35.3255033557047,46.42739425172512,42.77572986076624,21.74636061689255,19.11347256857392,16.800952812688358,8.533197684745156,2.3646564573245787,43.20567765441385,20.897126397292766,18.354243689754572,16.054234377288886,8.686929477370986,2.303357118062422
many_moving,597,11035,110.90452261306534,46.032198862761604,3515,35.32663316582915,46.413479423291825,42.79731575491137,21.73998550031933,19.092917772922153,16.77641102175825,8.725694795093451,2.364754186459141,43.169317324540074,20.950675473162157,18.38848253968535,16.083770338277194,8.76662665147674,2.292057191302451
many_moving,598,11063,111,45.97910825319482,3520,35.31772575250836,46.40221401755567,42.71888604491217,21.71853604523197,19.062331461455923,16.809827289327437,8.577100920391178,2.334602580567175,43.13274716204659,20.987036329035295,18.38098456779855,16.075052492296127,8.753118795986037,2.3013662147731564
many_moving,599,11071,110.89482470784641,45.93900035413256,3526,35.31886477462438,46.39379329568988,42.676261280218405,21.823278442260477,19.175034825089234,16.82540219535318,8.627319843693227,2.3425919997281808,43.10515765445419,21.028972243409214,18.41571589722756,16.05990067801963,8.678699580487592,2.2915153393521424
many_moving,600,11098,110.97999999999999,45.919182070955536,3527,35.269999999999996,46.402888105262235,42.675593690770675,21.73569812884636,19.094451274965337,16.830733464484414,8.542651825659302,2.3466534627714783,43.09689955939548,21.04542019560662,18.410850163176463,16.046974281884317,8.712200869515133,2.2968926058146386