Scenario,Time,Baseline_Tx,Baseline_TxPerNodePerMin,Baseline_RMSE,ETM_Tx,ETM_TxPerNodePerMin,ETM_RMSE,Baseline_MAE,Baseline_RMSE_Aligned,Baseline_MAE_Aligned,Baseline_PairwiseDist_MAE,Baseline_RangeResidual_MAE,Baseline_AngleResidual_MAE,ETM_MAE,ETM_RMSE_Aligned,ETM_MAE_Aligned,ETM_PairwiseDist_MAE,ETM_RangeResidual_MAE,ETM_AngleResidual_MAE
none_moving,0,0,,36.82155104595928,0,,36.82155104595928,33.64586534768495,18.187917130173428,17.241615522676813,24.44493498974518,NaN,NaN,33.64586534768495,18.187917130173428,17.241615522676813,24.44493498974518,NaN,NaN
none_moving,1,0,0,36.82155104595928,31,186,36.75406385080542,33.64586534768495,18.187917130173428,17.241615522676813,24.44493498974518,NaN,NaN,33.55158639476218,18.091224801205648,17.15372249717398,24.036834712796082,10.146656736580765,1.769344715232941
none_moving,2,33,99,36.75726682082423,78,234,36.712688977461106,33.56768877702444,18.12433383124457,17.178802671505697,24.046089286457896,10.170787200005966,1.8597851462545703,33.470344969523836,18.05200613609413,17.166007189886656,23.688852657136763,10.023687861904552,2.1612030092540304
none_moving,3,45,90,36.703472142456654,123,246,36.707265830919404,33.466851559761935,18.090030622038196,17.201587461850067,23.70522647375516,9.97325788942923,2.148140021607709,33.438403858897786,17.996003359919413,17.167691112776772,23.241808824094708,9.583594212446831,2.2508901928287206
none_moving,4,79,118.5,36.687310363759764,169,253.49999999999997,36.71301634547582,33.424465543778524,18.026844693886083,17.194412785605408,23.255308093697387,9.56516258480418,2.240696720697559,33.418857614727855,17.935569149357114,17.161536254987254,22.768628404935644,9.115534693227213,2.2899770360272287
none_moving,5,92,110.39999999999999,36.68671414157112,216,259.20000000000005,36.738824492627046,33.39923998854073,17.93721333054442,17.16080342016438,22.76312496755163,9.101136590443668,2.2886848947824947,33.42120757261893,17.864271255051,17.143172623529647,22.274449802679648,8.665073096126907,2.3142653013292684
none_moving,6,126,125.99999999999999,36.694774184154,262,262,36.75153804331138,33.38753505420972,17.868728197522966,17.149159829050042,22.27584032861944,8.65679570027805,2.3380618299704805,33.408849586450586,17.834356045312987,17.165813226036924,21.83744174672808,8.255253574390787,2.3353970561802435
none_moving,7,138,118.28571428571429,36.75963010196675,304,260.57142857142856,36.80571177583397,33.4220172307704,17.820656790802747,17.154815141808793,21.81134771584831,8.170537149498582,2.3449889580151426,33.438128806276374,17.806610783011667,17.189670236435866,21.358089038334995,7.797779910334519,2.308630673649417
none_moving,8,172,129,36.812435075288725,311,233.25,36.89064060788204,33.46690372795312,17.819070310029748,17.206844652376574,21.345923929079888,7.7422109038504185,2.3193756870252007,33.488849695160546,17.773230847501747,17.18741081938661,20.88078076721721,7.2756436384506875,2.2831812477279105
none_moving,9,185,123.33333333333334,36.86167000662939,311,207.33333333333334,36.94430621258253,33.49885684131566,17.7907285964167,17.22706758577807,20.85369541910171,7.241105382797398,2.318422842913938,33.51893025384746,17.767722277920004,17.209682990144827,20.412977275641953,6.8700718268355905,2.2704388236864594
none_moving,10,217,130.20000000000002,36.98114289171869,311,186.60000000000002,37.00148370580431,33.58887504043791,17.77295817503149,17.235245253544324,20.38750398492571,6.846220212950153,2.313920419105529,33.55575218721874,17.771240669941708,17.23184546583274,19.943001487425512,6.467755289643004,2.2662137262765363
none_moving,11,229,124.9090909090909,37.0584539824543,311,169.63636363636365,37.0634610042804,33.63427868552491,17.76875180004786,17.242258060490435,19.904592917042667,6.482494566604624,2.2893566677032076,33.59944837510672,17.78162223245442,17.25210616854457,19.46480037485243,6.0562011218482175,2.2664044156181444
none_moving,12,262,131,37.07031666711079,311,155.5,37.13219982186967,33.63802232215861,17.782041167435413,17.286870128469154,19.418870870753615,6.0391971329324035,2.3008954756367785,33.65125004701131,17.797224967405807,17.268977534170766,18.989319997998436,5.689922072660922,2.268445558041944
none_moving,13,274,126.46153846153845,37.194451268131765,311,143.53846153846155,37.20842139157042,33.73624826407949,17.76411180399974,17.260431344623434,18.92606211913471,5.6111922185917065,2.3030558675679482,33.71150969149199,17.81760508239825,17.28229756302574,18.508732250699026,5.328620412816086,2.2736028467849385
none_moving,14,307,131.57142857142856,37.26175241559945,311,133.28571428571428,37.2923365482278,33.785931706381284,17.746877098319672,17.2652513698966,18.41610638228592,5.192139683428043,2.2803324857065093,33.78023399846358,17.842744256855667,17.292302642439903,18.019845589467085,4.960482834516542,2.2810969291062793
none_moving,15,319,127.6,37.34779846639727,311,124.4,37.38402587897268,33.87142957672647,17.800421044844285,17.302119065913537,17.96841507819337,4.929246292547153,2.284937766152601,33.85736652745025,17.872744523281412,17.29919804719776,17.525520245438162,4.587406668826664,2.2904638771374772
none_moving,16,351,131.625,37.40201455132739,311,116.625,37.491245115266985,33.95627209811142,17.869353588375937,17.37503171843903,17.53892777718382,4.652279279131228,2.2913625697479496,33.95187938880444,17.90012315779393,17.29454490374848,17.038107455235146,4.217240946712064,2.2987758065743527
none_moving,17,365,128.8235294117647,37.56268388409062,311,109.76470588235294,37.62232096689148,34.076218469159116,17.88093390559728,17.336449475204304,17.0653473206097,4.303428290289447,2.304445788057842,34.07368727759781,17.913793019381394,17.269938916160918,16.597872826965503,3.8950491247950736,2.303741117076215
none_moving,18,396,132,37.68289338907688,311,103.66666666666667,37.77200700442285,34.18388125166539,17.912766772822618,17.31815435442742,16.65139822979256,3.995443590198119,2.3170678555165503,34.21677200480888,17.914090115401,17.231155218177413,16.177858143483295,3.6181287490151743,2.3088161351080236
none_moving,19,409,129.1578947368421,37.82149663518492,311,98.21052631578948,37.93374545891771,34.316924454260324,17.920222251437334,17.300735935063024,16.25087667837519,3.710280939335646,2.331590564978892,34.373843378115346,17.90652766585928,17.184262754482713,15.797694494111072,3.3443349427373996,2.3147042665765794
none_moving,20,442,132.60000000000002,37.97941740914867,311,93.30000000000001,38.1035460723196,34.48105670239987,17.908931374086084,17.257472007550465,15.858426700801518,3.423992813143232,2.3180403822468354,34.54039693879268,17.89451643928828,17.13240694783331,15.438414885984319,3.0752417403027517,2.3215369533715737
none_moving,21,456,130.2857142857143,38.155657422308295,313,89.42857142857143,38.27887019627122,34.62959294008402,17.833014303238453,17.17625968166778,15.548976768223373,3.1361798865851704,2.329308496539486,34.713536365538786,17.880157824156612,17.077184553025727,15.086614294876535,2.8115242498116273,2.329179933424317
none_moving,22,489,133.36363636363637,38.283100399144445,321,87.54545454545456,38.516618155558014,34.75986894234945,17.83010165712322,17.153007050112784,15.21103186162915,2.959669572797545,2.3393547501581553,34.96202576361678,17.82959340855688,17.00415538812114,14.760196223794706,2.544129084393926,2.3363904081496933
none_moving,23,502,130.95652173913044,38.50478081976408,321,83.73913043478261,38.6879483023552,34.99267403425655,17.73347593951581,17.02157907486113,14.952450610037216,2.864391692266783,2.3496314606931525,35.1510782711004,17.829732456683598,16.98455321728874,14.439609569630628,2.3569807384922576,2.3408956185642604
none_moving,24,536,134,38.68534819289615,321,80.25,38.88278239379971,35.18010703277435,17.723259245058006,16.960117275990925,14.663794322648867,2.6588455148487573,2.3613029237233722,35.35608095706329,17.812579416746917,16.925621915447312,14.129067873174886,2.1104525056196755,2.3507742676007672
none_moving,25,548,131.51999999999998,38.859443054096346,321,77.04,39.07133468123911,35.35805189269323,17.705380589351442,16.92047635885276,14.33072505884329,2.329946520934096,2.3621977713712927,35.552016911447126,17.800372439721606,16.86721108719008,13.856066631574729,1.9621861076597722,2.3595805537401024
none_moving,26,582,134.30769230769232,39.030188636518915,321,74.07692307692308,39.2602616822911,35.52383341325611,17.74815021945136,16.884506796222823,14.069430881454846,2.1904664540550476,2.363783306044575,35.7462008608128,17.78907745873749,16.805274419674422,13.601952333947384,1.8726257043774637,2.368747168855323
none_moving,27,596,132.44444444444446,39.20497305765326,321,71.33333333333333,39.44806845538159,35.68043676782662,17.735711528059696,16.831724932791772,13.859871573254246,2.1725979514104004,2.364938735292093,35.9380012207601,17.779541948017346,16.74184767438799,13.388210267072804,1.7901232583743831,2.3767172000770698
none_moving,28,628,134.57142857142856,39.33276971512857,323,69.21428571428571,39.689449224732094,35.79278461347264,17.672096001378375,16.78515572791686,13.659430766782037,2.053005728972988,2.371276866457032,36.1716363808466,17.72774070426844,16.641544917421058,13.188529724964415,1.730242713917281,2.3867833041453475
none_moving,29,642,132.82758620689657,39.51343250959261,339,70.13793103448276,39.69802990649844,36.00603635764131,17.691369958350254,16.719995164330253,13.498039385638695,2.049644112494939,2.36569460742067,36.20971638027011,17.848102907331988,16.65886342532834,13.058661304112452,1.8322484133981927,2.3653571491385668
none_moving,30,675,135,39.68528937155133,355,71,39.84497402646543,36.171110565849524,17.68564489604955,16.663043296336703,13.323458462834752,2.017743463801639,2.3879004490576845,36.36949278977876,17.843648094121484,16.676033191730795,12.974324184193543,1.8632797764831526,2.4150657850351274
none_moving,31,687,132.96774193548387,39.801828616196005,371,71.80645161290322,40.094326504231645,36.286984920003434,17.76601706625554,16.667825735515017,13.179998820918808,2.2243550670172985,2.408308794215345,36.59433805919538,17.83206693241674,16.599011138219502,12.828422790459667,1.9364449074075922,2.436459313133242
none_moving,32,721,135.1875,40.01604133917215,385,72.1875,40.16379691897345,36.48573847377292,17.80707317118936,16.636914462864297,13.047804846105423,2.1422247950123605,2.399643964384105,36.651629561173614,17.878912529610233,16.668780327826973,12.796479275803971,2.1454745298493774,2.4018005649950074
none_moving,33,733,133.27272727272725,40.22120133963098,401,72.9090909090909,40.3685282886361,36.6909845459218,17.85010165459985,16.66431826304277,12.964233795374746,2.1140163417659976,2.414277294916115,36.83304817727513,17.8625985082408,16.597436399676845,12.687849764975324,2.198807938212142,2.4433384430841807
none_moving,34,764,134.82352941176472,40.445105638389684,415,73.23529411764706,40.48706895471708,36.881905965306416,17.779963191941327,16.57581041169613,12.880298143954482,2.264367049616431,2.4307041613259535,36.92539626211408,17.90026736629286,16.601220698241786,12.640526000586819,2.351365369227959,2.4348141510183425
none_moving,35,777,133.2,40.55454658841003,427,73.2,40.71270572815978,36.980164093965186,17.75351564138513,16.57731622451108,12.82837935559596,2.4034466678945483,2.4232225200087747,37.127589207004085,17.868558998495082,16.512655171644592,12.568075071629952,2.4729604694147658,2.4436950409929175
none_moving,36,810,135,40.67049626914571,428,71.33333333333333,40.917747341174056,37.06970950464187,17.778215919152125,16.593735985513128,12.793935183174934,2.484847904171506,2.4254168304847608,37.32089539053483,17.834268432373555,16.46567283056907,12.509253747013645,2.5278324968341175,2.449282479623444
none_moving,37,823,133.45945945945945,40.78362273644348,434,70.37837837837837,41.09017834651242,37.161134119503366,17.817240270122493,16.54575850201823,12.722352377253555,2.64573178698809,2.441702094468329,37.459009395006646,17.835519284319595,16.449667742299223,12.470601989337943,2.7171143999900083,2.4566671544218557
none_moving,38,856,135.1578947368421,40.91837814363827,434,68.52631578947368,41.18863315629351,37.29468183935134,17.806918421953345,16.489101731838538,12.63190560345538,2.743311596688494,2.446768377840379,37.511964928550086,17.894841661438278,16.48182433505023,12.437805694839618,2.7866913660889847,2.459692684733644
none_moving,39,870,133.84615384615384,41.00412672856366,434,66.76923076923076,41.308593378694276,37.36057461611661,17.880427007336145,16.477508975279843,12.533044699130054,2.8893578908940065,2.457107686765915,37.599247395315516,17.945721846446997,16.486534365396192,12.378637820543036,2.8926799294422247,2.4639200159783803
none_moving,40,903,135.45000000000002,41.0818284550546,434,65.10000000000001,41.44086394306347,37.399897024594985,17.84338073589213,16.438023372026002,12.489948035224247,2.968208055693037,2.4549739221141063,37.70385168739952,17.983425887969933,16.4693501879727,12.3041493888121,2.990068564789012,2.4725921188430346
none_moving,41,914,133.7560975609756,41.25484936178741,434,63.512195121951216,41.56901563073765,37.53322854143542,17.7813226167077,16.359348831147834,12.342927260851992,3.0232900904430156,2.4714582642452427,37.80682768178414,18.021009958533632,16.44937474727314,12.226599906788124,3.0887422772375186,2.4807337276556614
none_moving,42,947,135.2857142857143,41.3851627215305,434,62,41.6935871896228,37.670655733394476,17.78180085508304,16.324860182813744,12.205949534652273,3.03836190482687,2.464791896848047,37.908104016512176,18.058135928699993,16.427552329735796,12.158840219893388,3.1889200258867154,2.488993818558749
none_moving,43,961,134.09302325581393,41.495412499977846,436,60.83720930232558,41.80353120257776,37.78746963495142,17.818151760752237,16.276195684064906,12.118340906130033,2.840417191896204,2.475724849986314,37.97135327264009,18.07111538039837,16.385139527003325,12.095050119484599,3.359746934767627,2.5098254482324625
none_moving,44,995,135.6818181818182,41.55181514447935,440,60.00000000000001,41.925246565256,37.83729770451833,17.959794274317044,16.332502263875895,12.047295417563053,2.894505747010247,2.5008656928652613,38.075989535721945,18.083358602492616,16.314374254815785,12.003657017852081,3.5914451839453116,2.500944372693867
none_moving,45,1008,134.4,41.61465811977678,444,59.199999999999996,42.01927275047507,37.856007374448254,18.068506210100665,16.39512779897648,12.027708523486597,3.2241670998023024,2.4832005071895664,38.1279025458809,18.12767332965158,16.34757972102222,11.978128035768226,3.7010576985154864,2.5043112298870795
none_moving,46,1039,135.52173913043478,41.71051557745967,448,58.43478260869564,42.13969732032397,37.91029083621272,18.1311657936681,16.45794455517717,11.986128832341624,3.391647620941188,2.495322996082441,38.24715902222522,18.158598447088064,16.40265369739175,11.877619468571071,3.882759888631892,2.514595392500543
none_moving,47,1051,134.17021276595744,41.86340561223937,452,57.70212765957447,42.248002457456096,38.03067438023179,18.15703305576887,16.42897879417565,11.878406280587193,3.4085522551331664,2.5187938030929167,38.35245531964037,18.189654574487278,16.46205116939415,11.790047001204634,4.038295368174065,2.5265572022903133
none_moving,48,1084,135.5,41.937580864600754,456,57,42.347548919194715,38.12271260848665,18.288420227677427,16.548351717557328,11.798262677032604,3.596056792153952,2.526314120179444,38.44251906462522,18.25917559754063,16.590765091389223,11.734873131361692,4.122423473068463,2.5274277441212063
none_moving,49,1096,134.20408163265304,42.120607935510364,461,56.44897959183674,42.449378617792284,38.283479667991124,18.32964267638462,16.596677821383913,11.796090168019381,3.797290147283441,2.552195716895566,38.54590086206539,18.31871760336229,16.699512868898157,11.655100183004915,4.188757220841813,2.542238460185763
none_moving,50,1129,135.48,42.15794111090169,465,55.8,42.44865730819852,38.27793597402837,18.31344188284819,16.64759734226007,11.788328380671762,3.9856907372982247,2.5356451750709765,38.54800960045296,18.42585769374948,16.866310957660076,11.660002167838863,4.357000432477094,2.5441442473440037
none_moving,51,1143,134.47058823529412,42.24190569315225,466,54.82352941176471,42.46646088800676,38.35866168165346,18.31172463863293,16.690187959621632,11.695999541757033,4.06264487749884,2.544661149641196,38.56035618429593,18.52025781556637,17.013154997312416,11.676737717222593,4.4961652503084695,2.5573544709408806
none_moving,52,1176,135.69230769230768,42.4039391722274,471,54.34615384615385,42.506983220709024,38.474857261743225,18.31095513874703,16.718664782129718,11.634040385322475,4.117584931175316,2.5453818028126407,38.58196564735115,18.508162867412445,17.053517830088012,11.67317977039524,4.63191706719727,2.5695891227372747
none_moving,53,1189,134.60377358490567,42.38508542854446,471,53.320754716981135,42.605814108353485,38.46900736168337,18.379451621834246,16.807508010169094,11.635261975414217,4.515158606104835,2.532994226695885,38.668067003281166,18.46592979444065,17.06322028200335,11.653844200090605,4.815499819943899,2.588276506728231
none_moving,54,1221,135.66666666666666,42.50334431799927,471,52.333333333333336,42.6722254024574,38.574204660832706,18.438827671207115,16.872191555926634,11.573512911612516,4.525201440929494,2.5646509890776663,38.71722401236235,18.478292447658752,17.120296830193166,11.647449255806254,4.939482254747397,2.5966534094469282
none_moving,55,1234,134.61818181818182,42.543503066166174,471,51.38181818181818,42.74013856562795,38.624078233472744,18.463153532365634,16.95269541316198,11.555849097168759,4.595855557788824,2.5674292761818536,38.77006986293129,18.50761214315219,17.191280909727936,11.64182109182897,5.063095209340213,2.605579781915321
none_moving,56,1267,135.75,42.64059895224826,471,50.464285714285715,42.806447298587905,38.69987111486383,18.573231063971836,17.099411213646487,11.586675320047402,4.6502881842210115,2.561355426117596,38.82203571408928,18.548596626305166,17.271727021560054,11.636892675996108,5.183000687573651,2.6141874256852042
none_moving,57,1280,134.73684210526315,42.676377246448205,471,49.578947368421055,42.870054068421794,38.6952381209169,18.693021401233057,17.231660776483743,11.62161684932441,4.686853117118887,2.5722068326151484,38.8719711103995,18.59760465238631,17.358481641965977,11.636680888776457,5.299477049252722,2.62262785799206
none_moving,58,1311,135.6206896551724,42.73979924922608,476,49.241379310344826,42.88179304355263,38.75128431472427,18.78556667432356,17.37539142504108,11.610467707879167,4.688007359066279,2.5904542916752744,38.870743177503435,18.69713312877709,17.489353269310634,11.666037269073978,5.454800997866847,2.62061021259105
none_moving,59,1320,134.23728813559322,42.75525461132965,493,50.13559322033898,42.99720384254202,38.780869144784006,18.760431303970627,17.40001941855921,11.602111131126954,4.754631427111232,2.5856927119360584,38.995552493132706,18.674341679864444,17.50319355261245,11.613772654449697,5.397040373205539,2.640621242035818
none_moving,60,1354,135.4,42.80655975229209,510,51,43.044305287724534,38.81169067220831,18.771854068953306,17.451562372404563,11.59062834177696,4.711181821815244,2.622456902364976,39.01820459279822,18.72273433587599,17.5934645383288,11.623179332818747,5.502209374403562,2.639434279794786
none_moving,61,1365,134.2622950819672,42.97556262534335,528,51.9344262295082,43.12311383775072,38.95764402314725,18.81009186507752,17.491893846578073,11.593009995755432,5.080229446785205,2.6270194026488634,39.118923602276496,18.73140267360392,17.634778101484116,11.608260461409401,5.565690441169693,2.6508682860517716
none_moving,62,1396,135.09677419354836,43.04648960305326,545,52.74193548387096,43.18052316430184,39.035249473166395,18.866558138323793,17.584423614835522,11.55178629342616,5.174333610244743,2.604092521832754,39.14920586026968,18.76051708876543,17.68540350119847,11.639563762046457,5.614817568577452,2.6441403756540547
none_moving,63,1410,134.28571428571428,43.15314496198875,559,53.238095238095234,43.168847746021925,39.127805490109004,18.90451891048347,17.66251824051054,11.525728927798427,5.28304047692661,2.6243435968190854,39.16288110831546,18.820380965022235,17.784176260698928,11.658214904770304,5.644852470643445,2.666571600273165
none_moving,64,1442,135.1875,43.25674456218816,577,54.09375,43.251262371276596,39.21473434239277,18.982267972616444,17.75952381408596,11.565812472086403,5.510273304243948,2.6501374605364134,39.21542072947016,18.899627196622124,17.86776863021799,11.724408881157268,5.573553154957403,2.68070469164253
none_moving,65,1453,134.12307692307695,43.183417490534076,591,54.55384615384616,43.241620392700966,39.13704574501884,19.074223287574654,17.900280354718525,11.640812948259573,5.6347753198999735,2.6347411149169027,39.17656422799239,19.020533429151257,18.00222809900017,11.798376117918156,5.826641132326837,2.6722127508554094
none_moving,66,1484,134.9090909090909,43.175090978832586,597,54.27272727272727,43.29081295647334,39.11438542326949,19.063797691054653,17.942543425856027,11.69933860731087,5.643018462646883,2.6446074461643945,39.21432153553593,19.07434229346043,18.07755453083856,11.823305877230755,5.811405440566635,2.6802950226131044
none_moving,67,1496,133.97014925373134,43.172373345557496,600,53.731343283582085,43.33844954494097,39.12824167595211,19.108134502379833,18.009063757862236,11.717024169209541,5.598882927202049,2.647385412861763,39.21952927037857,19.21607807289731,18.24548365643976,11.911277618075603,5.906555907880631,2.686301602466471
none_moving,68,1529,134.91176470588235,43.23013703661603,600,52.94117647058824,43.331497165669475,39.183631068923,19.1899608385404,18.106654158984696,11.767828209071443,5.629908661868515,2.6458194975605736,39.16640645758066,19.363857424970277,18.411684472246968,12.000836938967174,5.934629045290324,2.686301539272038
none_moving,69,1542,134.08695652173913,43.23680868379392,600,52.173913043478265,43.33852280926425,39.17345405254999,19.287407162658862,18.231169337977583,11.856197269834512,5.892524216904516,2.6802673517000772,39.15349062249743,19.46614060096918,18.53057071520282,12.061246973052347,5.986377949210543,2.6941902552074626
none_moving,70,1576,135.08571428571426,43.290917359265684,600,51.42857142857142,43.336944983051374,39.23125615671309,19.292776076131926,18.271510342536114,11.917131266516508,5.931112946954542,2.66040623261006,39.13909868392584,19.558393049109227,18.63723836720357,12.113820429573739,6.029700555195887,2.7011474702515126
none_moving,71,1589,134.2816901408451,43.20436733784953,600,50.70422535211267,43.33065409180179,39.18186883018838,19.320969050170937,18.31291877937446,11.911270129286818,5.928456275022363,2.654669835662265,39.1250368924522,19.64308419792732,18.73527440294325,12.161569367772294,6.072260980620267,2.7081797470138307
none_moving,72,1621,135.08333333333334,43.23450366818354,600,50,43.320904620460354,39.23071518210237,19.34401757280492,18.34842631189066,11.907648854846249,5.9657660676724555,2.696812741519401,39.11037539632617,19.72242913613607,18.826940659628708,12.205639453633227,6.112837006193937,2.715257761045477
none_moving,73,1632,134.13698630136986,43.16667177688969,600,49.31506849315069,43.31083129579173,39.16516494320853,19.44477035679225,18.481945561610676,11.975337814265368,5.995963641698277,2.70029646977662,39.097089641336666,19.79600493226096,18.910670667213523,12.249014070468904,6.150652681508917,2.721959533014672
none_moving,74,1663,134.83783783783784,43.175765315221945,604,48.97297297297297,43.208581229716394,39.17908517436488,19.487591975804808,18.53020815449284,12.031328264479832,6.089356505710802,2.709878072168531,39.03373564687773,19.853597952298994,18.978978684720634,12.262698244946675,6.093122845422411,2.7191865848739547
none_moving,75,1675,134,43.23917219161416,608,48.64,43.283222479156535,39.201701153551866,19.43259468224204,18.480640352413438,12.058690578714995,6.26623497745545,2.719466402570229,39.074753038286644,19.90443551446727,19.032423847508387,12.320292386529983,6.186598354495742,2.7351772420365834
none_moving,76,1709,134.92105263157896,43.37399558636616,611,48.236842105263165,43.295041415449916,39.304120800524466,19.534642336746558,18.62112406777083,12.113001391340358,6.288252303394278,2.705029595010287,39.07447267573852,19.971769695331098,19.105344833945274,12.365355018307365,6.2585902336203185,2.7320522646807524
none_moving,77,1721,134.1038961038961,43.48411282370859,615,47.92207792207792,43.325331882701455,39.41110295624675,19.63392879262243,18.755344183628587,12.208198577298246,6.387194574835618,2.7194018606760033,39.08836337604013,20.030199101624095,19.166278589315286,12.399108156606745,6.298460642645912,2.741916086693319
none_moving,78,1753,134.84615384615384,43.53340553591539,619,47.61538461538461,43.326371021713,39.4401599435312,19.667641987000227,18.815988153009833,12.258256879443156,6.487573470525251,2.7452800785679075,39.08851060189922,20.089749808930595,19.2264193232783,12.435335166245363,6.355939427574165,2.7383702221981254
none_moving,79,1766,134.126582278481,43.44995448439567,626,47.54430379746836,43.296997434462035,39.37917288154563,19.75828792958825,18.914248815746195,12.271856727555502,6.332778616503965,2.7364215303933306,39.071110826586775,20.137125088922417,19.276646369078314,12.45439319625998,6.389114100221579,2.7460499837513956
none_moving,80,1799,134.925,43.41014537113475,631,47.325,43.27833830740954,39.32207798949384,19.757465414146154,18.918917419599843,12.304039833844804,6.289006770175713,2.728955533358306,39.07765752410086,20.13735172997758,19.28009242429888,12.409605458740142,6.254009345334315,2.7473099566635826
none_moving,81,1812,134.2222222222222,43.34741197896702,633,46.888888888888886,43.276979087372,39.26305256984713,19.862299802194315,19.019189143516208,12.296711279815172,6.351609891407871,2.742155029339448,39.075377912706806,20.178087181938295,19.329695334014502,12.435368692994253,6.312565250772556,2.752477566861347
none_moving,82,1844,134.9268292682927,43.29298760487914,636,46.53658536585366,43.265116781082234,39.21565873221116,19.940304131518374,19.079585052660825,12.3483062840585,6.51728505828919,2.7228180410796887,39.08433089483184,20.17614111578613,17.575986511937394,12.451113364465641,6.327132517709221,2.754962105585828
none_moving,83,1857,134.24096385542168,43.32195577051087,636,45.975903614457835,43.31405159108646,39.27486382547312,19.914583166727397,19.075327212894543,12.323233903168289,6.544316982815806,2.7520319068726335,39.12728365989618,20.19193973196117,17.632456118386735,12.476955009971105,6.447159368227174,2.7586782506024927
none_moving,84,1889,134.92857142857144,43.386317673653316,636,45.42857142857143,43.317802584538974,39.34129519464996,19.871985141430258,19.027910436268645,12.308542880431137,6.516865002785321,2.7813362142878804,39.135509073777584,20.185777144935475,17.65664835192795,12.491256751765306,6.474228000670814,2.7598259578311892
none_moving,85,1903,134.3294117647059,43.28067213152764,636,44.89411764705882,43.31299906199702,39.25841437451183,19.970963962542687,19.132267668166822,12.391347526760324,6.639181288305617,2.7597187274796764,39.13528672432726,20.178043967759187,17.673503810418232,12.507060076685597,6.501367454503527,2.7614376774269376
none_moving,86,1937,135.13953488372093,43.23850845839289,639,44.581395348837205,43.31492909296538,39.187951233187604,20.0612040941073,17.573515313473237,12.462170486913116,6.627933242649386,2.7500494299707787,39.14659655447112,20.157051977512985,17.655384550832686,12.520770681353268,6.551948647163518,2.7833125799788387
none_moving,87,1950,134.48275862068965,43.27290741277404,645,44.48275862068966,43.305057124331796,39.18259889213624,20.14601225029961,17.62565784062631,12.485087977777214,6.811602307450927,2.7469427603161436,39.14531473365456,20.11768937875935,17.651573143459423,12.483469523422057,6.450320636622962,2.757529116661447
none_moving,88,1984,135.27272727272728,43.33503367050294,651,44.38636363636363,43.24190603644635,39.23187445544093,20.087640855063754,17.6058520516195,12.537430417445918,6.8594004373175235,2.741374805227656,39.068946028756265,20.12612632923648,17.660760138148582,12.52081697944517,6.47151775259672,2.745670566477984
none_moving,89,1995,134.4943820224719,43.332570892067714,657,44.29213483146067,43.258501178570405,39.25106579096554,19.983211694173633,17.446033203730458,12.558731991064583,6.694938507284858,2.7504536507111133,39.08542147480047,20.124637440456087,17.68378185309069,12.554533296614828,6.543213400391655,2.7618984277049146
none_moving,90,2028,135.20000000000002,43.30347507829356,663,44.199999999999996,43.2554290865865,39.26868858494422,19.961902931739772,17.46565649658,12.515030515038047,6.666705140807729,2.7689467751745336,39.07969357590137,20.13711540353536,17.70359819764579,12.5578258233688,6.4919337215078645,2.7658333748171366
none_moving,91,2041,134.57142857142858,43.31248045188732,668,44.043956043956044,43.28247693920642,39.266640174842635,19.998738524996753,17.577220172649906,12.475777510599984,6.696161956987287,2.7568031946509093,39.10635225368979,20.160713481501663,17.752239061580205,12.600500475080098,6.478364724381009,2.773651623810467
none_moving,92,2071,135.06521739130434,43.33497912919192,674,43.95652173913044,43.23625193773886,39.29215106047918,19.98183111601382,17.59823778166043,12.487288422810204,6.655691128879056,2.7820273853379254,39.061440196600905,20.162432500647284,17.7466384434929,12.697700183103784,6.716160368977157,2.760986573223956
none_moving,93,2084,134.4516129032258,43.30614318353005,676,43.61290322580645,43.23302352222794,39.24006104530911,20.017744785540323,17.614481351517174,12.575366738460424,6.832081240287018,2.760002098669477,39.061331198014315,20.133097606569212,17.747882846611663,12.652687830963295,6.6151902114559435,2.7664946752416832
none_moving,94,2116,135.06382978723403,43.294547864381286,678,43.27659574468085,43.23202371667171,39.21564545133629,20.054187866461223,17.685973501657074,12.567151752059603,6.811602598767356,2.760020380413475,39.06401653294602,20.127801119719336,17.747291971131357,12.666265666414201,6.64298976434896,2.7657855833462395
none_moving,95,2129,134.46315789473684,43.33284247548683,680,42.94736842105263,43.232149296991025,39.30726261377572,20.032826820117325,17.64511576363622,12.581715670101858,6.877009928052304,2.757630054408033,39.0805474582498,20.121271513107505,17.745395034328933,12.724026647100269,6.775485685393335,2.7597200829410364
none_moving,96,2162,135.12499999999997,43.31827667934521,682,42.625,43.22048268173219,39.295841865843386,19.993395812023735,17.609162318779305,12.628588401897733,6.949882786893135,2.7466845841813283,39.07533668510624,20.105276421067412,17.732301743313624,12.741335245557282,6.796187322480593,2.756691416349832
none_moving,97,2175,134.5360824742268,43.2948617314483,685,42.371134020618555,43.27814943445421,39.2690460377536,19.933038195498657,17.621855363246592,12.570981409592232,6.863876900284857,2.751689058646605,39.14633215105345,20.114162729051312,17.772323775777608,12.77679116689392,6.8517542836741585,2.7678265878446244
none_moving,98,2208,135.18367346938777,43.293251283103494,685,41.93877551020408,43.23241591158951,39.292477368329266,19.958198045012807,17.700502617115085,12.574820528027459,6.948630786359162,2.762531518179201,39.133569583951804,20.082960718142406,17.73017926100443,12.80645200917037,6.971575460730272,2.7603979811401826
none_moving,99,2221,134.60606060606062,43.30965903723155,685,41.515151515151516,43.242711771416396,39.342684867232165,19.913692462887443,17.647208233302443,12.636293592622255,6.948061441973958,2.757285069405396,39.15804473163907,20.070160393222707,17.725988464171706,12.817128498051735,7.003290310848056,2.761499153550425
none_moving,100,2254,135.24,43.27261424774917,685,41.1,43.25278635804277,39.32493264191078,19.897495273193147,17.61252284908446,12.654853419780759,7.017628659998148,2.763638510058372,39.17646400381015,20.06478156308184,17.728780682679137,12.82913135650415,7.037164211410059,2.7612376249924133
none_moving,101,2267,134.67326732673266,43.31147263490709,688,40.87128712871287,43.29125635686243,39.3168356961809,19.952923935124062,17.689223226382396,12.678047190764472,7.053977895851191,2.755938848860615,39.22220555308556,20.08123474983718,17.755644723698687,12.846038765536887,7.090239021159225,2.7729399736431355
none_moving,102,2299,135.23529411764707,43.334710388340746,695,40.88235294117647,43.28903338609407,39.344127007190366,19.925349616398634,17.72934539083522,12.68907977249235,7.090359228825018,2.7694883969590296,39.20301949721196,20.065593736431865,17.747824926428674,12.808228015526064,7.054330647622389,2.7719932119246584
none_moving,103,2308,134.4466019417476,43.21270734671563,701,40.83495145631068,43.23175471743382,39.254340256193885,19.850923190878447,17.631433452312613,12.677027547547956,7.106218046958814,2.786850176547427,39.18320286405748,19.991367647943992,17.658181286817985,12.771961279501859,7.060385849063308,2.764126948122981
none_moving,104,2339,134.94230769230768,43.21465774871848,708,40.84615384615384,43.19675821182511,39.26228496470762,19.841007289003,17.606997244334977,12.669790819584147,7.055074719832311,2.784605829388942,39.17461964356257,19.939053252535615,17.581586912135897,12.7734936763158,7.0768958111834435,2.7543561514932233
none_moving,105,2352,134.4,43.19222562830129,715,40.857142857142854,43.29886056732935,39.22621015205428,19.84735390058854,17.645552236302017,12.617529238393194,7.023265637631558,2.780762072753401,39.24937596986859,20.002115791840588,17.730637935068053,12.803021942018118,7.075602372771577,2.7535796754797546
none_moving,106,2384,134.9433962264151,43.17334071588554,722,40.86792452830189,43.266627816080806,39.201522955745276,19.813236161061674,17.609863969791622,12.606066615048432,6.9830879366663225,2.775579466513126,39.24868248039148,19.96479660246722,17.66816588069431,12.818672808662791,7.15616134584658,2.7615859198602593
none_moving,107,2398,134.46728971962617,43.160206858437384,729,40.8785046728972,43.287175014971936,39.225348243814615,19.84532974176323,17.577869294014572,12.654214399272622,7.031084522629949,2.765490737942548,39.256848379572375,20.003667366405537,17.732246361723043,12.844584884689628,7.076151357341311,2.7617168399609247
none_moving,108,2432,135.11111111111111,43.160625157232346,733,40.72222222222222,43.30208969533056,39.25589458806722,19.816693442158748,17.503506127192797,12.691207371470723,7.051345993486785,2.7506317900847823,39.29521956725263,19.955945227709137,17.66065807732899,12.793958032830107,7.067180838950027,2.788350007131579
none_moving,109,2445,134.58715596330276,43.148260813306386,735,40.45871559633027,43.30074263006415,39.20992547538343,19.763075785094003,17.515707921365735,12.712797923939505,6.9719947157773445,2.7584145242604525,39.30476522767036,19.94125369049557,17.64898535203046,12.792507040554865,7.076192835031544,2.7903989357715737
none_moving,110,2478,135.16363636363639,43.07959963526781,737,40.2,43.28410929162823,39.14983305129999,19.831496043056667,17.618658228767647,12.709853146518682,7.0148349474757135,2.7535379215271436,39.30580033990581,19.913189849762745,17.607626340804877,12.784073255564161,7.129322279336492,2.779455021129837
none_moving,111,2492,134.70270270270268,43.08765768683246,739,39.945945945945944,43.31724074469845,39.184148836383045,19.840044720161625,17.5615981480116,12.737869866153751,7.110257552820565,2.7385114749074506,39.353899906588914,19.90314423885098,17.595366163762034,12.772034228404657,7.148624009471326,2.779998747877059
none_moving,112,2526,135.32142857142856,43.0982786578398,741,39.69642857142857,43.316270296358134,39.214013469412755,19.804194640590474,17.50463363784197,12.718725878109295,7.086032325106944,2.7414481111856004,39.393895470741754,19.879569406688045,17.599770382494114,12.74776908793162,7.1939831421206275,2.774630500408041
none_moving,113,2540,134.86725663716814,43.10525145681397,741,39.34513274336283,43.31847318784475,39.18091754381674,19.835578338999532,17.6123789315988,12.705318563256991,7.006225779312129,2.749848073156022,39.420508488281214,19.870220844192627,17.606731844258253,12.733210570707874,7.204767996661344,2.773459152792466
none_moving,114,2573,135.42105263157896,43.04006486182541,741,39,43.317085210330625,39.1253397132306,19.762261906973105,17.507235157615092,12.716842737272726,6.982310842888288,2.737511932506734,39.43494948208557,19.864514333940736,17.60874183034458,12.725632078356366,7.214269712916807,2.772255202225925
none_moving,115,2586,134.9217391304348,43.086441976927865,741,38.66086956521739,43.31519408457851,39.14491002887492,19.79777458078767,17.551791127244453,12.801902130861635,7.028644625534038,2.7576078040542455,39.4438874527344,19.8611351072949,17.609015278974425,12.721762654440845,7.221017601710743,2.771438376118123
none_moving,116,2619,135.4655172413793,43.086791034157,743,38.43103448275862,43.36435680530531,39.165911036497604,19.764894218000475,17.529157725934834,12.793982321086368,7.0244818586391276,2.7698374243361554,39.494838523161384,19.90077714559338,17.646470063038613,12.6838949043487,7.116840557228735,2.7819629527207677
none_moving,117,2632,134.97435897435898,43.08439575252062,749,38.410256410256416,43.29155887032366,39.1543379637601,19.75253914539996,17.56757570239377,12.806483747909255,7.027756958831982,2.7390999738378032,39.43197694639529,19.85102138420531,17.588854965139426,12.701084766529675,7.1201921726755755,2.7622535087226296
none_moving,118,2664,135.45762711864407,43.133451062979326,756,38.440677966101696,43.30242293972378,39.223177140628785,19.774197490204866,17.663381500948073,12.804658117229367,7.0322326424807375,2.775553995819086,39.46753162251342,19.831760918670547,17.58467864987208,12.696546990945343,7.113320854543568,2.7727492027652816
none_moving,119,2677,134.97478991596637,43.08260786267872,763,38.470588235294116,43.305582937834814,39.23124428957693,19.69610170154126,17.589078437990146,12.71863817955807,6.997736437217746,2.7601329827656613,39.45893165911192,19.851934748328006,17.6275282357249,12.724554768790336,7.123274951134996,2.7780813162089237
none_moving,120,2711,135.55,43.04119421174619,769,38.45,43.2548795776549,39.19371368693762,19.73147157815685,17.543879665019418,12.706155335691175,7.03336039068166,2.738520634333576,39.42932980111269,19.80179583090194,17.561433338148387,12.691113817482528,7.139342933932487,2.750934480458338
none_moving,121,2724,135.07438016528926,43.00897175149928,775,38.429752066115704,43.25703340493188,39.17752639966811,19.67072084928343,17.396730963041538,12.70876989686561,7.020315438612429,2.750907701102839,39.44457317421411,19.81134778939025,17.536584195668333,12.72214806276116,7.23184564235405,2.75800580870597
none_moving,122,2757,135.59016393442624,43.022822449597705,783,38.50819672131148,43.278961986668186,39.18684158125561,19.67313058488689,17.43223159927158,12.694434643500994,6.917510460183624,2.758385550963246,39.46855772960042,19.80981877862052,17.55287669916192,12.702239719146373,7.161990230552632,2.7652756326655057
none_moving,123,2770,135.1219512195122,43.0413742275417,787,38.39024390243903,43.322426141205526,39.211129852938384,19.757133244950563,17.541652075948527,12.764999702898917,7.0616079798496285,2.7381022337746144,39.48286923226082,19.87939041286478,17.655520650494474,12.74361756222926,7.260529833656741,2.7758034072178845
none_moving,124,2804,135.6774193548387,43.01095764489994,788,38.12903225806451,43.32052624718061,39.17747684597568,19.777127356080832,17.52072244501228,12.7518061879037,7.0769524699946755,2.7457791379370873,39.481963399163924,19.88090694738266,17.66071229460605,12.755630993815213,7.292840009676707,2.771076480394416
none_moving,125,2818,135.264,43.027704806635036,790,37.919999999999995,43.305509744366745,39.24056371006956,19.72192422199155,17.427620793319633,12.697971939154094,6.995725140890967,2.7279908558384234,39.46946131852599,19.867643316556766,17.650906459853424,12.771709976078803,7.299669777516987,2.7426919432915007
none_moving,126,2851,135.76190476190476,43.06130426700855,792,37.714285714285715,43.314337111767905,39.26185683255422,19.661193165666468,17.311514644139656,12.668176299268161,6.8243028091887075,2.72944944767812,39.481579907260354,19.872060151203936,17.656003515721004,12.763383255502497,7.276874516393625,2.7441755836783477
none_moving,127,2862,135.21259842519683,43.07632365027966,794,37.51181102362205,43.33379410284564,39.22886803429295,19.78431987803663,17.493608971479713,12.702265980456655,6.873263610070111,2.75342541886283,39.49535868838657,19.927213430273028,17.688573286290413,12.77532827932354,7.335985786683058,2.741867452384009
none_moving,128,2895,135.703125,43.03951794092459,794,37.21875,43.3463949883138,39.1805606992793,19.776776256490056,17.508876990490595,12.762799326283616,6.945135650472465,2.7269230137756333,39.505777257763306,19.95680063832599,17.708136864736193,12.782206026662793,7.363552764437019,2.740522046619145
none_moving,129,2907,135.2093023255814,43.11495091854813,794,36.93023255813954,43.35067776603695,39.26658186131274,19.743538198742453,17.447136557832344,12.754796886696004,6.93406661144448,2.7408296127611655,39.51085284979666,19.970416402533022,17.71603475363607,12.787090535233736,7.382412718046112,2.739205987147873
none_moving,130,2940,135.6923076923077,43.110333349848986,794,36.64615384615385,43.35158409995659,39.27726544956444,19.754031736827084,17.43713463551691,12.736223817367634,6.945114773732896,2.7302083545728495,39.514116249938844,19.976466329812013,17.719091685648316,12.790162915198207,7.394067773412894,2.7382516029447284
none_moving,131,2954,135.29770992366412,43.09607635806134,794,36.36641221374047,43.34996823948526,39.215903364013236,19.826743817858272,17.569613759724486,12.721517831878659,6.820972452246433,2.736698632315288,39.51574973626805,19.978251278157163,17.71909791835831,12.7922782503079,7.402185921705173,2.737417990763937
none_moving,132,2987,135.77272727272725,43.09871871326292,794,36.09090909090909,43.34704459851383,39.20998657526351,19.910453685080675,17.674372616890025,12.762597472321591,7.0042522385348525,2.7328827504111586,39.516485780906365,19.977967324869397,17.717725409699245,12.79376607641508,7.407975805031091,2.736652596561073
none_moving,133,3000,135.33834586466165,43.03843653402086,794,35.819548872180455,43.34331478642711,39.16417376334556,19.904939210875977,17.62951127517514,12.75140791123976,7.114817186132501,2.758167409304131,39.51657587255785,19.97667309189387,17.715659397959648,12.794907831879977,7.412456997075038,2.7359581389230527
none_moving,134,3032,135.76119402985074,42.9764796939436,794,35.55223880597015,43.33916711584111,39.10167655555364,19.90575138153078,17.58213371622971,12.819396189789046,7.237162458138898,2.742263663342729,39.5162593866629,19.97499179614425,17.713346198711434,12.795851293272941,7.416118745969821,2.7353314329425715
none_moving,135,3046,135.3777777777778,43.029729122987504,794,35.28888888888889,43.334814897245685,39.14650303275873,19.889940360728815,17.62343386919295,12.747545399063638,7.149982911105565,2.7592566451124623,39.515670656803856,19.973245659448132,17.7109990875672,12.796693773838468,7.419281863074295,2.734758176188847
none_moving,136,3079,135.83823529411765,43.016821462363566,794,35.029411764705884,43.330400048780426,39.14890032564482,19.882540395007926,17.591549830611378,12.774824653860401,7.248428531298056,2.763805044500828,39.51490846048823,19.97161190958349,17.708738080849304,12.797490428397992,7.422122541638511,2.734230753040226
none_moving,137,3090,135.3284671532847,43.05431807942449,797,34.9051094890511,43.314992556428564,39.17934878487482,19.88639933833266,17.561611183948276,12.684878208968982,6.949560604761222,2.766245187757351,39.50428428794267,19.967712594983553,17.68758633042587,12.792232102854465,7.422562558343628,2.731223508330751
none_moving,138,3123,135.7826086956522,43.0094418346655,797,34.652173913043484,43.27927594199203,39.14676333357149,19.770633672354055,17.433414732571528,12.723784834274056,7.012184359018548,2.744776237628088,39.481001876688666,19.913145878221986,17.63998871405862,12.707448481208187,7.274626910792651,2.7282660561097223
none_moving,139,3135,135.32374100719423,43.071785337332926,798,34.44604316546762,43.24703895485826,39.176127698755074,19.794208880753477,17.495880833312807,12.763268478179569,6.783838436391169,2.752985843436263,39.452891335026735,19.895924285460055,17.620814321876207,12.68089155647949,7.206068507773423,2.7271342997775867
none_moving,140,3168,135.77142857142857,43.075076122787955,800,34.285714285714285,43.241288607683565,39.19870893821979,19.8037969484061,17.505167168687965,12.747478209232687,6.821183517547035,2.740116992039949,39.45323977706713,19.884502950932404,17.649310200370927,12.676826842872552,7.164540257731661,2.7261872684121102
none_moving,141,3181,135.36170212765958,43.060068126522786,802,34.12765957446808,43.18419707397566,39.22184380058954,19.833508981752665,17.583425980948213,12.738673358378449,6.905529754935598,2.753255952516492,39.393764326454175,19.87088576565335,17.650747203108775,12.69493460296629,7.159809451104327,2.7219795081616676
none_moving,142,3215,135.8450704225352,42.989562974818824,804,33.971830985915496,43.09128955475571,39.19154903302335,19.802297129218548,17.534756159227236,12.756176883935195,7.060546180238775,2.738425695917369,39.292896682667916,19.840709097702305,17.629825103568297,12.683667665126093,7.090136476037295,2.719648695997519
none_moving,143,3229,135.48251748251747,43.10439500192825,806,33.81818181818181,43.040836969724644,39.27667841552859,19.868475964952715,17.58148220389672,12.766279721695607,6.950436168993187,2.733167126209044,39.23871829244109,19.823386107020646,17.668680336089547,12.67456219562941,7.0069844243378006,2.707372757884735
none_moving,144,3262,135.91666666666666,43.09878475530057,812,33.833333333333336,42.92860818757091,39.26105040070038,19.913271694581336,17.641668612731813,12.79214019637369,7.067790972383619,2.75706283261659,39.13870608297161,19.8247810838252,17.601138811281544,12.706967675820275,7.059923283991628,2.721743754005595
none_moving,145,3274,135.4758620689655,43.066392227624014,819,33.889655172413796,42.94752260863381,39.19671772275019,19.90622791057457,17.610539093438504,12.819042771379221,6.938437982237285,2.7311015958716647,39.15503966569937,19.80412116125571,17.609678157863904,12.651284020233831,6.98926056665774,2.7150131937523727
none_moving,146,3308,135.94520547945208,43.0360639362961,826,33.945205479452056,42.94703312203962,39.169642002907494,19.87977984594041,17.547483721906538,12.827481332208388,6.996163780750398,2.7438550782786213,39.172101793708315,19.77843543891491,17.588924232423317,12.619765127935299,6.890279063218943,2.713119720905567
none_moving,147,3321,135.55102040816325,43.09740912725362,834,34.04081632653061,42.90165796113753,39.22811977259638,19.945141033533098,17.61552938741335,12.787268549419792,7.1018300104992305,2.752548762217319,39.11553973012606,19.79882664337431,17.56842023215496,12.666020866409763,7.113469889211929,2.714649840751191
none_moving,148,3353,135.93243243243242,43.122186949385856,848,34.37837837837838,42.90856988281547,39.26958239901547,19.91649847351288,17.57426215880832,12.781090121539782,7.148105917828395,2.744093354023702,39.102035801729826,19.85841436277726,17.65128804502701,12.684322197531184,6.948206977316098,2.7276297541966708
none_moving,149,3365,135.50335570469798,43.092787308028846,862,34.711409395973156,42.86098775373239,39.266129810936455,19.85787119609118,17.49764551376495,12.766448368628547,6.993810984415276,2.742574706165154,39.08799570764293,19.806754862809825,17.540128602982964,12.683794901269888,7.064665438823931,2.727861433590195
none_moving,150,3398,135.92000000000002,43.04691630139538,873,34.92,42.89211839286493,39.196486248825366,19.877369661725545,17.498529862367242,12.769168825813484,6.977301547679391,2.748485247665766,39.08167736631252,19.846622113734757,17.623247796975306,12.675644785640554,6.966698416223899,2.736888862597317
none_moving,151,3412,135.57615894039736,43.03523627144406,880,34.966887417218544,42.91673949165805,39.16325176411816,19.934968587822738,17.55346913768845,12.78711087783538,6.958303955144392,2.7315356539022053,39.1071809014815,19.882557445753374,17.639662567541865,12.73990281728701,7.141334596167168,2.7283077948059655
none_moving,152,3445,135.98684210526315,43.06469484912266,888,35.05263157894737,42.974507075317646,39.17087313066526,20.019606870480747,17.622717686004293,12.76154594621014,6.916809649641669,2.7493304869379096,39.156582195258565,19.917252517903982,17.70611172895989,12.724895241972982,7.066891723378244,2.737541714713072
none_moving,153,3458,135.60784313725492,43.119470674713035,892,34.98039215686275,42.98612694313416,39.22139124119978,20.052348721017864,17.677731902705354,12.82939011699844,7.085097531704444,2.7588029629312993,39.16984284221481,19.943580290515396,17.703524682393997,12.77684521420902,7.130578629732024,2.7264493684606093
none_moving,154,3489,135.93506493506493,43.123860466667075,897,34.94805194805195,42.96768358258611,39.23589321311922,20.098471599785665,17.718142071512602,12.873673525421568,7.377978242566234,2.7468090749239704,39.14724239112379,19.938275549337774,17.696228449639225,12.750499067604252,7.0692372140382105,2.7409688674391037
none_moving,155,3503,135.6,43.1658623500983,899,34.8,42.96794901927602,39.325527760432564,20.054120904221726,17.64665630104927,12.827868874494278,7.198464979640678,2.7472530278087666,39.1507049019729,19.94650148947629,17.70930489709485,12.777171087091507,7.135483933191638,2.741983130412591
none_moving,156,3536,136,43.24306006898349,901,34.65384615384615,42.955946740305436,39.41402239562754,20.021207454763317,17.62141050542812,12.825835354031149,7.10773028359868,2.727758984675922,39.1397204968372,19.943277656836376,17.71228564119807,12.79083753766248,7.149207505724158,2.7461428797254652
none_moving,157,3548,135.5923566878981,43.135599551824455,903,34.509554140127385,42.96359965829431,39.292215546159824,20.10803947242543,17.68844321017105,12.851008485126641,7.353967390988392,2.731481928726269,39.15798369968852,19.907973836384738,17.69793605452121,12.807217601016346,7.165399835526669,2.7545802963694177
none_moving,158,3580,135.9493670886076,43.165472020256026,903,34.291139240506325,42.96775737460825,39.31954965906489,20.119233967944687,17.74843941961782,12.84911396318906,7.238858823117283,2.7506217727499878,39.16847288679158,19.89034603687927,17.690402447885642,12.81450848449659,7.162646964802647,2.755358521505489
none_moving,159,3593,135.58490566037736,43.13884187027127,903,34.075471698113205,42.96779908622629,39.294573676228175,20.021718357421474,17.696611831348584,12.847520399816192,7.268589141359999,2.733173630346237,39.172238299812776,19.880849450914354,17.68619167610384,12.818443685880007,7.15882042427762,2.7556791598081496
none_moving,160,3624,135.9,43.156421472593294,903,33.862500000000004,42.965856616805915,39.286923060578644,20.01755494358004,17.69717924009821,12.81332709788027,7.1140329768259125,2.746591073203775,39.17246302340952,19.875693426710864,17.68437259160387,12.82064635160446,7.15440823175342,2.755865528984331
none_moving,161,3638,135.57763975155282,43.188873245775454,903,33.65217391304348,42.96276983851921,39.33019813058026,19.984197838400117,17.649994924361586,12.826544796236883,7.131448125168141,2.7494143951963923,39.17070669194492,19.8726871098712,17.68372335904774,12.821999017520369,7.15017632941111,2.755943005465567
none_moving,162,3670,135.92592592592592,43.18048402755692,903,33.44444444444444,42.959220355765034,39.326978822731874,19.938998496060915,17.54892048760296,12.862165647099802,7.177598742694407,2.7414308742893345,39.16803892563691,19.87081690929088,17.68370341376714,12.822883076295511,7.146262691754233,2.755969421356101
none_moving,163,3682,135.53374233128832,43.19686078891379,903,33.23926380368098,42.95556245771489,39.337430935779786,19.99536576172197,17.65001132796622,12.81263685080765,7.061184506072032,2.755702278192786,39.16502778788238,19.86955064874252,17.68398008851297,12.823512409147455,7.142760955141142,2.7559647708513686
none_moving,164,3714,135.8780487804878,43.18263631861688,904,33.07317073170732,42.95278590991022,39.32142787725432,20.02705063518858,17.704718649632035,12.78135239067278,6.998608349067573,2.7732184783557883,39.162678286099144,19.86969834300152,17.684022277301516,12.82257827050117,7.136618174989356,2.7535527831930056
none_moving,165,3726,135.4909090909091,43.070407032736924,904,32.872727272727275,42.93034003340347,39.23010352590877,19.986144250524706,17.631250594076693,12.790583016958506,7.05431477195995,2.736892017448604,39.153945022961764,19.860937419175862,17.641681408032788,12.818843687356322,7.17337741673496,2.748232372782366
none_moving,166,3758,135.83132530120483,42.965134824482774,904,32.674698795180724,42.92832237907619,39.12376690754819,19.947426308511893,17.555470827492762,12.810901114576968,7.063250999353982,2.729990099177674,39.154362515408195,19.86077324029642,17.636145238456024,12.81112733568627,7.148594309745787,2.747783235189891
none_moving,167,3769,135.4131736526946,42.97837139362204,905,32.51497005988024,42.94567893736105,39.165525780798475,19.956180256859547,17.51732573143578,12.778107260639606,6.980189989748404,2.7401869028110286,39.16956364726732,19.8761513166128,17.65141108418961,12.805465707828787,7.126233540438249,2.7514743824546772
none_moving,168,3802,135.78571428571428,43.02150777757058,906,32.357142857142854,42.950513714521286,39.1888232640401,20.01172521001114,17.541658663679705,12.83312065947808,7.08793224740852,2.7278847364771743,39.17397657531755,19.86134990344889,17.626527387155917,12.763466717782896,7.0670156315533195,2.7523599187637515
none_moving,169,3816,135.4792899408284,42.97588069508987,907,32.201183431952664,42.962721039751806,39.156146034064584,20.00845993683825,17.552606761738296,12.755426686964729,7.093227756860257,2.730517121051815,39.19041998183725,19.888767441262505,17.61803629358831,12.787446069731029,7.125859760886947,2.7443857664293674
none_moving,170,3849,135.8470588235294,43.03831805908078,909,32.082352941176474,42.97688972448625,39.24077220450486,20.037815653362973,17.673663891655213,12.724619978489818,7.042723041307797,2.7416420596494464,39.1975633960557,19.90384803394468,17.59155590248348,12.795046574293274,7.144199051244298,2.7445375174454094
none_moving,171,3861,135.47368421052633,43.06331273343036,911,31.96491228070175,43.02626979031998,39.2674422909956,20.02822852832745,17.680507035600247,12.812822385902832,7.191278653745848,2.7324350463405804,39.2404273040617,19.927313529353622,17.618784950866974,12.805844399589265,7.1774298082683226,2.7549194638709458
none_moving,172,3894,135.83720930232556,43.133025379034784,913,31.848837209302324,43.02091305552953,39.31873684870293,20.052434180715085,17.675524411893118,12.856796952785269,7.241000022308384,2.752022990156175,39.211153822481975,19.964046562142702,17.622651608730656,12.81211150388053,7.196193225975987,2.750338241302244
none_moving,173,3908,135.53757225433526,43.03282584127056,913,31.664739884393065,43.032974687108926,39.214084305733635,20.009785563717617,17.601808621781892,12.787175598437013,7.136257115001513,2.7576627114037815,39.20770581268074,19.995264721631074,17.63193103771878,12.813846038665773,7.210520629397325,2.7507833472044685
none_moving,174,3941,135.89655172413794,42.9054874588237,913,31.482758620689655,43.04757549740986,39.105885534527786,19.973799682946364,17.524096089743296,12.774166672651136,7.263712063189034,2.737834232837076,39.21227550917032,20.01933206947876,17.63825602666006,12.81584318247843,7.227320314184935,2.750920093319163
none_moving,175,3953,135.5314285714286,42.9822598364822,913,31.302857142857142,43.06469593263992,39.18451934821677,19.99428976611264,17.58447631646979,12.714318040090676,7.040769844584787,2.722305812844552,39.22216810921059,20.040439694797058,17.64502032133918,12.817402978241137,7.242074656195642,2.75134398526476
none_moving,176,3985,135.85227272727275,43.05501584884556,913,31.125,43.0818924143693,39.28114183992945,19.99990853718789,17.619832651474013,12.71754880281737,6.999689630773482,2.7367438115907055,39.23376942216582,20.059326449468937,17.651399085280183,12.818963893819681,7.255859511348391,2.7517724017242635
none_moving,177,3998,135.52542372881356,43.111493579679944,913,30.94915254237288,43.09867772315354,39.32981431351776,20.070608074130945,17.71290925142505,12.792263956104296,7.323998113504998,2.7418907176253198,39.245862739479264,20.076880261120596,17.657718988319974,12.820436977700592,7.268178111108351,2.7522361487667197
none_moving,178,4031,135.87640449438203,43.0913710673693,917,30.91011235955056,43.14769263442646,39.284321379496426,20.10471681618075,17.692270744953415,12.776603929619728,7.275928481208745,2.737783014138494,39.26955357369644,20.116200396796987,17.65696787653946,12.865951825502915,7.236186525261864,2.736438927484141
none_moving,179,4045,135.58659217877096,43.02443412208767,922,30.905027932960895,43.20278360063151,39.24126993033389,19.941523309519173,17.502191529895246,12.69443907595819,7.103029008614862,2.7463382967360492,39.31353269874997,20.1743096618235,17.65447233357138,12.898796644655919,7.2440771013915395,2.750621558377877
none_moving,180,4077,135.9,42.97889186348334,926,30.866666666666664,43.21970057798383,39.21214236076335,19.948680128241136,17.545409262403528,12.701068739876682,7.126317367685273,2.717736523610406,39.32502719566853,20.24677449588791,17.685774424269894,12.872315260811803,7.195313004221027,2.765957333149761
none_moving,181,4090,135.58011049723757,43.042788206172844,930,30.828729281767956,43.248632479776695,39.27661438860705,20.02932884390258,17.673075684430422,12.793372285269912,7.20197831496039,2.731512171417765,39.33932983335151,20.307138909652483,17.699416521478053,12.900124270865629,7.298353729564647,2.769697659986386
none_moving,182,4121,135.85714285714286,42.99230751394766,935,30.824175824175825,43.22637859505912,39.19873069188638,20.002356042502257,17.66353526256236,12.807892842539003,7.152090450391221,2.7119294972496784,39.30389764280308,20.369828248064522,17.728728798398073,12.916563464880332,7.257336620368757,2.7644671102636664
none_moving,183,4131,135.4426229508197,43.00789502594932,939,30.786885245901644,43.24781103481621,39.184156181087914,19.983031337124974,17.588588575902033,12.862827502404242,7.184972054825918,2.739731573286383,39.31640643135642,20.464128209838123,17.784379162296645,12.934809755663542,7.298242531416278,2.7728658317883728
none_moving,184,4164,135.78260869565216,43.02532593739993,944,30.782608695652172,43.27624025241068,39.23410497277219,19.979207696175102,17.607574834707744,12.863226349671406,7.250160963481365,2.750475450647285,39.34235356067311,20.46341856068064,19.557045468768735,12.92279978343626,7.3140746317314465,2.7816903439630276
none_moving,185,4177,135.47027027027025,43.10873689449851,946,30.68108108108108,43.32203932852252,39.332486858950105,20.031141505255363,17.703035879233603,12.823668199935721,7.287934700278159,2.7501739386674466,39.38901745684318,20.404753858967233,19.490401304520905,12.936305544829555,7.341536724490129,2.787011640203944
none_moving,186,4209,135.77419354838707,43.10078788663993,948,30.58064516129032,43.33444835280754,39.30869208825916,20.029942710954646,17.68606137250027,12.822827748879991,7.339423788793312,2.7506787333390634,39.41009478637808,20.34863779204055,19.424481113674535,12.932763629974547,7.39469666047283,2.771223993071245
none_moving,187,4222,135.46524064171123,43.028317509309026,949,30.449197860962567,43.362244825850155,39.24950317494413,19.96864398467393,17.591175781263885,12.829598300393936,7.277363233279486,2.7432273702283543,39.45064071777995,20.29066743426695,19.352064690144307,12.91849202130652,7.401039716290811,2.773015903034157
none_moving,188,4256,135.82978723404256,43.08094040811652,949,30.287234042553195,43.367686006593395,39.316865672895474,20.012337179380676,17.67300706836857,12.799879690835436,7.265188409626241,2.7523870679626006,39.46426031349458,20.24625502153889,19.292654665443383,12.914238656199862,7.429305408961361,2.7733586326300874
none_moving,189,4268,135.4920634920635,43.11720543850382,949,30.12698412698413,43.37004176287152,39.34096368798049,20.048058855767195,17.729170748968798,12.812902556863126,7.21682357694042,2.755646685487496,39.472284848272515,20.203696516109275,19.23384337351023,12.910101828283759,7.461185599710715,2.7751005596892364
none_moving,190,4301,135.82105263157897,43.10210879794922,949,29.968421052631584,43.368726481564885,39.2895981658717,20.059806897933072,17.71753809437273,12.837352439097163,7.177124823661303,2.753863849082762,39.476321652578974,20.16424573040716,19.177304624826675,12.908143564950706,7.49342023585275,2.7769953196205224
none_moving,191,4315,135.5497382198953,43.079799871216416,952,29.905759162303667,43.358050049547145,39.265400630223795,20.123919182121508,17.695088563240127,12.831159178752902,7.278806033450446,2.741058294499304,39.44966458783257,20.11713099018125,19.113642816538356,12.921718018226361,7.556724128577698,2.7762783439036665
none_moving,192,4349,135.90624999999997,43.120125507045394,957,29.90625,43.29335712977238,39.28736657976633,20.122833820998885,17.723892923978987,12.855550888044204,7.169462464833493,2.72179921751317,39.39576137699653,20.121188933805396,19.110837307744795,12.913681661210264,7.61033255933665,2.7947052121438833
none_moving,193,4363,135.63730569948186,43.14005563065573,967,30.06217616580311,43.388262132199586,39.30524749211038,20.113050183714353,17.685877029588625,12.815064718426292,7.097254831821024,2.741776755661711,39.50209519195899,20.081774297413276,19.039407287610242,12.888902947868408,7.606034332349732,2.7858785975372404
none_moving,194,4397,135.98969072164948,43.17031994127116,976,30.185567010309278,43.37509640270688,39.3276134149209,20.0773233596805,17.596349590166188,12.789587613790243,6.994778940584212,2.7561363476626752,39.49328401162447,20.097770087017516,19.041189499458746,12.929561663601937,7.660401151443255,2.7696295782419
none_moving,195,4409,135.66153846153844,43.091847527055684,986,30.338461538461537,43.39922551761816,39.282752399051546,20.03509164496581,17.58325748106327,12.774970217014841,6.981566866185078,2.742552472327264,39.50008073323015,20.021221224322627,18.94961474099889,12.908518709456514,7.702375732824033,2.7831115980132175
none_moving,196,4443,136.01020408163265,43.070199906911725,995,30.45918367346939,43.32036725454808,39.266203030872,20.082489857212913,17.63102875092085,12.807736721246561,7.157917019958623,2.7331166575620345,39.42020946369645,19.94324804677094,18.854401465294313,12.83880751612694,7.644457078356186,2.79286021358223
none_moving,197,4457,135.74619289340103,43.16162830459674,1005,30.609137055837564,43.25914957132702,39.34382620660716,20.16644213044843,17.773827527641682,12.822491208832163,7.129603677137324,2.731362962309911,39.409557958382536,19.922307012376688,18.823749396599773,12.808107138213728,7.698173743622541,2.791026601302495
none_moving,198,4491,136.0909090909091,43.127052579785165,1015,30.757575757575758,43.29851982710575,39.30362018759976,20.134690728273057,17.747050064520042,12.862575236302291,7.266241409525334,2.72104620909171,39.46576894239164,19.906445829115647,18.770777460512825,12.765171763994092,7.633475366307435,2.8000141181491833
none_moving,199,4502,135.73869346733667,43.2106831146707,1023,30.844221105527634,43.20491193614836,39.37736558401965,20.128861296019313,17.693305740014374,12.871855837091251,7.3295795432648605,2.738333820842447,39.395794579009866,19.873172637911406,18.690290915540345,12.743859535066859,7.701627235120317,2.786840906300132
none_moving,200,4535,136.04999999999998,43.13333648933734,1025,30.75,43.16205356859468,39.314605606217306,20.025370794080633,17.59201749778703,12.884983971796288,7.371399255154172,2.7240227798419374,39.36724988088567,19.834262000861685,18.623941051639598,12.727375582064013,7.720740723864642,2.787247638488833
none_moving,201,4549,135.7910447761194,43.075943514450465,1027,30.65671641791045,43.106430331072886,39.24637887286009,20.101570502846112,17.644690656172422,12.855002941199897,7.281213249249516,2.7510728029209295,39.31565742372597,19.841919738364243,18.61893958376052,12.734610889664605,7.7165048161336625,2.785856184172616
none_moving,202,4581,136.06930693069307,43.07613003708539,1027,30.504950495049506,43.076946835904685,39.248404656721895,20.12865864399732,17.709582914464832,12.874708875400588,7.251566719484886,2.735723781745254,39.26457214895959,19.85563963567225,18.62662900453695,12.755592643572529,7.701046935092306,2.7879749865560086
none_moving,203,4595,135.8128078817734,43.11186620772233,1027,30.354679802955665,43.05517168346019,39.28634106931161,20.21764957609996,17.813325969342056,12.905841282415867,7.408849243268713,2.7373460730806114,39.23214405713875,19.868920090663494,18.636957110585367,12.769502779452164,7.694059600151318,2.788428106726971
none_moving,204,4628,136.11764705882354,43.05549748374237,1027,30.205882352941178,43.043303131648166,39.233218012025866,20.188069497760562,17.75246071710351,12.91629512228086,7.4412532871548835,2.7354404521912774,39.21446845151079,19.877530949695892,18.643476051311602,12.776981010717751,7.68460951995544,2.7887091415109273
none_moving,205,4641,135.83414634146342,43.02194680671585,1027,30.058536585365857,43.035658421069876,39.21492648162818,20.086459868196176,17.646099697009998,12.81856584320969,7.238504198363056,2.7328142924802252,39.20358584590379,19.884095906406284,18.64860996389593,12.781501445307269,7.674699294552702,2.7884667517232287
none_moving,206,4673,136.10679611650485,43.033017863772585,1027,29.912621359223305,43.031015338998195,39.22205311107266,20.121799458573534,17.64928189257245,12.817817044441174,7.2617302134486765,2.7304470560673217,39.19696518043007,19.888916539148966,18.652311758027952,12.78413400420646,7.664892506921029,2.7881125254637698
none_moving,207,4686,135.82608695652175,43.08695334700811,1027,29.768115942028984,43.02804753913496,39.275451138305996,20.13555763765983,17.728471672400996,12.81637453954743,7.29938925806939,2.749260886120844,39.19270691638358,19.892631190838504,18.65512798526591,12.78576515506629,7.656088072622465,2.7876994520180847
none_moving,208,4719,136.125,43.13970449528242,1027,29.625,43.02615788088209,39.29121855830401,20.180370840995707,17.765597262725883,12.840038279781725,7.304056611255143,2.7439407100830975,39.189909811523734,19.895526059806784,18.65727675061634,12.786812750902307,7.64838626792224,2.787300211599011
none_moving,209,4731,135.8181818181818,43.0441742169276,1027,29.483253588516746,43.024936583226676,39.19673450097807,20.12926903644722,17.647307560400098,12.839849532205827,7.129085281693051,2.7321267640986115,39.18801373547072,19.897827246349042,18.658954285620958,12.787537131671451,7.641804258430069,2.786933811837407
none_moving,210,4763,136.0857142857143,42.96935130210031,1027,29.342857142857145,43.024152012145734,39.14102683279929,20.09013288882053,17.566366318399695,12.837464646275288,7.122567182535009,2.745273558091669,39.186704523264765,19.89967570664387,18.66028060821178,12.788078086270293,7.636242876921649,2.786609871881136
none_moving,211,4777,135.8388625592417,43.0464459195218,1027,29.203791469194314,43.02365654201082,39.21251354370067,20.13614754195174,17.668808421137705,12.859147609317779,7.239803656552559,2.7536316466558257,39.185788278221914,19.901172946747185,18.661342799798483,12.78851669741856,7.631584874519389,2.7863282437800123
none_moving,212,4811,136.16037735849056,43.07100013407865,1028,29.09433962264151,43.04269687420447,39.26806617328381,20.123905082703896,17.71160042130049,12.803082389184883,7.251250183560989,2.76158263085951,39.20313042193497,19.889859822939712,18.646408131663215,12.782689080033505,7.612465515366687,2.788361326334828
none_moving,213,4823,135.85915492957747,43.099782905227606,1030,29.014084507042256,43.04783425444045,39.284080785179285,20.222953516249305,17.739865055060815,12.821198696486244,7.255570771956974,2.754094386632084,39.21405292139196,19.887356632942986,18.650854455209323,12.788477139978614,7.652258352957075,2.7879831565857978
none_moving,214,4855,136.1214953271028,43.118548120879936,1033,28.962616822429904,43.05039955639918,39.310356448380034,20.226642648187067,17.752877013424396,12.874475314460955,7.33677157958618,2.725062380730453,39.23417394314173,19.896332572453197,18.682110324867228,12.789968701881435,7.5890827874511215,2.7910466014434525
none_moving,215,4868,135.85116279069769,43.07538746251891,1035,28.883720930232556,43.055382955536196,39.31276915585197,20.075928748398397,17.56216046538752,12.822314407779567,7.301246117177651,2.745826541193125,39.25318640960601,19.97029580705021,18.75334917888433,12.793262629978951,7.508988244565437,2.7865620501382447
none_moving,216,4902,136.16666666666666,43.124515619353424,1037,28.805555555555557,43.097193168108845,39.36302302345525,20.080679801641985,17.57426317204221,12.806599704838808,7.260337165425048,2.769663574031834,39.30033918844497,19.98990514916808,18.76270823302236,12.791503605516176,7.477793621346771,2.794802065657205
none_moving,217,4916,135.926267281106,43.09280775405833,1037,28.672811059907836,43.10034285172762,39.325880750431125,20.03925609011457,17.542173447605055,12.777163810900873,7.152598890613622,2.7598719382637045,39.319317807196214,20.011788057392465,18.778864811685473,12.790474041786469,7.482421795948885,2.7928946150712006
none_moving,218,4949,136.21100917431193,43.01778881496276,1037,28.541284403669724,43.108040274925685,39.27043677170187,20.059957389384536,17.565134277103525,12.769935694733201,7.232548221920034,2.7342012539512024,39.334023540780855,20.020094206705426,18.7817525927011,12.786425486302056,7.473193930378321,2.792956758233433
none_moving,219,4962,135.94520547945206,43.10852175460711,1037,28.41095890410959,43.10874579848651,39.30292691861621,20.168890251235005,17.695170901462042,12.790415437628276,7.292768813030807,2.732908435258047,39.33864038519856,20.026816717150297,18.785030495113453,12.784938464066123,7.467055884823885,2.792388221772254
none_moving,220,4995,136.22727272727272,43.112080028111066,1050,28.636363636363637,43.203318263076945,39.318477305549195,20.12027433962691,17.663011661243495,12.800850722218204,7.258194963668372,2.732530866646693,39.42108496418552,20.009926420775326,18.7706356683388,12.822914556713714,7.69107146751904,2.7947776830931845
none_moving,221,5006,135.90950226244345,43.121060578995966,1064,28.886877828054303,43.17440189689613,39.34686362898895,20.089058137865216,17.61279969144775,12.7914067221446,7.1504588518738545,2.745628706132508,39.421875700097935,19.989599999363463,18.749940774177915,12.784983680833847,7.594323991250776,2.7915936829680317
none_moving,222,5038,136.16216216216216,43.058838967722465,1078,29.135135135135133,43.12113581373618,39.27852591530136,20.11787957494635,17.551309141659466,12.804026672773213,7.21354170598927,2.745924322532074,39.3458247071644,20.039675972906277,18.801650943322038,12.794858720044244,7.472895811634882,2.781125199430629
none_moving,223,5051,135.90134529147983,43.133848639270944,1091,29.354260089686097,43.157308503026165,39.31115431427812,20.18168092785212,17.695117854461806,12.840989263025573,7.045880953232964,2.751034323102203,39.37472557833487,19.999494378114612,18.75288726278148,12.765941321071175,7.484726657072058,2.7934529637615584
none_moving,224,5083,136.15178571428572,43.09828451872369,1104,29.571428571428573,43.1778093325816,39.2869687966355,20.12748839212546,17.623466495721868,12.867048065623514,7.190165636025355,2.7448210115690217,39.39100953165503,19.998079669667767,18.748387101459453,12.778451169769506,7.447114651708716,2.7830450909214344
none_moving,225,5095,135.86666666666667,43.20274963285136,1118,29.813333333333333,43.169946520580474,39.41526233632389,20.118779918940824,17.608873895733716,12.808336428580613,7.242958577223028,2.754562409048063,39.37546189573989,20.01607870585251,18.781440922341197,12.79955551803852,7.534058865905934,2.772154719903766
none_moving,226,5129,136.16814159292036,43.18708647826644,1132,30.053097345132745,43.22429108708515,39.39637728762285,20.0772585792329,17.551859420787697,12.83106197912965,7.289732976108643,2.76003450510689,39.4391355219616,19.97151625899644,18.729857220561307,12.754968128544968,7.566695186160838,2.7857804157825186
none_moving,227,5142,135.91189427312776,43.131091083347584,1133,29.94713656387665,43.17870015049102,39.33119467755089,20.092950140533894,17.664425366601744,12.876383083791072,7.352415580918209,2.769394857763485,39.39975829903592,20.01591934095782,18.774878171777928,12.78359930848798,7.474282452379969,2.7861934268926793
none_moving,228,5175,136.1842105263158,43.04991551839996,1135,29.86842105263158,43.153475024345724,39.225034469664266,20.08299314864745,17.619524026385733,12.881135149248855,7.320497467247433,2.730990673416649,39.37437347837984,20.031001303713538,18.78676781145535,12.782301657339978,7.420953214030945,2.7874480158030255
none_moving,229,5188,135.93013100436679,43.06630402299413,1138,29.81659388646288,43.16027949502935,39.23595423989496,20.081860651764256,17.591971205814744,12.837255539837333,7.279038449624337,2.72391883655234,39.403892656046295,19.98732659679588,18.75183516250935,12.708140155946202,7.380180085630429,2.7943716483239975
none_moving,230,5218,136.12173913043478,43.09231919103359,1138,29.686956521739127,43.157182890892265,39.2482126900978,20.15155673156165,17.612025798497363,12.789166417458544,7.204582710772576,2.7501133663922177,39.41413166725472,19.991111047898485,18.76880280611691,12.704401505909262,7.405379506551314,2.7915952635113714
none_moving,231,5232,135.8961038961039,43.09534097209518,1140,29.61038961038961,43.14312733838461,39.27225384301094,20.180052678627185,17.688774813300792,12.816132496223206,7.238730800520302,2.761022168984341,39.40809589440674,19.997885786548366,18.784706208013663,12.696032206521778,7.3787484456835575,2.7868607486819266
none_moving,232,5264,136.13793103448276,43.08706416789089,1140,29.482758620689655,43.13462134849305,39.24467525133811,20.248430354397865,17.69488260852474,12.821918749476243,7.243703614646697,2.726363908195474,39.398283528321265,20.0026226231905,18.79495432370104,12.696356834936333,7.3602298263288475,2.7865160588472824
none_moving,233,5276,135.86266094420603,43.04673626501508,1140,29.356223175965667,43.122274638676764,39.23751454934426,20.180629859797346,17.618054392931782,12.781707746790643,7.210053760532295,2.7432981249998263,39.3877535350726,20.008975004076728,18.805032791800095,12.69770351199416,7.3533593944883,2.7860383055663327
none_moving,234,5310,136.15384615384616,43.06030396972684,1140,29.23076923076923,43.11141596174828,39.269213653787816,20.119812300414637,17.62648969135337,12.729137395995005,7.032445557436151,2.759952018312401,39.37984120475667,20.01376472913009,18.811968572356683,12.698214204776365,7.349369835667808,2.7857390996683002
none_moving,235,5323,135.9063829787234,43.042747012634145,1144,29.208510638297874,43.11099463357855,39.251564977786714,20.100345717665764,17.66521572843817,12.822103927862825,7.020317871463278,2.7452492717253594,39.40842038005971,20.05073760626349,18.861290943335973,12.7005106829714,7.354990802240339,2.7863005463682096
none_moving,236,5354,136.11864406779662,43.0415240371494,1151,29.26271186440678,43.09422088560563,39.241053546048335,20.12395762642699,17.676400940852183,12.832467453368004,7.079448222088595,2.7557287200621974,39.36415481429433,20.041308998987436,18.840091211750096,12.707512177180739,7.3082316501330995,2.787492385736129
none_moving,237,5367,135.873417721519,43.10308401183206,1158,29.316455696202528,43.019817780789225,39.30652806614168,20.10727611986527,17.64110141787563,12.813456760563655,7.1707725400178015,2.7463126915252176,39.28025975731856,19.93576670841593,18.758979226345478,12.664737082752064,7.303979066794318,2.784850042844751
none_moving,238,5401,136.1596638655462,43.174584456058305,1164,29.344537815126053,43.01630548986356,39.36779003690778,20.161664389492387,17.688205924300505,12.802394615846687,7.12202438343177,2.7383850847128492,39.28184671431033,19.897945621936437,18.67350192606026,12.634576849721352,7.348064298680236,2.7913076075290255
none_moving,239,5413,135.89121338912133,43.015233775169676,1169,29.347280334728033,42.99361686163471,39.232490633721724,20.04014345824763,17.583294758219463,12.770664250217568,7.13998386334912,2.7227605123626795,39.249750459482,19.873050125752982,18.641834909089603,12.626856790489903,7.334205472491088,2.786485594435368
none_moving,240,5446,136.15,42.991202666434305,1176,29.4,43.047250407062094,39.17680940419636,20.048319553209634,17.589056792661165,12.739787083987357,7.009872375265388,2.744425503116435,39.31776547763805,19.908613795842363,18.658661035753465,12.640802604378191,7.404350082696392,2.7902773615353738
none_moving,241,5459,135.90871369294607,42.909993844727346,1186,29.526970954356845,43.04080491267472,39.12094135035461,20.028510887093866,17.553168850614615,12.769385821543112,7.0382980391246175,2.7711235570766033,39.295532765149815,19.884469223504816,18.635526366042566,12.637624593335426,7.378713509353419,2.796221045212716
none_moving,242,5491,136.1404958677686,42.90527649326274,1189,29.47933884297521,43.00833661683079,39.07935785524181,19.999516327167722,17.49349450752082,12.800614432813346,6.987896277283942,2.7554439755875477,39.2827375279749,19.84934146988057,18.592089360549856,12.596241826249884,7.352481569142343,2.800609661025995
none_moving,243,5504,135.90123456790124,42.91260580606744,1191,29.40740740740741,43.0198786580132,39.095808678344575,20.051978731021077,17.628981240621993,12.782297911233819,6.987891444865563,2.7507972046547806,39.30207262892357,19.829488925363066,18.563991072417103,12.58807158022492,7.358382789570574,2.8016761374937746
none_moving,244,5537,136.15573770491804,42.94561169704285,1193,29.336065573770494,43.00890776583319,39.11562245703598,20.062206592380175,17.66108000045277,12.764526731022322,6.959970240262036,2.7552557152789894,39.27069178706551,19.938284276507655,18.68171734106722,12.660695160080763,7.326275850703864,2.7823958953919283
none_moving,245,5549,135.8938775510204,42.93090220439216,1193,29.216326530612246,43.022263720270836,39.105117643976016,20.09604582980285,17.618287520107422,12.678381131974577,7.007100253686815,2.7622124284648613,39.26980286264094,20.006501797511348,18.758511355739202,12.716703729110641,7.359060768515989,2.7904661232459453
none_moving,246,5582,136.14634146341464,42.91203708475716,1194,29.121951219512198,43.0478405515488,39.080488591629404,20.05396804902949,17.51809684037691,12.664757082871025,6.986639502890804,2.7270354504939323,39.291361677134695,20.028612376835873,18.78208408422799,12.727693121005748,7.370633076488737,2.7901674062138797
none_moving,247,5593,135.86234817813767,42.859817649197446,1197,29.07692307692308,43.1003639536548,39.047275048691745,20.111156039136095,17.597194045168894,12.700869889448043,6.859678112017286,2.74736683393698,39.339257571993706,20.021090530968166,18.76542025016447,12.751171494592285,7.431116850173619,2.7952315563349135
none_moving,248,5626,136.11290322580643,42.880016367474006,1204,29.129032258064516,43.03261517252357,39.07416716052647,20.11992450792213,17.54184731930445,12.744101915134411,6.9816168748226515,2.734027690993023,39.27761710830199,20.053946769913342,18.80645316570729,12.737553382329615,7.30340877422278,2.775782712480932
none_moving,249,5640,135.9036144578313,42.863080835445636,1211,29.180722891566262,43.01719519138116,39.02907283818929,20.16758244048002,17.553734906078052,12.742188136676916,6.894125963517232,2.735195859340586,39.25330447852796,20.07844879320735,18.838220987073907,12.744657228879204,7.262033698841685,2.7835133186441614
none_moving,250,5673,136.152,42.93891897872068,1218,29.231999999999996,43.01987037059628,39.105760149370816,20.191366420593987,17.621601359197847,12.789650104096138,6.9017156692252275,2.746513183040883,39.24917841635744,20.117680682377216,18.883136765034234,12.78690157916456,7.294648489305459,2.7865239298298183
none_moving,251,5686,135.9203187250996,43.07589218728229,1225,29.28286852589641,42.9979249397524,39.22972361184327,20.32504788254804,17.813222510999964,12.862602435184229,7.125855021344165,2.7413158735940724,39.23919688749689,20.077230889097677,18.83748585458377,12.756553803992832,7.234411678482359,2.7769300843658202
none_moving,252,5720,136.19047619047618,43.13495977139893,1230,29.285714285714285,43.05310895504828,39.27099641949508,20.331354599401095,17.833975686837213,12.881827058066872,7.138660769248604,2.753339080993863,39.270825582525084,20.088690041326025,18.843145255459923,12.764857568727548,7.313569060785025,2.7878915433261144
none_moving,253,5733,135.96047430830038,42.97978643673171,1235,29.288537549407113,43.1094009114494,39.141573209533576,20.240325551581925,17.694273659596497,12.831484255902248,7.212864779534934,2.7386112766546056,39.327842332746584,20.09878925947118,18.864056225979656,12.796913977334581,7.33801947028321,2.787436797644535
none_moving,254,5767,136.22834645669292,42.972148959412465,1238,29.244094488188974,43.03854612430521,39.14234001102359,20.252638464323965,17.69401310527831,12.784901271036485,7.1072483505499795,2.7417543860146343,39.26795568970565,20.067027505160127,18.83014408208037,12.770898142343682,7.218900378755499,2.7877978274990753
none_moving,255,5778,135.95294117647057,42.99572734570104,1238,29.129411764705882,43.02223553996684,39.130706640289404,20.210915117353633,17.57564198175826,12.805007255060465,6.948491845137066,2.722675808548272,39.25197240908272,20.066042374254593,18.831743662266454,12.778144039033627,7.217972977189822,2.7907660891280783
none_moving,256,5811,136.1953125,42.94157527740733,1243,29.1328125,43.01988658713277,39.09298241006476,20.22451816203044,17.56128180715307,12.767198274468921,6.9397974322078735,2.731933669655306,39.242275814436226,20.069266078084162,18.836728834537475,12.789278805209385,7.230317864692379,2.791683938396684
none_moving,257,5823,135.9455252918288,43.02774311686679,1243,29.019455252918288,43.021121220643806,39.180902352866696,20.223587049272652,17.614751799697583,12.76138720157672,7.023355486305365,2.745196390069407,39.21117926062194,20.03674293091315,18.790774108264067,12.77181873400135,7.23674451318784,2.79064760693718
none_moving,258,5854,136.13953488372093,42.99589423450115,1244,28.930232558139537,43.03657745210748,39.15532476685574,20.211116989989314,17.59566731479065,12.726143718205844,6.975052463746765,2.747153299595351,39.21128919474965,20.028249587503264,18.77713213760511,12.777579462289047,7.249281892498948,2.7914741347743375
none_moving,259,5866,135.8918918918919,42.947140545997506,1246,28.864864864864867,43.06227827290022,39.10339139582642,20.213460669071285,17.645981129276834,12.745846790191392,6.987510540651658,2.7511248608420074,39.224906209968125,20.012611311104116,18.760255601861004,12.792330215100217,7.327633184864881,2.7979405476032824
none_moving,260,5900,136.15384615384616,42.933216696756375,1246,28.753846153846155,43.07449726778368,39.09406167695233,20.106904341630425,17.509356457564,12.719714972878869,6.9039565423560765,2.7298550222767415,39.23660538676108,19.976478375433587,18.723837723572256,12.774060603119581,7.337208160434544,2.798039687884075
none_moving,261,5913,135.93103448275863,43.026981389234315,1247,28.66666666666667,43.054992759102454,39.163975790205285,20.23040033480876,17.70572336176897,12.741270159718402,6.994008967709003,2.7360400962430598,39.2066893787135,19.98207097557403,18.7337720946475,12.798662610186314,7.343045710645202,2.801735291517186
none_moving,262,5946,136.16793893129773,43.06067991309349,1249,28.603053435114507,43.091384906629884,39.217142235157084,20.304949057074477,17.768539048112252,12.751020524881914,7.131851396562849,2.7462547865342732,39.234579270240445,19.94951393452974,18.693943054259076,12.8197426924523,7.411620983605912,2.8027970622669582
none_moving,263,5960,135.9695817490494,43.08844720355187,1259,28.722433460076044,42.99629168591141,39.24059217470381,20.232841894021206,17.695775413806867,12.740460338254186,7.142149300198277,2.743913508772227,39.16693535408876,19.939791543311056,18.6943284455394,12.775362187963903,7.336606759465062,2.792341420370786
none_moving,264,5992,136.1818181818182,43.147389039848576,1268,28.818181818181817,43.0601691948658,39.325879045454855,20.28231539539852,17.80753070023173,12.740146474524384,7.224973897638163,2.7573846836670937,39.20534092018107,19.948793733618587,18.71299220278685,12.837520871743244,7.468880130715029,2.800870742165202
none_moving,265,6005,135.96226415094338,43.13008105991584,1277,28.91320754716981,42.99826760920238,39.28637315110241,20.303943003650765,17.78703862704052,12.798804841310792,7.298450658216502,2.7481749702162657,39.17791460676114,19.894766058470356,18.656367170348886,12.762585216556818,7.311057035118944,2.792639089491572
none_moving,266,6037,136.17293233082708,43.1541984074559,1287,29.03007518796992,42.97516544570661,39.31955535278128,20.32476550233253,17.858268715205636,12.820137105124887,7.342488094633818,2.7490577303724435,39.14956833015219,19.914603753138117,18.68014308384543,12.737270101587754,7.250132881612757,2.782414973941612
none_moving,267,6051,135.97752808988764,43.13023542930475,1296,29.123595505617974,43.04569179087388,39.3226820980862,20.268756444441827,17.714185078788507,12.77620582480181,7.216061292132092,2.734020763244197,39.21442784495066,19.867886910762856,18.62411854780079,12.730959082701853,7.261861692738115,2.797437957938515
none_moving,268,6083,136.18656716417908,43.133747742624934,1307,29.261194029850742,43.074990152773196,39.29859313586313,20.274519925765798,17.696369269101147,12.756601143276397,7.0362774121278955,2.7470274075167347,39.22116926802593,19.893106781483052,18.649632905898137,12.789050011003686,7.367210242492562,2.7965347823491244
none_moving,269,6095,135.94795539033458,43.15332828407907,1314,29.308550185873607,43.07437611053364,39.29791557590515,20.318666579301084,17.708450484412886,12.794228279590751,7.158973470991449,2.7402335098541326,39.23359170570607,19.953613243155882,18.71270494833374,12.81570855977826,7.451232150965299,2.8022148101132665
none_moving,270,6125,136.11111111111111,43.10673640392044,1314,29.200000000000003,43.100237695212286,39.26037623047546,20.223277178074895,17.668452068557436,12.815766134973051,7.124640295154122,2.732114842847585,39.27640155608994,19.963211811195084,18.722257248746722,12.815460623697703,7.489234355244762,2.8000901090526122
none_moving,271,6136,135.85239852398524,43.058591346793534,1319,29.202952029520297,43.09746361078589,39.216967390904166,20.233695324572853,17.664659000985512,12.80238267830858,7.086851780566052,2.7360263589754017,39.302376115886986,19.955498946792265,18.720264821261104,12.757341757425234,7.410425666626716,2.794993329334226
none_moving,272,6169,136.0808823529412,43.08081714263499,1319,29.09558823529412,43.158136016056446,39.254004953713654,20.21830546092896,17.698506158044864,12.822652169488396,7.105953147660306,2.7395127627661906,39.38790496125087,20.00619171351548,18.751451856549345,12.789898130288245,7.438781659878586,2.7884143382013247
none_moving,273,6180,135.82417582417582,43.041860629744775,1319,28.989010989010993,43.160216560525306,39.19501276127063,20.270982372518187,17.772407086833446,12.831105555711861,7.2411603981603685,2.7318886221894183,39.40789586232515,20.03330596562007,18.764950034184906,12.7888803090818,7.46999706152853,2.786894279490622
none_moving,274,6214,136.07299270072994,43.10065105182665,1320,28.905109489051096,43.161808088592196,39.2340577439193,20.30633055359657,17.823771067189405,12.83852576629418,7.239936322079602,2.7501633235593688,39.421159970982366,20.05377059002519,18.772809079910708,12.789633014382662,7.4959269450622354,2.785535734619239
none_moving,275,6226,135.84,43.1058161436448,1324,28.88727272727273,43.149935531735146,39.271346701400525,20.225280180274087,17.73825133551289,12.852085389706332,7.187917148212522,2.752543864660367,39.4138437716188,20.06680257789487,18.786265889308225,12.832577794389532,7.670103175402741,2.8080242692681128
none_moving,276,6260,136.08695652173915,43.14923288815724,1330,28.91304347826087,43.10449759015368,39.33466097945098,20.23431451026425,17.765309903305695,12.826874382245554,7.180157804112384,2.7656526596919053,39.369347757463935,20.113994142013325,18.82962402770914,12.864791232917009,7.725770141069959,2.7956666990266563
none_moving,277,6273,135.87725631768953,43.09571281257041,1335,28.916967509025273,43.140928606225465,39.28280762216091,20.230803161535665,17.69350294272612,12.897584221751835,7.230625697722845,2.7362820355784954,39.42527866360008,20.077127470792696,18.790045864793104,12.805398538374874,7.693444341228578,2.7913355195513696
none_moving,278,6306,136.10071942446044,43.12355352806656,1339,28.899280575539567,43.11105967409177,39.30517517073104,20.18423937070632,17.62363210371378,12.864523406960759,7.050585306371507,2.742830121928429,39.39363914056115,20.107562699924653,18.814636708699503,12.833826977445034,7.6829334754189285,2.786718551677009
none_moving,279,6320,135.91397849462365,43.10364707582633,1344,28.903225806451612,43.095942801531095,39.250355855642795,20.1279291936154,17.5387461067392,12.839327766791719,7.131310790477711,2.7296956454938335,39.3853832598895,20.11711962310892,18.821575838979584,12.840010496366462,7.6613959691565015,2.7891444049789746
none_moving,280,6353,136.13571428571427,43.04865843381761,1349,28.907142857142855,43.064996040407344,39.190750052710214,20.175388386850372,17.62187879507034,12.796873462168996,7.155813453905192,2.741507898651568,39.36063737771587,20.135395693942918,18.844574769131984,12.850865794746523,7.760068886541916,2.791655412680241
none_moving,281,6366,135.9288256227758,43.11477672249146,1354,28.91103202846975,43.09192054300005,39.24666845127268,20.271855442122444,17.72630959211533,12.857670629373533,7.27634628627549,2.737567319653743,39.39942354130715,20.105088387698284,18.81221170534093,12.82994984197003,7.798773293668603,2.7950755744449434
none_moving,282,6399,136.14893617021275,43.248187871788986,1354,28.80851063829787,43.101766100464054,39.391603104661904,20.2793311720486,17.81208844126855,12.865423153726784,7.202420046384167,2.7433152924732207,39.424149324301275,20.086033509249223,18.79020893715314,12.795544475947555,7.7398623568022895,2.7915616807065646
none_moving,283,6413,135.96466431095405,43.24322659997758,1356,28.74911660777385,43.11772766894804,39.40185168973032,20.284550204363196,17.73640906601576,12.84280216680934,7.0839979247864475,2.7493136500093804,39.44921407016684,20.07001959055544,18.768204279733684,12.760328389645188,7.659944807258149,2.8002023351904333
none_moving,284,6446,136.1830985915493,43.12463344784433,1357,28.66901408450704,43.05221762829505,39.32192150654769,20.19239965665116,17.636140609595216,12.804609461035824,7.014271494477738,2.767780580071061,39.392072095565794,20.038937871855293,18.732158454367255,12.698043602430582,7.552596614004555,2.790675231380882
none_moving,285,6459,135.97894736842105,43.1086309025774,1357,28.568421052631578,43.02922561152946,39.292351252310006,20.188940209241384,17.664126982201783,12.781314648887935,7.002791119975348,2.7369525511153254,39.36136092944996,20.06475672844994,18.75215661370889,12.711630351534856,7.534180993938539,2.7971147736599242
none_moving,286,6492,136.19580419580421,43.027898113682845,1361,28.55244755244755,43.04427386534757,39.226127822196375,20.108061616746074,17.59782623778783,12.796067348261975,7.038404410106373,2.7238329552386,39.36572344132209,20.067995248410682,18.744918907565513,12.71314200540015,7.448173997902633,2.795228254979888
none_moving,287,6505,135.99303135888502,43.11195690256765,1361,28.45296167247387,43.0081526294432,39.320766122160876,20.21080568848075,17.747417992320315,12.792509708562703,7.072075680085151,2.753877347576474,39.322306006595916,20.027322187282746,18.739496650506965,12.68358615791115,7.366673441208958,2.7955881745933313
none_moving,288,6537,136.18750000000003,43.03220829298693,1361,28.354166666666668,42.99243140221852,39.26085131520112,20.192291192041846,17.737352296392952,12.790464384936548,7.183101900399903,2.738277444780208,39.29705738797354,20.022000638325963,18.753169917237297,12.696977502675704,7.319784725591079,2.794580386228927
none_moving,289,6550,135.98615916955018,43.031042084150954,1362,28.27681660899654,42.97327917001894,39.23591408244751,20.185121163542604,17.768728184610886,12.74491130104911,7.184357942353249,2.751195616257246,39.27199035758217,20.001435247006267,18.739183227293218,12.69380107317879,7.297916795572169,2.7932311849693714
none_moving,290,6582,136.1793103448276,42.98644071148313,1364,28.220689655172418,42.9738846243628,39.15312247205386,20.235878548652853,17.76805463152409,12.734046867192138,7.139680441750116,2.745163132019362,39.29090667044958,20.021676277817107,18.776371538300086,12.696472484221502,7.287871969771898,2.794396827766704
none_moving,291,6596,136.00000000000003,43.04359088049146,1369,28.226804123711343,42.97990463412591,39.24235623437846,20.23807897359133,17.778134755341423,12.764816665193377,7.157509536920096,2.755783613973494,39.276857089977895,19.976667735006572,18.727306087598897,12.67426025353292,7.2756544440149655,2.7962579716391915
none_moving,292,6626,136.15068493150687,43.08352963368025,1375,28.25342465753425,42.96692167597321,39.260480338531366,20.242248715553913,17.742675331763515,12.809061202042539,7.197395486156653,2.7693103928050187,39.233116857067515,20.032668072196117,18.737483685171952,12.720595371569834,7.329078727456262,2.783696847749274
none_moving,293,6637,135.91126279863482,43.11450566952729,1385,28.3617747440273,43.01948659616014,39.28248898792819,20.31797469722883,17.81421026142703,12.757715452345243,7.0687837872384796,2.728606863687434,39.265631868465384,20.037656374432597,18.759963677267738,12.727858114303762,7.283198195105629,2.7898977450441933
none_moving,294,6671,136.14285714285714,43.11871126511494,1394,28.448979591836732,42.96629905433021,39.31279619159235,20.290037387250724,17.781825795209908,12.732675267937633,7.1194304242554045,2.7376413214974016,39.210152126280086,19.9407372408628,18.69459900536502,12.656222172779751,7.240300124882671,2.7897602942524062
none_moving,295,6682,135.9050847457627,43.1691490219421,1405,28.576271186440675,42.9757594180815,39.366773761724794,20.338667697071816,17.8581073412409,12.775475065313607,7.16046121372249,2.737264908276283,39.22188403749577,19.917375729270464,18.666175704249632,12.628997908922798,7.225764935690409,2.786092236663317
none_moving,296,6714,136.09459459459458,43.15915873149374,1417,28.72297297297297,43.044573897990794,39.36244917717055,20.30227551651793,17.79472438549741,12.747546760036464,7.103418295242513,2.7683046819916908,39.25140671054725,20.007968394672737,18.748382719449015,12.753102823123363,7.286649554707659,2.7723852675400424
none_moving,297,6728,135.91919191919192,43.11026039062642,1424,28.767676767676768,43.04409016195302,39.29094072885591,20.256407636284763,17.735669666548304,12.697493115431662,7.033479097577284,2.7531640349998403,39.22893082577463,19.96391008929363,18.727462941011844,12.729428744754609,7.240827866078568,2.7875635858690044
none_moving,298,6759,136.08724832214764,43.02892967469932,1429,28.771812080536915,43.03935172151274,39.23123716010252,20.174501440685972,17.65333056813641,12.6932070972793,7.067053577390449,2.7317057803105844,39.205557410839006,19.976609202468623,18.758289306901712,12.796680200633023,7.361790711379954,2.7707028798395714
none_moving,299,6770,135.85284280936455,43.094780931960045,1435,28.795986622073578,42.96567881592572,39.287248989727,20.265595923084387,17.765445870650446,12.763389543402946,7.112665718105843,2.7465907035366715,39.145201886794545,19.963785577762653,18.76056186458906,12.753821788247286,7.350736657436053,2.7730399979996525
none_moving,300,6803,136.06,43.07226965496556,1435,28.7,42.95147725283247,39.21657978994514,20.322072748237535,17.741023185584183,12.867748571861902,7.2622595738471905,2.7538035978691373,39.1293439359839,19.970590737436346,18.770212863159234,12.755898816235167,7.311128168838798,2.7770391473741407
none_moving,301,6817,135.88704318936877,43.092802137505224,1438,28.664451827242527,42.95937401107012,39.22898550303216,20.36048116363104,17.802156221532677,12.869464430042012,7.2135555608492155,2.7609111119195413,39.136053164041094,19.961020869261205,18.757387106087812,12.75282214158377,7.27855282074665,2.7900898180522757
none_moving,302,6849,136.0728476821192,43.10892998233813,1438,28.56953642384106,42.931266923378736,39.24297449053877,20.417801404012557,17.878803709208796,12.874156347164796,7.214917226941185,2.758372186189148,39.14571190619113,19.948697548318272,18.736471337030164,12.700082375431986,7.173501455145699,2.788827078928698
none_moving,303,6861,135.86138613861388,43.24937383194208,1438,28.47524752475248,42.935826908437434,39.410529514156416,20.493490472560005,18.014802352414005,12.893330768135982,7.352914247471353,2.7700873183732955,39.17115662155605,19.939673001510272,18.71895393026059,12.680048124672517,7.170965160115098,2.7887068910215427
none_moving,304,6893,136.04605263157893,43.24302237366003,1439,28.401315789473685,42.96292136015167,39.39130221253312,20.442816335679115,17.946235083528926,12.915779646511718,7.313781515520605,2.7561588117316007,39.20331375330373,19.935593782963192,18.686525297458893,12.67373899368577,7.207238103816478,2.789566542087356
none_moving,305,6905,135.8360655737705,43.13530343091933,1444,28.406557377049182,42.95911309722534,39.29687187764468,20.311637489981155,17.84558328859314,12.863112187789422,7.188913033668309,2.7548842165523513,39.1991696127339,19.946720610065825,18.68115360722037,12.680331372149,7.209738631377148,2.7853267938621546
none_moving,306,6938,136.0392156862745,43.041723341183676,1449,28.411764705882355,42.9757486358062,39.17454407187996,20.331115636805812,17.852870516532143,12.883464619184922,7.2432476681781495,2.7487125018450986,39.21930621560012,19.998133744849188,18.725047522002008,12.75721163113405,7.294105512531714,2.803155981727055
none_moving,307,6952,135.8697068403909,43.05863638370723,1457,28.47557003257329,42.96466261865247,39.21398040669719,20.23033947541014,17.715692779464057,12.842415300017594,7.065357867363162,2.7568202859629265,39.21862282351027,20.032558081877458,18.75910230461539,12.759891133429594,7.362615057395826,2.792702057862108
none_moving,308,6985,136.07142857142856,43.09741466338718,1469,28.616883116883116,42.86915206141302,39.25051434706703,20.22021678202693,17.666953517911104,12.844569508985511,7.031581697919836,2.7454326486896856,39.12528565648203,20.024424249151377,18.73893777230925,12.749574501919316,7.2968623064680775,2.796387202264929
none_moving,309,6997,135.8640776699029,43.14227487911966,1480,28.7378640776699,42.929636480194844,39.30275432015778,20.245824219704318,17.820579084797124,12.897974357293485,7.12316221611185,2.7574369183191214,39.186452890778206,20.023151875565365,18.73306696288477,12.760087820014045,7.380501087660106,2.792469035974134
none_moving,310,7029,136.04516129032257,43.145962924243975,1492,28.877419354838707,42.9035648253964,39.29060970878006,20.315017167003273,17.806520919466575,12.89675037805421,7.273703401370514,2.7621453308537767,39.14902290025792,20.088416482722653,18.796877451557474,12.819877890456294,7.387510518708729,2.7953341309510256
none_moving,311,7041,135.83922829581994,43.17451328415908,1506,29.05466237942122,43.018252604200505,39.30368801559583,20.352596131827745,17.832390898624766,12.89416185126592,7.3059857533836805,2.754512240537369,39.265343271192904,20.03733529437626,18.736878587469274,12.762049057528992,7.474063262831074,2.8026005526610294
none_moving,312,7075,136.0576923076923,43.181153398477406,1513,29.096153846153847,42.96899648571041,39.31005717649123,20.29143840151114,17.781871743459956,12.846443973966858,7.105274741824771,2.7530320674516324,39.217829986376685,20.094978894131277,18.77004925772922,12.79667558606215,7.364566963238472,2.79128062694702
none_moving,313,7084,135.79552715654953,43.15148608922268,1521,29.15654952076677,42.9401294746416,39.29652961888788,20.255288374809602,17.715704748433232,12.818706294815527,7.148207473612877,2.759448538527722,39.22411649090315,19.992669411480183,18.649873061971252,12.668996669669763,7.378029848828175,2.787244271121407
none_moving,314,7117,135.99363057324842,43.0794658783322,1526,29.159235668789808,43.006714048417244,39.24396446883475,20.28270029112737,17.710695046191717,12.767551025835276,7.134771904592318,2.7540816640816455,39.273742152562136,20.024966693794614,18.663301336325777,12.728825910250357,7.2930552344461805,2.7835888125157715
none_moving,315,7129,135.7904761904762,43.07714337438943,1526,29.066666666666666,43.03761078324765,39.21779551178419,20.243321198797215,17.644880982308784,12.754647918486125,7.0975110424561985,2.7195431540443775,39.303917362357645,20.013498733423333,18.647747910977547,12.720077135654522,7.294815478727392,2.784284288038834
none_moving,316,7163,136.00632911392404,43.1207234459423,1529,29.031645569620256,43.01916406813075,39.247935220190115,20.29129891070488,17.745477416961094,12.766735888799179,7.1183558107468405,2.732228203821421,39.28609825234902,20.029055855297862,18.669369739317755,12.718020325973354,7.313464696579219,2.777014465069407
none_moving,317,7174,135.78548895899053,43.03508289295553,1529,28.940063091482653,43.04609445115476,39.175947080961485,20.29387177243847,17.72616253508839,12.801020936818526,7.130518645279992,2.736129377767676,39.292760844723105,19.99861429622337,18.636450459561907,12.694955864875697,7.23785852428587,2.780595023060903
none_moving,318,7205,135.9433962264151,43.00565458653922,1529,28.849056603773587,43.069412522658546,39.15491593257837,20.263742551165407,17.659362183358418,12.83230346704504,7.205867342532585,2.731632496608197,39.30516630275518,19.991614518952225,18.6327350659172,12.700053141624286,7.243442602485689,2.7801427789242323
none_moving,319,7217,135.74294670846396,43.036934145352866,1530,28.77742946708464,43.048750912591096,39.21636509779817,20.18281332712752,17.639940852738555,12.761448857724272,7.041109317264199,2.7388399679741093,39.28152529412885,19.934361983533684,18.580360811723335,12.673894199699088,7.2119537353542915,2.7771267847878467
none_moving,320,7250,135.9375,43.026820666914766,1532,28.724999999999998,43.07072464367847,39.22668136950615,20.118949108318258,17.542517508842167,12.740679714509096,6.977972882946062,2.741850112929513,39.296084513411344,19.876924952598202,18.520191475266547,12.663461302249143,7.192691453741468,2.7773986683650715
none_moving,321,7264,135.77570093457945,43.13358973923372,1539,28.76635514018692,43.04829904973038,39.28908790207886,20.23195320735187,17.64921503688174,12.817220874299352,7.125770197388374,2.7401855204319614,39.2711525036528,19.820648146181117,18.461378051890417,12.627213857710535,7.152804724761158,2.784717133500487
none_moving,322,7296,135.95031055900623,43.10623497939769,1545,28.7888198757764,43.10146940619546,39.26094121703515,20.21595650684297,17.670182148898295,12.854620313641444,7.157148613291097,2.7373875422563074,39.32646132319179,19.808761342296137,18.457188932271098,12.660103559072851,7.27224513050397,2.7889988674414106
none_moving,323,7310,135.78947368421052,43.03619086884587,1552,28.829721362229098,43.081980963632724,39.208878591632406,20.18109418979003,17.59896602520063,12.778219301577224,7.013716626130558,2.754798475866263,39.295404640935715,19.81930148000138,18.475725949817924,12.668385586187911,7.310514905359392,2.7819430613281186
none_moving,324,7342,135.96296296296296,43.03594953975805,1559,28.87037037037037,43.07132259432323,39.198167989243686,20.23054000946807,17.63557216338351,12.789504954260629,6.996686096984545,2.7357367589372665,39.281279774164574,19.76686814444501,18.42738668191593,12.603144563124685,7.277347228413048,2.7720727088369292
none_moving,325,7356,135.80307692307693,43.056942594932764,1567,28.929230769230767,43.10169680047557,39.242457048146164,20.260804704886358,17.68075157274795,12.778023023699893,7.12634935486967,2.751784476181285,39.29588824159255,19.728019712359025,18.377436440276302,12.60165358895229,7.191957909076502,2.772407134847544
none_moving,326,7390,136.0122699386503,43.0758553059059,1580,29.07975460122699,43.05105175843571,39.246768065938646,20.227823715952574,17.684829784888375,12.80386690421,7.128314817040369,2.737702243244896,39.24972208809392,19.738176985100765,18.41533264140483,12.659555944883412,7.278151716163003,2.780366967086215
none_moving,327,7403,135.8348623853211,43.141983852516184,1590,29.174311926605505,43.00526604268267,39.30823711321406,20.219706458153144,17.67082891117605,12.864741580540706,7.152805183331354,2.7430743702264335,39.1894890647473,19.734871498447994,18.442549293372814,12.620397189681693,7.203416318032175,2.7815965454422247
none_moving,328,7435,136.0060975609756,43.14862491840957,1602,29.304878048780484,43.03772175855994,39.33577651390986,20.22031575214795,17.672567655489274,12.844588643028558,7.22460589972178,2.740511882445166,39.20669366263985,19.739422718377543,18.443492828533493,12.650814628601236,7.221629736648674,2.7861573413041376
none_moving,329,7449,135.84802431610942,43.14183283589722,1611,29.37993920972644,43.12928422142342,39.332977832545666,20.316566257840975,17.871230886511604,12.878396196850915,7.3510701075602976,2.7657138452468613,39.31532328778932,19.828200037289722,18.527298394725868,12.74399793251437,7.478463317775029,2.796683312580609
none_moving,330,7482,136.03636363636363,43.122857954376705,1615,29.363636363636363,43.15183085317638,39.31069302568325,20.368351566922595,17.882044446181684,12.922712381416083,7.5152044453885924,2.743128449854591,39.32463194455519,19.821759270522108,18.511343504382403,12.75349326664098,7.535331506357416,2.7921679417134806
none_moving,331,7494,135.8429003021148,43.04392617746935,1622,29.40181268882175,43.15195008809911,39.25504443665597,20.309591859126797,17.76959280300601,12.838530949385746,7.327238217608775,2.7314403607847124,39.32487852076376,19.820118224084723,18.52165175032029,12.762407912170602,7.58732950741661,2.788823137514295
none_moving,332,7528,136.04819277108433,43.08204520863826,1623,29.33132530120482,43.1136884123966,39.29195769377429,20.236572910407325,17.701506486021042,12.833179141776764,7.2508648152755635,2.719628089324291,39.28094031078445,19.762277581509515,18.510931997907,12.75598541813324,7.630828744888047,2.793360895499034
none_moving,333,7540,135.85585585585585,43.051191795882396,1623,29.243243243243246,43.08678639636102,39.262673970302195,20.246780672240035,17.676067520191413,12.828900143716545,7.386224433077048,2.740487123732431,39.25196146695172,19.725714622655882,18.502660897186665,12.75086110671325,7.626302455992899,2.792950375647341
none_moving,334,7571,136.0059880239521,42.919177525546104,1624,29.17365269461078,43.09465502273876,39.16425715640072,20.215056449881224,17.592808592943463,12.755209790350865,7.367920885931012,2.7442417470381417,39.25483317460386,19.70648658295473,18.4867524595731,12.756408730131039,7.66652801454753,2.797605112229891
none_moving,335,7583,135.81492537313432,43.02639936988998,1624,29.086567164179108,43.09975183234381,39.251851233753555,20.211508825644337,17.689432577125494,12.776227057243172,7.201386093977588,2.7280286123404975,39.25831338842279,19.69694022799384,18.479734206558597,12.759936005525477,7.694230567462589,2.79681805344187
none_moving,336,7617,136.01785714285717,42.981589057482985,1624,29.000000000000004,43.10327045645929,39.162066482275364,20.159509645605848,17.653662102922528,12.808878314761323,7.127186904044904,2.7265589548843017,39.26174144891651,19.692576302250696,18.477120172256583,12.762383190493729,7.714094353594867,2.796430448631996
none_moving,337,7629,135.8278931750742,43.00514282352062,1624,28.913946587537094,43.10553922758684,39.18573908593662,20.160589661096395,17.69998477555145,12.880854538060277,7.225084555104722,2.7489035471574996,39.26465150655066,19.691254488907788,18.47691987965349,12.764278656211333,7.729180148003489,2.7962300751215152
none_moving,338,7662,136.01183431952663,42.987844551372916,1624,28.828402366863905,43.106963927617464,39.146240984118265,20.134107525139157,17.671215185722396,12.879492686097857,7.227681992110886,2.743210122342093,39.26704901602136,19.69171092471623,18.478003271326976,12.765820797728098,7.741024699007745,2.7961319387732497
none_moving,339,7674,135.8230088495575,43.036188169634904,1624,28.743362831858406,43.10778219540965,39.17679398666584,20.19495828274895,17.670619682442833,12.860630386684047,7.14981249677014,2.761555360476532,39.268972976832586,19.693255330548904,18.479805329511127,12.76713886318443,7.750597216968335,2.796078430453146
none_moving,340,7704,135.95294117647057,43.09690181441584,1624,28.658823529411766,43.1081701043532,39.284454961671216,20.191403386172315,17.705706251361768,12.867614336656242,7.199789660979478,2.7435739047999026,39.2704956362606,19.69547964139101,18.48201780056548,12.768307448039705,7.758487682397799,2.7960410212197147
none_moving,341,7716,135.76539589442814,43.1048113619071,1626,28.609970674486803,43.114387514288644,39.32845393287094,20.217339115321913,17.704490925835835,12.855772960719822,7.254379995119311,2.74602565390898,39.27990094275194,19.69082307377182,18.476610465026376,12.756047190410714,7.755474899263864,2.7992135322339253
none_moving,342,7748,135.9298245614035,43.09835516960866,1626,28.52631578947368,43.123024559563376,39.31714469041182,20.192287142943133,17.667642415355665,12.827871835221897,7.182005253001182,2.7501151830015877,39.28996948820475,19.686663369205192,18.47119738725099,12.747909061469207,7.745091784085126,2.799393504773803
none_moving,343,7755,135.65597667638482,43.0570253740592,1628,28.478134110787174,43.11983026098562,39.289943310978316,20.157688909484293,17.634555488949907,12.790490770446299,7.140465642610238,2.736623375038224,39.288893976133366,19.690736386924453,18.47539993770327,12.744828552258117,7.747374851615959,2.7965808568536814
none_moving,344,7789,135.8546511627907,43.003634509498035,1629,28.41279069767442,43.12951181446118,39.20225808686554,20.13623295824784,17.58684567282012,12.815294591250971,7.0953895628261465,2.7333479139036068,39.32511344710833,19.650643943580903,18.428184721110547,12.678519432142481,7.570548861051108,2.790688225578315
none_moving,345,7803,135.70434782608694,42.98664421219529,1629,28.330434782608698,43.12601327357717,39.14823681817724,20.23156762946917,17.66637595784941,12.82655687969533,7.119527455791764,2.7359329709942086,39.332777484221246,19.654669160091345,18.426028724098366,12.646743286335806,7.4735602920564475,2.7954299495219064
none_moving,346,7837,135.90173410404626,43.01180945700018,1633,28.317919075144513,43.12699798784374,39.14194053972173,20.27484087163857,17.689256445117707,12.79431238248939,7.03546845931608,2.7387433230639204,39.33313252586418,19.66921156006273,18.431077316780605,12.620705422686264,7.338605406594589,2.805374719975345
none_moving,347,7851,135.7521613832853,42.938081953123685,1633,28.236311239193085,43.132460961090835,39.119352553077846,20.17867785772951,17.601909282924733,12.78999721509097,7.085383484333095,2.718307306731291,39.32138570198914,19.74597004912795,18.48766499974252,12.644944235909998,7.232764719844178,2.7914902950801475
none_moving,348,7882,135.89655172413794,42.93876835071651,1633,28.155172413793107,43.14524175678865,39.10856005719594,20.21610730499283,17.625412475346582,12.803830629825836,7.053092550777786,2.7382924394218136,39.32481183054047,19.798439077198115,18.52617054118392,12.671289349278673,7.194462297225889,2.7906681577618864
none_moving,349,7894,135.7134670487106,42.97524762110477,1634,28.09169054441261,43.144382259187395,39.17640442084984,20.21452083609037,17.637592259409985,12.827941934459389,7.124037161465354,2.7473584985892043,39.32255545199537,19.861998590150648,18.601241002490106,12.694826295922757,7.142758073560559,2.7891341239324743
none_moving,350,7927,135.89142857142858,42.91745598460237,1639,28.09714285714286,43.15581028570847,39.10838102137903,20.184645232211995,17.540046451503095,12.84106542365118,7.122685401032856,2.735992428075487,39.33456779144892,19.907915123747994,18.65220909014501,12.708925259691082,7.129226670917228,2.777950891047518
none_moving,351,7941,135.74358974358975,42.949492469933645,1644,28.102564102564106,43.16288620859082,39.16267753176785,20.24439710003822,17.618351033614513,12.80460561677607,7.055582552209034,2.7328500872052794,39.34485354178843,19.9233039681376,18.666270155834706,12.689821703181204,7.16850271449093,2.787389830003779
none_moving,352,7972,135.88636363636365,42.95809229889296,1648,28.090909090909093,43.147200531247115,39.193150550539805,20.228703244943887,17.628922177835083,12.787098925979844,7.069184934608302,2.741169764220945,39.330738833082954,19.921028699744614,18.658618415656115,12.662216318841072,7.11869331759011,2.790757371995092
none_moving,353,7984,135.7053824362606,43.02022696298563,1657,28.164305949008494,43.09922165752085,39.21681269480871,20.28248789505406,17.696784061706882,12.746129358005277,7.093505345150482,2.751008551379822,39.268751628893156,20.018783850908815,18.7498736445288,12.763190787846215,7.163718827308414,2.778639496126917
none_moving,354,8016,135.864406779661,43.001870441351286,1665,28.220338983050844,43.05713125830124,39.144834335369424,20.279912694883848,17.73267565755818,12.78535518143177,7.154562930517285,2.744462872654137,39.23119297818239,19.987525462499026,18.729394385788492,12.719226705110385,7.057787617772611,2.771728173248269
none_moving,355,8030,135.7183098591549,43.078134358553875,1675,28.309859154929576,43.03248004501543,39.23583886922186,20.248099905378307,17.696918597208086,12.817491452321487,7.158956126934071,2.750353778546189,39.205576100591045,20.004647261941315,18.75191938810746,12.74970971077346,7.078702618945747,2.7779872230887754
none_moving,356,8061,135.85955056179776,43.019725138050894,1684,28.382022471910112,43.03779515358699,39.22049466844463,20.23747127895112,17.753187352614624,12.824303555335135,7.222009715522854,2.748269318059269,39.22379118869946,19.93877413481977,18.686338322217214,12.6678788680149,7.052647467276267,2.785060903292197
none_moving,357,8074,135.69747899159663,43.10108025722684,1689,28.386554621848738,43.041372616104375,39.29701688684529,20.368453916608964,17.911453544686744,12.844256034063521,7.130828537142896,2.7459251669832727,39.22374189215806,19.988919175249936,18.74030268827613,12.748349294870788,7.142773286253482,2.785961254239259
none_moving,358,8108,135.88826815642457,43.165433173694744,1696,28.424581005586592,43.049577575752124,39.36085761270885,20.359965209318972,17.89425040256821,12.861208398962475,7.157752535144319,2.746307481883807,39.23482620258291,19.97235053335407,18.726677331131775,12.746370632555536,7.189306043349025,2.77339382252926
none_moving,359,8117,135.66016713091923,43.20663218065582,1702,28.44568245125348,43.03191417205073,39.38120383878072,20.312207530013072,17.830092950545104,12.957620284510192,7.3260049199733945,2.731578776664569,39.224747722720025,19.989139075563326,18.753687459311735,12.762377807113168,7.275303103280851,2.794798610450178
none_moving,360,8151,135.85,43.224433857892436,1702,28.366666666666664,43.01122424236807,39.35501398378763,20.318346220211808,17.80224875909587,12.984503371233773,7.299213948983701,2.7610328231656776,39.192397512528956,20.013604600607234,18.77480188969019,12.789804868732881,7.239462574602322,2.791892007734412
none_moving,361,8164,135.68975069252076,43.151286523512525,1706,28.354570637119114,42.99560233056092,39.283940286816296,20.30113734401832,17.731771172633685,12.853466976700021,7.324795368521616,2.7678001385396795,39.17797769923027,20.025844270356473,18.790092543130203,12.816190799393034,7.313942350481432,2.7807957769636493
none_moving,362,8196,135.84530386740332,43.19016065008911,1706,28.276243093922652,43.02600467636936,39.34972974319195,20.25063261630057,17.769786276014088,12.795276893701804,7.216298295192508,2.776424986600304,39.23114353354817,19.97240297230195,18.730346748031007,12.765678237765453,7.314557411115624,2.789883419470748
none_moving,363,8209,135.68595041322314,43.11284814064105,1706,28.198347107438018,43.0392308264727,39.26430794257321,20.291013214037296,17.75802596291846,12.829833859499361,7.302102803474191,2.761040753053163,39.25421598290985,19.950932950817304,18.70403248347084,12.756942564488693,7.364045935391709,2.789762170738846
none_moving,364,8241,135.84065934065936,43.109943665735905,1707,28.137362637362635,43.03713111043849,39.27025492886089,20.2661220067225,17.726344510989907,12.798113208234172,7.239470279271288,2.7445867962937025,39.255848255145835,19.905997286468747,18.646147964877304,12.734273106871091,7.396553115343438,2.793241374922269
none_moving,365,8254,135.6821917808219,43.110433769437776,1707,28.06027397260274,43.03992741299378,39.28369206283648,20.298963799852483,17.72259553284438,12.824293107311275,7.258740964412995,2.7183733388621176,39.260664993698065,19.8781172548713,18.611022222499386,12.721280832305775,7.423519653021129,2.793142185033612
none_moving,366,8286,135.8360655737705,43.12995129387565,1707,27.983606557377048,43.0460834748461,39.298320210265146,20.294040049273963,17.72911830807784,12.834538359537866,7.223945427133531,2.728605960837094,39.26741392350461,19.859649235355466,18.588562327029756,12.713618660175884,7.444552986281486,2.7933504254538364
none_moving,367,8299,135.67847411444143,43.05651769047931,1709,27.940054495912808,42.999230927804135,39.23548945179158,20.274567655450852,17.719571296822572,12.823961374250075,7.187392378956147,2.7415312940789915,39.226508900365836,19.884504753084187,18.61604363269212,12.748588221588129,7.566068103645231,2.771386932309242
none_moving,368,8332,135.84782608695653,43.05188762986016,1715,27.96195652173913,43.13245772463367,39.201320276899025,20.283215279674515,17.655919633817202,12.884823112465094,7.271605037126166,2.734326747821832,39.322188963998954,19.881449476089458,18.61303838646913,12.79494205879469,7.658011574658891,2.8080892854335184
none_moving,369,8346,135.7073170731707,43.046345303858466,1722,27.999999999999996,43.142336568825385,39.17335899114456,20.26889861817795,17.617301830553135,12.85538118705951,7.058692674300554,2.7401269456342177,39.35126164088111,19.839800723781654,18.568731987204902,12.737379247939998,7.591746849657882,2.811529985928882
none_moving,370,8379,135.87567567567567,43.10807570956005,1729,28.037837837837838,43.05674250242162,39.234635346876985,20.329193726244213,17.66542499782466,12.83546906343298,6.986854383811184,2.741922401911226,39.294286470826094,19.80736507730482,18.53001676714505,12.65413727367765,7.457785332359903,2.7970369001258555
none_moving,371,8393,135.73584905660377,43.13848069555878,1737,28.09164420485175,43.18288072011805,39.2731289225661,20.35810838972308,17.68820664662956,12.910646988945366,7.222885977656466,2.735058050436731,39.38496255837917,19.83618800514075,18.554292605845,12.71611995207461,7.501227061612597,2.7955514688124867
none_moving,372,8426,135.90322580645162,43.10359465954481,1744,28.129032258064516,43.14857783255363,39.2628509153448,20.356628880027415,17.736057310777618,12.899278561064449,7.272509287153278,2.7371598664809014,39.348343002894374,19.849382081750367,18.574113321526653,12.703505500669278,7.513364657749032,2.789195374769118
none_moving,373,8439,135.7479892761394,43.14751429576086,1752,28.182305630026807,43.149946417096345,39.30147053885351,20.2847426506389,17.684391997331236,12.885960371392505,7.392848969741373,2.73890199505097,39.364763013864184,19.82097567263932,18.53772721333855,12.665497909521736,7.420796348103083,2.7942201858296047
none_moving,374,8472,135.9144385026738,43.079590996151154,1759,28.219251336898395,43.2566166911339,39.23480397445199,20.27325435634521,17.662459724081213,12.864715886183806,7.401108029786449,2.7485742763872776,39.47835248800608,19.7884902300061,18.503419815720854,12.640400119377116,7.485727123161213,2.800474528516913
none_moving,375,8485,135.76,43.13952524342139,1759,28.144000000000002,43.27601853467265,39.27617146746789,20.31316536673105,17.733820479990072,12.819213296276171,7.132944312078577,2.748270834507274,39.49985842014941,19.783632743047036,18.496440509419198,12.628543724312802,7.47963616405355,2.7977794515183114
none_moving,376,8519,135.94148936170214,43.14523017266629,1763,28.132978723404257,43.26966142422784,39.281226703918904,20.338593756846503,17.767137005144185,12.804431869279341,7.082318398993548,2.7557643934712113,39.49513068078413,19.79341310386368,18.509577217333565,12.622213014002538,7.478256419154374,2.794259122276464
none_moving,377,8532,135.78779840848807,43.20858871631022,1763,28.058355437665785,43.31378547986377,39.28705458862977,20.42239971699918,17.88347111602159,12.883963520712763,7.130924565469125,2.7523910070270614,39.5512028888577,19.77698482201851,18.5175182645275,12.63278379977705,7.514828913138446,2.7994900704801915
none_moving,378,8566,135.96825396825398,43.19441822937796,1763,27.984126984126988,43.31441993059197,39.31990448540362,20.351461115516944,17.813265090400684,12.850849691362045,7.177825477215616,2.7554330544244783,39.5534412830025,19.77037809860602,18.524191657484373,12.636234665758723,7.530746557817634,2.7994403760220785
none_moving,379,8578,135.7994722955145,43.14913946650348,1764,27.926121372031663,43.330339217710474,39.30101826046576,20.262115825547255,17.686480440186976,12.777446500875842,7.056809303562386,2.7476258078613434,39.56718997227978,19.768889733052404,18.531779099590068,12.647058676304654,7.556178642696949,2.7954534967572306
none_moving,380,8609,135.93157894736842,43.06068000276521,1767,27.9,43.35203437206664,39.23178940392242,20.254562388945686,17.603725477960175,12.720492828577154,6.995025505211415,2.730516327488129,39.59762831552112,19.7511380852977,18.51559806737639,12.64430955742955,7.627693522479946,2.7798204047007764
none_moving,381,8618,135.71653543307087,43.080466853018706,1773,27.92125984251969,43.3274177081562,39.257004513223656,20.335302845583417,17.69210604388173,12.7663979797054,7.093369285910959,2.7402400931106734,39.55809544694666,19.753385231570494,18.522608193188127,12.638461096119608,7.5167282601033945,2.784012706112781
none_moving,382,8651,135.87958115183247,43.02649091834065,1779,27.942408376963353,43.313758572744604,39.22468578749195,20.232622875424166,17.651512399393635,12.784159079760462,7.117018770331541,2.7390369086755237,39.53868037611702,19.786287503144578,18.554060426835427,12.670203040837128,7.543939876301496,2.771303219273053
none_moving,383,8665,135.74412532637075,43.141755258203645,1784,27.947780678851174,43.29464382214883,39.322640636640834,20.273219442827557,17.735986747005093,12.803090705034297,7.125937002074489,2.748769107486614,39.50840462223759,19.825407317980662,18.595661066145865,12.69940661071868,7.516251104503161,2.7855871117320694
none_moving,384,8697,135.890625,43.17469688413511,1790,27.96875,43.31560352832968,39.36052799886939,20.22575537667888,17.676678278679155,12.810716210671563,7.133885965967841,2.7213355749695,39.523608370136316,19.791040808133104,18.555350025243847,12.662081854686805,7.41532296481371,2.7918612133588425
none_moving,385,8706,135.67792207792206,43.15267325774018,1798,28.02077922077922,43.30718955341375,39.33012873067881,20.239131829446908,17.731641535110786,12.829648666576519,7.046094416572358,2.735789467944558,39.489455860764856,19.765312061615997,18.51837239340235,12.6641375768677,7.434896486629145,2.7745663643313794
none_moving,386,8739,135.83937823834196,43.05040951508163,1808,28.10362694300518,43.3361014505324,39.255058738773,20.22979432164628,17.729694566202618,12.828652911621074,7.155282703520276,2.736529745680046,39.5240845695085,19.806630380194935,18.571674155386113,12.700407784700241,7.54338701320967,2.7827527635471783
none_moving,387,8752,135.68992248062017,43.06734134082126,1817,28.17054263565891,43.27407307866158,39.253422979899504,20.26071931278699,17.716300456452487,12.74017745489533,7.051367827803424,2.7215687636563737,39.46314778169098,19.860464127555076,18.639116574623593,12.758554838589998,7.569475485324822,2.7823717949069424
none_moving,388,8784,135.83505154639175,43.04102103358311,1828,28.268041237113405,43.28141029137013,39.2351467610584,20.25553547145981,17.781243348084114,12.711169569389424,6.986444066591644,2.744850127811545,39.431863300996255,19.810042806310502,18.545308454328328,12.693596140603297,7.405109408809409,2.789682368655581
none_moving,389,8797,135.68637532133675,43.043431973239535,1835,28.303341902313626,43.29154378204303,39.234675961453945,20.245016951759357,17.76556716975265,12.785038531820904,7.0404998788474416,2.7460425571562377,39.44692011279433,19.793744433412655,18.527085289156904,12.699212509643196,7.433619371563923,2.7830952605084205
none_moving,390,8828,135.8153846153846,43.04846750067017,1839,28.292307692307695,43.31949689002658,39.22590907241242,20.259722088789385,17.795014875270788,12.835385777199075,7.171612485987902,2.758544280004692,39.51428663027483,19.82651561388894,18.563967162651643,12.71116401383741,7.521254229895263,2.7832276865672196
none_moving,391,8842,135.68286445012788,42.92721651478738,1845,28.312020460358056,43.32576276678261,39.07803578188919,20.283371825010875,17.766608124771995,12.868386010017462,7.218524678032686,2.750782323622874,39.48025839355933,19.78229310048587,18.519123157597004,12.709457341696112,7.5092752728057945,2.786627897169771
none_moving,392,8872,135.79591836734696,42.95854821399237,1847,28.270408163265305,43.31966425842805,39.120064972655314,20.268246441516744,17.767067461534925,12.872857649226459,7.189183447418196,2.746760261392875,39.45327640907472,19.801636654944627,18.541496230563496,12.745956664035853,7.571414577551276,2.7899398709036016
none_moving,393,8885,135.64885496183206,43.008529530779214,1847,28.198473282442748,43.32472544186223,39.148922131665074,20.31444553581735,17.793128727589156,12.894601384634077,7.215016090775686,2.745403931499989,39.44896496023766,19.80610899257255,18.54710507859857,12.762747507472437,7.611461437263723,2.7919453226729196
none_moving,394,8917,135.79187817258884,42.9478278617672,1848,28.142131979695435,43.29666539438495,39.10509769565478,20.27327599121164,17.705942322551177,12.866897840149548,7.261396514601181,2.748220053370837,39.42269907458636,19.787526032039914,18.537782501738075,12.756520007770227,7.612340881195343,2.789933215392709
none_moving,395,8927,135.60000000000002,43.00370446779232,1848,28.07088607594937,43.28009395638191,39.17460740832807,20.219865480484824,17.6646243924419,12.812586455008839,7.175179797352832,2.7525376835575104,39.40885307936942,19.773541043664068,18.529293956876412,12.751096923302281,7.616463606175168,2.7909868154333872
none_moving,396,8959,135.74242424242425,42.93083445726859,1848,28.000000000000004,43.26915255861685,39.07594297069606,20.251076361909412,17.712681463955708,12.82297016639345,7.227280472735187,2.7471537491405575,39.40104546299577,19.763423554621962,18.522638645349655,12.74702051740707,7.622804449887478,2.791601009559753
none_moving,397,8971,135.5818639798489,42.98262087648771,1848,27.929471032745596,43.26163846864925,39.09539860366669,20.37139405157543,17.83889742838852,12.92099612308991,7.385777959180065,2.7522783392058336,39.396752667903364,19.755818621510873,18.517272417251448,12.743834018157534,7.62930906659527,2.7919972398963684
none_moving,398,9004,135.73869346733667,43.11079085008247,1848,27.85929648241206,43.25595694191727,39.24703480130311,20.401303428580924,17.84091687783863,12.909802219180932,7.419627090139516,2.756689641662361,39.39426557516968,19.7500399776891,18.513006428774556,12.741311058088993,7.635354099785774,2.792231626784592
none_moving,399,9017,135.593984962406,43.14967225213263,1848,27.789473684210527,43.25130219542284,39.284349993227444,20.410770769725545,17.915749040004304,12.872468143131933,7.374039464913861,2.7676566637904054,39.39270867588259,19.745532509855487,18.50956068520033,12.739233222678678,7.6405594431984225,2.7923616012606955
none_moving,400,9049,135.73499999999999,43.12702111517648,1848,27.72,43.24719064649356,39.269790173332595,20.34906867007519,17.887551273346105,12.883692749533743,7.416536112150566,2.7421754837229355,39.39156642408638,19.741933582587624,18.50673928525916,12.737467203300964,7.644848538048326,2.7924170010610587
none_moving,401,9060,135.56109725685786,43.18024652028596,1849,27.66583541147132,43.222893278090595,39.348147527004876,20.334910206044142,17.843614963469363,12.908788155839188,7.4170023563775995,2.7504207507313474,39.362777687001326,19.7607931715784,18.52856169655707,12.757732358613184,7.628490409988282,2.793266230979057
none_moving,402,9093,135.71641791044775,43.1364316294867,1849,27.597014925373134,43.20808461834867,39.29113312260772,20.271798887545817,17.70122194710941,12.890655012654106,7.349863822440012,2.742000752042427,39.34675334853809,19.770067467624507,18.5393242562438,12.769468659404346,7.64327259074345,2.7968788495707675
none_moving,403,9106,135.57320099255583,43.196040647596774,1852,27.57320099255583,43.177324210537094,39.32457977998819,20.29904776297638,17.773548872665607,12.921556233885662,7.29102331590384,2.7315883960956313,39.318650620902716,19.78858672079259,18.560957312721687,12.7905396484671,7.685874383423045,2.790413691064387
none_moving,404,9139,135.72772277227722,43.12278683663748,1854,27.534653465346537,43.180208497376235,39.26177211063606,20.287500067404917,17.776658200272127,12.919917780190389,7.3342621440581715,2.7300635190512734,39.30622850084858,19.82121263117124,18.593097198994805,12.784541796424696,7.597969654115175,2.7847848851037753
none_moving,405,9151,135.57037037037037,43.158457809443604,1854,27.46666666666667,43.19751051404345,39.352214004964836,20.233644428339602,17.7084606029324,12.838831509325562,7.219494152824014,2.7426678220404965,39.322022122856325,19.826043666449515,18.596501749475948,12.781580644549386,7.57707186897954,2.7842456813531617
none_moving,406,9185,135.73891625615764,43.143373575932905,1857,27.44334975369458,43.18512359447204,39.35893546408691,20.20927062473476,17.65446993323858,12.828001790348853,7.291030600731817,2.7438236241149108,39.311205556912185,19.83844342006102,18.608684675635207,12.78394348430105,7.5697016090265725,2.773491710830654
none_moving,407,9197,135.5823095823096,43.22271920210084,1859,27.405405405405407,43.14555240451231,39.43090728620625,20.2754146995221,17.7940809398348,12.880449832271838,7.4463199572545,2.735390931699066,39.262531533748366,19.90994447378039,18.678046423152857,12.824044557969415,7.567171222484204,2.763467017804205
none_moving,408,9230,135.73529411764707,43.24279323398167,1866,27.441176470588236,43.15821473912809,39.422083917330575,20.313287267827402,17.770184874432516,12.856714176154302,7.401654890814497,2.732893092168166,39.27578702329163,19.889853308001292,18.645839715240065,12.814053352509577,7.507999926990964,2.77830014436623
none_moving,409,9241,135.56479217603913,43.20892313069245,1874,27.491442542787286,43.20074299362202,39.380252733694114,20.320141150951795,17.814631182352407,12.827050229070814,7.305100396568462,2.7457378476422094,39.30622444598921,19.89052322122948,18.62658629158421,12.846006328394202,7.498565063136643,2.7872588281645605
none_moving,410,9274,135.7170731707317,43.13465912069543,1884,27.570731707317076,43.1628096748907,39.295136412396396,20.271284002903716,17.830157061783417,12.85321406011549,7.223269173415554,2.7513656997186744,39.279227306008664,19.88626349838537,18.607924905747534,12.837129479744085,7.581168664519253,2.7566267443397083
none_moving,411,9288,135.5912408759124,43.164400082377,1896,27.67883211678832,43.121905709412594,39.31460483320389,20.380860866220885,17.872435356754686,12.91199282263723,7.433725360545701,2.7500721027737733,39.24267499260109,19.894787652101098,18.606545873526475,12.827306718645055,7.5638385166232025,2.7665856638746464
none_moving,412,9321,135.74271844660194,43.14996133093712,1904,27.728155339805827,43.15181635847571,39.26369678147536,20.34954004455986,17.80742576818176,12.9401012803017,7.445010313789292,2.7517639384084225,39.260876041204725,19.85013296712238,18.55194243494295,12.758594046047577,7.42653053686005,2.7790730582880445
none_moving,413,9334,135.60290556900725,43.08217847730891,1919,27.878934624697337,43.219111857788555,39.219366177520705,20.29713067722527,17.73587887452357,12.896503856217008,7.370363444209398,2.754091649929135,39.297639362483736,19.89057642760717,18.58506652307043,12.825307929878782,7.508087839396702,2.7686851037973956
none_moving,414,9367,135.75362318840578,43.07300133941025,1932,27.999999999999996,43.16621573436589,39.238647611987034,20.324003863819904,17.77160439739493,12.857690993972872,7.303137732663763,2.744514481016256,39.2331037623655,19.89378981336247,18.561929471666787,12.834151801770345,7.654669569956957,2.7848402767451206
none_moving,415,9378,135.5855421686747,43.08151662547404,1941,28.062650602409636,43.22549646408162,39.26183064630915,20.239728825489127,17.721292670517762,12.786015927449878,7.099840096079586,2.7757993013334885,39.32320476351735,19.925662828017167,18.585553092599657,12.833965637411895,7.632766423201942,2.793400430176386
none_moving,416,9411,135.73557692307693,43.0204336109157,1950,28.125,43.22179220865184,39.23031116491536,20.24897537388707,17.74005998467686,12.77267763528362,7.167608503685315,2.770680768199321,39.338376290967645,19.91232179008853,18.574105500135698,12.784397960663055,7.580813743430171,2.7909021203136097
none_moving,417,9423,135.58273381294964,43.03150664465163,1959,28.18705035971223,43.24638501085015,39.192051935043594,20.367997107592455,17.828788969037184,12.903423571892931,7.364813396072729,2.7488745736216145,39.379958604735656,19.958166809396175,18.63953434394336,12.83228248333813,7.573873071598003,2.7936649839607375
none_moving,418,9454,135.70334928229664,43.11147318895781,1964,28.191387559808614,43.269158876189714,39.24880975013021,20.423043191462508,17.91002910987901,12.96326213514077,7.451564361701358,2.7499910552320825,39.38086451034561,19.9607390794424,18.64250002298306,12.83591595919656,7.555395039918528,2.783195802865925
none_moving,419,9467,135.5656324582339,42.9992992992914,1969,28.195704057279237,43.31985377018098,39.19462040039919,20.282196529435918,17.745470205696797,12.890021715502671,7.4254517931142,2.74984953256639,39.44611001742845,19.96463309494671,18.64878136238283,12.84437387109747,7.610823511811259,2.79183399812823
none_moving,420,9501,135.72857142857143,43.03991472988489,1973,28.185714285714287,43.361499743854594,39.23861599801269,20.340734162337547,17.812953618333665,12.835636987651384,7.3750398109034965,2.762384037501106,39.50400597782934,19.984566654337684,18.679507968117786,12.828781324303128,7.568898446661633,2.7946489712267764
none_moving,421,9515,135.60570071258908,42.97057808466522,1976,28.16152019002375,43.38895523376651,39.17232862681564,20.288854410751863,17.74022315204912,12.85412460748044,7.395974177371127,2.716847083354362,39.56071673365624,19.992925438546443,18.693707169429437,12.800252932490578,7.519503843769236,2.805210198331525
none_moving,422,9548,135.75355450236967,43.05896731919566,1976,28.09478672985782,43.35575083442264,39.22560214158705,20.286187650551394,17.744640918601384,12.894130540076779,7.3765472510908054,2.7345503911895106,39.539285506257876,19.912310529223152,18.64645199586459,12.768385622531403,7.558201523421075,2.797340787071555
none_moving,423,9559,135.5886524822695,43.05434699762574,1976,28.02836879432624,43.338521367519476,39.191125343395626,20.263961371496848,17.732369363174975,12.829495164258008,7.261551317302775,2.7437366282676963,39.52733838650406,19.86004940207125,18.613751109340363,12.74676871954183,7.545816426965475,2.797527139571192
none_moving,424,9591,135.72169811320757,43.06065406443299,1976,27.962264150943398,43.329304816915325,39.199859145248226,20.221732328927278,17.657001267818664,12.81503138112145,7.25677967614412,2.7300492297445333,39.52070909635963,19.828415015703772,18.593407046693564,12.733997633851573,7.541422104657528,2.7973341572624153
none_moving,425,9603,135.57176470588234,43.01616896972146,1976,27.896470588235296,43.32578305024521,39.168097827529124,20.284993113909298,17.7152341650407,12.854522911272463,7.2103067613768035,2.743983301486461,39.51833204661946,19.80863286477214,18.580102783992338,12.725953710692245,7.53965193416053,2.797255864234047
none_moving,426,9637,135.73239436619718,43.0421965911352,1976,27.83098591549296,43.325167025028776,39.196491691229205,20.31984565094086,17.7499027669851,12.900176789688562,7.362482847860959,2.7478807311191873,39.51818449714169,19.79636764900695,18.571573689558974,12.720979422166428,7.539898683673798,2.797147631961615
none_moving,427,9650,135.59718969555036,43.0419907115146,1976,27.765807962529276,43.32628714262646,39.202100451460176,20.256062595813404,17.68482114919614,12.879184814868214,7.289636723135942,2.7454999565262592,39.519414970222485,19.78865865308914,18.56598628765224,12.717817059449382,7.541008546952447,2.7970589911159824
none_moving,428,9682,135.7289719626168,43.11305839580268,1977,27.714953271028033,43.328288626160926,39.27050668086548,20.30111392414646,17.755110847054155,12.884118983571739,7.258480443933638,2.7578697741583413,39.52134484136805,19.78381433398122,18.562318193315058,12.715788404696347,7.542555723014319,2.796977508067374
none_moving,429,9696,135.6083916083916,43.070164924060755,1977,27.650349650349646,43.27118944072212,39.23135091780806,20.349014964767452,17.78112247999243,12.844019648631447,7.2409947481735815,2.736518494995028,39.48041202011693,19.75829885378278,18.533992939768943,12.675859554723338,7.4873585130548275,2.7937970826392027
none_moving,430,9730,135.7674418604651,43.10015560052673,1977,27.586046511627906,43.246722851251526,39.267258003719135,20.36067848175802,17.77738052059116,12.781014017799375,7.137082032439612,2.7270774838646354,39.460615913967914,19.773040626077464,18.548807843275007,12.682440868929952,7.483214102550249,2.794363957709416
none_moving,431,9743,135.6334106728538,43.072921468901335,1977,27.522041763341065,43.23057263296006,39.23735448898353,20.355353999310235,17.816465655037845,12.786604146390168,7.1930664440589345,2.7297350752349603,39.44731158710398,19.7837397687048,18.558687149038565,12.685209565640921,7.478849609473462,2.7949194373640585
none_moving,432,9776,135.77777777777777,43.129607989225036,1978,27.47222222222222,43.202055992983325,39.29072676894775,20.35193398323533,17.872489425954246,12.77785742550438,7.155503934343221,2.746734048700149,39.41626727988245,19.80976646562382,18.58589428727658,12.709208860427657,7.474883696891973,2.8011756001379142
none_moving,433,9789,135.64434180138568,43.091845033162855,1980,27.4364896073903,43.181320247267145,39.26911869148268,20.33649996930946,17.757207712340026,12.750632117362645,7.1732925827572345,2.746514537985943,39.39388955103167,19.826821370463385,18.60606848861716,12.703196752628692,7.436499460547736,2.811757537503518
none_moving,434,9821,135.7741935483871,43.098423040935664,1982,27.400921658986174,43.10584697848923,39.27460417256867,20.28910431447537,17.686407442575558,12.770196103207898,7.153277783722643,2.736997611502992,39.30215896729557,19.91379123999887,18.686771813259032,12.769757338902961,7.339470420697491,2.804084673888791
none_moving,435,9835,135.6551724137931,43.02331190745744,1983,27.351724137931036,43.023771899701266,39.17577586205125,20.269779945845194,17.684890348389786,12.742469050924756,7.031559768848717,2.7409503746069594,39.21780650323702,19.893175319997393,18.650798830487965,12.759246491154535,7.312547772045908,2.801316323241064
none_moving,436,9869,135.8119266055046,42.98132214823285,1986,27.3302752293578,42.97466401674245,39.11644872716755,20.21267640596696,17.647158622135105,12.739531580167977,6.918714470825334,2.7444521445953822,39.16759152186458,19.887123566246377,18.633743231880523,12.76318776766669,7.319803945684618,2.801284532133717
none_moving,437,9880,135.65217391304347,42.94683533229389,1986,27.267734553775743,42.92381608462843,39.078274330242934,20.204811104039585,17.600104079959557,12.758129768010463,6.9600228519385325,2.734021283391549,39.081276756185666,19.904877817382722,18.64562027252341,12.802395117075712,7.313979779696072,2.7970869615452085
none_moving,438,9912,135.78082191780823,42.978497820787695,1986,27.205479452054796,42.88935001947835,39.11714238724054,20.156754637577794,17.548971312924483,12.745747466259061,6.924482405405426,2.751400397444879,39.02673669633659,19.91989730015089,18.657444379800253,12.828262040148129,7.336599621551137,2.7978228935188687
none_moving,439,9925,135.6492027334852,42.954507431610324,1986,27.143507972665148,42.86474497917818,39.07902109201609,20.233234056501328,17.667644438933443,12.843065463722766,7.1812655246562995,2.7578303097193984,38.992885106402,19.931495722871713,18.66733647976517,12.841012362332812,7.340603964794338,2.798288892944067
none_moving,440,9957,135.77727272727273,43.02134924867714,1989,27.122727272727275,42.90391174406074,39.14638954308811,20.32915028403193,17.759094411760074,12.853132011647421,7.238502273473413,2.747267617212024,39.02537389245346,19.905567463219278,18.627041078838367,12.872017856041296,7.4344111744871615,2.8121260606405487
none_moving,441,9970,135.64625850340136,43.04342724959821,1996,27.156462585034014,42.95190088037012,39.18788345880251,20.272929953999736,17.74359590912207,12.7885603343222,7.1688136640172235,2.7314919984891524,39.07110121650363,19.883138142604466,18.58715169213872,12.894666396132566,7.597626133867757,2.796168008757798
none_moving,442,10004,135.80090497737558,43.08773494839793,2004,27.203619909502265,42.893077284134264,39.20701313892825,20.38215346784753,17.817743680646988,12.760442356894892,7.079835033212419,2.748669977340009,39.006017581592786,19.926273498170858,18.63498631741948,12.939002375156736,7.632238219512463,2.742176643133062
none_moving,443,10018,135.68397291196388,43.12675199508234,2020,27.358916478555305,42.709884120746075,39.25371710921756,20.356910386064854,17.767370305715026,12.705970220721381,6.910506897120432,2.7443421890628708,38.853048001564,19.974266411547283,18.692967830165372,12.939156578696059,7.553813318465844,2.699215161579144
none_moving,444,10052,135.83783783783784,43.16558403607752,2036,27.513513513513512,42.758023079183694,39.32341611877388,20.3808981198712,17.806621522837013,12.692670107761385,6.946480793532517,2.760151975082226,38.863810776561515,19.99242175808994,18.72963868036754,12.93733404435378,7.490442483040277,2.77007727656814
none_moving,445,10065,135.7078651685393,42.973586969176154,2051,27.65393258426966,42.88278248046849,39.15811694652325,20.259768948262575,17.658470207355748,12.728519778083225,7.0282517294895674,2.7504583637046767,38.96363871432967,19.922217940789217,18.66706762762554,12.877684613167892,7.404227914254712,2.7774629586642527
none_moving,446,10099,135.8609865470852,42.914595155290655,2068,27.820627802690584,42.77631088397977,39.134354619466635,20.278890643308713,17.74110649414035,12.66399317385331,6.99333109782714,2.744203882407805,38.902571514161245,19.932823841993862,18.69231622449763,12.817049478433303,7.180618682981456,2.7883551003554885
none_moving,447,10110,135.70469798657717,43.035707416671535,2085,27.98657718120805,42.94992856021589,39.250339438561475,20.367495224644156,17.869982923922244,12.781816441058893,7.302679544405253,2.724411315951925,39.06863555180635,19.93798556466796,18.651155104145385,12.854454077465196,7.348596573606499,2.795818882197461
none_moving,448,10143,135.84375,43.13460392876071,2101,28.138392857142858,42.885817371174696,39.34283752140959,20.333168943487507,17.856483616406297,12.80899696523495,7.2736574383023695,2.744932815270231,39.0103618556178,19.936598813402846,18.656093522443392,12.802464179320527,7.294099510841826,2.7799904518423166
none_moving,449,10155,135.70155902004456,43.05343622234864,2115,28.262806236080177,42.871929300772365,39.27306712257611,20.31580779441819,17.803959611049613,12.818175626955874,7.256852815980677,2.7519460817059334,39.02122260508141,19.927366316533288,18.65723936525352,12.791081691575377,7.3130360485601935,2.7755665070063515
none_moving,450,10188,135.84,43.00606445170905,2121,28.279999999999998,42.892777260831046,39.250976659720855,20.21928340409279,17.725634882176813,12.807328833470695,7.251932188914898,2.7320877477086385,39.05621820772503,19.928436226876993,18.669307805586115,12.798783521086463,7.315619757978985,2.775350496500675
none_moving,451,10200,135.69844789356983,43.029122694678804,2124,28.25720620842572,42.884844153530054,39.25559952582018,20.232256605193406,17.69883930271979,12.82463502895229,7.345078433621121,2.7557973159451636,39.06157221616098,19.93504838585203,18.68630399857496,12.801115237634498,7.339554800204988,2.773827459918978
none_moving,452,10232,135.82300884955754,43.0908647259062,2124,28.194690265486727,42.890949125753224,39.29526622233775,20.283966767574004,17.802961168102918,12.854601933228514,7.28982608910556,2.758746377812316,39.11271890477555,19.887375149085642,18.64679167988724,12.764262136962673,7.373998992114364,2.7780806172063626
none_moving,453,10245,135.6953642384106,42.9542490029136,2124,28.132450331125828,42.89670182042109,39.13900775730775,20.217260207433473,17.629206626152527,12.815582754507815,7.245296217285669,2.7288032917772376,39.15007805738512,19.851579352980433,18.612239721142103,12.732142962012208,7.422749215180976,2.77787922937537
none_moving,454,10277,135.81938325991192,42.826105537121556,2124,28.070484581497798,42.90187112799205,39.02127317474322,20.115780700354257,17.514234420237234,12.776553643780105,7.165710888993198,2.7301126418716697,39.173020684357525,19.826228516902674,18.5859404593301,12.71183740406791,7.458673108532433,2.778028160458605
none_moving,455,10288,135.66593406593407,42.974028635666954,2124,28.008791208791212,42.90588729390782,39.18127041835287,20.20176335144312,17.70576723661131,12.825599449069319,7.159944015365254,2.7658624854841847,39.188073303097404,19.808435006935632,18.567000390406687,12.700800578083456,7.487066658724359,2.7780897243213096
none_moving,456,10322,135.81578947368422,43.02610530453131,2124,27.947368421052634,42.909252901564514,39.206783293591364,20.293641051019684,17.755194579040197,12.864978943927893,7.260842059995775,2.772922232828532,39.19885392749905,19.79563394673298,18.553322455127123,12.693383769109992,7.509577526520189,2.7781511014462406
none_moving,457,10336,135.70240700218818,43.03494020174349,2124,27.88621444201313,42.911928601111484,39.22729500148622,20.33439258985149,17.76428515898275,12.830561906260407,7.365336195033248,2.7679597822640014,39.206890812335295,19.786342225608642,18.543491729724547,12.688278505828801,7.52777293830583,2.778180867181884
none_moving,458,10369,135.83842794759826,42.94272157222013,2128,27.87772925764192,42.900942568332816,39.123458430948865,20.247220735886728,17.64003125311121,12.825935051834348,7.30564821606444,2.7331122742511056,39.16704555734,19.7485584743022,18.473431484351906,12.682682643158888,7.5538509276076935,2.7665952620256755
none_moving,459,10381,135.69934640522874,42.95645197082714,2132,27.86928104575163,42.87769076967047,39.120058758631004,20.27253994123984,17.688083695867107,12.789400051479383,7.103389159736553,2.7458413116245985,39.16993279031744,19.71669867346063,18.458699063890723,12.65965446749606,7.565621669163967,2.7798119529906686
none_moving,460,10413,135.82173913043476,42.9721061882061,2136,27.86086956521739,42.9269216057111,39.13303950203191,20.254168811085375,17.746663817543887,12.820620007430838,7.139378191734052,2.755399157520965,39.234379600333725,19.75274851372173,18.510872918592444,12.681646759138236,7.60656192950868,2.778706769288971
none_moving,461,10427,135.70932754880695,42.844793896840855,2140,27.852494577006507,42.91819839237899,39.01872151580785,20.291578555983616,17.71566864792895,12.852634397498537,7.210234556946216,2.7306686751499507,39.192420581508216,19.774321064975037,18.541915061677077,12.714096674747308,7.544304585761121,2.7696576625803444
none_moving,462,10460,135.84415584415584,42.884805240891666,2144,27.844155844155843,42.95024775257924,39.06621932054226,20.231533544848325,17.586351291468482,12.835329552028162,7.1582233505452395,2.727972423002078,39.233920996450124,19.8131202712353,18.59812504267482,12.738896283583374,7.641506469871213,2.7779636501760274
none_moving,463,10471,135.69330453563714,42.964007199521916,2150,27.861771058315334,42.95917234422202,39.16814342677331,20.192715207327744,17.608706210935157,12.792682974240005,7.12774888692132,2.739294750812909,39.25263726122579,19.794023449063108,18.60247349646377,12.711771236107493,7.5172016569328814,2.7878395267052976
none_moving,464,10503,135.81465517241378,43.008049070998396,2157,27.89224137931034,42.87786065775937,39.19513605768755,20.268362349089518,17.68263253496358,12.783045063627904,7.108181411088457,2.749167346621163,39.17217707064693,19.82396849122908,18.6271387559052,12.720623470519419,7.4252293086682055,2.780628196874467
none_moving,465,10516,135.69032258064516,42.976208357095125,2157,27.83225806451613,42.82035121613656,39.14128184404558,20.307295063117987,17.724082881162992,12.832571421660871,7.095982104468509,2.738684526905231,39.12025646292409,19.782994045769748,18.58724055383041,12.648752073175794,7.175097152167112,2.785682415652793
none_moving,466,10549,135.82403433476395,42.956407730207566,2160,27.811158798283262,42.805613198917186,39.103415746590635,20.395269710930855,17.831713259611224,12.846785157605192,7.18329480649882,2.7406443932561286,39.09741676060215,19.799257548024073,18.60629241177957,12.653750798435311,7.150466930024832,2.7888343536208677
none_moving,467,10562,135.7002141327623,43.07956119080505,2160,27.751605995717345,42.82892959033282,39.22283910456317,20.3524915054965,17.82570633660509,12.874394357124535,7.291989702013794,2.745943894975113,39.115657016125894,19.83324469718329,18.61634741136944,12.663077835970201,7.1328528461978005,2.795781534772704
none_moving,468,10593,135.8076923076923,43.080053463143,2164,27.743589743589745,42.81082344000223,39.229963149241584,20.324349861858074,17.795900132186162,12.845371960165583,7.21606673358626,2.7468790520787025,39.08750782028749,19.88441347927392,18.659727261756224,12.683102851752444,7.0758841296986175,2.7808935343261973
none_moving,469,10607,135.69722814498934,43.113487736155214,2170,27.761194029850746,42.86646211367594,39.245058562990764,20.317168112468412,17.726810162844394,12.776096762756037,7.021072860306882,2.742988786268973,39.13414364743251,19.86485772722775,18.626566510849834,12.687508925485753,7.035050185362964,2.7846072931000503
none_moving,470,10640,135.82978723404256,43.096393257630616,2181,27.842553191489362,42.921498043532885,39.241093082065674,20.37596900395575,17.75806101928331,12.757265340697717,7.072733526052618,2.746768881365248,39.22183300424617,19.829027222963344,18.594220781712295,12.680570543187502,7.236923072675332,2.787373762275681
none_moving,471,10652,135.69426751592357,43.09833503648406,2199,28.012738853503187,42.93883581682077,39.26448300914457,20.41804351863177,17.795374085505067,12.726054570323239,7.064154696604182,2.7483941400043403,39.2485103132032,19.932561995266767,18.716064761020093,12.740919577237074,7.396504621007495,2.7752477019884614
none_moving,472,10686,135.83898305084745,43.133401422452195,2221,28.233050847457626,42.92376914292383,39.308152546098825,20.45136023004845,17.83439757541716,12.735937705526883,7.091697969966172,2.7505938056605683,39.21060276898084,19.948811019056244,18.713713728986626,12.76617937640188,7.47204494066596,2.7791228258069207
none_moving,473,10698,135.70401691331924,43.05162527451196,2243,28.452431289640593,42.96123682982051,39.2113728428357,20.35215553948077,17.73528754718198,12.813806467252597,7.139094019666173,2.735772800432901,39.19166188013091,19.87129029489896,18.63082527042308,12.759672663622771,7.474184604861144,2.796834085555967
none_moving,474,10729,135.81012658227849,43.02340796328856,2267,28.696202531645568,43.03841745879677,39.1633793274288,20.32721983239058,17.75914713327669,12.834817798775248,7.177753044670616,2.7480921062928267,39.247186220479556,19.853151410892636,18.612334292250882,12.7557528555564,7.363642305008832,2.7972387837852133
none_moving,475,10739,135.65052631578948,43.04976929802097,2288,28.90105263157895,43.091026102405934,39.16520119337888,20.346149880502335,17.788968789979585,12.832200699577404,7.134255981406894,2.7469298933787516,39.27060698894693,19.92110343005654,18.653326243299407,12.78220153050542,7.32797240835023,2.7973861626531886
none_moving,476,10772,135.78151260504202,43.08201958612635,2307,29.079831932773107,43.043370720883836,39.231493265197905,20.33576868169315,17.811387761238866,12.872427611633379,7.216913251463741,2.7276683118967098,39.208961624918466,19.83742282712678,18.550655753692055,12.696281939176258,7.187393081175505,2.8004538835037898
none_moving,477,10782,135.62264150943398,43.044545812330725,2322,29.207547169811317,42.99876999764046,39.23381945870126,20.29044578668924,17.832946183626735,12.791383623044059,7.1465118701040735,2.7334906130750314,39.15507809665871,19.875583889722616,18.615832314980835,12.774432889055003,7.390750836562396,2.787087666776171
none_moving,478,10814,135.7405857740586,43.01156638963067,2331,29.25941422594142,43.10161939822455,39.19451070006832,20.287689143388963,17.812167649049936,12.77245890578395,7.1119289329307955,2.747470636495591,39.22805300606786,19.93547608273594,18.67163931413258,12.878035265448178,7.454119987612046,2.8010496039833157
none_moving,479,10826,135.60751565762004,43.01879133654304,2338,29.286012526096034,43.08712218861895,39.164546813122755,20.308233197039772,17.79112411092951,12.78473813046195,7.264125624726454,2.7465830394995256,39.25409016777312,19.92323255534278,18.65202984179657,12.818616254666358,7.388026378042164,2.8060237954354137
none_moving,480,10858,135.725,43.07568622972577,2338,29.225,43.09362564220989,39.23709521994139,20.27099137392436,17.786220375796553,12.792766108081674,7.254041367615236,2.7397007463316525,39.27990963946205,19.93715540646497,18.659187579455843,12.823695806590063,7.415478855476211,2.803214157489993
none_moving,481,10868,135.56756756756755,43.041829736088694,2340,29.189189189189186,43.091758927923706,39.22833497836987,20.190232401166625,17.656994868551976,12.781542598488302,7.234754097689672,2.7534668848840433,39.288554150138296,19.9466070396723,18.665984542915822,12.819809602090734,7.4141280808714525,2.803625241037518
none_moving,482,10901,135.69709543568464,42.99514588432681,2340,29.12863070539419,43.096272255887044,39.21908216592189,20.218206288885597,17.70365064905434,12.748436813334107,7.199633122289186,2.7632336908680153,39.30182025956142,19.9497467109998,18.666897515734767,12.817822417587152,7.466472464914365,2.803549153903712
none_moving,483,10911,135.54037267080744,43.07266410549939,2340,29.068322981366457,43.09791997308066,39.28700698344832,20.28547230462317,17.780939272141474,12.776445614442434,7.311985363444835,2.7460955151281783,39.308307170150584,19.95202511686578,18.667617809262875,12.816258391802522,7.465408171097256,2.8026515809354557
none_moving,484,10944,135.66942148760333,43.10941328503914,2340,29.00826446280992,43.098496246022194,39.32968625721208,20.235410204721855,17.779983828704932,12.797409471210083,7.295663362357251,2.736481502787087,39.3117692219695,19.953388015482304,18.667759268555123,12.815327736586475,7.463060086988469,2.8019752806444496
none_moving,485,10955,135.52577319587627,43.052601353172655,2340,28.94845360824742,43.09831338833647,39.271002753656035,20.221806658071728,17.77769967894426,12.825752026172566,7.2886330052615635,2.7315399075086058,39.313482191894785,19.95423185867929,18.66766493801301,12.814640217917475,7.459989229927166,2.8014573289886604
none_moving,486,10989,135.66666666666669,43.08423648518049,2340,28.88888888888889,43.09767034580435,39.30713525456505,20.271711802602294,17.84258272429228,12.805581610183536,7.268122186319381,2.751827188560463,39.3142254424143,19.954730812058212,18.667430138746543,12.814081370026035,7.456774453682641,2.8010410278578317
none_moving,487,11003,135.56057494866528,43.038496445138385,2340,28.829568788501025,43.09673521659119,39.249767814017886,20.222612604391138,17.69931547736774,12.750010466133846,7.140754213417807,2.74367824408132,39.314407350144684,19.95499636454667,18.667114004084727,12.813581222741368,7.453634698887192,2.8006973244410625
none_moving,488,11035,135.67622950819674,43.08954461282443,2340,28.77049180327869,43.09561260434977,39.314322807204526,20.231130819947058,17.718082429232716,12.764139533832216,7.170092379518065,2.754804550329104,39.314254033258486,19.95509652062765,18.666747968486934,12.813109010919536,7.450673654208706,2.8004070956355873
none_moving,489,11048,135.55828220858893,43.02901810669047,2340,28.71165644171779,43.09436925567313,39.249529547625166,20.213551912849248,17.656950194167955,12.798786669213854,7.228534170053302,2.7407022992139574,39.31389371976563,19.955073726080496,18.666349455031543,12.812649972932174,7.447926411855296,2.8001582225577044
none_moving,490,11081,135.68571428571428,42.99271138568204,2341,28.665306122448982,43.09033661267652,39.22992945301036,20.223037198400192,17.697121231780283,12.804875425243495,7.249955170380784,2.7495179961951903,39.3113328723242,19.95693769091725,18.667661151256123,12.817842711848188,7.461616216321544,2.7973187409731177
none_moving,491,11092,135.5437881873727,43.03094214095337,2342,28.61914460285132,43.10721464225274,39.224983671968104,20.197489149284827,17.665519505798024,12.83099524438661,7.226047261670013,2.7453437451979594,39.33620325194859,19.925132681900397,18.641475254653546,12.791777348011161,7.452667920725631,2.7981668506968806
none_moving,492,11125,135.6707317073171,43.028180107631215,2344,28.58536585365854,43.10673211552915,39.213204280320134,20.191200247786284,17.655071200027876,12.83943814314684,7.190590220194486,2.7410321887025537,39.35095417178397,19.88025623268794,18.591435155552688,12.745054487220655,7.47930436527588,2.7892313440535523
none_moving,493,11138,135.55375253549695,42.9632023098328,2345,28.539553752535497,43.10872178511387,39.164762280124634,20.115897499597075,17.608814713548547,12.789195662790888,7.188934391801591,2.7488062429582096,39.34932682843821,19.79922175516668,18.500034062349634,12.694740426566687,7.464940262390984,2.7878283519627645
none_moving,494,11172,135.6923076923077,43.02258527359034,2348,28.518218623481786,43.10745048731046,39.21478449658572,20.138353732764436,17.678400436599073,12.785198468401095,7.11684401275338,2.752483415617743,39.33843638745027,19.780841643011374,18.49009403578791,12.692768579506911,7.468578004524683,2.7709525369776875
none_moving,495,11185,135.57575757575756,43.011378811747036,2348,28.46060606060606,43.11811432489961,39.206216016638635,20.238493437117143,17.781435223728142,12.88757321324307,7.230519318298308,2.7374677552135873,39.34989299657731,19.758781472621447,18.477570882023816,12.692207765412695,7.529064367058916,2.770116614138359
none_moving,496,11218,135.7016129032258,43.01723260122359,2350,28.427419354838708,43.13728301585227,39.21225843122901,20.251283324210455,17.8515054715592,12.913496983950058,7.283148325832604,2.7209221221676616,39.37170048811355,19.735979651918132,18.460126660385043,12.689882889913207,7.583062142125438,2.769825085843434
none_moving,497,11231,135.58551307847083,42.957051306130985,2350,28.37022132796781,43.14097488379086,39.170975929637066,20.19130181234295,17.72286326678543,12.884323205801888,7.339967559806843,2.7420185520518885,39.35714334096242,19.73378719028901,18.46853550959025,12.709848498240698,7.6380917685280485,2.767793209420838
none_moving,498,11265,135.72289156626505,42.88769189851725,2350,28.31325301204819,43.14715249503237,39.08244111289217,20.176280013935088,17.637508006759308,12.888913708210028,7.265434363453125,2.7408231534558705,39.35583000147143,19.72910691671115,18.47154944994322,12.725931793051622,7.692299361590919,2.7682528059651768
none_moving,499,11277,135.59519038076152,42.88704624951158,2350,28.256513026052104,43.15309586955022,39.067808652568935,20.153419723643058,17.583026152170696,12.827595734305048,7.135601536642679,2.734799562894016,39.35954564204154,19.724028655886517,18.472017730161127,12.734475797842325,7.7332380135215555,2.7686930616237633
none_moving,500,11309,135.708,42.93085846031647,2350,28.2,43.15837147923776,39.13440975443131,20.19652775646327,17.641891140697577,12.798915962208607,7.096643029224369,2.7417269848980133,39.365046858507135,19.71922401397038,18.4711387827197,12.739084988151015,7.76544102852493,2.7691635107126844
none_moving,501,11322,135.5928143712575,42.96287542250717,2350,28.1437125748503,43.16274935286808,39.1787638266952,20.21820345588605,17.62750715221921,12.74123219677904,7.181805012874068,2.7441879255344004,39.37074080117149,19.715098178361867,18.469770760648714,12.741635711293473,7.791492738672844,2.7696352888630047
none_moving,502,11354,135.70517928286853,42.91352662845155,2352,28.111553784860554,43.11113335446483,39.14611014983153,20.128403924670767,17.5174649180155,12.71625143235882,7.1436494834073825,2.71839164249241,39.32703414213454,19.750556114712897,18.511235954780293,12.781258947535086,7.9152400267657415,2.7429449259911025
none_moving,503,11367,135.59045725646124,43.01567242752908,2359,28.13916500994036,43.231515747576125,39.22665246139855,20.155946887033505,17.628038875502217,12.74517773490065,7.1418108106870175,2.736208603290424,39.43600709620297,19.71402580284326,18.470751998122033,12.754880999966069,7.908569838259331,2.774639896903121
none_moving,504,11400,135.71428571428572,43.0328064716082,2366,28.166666666666664,43.163197652682456,39.25089977231443,20.14984484307122,17.61554776044041,12.750969601194482,7.165481721260426,2.7386811293328477,39.36911595408814,19.720513081374783,18.477171816015083,12.703573981600885,7.767969452976696,2.773616478883078
none_moving,505,11411,135.57623762376238,43.089547401556764,2373,28.194059405940596,43.163418671854316,39.319417136688614,20.157422920750882,17.661630946768764,12.72839175855966,7.101023117054838,2.7332034002855674,39.3508910227207,19.74388452547917,18.502866899273876,12.721783859125683,7.730535711083691,2.784319942879285
none_moving,506,11445,135.71146245059288,42.999922283967976,2381,28.233201581027668,43.16576976784793,39.21488543218032,20.150907344764626,17.574001382861436,12.688201185276787,7.035272276405958,2.730808735495071,39.36620666686991,19.75507660531316,18.51256778288002,12.72170291084685,7.683409741650685,2.7763139507321464
none_moving,507,11458,135.5976331360947,43.04705633114318,2390,28.284023668639055,43.15149157182116,39.25872297658725,20.222361445328932,17.615359507673343,12.713493166754542,6.979442710293973,2.74802464522332,39.335190449634254,19.7562442538506,18.508653004822612,12.711466379041713,7.580648423155121,2.7933394169012318
none_moving,508,11490,135.70866141732284,43.02545830513421,2397,28.31102362204724,43.165468330865885,39.254374115524456,20.157512750571957,17.533600606985125,12.767160183997229,7.079549197681264,2.7422437711941847,39.347070259298974,19.805765706234222,18.580998331776733,12.744207746852764,7.520118695193635,2.7954261100842865
none_moving,509,11503,135.59528487229863,43.02971834565827,2405,28.349705304518668,43.1759298597381,39.23203645059636,20.215660216122043,17.667205310358952,12.834228798498309,7.094602283552076,2.7286660745757727,39.3292828555171,19.85496988252808,18.639997844170885,12.777102371820554,7.48151475106114,2.8051423775095405
none_moving,510,11535,135.7058823529412,43.00361495530277,2405,28.294117647058822,43.15633700412773,39.1971011290393,20.295855816469544,17.781450822593975,12.822409681586121,7.124754740156986,2.754448509177494,39.29751773495873,19.901794048963332,18.69160937329743,12.808150641840687,7.4615168168010735,2.8039469795798033
none_moving,511,11549,135.60469667318984,43.01760280508144,2407,28.262230919765162,43.12935489509793,39.222980840482634,20.258402396443614,17.739886568441804,12.785425935312404,7.169823596322447,2.7657717957921486,39.265686815254895,19.936821281270866,18.729291443132198,12.824888756882,7.429838701987113,2.799720405786289
none_moving,512,11582,135.7265625,43.04813569314458,2407,28.20703125,43.11454202465848,39.225210961361526,20.255543881304202,17.764198733075705,12.817397962147497,7.113750845924905,2.7575923300331433,39.24786445619842,19.957247682835682,18.749375941210033,12.830858020394986,7.396849812265166,2.799769279129461
none_moving,513,11594,135.60233918128654,42.942670983212665,2410,28.187134502923975,43.04040151241358,39.1160030750177,20.20603968463107,17.679935084577274,12.856372484008572,7.193466349323138,2.7400208087443665,39.17493017126846,20.011576929269765,18.81607774458259,12.829721219256804,7.343761811450936,2.811722848834419
none_moving,514,11627,135.72373540856032,42.88444369141017,2417,28.214007782101167,43.02281612174649,39.080988714617305,20.129482099208087,17.554913143994277,12.850524307203669,7.21245931434384,2.727845455027667,39.16805023280384,19.9781701210816,18.77063119206285,12.807849804558742,7.278321675902667,2.789907379418056
none_moving,515,11641,135.62330097087377,42.983904726506054,2424,28.240776699029126,43.01576472516824,39.1668147430061,20.242897961844115,17.702615874522674,12.744725031006427,7.011139381247078,2.74469081895051,39.152963818845045,20.00859127367226,18.793100813192332,12.849433313798318,7.320871905922911,2.7894295148918675
none_moving,516,11675,135.75581395348837,43.000006766000666,2430,28.255813953488374,43.018361099546325,39.16544356538645,20.258414302962695,17.65689869960092,12.705026074834448,6.947863031657804,2.7313346846856588,39.16833212116542,19.994451498106567,18.787980470970048,12.83797471664225,7.306321897843371,2.7883881951693565
none_moving,517,11687,135.63249516441005,42.99070033971035,2437,28.282398452611215,42.99658775750793,39.16354537522486,20.261506046252613,17.666160018480422,12.786138079823468,7.04320794807594,2.7302141335412204,39.146077746031,19.97873336043508,18.77178916364624,12.799737228047787,7.252623852338821,2.7903827518881354
none_moving,518,11720,135.75289575289577,42.92253707395198,2448,28.35521235521236,42.95433126579156,39.06466315776116,20.234913677820536,17.585761047354076,12.79438537161843,7.0870296416764065,2.746775973966142,39.126573822033585,19.985982606056446,18.788928543055885,12.779963016407644,7.179908498604725,2.803464649350828
none_moving,519,11731,135.61849710982656,43.04634408911352,2457,28.404624277456644,42.99179941743049,39.15057722983191,20.340320776077615,17.777177246484225,12.876913849079727,7.1528682206267495,2.741041432545994,39.14426987840885,19.91268608904442,18.697882037018868,12.753007365662855,7.258974905163872,2.8023370820068014
none_moving,520,11765,135.75,43.12206177455833,2464,28.430769230769233,42.95990019317901,39.238105167363656,20.338059525613303,17.83291913062988,12.886375949553935,7.134977747019915,2.7496836636686495,39.102213354722075,19.935756137325033,18.700033923491155,12.771326075138962,7.2793155191926715,2.8036597972186663
none_moving,521,11778,135.6391554702495,43.048791323545586,2468,28.422264875239925,42.90240464144825,39.185834269281884,20.37035423284409,17.820503741924806,12.928854253357766,7.430391057246685,2.7301628051529003,39.043947381801104,19.89193116265097,18.634325263904216,12.739414614052873,7.288415622234344,2.8005159184965267
none_moving,522,11811,135.75862068965517,43.02774043402947,2473,28.425287356321842,42.89147304354898,39.18482756301078,20.29508252527095,17.737116674236677,12.904830052119829,7.357127014022335,2.7445546525945295,39.04982119695764,19.919467584720003,18.68377406223424,12.732695952006123,7.1307508366165475,2.8063660458026543
none_moving,523,11823,135.63671128107075,43.072184033557136,2478,28.4282982791587,42.81544570582358,39.24373558585678,20.22419250167671,17.65826394272083,12.866723405164839,7.329999038668103,2.7539864163187895,38.99144069642544,19.80644666235936,18.579288666484825,12.665437808047267,7.139497980764667,2.805594743505284
none_moving,524,11857,135.7671755725191,43.1686087389306,2484,28.442748091603058,42.78217718915304,39.33126117743001,20.28573168107469,17.765350568725008,12.863629037713311,7.319966815909665,2.7582793527002023,39.00164431626999,19.795315145517936,18.58314582999676,12.61586844032072,7.038712956864423,2.799028058687719
none_moving,525,11871,135.66857142857143,43.08001154140421,2484,28.388571428571428,42.80489511350672,39.25295855411581,20.244526611687597,17.678692262451666,12.790837691352815,7.292205364668874,2.737891984084086,39.04343658642898,19.768881530453505,18.566951814615173,12.59130217298292,7.055659557155113,2.798357815233478
none_moving,526,11905,135.79847908745245,43.035038522788405,2486,28.3574144486692,42.81873557997228,39.21045791642747,20.262126136012018,17.704199760704086,12.766552796163918,7.312857379010781,2.7396240194945087,39.06953666793602,19.75154052182876,18.556056259216057,12.585239379604465,7.088577004647684,2.7925334137338607
none_moving,527,11918,135.6888045540797,43.10589818698417,2486,28.30360531309298,42.82233441005857,39.284252055368015,20.32721320860755,17.759572336622238,12.821276026928402,7.31704200219908,2.767871742345705,39.06217769331715,19.748130783091298,18.561118646981868,12.590451218699634,7.084723959344786,2.7905679792434173
none_moving,528,11950,135.79545454545453,43.11735872997047,2486,28.249999999999996,42.823171509233,39.29440804593269,20.25375349589235,17.6761752990659,12.814697044134228,7.183897737308352,2.754624657284217,39.059084529198216,19.745765293153678,18.56529325540998,12.597666751689921,7.108656145329827,2.7902758630011797
none_moving,529,11964,135.6975425330813,43.06378746736708,2486,28.196597353497165,42.825087670567406,39.253354688330845,20.259461996755995,17.622428957451298,12.797048752357856,7.197811542433236,2.7313856846333304,39.059870560181515,19.74208912613432,18.566360403499118,12.602708249913288,7.129278399179965,2.7903889196348857
none_moving,530,11997,135.81509433962265,43.0693476903001,2490,28.188679245283016,42.79914906009271,39.282745486846856,20.241481978843776,17.62395550007599,12.76704606971124,7.142946884505002,2.745798450614171,39.04139391528546,19.75136855230981,18.582553548374122,12.61340729769168,7.23791624098962,2.8019422646688628
none_moving,531,12009,135.69491525423732,43.2035663194859,2494,28.18079096045198,42.782332946472344,39.39535820728248,20.280816066555246,17.660078746690527,12.806139596938442,7.116499793954413,2.733872848699083,39.02420530943222,19.755019913573346,18.591964976290498,12.631346422236637,7.25586710259866,2.7914010079076457
none_moving,532,12042,135.81203007518798,43.20659398398777,2499,28.184210526315788,42.824972846517724,39.39155154422122,20.256182006184773,17.687515015630026,12.819311112031247,7.056887760259554,2.7502495751789544,39.053489975283455,19.76798201955645,18.603321222641778,12.67180087061203,7.2218313630535205,2.79115892583974
none_moving,533,12056,135.71482176360226,43.17264010446064,2505,28.198874296435275,42.812636748137386,39.36014199975625,20.246553633031123,17.750155482774627,12.883516653384808,7.281617394102367,2.7376640450416,39.05054108792335,19.76776514164484,18.610243101104093,12.675222086040248,7.313009634814852,2.7883240008784242
none_moving,534,12088,135.8202247191011,43.117983118248176,2512,28.224719101123593,42.77607056188195,39.3112085606033,20.288446836104267,17.853880394351652,12.901936335216806,7.350070079691426,2.7510098554684923,39.01234937172376,19.784797679681134,18.632636164335757,12.687734888254532,7.296819095649064,2.7874201382187036
none_moving,535,12100,135.70093457943926,42.989009068004854,2518,28.2392523364486,42.781231503665175,39.20055858918976,20.225121968219565,17.75271859665876,12.8183766813781,7.349957927934734,2.740022815529044,39.01228357271564,19.810300292889618,18.65497586364567,12.726257326270488,7.328055841137748,2.7903643249332757
none_moving,536,12133,135.81716417910448,43.029780800815885,2523,28.242537313432837,42.768786632681824,39.22559941899378,20.292829408428172,17.77323092576374,12.754571169763151,7.247897859215767,2.764754062949152,39.00643000580226,19.77820874538742,18.61974700695832,12.663672503219525,7.2640761662407325,2.7838977500061453
none_moving,537,12147,135.72067039106147,43.021305779448724,2531,28.27932960893855,42.76797714833755,39.21529607853962,20.256275276747,17.711651182946092,12.782671572887288,7.247399918761741,2.75142206198594,39.0118390248597,19.800626420323916,18.642712421934768,12.6750477682594,7.341891263771635,2.7738733809736664
none_moving,538,12181,135.84758364312268,42.97733817580617,2534,28.260223048327138,42.80336324254279,39.13566222423386,20.26581478624289,17.66412360386142,12.807145262858286,7.245459490124241,2.7454607879309827,39.04626810762126,19.734724988443226,18.562585555142512,12.596523079442722,7.115171116171952,2.776190529722553
none_moving,539,12195,135.7513914656772,42.93914182997694,2537,28.24118738404453,42.820379234174816,39.089304058920895,20.356163981201824,17.805297182884836,12.82404484506583,7.241755375122878,2.746006670274624,39.06752719404173,19.719479508245275,18.552925893113382,12.599688416954084,7.1115717762757225,2.777280244590536
none_moving,540,12228,135.86666666666667,42.920367399080675,2537,28.188888888888886,42.80745156612846,39.081921764733586,20.343152366172003,17.8295411705952,12.837609624398091,7.304045563440449,2.729345448502704,39.05037282885315,19.711865829869737,18.54383083577201,12.589318554448223,7.068207429536395,2.7775315404398624
none_moving,541,12239,135.73752310536045,42.95288350705689,2542,28.19223659889094,42.74071805116657,39.12298376846162,20.29120021971749,17.76452911307117,12.80411764192767,7.328684907941925,2.7510834890540674,39.00784302483102,19.683471189487815,18.514092602137005,12.548193953604816,6.959645131113851,2.7843995360420277
none_moving,542,12272,135.85239852398524,42.97592209643725,2546,28.18450184501845,42.80177102794822,39.17527491385749,20.261367784870274,17.76892875850057,12.77798675217862,7.290653167242184,2.747408592176123,39.06345981487779,19.691495550612082,18.518069032923556,12.555558969381039,7.011769745004423,2.7777287453552795
none_moving,543,12284,135.73480662983425,42.969411791326664,2550,28.176795580110497,42.86204664398032,39.13153234792272,20.23433918830442,17.711878962042363,12.734208608605925,7.122477405082127,2.737128858040173,39.1173225279398,19.665280478666805,18.484718577264896,12.538765773611754,7.00249246002525,2.788169577704197
none_moving,544,12316,135.83823529411765,43.02807325799299,2554,28.169117647058826,42.843917438642634,39.20673781916146,20.325348468941556,17.807347375456278,12.719035023303947,7.200422581830487,2.7449915936497162,39.10549796949841,19.68128990432321,18.499746610081093,12.540017500521229,7.018998374440571,2.7797944404447796
none_moving,545,12330,135.74311926605503,43.13020927868564,2558,28.161467889908256,42.85998238456889,39.27108388892108,20.353891213029083,17.79841317979568,12.77883983778842,7.110260366481805,2.7617578087628156,39.11735864916548,19.681587764059916,18.4985082857927,12.535522728193913,7.032855379954914,2.780599718314175
none_moving,546,12361,135.83516483516482,43.07549193567079,2562,28.153846153846153,42.862992874123506,39.18601722700095,20.3579980497061,17.707850940640146,12.809268749762856,7.178010273910984,2.7437490280373034,39.13637220097918,19.616329034328224,18.424271091564805,12.49040502375756,6.963426524458936,2.784437150810023
none_moving,547,12373,135.71846435100548,43.0804757914178,2566,28.146252285191956,42.847641412213164,39.20891631939047,20.314712413308516,17.65429146786932,12.768697594062152,7.04335450516728,2.736731850091578,39.11779799244823,19.63909233430261,18.451408868664746,12.500674843766307,6.971393527670441,2.786522235347411
none_moving,548,12406,135.83211678832117,43.14999441025919,2566,28.094890510948908,42.91002846627717,39.308285841476085,20.33183642182767,17.792946360190165,12.801115665094784,7.109528357021653,2.7449098609214,39.15830234214529,19.655791551006498,18.465793019262698,12.519088305776295,6.98780525900982,2.787568474740225
none_moving,549,12420,135.7377049180328,43.10447580869942,2567,28.054644808743166,42.92581564841748,39.27613344853725,20.263440577575558,17.722538564226575,12.799614416415647,7.143307591116395,2.7425051497831965,39.16953627209834,19.65935563307654,18.467383982505606,12.524500712241204,6.999058027786366,2.786816546417421
none_moving,550,12452,135.84,43.15125544740213,2567,28.003636363636364,42.960055794492774,39.29555436708484,20.33148345992008,17.76081470285888,12.812651630452693,7.1376032737042,2.7436403613061158,39.21094581928007,19.66885701087236,18.476956876364675,12.552096705740574,7.12863430255129,2.788032973840405
none_moving,551,12465,135.73502722323047,43.11801149393274,2567,27.952813067150633,42.97051274184924,39.28013709559882,20.320898752375275,17.758349925145268,12.796470899834802,7.266806500277524,2.7423825976895495,39.22425510656819,19.65479078166589,18.46068259985267,12.535731567087186,7.108946983036789,2.786329804587891
none_moving,552,12497,135.83695652173915,43.14701658808126,2570,27.934782608695656,43.000971980076656,39.31449609001273,20.335660726114682,17.77879151645174,12.803941706604613,7.228040849742473,2.7410120974235674,39.26417501774029,19.624325731558166,18.424793357183194,12.507004101600003,7.121521929066842,2.7845811346247342
none_moving,553,12510,135.73236889692586,43.10324062932776,2571,27.895117540687163,43.0699064017456,39.241819538283934,20.280412751020425,17.70232796314781,12.752783530828554,6.943083770703317,2.749802883411295,39.3408696046513,19.71484894367277,18.491523258885397,12.570021666386916,7.208526880919203,2.7845810585423814
none_moving,554,12541,135.8231046931408,43.13384685571611,2574,27.877256317689532,43.07725590962874,39.254972206354,20.346283623529725,17.771964499563463,12.784999444193652,6.963671029090875,2.767838125075307,39.331043137635675,19.803190018869365,18.55728329797879,12.652049475303388,7.280576813277944,2.7880780431444943
none_moving,555,12554,135.71891891891892,43.09371250571377,2574,27.827027027027025,43.07264517352986,39.21331496330126,20.359343056693664,17.773304602507533,12.860214795181486,7.018644967128989,2.754205571472569,39.3198117524954,19.853860422232618,18.597677566436865,12.685478618596145,7.312594813662422,2.791764181229698
none_moving,556,12588,135.84172661870502,43.048789216017454,2575,27.78776978417266,43.06788527950966,39.17907997457775,20.363250488736085,17.786177576971504,12.866625969014644,7.161030207498007,2.731164274144759,39.311022976513634,19.88783143039759,18.62495785357988,12.71031647922835,7.342985799014152,2.7944051858923364
none_moving,557,12599,135.71633752244168,43.0320236374782,2575,27.737881508078996,43.05308090354131,39.14134132083985,20.41310545079003,17.835858254253594,12.819189408395685,7.241865426090675,2.7412888445641634,39.273638724487725,19.92439163857356,18.662599074785454,12.747372218764033,7.356721448938111,2.7942977584449085
none_moving,558,12632,135.8279569892473,43.07594532787931,2577,27.709677419354836,43.07733344798028,39.169983247172624,20.420694782983162,17.82484538814329,12.823918415987295,7.22625735474306,2.7432788486729076,39.281686706339165,19.926107604295346,18.65863586515982,12.767951985955738,7.338467250902819,2.8000827333994387
none_moving,559,12645,135.72450805008944,43.08930866753992,2587,27.767441860465116,43.04520060126101,39.183010307842764,20.428889592750497,17.827828752592485,12.860507590378193,7.146536273066829,2.7549493394892797,39.22992067872221,20.018726735855605,18.766143024225293,12.854398818358511,7.5139412081401575,2.784159445045871
none_moving,560,12678,135.83571428571426,43.09744634312773,2598,27.835714285714285,43.04988319479614,39.19686669178196,20.401936722640528,17.796587709188564,12.83657222929551,7.058649425764441,2.757142794391662,39.2512089675825,19.96047399170978,18.705902743899163,12.774568571124687,7.3410480850262,2.804481643168171
none_moving,561,12690,135.72192513368984,43.040155023394426,2609,27.90374331550802,42.9980659014599,39.176543753580326,20.305716384606175,17.73177279694836,12.77039379966541,7.0984517642607425,2.7381146449236238,39.235564552152105,19.97218678025517,18.70765490201312,12.761641117676957,7.467742172550615,2.7963359022783005
none_moving,562,12723,135.83274021352312,43.041696344671685,2619,27.960854092526688,43.032643462442344,39.157794719554325,20.373797727703785,17.838166383738518,12.750560102079493,7.0733253743644795,2.7428627918935113,39.2712488015679,19.99233144559959,18.74010763508127,12.81725173644434,7.471759581645466,2.793639667985549
none_moving,563,12736,135.73001776198933,43.06147389636865,2629,28.017761989342805,43.04736677355724,39.213317905488196,20.396592202135206,17.79621874904055,12.792387638043428,7.0911103870478,2.738461875792356,39.24172213408506,19.963854469046566,18.70756504760584,12.829075717595675,7.599646225017902,2.797769701232812
none_moving,564,12767,135.81914893617022,43.073147522161086,2641,28.095744680851066,43.07002636065704,39.21648628773493,20.378897431320723,17.764773155089525,12.825713645117215,7.043419059390985,2.744551393320358,39.24768915438606,20.00059024055173,18.750194256587523,12.8903471938072,7.712547185917191,2.783831906330793
none_moving,565,12777,135.6849557522124,43.07182439398162,2650,28.141592920353983,43.063699887975666,39.2077625438272,20.356311062563822,17.775086902274552,12.8156218509077,7.171286360170645,2.749280654121773,39.292506580869166,19.91024885657879,18.66988468104146,12.760418700861262,7.453185335983886,2.8103130717212546
none_moving,566,12811,135.80565371024733,43.07371049398674,2650,28.091872791519435,43.038658531705224,39.20531695761004,20.386849886459146,17.7755768154746,12.865405984436645,7.318299033266126,2.7445018524503277,39.25926713306991,19.91612999502146,18.673298852594463,12.767325726880335,7.469762340834005,2.802342583532534
none_moving,567,12824,135.70370370370372,43.101506617878194,2653,28.074074074074076,43.030003513400175,39.27404901081549,20.26064622451084,17.696127970906115,12.788909451336366,7.159076528218482,2.738600352899079,39.24064319628343,19.91959051535157,18.67557346884282,12.774932881638104,7.453193762711579,2.807217849236244
none_moving,568,12856,135.80281690140845,43.05859887540585,2653,28.024647887323944,42.935083126498654,39.26177827064104,20.172783679387088,17.61970571134989,12.732562216481508,7.068739135631417,2.7536099213989664,39.13182732057676,19.915229378230652,18.69021838691388,12.78890262985513,7.478666599188897,2.800266706931224
none_moving,569,12867,135.68014059753955,43.080612479375226,2655,27.996485061511425,42.89745553418712,39.297353432129405,20.182742820731715,17.658709873585543,12.76215553375292,7.07904575963827,2.7613389722784403,39.09080271179068,19.8877525900374,18.671771756880506,12.766487648267779,7.382770744908497,2.7883384490904826
none_moving,570,12898,135.76842105263157,43.01332799639831,2655,27.94736842105263,42.86966614742782,39.20741265249443,20.16714845818353,17.61505379621146,12.784823435637662,7.083954819397549,2.745159025401113,39.05962639507778,19.878113967629783,18.666326716798466,12.759452423780305,7.315660868436765,2.7888671492336234
none_moving,571,12912,135.67775831873905,42.94818713486852,2656,27.90893169877408,42.84878838073982,39.133369579971344,20.236166340526555,17.682617280494515,12.772017069901786,7.130122596739987,2.7414368005362326,39.03627157706778,19.876680425777728,18.66625647639153,12.760650081884581,7.262322940777758,2.7890735813016763
none_moving,572,12942,135.75524475524477,42.912865466180754,2656,27.860139860139864,42.83316801058619,39.08415863417405,20.230297763642465,17.645598772405613,12.776437789531238,7.120913116287277,2.7261357217473963,39.0179060001289,19.87938479697841,18.66850583273015,12.763465977783559,7.225754234749819,2.789102188470666
none_moving,573,12954,135.64397905759162,43.007068083677204,2656,27.81151832460733,42.82102906392542,39.145837635831924,20.248226933933694,17.721543563388316,12.752072212030221,7.0495061200654145,2.7405825705129723,39.00369808464708,19.884183219805784,18.672147638346647,12.766680123541677,7.211368388998989,2.7894120315858713
none_moving,574,12986,135.74216027874564,43.0786878499453,2656,27.763066202090595,42.81145660374553,39.21781631979523,20.29059754791083,17.84899622363357,12.73130533466252,7.0210941466919605,2.740141511078864,38.992436790074535,19.889736875068213,18.67620287565072,12.769662446436893,7.20060181606997,2.7897337434128175
none_moving,575,12998,135.63130434782607,42.95460073444132,2658,27.735652173913042,42.81363941753294,39.14940973392082,20.251132523166124,17.72596360626074,12.759516048143958,7.320600688825659,2.7314773054282777,39.018649173555815,19.923952807765964,18.719966685476475,12.77797141786345,7.2031135235318455,2.7923055789771545
none_moving,576,13031,135.73958333333334,43.01755030180519,2662,27.729166666666668,42.827803918198676,39.252472610365245,20.311491806773656,17.772031335713393,12.735801490531594,7.291785675200101,2.754402563608649,39.027214778551354,19.962231230460283,18.74640228819089,12.800947661367518,7.189096100871026,2.7916684808788195
none_moving,577,13044,135.63951473136916,43.03014262657862,2667,27.733102253032925,42.816795309993395,39.2671866899298,20.256993801696037,17.709575632469924,12.777259420426741,7.063298849574431,2.752150984334477,39.016855099430565,19.953216619246952,18.728157283031695,12.805047715989563,7.254869274463206,2.7881288407758844
none_moving,578,13076,135.73702422145328,43.047709006005206,2671,27.726643598615922,42.80174343669481,39.273121062188174,20.230337068796192,17.638891188883484,12.817445107401735,7.116986462831088,2.7487229741440466,38.99962450114974,19.932136117728067,18.714272934123304,12.797033676530841,7.240440727288511,2.786696247920528
none_moving,579,13089,135.63730569948186,43.03227965787879,2677,27.740932642487046,42.81415468749832,39.2158083488866,20.251191726601586,17.713769004948112,12.844012627410375,7.137372282282379,2.726689647899448,39.01144534361221,19.950945074489702,18.72370199519127,12.806989409016996,7.235021112363542,2.78646665413496
none_moving,580,13122,135.7448275862069,43.09729143377815,2682,27.744827586206895,42.89096043268446,39.21654112613445,20.309098669120385,17.82794006184495,12.884135998765021,7.118179274084919,2.749154585179241,39.077819794941675,20.032075032049768,18.806630860030403,12.844225751044931,7.266018182732031,2.7777550364479597
none_moving,581,13134,135.63511187607574,43.09730630357197,2686,27.738382099827884,42.897115454220646,39.217964437068495,20.3177276218708,17.826956124419713,12.91645629453978,7.156136112551427,2.7437110036673125,39.03101398011735,20.04166813221705,18.782882205152042,12.8740660392156,7.291661439153197,2.7776938549815298
none_moving,582,13167,135.74226804123714,43.14259590162223,2690,27.7319587628866,42.86018827162849,39.268707538440324,20.365393268377286,17.914456611135904,12.89306412089752,7.0895546686414646,2.7592590633910956,38.97399882032205,20.045933477596634,18.80006162872825,12.8953901488748,7.280811592236295,2.7757859772577254
none_moving,583,13180,135.64322469982847,42.998410246060516,2690,27.684391080617495,42.843802278660306,39.156414493887894,20.22827510204105,17.679780655081892,12.78792577550216,7.0528362423550215,2.7505276225498494,38.94324667683933,20.04482444110025,18.804981893970638,12.911241032764742,7.2959277611911455,2.7772888501323405
none_moving,584,13213,135.75,43.003943489425914,2692,27.657534246575345,42.84165762503214,39.15980627054015,20.219226029438314,17.622361848693778,12.784222522112437,7.074732969198175,2.7455425639171347,38.97216633911605,20.061362959934645,18.823146405936516,12.90235031499671,7.337516340698463,2.7907380813618192
none_moving,585,13225,135.64102564102564,43.0218345014408,2692,27.610256410256408,42.84475140306464,39.19073611528957,20.25277705643664,17.630045426460338,12.788006272714389,6.958780438971506,2.733571509968589,38.997106292279895,20.07097437211051,18.831111019770766,12.903010370115272,7.384059950811998,2.7909722260567666
none_moving,586,13255,135.71672354948805,43.02871239845828,2699,27.634812286689414,42.895646180973515,39.169900945092735,20.226712693241772,17.563230513783928,12.817783774174142,6.957743280838479,2.7324711265979604,39.07347699559499,20.023351736988282,18.783374544885476,12.860173263793616,7.31984713041921,2.798006462964082
none_moving,587,13268,135.618398637138,43.0903872228022,2706,27.659284497444638,42.91567016913386,39.21949538094646,20.281242872629925,17.74253675399929,12.870802969178122,7.054660128781869,2.731759835857747,39.10016453869785,20.045754247054777,18.806959137382165,12.876405847650075,7.326188111546688,2.7856528948769963
none_moving,588,13302,135.73469387755102,43.133083005848334,2716,27.714285714285715,42.89167580860072,39.24961691454563,20.34479517701178,17.732708941284077,12.87985945005735,7.159022940379949,2.748620855360041,39.094773386645294,20.031492692264088,18.79792162788695,12.875435607917918,7.367445032633531,2.770315951128725
none_moving,589,13316,135.64685908319186,43.06916085007696,2736,27.870967741935488,42.86789835682146,39.22092933176456,20.291835439997797,17.687599557366468,12.769153921642054,7.105896738974737,2.7555646486035004,39.093616088476644,19.92123675566878,18.694173581669876,12.771046833531548,7.345114571080643,2.784239079088399
none_moving,590,13350,135.76271186440678,43.010695464701925,2754,28.006779661016946,42.8889595030043,39.18368437792283,20.20825084677295,17.594156286704184,12.727716387748668,7.088605705930922,2.723448031530545,39.11069361773623,19.901600240315325,18.676175500065057,12.717007212362349,7.22517952580273,2.7773561383474714
none_moving,591,13363,135.66497461928935,43.103046951284234,2774,28.162436548223347,42.9150718003195,39.25054512633173,20.27564128521542,17.721288099976043,12.74620308505543,6.9836654117488965,2.7686347351583636,39.14871898073647,19.823937040600615,18.60053638740468,12.693698874947724,7.177768678572891,2.7862192304161755
none_moving,592,13396,135.77027027027026,43.06965618545753,2794,28.317567567567565,42.94124505276648,39.19319241312406,20.28325990298655,17.721204764267878,12.788181756293334,7.104191399771809,2.753204695724617,39.175969459822376,19.838105093108773,18.607262308569332,12.703526799022633,7.262032593952156,2.788931314002145
none_moving,593,13410,135.68296795952784,43.160697303439214,2807,28.401349072512648,43.007216778032195,39.2715372759407,20.2662725123262,17.663946098777426,12.847364275963805,6.999721110026239,2.729339363531323,39.264868737223836,19.734617522694865,18.500848083250492,12.631850330394165,7.316168424183934,2.78599573482423
none_moving,594,13441,135.76767676767676,43.18225923154394,2820,28.484848484848484,43.07103092686415,39.29444349520529,20.269922528288216,17.565625480923032,12.765919978649782,6.887103826969011,2.742843079439009,39.318508596935715,19.7685307789878,18.544631573398625,12.675338180822822,7.322536684983929,2.7980819020619476
none_moving,595,13454,135.67058823529413,43.06354098225671,2830,28.537815126050422,42.985853945320194,39.22485815801192,20.21444219404525,17.605407338806458,12.7365998718774,6.91853136485638,2.7374721708080836,39.262293909435684,19.778984219625908,18.552725877722594,12.660067311300514,7.43732700173302,2.78627437674049
none_moving,596,13486,135.7651006711409,43.033117265436225,2831,28.5,42.98169718703966,39.211831207875825,20.24534810781564,17.680527111521407,12.728865762095095,6.995551025187498,2.7482203621277783,39.27672027078107,19.770018142294646,18.542067868518444,12.644336827266573,7.396869907666925,2.784574697209917
none_moving,597,13499,135.66834170854273,43.068333456061815,2832,28.462311557788947,42.98228412376068,39.25462384960797,20.274195813521988,17.599939446884473,12.71592263171247,7.079235628902032,2.7485577583014402,39.280242988527334,19.740104120914012,18.50205463384305,12.630642474168992,7.425154439165802,2.7813956956639316
none_moving,598,13531,135.76254180602007,43.10258752808809,2832,28.414715719063544,42.97298957950594,39.3321172307469,20.307151177528286,17.722348355989972,12.703814398435613,7.113454928619908,2.7367751729893186,39.27568457547,19.74545437006284,18.504693110108217,12.640108318812485,7.416630484617693,2.783791427572709
none_moving,599,13541,135.63606010016696,43.1443787423753,2833,28.377295492487484,42.96435010081936,39.357030916568185,20.38119759492924,17.83959661714368,12.795166840522514,7.248976601456223,2.739337575943942,39.27337482279573,19.74070109375232,18.497828571953455,12.63436200069711,7.433299620835437,2.783895500804408
none_moving,600,13573,135.73,43.2172731313846,2833,28.330000000000002,42.957333220300676,39.37864216279243,20.418117737743845,17.906335495265907,12.826144429704813,7.237630569555075,2.7482922929565907,39.27252529798244,19.740730491327657,18.49642149917578,12.632085760300056,7.451102845883935,2.783740605198832