Scenario,Time,Baseline_Tx,Baseline_TxPerNodePerMin,Baseline_RMSE,ETM_Tx,ETM_TxPerNodePerMin,ETM_RMSE,Baseline_MAE,Baseline_RMSE_Aligned,Baseline_MAE_Aligned,Baseline_PairwiseDist_MAE,Baseline_RangeResidual_MAE,Baseline_AngleResidual_MAE,ETM_MAE,ETM_RMSE_Aligned,ETM_MAE_Aligned,ETM_PairwiseDist_MAE,ETM_RangeResidual_MAE,ETM_AngleResidual_MAE
few_moving,0,0,,36.82155104595928,0,,36.82155104595928,33.64586534768495,18.187917130173428,17.241615522676813,24.44493498974518,NaN,NaN,33.64586534768495,18.187917130173428,17.241615522676813,24.44493498974518,NaN,NaN
few_moving,1,0,0,36.82155104595928,33,198,36.76250126111907,33.64586534768495,18.187917130173428,17.241615522676813,24.44493498974518,NaN,NaN,33.57085794014965,18.126956967267176,17.18397422814493,24.044115689926393,10.1623678202018,1.8356781330998289
few_moving,2,33,99,36.758926296372714,78,234,36.71675616372954,33.5683133837787,18.126733729935978,17.182518948629507,24.045449697400418,10.205940467040262,1.8294885358314532,33.48628265902453,18.073152220240946,17.187277532113853,23.69612519918039,9.92596838013701,2.176081466916693
few_moving,3,44,88,36.71210692582427,123,246,36.696360763663925,33.47917522247362,18.07221211522188,17.18534175667896,23.700005640856883,9.9348802552892,2.1720141782168496,33.438583678440594,18.0360717160028,17.20594575292438,23.26246728405381,9.514034698681881,2.2339333223514393
few_moving,4,77,115.5,36.703685219595656,169,253.49999999999997,36.70526517703221,33.445598238819095,17.998289709874463,17.16857796432144,23.245937662672496,9.524157016354414,2.247060337221538,33.41680047576091,17.95600707833242,17.179291415800897,22.782309140344868,9.07077140396067,2.265898222699634
few_moving,5,90,108,36.71354963240412,213,255.60000000000002,36.725837291138525,33.42204544825017,17.922037248738892,17.14698490223808,22.764481494964315,9.100029571467639,2.2855558506473312,33.431703121598915,17.875174869097044,17.156783198179934,22.287149178638042,8.642010370493818,2.3367614742233047
few_moving,6,122,121.99999999999999,36.72784592551082,260,260,36.75488019709063,33.40835634585024,17.8682599846032,17.144925357509216,22.282984036321313,8.649496782785118,2.311755183012818,33.43594435473957,17.84824485266209,17.181191809349492,21.824649004255956,8.200214586775443,2.3532593281683054
few_moving,7,135,115.71428571428571,36.74076830039111,298,255.42857142857144,36.83893038087978,33.408291295597145,17.843687803194197,17.182264520711225,21.824312434898886,8.187394380745296,2.3395473843673273,33.48311558414135,17.76855608110571,17.146869612109626,21.326120443029044,7.7661942550313485,2.3204962195569556
few_moving,8,168,126,36.830869070417485,304,228,36.904009772474936,33.473606949606044,17.80520184952125,17.18820152246219,21.34674015884475,7.758511279248475,2.313972880049825,33.5233844444721,17.734150824904347,17.15997568851683,20.821616151190078,7.324385681260977,2.284000143882701
few_moving,9,181,120.66666666666669,36.90408643054046,304,202.66666666666666,36.968861920320734,33.52024316624364,17.75776807603077,17.17813697437632,20.852456925342185,7.346612416734592,2.27251289886818,33.56805444797281,17.710971814381562,17.17295988270262,20.335677522769956,6.905933079809147,2.2743779987467545
few_moving,10,215,129,36.900100395644834,304,182.4,37.033135636486136,33.5029831935514,17.741309453783533,17.207876627463556,20.37160120307877,6.91126421411178,2.2643732577715374,33.615304319656104,17.70410927569467,17.1938857693628,19.857425662850613,6.50132224882501,2.273387933628792
few_moving,11,227,123.81818181818183,37.06100531620489,304,165.8181818181818,37.10124924077092,33.64344671508955,17.742456082407482,17.215693790444828,19.895769937872295,6.523271584315706,2.2747686930285123,33.66799262137768,17.707465217641573,17.216508523201263,19.375691406647604,6.093258599965992,2.2727933291316207
few_moving,12,259,129.49999999999997,37.05223512151385,304,151.99999999999997,37.17515567094984,33.63878085803104,17.806986898537314,17.31065084373174,19.43051222104668,6.09727894539867,2.270228906688213,33.72745562905182,17.718298151751213,17.238111342419806,18.898571919366617,5.706085299709534,2.273783770069133
few_moving,13,273,126,37.17829873533193,304,140.3076923076923,37.25593703891616,33.73452103185023,17.813364346397478,17.304821171853515,18.97449440130392,5.716757188088053,2.273137158914475,33.79443779255779,17.735286695666268,17.257440646303206,18.41937999015819,5.34915199868662,2.2779569142813676
few_moving,14,306,131.14285714285714,37.23644148584783,304,130.28571428571428,37.34398788654156,33.78868713318288,17.84114131995272,17.343754264611093,18.515333367481094,5.380687897375096,2.2716033785329057,33.86917316240003,17.757933017006888,17.274079402971754,17.92873789543501,4.9848193680068915,2.2846812993209547
few_moving,15,317,126.8,37.355760220889316,304,121.6,37.456818602960254,33.90736411954592,17.860174632738016,17.32788979788281,18.048768214893773,5.017775236727505,2.271609616117313,33.971321308787445,17.76931349956437,17.269813890010333,17.458242903152964,4.633266596102779,2.2906611507300836
few_moving,16,349,130.875,37.42937891909616,304,114,37.59398745908915,33.97633029259186,17.87349323826612,17.334505139665463,17.5656270558183,4.655121381469427,2.28631705498596,34.10081490484284,17.765590137678906,17.245767400229578,17.014458336008595,4.300813165245975,2.2971359159480325
few_moving,17,362,127.76470588235296,37.5635618614478,304,107.29411764705883,37.74822017735243,34.06943058985886,17.847135170680097,17.297513664240228,17.131371093551977,4.342553422666142,2.3046850271127624,34.24983463456259,17.751668770640908,17.209061068639762,16.594368909409518,3.99834464648272,2.304071801509977
few_moving,18,396,132,37.66948603985901,304,101.33333333333333,37.9138509122896,34.18011521644702,17.88254942710166,17.298232922317652,16.69720252265335,4.028263928146446,2.2888641299799093,34.41201220486322,17.730823329483407,17.163626639300446,16.203174413976317,3.748438373779102,2.311558341859186
few_moving,19,410,129.47368421052633,37.811957487728904,304,96,38.08730670696527,34.30424530337253,17.913073719288363,17.2920831185675,16.24396288447609,3.699765850693594,2.3020042071426343,34.5833454473939,17.705737172674233,17.11222358886974,15.822035458405967,3.5020496548341282,2.3195925635680434
few_moving,20,442,132.60000000000002,38.00192755043823,304,91.2,38.26622086607197,34.467037661265536,17.898173357253068,17.18667730588285,15.889543736995632,3.3768145841131836,2.3117948683490472,34.761152169299415,17.678357601160403,17.05662546068754,15.47326337105816,3.2593510857910037,2.3281068090906287
few_moving,21,455,130,38.13824152648923,307,87.71428571428572,38.448933530497804,34.604323542280774,17.839753850955955,17.091244831157773,15.52537008263688,3.09701703485646,2.3029123994980667,34.943524938817745,17.650022932134764,16.997876877102886,15.134245249373892,3.020262954286874,2.337007155218164
few_moving,22,486,132.54545454545456,38.306147303263074,314,85.63636363636364,38.61970422921313,34.77191271620795,17.85466454803748,17.035106972776095,15.161323742604768,2.8786905506426193,2.3164003395384074,35.116547505575646,17.686288133575626,16.988357250350013,14.856738821493709,2.8297452760327464,2.350058875384229
few_moving,23,500,130.43478260869566,38.39129373878245,314,81.91304347826086,38.79865900495221,34.88389885416502,17.910087361402528,17.10413083076868,14.827040716527211,2.6274933651107424,2.3493796648112015,35.294640372816104,17.718396944974618,16.977275859965392,14.588714906629242,2.668776216566799,2.351467734100877
few_moving,24,532,133,38.56966648718322,314,78.49999999999999,38.99390088360359,35.063307158329025,17.88121650281994,17.07661800418722,14.521399582726302,2.3855804213595015,2.351594250112609,35.492766086674536,17.716041270267613,16.925419354381724,14.332642932282518,2.5479113931170336,2.361267015402586
few_moving,25,545,130.79999999999998,38.74456744359967,314,75.36,39.18576637446572,35.24911765306457,17.88745185745496,17.035854097760488,14.20469628244613,2.219213444014665,2.3513895940342544,35.68783020011078,17.70621285158373,16.86795920004956,14.093664222936326,2.4898553712138005,2.369856396925269
few_moving,26,578,133.3846153846154,38.91532384025101,314,72.46153846153845,39.37719647869288,35.423526980924265,17.84875744510936,16.98029061883063,13.935225618772458,2.1198305788869076,2.3451606192710632,35.882194345465734,17.69264858857228,16.805453572013153,13.897121015582558,2.4417918900996747,2.3784546797672372
few_moving,27,591,131.33333333333334,39.0581557421784,314,69.77777777777777,39.56762669107598,35.56248388631188,17.906839776426906,16.894739942914477,13.696090202104116,2.0381245657688676,2.3542669440498574,36.07524305034523,17.678216040496643,16.73962819144436,13.718391053057287,2.4438816219939876,2.386934289662306
few_moving,28,623,133.5,39.25036508197774,319,68.35714285714285,39.70306847989969,35.76166186668911,17.874489037253387,16.799090361969697,13.50472919760798,1.988525520746737,2.3646616208249336,36.19542361601856,17.65213692451004,16.647198202873994,13.567443528567729,2.5595595458320304,2.3977480592704072
few_moving,29,637,131.79310344827587,39.43735027673994,334,69.10344827586206,39.89748180727411,35.933085512634484,17.85220587547647,16.72412388788833,13.315329861512105,1.8881809382453245,2.3859942127382725,36.37104388449145,17.626524039513054,16.588197901432025,13.329174390603372,2.4388662922635893,2.4116533264966837
few_moving,30,669,133.8,39.63146368955728,350,70,40.03160366478811,36.08157554303635,17.815208381191965,16.640567186247008,13.169944259549048,1.8694741163634225,2.389474831169745,36.48074083594592,17.62975812106699,16.547957812879545,13.143956102868687,2.426474209685433,2.4196954476573036
few_moving,31,680,131.61290322580643,39.82636818037112,366,70.83870967741935,40.19212575388575,36.28764950284504,17.83405036383233,16.625343457990812,13.02696062972378,1.9833540217011953,2.3922472456941755,36.609220608360665,17.593286836599518,16.493110082996203,12.960104835255324,2.350587045409605,2.43260441878226
few_moving,32,712,133.5,40.00799841127549,383,71.8125,40.34458408577833,36.45313917495268,17.87011924878996,16.636869395922062,12.893367662021094,1.9322703177523834,2.4024871098989897,36.73079321755216,17.61685869419126,16.430874012763486,12.821630425131664,2.51289428928648,2.4300765768292862
few_moving,33,726,131.99999999999997,40.14053665386512,399,72.54545454545453,40.419762347870986,36.56972904960188,17.867367666452818,16.63802910197102,12.917282758969426,2.1636474433597614,2.3997657300971165,36.7765213706593,17.520983483022153,16.304012738976446,12.740170068923632,2.7056427459997647,2.4267436054304357
few_moving,34,760,134.11764705882354,40.350171489463115,414,73.05882352941177,40.609565080007094,36.76090477759176,17.83134875288199,16.571605082392576,12.86605381492085,2.2548475609806005,2.4023694568044056,36.9352726731561,17.498820988522723,16.192257363212818,12.620603300888908,2.8265991035078213,2.45243057957901
few_moving,35,773,132.5142857142857,40.463055216612126,423,72.5142857142857,40.76475115550132,36.879550450246484,17.85090539635902,16.513393424562327,12.764405852888192,2.4123511399536364,2.422891042706809,37.05777433896676,17.469200056278517,16.108780021964566,12.47280644644983,2.8027124926734497,2.468077301368777
few_moving,36,807,134.5,40.5691261031943,431,71.83333333333334,40.92896485265751,36.957753518666884,17.849367980207575,16.51029563324577,12.69258449991078,2.50750253940854,2.4263444890772368,37.201577934626954,17.430880123493072,16.002277572392348,12.351839951872739,2.905955972919891,2.4734068952798234
few_moving,37,819,132.8108108108108,40.7265509406784,442,71.67567567567568,41.009227968422096,37.085403052247024,17.83198186208204,16.521266601991584,12.660946466387239,2.745232540178191,2.434335626439881,37.26512811557463,17.48917002425582,15.992899146884858,12.218758595149671,3.046610115149476,2.480810048002001
few_moving,38,852,134.5263157894737,40.94615492889484,444,70.10526315789474,41.186123289006,37.305187383697735,17.842811292534567,16.426699095448292,12.586863639444784,2.982689424447944,2.4618346654447327,37.419482132630684,17.476209595409482,15.923055096771382,12.09918304495636,3.1742093573738877,2.491629962942438
few_moving,39,863,132.76923076923077,41.129391309081555,444,68.3076923076923,41.33845546282001,37.44834416632533,17.836511243603308,16.385265327019024,12.47026277143394,2.8904229386578466,2.449518675034438,37.549714093803566,17.470493291560658,15.846240719584065,12.010788819055673,3.3032778295194842,2.4989518730669125
few_moving,40,896,134.4,41.18144457584278,444,66.60000000000001,41.469700290117686,37.51854979461251,17.938866295424926,16.437793177939255,12.330145392941668,2.9438442112521033,2.467223739931543,37.66445426876138,17.469522548772197,15.765955599470782,11.918285649773441,3.411597823215916,2.5088276362086046
few_moving,41,908,132.8780487804878,41.231873824457246,444,64.97560975609755,41.58984987667661,37.57153007530508,17.936802765435896,16.39456392300118,12.268819832336696,3.094039929168982,2.4648160944191324,37.770766142889016,17.472598932284843,15.687524430035396,11.833688151874561,3.519162971847066,2.5189313002079117
few_moving,42,941,134.42857142857142,41.38178892138022,444,63.42857142857143,41.70462703023599,37.685744409928546,17.942296990692974,16.360834547820502,12.195970197204923,3.147193859268728,2.4867796922460244,37.87353251962206,17.47774499628634,15.609844064866607,11.758616703153484,3.625669242581798,2.529246353408939
few_moving,43,952,132.8372093023256,41.56853361344589,447,62.372093023255815,41.777840888305846,37.85058511314786,17.975035467817392,16.363249553734843,12.13695059994228,3.231912692075931,2.500759125126545,37.901831342802026,17.441666690441313,15.512601909336345,11.707070358548375,3.692890864360581,2.5153106226551594
few_moving,44,985,134.31818181818184,41.638625766535974,450,61.36363636363637,41.87629043404541,37.86275515680943,18.10840742212671,16.474594069840997,12.096464988180237,3.430760315226127,2.491888445076216,37.95831663779457,17.4269365490748,15.430558944989816,11.636726800639414,3.812851207644216,2.5432779572529802
few_moving,45,997,132.93333333333334,41.81486414111482,453,60.4,41.956939924871975,38.01286795213527,18.095567582828494,16.38370918074926,12.016650439719218,3.4577589856189843,2.494779582812719,37.99508489942597,17.436531194835755,15.458878453408854,11.626482212389737,4.007823698859709,2.5530792753702203
few_moving,46,1029,134.2173913043478,41.913804596500206,456,59.47826086956522,42.05746940718425,38.08916041127703,18.153203738766646,16.383809720997025,11.947823184479237,3.5803465862957036,2.52321825980948,38.1200303713704,17.46136768338899,15.492182501523029,11.551111131575036,4.132997526144417,2.569378653910128
few_moving,47,1043,133.14893617021275,41.93759024453089,458,58.46808510638298,42.174279047718954,38.127874777896466,18.15763847689921,16.409500636610964,11.909572333356078,3.809411280276057,2.5136589542183594,38.25866281813273,17.477903824856,15.511226873460828,11.455706545320492,4.3076476184625445,2.5793606801626656
few_moving,48,1077,134.625,42.02498934030815,461,57.625,42.28068492611492,38.19775218807637,18.107500047857965,16.41210035120854,11.872215270881227,3.9684247980666205,2.5212603853753537,38.38124420285182,17.49773372466472,15.534748569245261,11.369656590511964,4.47848238621436,2.590103934208716
few_moving,49,1089,133.3469387755102,42.11821230441659,466,57.06122448979592,42.33622561746402,38.26966122978141,18.14455059985233,16.5088895658503,11.817602476825368,4.096750030287542,2.5365981342143518,38.40604731359067,17.441565055912633,15.520135453505535,11.330262663323595,4.577105298828907,2.5951227687142686
few_moving,50,1120,134.4,42.219305212233586,466,55.92,42.366133407900875,38.38158413212059,18.210747705565435,16.62035452046791,11.725897918923119,4.16126510674676,2.546661996299199,38.41945711167325,17.456137822488667,15.581996504967057,11.372213030806792,4.788202156139411,2.6026728102760224
few_moving,51,1131,133.05882352941177,42.336040869838875,468,55.05882352941176,42.43020302275598,38.48743758692386,18.230736331188712,16.652012361704234,11.63463880232294,4.298793605273291,2.565957255515726,38.465565033103275,17.474925357195282,15.640596767084073,11.393590887037075,4.978708927372421,2.6151001987685802
few_moving,52,1164,134.30769230769232,42.38833634529684,473,54.57692307692307,42.533345611295495,38.510010033859764,18.304648397298084,16.79142204146717,11.611075242287221,4.348430048052993,2.5708384212629425,38.537903813661856,17.486636951899055,15.689359086703792,11.406354700736156,5.086390548564717,2.630460257236437
few_moving,53,1177,133.24528301886792,42.38411000209167,473,53.54716981132076,42.58597737663905,38.48424691409237,18.474364532093666,16.999210154443745,11.664013095867015,4.519008070276903,2.5668720829147635,38.5980391103213,17.50747454566087,15.767437886784913,11.3924461492083,5.175393067816855,2.6403372976128088
few_moving,54,1209,134.33333333333334,42.494291574998,473,52.55555555555555,42.651244363394376,38.584655847615316,18.417151589865497,16.96685232622415,11.624735996041869,4.594653332866362,2.564639644704722,38.652148483218824,17.544369491744714,15.844892144671935,11.397480764732355,5.3050942309241975,2.647910602597166
few_moving,55,1221,133.2,42.60655764717819,473,51.6,42.716298795204175,38.64973589843392,18.46212355392846,17.014209858463953,11.581123187092233,4.747397879578676,2.603380195250183,38.706290276899885,17.584370823462358,15.92291640034173,11.403878742003414,5.432872552102279,2.6554682434797945
few_moving,56,1254,134.35714285714286,42.7375224895338,473,50.67857142857142,42.77794869041828,38.74085214668529,18.46581734757122,17.071044354122566,11.579724434178749,4.780804327233565,2.6085090892926295,38.75749106071526,17.627562784724855,16.002582912293263,11.409941619387729,5.553260737464112,2.663156899358603
few_moving,57,1266,133.26315789473685,42.69114835981079,473,49.78947368421053,42.83445028354642,38.68900998075232,18.516747793447994,17.204117490122922,11.591425973973095,4.762395182929507,2.592470033038164,38.804242841881404,17.67416999857299,16.084510734401203,11.415949729457175,5.667377003685322,2.6707553384289398
few_moving,58,1299,134.3793103448276,42.76020872835665,482,49.862068965517246,42.91802625655406,38.78803690986483,18.53790666601598,17.247363418917494,11.562788753406657,4.860011386653163,2.595907666186799,38.84006823717826,17.78943306856598,16.195426301339992,11.43742802535572,5.80684586646382,2.6644707883505343
few_moving,59,1313,133.52542372881356,42.85488546499786,500,50.847457627118644,43.14625099763195,38.92891889384255,18.605066183582935,17.315942324735254,11.49236034734381,4.78330990473942,2.6124659087431605,39.05107206062852,17.750040626065115,16.179210460754668,11.368085530609335,5.801048936346594,2.712503071279674
few_moving,60,1347,134.7,42.851691515073895,516,51.6,43.074841259388165,38.94153619743733,18.673626221601975,17.39717319064397,11.497839088181417,4.945177372767212,2.6095096169277414,39.02450110170057,17.932788812865006,16.41689542636964,11.41619639322474,5.887833412083791,2.703683512363276
few_moving,61,1359,133.672131147541,42.90809840116769,533,52.42622950819672,43.13125681673289,38.948558348529914,18.83606557498251,17.575459308041125,11.544984029901881,5.120945024714765,2.6168729768870493,39.073965369186006,17.94673720132989,16.45555475396664,11.427460002922974,6.000392772999234,2.708647542862031
few_moving,62,1392,134.70967741935482,42.929776016010855,550,53.2258064516129,43.18887767854326,38.979654119434414,18.944250956729153,17.704256031861377,11.536186145231795,5.2727124800204495,2.6137973459053474,39.10961236270773,17.919999311902327,16.44124215366648,11.438461515466303,6.122700326406994,2.682030525682609
few_moving,63,1405,133.8095238095238,43.09603368947131,567,54,43.16595328476542,39.12764305740438,18.968023720684148,17.7586029377889,11.541833410158794,5.4369629349884105,2.6307835168091946,39.07910134193234,17.9734010474382,16.539832103730053,11.567786942476255,6.454498378550848,2.693253331132042
few_moving,64,1439,134.90625,43.19806322987161,585,54.84375,43.174639471904754,39.17644257758069,19.015339719035886,17.844370397095673,11.5485245521375,5.409517570110974,2.663982039463965,39.11592686920757,18.068966008266006,16.642311406157997,11.583969836888539,6.409895640877498,2.7079150540874695
few_moving,65,1451,133.93846153846155,43.093768505999456,596,55.01538461538462,43.257789985327406,39.071033163013496,19.077062042850574,17.950843892213335,11.625524808481398,5.5538759482845474,2.6540822795938017,39.191587488292456,18.158054453341038,16.76188942577288,11.637429843871137,6.443162731689336,2.727364584307743
few_moving,66,1485,135,43.11356431228908,602,54.72727272727273,43.33678633776697,39.11982028968167,19.149570133891828,18.05152484690354,11.67377369175256,5.66825852853348,2.678879983791286,39.26541639408304,18.22766918684639,16.85275184327739,11.67647957128937,6.427229703752822,2.7394957462934504
few_moving,67,1497,134.0597014925373,43.14942371231809,606,54.26865671641791,43.30320268027607,39.16403750558085,19.143507209299866,18.07153006210946,11.730181969352461,5.729533312336309,2.6779416537008087,39.21117437698401,18.310920605428908,16.94439088557788,11.789172856527307,6.594399358355526,2.7451165646973457
few_moving,68,1529,134.91176470588235,43.16581002389641,606,53.47058823529412,43.2592328551868,39.147945211224275,19.229084192710893,18.19225646939241,11.808169711687812,5.7697188366489565,2.6863423094735426,39.15190840848366,18.420097550540415,17.060812534577337,11.880695575584314,6.656731901586634,2.7476032500850556
few_moving,69,1542,134.08695652173913,43.17666630897371,606,52.69565217391305,43.24708757943423,39.13932791459824,19.303045023502733,18.292201086126614,11.88043010775108,5.899570863127151,2.6881233945651384,39.132203436566954,18.507001428378867,17.157858967974764,11.94783289755439,6.690610576650662,2.754783654633623
few_moving,70,1572,134.74285714285713,43.14547156848781,608,52.11428571428571,43.24632544042319,39.08372503938207,19.363020334107148,18.40969814012714,11.949886015686461,5.953292426968592,2.6956302630327444,39.15270746341663,18.62052749455764,17.28812222814036,11.997882850995143,6.669167231341321,2.7557474295137636
few_moving,71,1585,133.94366197183098,43.19475308145279,612,51.71830985915493,43.26431184172298,39.145988402691714,19.36897384830598,18.41334584022877,11.981042430484324,6.051636898734475,2.6879737724447197,39.18419812854697,18.723846242861324,17.37818525759676,12.044078644593343,6.739894073483229,2.7695002127201
few_moving,72,1618,134.83333333333334,43.20726285032441,615,51.25,43.281891151945665,39.1248887395311,19.463991747983478,18.54297460287649,12.042033246663621,6.0849251177101,2.708466217773195,39.20849983738635,18.82400257956031,17.46381235737784,12.087406739406937,6.807377621055414,2.774137902485609
few_moving,73,1631,134.05479452054794,43.26614790284904,619,50.87671232876713,43.25632766291841,39.13165049539529,19.389464366747543,18.483335819832664,12.061619928277212,6.041639791934025,2.7218163504860184,39.196815917278855,18.881527575808196,17.562092402026874,12.148515807043898,6.840825030369394,2.7868741332351243
few_moving,74,1662,134.75675675675674,43.28606546508715,623,50.51351351351351,43.26943117301023,39.174660922397734,19.543430727569657,18.635846385504006,12.107415811271782,6.1602698838063885,2.748352347642346,39.225613037788676,18.966252705018263,17.65966788988925,12.190638800030825,6.896322929675622,2.7862472280890924
few_moving,75,1676,134.07999999999998,43.24194919888717,627,50.160000000000004,43.25520280873777,39.1770695877506,19.63017710719494,18.742181763562183,12.129218054865923,6.208846294958349,2.740919900589144,39.184077536633005,19.01988620034249,17.712266236203803,12.238381264527053,6.899639162172178,2.7866432556313603
few_moving,76,1710,135,43.25140709572199,631,49.81578947368421,43.25661680159503,39.1878298290959,19.670866836209935,18.80368262968562,12.187170317840271,6.286921120140124,2.727174409715986,39.17669944462084,19.092244167784827,17.791031892876795,12.280231553241109,6.925222461358656,2.789012335609371
few_moving,77,1721,134.1038961038961,43.23579902939694,633,49.32467532467532,43.26709670178469,39.15752958892982,19.800259268961668,18.935199786342146,12.277050651263352,6.451456939208072,2.7286934779940872,39.18753580083418,19.188094745313066,17.88604056415121,12.324137301582143,6.943948946871038,2.787866967303223
few_moving,78,1751,134.69230769230768,43.24095092707736,633,48.692307692307686,43.27175936146041,39.14819654580593,19.92195860133709,19.072052645947476,12.318678587161708,6.479499145335693,2.719833169693073,39.19505431952222,19.263593764833413,17.960771791525254,12.35799926975895,6.963505980242813,2.792035745023106
few_moving,79,1765,134.0506329113924,43.22972048014209,636,48.30379746835443,43.242485774579954,39.130642777974174,19.894760710558998,19.02949854325987,12.321700702808643,6.539426840883201,2.723437255432079,39.141815185230676,19.247144360953637,17.9520270795095,12.36172905945049,6.938736682444524,2.7927600664484484
few_moving,80,1798,134.85000000000002,43.22154565975551,637,47.775000000000006,43.19399785802198,39.155038069298115,19.931978975095294,19.086500139308235,12.327844211313165,6.524771199774574,2.753524504033217,39.082820156787015,19.228865573624237,17.93913708555351,12.34261344874454,6.862474307185808,2.8009960509887626
few_moving,81,1812,134.2222222222222,43.214509248410465,638,47.25925925925925,43.127470728437956,39.10787761462616,20.051672703879536,19.212937277566997,12.445985908324216,6.7256968318258865,2.7677796004076733,39.00964781496445,19.27539246718488,17.993836438472073,12.379222182567544,6.902982381870933,2.798958099431231
few_moving,82,1845,135,43.19884242859484,642,46.97560975609756,43.10371806067522,39.08810677228945,20.00780085245852,19.17392749785491,12.453101681876243,6.786749196434789,2.756111780345247,38.98459244335759,19.30409086390666,18.040723801721484,12.388272421615696,6.898239637662231,2.801230759018556
few_moving,83,1856,134.16867469879517,43.210891026032,642,46.40963855421687,43.12804224342885,39.103616282805255,19.97671506818655,19.159836447657145,12.410212517509441,6.635061554672491,2.7651035184375092,39.0089787149161,19.317651710748354,18.068443218702647,12.40446472455841,6.923179023353002,2.8075686445825085
few_moving,84,1887,134.78571428571428,43.2506733065552,642,45.85714285714286,43.11982470020089,39.163016276680096,20.00721131543126,17.527327907381835,12.392280969567237,6.498246702396579,2.7642192579839704,39.00235827357079,19.345728957457204,18.105549073458924,12.42180888544971,6.945374825458059,2.8105263749798404
few_moving,85,1899,134.0470588235294,43.23766343415495,642,45.31764705882353,43.1180024702735,39.170999442933464,19.987838003864336,17.598780001820877,12.384254868083818,6.447328060254248,2.765034820557633,39.00318209780263,19.37291327263459,18.139122848916667,12.439089515172526,6.969502752428778,2.8139067786856917
few_moving,86,1928,134.51162790697674,43.199091892234044,642,44.79069767441861,43.11427437004665,39.15199779263662,19.988256250327606,17.588223301173247,12.360201269490881,6.401504783877704,2.792029156665045,39.00318877962907,19.401772422800335,18.172940085936062,12.46089662339552,7.011921976039056,2.8163257757116225
few_moving,87,1939,133.72413793103448,43.23155848087754,642,44.27586206896552,43.11121831424061,39.13989900231583,20.060121369747996,17.652787247413578,12.458695634776936,6.582302974329264,2.767797305180495,39.004388862897066,19.430119123757237,18.20489206407064,12.482053927798988,7.0516249483841085,2.818492064741875
few_moving,88,1972,134.45454545454547,43.283397299893366,644,43.909090909090914,43.14065125816986,39.20536061940721,20.099966754921553,17.76790571152732,12.45051732267374,6.570095774559726,2.7734866188749256,39.0344666379501,19.44142669286022,18.209056240208678,12.507556506660338,7.095423649990098,2.82215435384307
few_moving,89,1984,133.75280898876403,43.22699520355263,649,43.752808988764045,43.19322034204898,39.14722004721634,20.051739389181545,17.6824503554094,12.523895874454597,6.653841063639212,2.765189604589977,39.091931253195504,19.44644988438568,18.208811655357614,12.50473369133164,7.077383759140683,2.835198216517264
few_moving,90,2017,134.46666666666667,43.25422417648354,655,43.666666666666664,43.14334996408946,39.18586370141236,20.006563919372926,17.631871031118312,12.501326978350205,6.579014557785131,2.7660740174382323,39.053981900990266,19.485088102617414,18.250997344158677,12.52120780966275,7.145723176387307,2.825645598345596
few_moving,91,2029,133.7802197802198,43.25252698353156,663,43.714285714285715,43.12279318881978,39.13390474492323,20.073019794170964,17.63367447993915,12.509359886103711,6.556300979716015,2.7604118495475523,39.05879599854411,19.524988608181438,18.297960178515392,12.542626532543668,7.175483573476155,2.820393329093099
few_moving,92,2062,134.4782608695652,43.29121268661852,669,43.630434782608695,43.097971215017566,39.17047020846941,20.109455898375725,17.68901622093738,12.54842818632656,6.631660415172557,2.758394431716488,39.030781364657905,19.582638067048844,18.361038735407696,12.562823119533205,7.183756755529585,2.8104063795348373
few_moving,93,2075,133.8709677419355,43.33880539598658,676,43.61290322580645,43.100793343556504,39.238898933877145,20.035231113367573,17.607814325670283,12.585404967187083,6.672890194225157,2.7734280838682333,39.03807239868843,19.597478820749306,18.364604042515026,12.567279458439323,7.131258915354075,2.8124363542596282
few_moving,94,2108,134.55319148936172,43.34401747831385,686,43.78723404255319,43.14756357203111,39.234412294677696,20.080691545117798,17.648217585088833,12.662611250460936,6.819068401788338,2.768399492019968,39.067296495784376,19.614830236205552,18.39483654174131,12.587119663188457,7.081789540524373,2.8242443509078066
few_moving,95,2121,133.95789473684212,43.372192495438,693,43.76842105263158,43.02774785215019,39.29936115882346,20.039767683248822,17.680878758679825,12.609965503679065,6.797473027158551,2.780338137668472,38.980753330986374,19.638548575946754,18.42971341959646,12.563936268754142,7.081323736750248,2.795658975395719
few_moving,96,2155,134.6875,43.33346414712025,701,43.81249999999999,43.09484609349718,39.290704510529544,20.065012623164726,17.74050784256852,12.565486990908008,6.8115884568090035,2.7694412147030327,39.06403036382604,19.643520730272947,18.436731326991218,12.584575577104005,7.142368841576951,2.8079131908537085
few_moving,97,2169,134.16494845360825,43.354843970125536,710,43.91752577319588,43.06626033255109,39.32877672135709,20.118718246834018,17.841277185679076,12.625516198784219,6.955467037475478,2.7792651733791303,39.05118029945566,19.653437811804483,18.447035185637862,12.58806469009771,7.224263741255882,2.7772930247970384
few_moving,98,2201,134.75510204081633,43.317338907161826,713,43.6530612244898,43.118957790117044,39.28368184161796,20.024479663915653,17.704160864146566,12.668454139812614,6.9553515544454845,2.7766947452023962,39.13555824827014,19.592342024364104,18.389222519964118,12.542128494026565,7.210038905265163,2.7825463752201984
few_moving,99,2214,134.1818181818182,43.312144757552666,716,43.39393939393939,43.12225796065324,39.27664844608662,20.07257566868061,17.7793613174249,12.621139341073553,6.940947430646384,2.7452718043617206,39.15600520198519,19.56157712401251,18.370023500867426,12.535783708236709,7.28066266959341,2.7888040668229457
few_moving,100,2244,134.64,43.335653892390425,719,43.14,43.15005392461437,39.30684973707473,20.10021309342737,17.803997903521406,12.619007297899524,6.953294409684328,2.7606882009514027,39.197000250035174,19.549251564721544,18.358529313150083,12.53452253867157,7.33503266421875,2.7881968283694865
few_moving,101,2257,134.07920792079207,43.30372289832138,726,43.12871287128713,43.202687783377854,39.27493806291086,20.073420445276412,17.748730682072896,12.637177935233156,6.913875184235766,2.7775885305933423,39.277459447686525,19.47902287772535,18.298824101272587,12.506084489895013,7.441175614470067,2.8280753790789426
few_moving,102,2291,134.76470588235293,43.2756447087527,734,43.1764705882353,43.245882130406855,39.26151166260049,20.06676404058608,17.75922751979072,12.630417273273348,6.923936284775891,2.7547904598678565,39.340963911292,19.511229152184317,18.312357360854424,12.511619374426813,7.462774456388971,2.7821577651499956
few_moving,103,2304,134.2135922330097,43.346521027084655,746,43.45631067961165,43.20587811257063,39.35611858011747,20.011683268047463,17.684659349323443,12.625155413755774,6.847536423880961,2.7759009461154487,39.277146166475994,19.51189537925823,18.32244188717025,12.506254963270086,7.287063965297114,2.773797946559995
few_moving,104,2335,134.71153846153845,43.28499364049251,760,43.84615384615385,43.17964971277968,39.274292322885564,20.04249696504193,17.675951012199885,12.630853257413152,6.776637043389477,2.780291587365156,39.27007644224783,19.535238978609527,18.342835893822873,12.487708553969073,7.1986453981666125,2.821477756056327
few_moving,105,2347,134.1142857142857,43.26860858346058,770,44,43.203538757557595,39.280610376517316,19.998076290289625,17.660329201554212,12.63208626607425,6.880230599906375,2.741238333740495,39.319462212885554,19.616011997860795,18.414023701534784,12.549771143015306,7.301553698521914,2.800236497951668
few_moving,106,2380,134.7169811320755,43.252751501878066,780,44.15094339622642,43.177794394024296,39.26334513303452,19.928121433048563,17.613360459380814,12.647938825325225,6.824477814083273,2.7598048135310016,39.311647135093025,19.639273238481426,18.431295766063045,12.55506421301368,7.367118803736174,2.800200831747624
few_moving,107,2392,134.1308411214953,43.29768365803351,790,44.299065420560744,43.167803593167235,39.33540509121514,19.93945572993611,17.663141748441745,12.672581092006514,6.900743595847883,2.7619437689150743,39.30321324013029,19.658487180393283,18.443811503754734,12.575880777199473,7.452688224674126,2.7927337937611085
few_moving,108,2424,134.66666666666666,43.28578486238599,796,44.22222222222222,43.23558378010047,39.300131177274416,19.911402337610596,17.636824815243656,12.730560257299274,6.9222822500767265,2.7595059378588807,39.38295027892675,19.57920160536673,18.349725344633693,12.48406616401678,7.23798442998587,2.8073749987311483
few_moving,109,2438,134.20183486238534,43.238203633326215,803,44.20183486238532,43.29254296863369,39.27768256803502,19.833601002391912,17.56756870329523,12.68380937428526,6.83387127116667,2.755677137037669,39.44783361806067,19.625123573122714,18.37535162028298,12.499454557484,7.291509053585829,2.804299374385262
few_moving,110,2472,134.83636363636364,43.18369676525156,805,43.909090909090914,43.32163028802395,39.20416273220237,19.86333139599812,17.553470818844048,12.675718291265603,6.820847224564262,2.7525549489553507,39.484058383278054,19.67268227426607,18.399290516571604,12.518545455186947,7.319908840907017,2.7999677922612283
few_moving,111,2484,134.27027027027026,43.146662900821596,807,43.62162162162162,43.34386277419111,39.17284336638074,19.928091696754517,17.645931654030615,12.72129674547578,6.945190375765835,2.7677312954955977,39.51211907336878,19.694857953066236,18.405665916708543,12.516661426365792,7.300185903684024,2.7986189945784994
few_moving,112,2516,134.78571428571428,43.10107920617449,809,43.339285714285715,43.299516248439176,39.1646311962843,19.84799092726131,17.592654806691836,12.747613784897082,7.038754128983192,2.7425754278453165,39.44333266505448,19.80651786393289,18.522113404100235,12.595812605676906,7.281659890572315,2.7971254971595307
few_moving,113,2529,134.28318584070797,43.23764879678879,809,42.955752212389385,43.27934499736116,39.32676241397092,19.872336223652496,17.672697424175077,12.731050073460697,7.033765331696898,2.77195269555259,39.41504988833258,19.848438628836785,18.562723994492544,12.631869878236442,7.285428838041781,2.800076533252986
few_moving,114,2558,134.63157894736844,43.19031421636846,809,42.578947368421055,43.26439584987444,39.258079622350394,19.80753650017507,17.58114007237362,12.7235663074518,6.947419975722413,2.7647940581237136,39.39800916167546,19.882869459591348,18.595328755150486,12.65569521256429,7.290231741602357,2.801068969969069
few_moving,115,2571,134.13913043478263,43.227982611434435,809,42.208695652173915,43.25391599064243,39.30606345825153,19.848181067914215,17.611824748010743,12.675479040791455,6.954472090899507,2.7757262739702706,39.38915785176757,19.907770935979627,18.617816356891787,12.669892272898915,7.29335273509517,2.8006084232972843
few_moving,116,2604,134.68965517241378,43.2251595145554,809,41.8448275862069,43.245779792397585,39.33955044785581,19.875936974212035,17.65825950133807,12.670164729794918,7.018325958847514,2.78324359617856,39.384478477762244,19.927410804730684,18.634850124124306,12.678838974281293,7.295038446203216,2.7998457285234855
few_moving,117,2617,134.2051282051282,43.18430105756791,809,41.48717948717949,43.23873597854977,39.286835309260894,19.972829347361895,17.717215667986974,12.722587812998905,7.197517605111197,2.7596158414295764,39.38180454583038,19.943836056153,18.648650680711665,12.68485210278488,7.296006569303821,2.798933704044022
few_moving,118,2650,134.74576271186442,43.184393232328134,809,41.13559322033899,43.232243239675036,39.29191524363404,19.910828538535732,17.69152405192039,12.713979543727728,7.094675617250049,2.7563683692666943,39.38008607027282,19.95821065529277,18.660468384500955,12.689189436517202,7.296546008205155,2.7979831632901804
few_moving,119,2662,134.21848739495798,43.21276728718837,810,40.84033613445378,43.21118705177195,39.30873964525542,19.977238691046775,17.74633347710892,12.794830070470933,7.147676557139398,2.7726866689059024,39.32896041530668,19.959412721130228,18.664933281393104,12.702959947708033,7.260521509880282,2.7915266805844507
few_moving,120,2694,134.7,43.18639137907125,810,40.5,43.190841762907205,39.26403140122771,19.927863962037584,17.667953531128408,12.85045714464888,7.2664064771660914,2.7664069679162533,39.27799775980263,19.960249004308476,18.668876637956682,12.715572585752552,7.224933277213578,2.791989287650424
few_moving,121,2706,134.1818181818182,43.26663626020534,822,40.7603305785124,43.248493754203835,39.38338106105151,20.008390259786825,17.74768117705354,12.819818026707242,7.190899709645782,2.7595004394880576,39.32460260270363,20.071756316228388,18.768892713637964,12.7822397823396,7.200862050946804,2.7953758552631465
few_moving,122,2739,134.70491803278688,43.27398502367199,836,41.114754098360656,43.258995794535025,39.418887426205515,20.082160495855973,17.790015488505798,12.912484081365731,7.354067058401788,2.7434298682755633,39.3726627543043,20.14021474292643,18.83278116757922,12.768489788477332,7.189246704583423,2.781229442742751
few_moving,123,2751,134.19512195121953,43.303741535386955,849,41.41463414634147,43.29355714142605,39.51091506092069,20.0819859473318,17.679882397543548,12.925624706814414,7.485281596077393,2.7064014121616475,39.434799184725954,20.253434127915963,18.91803867086416,12.796126035198755,7.283890284616264,2.766959049700046
few_moving,124,2784,134.70967741935482,43.36221249454436,865,41.854838709677416,43.32692631200417,39.60942379847817,20.15473683526061,17.647994673550993,12.943812295829662,7.288430453349538,2.710971200898309,39.480723328003236,20.375817263725754,19.005519442393222,12.875488437802135,7.362173965611911,2.754471999547902
few_moving,125,2798,134.304,43.36200942916437,878,42.144,43.43655111721992,39.65129426835814,20.164031341753326,17.58242264857874,12.971058394170425,7.406588109115333,2.6897199809846137,39.63631624728835,20.377883833123764,18.98284532204355,12.887858566275831,7.423558227468665,2.743767304271585
few_moving,126,2831,134.80952380952382,43.444200031533114,895,42.61904761904762,43.46554763378972,39.721909417109096,20.27097974917352,17.692556245768266,13.047089599349924,7.651412240957117,2.6577978729158067,39.670571997102016,20.550998225398207,19.127144444743465,12.991781489767272,7.95506762974802,2.7203072444032013
few_moving,127,2843,134.31496062992127,43.48776201071771,911,43.039370078740156,43.508281117465046,39.7913777785545,20.361566969430257,17.740109562942965,13.09574608564316,7.64644184892317,2.673020272515851,39.76244748802785,20.553691728410172,19.092920520366995,12.95201260781633,7.880805853406126,2.7008185399703137
few_moving,128,2876,134.8125,43.519546479904065,932,43.6875,43.51105120796756,39.851001486422476,20.41200533874583,17.75033732004021,13.125189727661828,7.376052483055047,2.6509939052530753,39.81621056522927,20.622291084497547,19.114154174834432,12.969769899125387,7.9342737691612495,2.6772546350083877
few_moving,129,2889,134.37209302325581,43.54918314359807,951,44.23255813953488,43.5368243440937,39.952342582021515,20.50252290874713,17.83316415264744,13.164324917959512,7.634844524794075,2.6501125546729574,39.86834439711426,20.7158954104963,19.17941935651149,12.989535672378725,8.006515429442882,2.6902055679767662
few_moving,130,2922,134.86153846153846,43.593461580138296,973,44.90769230769231,43.54602077959753,40.05083765322429,20.57775186952218,17.91689628491099,13.156150968644123,7.279639949454444,2.625044778319245,39.960004405750524,20.80850533375168,19.21577526683958,12.975848654025537,8.049789319354804,2.650509019197348
few_moving,131,2933,134.33587786259542,43.714845005956306,994,45.526717557251914,43.53909606931136,40.20964244549871,20.601788745081077,17.89820622805002,13.136578074643307,7.975509164970243,2.5239806709834647,39.991689269405725,20.936858761461,19.325158213760375,12.948826768388004,7.921417826355826,2.5763146643832173
few_moving,132,2964,134.72727272727272,43.83840193782353,1013,46.04545454545454,43.49518029611615,40.38420408757096,20.63796958330909,17.92556885723916,13.143009599284094,7.78317211051778,2.5229759657807387,39.995415888608036,21.091056055199363,19.492013302312767,12.944277784460507,7.765447704039214,2.5012330130610465
few_moving,133,2976,134.25563909774436,43.99957241866059,1032,46.556390977443606,43.440968402938736,40.59340568381212,20.70465229496404,17.97239885334607,13.159058770772816,7.799057951731785,2.4645532697089836,39.97467444564474,21.213670267386856,19.59781360258911,12.945523169295699,7.607096757142432,2.5274377741111396
few_moving,134,3008,134.6865671641791,44.02230866699739,1052,47.1044776119403,43.47715060064606,40.6636946450683,20.636962312436708,17.895770433487446,13.186981405835816,7.505045704287481,2.4819569932500554,40.08194651490471,21.320219184979376,19.653001704042175,12.960060777815963,7.492887466225975,2.545826992025357
few_moving,135,3015,134,43.99932358637059,1065,47.333333333333336,43.470419101925344,40.68808585977661,20.57413332468197,17.80600306118019,13.250374215864163,7.546445002136606,2.4811866395290245,40.15656682959529,21.445736226343524,19.75577244232833,13.020263450534337,7.455251067398638,2.5777763685040567
few_moving,136,3046,134.3823529411765,43.998594850753456,1078,47.55882352941177,43.44193163825558,40.71761633362579,20.597370543902304,17.78844131988253,13.292181904588046,7.31026562654837,2.5796230251855268,40.18646707993315,21.568850511979313,19.85090587541571,13.05116211136235,7.524087504220787,2.5946871304986905
few_moving,137,3056,133.83941605839416,43.96072802005141,1090,47.737226277372265,43.405717740765965,40.67875301622466,20.59384914847227,17.69108398835048,13.374595249339562,8.501845496130615,2.6383337694699587,40.20268651721475,21.662483682006922,19.927752688561966,13.083187139570398,7.576089836403842,2.592646989251896
few_moving,138,3087,134.21739130434784,43.93890351265308,1103,47.95652173913044,43.41474423002449,40.67818373442368,20.61304656802408,17.662565553692854,13.448698016791838,8.355033423605425,2.6677764037909877,40.25144028946624,21.743147809113914,19.990198334897265,13.117324110499448,7.662733838162146,2.555312912677407
few_moving,139,3099,133.76978417266184,43.912762994816006,1117,48.21582733812949,43.38691152720763,40.70011530617458,20.570950483201006,17.60823817588459,13.495309486752932,8.428961595629135,2.573017172446936,40.26703953629945,21.847123415370618,20.08624284865882,13.159593864508492,7.785025185948911,2.495786485808238
few_moving,140,3130,134.14285714285714,43.851365878311825,1129,48.385714285714286,43.371767243450954,40.65528909947428,20.514170721962383,17.51927263230605,13.596628456376513,8.288743072096098,2.68339233440272,40.28771949528525,21.81440727618091,18.0017333291812,13.190469521588673,7.857725296389428,2.4728252139900393
few_moving,141,3141,133.6595744680851,43.84975267748152,1142,48.59574468085106,43.28765548959724,40.67568252076559,20.502417818378863,17.471151799046513,13.687503135590333,8.436763772123674,2.750085450601308,40.23535076894687,21.714118613797663,17.845202736837063,13.208344142567588,7.8555047081645,2.513630771531775
few_moving,142,3171,133.98591549295776,43.80629700600398,1156,48.84507042253521,43.302310001521064,40.64931795080011,20.484242452758604,17.408020046895405,13.752778660591115,8.258908921429315,2.7715559983532962,40.28279785994627,21.66231162602787,17.730204837407697,13.230099241980964,7.836062026875813,2.544349542370514
few_moving,143,3180,133.42657342657344,43.77042545697926,1168,49.00699300699301,43.275903806301855,40.63314060717816,20.461252515405416,17.332160261212334,13.773609968476547,8.176256663522336,2.7777130564810677,40.28067095070301,21.58451499603837,17.595357077293666,13.278193034885474,7.9236722771619394,2.5621209603400965
few_moving,144,3210,133.75,43.7470990638603,1181,49.208333333333336,43.26363720731147,40.635781343529835,20.432717106931488,17.299773696410888,13.838129102798257,7.985047233829732,2.7677286479486813,40.28575576872589,21.51351940795488,17.487635352170123,13.30717421757249,7.977505883374072,2.597444218670133
few_moving,145,3219,133.2,43.67335956304366,1194,49.406896551724145,43.34410236913794,40.59371112376789,20.38911772453093,17.24373412374946,13.930554578854542,8.153323399054896,2.724610479960651,40.378901608040664,21.491440306452997,17.45415815157366,13.31113853552986,8.062390506369741,2.595370576807147
few_moving,146,3248,133.47945205479454,43.695883744601325,1216,49.97260273972603,43.43482907119002,40.66524213242224,20.453987008809992,17.346288108388176,14.071762161971975,8.156779052948584,2.707438034726668,40.48085553321388,21.479827290223444,17.4680192831813,13.40293771043206,8.380333426243173,2.4871378887885376
few_moving,147,3257,132.93877551020407,43.63377936663935,1237,50.48979591836734,43.46670276510035,40.619869524725374,20.510530257829345,17.41544139383007,14.246212982389434,8.484421343781909,2.7040710413599283,40.52690925069881,21.39130562556038,17.37789490020581,13.40261696727628,8.263840105916985,2.5799891997624704
few_moving,148,3288,133.2972972972973,43.5911024277015,1257,50.95945945945946,43.49837467558956,40.59595315577634,20.36908470373575,17.31885582856188,14.403427631018086,8.331031525895755,2.6642180900747086,40.577822295051504,21.32621503888308,17.35391048736249,13.427314349536449,8.292498689148967,2.5160060930499606
few_moving,149,3297,132.76510067114094,43.52211762467636,1281,51.58389261744966,43.575722744094094,40.52772532226131,20.258767913299515,17.217529576815586,14.551377248180417,8.48419731884193,2.5899628032466775,40.63085974962681,21.304220356034733,17.38892150382955,13.462583616330669,8.328256558053289,2.521608209150785
few_moving,150,3327,133.07999999999998,43.47632740210635,1303,52.120000000000005,43.63044461377314,40.46764656566579,20.253613856463243,17.204662492248747,14.708723857746431,8.355497424163849,2.5075124983919594,40.66076834101457,21.27241109248097,17.404136460914536,13.535189123631802,8.291640311236831,2.4783912230101666
few_moving,151,3334,132.47682119205297,43.494400667282854,1326,52.688741721854306,43.73719842457748,40.51981851874787,20.29599292085443,17.305403372575192,14.864280130037656,8.601846331399805,2.4816198202514466,40.752332948950354,21.25430833764285,17.433510998041168,13.534493644458758,8.335362853205215,2.4811493305794396
few_moving,152,3364,132.78947368421052,43.45942277228642,1345,53.0921052631579,43.82773139788828,40.49069641821552,20.186427875617916,17.257871476756556,14.968424875971444,8.472519883856931,2.3913704455642506,40.83006507154913,21.296314053903373,17.545437984983483,13.488348496652382,8.627865030038462,2.466350034732533
few_moving,153,3374,132.31372549019608,43.48451538979302,1363,53.45098039215687,43.85447003113619,40.524495324359336,20.200095435362876,17.254397145491332,14.99491498325668,8.222433896848754,2.458705970933673,40.85215123514793,21.31341571635858,17.63780154497314,13.529652269489446,8.461074923206473,2.5135370387828213
few_moving,154,3404,132.6233766233766,43.46425969845645,1381,53.8051948051948,43.86750804702089,40.4896744017246,20.140225747178775,17.20391512005515,15.049851984887747,7.8921374894835905,2.488708811344074,40.87044831396116,21.275295050277006,17.67038848725677,13.518754329354058,8.234344149008676,2.5411469154609363
few_moving,155,3413,132.11612903225807,43.476717311624,1399,54.15483870967742,43.84903096282358,40.526260548531326,20.161788116057295,17.250891734972253,15.110542265702394,7.69308428634914,2.473715005770889,40.86291605976985,21.22761952464602,17.705017524163466,13.574321777210725,8.106529854589557,2.540581394418665
few_moving,156,3443,132.42307692307693,43.47497074621473,1418,54.53846153846154,43.843600634941886,40.5459174977593,20.1089900044151,17.222001013758003,15.15186263839621,7.559580942868781,2.482887538144261,40.861025232109746,21.187730572672578,17.739127065191298,13.624998531425783,7.90748824436486,2.5387659632242032
few_moving,157,3454,132,43.46447931734552,1428,54.57324840764331,43.7829382225208,40.53966787386686,20.077810150904327,17.187864939314203,15.20290486585472,7.342073994414776,2.464417426681734,40.81113168722558,21.1098131963886,17.724266855349804,13.696176366340655,7.751102371440705,2.537076046704241
few_moving,158,3486,132.37974683544306,43.41203286958503,1435,54.49367088607595,43.780972309637725,40.49019740927498,20.00063647713762,17.146395421081905,15.26971171986646,8.015468861316334,2.4610850078387214,40.81246674151053,21.06346356252562,17.742738407992885,13.741467966601991,7.564650817248854,2.5358601786389348
few_moving,159,3497,131.96226415094338,43.350841667069,1446,54.56603773584906,43.74850935403827,40.44009918459018,19.971657045528687,17.14055888966839,15.303267049897956,7.649730288611987,2.491711254936853,40.781946129336106,21.029202465141157,17.785894484395943,13.814929209388495,8.158519085162556,2.5682823586509924
few_moving,160,3527,132.26250000000002,43.30237437658525,1459,54.712500000000006,43.67832023890857,40.417971890787115,19.89367110832564,17.14073705519342,15.359945188995408,7.420077027134234,2.493905070485288,40.7127556087802,20.97313801374828,17.79086766386394,13.869002090166687,7.879225853066736,2.557666834686131
few_moving,161,3538,131.85093167701865,43.19054127678849,1471,54.81987577639752,43.60858772017997,40.30293044966027,19.93776480829165,17.22566061126411,15.448383978220535,7.162316759395568,2.464644027394846,40.64215936294529,20.93083634970763,17.805647668056615,13.933902850579052,7.640030172050278,2.5555693274419005
few_moving,162,3569,132.18518518518516,43.12073471726872,1483,54.925925925925924,43.538693581965646,40.249267300060644,19.92470589776968,17.276380071060842,15.522479040278176,7.022005860488465,2.475497338099388,40.56480028687372,20.904593652767165,17.845639259827387,14.046609180739138,7.5171459341432385,2.56467139528179
few_moving,163,3581,131.8159509202454,43.12306091287172,1502,55.2883435582822,43.475732037374335,40.232693148504204,19.964361883373236,17.30398864577532,15.625290732867061,6.9280641659821365,2.462739405744745,40.54591195594918,20.733315592096332,17.772529740601698,14.105874839007669,7.33427289905402,2.528017205271004
few_moving,164,3613,132.1829268292683,43.07412386006465,1522,55.68292682926829,43.44685207716262,40.1941007813799,19.9337706173799,17.328906010945314,15.744064346215803,6.943303418955954,2.464906903372664,40.56321862823222,20.713368518397733,17.849001001752107,14.249643839124595,7.52956507927026,2.503278910565305
few_moving,165,3625,131.8181818181818,42.99727855077991,1542,56.07272727272727,43.42600693321739,40.13015147717779,19.917856485959565,17.34838413037742,15.85687855216639,6.915832769540685,2.4145252650063123,40.531700149840674,20.714069053722746,17.890388921044824,14.37011310150728,7.460375386626293,2.5111356837645524
few_moving,166,3657,132.18072289156626,42.9322690323338,1563,56.49397590361446,43.367948933901545,40.08399507435341,19.929384247471663,17.412081832075067,15.976584848082327,6.888989049409807,2.408142439682484,40.44083350165343,20.693933721153744,17.89423137480968,14.498134567828325,7.373543527009953,2.4992965811180006
few_moving,167,3669,131.82035928143713,42.871453455243866,1583,56.87425149700599,43.27187048999406,40.04020332703152,19.87054230810679,17.40314605738398,16.016059582362306,6.9223114184358705,2.4151430450828917,40.32140935854246,20.645691081888533,17.86132633231293,14.557152521829382,7.3905546587236755,2.465370413566916
few_moving,168,3698,132.07142857142858,42.75859524365005,1601,57.17857142857143,43.13625551368617,39.943787648697544,19.80853588022191,17.382428104418615,16.064038630900143,6.941209360383816,2.3725319142158363,40.16696169213144,20.651382959455148,17.876514770749694,14.633965847343832,7.553981657762435,2.446274205247135
few_moving,169,3709,131.68047337278105,42.68066527475411,1616,57.37278106508875,43.004227859439276,39.88380554157166,19.880374550530007,17.483402093817805,16.1603993031597,7.302884888515815,2.3793280926200473,40.04350226752295,20.654161837226745,17.910888712124752,14.711156086691517,7.6638082164229075,2.4256594160021065
few_moving,170,3741,132.03529411764706,42.5730771016866,1631,57.56470588235294,42.937164296800646,39.763648244867454,19.934954176586626,17.538884695545907,16.194261975800853,7.248450955423901,2.3731608618481337,39.97829279610322,20.54068983225151,17.852505287320863,14.792177736669451,7.767076723688031,2.424066877739745
few_moving,171,3752,131.64912280701753,42.592133332696676,1639,57.50877192982456,42.93291294509732,39.73593974407611,20.007508984837486,17.596303422165015,16.257051455881573,7.487082660400027,2.3671998044403386,39.95319120252804,20.554733827412726,17.868940379080218,14.806581721949776,7.78890904353376,2.397547732743497
few_moving,172,3785,132.03488372093022,42.533068281665784,1646,57.41860465116279,42.90366942621392,39.64916443576672,19.97985882059206,17.601238699392646,16.328018222874007,7.486172270718089,2.3527556164092105,39.929195124589,20.515761782858238,17.870906324064816,14.850743050591822,7.942974633359916,2.3884948457984083
few_moving,173,3795,131.6184971098266,42.453799884132266,1652,57.29479768786127,42.866808021581626,39.58581565770793,19.992902920984942,17.628787494864817,16.31830208143393,7.549856283266102,2.3610291935857526,39.886213601417964,20.55572905246106,17.928664283923826,14.885248805914575,7.965635291255604,2.3876908018783265
few_moving,174,3826,131.93103448275863,42.40935249174336,1656,57.10344827586207,42.84242344805213,39.544609628431814,20.057227517971516,17.704345483463115,16.362492470099067,7.602338187232545,2.3569965516344054,39.84882081439922,20.554709707483653,17.958318381805725,14.924143228737112,8.035248363518422,2.39976200652641
few_moving,175,3838,131.58857142857144,42.46343955591905,1662,56.98285714285714,42.82998726423544,39.58041742373773,20.128690267601993,17.765976794075325,16.372941446582765,7.700743957293668,2.322951694833327,39.82299099589936,20.60575291516288,18.005202802644995,14.93122752359243,8.017514097619154,2.3791729078649375
few_moving,176,3868,131.86363636363637,42.426231227104445,1669,56.89772727272728,42.82344073127446,39.501298089238,20.112538251311022,17.715723909063037,16.361515304505037,7.486381086774085,2.308366586157821,39.80000289136625,20.622793257902604,18.033499876858915,14.94286829219777,8.033993133297352,2.367558254657453
few_moving,177,3881,131.5593220338983,42.33305725384478,1675,56.77966101694915,42.79976204212378,39.40056977531677,20.058369062451792,17.666401467075467,16.39317293552621,7.578275707138097,2.357224298527575,39.76025233710925,20.673378292515377,18.091146573474827,14.978055688894644,8.046778070735035,2.374445220224711
few_moving,178,3912,131.86516853932582,42.28911205824459,1681,56.662921348314605,42.77952280881776,39.33782195570462,20.04274469217628,17.65093329351452,16.41542162337225,7.497550736399542,2.3247215526574654,39.7252401666385,20.674453496356186,18.10786807132311,14.997936384233393,8.11126177769642,2.367713386565454
few_moving,179,3921,131.43016759776538,42.30785989350192,1688,56.581005586592184,42.79325986325021,39.34078613530025,20.187157051123062,17.75894152244399,16.447709065789404,7.764312349878275,2.341598386683672,39.7497253193484,20.715243386488318,18.13523530134784,14.984807555960838,8.118187267941892,2.350631057610405
few_moving,180,3952,131.73333333333332,42.298191494639696,1694,56.46666666666667,42.77290288442501,39.31194197603278,20.312841291552328,17.864514166492818,16.48305871435257,7.817874802368493,2.3375620155236443,39.7284651404726,20.758842745979216,18.17625016594443,15.010123923931463,8.177885444627211,2.3642591706534586
few_moving,181,3962,131.33701657458565,42.2636521060247,1697,56.254143646408835,42.77556024269068,39.2600693378918,20.316677232641656,17.857420176472807,16.45270351953165,7.799211338475851,2.3303592094293086,39.71838231532192,20.78257061625566,18.19904107980158,15.004492074511985,8.193222154323026,2.364259933470645
few_moving,182,3993,131.63736263736266,42.202333580218095,1698,55.978021978021985,42.765652083909146,39.19422789850145,20.313841560735433,17.861207858904436,16.4673122535173,7.789617196586494,2.332437717038905,39.699694170016976,20.78655078904701,18.212433523662334,15.004271667323662,8.155667360346131,2.3590875342002664
few_moving,183,4002,131.21311475409837,42.219587365586065,1699,55.70491803278689,42.73126494840585,39.18268410929757,20.39308131174772,17.937224707994197,16.46092757707145,7.749653711990852,2.3537282196615017,39.65091446904631,20.786201626576453,18.21654914249016,15.006136002599813,8.087273218841508,2.3559765043390146
few_moving,184,4032,131.47826086956522,42.18948179688966,1699,55.40217391304348,42.69758033894159,39.12997874138516,20.327285228093125,17.93898535395901,16.538809033303842,7.899823266485339,2.377150612078267,39.60089284037259,20.795259789229178,18.22865782271977,15.008597417883836,8.030743780352667,2.352008828383251
few_moving,185,4042,131.0918918918919,42.11226460441576,1701,55.167567567567566,42.63946255165244,39.072641497597694,20.245183582711256,17.90841797963739,16.55861754598245,8.097081003945096,2.3748979607956717,39.5258332988076,20.842488517955353,18.26617847463097,15.00914965184565,7.95285539407751,2.3475800673343836
few_moving,186,4071,131.32258064516128,42.056776315468795,1703,54.935483870967744,42.60058586914319,38.98248553937909,20.21467179666246,17.896533471560215,16.616075389562138,8.127653325847831,2.341720566271144,39.46957830649983,20.88117345418764,18.299517388441256,15.019049107975238,7.927099805275148,2.3439648700399522
few_moving,187,4080,130.9090909090909,42.04389433145174,1704,54.67379679144385,42.58218050460852,38.96775352468576,20.290168969061796,18.022559447931602,16.667055229446422,8.336561943865473,2.344231733327486,39.452543946425024,20.916915727220477,18.345716975637732,15.016978292061044,7.917074722267425,2.3441935476385196
few_moving,188,4110,131.17021276595744,42.01886610060495,1704,54.38297872340426,42.55864091962239,38.94878865548033,20.300319785712183,18.084681395820773,16.685018973428157,8.406322749757306,2.3396068464941524,39.4214284505486,20.945313423522972,18.380451605799358,15.016402932931946,7.890542517071833,2.3411749990858355
few_moving,189,4121,130.82539682539684,42.05069419996873,1704,54.0952380952381,42.53628220221726,38.95746640613776,20.270723156046895,18.04960836258418,16.638954900896692,8.143304900812332,2.3229372645241813,39.38708805583836,20.969461408677027,18.40864152416865,15.015985598343049,7.860334717128801,2.3383386484980817
few_moving,190,4151,131.08421052631581,42.02481113772575,1704,53.81052631578948,42.51605301640816,38.88261703666054,20.2951593763527,18.022772297215894,16.62840226651191,8.022610371935265,2.309330969188609,39.35333891796868,20.98966889648956,18.43163292541059,15.015075911111676,7.827979793181324,2.335641034690147
few_moving,191,4161,130.71204188481676,42.0006196901596,1705,53.56020942408377,42.50236481745878,38.87501604834934,20.271358548794396,17.98649227147713,16.597918625912268,7.907157319269185,2.306186610805388,39.32954340917146,21.0033296792591,18.446569922159068,15.013545801532144,7.801351220975252,2.3336773105276216
few_moving,192,4192,131,42.01119435850155,1706,53.31249999999999,42.49307439039006,38.89244394131516,20.24852832935688,17.960663552559716,16.561848728648506,7.8046637585951055,2.308435641912773,39.312781434638495,21.0126274258734,18.456351597083312,15.012157045934977,7.780761878253273,2.332260814069196
few_moving,193,4203,130.66321243523316,41.9970805383799,1706,53.03626943005181,42.48680679840557,38.888799495265175,20.28223478752178,18.03948928691563,16.59246934847185,8.025631515183052,2.318832460633659,39.30105131242401,21.018890206321966,18.46262347997499,15.011047939128412,7.765115956709143,2.3312533649368037
few_moving,194,4234,130.9484536082474,41.97993185828824,1707,52.793814432989684,42.481005441455785,38.84051445469738,20.280195029478293,18.065373307007164,16.60490894517743,8.030528854484698,2.304595881796207,39.28742509262667,21.01887752984748,18.46576805302384,15.012558051991704,7.747734395787305,2.330719791638947
few_moving,195,4242,130.52307692307693,41.9892839803131,1709,52.58461538461539,42.4789847102293,38.820340498035065,20.251106861634874,17.982862882746343,16.57912473296876,7.847227586620547,2.2911456960593806,39.28021512755248,21.02066529139428,18.4688239440974,15.014561011846114,7.7396233402824635,2.328326056664096
few_moving,196,4272,130.77551020408163,42.00857864322582,1710,52.3469387755102,42.4336806035243,38.83555916646425,20.309488362124036,18.03036201667369,16.626440679084634,8.032528618448922,2.3173060994089543,39.2226928542844,21.024549958441067,18.487140634288345,15.041976774630323,7.810061703095154,2.328907775990156
few_moving,197,4284,130.4771573604061,42.02294204326116,1711,52.111675126903556,42.42449722491385,38.844135487712684,20.347988377783757,18.078724542082,16.637232230345433,8.061229967255292,2.293721802186309,39.20546327674678,21.053915782424806,18.509810514877994,15.044742611898593,7.799210721339551,2.3281463414323436
few_moving,198,4313,130.69696969696972,42.039867440865464,1712,51.878787878787875,42.416676887711304,38.86400822923196,20.359544843758165,18.104315772745228,16.632707204271572,8.07784677980286,2.2930371659424966,39.19603355829306,21.06372249982066,18.519485853619983,15.047152483487098,7.808112097674903,2.327702041953691
few_moving,199,4316,130.13065326633165,42.003528915137636,1712,51.6180904522613,42.41328356303251,38.817359532484396,20.351064762562487,18.150589125066443,16.664789458829954,8.180907305452319,2.3015604929266478,39.19202337627045,21.07246867124341,18.52763363328371,15.047803411749348,7.810808180104,2.326931228262959
few_moving,200,4346,130.38,41.97066891084279,1717,51.50999999999999,42.452197361333944,38.77478705585332,20.43403792764187,18.215754411595274,16.697000537813157,8.28610006435399,2.3011619704061608,39.23556545525998,21.08227893410132,18.558328314673254,15.052014240694277,7.916223516648908,2.3553202580227652
few_moving,201,4357,130.0597014925373,41.976154560295726,1726,51.52238805970149,42.44330697737142,38.79278104854746,20.37699985877881,18.145621053106545,16.66046640290204,8.120124564270675,2.2958915934271307,39.24215804081512,21.038807542716043,18.538572034113983,15.079419656008621,8.144178409215419,2.387118749170583
few_moving,202,4386,130.2772277227723,42.0131246143439,1737,51.59405940594059,42.41679623546641,38.84967840823105,20.414909669302578,18.166089129934054,16.62333294258586,8.056452935306197,2.277216901778893,39.180388878066665,21.05559930320178,18.557432360643805,15.124491166161723,8.253169997612789,2.3494017396200904
few_moving,203,4396,129.93103448275863,41.98942442041365,1749,51.69458128078818,42.46165623245159,38.79339421600024,20.42563480367455,18.200570365636715,16.66686867785092,8.142615873334769,2.2886293134673177,39.19160415680434,21.093206447227743,18.590975244243545,15.136676636084433,8.306862533922354,2.3212376218217967
few_moving,204,4427,130.2058823529412,41.981438736963,1762,51.8235294117647,42.408049761473315,38.80907798298797,20.459871573459903,18.270722065136862,16.6574295051503,8.23413384625383,2.3252071166105694,39.123909971924824,21.0537820672261,18.55823663514513,15.156448616777018,8.340403479571126,2.3464043088536113
few_moving,205,4435,129.8048780487805,42.05519060767871,1774,51.9219512195122,42.414097285722065,38.9061934175437,20.507421557601724,18.273351199650115,16.590754021167285,8.148130266432053,2.3171248534769693,39.12006883479549,21.042354100360807,18.550214398814084,15.1738207309115,8.371885891759973,2.3410881072649534
few_moving,206,4465,130.04854368932038,42.039223234608286,1786,52.019417475728154,42.35707312490217,38.8623185198266,20.484478732289944,18.222517608427363,16.5808231215541,8.023631900837238,2.3022971269973747,39.07787819966951,20.95070440907197,18.45245522646822,15.166369282911793,8.2335767600839,2.3723708845258566
few_moving,207,4477,129.76811594202897,42.032619044470934,1797,52.086956521739125,42.40394478485931,38.89769420725452,20.41352074142094,18.16612198437259,16.563180154791667,7.965620079673662,2.3105452294754696,39.12249183672151,20.887690490074988,18.405406652072056,15.169945232967828,8.248933874081592,2.364157019981186
few_moving,208,4508,130.03846153846155,42.04411437631841,1806,52.09615384615384,42.371305292484756,38.887912012455715,20.43546726149172,18.1551842405547,16.59017433826259,8.011980670638822,2.299626863202846,39.067478166521475,20.88312918870295,18.418898077625315,15.212344191045258,8.282417805798275,2.365912515387705
few_moving,209,4518,129.70334928229664,42.04544441126849,1815,52.10526315789473,42.43091257910639,38.90712706923542,20.49973470369723,18.182655370830208,16.566566700716574,7.991617589759533,2.31320865550356,39.17994218077728,20.86851333828567,18.362772342249443,15.141871648053709,8.155514397713107,2.379977194243733
few_moving,210,4547,129.9142857142857,42.01987090325116,1820,52,42.45429164639025,38.853509674113795,20.42217848740285,18.105260669887507,16.593482615537077,7.9293701493865,2.293840561610019,39.23924193235787,20.88977061544588,18.364272810345277,15.135663162549994,8.276873253249653,2.3659203959457167
few_moving,211,4558,129.61137440758296,41.989684365369925,1827,51.952606635071085,42.411803444908884,38.78128603198906,20.498130262029814,18.178642061762947,16.62565162336905,8.006705099356184,2.31522764300564,39.207000594899526,20.921998937772024,18.39565263137161,15.158746260049563,8.385364630665856,2.3608941470086102
few_moving,212,4590,129.9056603773585,42.028076003268,1832,51.84905660377358,42.47481113953438,38.82747323713209,20.625639360101736,18.336133205570743,16.618401206795525,8.167166060058014,2.301003777832948,39.28269706643201,20.961933695279903,18.413801836427446,15.12908964678064,8.379853638169662,2.356744401863501
few_moving,213,4600,129.5774647887324,42.02306930770875,1835,51.690140845070424,42.47654325449891,38.837508413362315,20.625730982492925,18.338813643114236,16.612393353240215,8.228510613279035,2.300851557428221,39.270312908532084,21.035195026635463,18.491602282242717,15.15376932783535,8.473503261881525,2.34824227639855
few_moving,214,4630,129.81308411214954,42.014052443147825,1835,51.44859813084112,42.48148107513429,38.82967947222638,20.578654108859865,18.305938114884363,16.588658175471245,8.129635659419234,2.2865324165261076,39.27626970912043,21.053920433857115,18.5073418388584,15.149339001579255,8.482615520389023,2.3470335542487932
few_moving,215,4640,129.48837209302326,41.957571146732,1837,51.265116279069765,42.50573993559382,38.75675385588095,20.49512413398795,18.236311953378994,16.58557548859215,7.999314563781354,2.313526118793755,39.298758648191395,21.058572361758625,18.511657300192766,15.147738697629135,8.485275294397145,2.3358564397377695
few_moving,216,4671,129.75,41.98766750473642,1838,51.05555555555556,42.516500443360286,38.78366301752722,20.516414153124895,18.254320918706423,16.58460271502274,8.015983017838026,2.2997193373091647,39.3090578191596,21.055768913802765,18.510584331957013,15.1464690223695,8.488379106936527,2.3381921549647275
few_moving,217,4683,129.48387096774195,41.981592068602474,1839,50.84792626728111,42.529578122972836,38.7735630724823,20.524370881940047,18.301381244365196,16.631658298075735,8.174935967193777,2.316739510534311,39.33833109919029,21.059126312454502,18.523339777673037,15.142961438406953,8.511407038893076,2.3414352217083114
few_moving,218,4712,129.6880733944954,41.93747974335766,1839,50.61467889908257,42.53655768559436,38.722381566673505,20.502879839024782,18.283152740161366,16.651675580973087,8.130600456386333,2.3020267169465884,39.35324369876507,21.064551858449335,18.53337423637803,15.14115520331616,8.524010100267228,2.341908674244948
few_moving,219,4722,129.36986301369862,41.94700887883212,1839,50.38356164383562,42.54043129078939,38.71459789882322,20.478000001443718,18.243181874527494,16.640465440371297,8.069262005954634,2.3084580954421337,39.361189646880334,21.06955894863878,18.540725932497907,15.140192044782149,8.532105142041136,2.3421631229814213
few_moving,220,4751,129.5727272727273,41.991430563407896,1840,50.18181818181819,42.53868710474436,38.76069704973578,20.51863936827118,18.29038839879714,16.67907580935176,8.24256580199233,2.3066275370253333,39.36202716542888,21.07061968300277,18.543236751338107,15.13901538688556,8.533082837291795,2.3436983683447283
few_moving,221,4760,129.23076923076923,42.00891694739021,1844,50.0633484162896,42.51388660099908,38.789177678881416,20.483148533514893,18.249382855440246,16.652660686666753,8.131181258773232,2.287939193178667,39.321915255869705,21.100045731477447,18.58520344760398,15.166049127791618,8.609006289064997,2.3355306309677015
few_moving,222,4791,129.48648648648648,42.007425836004266,1848,49.945945945945944,42.5059475329737,38.80812126037952,20.458483022410203,18.258862700011598,16.62182262669669,8.074084624693457,2.273176941160706,39.2860145667115,21.092429206213165,18.56525229065266,15.16807518702711,8.574108940718022,2.3473043427520115
few_moving,223,4799,129.12107623318386,42.03926236823543,1851,49.80269058295964,42.49068264248409,38.85035064953557,20.453273326232193,18.218844571328805,16.578202368999364,7.979849467724022,2.314965252257472,39.270045183189055,21.08959416807184,18.55769338323426,15.171487099251557,8.559860360081876,2.345046485629626
few_moving,224,4828,129.32142857142858,42.045177315127674,1855,49.6875,42.482061613171055,38.861249614352026,20.452789189257057,18.213659135727028,16.577201502613384,7.9626590863895395,2.3113901875648075,39.22852813239651,21.066957768519273,18.56237030692619,15.19139199510079,8.517110518927105,2.34335651276289
few_moving,225,4839,129.04,41.98572028359617,1858,49.54666666666667,42.47622201418705,38.82666911842536,20.463562075896103,18.236703114860365,16.607469808615864,8.094989708778767,2.330273333494438,39.17569257223691,21.042601824065915,18.55730589051659,15.210299318627635,8.460498293468948,2.344333629742948
few_moving,226,4870,129.2920353982301,42.00019651023751,1862,49.43362831858407,42.46471040672796,38.84187787958214,20.48371194815791,18.245304932494516,16.63233577807853,8.182081941502336,2.324539213293386,39.14105833190967,21.02619806861658,18.551523701873204,15.224254660473598,8.46061948206211,2.346197929579926
few_moving,227,4881,129.01321585903085,42.01363085199438,1870,49.4273127753304,42.42620667708793,38.85614446116809,20.4425830019383,18.167628231523572,16.6227082296027,8.11388775563281,2.2851004941401643,39.089365629089855,21.044607756312292,18.562896550935285,15.250917569631232,8.429438590411827,2.331555596775074
few_moving,228,4909,129.18421052631578,42.019426219178705,1875,49.3421052631579,42.44565633761502,38.89697456464748,20.427352140726512,18.16594086985452,16.566213035535405,8.0238867211596,2.3150835383428965,39.12964948116338,21.056337385442003,18.58222352467419,15.22841206100377,8.429460562304833,2.3626592675155678
few_moving,229,4919,128.882096069869,41.98462980815704,1880,49.25764192139738,42.448824293696426,38.84014858229373,20.457270466718718,18.210593917187705,16.581472174119842,8.021465904203879,2.28885290854808,39.136972834116484,21.077068710736356,18.60619105612024,15.21545698914829,8.411036335977933,2.3562290316113024
few_moving,230,4950,129.1304347826087,41.968859964452044,1887,49.22608695652173,42.436125881307646,38.7856291849977,20.45032956821493,18.185333407028015,16.621198337388822,8.036970271811798,2.2848869159968186,39.138124516095864,21.03097533910473,18.550483064391166,15.166677474563123,8.249406221405566,2.3558959560285326
few_moving,231,4960,128.83116883116884,41.91840581309169,1892,49.14285714285714,42.42951701990656,38.72434573829456,20.455003810822912,18.240052131900967,16.64491443663074,8.156801027178842,2.287852288461021,39.12980025052592,21.03644623984465,18.563746338940888,15.182390549771288,8.312589073718142,2.3594922795725393
few_moving,232,4991,129.07758620689657,41.88574801406669,1898,49.08620689655173,42.420461318930776,38.69150403178767,20.473143500755924,18.29651521581319,16.671510951856938,8.284965504665037,2.3021424822915577,39.119222589538566,21.03647493311649,18.565540626863342,15.183081195302378,8.304058230377946,2.3664256314912353
few_moving,233,5002,128.8068669527897,41.93206944798675,1903,49.00429184549357,42.39844856029541,38.73109029976787,20.42342306531196,18.20460615372886,16.615498958894005,8.001654524134453,2.308203745855917,39.09808933306171,21.0284224988801,18.56100584124153,15.18945373131894,8.338266968704621,2.3699941240852866
few_moving,234,5031,129,41.93972426690871,1906,48.87179487179487,42.46250251238976,38.722354466328575,20.43180185011099,18.162618627890044,16.579601408560215,7.864332007484186,2.3066762301987356,39.15986545195684,21.059251216455696,18.580751795550675,15.174162758065085,8.298144718756758,2.3296773405509463
few_moving,235,5039,128.65531914893617,41.936378966267846,1912,48.817021276595746,42.432264103095164,38.69138037374222,20.508732982042513,18.23798451084099,16.628909840881988,8.093626420126778,2.306777038614151,39.13766581375435,21.019074501048507,18.538289506906562,15.147828480191432,8.204922783259514,2.362537800028964
few_moving,236,5067,128.82203389830508,41.924640931896825,1920,48.8135593220339,42.42081318824795,38.70111766999223,20.503912543259688,18.26716682131307,16.652555001197246,8.220242577804184,2.296359394916068,39.132581787033075,21.000746630664658,18.51521952540714,15.139873807017127,8.155579473675408,2.3611649694635712
few_moving,237,5078,128.55696202531647,41.93209473073736,1926,48.75949367088607,42.40722018228181,38.70832957574284,20.57963144473544,18.367391359811005,16.666742356004168,8.273471461300778,2.2969982699534897,39.133132128870365,20.97562094370624,18.486727853432633,15.145813077397635,8.166743555165278,2.3756092740245967
few_moving,238,5107,128.74789915966386,41.94894478721699,1931,48.68067226890756,42.388936304911645,38.73667899001462,20.65591149072974,18.44160448616436,16.689432274366954,8.348036282632833,2.282310391246019,39.096613655171474,21.031740774885595,18.54945080546327,15.193672777441437,8.301096544858124,2.3804329363031074
few_moving,239,5118,128.48535564853557,41.9930170563975,1938,48.65271966527197,42.38124541636439,38.77305372152555,20.635393087762402,18.343942429587646,16.66605266018087,8.290559694270161,2.2783458587287626,39.10222632906688,21.036320616766158,18.549849289777516,15.201745857203466,8.388011036021185,2.3770667823666645
few_moving,240,5147,128.675,41.98677411272183,1943,48.575,42.409563469130426,38.795671522408014,20.48354188241092,18.19917029332948,16.61548822748718,8.07714290473182,2.300329997789007,39.1513401782575,21.00739850554319,18.503866771137474,15.1708992188365,8.306565600877777,2.3755478950641553
few_moving,241,5157,128.39004149377595,41.99611811137471,1948,48.497925311203325,42.396148487346984,38.79896215395196,20.424161624203876,18.139897513094695,16.625701541235394,8.035343804343325,2.273852298079387,39.12138820821839,21.057762040600164,18.56325757306931,15.207709726649925,8.424757277778514,2.380395565580395
few_moving,242,5188,128.62809917355372,42.02057745175907,1950,48.34710743801653,42.39598494760913,38.82295569586829,20.41952495133387,18.137854164492207,16.616031019933583,8.019445556485078,2.2970089664219127,39.133487650475026,20.985171119028248,18.507391510917515,15.210754212154047,8.407078934417614,2.3787047263920367
few_moving,243,5198,128.34567901234567,42.033276448587785,1951,48.17283950617284,42.37552445720618,38.82810551692054,20.463364717386348,18.148379689181148,16.58842890483008,7.925465759483796,2.3024830500795446,39.11692742808056,20.915441452010487,18.44916300121671,15.227144902434864,8.416473042167768,2.372721003936818
few_moving,244,5227,128.5327868852459,42.03233858701299,1951,47.97540983606557,42.36732859137707,38.85077854197387,20.441446056488115,18.165321709974204,16.576687181460642,7.912831328526881,2.2775881612911233,39.109395412714214,20.882349994916556,18.42030580822944,15.234607217454156,8.418486143354437,2.3704591090434928
few_moving,245,5238,128.27755102040817,42.05118645213918,1953,47.828571428571436,42.36795131889621,38.87614478974021,20.432270167438237,18.210807961017906,16.598173705092556,8.070200296554146,2.295013010243772,39.11103798845527,20.864663848324607,18.407628496354825,15.248679968123323,8.449014531480602,2.367199106851452
few_moving,246,5269,128.51219512195124,41.97950226751975,1953,47.63414634146342,42.370692878472134,38.783282981754645,20.33522613384469,18.124736946534775,16.63160758580441,8.000806989676533,2.320265120446457,39.1138435794016,20.85640263377455,18.402015609855507,15.258309058929601,8.4678803026741,2.365929485097306
few_moving,247,5278,128.21052631578948,42.031276213483785,1954,47.465587044534416,42.37423945931806,38.85039486382344,20.391901837149238,18.158243095230723,16.58830444943086,7.954319030809682,2.2963387546882625,39.1170818739942,20.8530423907827,18.39984995159136,15.264427351644713,8.480701315818814,2.364761513971444
few_moving,248,5307,128.3951612903226,42.05883977797207,1955,47.29838709677419,42.394793429072095,38.86517152406839,20.48296921546313,18.215541481991746,16.591519519224672,8.012590903412255,2.2883197028454973,39.13550232990197,20.86355345881389,18.410574558358107,15.271033560141783,8.5101194029978,2.3619402532964138
few_moving,249,5317,128.12048192771084,42.02594544880528,1955,47.10843373493975,42.35534519781234,38.8211023127477,20.567741504324754,18.298931843190253,16.584307315398267,8.083392111107136,2.3003819461470254,39.10036694736273,20.846481728400757,18.40037049777358,15.29982713097305,8.59178785509439,2.358896008669787
few_moving,250,5348,128.35199999999998,42.00759113365844,1955,46.919999999999995,42.348028409668004,38.801753175391994,20.58077403162028,18.321620333875078,16.590009774218036,8.1227522532219,2.289058565593074,39.09439207187221,20.843039547292594,18.39645372549169,15.310281686056932,8.61849817116932,2.3602649881181925
few_moving,251,5358,128.07968127490037,42.015824749230994,1961,46.87649402390438,42.33952181469974,38.84166410136554,20.477725927731257,18.214496472031428,16.55366955461241,7.950988607212901,2.3036394831324687,39.060798365617565,20.878737726995237,18.441605631945503,15.329518973443621,8.628564776492013,2.3035120179180715
few_moving,252,5389,128.3095238095238,42.00197156507262,1969,46.88095238095238,42.348912708760714,38.82553404179427,20.475687327408753,18.183346996227595,16.571321885686178,7.947860596036687,2.312605537154017,39.0528136630685,20.969988676723162,18.504776665221847,15.316607450605115,8.630190909308238,2.3442491246427046
few_moving,253,5399,128.0395256916996,42.02665558734423,1976,46.86166007905138,42.35304979709182,38.87564112144641,20.456603844265217,18.139407401836714,16.54685741539537,7.919494454783469,2.3149406032537505,39.050318961963015,20.938627157968824,18.464961416026732,15.311123291200188,8.596967709715392,2.3315928342895593
few_moving,254,5430,128.26771653543307,42.05503931281206,1984,46.86614173228347,42.356153554421546,38.90022606777463,20.396572247191422,18.1016981095974,16.54366698573692,7.8479611769219275,2.291912240917625,39.04937772723356,20.97007438571754,18.516906784898612,15.317482558935271,8.606916955415299,2.3439685607180394
few_moving,255,5441,128.0235294117647,41.970216340722395,1992,46.870588235294115,42.35243244076192,38.77885772698028,20.35854965864611,18.11163618140644,16.60489544819035,7.917083466877611,2.318341771610632,39.03614286710676,20.96481024199223,18.513666786723356,15.324568023868425,8.622216781072712,2.346251439706896
few_moving,256,5472,128.25,41.89985525716228,1999,46.8515625,42.381457677424834,38.67296914193291,20.429967708292914,18.17250880609094,16.624054495421955,7.979709777367955,2.296896187464196,39.08516598786323,21.018358240518893,18.52706633347047,15.277504927542102,8.579271699997616,2.336542211452975
few_moving,257,5482,127.98443579766538,41.91876969119356,2007,46.856031128404666,42.383931141779385,38.6800489022239,20.39388672459141,18.14460300510502,16.629338034360522,7.9186552243797905,2.3069362142659813,39.09059395678082,21.085867232116648,18.5977527833796,15.278592950650825,8.622801389578205,2.3322871500714326
few_moving,258,5512,128.18604651162792,41.9352533414204,2010,46.74418604651163,42.409833435583735,38.72413511172432,20.445539703714037,18.203592557242693,16.609229630140092,8.01032082952275,2.31584938447018,39.11745537343696,21.009362203353476,18.53531189877117,15.262718082797806,8.55048515709893,2.33455547375111
few_moving,259,5522,127.92277992277994,41.961599904555406,2010,46.56370656370657,42.42174169956173,38.72082081060146,20.47968029540608,18.214093378210983,16.64785069624608,8.048505654313896,2.284529427749379,39.12890866923265,20.944239722366515,18.480593326348945,15.257624692010104,8.493897378472088,2.337683675701646
few_moving,260,5552,128.12307692307695,41.964889817037864,2012,46.43076923076923,42.41696643578534,38.70907909795734,20.51449185894161,18.224546970388385,16.65657523230381,8.046998982684975,2.2915137494236237,39.11728334087634,20.991317663663523,18.51802229170237,15.245861495682197,8.479975645158957,2.3365036512763235
few_moving,261,5562,127.86206896551727,41.97390890918116,2012,46.252873563218394,42.41152427744935,38.763359678341224,20.500869405583252,18.25409228593496,16.667708279858562,8.192027108398205,2.306642403568002,39.10920974907138,21.013337899332686,18.53360315311278,15.237353244768954,8.465584920736221,2.3369158765338685
few_moving,262,5594,128.10687022900765,41.98860296685715,2016,46.16793893129771,42.43193155648682,38.81156936408878,20.461146175926267,18.26046659761294,16.652872498043806,8.181683328843162,2.3031718291222565,39.12994980286426,21.03863851716063,18.561469218096924,15.26055266144006,8.506874975290863,2.317880415951378
few_moving,263,5605,127.87072243346006,42.05659240736197,2020,46.083650190114064,42.42789884903044,38.87928761620867,20.5352440878488,18.321475642869046,16.59013925994435,8.094219258208541,2.2938270550480464,39.12841448686191,21.02438465123399,18.534480159327764,15.214748189382297,8.396822599287894,2.3435993489044282
few_moving,264,5634,128.04545454545453,42.0457101998574,2025,46.022727272727266,42.4200116279226,38.84136344404558,20.57141684527183,18.317836606011173,16.59977918537925,8.092444911855123,2.3016253990326336,39.12378779837057,21.014846864982673,18.520758256440427,15.204793172166404,8.350925159766687,2.3538814782066626
few_moving,265,5645,127.81132075471697,42.00384400415529,2030,45.96226415094339,42.44553730390618,38.794415041804754,20.55755841518073,18.330719486283108,16.60914476058087,8.096441022710202,2.290347335480697,39.13728686089136,21.053132823033483,18.56432225494121,15.21107324552856,8.391571472401717,2.3464262406965295
few_moving,266,5676,128.0300751879699,41.96378209239566,2039,45.992481203007515,42.4241737159585,38.74496835511059,20.54404720874422,18.29212972879516,16.584094867957145,8.005100107100343,2.3055226440003285,39.13706443382249,20.98682059861054,18.484234013946093,15.163880742957778,8.189576431772306,2.3630090585149106
few_moving,267,5685,127.75280898876404,42.039050713674925,2050,46.067415730337075,42.42087528343923,38.82954182986178,20.567271997397075,18.309341254737394,16.58747537677222,8.022283968243697,2.293393649635594,39.11908465479489,21.038908533228547,18.55483239208349,15.192963929893489,8.353710725157523,2.352815785693947
few_moving,268,5715,127.94776119402985,42.025203409952944,2060,46.11940298507463,42.448562799979335,38.836756966707426,20.55124360709111,18.310927302203286,16.59952668298539,8.08704055661148,2.3120073336672253,39.13280021346942,21.080293518685465,18.600699633561998,15.191082105346549,8.409029673293567,2.3499451371491005
few_moving,269,5725,127.69516728624535,41.936452558524635,2068,46.12639405204461,42.47395813270479,38.76393344226286,20.628399803245753,18.427942415795165,16.628681896290455,8.3313568946631,2.3167154835842187,39.19242153826327,21.07585793445544,18.568086076622883,15.135637602238836,8.301675587869758,2.3462808835124194
few_moving,270,5756,127.91111111111111,41.94810249050702,2073,46.06666666666667,42.44958920818736,38.756621443200785,20.665123127776816,18.46037088910531,16.660007061912452,8.39221427297173,2.3012117117156707,39.181698703924354,21.068525603329896,18.55462830232382,15.131495128794231,8.322503262027192,2.3563404042311493
few_moving,271,5766,127.66051660516605,41.96219650909719,2079,46.02952029520296,42.47952157456503,38.74594221547032,20.603361572816887,18.41173048662012,16.661032187470877,8.294697290895016,2.3027116137797496,39.216346798214644,21.093363217963216,18.568798746607662,15.119920544489364,8.301850645929711,2.3443251814356896
few_moving,272,5795,127.83088235294117,41.93897024778851,2087,46.036764705882355,42.497755114747434,38.69149483915993,20.581757844003157,18.363502467106937,16.648429601736687,8.181423886591865,2.2922396877548823,39.24159431065624,21.08806831163607,18.5558275883016,15.095026198277326,8.260989765799177,2.3622520901470683
few_moving,273,5806,127.60439560439562,41.88906570263694,2091,45.956043956043956,42.51891933837066,38.678176933420104,20.46718094833582,18.26219295446671,16.65209317918232,8.180492826271504,2.3376451321350333,39.314079454189574,21.039051367116834,18.534730722369925,15.083710401428663,8.28193427473284,2.3361733528743023
few_moving,274,5836,127.79562043795622,41.95893319615391,2091,45.78832116788321,42.537361337505814,38.75908560802266,20.518253691495538,18.313120614461518,16.679002673961826,8.32873219622556,2.332103973068773,39.36330277863944,21.025884871525214,18.5444551215976,15.081379694684875,8.323569482656806,2.3356430103612897
few_moving,275,5846,127.54909090909092,41.965719446072086,2093,45.66545454545455,42.5632682954523,38.75102065981409,20.569191864738723,18.36335977811395,16.684628573333413,8.328078719084148,2.3214090828927145,39.402417956536546,21.025055152060247,18.556415975986788,15.079531370024448,8.367343325039641,2.3427651211236165
few_moving,276,5876,127.73913043478262,41.977248783464184,2093,45.50000000000001,42.580183401301326,38.72964055085972,20.569157769353527,18.336673561142725,16.65902284988252,8.18738960001887,2.311621259653082,39.42567244097842,21.02935126264272,18.567125937449877,15.0785976424645,8.394122160907123,2.342320009428577
few_moving,277,5887,127.51624548736464,41.953729518298395,2094,45.357400722021666,42.590850309513506,38.706627022680564,20.500400432737433,18.269503596483528,16.668292620545575,8.118292651900356,2.2958664200660643,39.439505497029266,21.03370730513941,18.574993225097565,15.077819252883241,8.410290184410087,2.34212425562082
few_moving,278,5918,127.72661870503595,41.92627375897208,2094,45.194244604316545,42.59770675118677,38.681425914944086,20.472748024402506,18.2470780469712,16.669839912991833,8.122944000124106,2.3204912550155026,39.447980501828184,21.03723857754489,18.580591262621784,15.07718789108103,8.420256487197632,2.342015410528528
few_moving,279,5929,127.505376344086,41.95707223485189,2094,45.03225806451613,42.60216713942249,38.73221266464552,20.447964829176644,18.2044759916596,16.638879239361046,8.030313057949824,2.2919426819658453,39.453285527910865,21.03986545003592,18.58453689235959,15.076656616505652,8.426495138362158,2.3419548442934017
few_moving,280,5960,127.71428571428571,41.96075417417102,2094,44.87142857142857,42.60511447832834,38.714987273735076,20.44479791257479,18.18215345479377,16.63735153612945,7.966309970057068,2.2715194090842874,39.456678757566486,21.041765589261093,18.587350537053183,15.076196440622256,8.430473717310742,2.3419165063135354
few_moving,281,5969,127.45195729537366,42.01174178897978,2098,44.79715302491103,42.598422860465064,38.76732914555963,20.478367746244817,18.197116039320186,16.621324615072393,7.9365897064742255,2.2963362228302264,39.426321522140476,21.07255984452002,18.63221481324137,15.086451015331548,8.423953292807187,2.3061640185880923
few_moving,282,5999,127.63829787234042,42.01421492262921,2102,44.723404255319146,42.576275173173755,38.79031047042268,20.48140678133313,18.203017758829166,16.592893373022335,7.911351309210132,2.3095062457066144,39.392057327257945,21.17769383241753,18.722013396619566,15.11563166179003,8.518260033440827,2.3055019329609587
few_moving,283,6010,127.42049469964664,41.978362385463576,2106,44.65017667844523,42.553327225942965,38.79164000952474,20.434808815245947,18.169837546822244,16.605858386445696,8.084246046008529,2.312228057462209,39.34880500430498,21.203107966714175,18.760953832154865,15.143941452026265,8.560848876948143,2.3079451555219896
few_moving,284,6041,127.62676056338029,41.972615172232615,2111,44.598591549295776,42.53451689610424,38.802606336735536,20.474192744876913,18.21375630910868,16.626774506633776,8.170970070166783,2.3165524798226693,39.349912539861464,21.160328443747694,18.71849827337353,15.168364871939048,8.638307828062201,2.346087122644041
few_moving,285,6050,127.36842105263158,41.97792695273465,2115,44.526315789473685,42.53975956906906,38.82104294374339,20.535419053593134,18.280883455102718,16.61594565297492,8.183590999860037,2.3140188040397045,39.380187553796794,21.150871700888455,18.692230162829016,15.167484623430239,8.692926023553646,2.3547340460841566
few_moving,286,6081,127.57342657342657,41.99773226665601,2119,44.45454545454545,42.52230020547165,38.84038832563454,20.51828553870917,18.261215800427664,16.585292402134204,8.121374476555504,2.3102463001057747,39.34816760374745,21.082765903732803,18.646427258925115,15.18790893629277,8.669723118329994,2.3558663978861722
few_moving,287,6092,127.35888501742161,41.98781810617692,2126,44.44599303135889,42.515631259983074,38.80193645552639,20.572781579881827,18.30326788212688,16.589027338007536,8.094232204175945,2.2885486328368128,39.32798570661082,20.990632028016886,18.58221716188547,15.203738707085426,8.626276510400295,2.3557714813940764
few_moving,288,6122,127.54166666666669,41.97623439328213,2131,44.395833333333336,42.48629332240586,38.78539980012602,20.562402050627373,18.298790408472197,16.59150921175716,8.082851158225315,2.3089242669416334,39.27746423585765,20.972442813342873,18.528546496063864,15.200785714536114,8.550626150211393,2.365429161329314
few_moving,289,6132,127.30795847750866,41.994466106571764,2134,44.3044982698962,42.46233543378521,38.82092010522712,20.530345722812996,18.242974950121074,16.563591426051865,8.005050881780885,2.3174280031572176,39.237364307044835,20.99017404210914,18.519207398132696,15.199879046769848,8.517301119962887,2.365164868479838
few_moving,290,6161,127.46896551724139,41.9652651842638,2137,44.213793103448275,42.47044302801097,38.79796597236082,20.556683450128165,18.26318849646284,16.57709521476402,8.04347610358751,2.3203996656390142,39.2502267279347,20.922543111142677,18.455219285241938,15.198533560639213,8.469279744006993,2.366513565694404
few_moving,291,6172,127.2577319587629,41.92014026274474,2137,44.06185567010309,42.47312277246101,38.758977383286975,20.477082093447144,18.234933489622357,16.59217496363254,8.042803031437218,2.317359662617416,39.2539534353373,20.88050148993377,18.416098452791545,15.19800013706987,8.444484193455537,2.3696808567922547
few_moving,292,6203,127.45890410958904,41.930785066317654,2138,43.93150684931508,42.474013653848736,38.737518125094276,20.462303353832976,18.20242671321838,16.631207636134974,8.089854804841071,2.3173560374285596,39.25437166696871,20.85601022892518,18.3933022146745,15.198784844957421,8.431455740897976,2.3709092496210853
few_moving,293,6212,127.20819112627986,41.9361577071567,2138,43.781569965870304,42.47389915994314,38.69908409267954,20.483097039236256,18.201527607648963,16.65042989845635,8.040502762572775,2.3037585491902233,39.253413986804,20.841540541314284,18.379862288035508,15.19982901851882,8.424325969511726,2.371564729146245
few_moving,294,6242,127.38775510204081,41.95854201194586,2141,43.69387755102041,42.40784017306301,38.746374938882816,20.528290539666973,18.253463803186342,16.634016495698187,8.098403840966627,2.3140449873159747,39.19972651476074,20.802721450041528,18.348123627449212,15.227046083576901,8.42337472383777,2.415261119607301
few_moving,295,6252,127.1593220338983,41.994094885611744,2146,43.64745762711864,42.442594673082105,38.80500642780258,20.49153824558612,18.21921296226379,16.598636060982045,8.062060916818272,2.290598625037822,39.226864854516535,20.80356079776888,18.347236815597814,15.209754667615822,8.41607091122435,2.3588936120713693
few_moving,296,6282,127.33783783783784,41.961225075996715,2151,43.60135135135135,42.463168493907204,38.76138389108104,20.454166429328172,18.185213715510123,16.602787615654815,7.9978875651980195,2.3005562058198077,39.239870333812014,20.802436266826504,18.343737477016795,15.178964026943385,8.337608281455498,2.360130688142247
few_moving,297,6291,127.0909090909091,42.00275568907309,2157,43.57575757575757,42.434715276938235,38.8000439200177,20.45635189649008,18.231154303132058,16.617592018894037,8.063784357782538,2.314619995579633,39.21035054519022,20.79451280508437,18.338864623548645,15.182659313575762,8.316602622471242,2.374584115631258
few_moving,298,6321,127.26845637583892,42.00068859316933,2163,43.5503355704698,42.44135554378416,38.788210035437984,20.482916277770187,18.241484263305022,16.614933043979587,8.051927571949424,2.299457490724806,39.21338093331822,20.822240784077575,18.36498104720167,15.197957418391734,8.35389813252269,2.371587772719657
few_moving,299,6330,127.02341137123746,41.95427560822822,2168,43.50501672240803,42.47057821690179,38.74533698047238,20.51787923952561,18.313996512059507,16.644321921899596,8.202518765120095,2.297700049289823,39.23386733058156,20.864090063964152,18.410078841657537,15.211086104277054,8.448503888248768,2.3563524483041696
few_moving,300,6361,127.22,41.93657089297128,2173,43.46,42.47741614460327,38.7274702261897,20.567113383156737,18.340104266613423,16.627926744040572,8.216354497588917,2.2840502585278872,39.24523486587021,20.886717335623846,18.42773428087734,15.211376819089146,8.459868517162825,2.364371712540532
few_moving,301,6372,127.01661129568107,41.99622250244315,2175,43.35548172757475,42.480309211492134,38.793008414627955,20.583108483593325,18.330785961186717,16.609830994222154,8.181039629272323,2.2831924336476757,39.252787500363404,20.858710033122502,18.39600034293038,15.186790184677216,8.39954250677353,2.3527281944622143
few_moving,302,6403,127.21192052980132,42.016147243632076,2178,43.27152317880795,42.47453681125777,38.807384547164546,20.52650378038311,18.28377714009834,16.615266037231205,8.151755810625456,2.30632749099184,39.242874368708634,20.86061078642757,18.398950955055003,15.18368350747346,8.38457004985125,2.35125373470577
few_moving,303,6413,126.99009900990099,41.99654324732402,2179,43.14851485148515,42.43700620013987,38.78501651181944,20.611289120302406,18.338666329190364,16.609333543674094,8.183547798646092,2.3048198676582583,39.18679108209329,20.807677369395638,18.325309450442372,15.18063004672503,8.287236795481483,2.337286204714935
few_moving,304,6442,127.14473684210527,41.98594217940137,2180,43.026315789473685,42.42339373714874,38.7820878112648,20.550984329292447,18.31980438163585,16.61235574789628,8.150296412268675,2.293154225407821,39.15691961974946,20.795533880189073,18.30350135350567,15.187552924662928,8.268723627814863,2.3360053334022584
few_moving,305,6451,126.9049180327869,42.02132766420672,2182,42.924590163934425,42.40508908562496,38.803000409106815,20.482393038357824,18.231206586347625,16.62902149426645,8.079619164344193,2.2733862269936407,39.11558583947912,20.856073159226174,18.341669879544536,15.189627795132981,8.277466178215114,2.33758755967916
few_moving,306,6482,127.0980392156863,42.02318191605603,2182,42.78431372549019,42.39662366529565,38.82761198044358,20.527902083187293,18.26496605525066,16.61882993098377,8.118126955525742,2.3036367055593114,39.0983899408504,20.88908000501302,18.364060217508417,15.190227427378247,8.281635117420024,2.3383365776724356
few_moving,307,6492,126.87947882736158,42.025402782330325,2183,42.66449511400652,42.39164817664785,38.81683677350588,20.54443138001734,18.25569397098718,16.59850572513255,8.059831087126453,2.3060818076673173,39.0904059430428,20.90686154171961,18.37679029932412,15.19014885957564,8.284228928912496,2.339083201370514
few_moving,308,6523,127.07142857142856,42.07332454523336,2183,42.52597402597402,42.38871715891914,38.8719295264125,20.59293269063138,18.299661838315522,16.58575675117231,8.064286889700169,2.2793143050172047,39.08660806637094,20.916844476326048,18.384299922217142,15.190016908324539,8.286069656216887,2.3396025730886802
few_moving,309,6534,126.87378640776697,42.07388159069611,2183,42.3883495145631,42.38691211014681,38.92022244782915,20.564944464607645,18.30176634099663,16.56842802498947,8.105807489312893,2.2950214014958217,39.0846902845785,20.922586934211996,18.388821826214183,15.189937073227272,8.287405880684195,2.3399716018313863
few_moving,310,6565,127.06451612903226,42.03940432011025,2183,42.251612903225805,42.38576717180822,38.87960608710598,20.519328526873835,18.251603543133175,16.566228225947548,8.055937807965934,2.3081204833420275,39.08365780529763,20.925966638303073,18.391611573811183,15.189917100755578,8.288418650223496,2.340229533351397
few_moving,311,6573,126.8102893890675,42.04878207987077,2189,42.23151125401929,42.37313470323902,38.871265487201086,20.57198938031611,18.309571173624573,16.58922111767048,8.176485970261465,2.309011750909081,39.04195102829438,20.906707217672707,18.392982477356394,15.224186575743857,8.32126217759003,2.2919500700583195
few_moving,312,6604,126.99999999999999,42.02295002529896,2196,42.230769230769226,42.38990908103098,38.83563571707696,20.522854710403035,18.272922118375494,16.638264033589003,8.232675802762087,2.297603747312668,39.099692997592676,20.918819363640154,18.416120886012596,15.195322414371814,8.303560699007834,2.3222020020344387
few_moving,313,6614,126.78594249201278,41.95856615208075,2203,42.23003194888179,42.379333338378075,38.76842534524335,20.486838122249655,18.234898136217918,16.61756192378232,8.137360715668901,2.317897544596072,39.09370293400421,20.923556723569384,18.41779397765777,15.19178947206586,8.297608588664458,2.346322657092778
few_moving,314,6643,126.93630573248407,42.01343589475209,2209,42.210191082802545,42.402186995997845,38.854574406297104,20.48954962466994,18.288485738803423,16.635426126633156,8.247499275371435,2.2906733566781585,39.16580312591178,20.922465358156085,18.395940351734005,15.157911686129529,8.313798243285348,2.341066799539064
few_moving,315,6654,126.74285714285713,42.017127066408854,2215,42.19047619047619,42.38983994911867,38.82939428659772,20.500024263789616,18.2802659979756,16.601067894507693,8.022869880888388,2.2980282763906734,39.155191814708715,20.918146549651,18.402615338292218,15.165375258491869,8.310661421543085,2.3433350655250056
few_moving,316,6684,126.91139240506328,42.06539944741199,2220,42.151898734177216,42.394324113371574,38.8710454278446,20.614961164334886,18.353719670932588,16.58369256892872,8.09854517421693,2.311129990337118,39.12392787898732,20.909454573716175,18.422781985773675,15.185667760489729,8.301762808435171,2.341352391179667
few_moving,317,6695,126.71924290220821,42.065890796253136,2228,42.170347003154575,42.387489531820165,38.86619130349539,20.57405436192995,18.360258449946375,16.640242190720002,8.29024431407229,2.304045320473504,39.07357713524199,20.880799778755474,18.415681079620974,15.221478972144784,8.304774332689673,2.332229285555523
few_moving,318,6726,126.9056603773585,42.03485821251243,2233,42.132075471698116,42.41120545651874,38.84136644915557,20.57387889399689,18.36297940011746,16.65690422282633,8.342152048633274,2.313228908750502,39.11467014673978,20.95541587933436,18.482048482744748,15.217390989122704,8.431057553791602,2.344886173189294
few_moving,319,6735,126.67711598746082,42.023682917188644,2236,42.0564263322884,42.40524675452443,38.82586780978594,20.483687458605303,18.279734594631996,16.63155754486006,8.077192545825428,2.276718224318858,39.13151054856759,20.976449471042727,18.488916833757706,15.21225382377088,8.456502288832018,2.3223666249076547
few_moving,320,6764,126.825,41.97786566937815,2244,42.075,42.484672919099864,38.77934745172821,20.54733957158073,18.314452175545068,16.627905900696994,8.08680542678593,2.31408485581522,39.212020883814084,21.096939087163562,18.588878449584364,15.18026539573341,8.514741840199749,2.3332808478772304
few_moving,321,6775,126.6355140186916,41.98212894464985,2250,42.056074766355145,42.48655614981145,38.792739397621325,20.500099771269213,18.262805576623002,16.621518498826013,8.106678712972114,2.2940092645707613,39.22363616437041,21.098567091051002,18.584301540974224,15.156024175066955,8.482624368686238,2.366049203536782
few_moving,322,6806,126.81987577639752,41.95408559363656,2256,42.037267080745345,42.52685985793975,38.75738799403406,20.484795706400654,18.228399800949873,16.627649310275746,8.093683282986534,2.3015906854972474,39.28990407689687,21.090102641938568,18.554956004050975,15.112576065309524,8.392324950886701,2.3414878287885013
few_moving,323,6816,126.61300309597523,41.975293298715556,2261,41.99999999999999,42.510639229726216,38.772378557641744,20.46342445283193,18.168025415400386,16.59860881200112,7.9452997082503005,2.29441890625074,39.264476885524616,21.129339199265885,18.60232730345072,15.141747433354587,8.499271506035386,2.3341315696896467
few_moving,324,6846,126.77777777777777,41.99582365393191,2266,41.96296296296296,42.53996319421617,38.78871274427516,20.405573417710247,18.119002100054296,16.57551990638135,7.8664044275609575,2.2981226814912463,39.292040599276405,21.146111445296256,18.610958248086284,15.130825409412243,8.458689934325342,2.3407115052374854
few_moving,325,6856,126.57230769230769,41.9594099803218,2271,41.926153846153845,42.53480990603501,38.75591234892475,20.435049322595717,18.198309686733253,16.623158073229998,8.015234398436052,2.3107096417281388,39.2665713900532,21.191774738096733,18.674324094100847,15.171769117173833,8.624661270543903,2.3503945196631832
few_moving,326,6887,126.75460122699387,41.9580872970062,2275,41.871165644171775,42.520376244469155,38.73522674646484,20.50030671070987,18.265632423694882,16.641981368272614,8.091366451591206,2.288922211063604,39.269608434062704,21.162883713793907,18.632171450916456,15.140673655474107,8.508971647406327,2.3360504741519796
few_moving,327,6897,126.55045871559633,41.965957135170335,2276,41.76146788990825,42.51788704538493,38.762807816641406,20.449173551644684,18.176573449060854,16.580848374345347,7.909959152954351,2.2840889124459376,39.267294126462986,21.167567697887737,18.63433921103387,15.138530464988708,8.49994630858425,2.3362012640888743
few_moving,328,6926,126.69512195121952,41.97684261385129,2277,41.65243902439024,42.503868871453015,38.786529584493486,20.44884024016503,18.134341673597227,16.571176898023747,7.868334660243425,2.285898147611226,39.25444688691134,21.160435581006077,18.626242295944238,15.136281399794893,8.482782085209793,2.337358114500041
few_moving,329,6935,126.4741641337386,42.0348499471891,2277,41.525835866261396,42.5090799626858,38.816423547148176,20.471821865112435,18.207633104086188,16.627902844378916,8.021270510016745,2.277061175136065,39.2678691769289,21.143745006326466,18.604277346907168,15.123358367545494,8.426839950849947,2.3368666539811347
few_moving,330,6963,126.6,42.02052902153405,2278,41.41818181818182,42.51095294344877,38.78668688595744,20.457269706679288,18.21809443469162,16.624004174579614,8.041299054964947,2.2856134135872126,39.27092547286553,21.143502425703264,18.603321425455874,15.124355822573241,8.431436546213577,2.3354880624756142
few_moving,331,6974,126.41691842900302,42.03446599497979,2278,41.29305135951662,42.51388580494816,38.847819025042206,20.369346018220384,18.148302863472246,16.566987191896995,7.888622006624259,2.304294886260907,39.27343315184653,21.13572729191379,18.591984252486892,15.105468534142497,8.360920606359748,2.332639875505477
few_moving,332,7005,126.59638554216868,42.07755648854701,2280,41.204819277108435,42.512537400047265,38.905889571061195,20.426112786762424,18.167888793921936,16.5556622812844,7.903878768313678,2.303451868129354,39.26761045224915,21.13980670481455,18.596385486680038,15.100573287743384,8.340290307140645,2.33148868395321
few_moving,333,7016,126.41441441441442,42.01515118932991,2282,41.11711711711712,42.49919047999318,38.84789346010887,20.42624383175712,18.22953073256656,16.591069642163923,8.019338163501446,2.2924635274314307,39.233479640528955,21.12666580696688,18.595676435974745,15.103681119559646,8.285218487531907,2.3313670384859004
few_moving,334,7043,126.52095808383233,41.98791604076239,2283,41.0119760479042,42.491927428024,38.8180611586563,20.370562117006294,18.194576316786932,16.62081350910278,8.046711106184803,2.302938401041581,39.214104492308195,21.1196374130901,18.59571237260642,15.104356511054291,8.252137418607639,2.331525902774175
few_moving,335,7054,126.34029850746269,41.983772931536976,2285,40.92537313432836,42.463248384964494,38.77907958198594,20.368394769320528,18.177485248353072,16.630331620677957,8.033147877805234,2.2890569951535413,39.18690023524875,21.085342067842717,18.569721296958637,15.110068168960748,8.196141007331596,2.3210827180318563
few_moving,336,7084,126.5,41.951612281155555,2285,40.80357142857143,42.44394005788302,38.76902921865477,20.35453364032507,18.18472574105269,16.61882765453363,8.03842484605914,2.2986156184982467,39.16679785495454,21.065617938145174,18.55301524975026,15.113173425845856,8.158368128814079,2.3207968653463915
few_moving,337,7096,126.33827893175075,41.94924321334773,2286,40.70029673590505,42.432404828450046,38.771673395733806,20.32660921939104,18.155661798723823,16.63073161323274,7.990351397255774,2.3115717883311504,39.15381586201742,21.055010958170346,18.542806827003965,15.114645351707809,8.132133756830552,2.3208369235184176
few_moving,338,7126,126.49704142011834,41.95687588914017,2286,40.57988165680473,42.42535438855798,38.7733048106503,20.335392341619457,18.157611071495353,16.644760036821573,8.018481080275512,2.3100421565738936,39.14540411384458,21.0488553559959,18.53601732755179,15.115241086965558,8.113786308804348,2.32102452328153
few_moving,339,7134,126.2654867256637,42.04860294934712,2293,40.584070796460175,42.419907357369205,38.863272660527144,20.342332589050496,18.10957747424567,16.63378255754623,7.962550844853305,2.28160308551219,39.173959460896754,20.97923766794793,18.488791322602516,15.100966939309089,8.02506188432725,2.4135583965199943
few_moving,340,7164,126.42352941176469,42.06280476391594,2302,40.6235294117647,42.43681963651431,38.892453489231286,20.395548968361418,18.123625447698867,16.562670052618824,7.87597134601435,2.296577086434868,39.22421893206805,20.931261722869753,18.473236827514192,15.12472341271251,8.17455955131223,2.3023034792750483
few_moving,341,7175,126.24633431085043,41.981457771495535,2312,40.68035190615836,42.448895186536724,38.81564758136826,20.349750233047814,18.06964033339866,16.602008736882816,7.943383641165085,2.306343636382353,39.25494157558192,20.86010363362672,18.44230692091662,15.127343695098613,8.233834434746717,2.3135108446467547
few_moving,342,7206,126.42105263157895,41.982743367797255,2322,40.73684210526316,42.4259874216422,38.83185613242667,20.312293347598192,18.06401840047661,16.59577741281174,7.954407827895735,2.3179814783870603,39.198116122005295,20.92636954944805,18.48654892529364,15.166940219949515,8.344211055217423,2.3440428432660774
few_moving,343,7217,126.24489795918367,42.027064174881666,2332,40.79300291545189,42.40858241107347,38.86225983309548,20.38174448089069,18.144689462566188,16.606164544535034,8.019286605415482,2.313733429433645,39.151509727464656,20.920800586603903,18.4577067262681,15.193336383182817,8.357464987603588,2.3439696775759993
few_moving,344,7247,126.40116279069768,41.99722253792007,2341,40.831395348837205,42.354299634820876,38.80989315785809,20.400786880131236,18.138818919334526,16.641297491663885,8.045281620877882,2.304857930094842,39.07729568727685,20.905779123933144,18.433280455296845,15.220290727665656,8.389703675684387,2.3584616665560065
few_moving,345,7257,126.20869565217392,41.964710484998065,2349,40.85217391304348,42.36412959080224,38.797672991344626,20.45771812643643,18.22507187993197,16.623001591710583,8.12073384173957,2.354180687838301,39.098582962850415,20.873519205425715,18.409346370541858,15.220868229854538,8.391805726313816,2.3606870175278787
few_moving,346,7287,126.364161849711,41.953748158463796,2355,40.83815028901734,42.3759937022258,38.774271200378365,20.4050724010823,18.216339735426622,16.63853806423551,8.119114949526127,2.307868919637452,39.098022353296166,20.976188977420836,18.49324952932608,15.214644329000274,8.415175115330955,2.3630322621633506
few_moving,347,7297,126.17291066282422,41.979276886877415,2362,40.841498559077806,42.42142837789697,38.79830905748293,20.325073649633477,18.11071076858906,16.614530839600835,7.953720407184684,2.288071388117082,39.10796920568879,21.09744370316291,18.583267580498575,15.221964285064505,8.477210320113704,2.3325943469033716
few_moving,348,7327,126.32758620689657,41.999830324314345,2370,40.862068965517246,42.43219024612313,38.82699613334218,20.400012790297072,18.163511583287793,16.60594713996513,8.018833809637018,2.3016184910586026,39.17369635525663,21.01133685355293,18.5027942519077,15.170039143886362,8.341286270673798,2.360692130197086
few_moving,349,7336,126.12034383954156,41.95950759218882,2377,40.865329512893986,42.41248260879427,38.787392772639684,20.415371957647707,18.187062247702205,16.638863196792638,8.142853156469677,2.2963177992501533,39.16011948971438,21.032363755469625,18.532314803464935,15.196277759098136,8.401183464164712,2.3584101070069505
few_moving,350,7367,126.29142857142858,41.956883888712575,2383,40.85142857142858,42.41967621491893,38.79393581904695,20.489258262678433,18.244376985083303,16.66199059857226,8.256965563455338,2.297836860924325,39.15082880892842,21.116355609489826,18.59909981109492,15.189871949923875,8.426642770982681,2.34940987693199
few_moving,351,7374,126.05128205128206,41.96935904598621,2389,40.83760683760684,42.38988020319036,38.77287198186052,20.53401568220964,18.28158972333397,16.677749596464444,8.26333802340267,2.3053017809088847,39.118978632981296,21.16223186780572,18.634710191860716,15.192518846916673,8.423349457209731,2.3493810032762834
few_moving,352,7405,126.22159090909092,41.999482994028405,2396,40.84090909090909,42.40526750175928,38.81086722188717,20.55820310333725,18.305437990362755,16.648272555362624,8.244424281021395,2.3206608057490503,39.158335333416474,21.13413131842551,18.590889068926014,15.145237147667432,8.302994982786323,2.349510497993269
few_moving,353,7414,126.0169971671388,42.00716469724623,2402,40.827195467422094,42.39877755345281,38.8400258866224,20.52260080470598,18.27458645145666,16.631226946440446,8.265930222351232,2.321622615914988,39.136456784245034,21.191082085037504,18.653477880445035,15.171692171118186,8.413213413748535,2.3483688079656804
few_moving,354,7445,126.18644067796609,41.994888570276515,2403,40.728813559322035,42.39665767392741,38.813933659343554,20.4855846269315,18.232282042280914,16.62849352008038,8.2136975493134,2.3232324699754785,39.147898051054014,21.176637002483652,18.631338734121318,15.147481445059915,8.349668893618913,2.3553736506571425
few_moving,355,7454,125.98309859154928,41.99731820700915,2403,40.61408450704225,42.39689182336034,38.7879771903428,20.531815915604078,18.31305494607695,16.664505896715035,8.25771676250807,2.2885455463891113,39.14971488357957,21.183354769199564,18.635985612708524,15.145162366686689,8.345688196851588,2.3542456827708715
few_moving,356,7485,126.15168539325842,41.98942144535687,2407,40.567415730337075,42.39168954063794,38.775104948804405,20.569340883071945,18.3437147073218,16.629262184025023,8.206298182050848,2.3032124519832817,39.13300618956923,21.1763991510995,18.63832510107941,15.150896699484697,8.332205679925274,2.334816428107583
few_moving,357,7497,126,41.99405030338713,2411,40.52100840336134,42.39413568545043,38.78165901461728,20.475771578023775,18.220643238067918,16.60100380107884,8.01182163374285,2.2931563165609132,39.13897972473861,21.18193757361124,18.641058133199426,15.148634603962932,8.327944709655767,2.354342600642462
few_moving,358,7527,126.15083798882682,42.03524806724566,2414,40.45810055865922,42.386440104604986,38.854513261018745,20.50572559651458,18.2534903605989,16.566550802995835,8.0028329416068,2.2986906703417818,39.13048350696766,21.179181457780963,18.637059950149133,15.148269360853119,8.325697690461437,2.3524371129153554
few_moving,359,7538,125.98328690807799,42.00322046222071,2417,40.39554317548746,42.4259936767937,38.776468518826874,20.506916094669485,18.249899903990727,16.58318627923289,7.995366258648199,2.3272038401128676,39.20746895558135,21.17819090857725,18.603453060665203,15.100303520831835,8.265691201862252,2.358283637200264
few_moving,360,7569,126.14999999999999,42.016849036225835,2421,40.35,42.4373291618026,38.79091254423217,20.54948419241311,18.348655398989685,16.617947275560272,8.16123495211133,2.3030272731359682,39.20291695330543,21.16816789106441,18.61129927491612,15.107349344017184,8.228027858551615,2.3591288534814114
few_moving,361,7579,125.96675900277008,41.97419063898742,2424,40.28808864265928,42.42893586770419,38.77876142069598,20.541905102366755,18.321040332422992,16.60397923796127,8.193045032758526,2.294882038868115,39.16014832065115,21.13711206381922,18.61003081835624,15.122645046390934,8.176732135951102,2.354437084283368
few_moving,362,7610,126.13259668508287,41.92875790233692,2430,40.27624309392265,42.42720478867709,38.71316176639497,20.509121694910828,18.25663900206808,16.611837269635483,8.14386616003402,2.313001731600219,39.18059285109951,21.18863102030367,18.639071748791473,15.11215166047775,8.211261496700509,2.3562079326616643
few_moving,363,7618,125.91735537190083,41.97817224066267,2431,40.18181818181818,42.45566011564422,38.75364929601187,20.463126152803426,18.20033635158044,16.613223265566454,8.045488699017806,2.286243779447954,39.206579234818506,21.227365491201404,18.665651954739296,15.119910463704368,8.320599908015055,2.3444643453735807
few_moving,364,7648,126.06593406593406,41.94215661303811,2432,40.08791208791209,42.47503340911916,38.73133381033598,20.40026675412745,18.154845370329785,16.604649606328127,8.009736463957985,2.3065081097906455,39.22553443766353,21.24880538431655,18.68126027293397,15.124705828707786,8.387710028606618,2.3404767400035964
few_moving,365,7658,125.88493150684931,41.957760324565314,2433,39.99452054794521,42.49335092658643,38.744201603199244,20.45642092551616,18.226106281244036,16.613445013131464,8.006095340143823,2.3057691452098865,39.25856076425589,21.196071937902218,18.64932260707584,15.15023891500214,8.480573101321571,2.3440493466741414
few_moving,366,7689,126.04918032786885,41.93854905626585,2433,39.88524590163935,42.50614836952713,38.7162920591398,20.449229981550335,18.211654011103395,16.60597060845526,7.954481113549388,2.3214746543096103,39.27757038007624,21.1713727236698,18.63341447806866,15.172487395395873,8.53396109583902,2.337972783522096
few_moving,367,7701,125.90190735694824,41.9461316681224,2438,39.858310626703,42.44840378765669,38.72498804024117,20.499746944249527,18.302418431754162,16.636338275749065,8.115249691205298,2.3113981768763465,39.22895382936607,21.110391436556302,18.579619822258124,15.139897461305686,8.4185148113611,2.4272682099484606
few_moving,368,7732,126.06521739130434,41.93299942155548,2444,39.84782608695652,42.508679797975276,38.724119543690435,20.4463805158904,18.26474987467462,16.625998467878897,8.090294569590386,2.3244669078944233,39.27513703459199,21.157175932870526,18.610696589813735,15.129086964694615,8.373110453539242,2.344931661602611
few_moving,369,7742,125.88617886178862,41.95567080227931,2448,39.80487804878049,42.476926985039654,38.75170522360343,20.48822874200212,18.268872684453108,16.621238543835656,8.103987973020264,2.3320255566106205,39.24568501181242,21.129302656002125,18.583897611831404,15.138485773459486,8.351931099448132,2.3379070706557923
few_moving,370,7772,126.03243243243243,41.94129765928172,2453,39.77837837837838,42.491200847887264,38.72526723265105,20.492589725070136,18.262625668223947,16.636181056481952,8.089063452148203,2.3120215672055733,39.25840699093832,21.15045113974133,18.59992683974686,15.130349748263848,8.360745736505123,2.3390556813053625
few_moving,371,7783,125.87061994609164,41.95980099690261,2459,39.76819407008086,42.52748839611157,38.745288948455986,20.52498939891853,18.30139667820556,16.624048668063207,8.067864664962217,2.311425542254136,39.284038195512196,21.172023015036334,18.61397157083312,15.12181139705691,8.292837029731762,2.343588128191122
few_moving,372,7814,126.03225806451613,41.96840543563232,2463,39.725806451612904,42.49723586321835,38.739045703697656,20.518361912507615,18.284036493631977,16.615165995007658,8.047467028573063,2.3008585112225295,39.26609830172554,21.143592092723893,18.596225759876607,15.158832837078432,8.43932061861829,2.3393214064910897
few_moving,373,7824,125.85522788203752,41.99319867846317,2469,39.715817694369974,42.496536462386736,38.78809538210156,20.425909521335228,18.173935141602644,16.593348337687306,7.984298795447077,2.3173135401354212,39.26605771678856,21.153446508339417,18.600575837009654,15.165693893564596,8.467439433948835,2.3504109063178915
few_moving,374,7853,125.98395721925132,42.00530433847913,2471,39.64171122994652,42.5243426597285,38.801964856933566,20.38469249965436,18.137683880655793,16.603096700798694,7.989085891814921,2.325932784064776,39.28153643756489,21.196458941436678,18.629540805433358,15.16939955024098,8.404913152882028,2.3268029448182403
few_moving,375,7864,125.824,41.9780698776595,2478,39.648,42.534616007966676,38.77889986736292,20.442878711077288,18.243481167485587,16.615904250872894,8.070354497318247,2.3251947869122884,39.28943597164742,21.170822310641803,18.62087255973396,15.174387312908193,8.505277988559873,2.3607422013148986
few_moving,376,7894,125.96808510638297,41.978882008575916,2483,39.62234042553192,42.56862264680234,38.7773073358933,20.4782821253052,18.26982380979112,16.627036820958423,8.119906046494648,2.3318649203227677,39.34379215385387,21.139625630468093,18.579344514777524,15.14648311392204,8.420596394852497,2.3508632925458284
few_moving,377,7905,125.80901856763926,41.96475079956727,2492,39.6604774535809,42.57067472954788,38.78061534755178,20.474862038575303,18.248223317771227,16.619973177077064,8.164523798518935,2.3285300579212524,39.34067348787356,21.216635618881575,18.65433313635806,15.179356475017403,8.572588459968404,2.3498908976260124
few_moving,378,7936,125.96825396825398,41.97780170738127,2498,39.65079365079365,42.55391343184981,38.804469369019095,20.496528909154588,18.284698080062483,16.619189043537506,8.16721967293518,2.3122540764559116,39.33824324392596,21.198538312733188,18.638332703783654,15.18513804424569,8.623969446133389,2.3511242198033018
few_moving,379,7945,125.77836411609499,41.99122801400835,2504,39.64116094986807,42.558017401486204,38.82168872967706,20.47314272478747,18.264991541798466,16.601362717014883,8.107859668637627,2.325365695305256,39.34934653967848,21.21300877388809,18.644787129566573,15.177679705621884,8.624429943802413,2.3619886688899028
few_moving,380,7975,125.92105263157896,41.990627044118696,2511,39.64736842105263,42.57888050784203,38.821866367629816,20.524677494778036,18.2893385957532,16.596662906281104,8.131323765562332,2.3246496923665454,39.35500586888334,21.264692966971708,18.686540931512518,15.181904130843925,8.648209505307255,2.3706393359962186
few_moving,381,7984,125.73228346456693,41.918358188183916,2515,39.60629921259843,42.59262164602617,38.73241615204388,20.52746797309839,18.343862638618102,16.647483985841337,8.247605465759854,2.3127390315820966,39.38344202695662,21.251477733158136,18.665353813546044,15.163728595504379,8.6260760913661,2.360899892059099
few_moving,382,8015,125.89005235602095,41.896793884093334,2516,39.518324607329845,42.593441427569616,38.666838740662094,20.56956390028613,18.356341462923226,16.67545941123588,8.306299851586434,2.3188504910685426,39.38678480182092,21.258012732245792,18.669722532211505,15.162518726548432,8.630262832316067,2.3595184159048594
few_moving,383,8026,125.73368146214099,41.97979418036982,2516,39.41514360313315,42.59430725880437,38.74267625864756,20.495060085979276,18.25742480946725,16.656660370255654,8.115494587275629,2.310745174852272,39.38943089894113,21.262031756205328,18.67226469041543,15.16145541182112,8.63066223527293,2.359128359831988
few_moving,384,8055,125.859375,41.977181605513614,2520,39.375,42.61308966960732,38.76028274726886,20.536855292833632,18.29566518796814,16.645918961514244,8.145626568458361,2.3172393689527726,39.43774341755465,21.14470551915429,18.592208068310548,15.156962759185575,8.60557143935089,2.33668989738139
few_moving,385,8066,125.7038961038961,41.956426915269326,2524,39.335064935064935,42.62799977954329,38.744912910967656,20.468486118539307,18.23624591751379,16.622772686899687,8.065851015995047,2.3070727646665197,39.4890230403386,21.12320501979275,18.596253991702703,15.14642822685302,8.624081890560973,2.3367807331791832
few_moving,386,8096,125.84455958549222,41.974973871762366,2531,39.3419689119171,42.62352823683647,38.78069536494617,20.533005573284633,18.289320388039926,16.596287676188336,8.123261580839236,2.3192586247892377,39.45729246566624,21.140105674568996,18.594528743969683,15.130976262082305,8.59800079563038,2.3401909334343807
few_moving,387,8107,125.68992248062015,42.02790712117902,2541,39.3953488372093,42.59803687642229,38.81709401016606,20.632959785306237,18.37416569594287,16.609626293664252,8.19851327337903,2.3048566893257227,39.41122972674662,21.070540736071823,18.535637693587553,15.161791194142067,8.55378458240388,2.365960252208517
few_moving,388,8136,125.81443298969073,42.03149302262677,2551,39.44845360824742,42.55223354644519,38.82899287284428,20.650723206874257,18.40032865400932,16.612301885431478,8.202544484882106,2.292585445960769,39.35159906660105,21.045286643691124,18.496298178967493,15.156837223332722,8.505601307770755,2.3511480524783988
few_moving,389,8146,125.6452442159383,42.00921396809321,2559,39.47043701799486,42.49219658584961,38.84018917621668,20.590727009421364,18.33659640103885,16.587352774744893,8.125117958901239,2.3229410106557284,39.28411502463939,21.05003106321137,18.504137034339816,15.171125417088403,8.50798008776366,2.360768130567837
few_moving,390,8177,125.80000000000001,42.00648130236222,2568,39.50769230769231,42.539490857502656,38.8730346688676,20.556652961285007,18.329637329545143,16.565201520836116,8.096870703039174,2.3152021104437015,39.36840137644831,20.971922858759413,18.43007791957903,15.142305459455072,8.46971018115679,2.3523215992269764
few_moving,391,8185,125.60102301790282,42.00806008297181,2576,39.529411764705884,42.49066395030693,38.8765653911479,20.555798433725407,18.354653700378563,16.55836978094836,8.14159205871257,2.3230676086274857,39.309859069526894,20.96556854584875,18.441455862527377,15.174873978753595,8.508071324154914,2.3507268181073493
few_moving,392,8216,125.75510204081633,42.010756235165935,2584,39.55102040816326,42.4790123258517,38.85853169121391,20.547921010315008,18.35334123665537,16.56913915959287,8.132507994184895,2.305327940636377,39.257352403211556,20.92383041093829,18.390321203368874,15.148009734193632,8.277179997257406,2.3393834251729477
few_moving,393,8225,125.57251908396947,42.017060649757575,2586,39.48091603053435,42.419173070885016,38.86871721514984,20.498189253784563,18.283642108260725,16.540053619444603,7.984401716450602,2.3131957660116167,39.15938476444897,20.93382222769398,18.419557134563618,15.19507878938251,8.346004567006482,2.343308800249399
few_moving,394,8255,125.71065989847716,42.03830697754058,2587,39.39593908629442,42.400797910379204,38.87445522943731,20.469323463451165,18.25047270114963,16.544637463439145,7.9598027345207125,2.303985275108035,39.1246274712165,20.92915597914825,18.41865252217236,15.204799878842465,8.327013074848013,2.344542534754095
few_moving,395,8265,125.54430379746836,42.0318172774958,2589,39.32658227848101,42.391992188910095,38.865906577897114,20.449276436145308,18.189462134538797,16.557150024017684,7.941746519429583,2.305868845965115,39.109156160157305,20.919900580670166,18.41650694822585,15.224125235691368,8.341959169885042,2.343661401942026
few_moving,396,8296,125.6969696969697,42.02644461936771,2589,39.22727272727273,42.36168543536668,38.856913554528965,20.50770414290313,18.215085135929762,16.56194609516189,8.000094965705502,2.30820031375296,39.05394624909469,20.960075469959424,18.47008372605178,15.272252654023399,8.435621834636533,2.3458657644902847
few_moving,397,8307,125.54659949622167,42.01682920325467,2595,39.2191435768262,42.305311256885815,38.899846283885,20.513441062896007,18.214481318937235,16.519260605170945,7.9743005685864325,2.3102087359659804,38.99733175407173,20.927070442766368,18.443456301537836,15.237617102054044,8.302194521729573,2.438719809737333
few_moving,398,8337,125.68341708542714,42.03233520311524,2600,39.19597989949749,42.3705795065905,38.93095305937561,20.502320809089028,18.210792296732286,16.50563929906373,7.988930472953828,2.311412744637744,39.045258833790584,20.979805735969723,18.485079977136717,15.237215629047126,8.30082905377206,2.3388485067181772
few_moving,399,8347,125.5187969924812,42.00411464808185,2605,39.17293233082707,42.404698435014424,38.846811288777694,20.50538628559675,18.243748116157963,16.580672422917388,8.113611649172265,2.3185771021712487,39.07416953847538,21.003741567268776,18.50956185603001,15.255752048838058,8.362883176687966,2.340435442089096
few_moving,400,8376,125.64,41.96416449999313,2610,39.15,42.33346719372064,38.76065063100624,20.46838967181239,18.22056964022698,16.611354464082513,8.036879852028209,2.2901341014339476,39.01242112403558,20.954567992900174,18.465353950921347,15.254771423719854,8.337505613326806,2.3447209021879756
few_moving,401,8386,125.47630922693267,41.986894421647655,2615,39.12718204488778,42.31829711334155,38.76537422985071,20.441927464405104,18.14708503914502,16.60412308870904,7.915036285024761,2.287419709818985,38.99933127328167,20.95567875589453,18.462063669933286,15.268877166272206,8.381105776393834,2.3557378874680577
few_moving,402,8417,125.6268656716418,41.99490551307445,2621,39.11940298507463,42.314370742622636,38.77698677003082,20.519523719004294,18.193313337347664,16.610460919369867,8.006517966676789,2.325996436594874,38.99353030580039,20.959464455350314,18.460278187110585,15.27252103197663,8.379760718604158,2.3610202175109176
few_moving,403,8427,125.46401985111663,41.997618249235785,2626,39.09677419354839,42.34247760966232,38.75670673285252,20.528657189258823,18.2288875255736,16.622533741913703,8.018068645865455,2.2815007994125085,39.011835106289965,20.986728832651654,18.47589966384054,15.264544830885338,8.316781375626704,2.3687323198394292
few_moving,404,8458,125.61386138613861,41.94963940011315,2626,39,42.30274470102764,38.71723159926639,20.446439715880107,18.17373273013784,16.607505631104978,7.93349277053155,2.2785627650475693,38.978529514819854,20.961652703584924,18.451751754377142,15.275693653015788,8.323746773340368,2.375911373120739
few_moving,405,8468,125.45185185185184,41.92757307865269,2627,38.91851851851852,42.28820363488211,38.69070394258934,20.479501729070485,18.246729968932247,16.65227996058748,8.093972592197945,2.294664664714921,38.96520707848227,20.953697516068598,18.442046668245727,15.278605249926256,8.319116601682127,2.386077411152915
few_moving,406,8497,125.57142857142858,41.96708786010301,2628,38.837438423645324,42.28601059974977,38.750089113217165,20.45983061659678,18.280940372302158,16.662962144369168,8.174760631156802,2.299415676704382,38.959581932284195,20.96233193101981,18.459667168891134,15.306357561893499,8.420567642994378,2.394242617860779
few_moving,407,8508,125.42506142506141,41.99025242000233,2632,38.8009828009828,42.30394630589969,38.80274679899026,20.46532879027268,18.254208748792898,16.66003316068249,8.223397534546777,2.324322844577404,38.97734765663941,20.960072278809452,18.465430923440653,15.324262244881588,8.481134735646132,2.3920718292297543
few_moving,408,8539,125.57352941176471,41.96801857230897,2632,38.705882352941174,42.34391285939464,38.802623692679134,20.435588065857413,18.241852021405514,16.627251256890386,8.170397954455714,2.3201041654798704,39.02003972769084,20.95076216860478,18.450544567789592,15.312352781654118,8.448663630854622,2.38962929037907
few_moving,409,8549,125.41320293398533,41.93962761581235,2633,38.62591687041565,42.35861960477161,38.773004313436076,20.43723679958462,18.28636496075461,16.66061212193641,8.264493205837173,2.2921082902081142,39.0395603371764,20.93905154656856,18.43918347081192,15.312116842424448,8.457143870922232,2.3895462505192544
few_moving,410,8579,125.54634146341463,41.9276099736807,2635,38.5609756097561,42.35119395337184,38.75237719046173,20.536399739206143,18.356825884023145,16.660060425752544,8.31061954838943,2.3158529751900194,39.02050982808533,20.99536336246649,18.4753849541691,15.321168901157954,8.52141390602934,2.3865904372872775
few_moving,411,8589,125.38686131386862,41.98182181270054,2635,38.46715328467153,42.36404743638025,38.83040986334838,20.493584044477696,18.2865658921665,16.616854701200445,8.168286067280452,2.306536447995673,39.03311225565234,21.021797406902927,18.49323989871317,15.314321718313018,8.603126079455764,2.386288442294723
few_moving,412,8620,125.53398058252428,41.99330774471828,2638,38.417475728155345,42.367409541138706,38.83501428350941,20.533239479968966,18.291926085217312,16.604760066259537,8.150686731251538,2.3070602646748237,39.039953292613134,21.041020406398196,18.508135038745174,15.312613494865872,8.628191629767159,2.3720456921994613
few_moving,413,8630,125.37530266343825,41.972430030210276,2641,38.3680387409201,42.35867063057637,38.78905035019224,20.52074654963621,18.249737738602466,16.635772786141093,8.191089360167965,2.3006407165121283,39.019342235771646,21.045558301180243,18.500147045945493,15.324764271379996,8.658967831657508,2.3873143555622494
few_moving,414,8659,125.49275362318839,41.969121553978574,2644,38.31884057971014,42.35639251755583,38.77803093830594,20.486316768212454,18.213492605953263,16.656573304983425,8.195920171505499,2.319443342910773,39.00735067945321,21.043004335217788,18.491253539426157,15.332809018564904,8.677728581190415,2.3913360375721933
few_moving,415,8669,125.33493975903613,42.011933276492506,2647,38.26987951807229,42.36309354153832,38.816068404578644,20.512613132028815,18.289112660807014,16.664924289835046,8.227221099514937,2.307229237995057,39.046817171416805,21.04911012055781,18.50711706485644,15.310072469941398,8.63441371181835,2.3957423318839552
few_moving,416,8699,125.46634615384615,42.02335920126314,2653,38.26442307692308,42.41552276777813,38.844503058922136,20.564562565479495,18.341305953515878,16.6541097992392,8.268431994260986,2.3170775713928022,39.08756689092618,21.05133784914494,18.50767056009879,15.295654484968269,8.64732330044913,2.4019361443894534
few_moving,417,8710,125.32374100719424,42.0056761901034,2660,38.273381294964025,42.48720387882423,38.856790594811386,20.543231033576323,18.318765593230687,16.615526629062135,8.233846838981567,2.311947596437587,39.17504787511806,21.055066648328,18.523861860148735,15.207600304643798,8.47004084301611,2.421686245586863
few_moving,418,8739,125.4401913875598,41.99564461439046,2669,38.31100478468899,42.558688569958484,38.85053174613969,20.60488681877082,18.350819921810643,16.60858917183579,8.24352602679836,2.2862490431728926,39.22063348545275,21.08930658405585,18.555416859908274,15.176057229858472,8.477054902569778,2.4242178617489354
few_moving,419,8750,125.29832935560859,41.97893920103397,2675,38.3054892601432,42.5216953256786,38.79017066261969,20.566415827586553,18.32332928088761,16.621190767142505,8.19875771544584,2.3068121392059937,39.18231594875519,21.05950484534418,18.548954795693255,15.216564859385674,8.573284850498446,2.450404691533126
few_moving,420,8779,125.41428571428571,41.95110593862966,2680,38.285714285714285,42.49286927561725,38.73709915950164,20.571530279541847,18.307867950392694,16.619303797464262,8.136751091646282,2.318348133716393,39.1555732041772,21.012239333729788,18.521232642207444,15.238802999505992,8.627499649801452,2.458753526213627
few_moving,421,8789,125.25890736342042,41.9876002888877,2686,38.280285035629454,42.44137652492619,38.79983676519015,20.534510880684994,18.234691280549832,16.57499863611046,8.025240965521268,2.301691755861629,39.11017801396955,21.003799376432063,18.522082090544583,15.265506760962575,8.658556089623813,2.4436857818428668
few_moving,422,8819,125.38862559241706,41.99307588094432,2694,38.30331753554502,42.4297036861657,38.81476310304789,20.476366454323117,18.200771105527565,16.597695619770104,8.090354286897345,2.303910953979548,39.12272836279178,20.995600916025783,18.500810064752613,15.249812714377935,8.63043052035744,2.4501693475229795
few_moving,423,8829,125.23404255319149,41.963400843419194,2699,38.28368794326241,42.44391934142452,38.7660224343233,20.474005866903838,18.257958905918375,16.645353329700107,8.178101156305816,2.3089018686193197,39.15296150331,20.96174282995696,18.457462161155377,15.197827954543975,8.538530886258739,2.4643358493055127
few_moving,424,8858,125.34905660377358,41.97345573051778,2705,38.278301886792455,42.41549140195472,38.76171934890162,20.570177113201524,18.34058386546419,16.674270001913378,8.347789203039428,2.3192251445314254,39.132957470393066,21.016135025574652,18.509403148638057,15.252173059009351,8.678277940732004,2.445050438253755
few_moving,425,8866,125.16705882352942,41.97004168636542,2708,38.23058823529412,42.426582133664034,38.76284241115534,20.530096779401386,18.284948022828097,16.674541401556816,8.290508224260687,2.3159353853677334,39.16983115064481,20.958804601545527,18.462773658352056,15.259625242722347,8.685120920642511,2.440946503895054
few_moving,426,8897,125.30985915492958,41.964341601261836,2708,38.140845070422536,42.41481559768101,38.78247733612595,20.53890333840152,18.320911904018786,16.661523866108237,8.290900968418994,2.296893908840941,39.16253963948283,20.946898896049973,18.462301243071735,15.28966770507224,8.736200009567572,2.432696657456418
few_moving,427,8907,125.1569086651054,41.998379497912005,2709,38.0655737704918,42.41179829033626,38.84576591188945,20.571078273402634,18.321384726743254,16.61866931578682,8.2318980104658,2.309181651176325,39.16640189894992,20.926917439986493,18.44610043402143,15.297768268760292,8.748501331016998,2.4262642734610416
few_moving,428,8936,125.27102803738318,41.987215069162104,2709,37.97663551401869,42.410452052488566,38.81881949119183,20.481832211287443,18.250748642683256,16.637990616270933,8.158070092158873,2.2956705878918795,39.16859684154105,20.91467725969332,18.436243764361272,15.302818113600066,8.758828473257724,2.422837516636198
few_moving,429,8947,125.13286713286713,41.97459600451596,2709,37.88811188811189,42.41024441628706,38.81095663779994,20.415979362202407,18.16681959194441,16.62103573619146,8.002040000670275,2.299061639755607,39.17023093530839,20.907262688604312,18.430538947355736,15.305857132072775,8.767180642398044,2.4210622262533565
few_moving,430,8977,125.26046511627906,42.01887606621055,2709,37.8,42.41068686167272,38.85193213923235,20.480176428487578,18.200617188553295,16.596686489120202,8.02652899848912,2.314996742896909,39.17168641617189,20.90275430535236,18.427431891157514,15.307570142344275,8.773930957306648,2.420141839173766
few_moving,431,8987,125.10904872389791,42.019019188971235,2710,37.72621809744779,42.41145918674418,38.8340248656625,20.5746992794777,18.291020234571697,16.597689876473847,8.111959778748412,2.3130487333698495,39.173059619602824,20.900019031498257,18.425960792520417,15.308427462831414,8.779489001295822,2.4196506786886105
few_moving,432,9019,125.26388888888889,41.97204255869229,2711,37.65277777777778,42.41237241852372,38.77838413765345,20.526566232127283,18.247451359792585,16.595198920740014,8.051641243319809,2.3186564854424954,39.174357649215594,20.89838330824504,18.4255285581715,15.308738736373517,8.784177820761563,2.4193691930749512
few_moving,433,9029,125.11316397228637,41.96179027242868,2713,37.593533487297925,42.399399473165644,38.7777627659456,20.61435461829695,18.37228403690218,16.616944508825835,8.21330374565132,2.3119476216092125,39.16074249663218,20.890056076876576,18.41451694983468,15.297547718852499,8.745967935186377,2.425759850593355
few_moving,434,9059,125.23963133640552,41.96137921846314,2713,37.50691244239631,42.388244398433486,38.74878433047553,20.599412734277568,18.337363802350684,16.617531902244192,8.152942050960782,2.2790312096715857,39.14111352959848,20.88373844637214,18.40257786756026,15.296531873463783,8.710057787108436,2.4248477337660437
few_moving,435,9069,125.08965517241379,41.949762534403234,2713,37.42068965517242,42.38074333738139,38.73339671253533,20.54007325397661,18.32899105879583,16.636357568016056,8.16950952750762,2.295121722210661,39.12941344454401,20.87783349288182,18.39419836641786,15.295826766075187,8.691083661251737,2.425194146279702
few_moving,436,9100,125.22935779816514,41.95253325901871,2714,37.34862385321101,42.378491510204995,38.72907907603999,20.564263673149657,18.357131917764658,16.64540988008733,8.174210402024967,2.281907490356095,39.125706284302154,20.842809139313776,18.361731168316737,15.295437010850119,8.664184911845048,2.417723925065964
few_moving,437,9111,125.09382151029749,41.99898938425786,2717,37.30434782608695,42.38435635408416,38.7914701973564,20.565047128887535,18.335173377363372,16.59978499043204,8.09874713447612,2.2797826765872706,39.12218405094966,20.825387406379015,18.349918234582223,15.300583013581102,8.648943307449814,2.4156302879550573
few_moving,438,9141,125.21917808219179,41.98964814115943,2717,37.21917808219178,42.39684244525713,38.769825872653705,20.4816145310741,18.25813037032497,16.615423682638397,8.065052801951975,2.297407856308979,39.12680110937602,20.82118059129962,18.347150040198148,15.297786186065595,8.62434914115994,2.4132667969911523
few_moving,439,9151,125.07061503416857,41.987618404988055,2719,37.16173120728929,42.395435037620814,38.753003285583894,20.490388453076115,18.271701406157128,16.65384084353403,8.140163618094528,2.298951538349803,39.122348336262725,20.8112541919939,18.3396188093905,15.295363421454114,8.60548597226324,2.4165550006839385
few_moving,440,9180,125.18181818181819,42.00812148724312,2721,37.10454545454546,42.41406971813573,38.75961397882391,20.48276259692476,18.250639251719566,16.686497119250976,8.206764887954579,2.3042621656326303,39.14909419642896,20.73260187335078,18.276822857650323,15.270274703431783,8.506045092220608,2.406916534736551
few_moving,441,9190,125.03401360544218,41.98788779759311,2721,37.02040816326531,42.43900105476553,38.75990220350416,20.53316980713029,18.285334570780567,16.658166866738846,8.200840209478228,2.299531411643845,39.19309346452006,20.649260703591377,18.189605338637154,15.219873309086033,8.339953888752408,2.3940485435536445
few_moving,442,9220,125.15837104072399,41.982057183849335,2722,36.950226244343895,42.446819723367945,38.763925155559434,20.55108124613153,18.301613573297054,16.6194580243846,8.135345861750851,2.2914510661180483,39.19997853757999,20.6259893416663,18.169583099157997,15.208737299852368,8.297277298228188,2.389044625895763
few_moving,443,9230,125.01128668171557,41.960171353201254,2722,36.8668171557562,42.451574852114284,38.761440977344975,20.502892990103476,18.25244778340178,16.624447863631342,8.087877695144137,2.2866465954286035,39.201951574474364,20.615640431356784,18.161425023210978,15.203012854715565,8.275181647317858,2.38546091851474
few_moving,444,9261,125.14864864864865,41.93750058236504,2727,36.85135135135135,42.42540574501603,38.72695433010087,20.526094940192912,18.244413818044546,16.631001495846526,8.10429565869482,2.3065049946652603,39.150097879257366,20.64843369212881,18.205064502326916,15.22963107082158,8.337214172076909,2.3871720179888407
few_moving,445,9271,125.00224719101124,41.96380781373256,2732,36.83595505617977,42.424718409693824,38.7479771227345,20.54597982522733,18.244408966877415,16.65610083837636,8.176326625284277,2.304559773404355,39.156598881603216,20.64341409133769,18.198814209159806,15.231406327478052,8.333299999695264,2.3818783599541216
few_moving,446,9300,125.11210762331838,41.9701304044727,2737,36.82062780269058,42.42781418394768,38.75401936900097,20.536617892620043,18.24289159982137,16.68411490194033,8.234766236320626,2.3009173299131436,39.16226684220094,20.62685697132607,18.18050686691178,15.22231945355651,8.311828542224596,2.386585303777866
few_moving,447,9312,124.99328859060402,42.03543360884201,2746,36.85906040268456,42.42592587847468,38.85874236105629,20.52149434583295,18.221246827716037,16.614897996669235,8.039137685819043,2.3128307395076297,39.18796636957428,20.523792261060482,18.0799179328754,15.20171328232186,8.248433836785862,2.4349772280058617
few_moving,448,9343,125.12946428571428,42.053739640036106,2758,36.9375,42.41048283209132,38.88216010183639,20.56827879594344,18.23661991943589,16.548085942877453,7.932148783579655,2.3050373847365537,39.14749599845082,20.584381711234357,18.143121193289765,15.241710332923718,8.391736144763327,2.3990212709669283
few_moving,449,9354,124.99777282850779,42.014265452187374,2767,36.97550111358574,42.47807245118682,38.80261280884117,20.588937441729037,18.271680244241942,16.61298340325942,8.100837510815412,2.307272816136688,39.255681973991535,20.53437082897373,18.10087095923861,15.18095707585029,8.300258372638172,2.4196437600226655
few_moving,450,9385,125.13333333333334,41.99132160767372,2775,37,42.505214242097,38.77348403855408,20.561291274694536,18.290536081079278,16.619385942105644,8.124856968430885,2.302246776030483,39.2791780649656,20.550490391929596,18.133861628845,15.173140810360332,8.369930728923325,2.4525361930810683
few_moving,451,9396,125.00221729490022,41.95188203032105,2781,36.99778270509978,42.52927750711545,38.7324574506653,20.522674923828365,18.257091477768423,16.63964942881279,8.171163968658464,2.3112106497200795,39.3027350122958,20.563938468704812,18.145877711050833,15.150429513675984,8.318546070359764,2.464261233615149
few_moving,452,9428,125.1504424778761,41.93903509809958,2788,37.008849557522126,42.51101445026113,38.726021902105714,20.497543330233697,18.247195439246976,16.653529092239978,8.173887373382179,2.307508527725681,39.30597666264366,20.606589122194656,18.181332833410046,15.178442124419414,8.433169131123428,2.437557462299749
few_moving,453,9438,125.00662251655629,42.003470342566835,2793,36.99337748344371,42.474459719955966,38.78936582534133,20.55051671964381,18.301629737642834,16.62792775145956,8.162100539467477,2.2937396392557665,39.27940175098658,20.625938587531525,18.199844570194017,15.213061539082805,8.55139708931694,2.449545297892661
few_moving,454,9468,125.12775330396475,41.97023210018816,2795,36.93832599118943,42.47749550824309,38.72463466583418,20.592150473322793,18.29474529793407,16.622945784954112,8.07647053837829,2.2986761034361627,39.28675398048439,20.61787143087763,18.182891289999823,15.184421156151313,8.438422623541953,2.438095423822345
few_moving,455,9477,124.97142857142859,41.97564460157128,2796,36.870329670329674,42.472364622129774,38.733713520308655,20.47373557491925,18.199143318741765,16.65839375448087,8.087569817435313,2.2791578218129094,39.27713182743447,20.62842619258828,18.191917795026093,15.180292867882732,8.424119693921444,2.431855694959993
few_moving,456,9508,125.10526315789474,41.98133348986215,2796,36.789473684210535,42.465790696763946,38.75717870796273,20.40424988646885,18.17190193813277,16.67582026977308,8.091679114708029,2.275721323108742,39.2924522103852,20.60467335524062,18.153179568566845,15.152055547713275,8.319371076729631,2.418292095489046
few_moving,457,9520,124.9890590809628,41.990534097272395,2797,36.72210065645514,42.451196826991676,38.758171000051945,20.49245303694934,18.24185553640257,16.668192172807093,8.130582192263677,2.3071073355332965,39.280979126354275,20.610654195007125,18.156249052169024,15.155576540138277,8.306768837952816,2.4083837982317937
few_moving,458,9551,125.12227074235807,42.009369362171945,2799,36.66812227074235,42.41176967558541,38.784778970971196,20.479934542482027,18.23695831164201,16.63591571758347,8.05560088788669,2.3081748279374064,39.24594745617456,20.604368479536152,18.144224833801722,15.162059497526919,8.247668778867137,2.3856491027480344
few_moving,459,9562,124.99346405228758,41.95344832686885,2805,36.666666666666664,42.426697146525775,38.709557852243854,20.48316245322485,18.25891031018307,16.64145192230699,8.079424461835055,2.298814018150225,39.24392067355457,20.628739704128947,18.176944998394866,15.170769754461457,8.301159587190197,2.4247401641639255
few_moving,460,9593,125.12608695652173,41.9627398858499,2811,36.66521739130435,42.471373724729546,38.72398096186755,20.439334321507797,18.22761369168113,16.608568126594108,7.995809496807838,2.306405309789042,39.303528552490405,20.591488900594786,18.13378779283638,15.134562639798597,8.259335243371433,2.4051426794781574
few_moving,461,9604,124.99783080260303,42.06145561911068,2821,36.71583514099783,42.42860266687088,38.84034562849858,20.51735154581926,18.249352810662785,16.588748220208394,8.056045715419016,2.3112735537163296,39.223633376299304,20.668544376391324,18.193334877583574,15.158900195518498,8.30468907146573,2.393014547431643
few_moving,462,9636,125.14285714285714,42.10581742101408,2832,36.77922077922078,42.41743070669094,38.925287433460504,20.514655635910493,18.248235089091235,16.593615416536117,8.111423555525686,2.293391006796422,39.15069278687001,20.752152618270223,18.26298779297831,15.206437635619787,8.405906862617126,2.3827506017659736
few_moving,463,9646,125.00215982721383,42.01007035666139,2844,36.855291576673864,42.42729105131143,38.82427217059829,20.508697155747576,18.2805427895263,16.603417821101534,8.119437628924837,2.289507297736987,39.163044809991355,20.778148767610823,18.272461986147032,15.180164615563662,8.340005120466463,2.4189963751533976
few_moving,464,9675,125.10775862068965,41.9758259375236,2853,36.89224137931035,42.42851127629308,38.79738115155722,20.474470740191315,18.265072027442805,16.59650398487107,8.097127705667726,2.2994236200888434,39.184794003829,20.79587055171734,18.30152764322336,15.179643401750798,8.36700787956822,2.4182534546472083
few_moving,465,9685,124.96774193548387,41.98742318722597,2860,36.903225806451616,42.43963784015396,38.781377172989934,20.455057566638065,18.214168380957283,16.610301949444434,8.055168939999426,2.2994510423561385,39.164226645697084,20.822592702100053,18.321986024272,15.184075492472203,8.402635273489624,2.42111118423404
few_moving,466,9715,125.08583690987125,42.00034090433156,2864,36.87553648068669,42.45855704184687,38.773126538284934,20.51222513239992,18.250552225832024,16.659683747555743,8.181399846026947,2.2993281675920603,39.16138813311739,20.80891008674356,18.302714141522927,15.170360555616496,8.368306536663034,2.4436744895615936
few_moving,467,9726,124.9593147751606,42.032469375092546,2871,36.886509635974306,42.477943286308204,38.828953144778524,20.553510700125784,18.24569307315442,16.60381408084465,8.059821051362594,2.3006256980501174,39.171015881694196,20.75263492193815,18.24713200017719,15.153849321746712,8.322207567846347,2.4590335321323114
few_moving,468,9756,125.07692307692308,42.01034561747056,2876,36.871794871794876,42.52690408729364,38.81372376765683,20.536895779354897,18.23541569411095,16.621164548015592,8.084605624758199,2.3145839851332766,39.25845666511276,20.68722941728605,18.18049094963431,15.096025076098941,8.228082701575168,2.4748764297858177
few_moving,469,9767,124.95095948827293,41.98554749407937,2880,36.84434968017057,42.55865158227988,38.77357851994749,20.540924475039926,18.28795886307062,16.658782311853475,8.192448330544684,2.305378990216553,39.31346543563391,20.753986356292465,18.251276490665855,15.086123496470067,8.268514052940866,2.4728135815039423
few_moving,470,9798,125.08085106382978,41.935982787749914,2885,36.829787234042556,42.594020952362214,38.71609309228792,20.505957336596882,18.293162945729474,16.66594408592023,8.203543244298741,2.335396274068781,39.35884792916402,20.790625497326385,18.304878516112367,15.079709914242441,8.399156661741126,2.5024437387708276
few_moving,471,9807,124.9299363057325,42.00271573839197,2890,36.81528662420382,42.619628761953,38.80263295154304,20.43230198952506,18.196787770062663,16.63266777570954,8.091374724797866,2.315139286458511,39.38940446734005,20.81374765271303,18.33700041009443,15.073427404008575,8.448113401607488,2.5123595989871856
few_moving,472,9838,125.05932203389831,42.049909171705764,2895,36.80084745762712,42.63605478432466,38.865206433145026,20.49543255922582,18.230442207713413,16.616010013091582,8.149110896790937,2.322420109769687,39.40439318597295,20.828587270611262,18.351731743835547,15.060516074794187,8.415711253717015,2.5213183898121176
few_moving,473,9849,124.93446088794926,42.02417780441588,2900,36.786469344608875,42.671214138337234,38.85435114945743,20.569138550590964,18.335499259384978,16.622727669975504,8.274401966475866,2.302025256091559,39.46389353106093,20.783167345718205,18.298370251503847,15.011111973288308,8.331281399820414,2.525511517309613
few_moving,474,9879,125.0506329113924,42.010277262460384,2905,36.77215189873417,42.65935961095823,38.81648636013442,20.49615360388671,18.268405425991766,16.61397660445416,8.157146234026902,2.2802998217357593,39.44228275043509,20.7980728881767,18.319435645801953,15.020592716066373,8.347185828614501,2.5326004503151975
few_moving,475,9890,124.92631578947368,42.01531176800287,2910,36.757894736842104,42.67138739973689,38.82068083195642,20.444234456154664,18.196039987655308,16.63903173519812,8.10637230611015,2.286140419659084,39.44842096833966,20.81507990159344,18.34836751144415,15.033193427987392,8.458654863893456,2.5382374126603966
few_moving,476,9921,125.0546218487395,41.99318475218429,2913,36.71848739495798,42.70101272561974,38.79869923280344,20.481735482341744,18.20520312830515,16.626751220257212,8.113112866894397,2.3113176784018354,39.46962518771345,20.832350167026757,18.36968890230019,15.028156223172592,8.480221425202007,2.5491654729961453
few_moving,477,9932,124.9308176100629,41.99397168325522,2914,36.65408805031446,42.72489675570736,38.81460363378465,20.47333710527435,18.18924838798916,16.618450328544927,8.052422412016767,2.2924872319904877,39.48908693629122,20.834648162585573,18.375254774365633,15.015092516227655,8.481234449033199,2.555241824214318
few_moving,478,9963,125.05857740585773,42.01662094983681,2916,36.60251046025105,42.726361479852045,38.83874511857796,20.491323100693048,18.18362497050151,16.585405333825953,8.008273210542217,2.2894718149588242,39.49067475732486,20.799260930813983,18.34977230717208,15.002590622108713,8.474550676754756,2.569987866583071
few_moving,479,9973,124.92275574112735,41.969036327997756,2917,36.53862212943633,42.74682670189597,38.79277305554237,20.521823390949496,18.264071387637184,16.598265273050405,8.097797231624545,2.301209267973871,39.480599180981976,20.79312214730062,18.33233747659537,14.986863039443397,8.429217785464681,2.5744622195510805
few_moving,480,10002,125.025,41.93931952468088,2918,36.475,42.72856151786474,38.74214040687603,20.577053617697064,18.343987646733886,16.63742657282813,8.22325390707888,2.313018089749173,39.45857752829894,20.801069736951856,18.33319199669902,15.016222763141988,8.491163875401787,2.5642209520221186
few_moving,481,10013,124.90228690228689,41.97232107358806,2918,36.399168399168396,42.70106831763238,38.76881207327402,20.528258091744494,18.25104254980318,16.616594095540623,8.082741646258825,2.3139409542448313,39.43244257486881,20.805903249648193,18.333773845036962,15.04785386743432,8.537252267635584,2.5516132701086987
few_moving,482,10043,125.01659751037344,42.01110854579956,2920,36.34854771784232,42.66038060739443,38.83455336664299,20.494046557131124,18.26023465012087,16.616673399191658,8.128306482867858,2.315880487735048,39.36850596393129,20.785246207465924,18.33156267773619,15.091897184754837,8.535461209875127,2.5359361675972596
few_moving,483,10053,124.88198757763973,42.01224532428258,2922,36.29813664596273,42.61574712039215,38.82981264530813,20.433781841136874,18.211712322873392,16.61965527807716,8.078711358905498,2.3159311914470533,39.31576512097659,20.75272334348267,18.30971320981711,15.129869144314135,8.529692944170478,2.522130566546267
few_moving,484,10082,124.98347107438018,42.00651676451362,2923,36.235537190082646,42.576956893002695,38.80728344737663,20.396922827246843,18.17016856781043,16.633998194747466,8.038792537394208,2.2961126594268233,39.2757350617042,20.738027863980335,18.298805629241578,15.163657542609371,8.551216691295535,2.512577151958281
few_moving,485,10092,124.84948453608247,41.95680036407986,2923,36.16082474226804,42.53710808666051,38.748788421198924,20.506911022007234,18.28859528503214,16.67366327592058,8.21821451751422,2.3073397086578447,39.2346746061918,20.741615199683075,18.298885178988904,15.192147577919107,8.573400391738101,2.50338204675844
few_moving,486,10123,124.9753086419753,41.918929271490555,2923,36.086419753086425,42.50737667195355,38.703413160947065,20.553465210158286,18.30694503347227,16.65540070400555,8.18176428131343,2.3131703669612445,39.206525578152295,20.744875194088873,18.29972793817288,15.213164237030522,8.582966628188707,2.492988651541949
few_moving,487,10134,124.85420944558521,41.98506710147391,2924,36.024640657084184,42.48513712374842,38.809008778786115,20.47910823135868,18.222585929879912,16.592741609320374,8.090322821301191,2.3028096613824833,39.18665625848684,20.74775487633807,18.30081254757257,15.228563610436815,8.59102626147632,2.4838252522248836
few_moving,488,10165,124.97950819672131,41.964232409214496,2924,35.950819672131146,42.46862353333482,38.778000896233536,20.455620367499098,18.175977358817455,16.580586783647114,8.019259801124882,2.3131550951309765,39.17246388942205,20.75016624565757,18.301849214918406,15.2397334497322,8.59726068807723,2.4762182699375406
few_moving,489,10176,124.85889570552148,41.994270260066244,2924,35.87730061349693,42.45649160640275,38.787043240891826,20.52434601637201,18.235934419279893,16.57911802508646,8.036248998029663,2.2950286033799356,39.16230565931012,20.75208633759868,18.30270907332676,15.24775681401075,8.601894232396527,2.470180449467606
few_moving,490,10207,124.98367346938777,42.03848065648792,2929,35.86530612244898,42.4653694342412,38.8241798217391,20.548901134928425,18.25557697824495,16.59665863894631,8.0948522331893,2.303443735223761,39.18011933194314,20.75466300138735,18.30932107257687,15.26797560861808,8.696481391753094,2.464807044844395
few_moving,491,10217,124.85132382892057,42.009174071135526,2934,35.853360488798366,42.45946011008185,38.81519820065601,20.466007249815625,18.202036820207784,16.58420548656321,8.001731503088163,2.3078341442498567,39.15346418130491,20.780714739431783,18.343396290953315,15.27695885755125,8.739253937797447,2.499056675326251
few_moving,492,10247,124.96341463414636,42.03792707799496,2940,35.85365853658537,42.442400056903665,38.854232957957095,20.465648464835205,18.224791474286278,16.611044458315877,8.111539020729081,2.3108118619027045,39.13112522114498,20.78731439031621,18.348105307776454,15.277914616308804,8.720931386384983,2.4836700812355996
few_moving,493,10257,124.8316430020284,42.00279842934788,2947,35.86612576064908,42.48985692198145,38.7728727635078,20.48938436198206,18.25094134889079,16.66104563363384,8.167929620771211,2.326726493292985,39.195180015814536,20.75304430785435,18.29932456700037,15.222130618328311,8.574220141749631,2.487933700079596
few_moving,494,10287,124.9433198380567,42.00615717482794,2953,35.86639676113361,42.483909623840326,38.770633176641695,20.473701588262102,18.24943169127557,16.65835692463969,8.113917048041548,2.2994169047312853,39.19072063670811,20.73776527394536,18.274693617212858,15.206273326695827,8.496189225080299,2.4728482459811056
few_moving,495,10297,124.81212121212121,42.047767535605914,2958,35.85454545454546,42.488213748665146,38.78954326288145,20.57079949202801,18.280808367437494,16.639538640185553,8.079318051159449,2.298244286959647,39.182798212481075,20.76395534536497,18.302107819230915,15.223057814763235,8.53922455791139,2.4819403247665757
few_moving,496,10327,124.92338709677419,42.09537427494062,2965,35.86693548387096,42.47103343641832,38.84103086506043,20.576357747084653,18.296913221241404,16.627308946415283,8.097475614664445,2.2938492348637736,39.1715880392675,20.75882217706601,18.291849169632506,15.230988326220624,8.473313181302943,2.450658449363813
few_moving,497,10339,124.81690140845072,42.04599109353282,2973,35.89134808853119,42.4796368027101,38.84115868024174,20.486384669968842,18.20947189659845,16.57831417377182,8.006975879471828,2.2888326706045885,39.21193696813615,20.7326876205335,18.249002828165768,15.206851732090913,8.408367484090268,2.451784825091796
few_moving,498,10368,124.9156626506024,42.023204228869915,2981,35.91566265060241,42.44479811359622,38.81954451428173,20.522562503234123,18.195738612262666,16.55380442407348,7.938692339177288,2.2925698424471075,39.17084594569619,20.704978224413114,18.24229568315922,15.25727969125915,8.540625165864508,2.4488220047989326
few_moving,499,10377,124.77354709418839,42.00506832393619,2988,35.92785571142285,42.472878306399274,38.820885037753655,20.58239045332492,18.266335614391704,16.547991595996766,8.023322373811459,2.3220049723442284,39.20562237322625,20.657560951516864,18.191672341357638,15.235252343082541,8.463024652837568,2.445745715387231
few_moving,500,10408,124.89599999999999,42.01215755473517,2994,35.928,42.476546937816686,38.819638352818245,20.56291197890279,18.26305552389988,16.5850846347587,8.070910450180683,2.290089328054792,39.209973751176065,20.665334029833232,18.19131248773047,15.22575378750287,8.412259227552791,2.4310577443700505
few_moving,501,10419,124.77844311377247,41.983140549088226,3000,35.92814371257485,42.478725086857445,38.77091105845881,20.563364385714404,18.29610051625548,16.634288284490808,8.202027892716735,2.291191855154308,39.232344691579605,20.61699803640743,18.136507637893832,15.200601731056306,8.327864806497441,2.4214953046496057
few_moving,502,10450,124.90039840637449,41.979088178103666,3007,35.9402390438247,42.46347659903809,38.76969020790792,20.596024934697816,18.33233236892473,16.64922113414877,8.273682371374333,2.3087517387947853,39.200776542290996,20.64098455723905,18.16871117467372,15.219468363636032,8.390144042993597,2.436957526446078
few_moving,503,10461,124.78330019880715,41.983323015965674,3010,35.90457256461233,42.513890583862434,38.76605806814923,20.629236767058135,18.350650577887738,16.637262205890913,8.145184420448276,2.2852501981834155,39.249086365305445,20.649307758140175,18.17322834314004,15.200902983893533,8.366840347290035,2.438624501245514
few_moving,504,10490,124.88095238095238,41.98139469068319,3012,35.857142857142854,42.5262863168662,38.795871030977466,20.573388293022013,18.347302363059505,16.63707147127806,8.19803003928371,2.3223185052776003,39.25959671757097,20.65189541906148,18.176608052291375,15.195828705501746,8.36426396470665,2.4266280556497577
few_moving,505,10498,124.72871287128713,41.980011752549395,3015,35.82178217821782,42.53341494354652,38.82322175973256,20.5472610934102,18.33562885427613,16.598671779642785,8.207875904764167,2.320922346219392,39.265401626839704,20.6535206512491,18.178941730445143,15.192759695068137,8.363140348302549,2.4281422263170316
few_moving,506,10529,124.84980237154151,41.954795977166654,3019,35.798418972332016,42.51513346830901,38.813952800009005,20.507647613961947,18.312364880215302,16.589486122191627,8.218899852745183,2.3239730839088715,39.21844264917097,20.704935379536852,18.23897777717374,15.227725560655783,8.450635521157079,2.446234254557579
few_moving,507,10541,124.74556213017752,41.9555154988972,3023,35.77514792899409,42.52497894965695,38.78803739053073,20.49917689956978,18.239011946853832,16.553160386407527,7.984560422224154,2.3058320532456507,39.232186811431774,20.712657409311447,18.25546143330211,15.222390594751051,8.45851917055144,2.448059638859727
few_moving,508,10570,124.84251968503936,41.96453666954,3027,35.75196850393701,42.53318109253211,38.79798603157863,20.537596985869357,18.235587162896387,16.56524426634027,7.976143262177933,2.2865714486498656,39.25026132485018,20.716339626773685,18.268511405478286,15.221742182595333,8.469625417538174,2.447584986418693
few_moving,509,10579,124.70333988212182,42.02208620814884,3030,35.71709233791749,42.53545766993505,38.82512613974999,20.567315466563116,18.291106616072145,16.599941766899313,8.086510762545887,2.297966949547602,39.23904813984138,20.717873442089864,18.26374775497768,15.224116917538373,8.467926090066232,2.44343455501139
few_moving,510,10609,124.81176470588237,42.00272215759787,3033,35.682352941176475,42.52995599441735,38.84034444367117,20.551965290597746,18.318496033921214,16.58873926967513,8.131819157312435,2.3280137908045657,39.198855770637856,20.70892412827388,18.236306936115266,15.238282672727475,8.473021762913628,2.4395381092860053
few_moving,511,10617,124.66144814090019,41.95449853207897,3037,35.659491193737765,42.547025129031645,38.79535614265255,20.51390616664237,18.295787512618624,16.6007115284917,8.16410723885775,2.33081888782602,39.22862084510156,20.700842905618888,18.239275555087094,15.21495447527063,8.422211592786788,2.4608637578066377
few_moving,512,10648,124.78125,41.97586761911035,3040,35.625,42.55841021255821,38.817254190493216,20.55967379865224,18.335428263647554,16.627862788557085,8.280545926333978,2.3112396305144416,39.2361123533994,20.67128071824224,18.262355610687997,15.214027271171673,8.404801539886472,2.4693650969863623
few_moving,513,10658,124.65497076023391,41.97109809662576,3042,35.57894736842105,42.56257763552256,38.81909038414106,20.523001347263115,18.246323798217237,16.578284099853057,8.073204781282424,2.327403095273851,39.23008836492757,20.70657131677053,18.32543630574387,15.215177722420316,8.431086190220162,2.4816932961663793
few_moving,514,10688,124.76264591439688,41.952732122691486,3043,35.52140077821012,42.561357331550234,38.79691427580636,20.49360138059189,18.208000473740363,16.573940862992384,8.023063054091585,2.3211880274519854,39.223769304756914,20.73577488696903,18.372855366720017,15.23599347891734,8.515681370891864,2.4967963302287024
few_moving,515,10699,124.64854368932039,41.887914612998195,3043,35.45242718446602,42.5615321787524,38.685372483810944,20.46967889580894,18.212841014463812,16.610915038668207,7.98376149951519,2.29967704885911,39.2221186893952,20.76311334986284,18.401551410907757,15.243043282379638,8.559032534286406,2.5058066158586296
few_moving,516,10729,124.75581395348838,41.94331712230551,3043,35.38372093023256,42.56564446714099,38.73199858514316,20.542669535092458,18.269104413123973,16.59841231877689,8.038007868152166,2.302301505727798,39.22727356260226,20.77741590292727,18.41747299259374,15.243414959131691,8.584335275925929,2.512308465853649
few_moving,517,10740,124.642166344294,41.92866487915214,3045,35.338491295938105,42.57106075578739,38.71238763879969,20.572549112128524,18.33219570378848,16.66161792099323,8.231242312952457,2.3337288249885177,39.23410980127976,20.785273645322068,18.42697067405972,15.241371191019839,8.599068625038546,2.5172863180846794
few_moving,518,10769,124.73745173745175,41.95871406513192,3045,35.270270270270274,42.56650282795743,38.760011924745896,20.58200385174456,18.379524388340265,16.663513563499656,8.305522781032883,2.3386636661155285,39.242177232648956,20.78766001994439,18.427480397265875,15.246729582498725,8.61811562824527,2.509929083166818
few_moving,519,10778,124.60115606936415,41.95193390095694,3045,35.202312138728324,42.5547835972221,38.77454451687264,20.45811856795605,18.28127303354372,16.660565119722467,8.296524440260404,2.3154986013955696,39.23621308086459,20.79430332747598,18.43343108664044,15.256758028280657,8.637492453231456,2.501679491421554
few_moving,520,10808,124.70769230769231,41.97595159123638,3046,35.14615384615385,42.520424527893994,38.81155138749,20.362994571359703,18.185928666707152,16.64866526910974,8.19173763594421,2.3147943419918544,39.20840574630792,20.782653960861133,18.42095588575945,15.261207610391093,8.620809727462749,2.4967209731888245
few_moving,521,10819,124.59500959692899,42.061519524060955,3047,35.09021113243762,42.46939883212588,38.925697493532184,20.38200641941145,18.180209502970506,16.56720925569739,7.964077985509934,2.312636020713728,39.16935099563259,20.76093805616134,18.40034002832549,15.282770290870651,8.669345642155582,2.499213653377787
few_moving,522,10851,124.72413793103448,42.077606773832386,3048,35.03448275862069,42.45440836072584,38.936317574616375,20.410785948080175,18.187391891676263,16.549645368755645,7.915385430277621,2.306089986717303,39.158483159194155,20.760441667361214,18.398861607430373,15.294149148599123,8.693242275965211,2.4996650470048793
few_moving,523,10862,124.61185468451244,42.01445197518461,3049,34.978967495219884,42.43328004355891,38.827533801693264,20.42946502502191,18.204496537907225,16.598770972449596,7.982602431771867,2.3055316178863525,39.13973091863123,20.753405585937063,18.388816065300418,15.294702333457781,8.676996979390772,2.5072447029075993
few_moving,524,10893,124.7290076335878,42.00628665912391,3049,34.912213740458014,42.423171392271534,38.800899440963875,20.500374607968503,18.266905712191253,16.619654706590858,8.098624011185676,2.306267904450636,39.13097856900542,20.75162374451255,18.385762279135804,15.295290225584806,8.673155195918786,2.5073434988195187
few_moving,525,10900,124.57142857142857,41.96999151052296,3049,34.84571428571428,42.41712505347788,38.783659929394105,20.449353674677088,18.22090648939101,16.614883821993892,8.124154058695176,2.3227276778417365,39.12578213578166,20.75113647992565,18.384783199267343,15.295436084194808,8.671767646782644,2.506797187186338
few_moving,526,10929,124.66539923954373,41.96528052231825,3051,34.80228136882129,42.414404056779816,38.780651870114795,20.43117598653251,18.215090930784054,16.63269272910365,8.158287916142548,2.290777767525554,39.126094780874745,20.76144936852073,18.395817639409522,15.311923593681604,8.700709999819054,2.489042915905509
few_moving,527,10941,124.56546489563567,42.00320547516476,3057,34.804554079696395,42.37848401887474,38.80984696410073,20.473286071445315,18.266188599768164,16.659044686826128,8.219864739275494,2.3092903350571037,39.08723899881063,20.82295930188945,18.43066535465987,15.324351183225344,8.765210659816034,2.5003152609694665
few_moving,528,10972,124.68181818181817,41.98781740997033,3064,34.81818181818181,42.397500334375195,38.76245384391274,20.486574969284366,18.241954276453804,16.671641457006064,8.191695796932919,2.294903080489055,39.110970985138515,20.86822719828915,18.450810569226167,15.295392895732562,8.761631558254072,2.4982781159238905
few_moving,529,10980,124.53686200378073,42.0255852128631,3072,34.843100189035916,42.430170579523526,38.789750805895686,20.479977952797675,18.183044446327237,16.621648203363787,7.977919592926634,2.2922152681815673,39.14449279961963,20.935875661207504,18.501058449659602,15.29586111186303,8.822439629428807,2.454146324910582
few_moving,530,11010,124.64150943396226,41.981359401463166,3083,34.90188679245283,42.36466250725483,38.75398151006526,20.43354907868103,18.14617981084198,16.58437583315011,7.829147327698314,2.2869863967657427,39.06215900331473,20.961506710770543,18.527921019541218,15.305522071382848,8.820024491837485,2.4689193089818717
few_moving,531,11021,124.53107344632768,42.00863910003605,3093,34.949152542372886,42.35838753763845,38.80677898513214,20.481719569610455,18.17059519318463,16.59417584852415,7.982278549974583,2.2919691500477044,39.0863053527543,20.92934222997658,18.47669932345169,15.283655680391972,8.749252713951206,2.4387376090754427
few_moving,532,11053,124.6578947368421,42.05259798912517,3104,35.00751879699248,42.380217725378856,38.8808894541677,20.477187546392,18.191046149128283,16.58871851868259,8.046316822637856,2.2855394799249242,39.10926399564451,20.91784935398851,18.47169528130035,15.280961732243597,8.810070034052881,2.4664207702929026
few_moving,533,11063,124.53658536585365,41.95503976874274,3114,35.054409005628514,42.37529989627385,38.78342102959187,20.470311814677668,18.254559973054196,16.642064765537913,8.207940560088614,2.2900866922197722,39.10277415941666,20.907364443936235,18.458570177939265,15.266137766302748,8.749432844697491,2.4954937567648554
few_moving,534,11093,124.64044943820224,41.93194238818188,3120,35.056179775280896,42.43550700007971,38.77682640280941,20.51744296878975,18.316233805884174,16.65199456305583,8.279040802192064,2.324354547336323,39.16457129591156,20.930388631373436,18.479649119119735,15.26575854134293,8.790568924163075,2.489829511524946
few_moving,535,11102,124.50841121495328,41.96967718729751,3126,35.05794392523365,42.4158262319573,38.81599630181103,20.46342804049628,18.221629282346903,16.636563699941796,8.169036460491586,2.339740670626365,39.141739719987726,20.93384537970932,18.484521773135736,15.274907946736743,8.797251949169828,2.4947010541044556
few_moving,536,11131,124.6007462686567,42.0064262711103,3131,35.048507462686565,42.470990162756436,38.86499159601025,20.37786590052259,18.16424612440834,16.629609238211668,8.141658872403177,2.3284198491829953,39.19353605416488,20.950268005073635,18.5004430034085,15.257211749522668,8.791856299777006,2.4913958821247464
few_moving,537,11143,124.5027932960894,41.9706538066734,3132,34.99441340782123,42.48571249596406,38.81488446554389,20.355584909920378,18.19089731373277,16.669377276981205,8.22584669081594,2.324419973493246,39.207611650225424,20.95353373367692,18.50475428306691,15.251336085746434,8.787809459683706,2.484284150098261
few_moving,538,11171,124.58364312267656,41.94087537075411,3133,34.940520446096656,42.49445668996515,38.766673796028975,20.475310099652404,18.307624798322742,16.7034374780511,8.412906599868883,2.347287525444036,39.216989646658185,20.963452150225724,18.513889215107756,15.252485877407679,8.782872138814277,2.479450678126576
few_moving,539,11180,124.4526901669759,42.006667130156586,3133,34.875695732838594,42.50009735098268,38.84005527958276,20.492504255276668,18.29271375351181,16.667798395518254,8.326694246875403,2.333484886103853,39.223131471910676,20.965868241683513,18.516895655378626,15.252551934856099,8.783684890609202,2.4760463110661948
few_moving,540,11211,124.56666666666666,42.02285428335532,3133,34.81111111111111,42.50448318541516,38.842208423279445,20.51899236759934,18.311102295165107,16.689013008568548,8.359825467346544,2.3234243818174916,39.22782285136957,20.96714699981462,18.5185152108437,15.252719092767128,8.785105662354754,2.473619078415744
few_moving,541,11220,124.4362292051756,41.98773610150072,3134,34.75785582255082,42.50739108207833,38.82617533827722,20.408298592710654,18.194383368117123,16.66073561109232,8.173207719704367,2.299822336850245,39.23095617766962,20.967702615516252,18.519139847183727,15.252783523255628,8.785613374407003,2.4720293319287943
few_moving,542,11252,124.5608856088561,42.00031471570092,3136,34.71586715867159,42.50781156556363,38.83114053878302,20.37996268781349,18.16481170369445,16.640801694263512,8.079349478992947,2.3097021635229242,39.227856719025695,20.968264379906394,18.516116914491278,15.253711836957336,8.783930221846408,2.470075196904266
few_moving,543,11261,124.43093922651931,42.0033045142505,3138,34.67403314917127,42.50324944898504,38.81519347424552,20.380091844973805,18.145515089612452,16.62719196052408,8.02638010706457,2.2894667119155367,39.22244030641968,20.939276138591733,18.48917308547325,15.257002537352397,8.7657771193467,2.4727105076055937
few_moving,544,11288,124.5,41.99726163462651,3139,34.62132352941176,42.50662601759119,38.82387511366376,20.46349001456875,18.21724389525582,16.615184833556768,8.07418014135763,2.300812754430628,39.22274459385915,20.9142558689222,18.462692345975263,15.232018982309448,8.660578543768302,2.45814244292678
few_moving,545,11297,124.37064220183485,41.93456601977786,3139,34.55779816513761,42.51317878314507,38.76337728436165,20.530749632553942,18.28364455440588,16.599588380038487,8.126515820877483,2.320319180580663,39.22629620718606,20.887807283107776,18.446958931054095,15.223061652777448,8.613620875929643,2.4544389999965683
few_moving,546,11327,124.47252747252749,41.96869807082204,3139,34.494505494505496,42.516656530657926,38.78125279924066,20.613743363518715,18.329983672135228,16.600827441839794,8.18417090211999,2.317978605228308,39.2258144642967,20.874659063133347,18.439560040177703,15.216865841571726,8.587638345121881,2.4499469690961657
few_moving,547,11339,124.37659963436928,41.999241926298915,3140,34.44241316270566,42.51864655802291,38.780417535017406,20.624900771413483,18.335814471948424,16.60852113204586,8.193416590178247,2.3098216736170016,39.2242264021082,20.86811999225087,18.43624310157869,15.212370899157369,8.569056692683715,2.4467904093595987
few_moving,548,11369,124.47810218978104,41.98930256575043,3141,34.39051094890512,42.501290219695896,38.75266454166821,20.53324854285907,18.269340316603788,16.65172073891657,8.161059278328056,2.283307817486023,39.20494856754384,20.86707982108375,18.430705833168595,15.206374386256735,8.513379250477868,2.413377570512279
few_moving,549,11377,124.33879781420765,41.96040103875973,3141,34.32786885245902,42.48548878347875,38.769716802290546,20.45478120889543,18.204513622447806,16.65357053101726,8.18941344715253,2.2971659392474035,39.18807110154527,20.860582842684796,18.422809536122216,15.199728044620436,8.478530050254376,2.4105080838129473
few_moving,550,11406,124.4290909090909,41.942973664774975,3143,34.28727272727273,42.4783481124962,38.734718215679905,20.442094384535164,18.167072841966352,16.672254069118456,8.208877695868805,2.312882899568643,39.17975068526387,20.859097807877436,18.420372606105534,15.195671491507873,8.458516665960945,2.4080282881738455
few_moving,551,11415,124.30127041742287,42.01484931257896,3144,34.23593466424682,42.466720317589484,38.8033487068316,20.56517028920667,18.316668073752474,16.70127311489469,8.344846468870134,2.311615579387046,39.14315243950323,20.906053445689736,18.469917916456115,15.220608952486957,8.478916794997598,2.4097420595746764
few_moving,552,11445,124.40217391304348,41.99848152738413,3145,34.184782608695656,42.463264214924564,38.77950436821115,20.546861865036043,18.2835034420007,16.677941702141556,8.267193698994594,2.3120133685791204,39.13486108953529,20.90965317889873,18.473652768963944,15.217379836109007,8.455265366294201,2.4087037041266144
few_moving,553,11454,124.27486437613021,42.00946475461671,3146,34.133815551537076,42.459678014469006,38.84924997970147,20.503622806522188,18.246821465887432,16.608882711822687,8.119834098030669,2.305319390425218,39.12814260034368,20.912881982692966,18.475681713104755,15.212681761770389,8.42786099820733,2.408330053077349
few_moving,554,11483,124.36462093862816,42.04010458076486,3146,34.07220216606499,42.45720453238587,38.873679478488675,20.49569836604934,18.222888889080927,16.590615721002592,8.064434525788956,2.3066417027774446,39.12365771462575,20.9141226005574,18.476611449179835,15.209572678205932,8.411298190969971,2.4070176458928163
few_moving,555,11493,124.24864864864864,42.02334868647286,3146,34.01081081081081,42.45564377572947,38.87795647088887,20.452417263878317,18.163270999415115,16.56517995820275,7.949695995688114,2.3043557970760493,39.12072920884637,20.914833973352273,18.47733867887367,15.20739754304315,8.40058681150125,2.4060723676134255
few_moving,556,11522,124.33812949640287,42.0398376140949,3147,33.960431654676256,42.4547220987879,38.89723651882068,20.387406584960125,18.115190281831012,16.53746962943421,7.863328551156811,2.312300184181923,39.11885771795264,20.915363717795856,18.47803382296619,15.205822305146391,8.393524198978621,2.40537842749594
few_moving,557,11534,124.24416517055657,42.025257388980606,3154,33.974865350089765,42.475554207744345,38.84184097005022,20.50016746035349,18.20530308727121,16.577853537140093,7.99788558497924,2.320104383708932,39.09855646353427,20.936536369950925,18.48123669561342,15.244197974834757,8.401981963997438,2.3950075601584624
few_moving,558,11564,124.34408602150538,41.98187481440708,3160,33.97849462365591,42.40543777581254,38.820495761533934,20.42040177141751,18.18904698229536,16.596981987535898,8.00326395851924,2.302609268989567,39.02685150995426,20.837784271874078,18.398790261227813,15.261356181775842,8.42000087866648,2.4252512511775297
few_moving,559,11575,124.2397137745975,42.01477496759048,3166,33.98211091234347,42.3857598868514,38.83217895626585,20.485029986524033,18.269912559370724,16.65997965464185,8.215617070365822,2.294691227087967,38.9988788328733,20.814294743867602,18.384557770419026,15.279384547367853,8.45884530782949,2.4196216130772856
few_moving,560,11605,124.33928571428571,42.01466372353721,3171,33.975,42.35401002283439,38.834074754008675,20.436128172475165,18.233133776870783,16.667582576527415,8.215410637691443,2.3054242501572206,38.97026102242391,20.77581462533978,18.347659408123047,15.296553018719532,8.493087715110065,2.428222118578088
few_moving,561,11614,124.21390374331553,42.00556894340524,3176,33.967914438502675,42.40617791817842,38.82934274824227,20.46943950819666,18.251906381087338,16.654221796659087,8.186417288695866,2.306201123282985,39.0168302894303,20.789950117212797,18.365283011380118,15.298253045412412,8.544657627636845,2.417518045541776
few_moving,562,11646,124.33451957295372,41.986026237232934,3182,33.971530249110316,42.40198491957429,38.79022133205646,20.51648936016441,18.253683124131364,16.64562888529672,8.155828652770742,2.300184735408045,39.013890960455406,20.77466110973474,18.35243216845533,15.29540359424732,8.523536814314703,2.4236875808433016
few_moving,563,11657,124.23090586145649,41.92323439111167,3187,33.96447602131439,42.35836262115328,38.728047763892725,20.57209766305167,18.347284385464345,16.68849170255804,8.384651572353654,2.2914466361955643,38.980230490295995,20.728596896399594,18.3165703685301,15.294813157784311,8.529176092514975,2.4393124746817736
few_moving,564,11685,124.30851063829786,41.93747720300537,3189,33.92553191489361,42.42713225319852,38.75192172782584,20.646995112704616,18.433919862791534,16.713124612049565,8.548631638475753,2.305999113110608,39.03931545803757,20.760737299005847,18.34910542097422,15.28646479066712,8.576891736378798,2.4759138126808393
few_moving,565,11695,124.19469026548673,41.95437479127395,3195,33.929203539823014,42.49389103633972,38.74007383617467,20.545469195583994,18.298932817356494,16.71446969373637,8.35154963317814,2.312598637719209,39.10685732390014,20.77790686030499,18.368289052481934,15.265991398862141,8.669714557269893,2.467528291337114
few_moving,566,11725,124.29328621908127,41.96349836741336,3201,33.93286219081272,42.48447643501058,38.76853701816246,20.553414423178236,18.290142262057245,16.67509923186497,8.28022901169153,2.3024960711396543,39.12298374615179,20.73481195051796,18.30582301575643,15.2349181085811,8.438226423105993,2.412925630734947
few_moving,567,11735,124.17989417989419,41.93380055389848,3207,33.93650793650794,42.46309558708281,38.73483854712156,20.601899815455088,18.345757078454472,16.679613368466555,8.322527142803864,2.3007916813854705,39.08836539251116,20.743543513150662,18.325801397974406,15.253377586509355,8.485019063782802,2.4255368013307046
few_moving,568,11764,124.26760563380283,41.95173258911287,3213,33.940140845070424,42.487925244674365,38.73943922331789,20.6084090491077,18.33376631156718,16.660671314419016,8.29497982500401,2.3052062333066226,39.114436971108816,20.740499196095925,18.32167118654842,15.237222182671035,8.470034883026877,2.4352392008398103
few_moving,569,11772,124.13356766256592,41.94472152554198,3219,33.94376098418278,42.481497987103516,38.72909000873475,20.522883159232947,18.221421715602176,16.64542623412228,8.157758755066986,2.296773545949567,39.1021290802792,20.74597945293036,18.331712632857638,15.243228258077087,8.470016936551716,2.4362263671279414
few_moving,570,11801,124.22105263157894,41.954859952971326,3224,33.93684210526315,42.5200151357358,38.751673436339466,20.469520762840343,18.199210141668328,16.63074761659478,8.107861393311374,2.296291858573982,39.149890539334805,20.73213084417392,18.309687195193796,15.21487203367304,8.41657650833876,2.4276223425340007
few_moving,571,11811,124.10858143607703,41.91777723253374,3230,33.94045534150613,42.531537544746485,38.69527537530662,20.462467182625684,18.237638604292744,16.658702691852504,8.150951631348123,2.2982439244486605,39.15898364855889,20.753507361004793,18.329743489331072,15.217368898804004,8.41466689964504,2.420610118429455
few_moving,572,11843,124.22727272727272,41.92031638495589,3235,33.93356643356643,42.518144539344256,38.6997267791756,20.4753803275674,18.263772414547795,16.656441197789114,8.144710460026523,2.301728092916563,39.152413329366865,20.7836545059993,18.36743284845037,15.22239729204675,8.424681469950555,2.424654060582562
few_moving,573,11854,124.12565445026178,41.927116996596155,3237,33.895287958115176,42.519191913284395,38.7027632012403,20.465956959720007,18.27289249350781,16.631804384055645,8.076240926634327,2.3021660981206997,39.159402768427626,20.829896831388464,18.4099982956047,15.21345657787214,8.435510222873297,2.421469849281124
few_moving,574,11885,124.23344947735193,41.949420981604845,3238,33.846689895470384,42.52535353475439,38.700002762235655,20.500194348595304,18.281631928124153,16.634469996242043,8.067403482669043,2.2971500018665627,39.16872527359614,20.857885512481044,18.435112200508208,15.199398357467835,8.420303102215284,2.413475951562628
few_moving,575,11895,124.12173913043478,41.954921710231154,3238,33.78782608695652,42.53140936190524,38.74541999611719,20.481699351819117,18.2392354824383,16.596502909793195,8.012112104147299,2.3131790259025427,39.18258215377048,20.838185019271034,18.42134519272677,15.184401428475214,8.366187037606933,2.407587147409519
few_moving,576,11924,124.20833333333334,41.96147358598066,3238,33.72916666666667,42.535450643581356,38.770830244934146,20.375010165578562,18.145815592799813,16.600392633689644,7.98097767613497,2.31885062890329,39.189054266730835,20.82906986936694,18.413928447157367,15.175866568822913,8.341637842776585,2.405785247687808
few_moving,577,11934,124.09705372616985,41.95229804435057,3239,33.68110918544194,42.538406440219035,38.74356503276637,20.432311917300062,18.231065687572947,16.631155636960937,8.101864256386584,2.327102447240347,39.192256646238576,20.824900147389364,18.409885886437078,15.170715624071542,8.329138718843422,2.4047084540741928
few_moving,578,11964,124.19377162629759,41.93812195818483,3241,33.64359861591696,42.58290244627036,38.72569218149827,20.530423390518077,18.3066442883494,16.644267591352865,8.141689895441651,2.315587890459709,39.232403639377665,20.842385347924477,18.430822729853332,15.160260807318082,8.371227003455369,2.4088346249161448
few_moving,579,11975,124.09326424870466,41.96456490210397,3241,33.58549222797927,42.60940866988386,38.76148167164284,20.437763740738003,18.205918004533867,16.61385070720502,7.9740340308580695,2.301274658109175,39.256031581545145,20.84910443509085,18.440174575821434,15.156468183849855,8.395575124120874,2.410715070672941
few_moving,580,12006,124.2,41.959389435274616,3242,33.53793103448276,42.623190576349316,38.779021852641186,20.405497413766174,18.19881579994117,16.616505233547223,8.000783551774388,2.28857131114833,39.26799543978932,20.849515485227013,18.442451076862717,15.155450323801466,8.405254226674922,2.4136238020532392
few_moving,581,12016,124.08950086058519,41.919395803708234,3243,33.49053356282272,42.620278444614655,38.72709007645947,20.48187466672619,18.30833397490038,16.658265150246905,8.219016511064192,2.307961233702093,39.24994134866785,20.878080561962733,18.47793853032895,15.176665808292311,8.482322563247216,2.417753197844974
few_moving,582,12048,124.20618556701031,41.906521522348115,3244,33.44329896907217,42.62628372144454,38.68344662966827,20.47791580817999,18.291381311051435,16.659079602386264,8.18428066594753,2.3092544878817924,39.252113519879046,20.881416962730253,18.481991861376507,15.175487888051226,8.481605771458645,2.41908716427244
few_moving,583,12058,124.09605488850771,41.93792525056411,3244,33.38593481989708,42.63088801160746,38.70069471808612,20.464906458042055,18.255625220530025,16.645568116285293,8.137635422027431,2.326299951562396,39.25386422650885,20.883681260049794,18.484620443022976,15.174138176860083,8.479534315511769,2.4201956333830053
few_moving,584,12087,124.18150684931508,41.93745150425228,3244,33.32876712328767,42.63442214702897,38.70792795622163,20.556075254151516,18.320417102641574,16.63317887650947,8.19178328269158,2.3399131340076904,39.255228580854784,20.885311420102195,18.486412709770367,15.172896645752727,8.477171051839692,2.4211199500552607
few_moving,585,12097,124.07179487179488,41.92382393703908,3244,33.27179487179487,42.6371833659387,38.72517823359999,20.457453779835507,18.207237798009317,16.61580569894905,8.081522329409285,2.307548320898851,39.256336966769226,20.886494301642365,18.487624130110746,15.171814473346302,8.474812700182486,2.4218924996750646
few_moving,586,12127,124.16723549488054,41.923844203006006,3246,33.23549488054608,42.63937597910349,38.72271450390282,20.515030907472163,18.222663999458906,16.62171919265807,8.119108489059938,2.3216462321181144,39.257267706653764,20.887360630389264,18.48842971912721,15.17090594200858,8.472602570477164,2.4225401735429966
few_moving,587,12137,124.05792163543443,41.98753707212203,3251,33.229982964224874,42.67515085007299,38.78929980402565,20.509826772178922,18.272439530724064,16.646388534073303,8.162966415247494,2.292283231590852,39.26527853311866,20.865228864408287,18.477270794063543,15.212183848557627,8.521791122953106,2.4314760371191957
few_moving,588,12168,124.16326530612244,42.012914789381476,3258,33.244897959183675,42.71013257685862,38.79382137278962,20.530835234305727,18.270727419662837,16.63138963772687,8.107780986234118,2.3028332136986887,39.28229610314228,20.819473392997004,18.436694102054265,15.238210268797904,8.536197813889785,2.472803187621084
few_moving,589,12177,124.04414261460103,42.05031194004755,3264,33.249575551782684,42.65109660722784,38.848743366426525,20.451753765089975,18.18284915635702,16.61091655574091,7.978553039038579,2.3028102010305473,39.22936040645617,20.701599128821247,18.34678038638244,15.249112131319821,8.576828578697507,2.519663397094629
few_moving,590,12208,124.14915254237287,42.050811639817645,3268,33.23389830508474,42.59730623005605,38.878609779523366,20.44804666918126,18.196452606237294,16.583511768889277,7.9732077811886395,2.2947712091755963,39.189308023574064,20.582798457328963,18.249783930930437,15.23159425756988,8.504349297996576,2.5204294900781083
few_moving,591,12219,124.0507614213198,42.00670436426342,3272,33.21827411167513,42.559239948431994,38.8097669295944,20.538771948050424,18.286017867954698,16.622835613668194,8.132731200156211,2.2877159660783177,39.16040298932776,20.507619005764838,18.187598705490522,15.241483546139253,8.507003586165128,2.523023830670701
few_moving,592,12250,124.1554054054054,41.97995994638666,3277,33.21283783783784,42.617561133433085,38.75892127786021,20.626869774205545,18.342241968881996,16.611701031350822,8.141863403336702,2.2874144255151534,39.207531429167055,20.504691060893464,18.186612005874895,15.240926796134861,8.521097598968337,2.5327271325225316
few_moving,593,12260,124.04721753794267,41.95278017708332,3282,33.20741989881956,42.557036864085966,38.7487725247159,20.57196036192187,18.279242342509384,16.60578367988607,8.029265067686623,2.266892630699729,39.15699224480776,20.47369305306778,18.15760078080327,15.25686358325908,8.49523991523384,2.5207108971569085
few_moving,594,12290,124.14141414141413,41.94956201432215,3287,33.2020202020202,42.54173142863091,38.74458873905663,20.522604407856804,18.22472086587787,16.591195848426626,7.937430868754637,2.285537527678464,39.145655635619555,20.468545044199214,18.156238953846135,15.264604000962658,8.504280876714644,2.4910535643599756
few_moving,595,12299,124.02352941176473,41.958794010789425,3288,33.156302521008406,42.53175192897676,38.725977415178704,20.52059125044083,18.25170029045118,16.62193496588294,7.958969607185602,2.2958170908043476,39.1379307930399,20.471107089104578,18.158699645731282,15.274412660069242,8.507573781178174,2.478709225920566
few_moving,596,12329,124.11744966442954,41.97241992488288,3289,33.11073825503355,42.50713491854517,38.75513703027589,20.503529267848883,18.27951560111125,16.624461350715954,8.02607877316883,2.3040496662767027,39.1035325626914,20.497223870641456,18.18927626136452,15.302597901126278,8.565888523610115,2.4702050070073205
few_moving,597,12340,124.02010050251258,41.9540345897968,3290,33.06532663316583,42.49565149771046,38.75112070563922,20.503688969675817,18.274341665194402,16.62157152068212,8.122136621615418,2.301824243134781,39.09197452905018,20.500409162069893,18.192075577985605,15.308738953665706,8.561715335611991,2.4617548588809375
few_moving,598,12370,124.11371237458194,41.9003530524807,3290,33.01003344481605,42.48654631597733,38.69631860040138,20.4554318857843,18.237511278849023,16.65006265732584,8.141024435021345,2.3162129453615523,39.083024485600326,20.502807252088324,18.19401619035621,15.31322439152574,8.557654263165269,2.455184924202037
few_moving,599,12381,124.01669449081803,41.9778688083215,3290,32.954924874791324,42.47944603930607,38.8009848066271,20.477112889718594,18.254079348657598,16.622571222167796,8.120416171027603,2.3055085469066015,39.07613803636476,20.504628875701254,18.195391181589578,15.316530850864519,8.554227012491664,2.45014260954145
few_moving,600,12409,124.09,41.98089913138121,3290,32.9,42.47400769521548,38.78287336678663,20.49583746414273,18.249051838917552,16.651306986248038,8.145540615678385,2.2840043922915,39.070913948172645,20.505973833494252,18.19631840062053,15.31894595310513,8.551425725632326,2.446320541442274