Scenario,Time,Baseline_Tx,Baseline_TxPerNodePerMin,Baseline_RMSE,ETM_Tx,ETM_TxPerNodePerMin,ETM_RMSE,Baseline_MAE,Baseline_RMSE_Aligned,Baseline_MAE_Aligned,Baseline_PairwiseDist_MAE,Baseline_RangeResidual_MAE,Baseline_AngleResidual_MAE,ETM_MAE,ETM_RMSE_Aligned,ETM_MAE_Aligned,ETM_PairwiseDist_MAE,ETM_RangeResidual_MAE,ETM_AngleResidual_MAE
many_moving,0,0,,36.82155104595928,0,,36.82155104595928,33.64586534768495,18.187917130173428,17.241615522676813,24.44493498974518,NaN,NaN,33.64586534768495,18.187917130173428,17.241615522676813,24.44493498974518,NaN,NaN
many_moving,1,0,0,36.82155104595928,31,186,36.75553919077251,33.64586534768495,18.187917130173428,17.241615522676813,24.44493498974518,NaN,NaN,33.55181456198178,18.086960261525878,17.149669159800517,24.036708162525898,10.155104393689918,1.752240993866938
many_moving,2,32,96,36.75533622654627,76,228,36.70585358371024,33.56529006127265,18.127392054976486,17.182113085755088,24.046031031707138,10.152824057251516,1.815623806499541,33.46168454714048,18.045752927090522,17.15909939027232,23.692330570445872,9.926346332067782,2.1651833844669537
many_moving,3,46,91.99999999999999,36.709350447586324,122,243.99999999999997,36.680091056146324,33.48036992409881,18.087420519764308,17.197989490548874,23.712561052559966,9.888306623493678,2.1796110794724055,33.41393274917741,18.00660250211763,17.173727672171957,23.254521302479468,9.552088662490998,2.2347163730149977
many_moving,4,79,118.5,36.70657711903297,168,252,36.67990776939851,33.45478689045103,18.028311874166732,17.197497058801343,23.263687057193383,9.471132710053812,2.2628661595207435,33.39908800785595,17.932299217254208,17.157562734681033,22.779094766300016,8.998651109160503,2.2944728909335512
many_moving,5,92,110.39999999999999,36.705124231607,215,258,36.71199681591078,33.413505398010734,17.969979097356543,17.19298231925493,22.797689586184116,9.071884987736896,2.3124195652327546,33.408661327172766,17.88380134981802,17.164559302452556,22.288888032943547,8.660280890147522,2.3088155663834007
many_moving,6,125,125,36.718023143314475,263,263,36.77198963041796,33.404393935265475,17.89705263671916,17.175209545516175,22.299886897252442,8.606472613865243,2.320230963481883,33.450269058311974,17.882692752786028,17.220413420388304,21.873630195905683,8.196258469604984,2.3176306442863557
many_moving,7,139,119.14285714285714,36.76454365108744,302,258.85714285714283,36.79060971704623,33.4384535163028,17.86396212243733,17.199938447055906,21.849496206175704,8.239985984628301,2.3326327016815513,33.45065562642115,17.8485211126861,17.23790662473885,21.372254909567722,7.797558273469113,2.309486760114801
many_moving,8,172,129,36.828206336942685,309,231.75,36.8580101483975,33.47631012672476,17.80725367106713,17.1940880092604,21.344924976137726,7.801546940054189,2.3167499678700336,33.482909922003145,17.769556475639686,17.19755893283672,20.862046316330744,7.253395107454161,2.2803663225533897
many_moving,9,185,123.33333333333334,36.86109161541745,309,206,36.93622186477603,33.48387202302485,17.76065859233561,17.18983173705568,20.8439329756492,7.433403107352926,2.30127277765968,33.52747690992904,17.71775200163776,17.178720165789862,20.345703652494944,6.78021005069217,2.2698584131774147
many_moving,10,218,130.8,36.9016273649887,309,185.4,37.00648716352533,33.504176932966786,17.745341704539094,17.210587705147326,20.355473923394975,7.008243435506141,2.308305556414587,33.57113993044099,17.697608254287413,17.184754667075502,19.855259722013788,6.352352421230959,2.267460710299051
many_moving,11,231,126.00000000000001,37.01456642656664,309,168.54545454545456,37.07638457345221,33.593552326066614,17.72378465584954,17.204077325024954,19.900061200742982,6.605540700002235,2.2860820973551084,33.61895146682976,17.694545263870598,17.20009688768077,19.373013591465753,5.939659913984504,2.269594951186835
many_moving,12,265,132.5,37.10762694133701,309,154.49999999999997,37.158595388847715,33.6782670620229,17.749930576508675,17.234643603775428,19.43836976055874,6.226341308840567,2.269821565422491,33.68255134522534,17.696201807498348,17.209272762916374,18.89993661036593,5.56313954965051,2.2721941931161145
many_moving,13,278,128.3076923076923,37.124979704550604,309,142.6153846153846,37.257260749910756,33.67367214761709,17.777335259570727,17.275730732229423,19.009035235711146,5.820160324665099,2.304447981121112,33.765710142551534,17.696535264190963,17.20591109982737,18.434974178251068,5.226278988762947,2.2741760805258173
many_moving,14,312,133.71428571428572,37.20509135797213,309,132.42857142857142,37.370775437347696,33.734118948147305,17.792352230997793,17.285367189684873,18.51923961000564,5.452303550240941,2.293681745620834,33.8664168670773,17.69470566712425,17.190726990147194,17.981055194251653,4.886150570599106,2.2762412512447483
many_moving,15,326,130.4,37.30581263283304,309,123.6,37.49689089348591,33.82041780753212,17.77521127161717,17.27997029297057,18.01435293972423,4.937470148242836,2.279196326473678,33.98207839535205,17.691384795974606,17.16598933096718,17.526716797860075,4.540567316855208,2.279106748468446
many_moving,16,359,134.625,37.418843906301,309,115.875,37.63354463357558,33.91386747288566,17.810929694644674,17.266034357251392,17.585746197645733,4.664473996468274,2.309142131818178,34.1103246958676,17.687687446546768,17.134116006255987,17.070640470131693,4.188998955306891,2.2832503926859045
many_moving,17,372,131.29411764705884,37.510931615112106,309,109.05882352941177,37.779796978909324,34.027909482813655,17.90005732695038,17.29047203437783,17.175034808211812,4.419986859440278,2.2945342359331837,34.24992199235949,17.683004258736954,17.096037446674476,16.616002091238833,3.8352779936798487,2.2890365329323727
many_moving,18,404,134.66666666666666,37.595747284665066,309,103,37.937385854959466,34.10936539256155,17.926157703211928,17.310622063826735,16.774498506270998,4.098537706966861,2.3014350052295174,34.40248180769225,17.671525390698818,17.049665959223837,16.177265822298708,3.494887357766054,2.2968844888092255
many_moving,19,415,131.05263157894737,37.86919083948873,309,97.57894736842105,38.103299337093944,34.38398403987982,17.866045640333493,17.22840011066069,16.37228840588836,3.7892697506827853,2.315400527358542,34.56477901461144,17.655475001130945,16.997551473006844,15.778648661296138,3.1662583922825656,2.3058701477508605
many_moving,20,448,134.4,38.055264512984984,309,92.7,38.275407349371825,34.578077568186224,17.875471104440955,17.201496854723832,16.027467222720237,3.5494857408771714,2.323596448329276,34.73447408073669,17.636458902974674,16.941193084706928,15.399829951697686,2.8477641277336545,2.315513459668085
many_moving,21,460,131.42857142857144,38.15917601526939,311,88.85714285714286,38.45208477125157,34.656064337009184,17.914632148249268,17.165564039360977,15.61045708064711,3.238223270815621,2.3344342186248777,34.90974184317344,17.615696570673638,16.881537835535152,15.043233117553978,2.5798501070615343,2.325530988098945
many_moving,22,494,134.72727272727272,38.342728066397015,319,87,38.611163753939934,34.81403168046203,17.79792742109642,17.058255556569403,15.258594998617811,2.9695503209810497,2.3430886322030005,35.05247650381789,17.596887392490704,16.83742875488462,14.750762916721063,2.508387902040894,2.339077869069123
many_moving,23,506,132,38.52316039869348,319,83.21739130434781,38.7719921469424,34.98080819732472,17.85230615130029,17.03139050625289,14.897095708420778,2.6800856287921837,2.338543168843246,35.211331427684456,17.59023864287715,16.82228843455316,14.452966478457451,2.325094208147234,2.3507159395398167
many_moving,24,540,135,38.66941652144773,319,79.74999999999999,38.95096564179096,35.125706175327885,17.877376237071307,17.03401969192794,14.52992063937922,2.404078834655917,2.363915255456837,35.388232008657646,17.57361127478838,16.774947184878673,14.175103527628444,2.2411455820908275,2.364045468528542
many_moving,25,550,132,38.849818530940155,319,76.55999999999999,39.132912052947624,35.32635261123878,17.786723173390847,16.90804161839625,14.256235320684217,2.263684271322448,2.359387038013504,35.56872046001061,17.553536117651216,16.717863570394766,13.93985925805954,2.1874738207953994,2.374586972270824
many_moving,26,582,134.30769230769232,39.047710879514575,319,73.61538461538461,39.31696998992205,35.52054332626133,17.729302985928413,16.8222372894126,13.99783557210213,2.069641224281992,2.371582270877633,35.7521669492415,17.53251656720175,16.653750172023827,13.74680064744938,2.157040549366673,2.3846427138428767
many_moving,27,596,132.44444444444446,39.15155663458678,319,70.88888888888889,39.50180294685426,35.63328949554388,17.743998285261878,16.857233043838853,13.793293487429693,2.048899599337857,2.368250765489439,35.93717042477736,17.512028715770757,16.584959213909606,13.561143413783247,2.1450203355057518,2.3942451605909696
many_moving,28,628,134.57142857142856,39.35004757895461,319,68.35714285714285,39.686422268465705,35.81931384916362,17.678710785265856,16.75852985818201,13.622116014756173,2.056677150376719,2.3500962113220445,36.1225888729548,17.493202998918157,16.51299492839663,13.394074824643555,2.193692594568636,2.4034940614450453
many_moving,29,642,132.82758620689657,39.46204730221815,326,67.44827586206897,39.79812994541529,35.94500248528702,17.65475433155812,16.677967115697736,13.487537586446528,2.0009912539147865,2.374903619500851,36.26254952485657,17.4923188265216,16.49317734182183,13.280273006974959,2.3231989108767173,2.4476053338572754
many_moving,30,676,135.2,39.592109902993236,337,67.4,39.95264236217726,36.10563123622201,17.680627393772024,16.65024227399141,13.379897867842445,2.0960250844507367,2.3703775242352663,36.412932822671934,17.511561271518026,16.47040537383127,13.135959023045613,2.302656619628952,2.415359210751208
many_moving,31,690,133.54838709677418,39.735688745630696,347,67.16129032258064,40.17374993832961,36.22181555354597,17.825567494073717,16.72049685320357,13.166933775821594,2.247579079348695,2.400469753147679,36.60128505828693,17.485173826886516,16.4208599833034,13.01833519993168,2.4124363818966685,2.4141330135553156
many_moving,32,723,135.5625,39.920200924658765,358,67.125,40.34275153651983,36.36501913067791,17.87758137052962,16.720368883643463,12.99704150814377,2.224456057684187,2.395078430901497,36.76492684128251,17.487654671487427,16.412307822459752,12.895443766720083,2.4924801354400614,2.4467366912425135
many_moving,33,737,134,40.03609630561141,367,66.72727272727273,40.42157317942464,36.46381131645314,17.91578652649488,16.72320606728614,12.916061545442847,2.216687250555356,2.398989590435259,36.83708892862286,17.542475167829817,16.409808929813586,12.841375087540698,2.551559027863327,2.4217488329593606
many_moving,34,770,135.88235294117646,40.228697351967526,378,66.70588235294117,40.57559756970911,36.65500166374578,17.84167364980781,16.61599892420423,12.806222393723017,2.220016577501397,2.4318930759198354,36.976822369311364,17.544329045815935,16.378295738154808,12.747263625578812,2.680755535868672,2.4413666839653096
many_moving,35,783,134.22857142857143,40.467305134738574,389,66.68571428571428,40.76018147148539,36.90093148289947,17.766096942245188,16.54736705625145,12.723071433990722,2.311468071890094,2.444649295748865,37.14087744408829,17.55882578674948,16.327944338661645,12.652775833368807,2.849600996308419,2.4590373304434747
many_moving,36,815,135.83333333333334,40.612105155095115,395,65.83333333333334,40.92100029344012,37.04293238858401,17.825914945981765,16.56893091248021,12.689767181604577,2.446312307569339,2.4356731599507646,37.28176739252312,17.579319740251595,16.310830307993104,12.585082594056768,2.907749846315501,2.4574858354001856
many_moving,37,828,134.27027027027026,40.79250723450731,401,65.02702702702703,41.05729892047962,37.236686241286336,17.828648602908707,16.501285942498487,12.622629225197594,2.3522766286544154,2.430506155711307,37.416259743099765,17.639716623031653,16.278626553416892,12.48067454941432,3.020526410182834,2.4719364434864737
many_moving,38,861,135.94736842105263,40.85807296882308,401,63.31578947368421,41.181588890274234,37.29518406342528,17.87863532866829,16.50670968684392,12.58010790429425,2.619395848010052,2.4508217810709625,37.524011271261365,17.713512644734696,16.29053014546939,12.392260862364177,3.076883158214708,2.4742027730603158
many_moving,39,873,134.3076923076923,41.02909243691417,401,61.69230769230769,41.31095035656821,37.42583186078263,17.87452610514627,16.46564259690317,12.526875727074275,2.8863024377361493,2.472556503412515,37.636100704328214,17.765773710305538,16.27976674562128,12.295303828781023,3.169312590310929,2.4800007307520007
many_moving,40,905,135.75,41.12329810689428,401,60.150000000000006,41.427568185290056,37.482087668286326,17.900110353527182,16.496390482909845,12.515002761907011,3.170505953837818,2.451875089102793,37.735958396504955,17.81357619483195,16.26991447647289,12.199901892951392,3.250888495701203,2.48615877195033
many_moving,41,918,134.34146341463415,41.272505994231246,401,58.6829268292683,41.53855463687827,37.61934014457215,17.82936057184007,16.399870350766943,12.395504119002608,3.1050312919624536,2.460250741585462,37.830479616177584,17.858169350205802,16.259502078663104,12.121794234656093,3.3556880373748688,2.4929507782670064
many_moving,42,950,135.71428571428572,41.31047513069271,401,57.28571428571429,41.645016357363545,37.63052321626271,17.869778434407674,16.439343976519034,12.340745097063337,3.3138420766862557,2.4703804838897554,37.920844553483164,17.901486448269264,16.250344235664635,12.045180822183422,3.478204787536041,2.4998657399634925
many_moving,43,963,134.37209302325581,41.44516234090431,403,56.23255813953488,41.73829826663355,37.72087555242072,17.95629037797609,16.511226959959217,12.262252259067534,3.2206375034465156,2.5064507770026694,37.97508053849975,17.92236164199868,16.238631148476856,11.972811536544386,3.6265556059862734,2.5186085286521287
many_moving,44,995,135.6818181818182,41.558705357313485,407,55.50000000000001,41.84345292480489,37.820135089837244,18.041756427598916,16.537144521941418,12.187044597786048,3.352921277461387,2.508888412967459,38.086037782455705,17.988779111097415,16.2508460475779,11.908400964793708,3.6979377096311175,2.5097020587824415
many_moving,45,1009,134.53333333333333,41.68072965615124,411,54.800000000000004,41.94153735187413,37.93845444293494,17.96856950404621,16.447290744649866,12.100789530417437,3.382226614173922,2.4994401485990707,38.158122434144104,18.051959224009913,16.33151935273846,11.834698016131753,3.78540026704049,2.5152505685008215
many_moving,46,1041,135.78260869565216,41.77186287184092,415,54.130434782608695,42.03758757580636,38.02101705009041,17.924718120192146,16.349367298260155,12.008664379150154,3.5515843223191803,2.52743710754477,38.25006642305293,18.112028017134154,16.434354389014285,11.772502584503519,3.8260786501483315,2.527911503741305
many_moving,47,1054,134.55319148936172,41.88261063781243,419,53.48936170212766,42.12393313266391,38.114570426216076,17.95485296823436,16.34486213829265,11.937107710651468,3.7045686448997546,2.5301367583110577,38.33952916825031,18.169288071401347,16.540760906564586,11.728938113647228,3.9695514496759934,2.5393233063101985
many_moving,48,1086,135.74999999999997,42.00222536665137,423,52.87499999999999,42.190890653423196,38.21470066648409,17.94224031631894,16.308953145593197,11.808142951475066,3.7427424881515137,2.5437494278147526,38.35520534349765,18.204347542545033,16.620082484983172,11.699082070430563,4.075817644918935,2.5392799363474228
many_moving,49,1100,134.69387755102042,41.969216007124075,426,52.163265306122454,42.271797737951,38.16234318261055,18.092481605262687,16.452369251771856,11.829402474269445,3.8811362302524657,2.5205438172796084,38.428534239851174,18.246582652516388,16.698690219743803,11.64036509558,4.1952670835626344,2.548475640558195
many_moving,50,1129,135.48,42.03497029019286,430,51.599999999999994,42.33526153766004,38.238418266878305,18.18058895310878,16.58949224508074,11.764053940283393,3.854241748580307,2.552483398336546,38.48717888372415,18.30856840019326,16.792326095345167,11.570120054780743,4.295822597171474,2.562564174087363
many_moving,51,1140,134.11764705882354,42.139723509643886,432,50.82352941176471,42.414355142099865,38.342526450878445,18.278125546129978,16.68443926328988,11.679338185457855,4.04809960732437,2.533466369423101,38.56493612941644,18.350272308351382,16.873759035588826,11.52220875527647,4.410074740843023,2.5826944905367584
many_moving,52,1172,135.23076923076923,42.30355092141263,437,50.42307692307693,42.510737569494005,38.49411412442677,18.328329210618637,16.769950267462452,11.578141085295647,4.085883690117888,2.560750723497321,38.61238551563122,18.390640041772194,16.945732611791094,11.530621863233957,4.673453597921572,2.5842075746497417
many_moving,53,1182,133.811320754717,42.41169890484053,437,49.47169811320755,42.62249554433639,38.61016403938207,18.32064472969882,16.80005753763704,11.509510255965974,4.235929607211543,2.5634034843533025,38.691046762117644,18.417655329321214,17.009609132210887,11.535317290173817,4.8093495257572245,2.5923578632893043
many_moving,54,1216,135.11111111111111,42.52915761476862,437,48.55555555555556,42.704720830581984,38.68111656222915,18.353107866689026,16.880833826478334,11.510205127511707,4.285496797195722,2.5834868625613048,38.75243417875655,18.45675901729997,17.0891701136212,11.536826162780763,4.938273684775461,2.5999729757297882
many_moving,55,1230,134.1818181818182,42.47875404320242,437,47.67272727272728,42.77856012680646,38.644571350946705,18.46819833834113,17.030762276125845,11.556831596408827,4.671217613308436,2.579797250691383,38.80957998850578,18.49761153329315,17.170483041042477,11.53629082972315,5.060020048695564,2.6080221361151303
many_moving,56,1261,135.10714285714286,42.462887140523954,437,46.82142857142858,42.84527390994959,38.61051933346489,18.51483604795774,17.119545331939626,11.584349283627754,4.8161393423737,2.568811400689288,38.861756765546644,18.54075556546566,17.25326872870463,11.534799736361288,5.177331954876889,2.6159371559884983
many_moving,57,1275,134.21052631578948,42.567432650044495,442,46.52631578947369,42.897468297339095,38.69739923769517,18.560502548667067,17.195335607069218,11.580095072483116,4.82664104700558,2.596017384785932,38.90061746680456,18.588073118763045,17.340246374830134,11.529478086190192,5.2789663211806275,2.6196125747823116
many_moving,58,1307,135.20689655172413,42.59186080667116,447,46.24137931034483,42.93810067332207,38.70863195429301,18.57444708687814,17.242865932567952,11.553607776375117,4.974185813586757,2.6163187789025266,38.92871198673683,18.633853920423704,17.420730713100568,11.519350119912245,5.326282412297417,2.6292047594065386
many_moving,59,1320,134.23728813559322,42.7753468860829,457,46.47457627118644,42.92910790660673,38.87102197089949,18.617687558925773,17.308738618448128,11.518706604122361,4.9851077544270845,2.599095543556772,38.90014709166055,18.71941217316935,17.518237171883406,11.53869771021686,5.424018057476831,2.646965001435982
many_moving,60,1354,135.4,42.822888098688054,467,46.7,42.97794079615447,38.874902550218096,18.67429603325388,17.411600656193066,11.535148653958936,5.073044762688888,2.6099361024778007,38.94946918884527,18.789492441678163,17.6000096111635,11.540831655577547,5.536050191418771,2.6377158803372174
many_moving,61,1368,134.55737704918036,42.82917999519172,477,46.91803278688525,42.97976630940298,38.87373225453869,18.632053625243262,17.39352818734269,11.498596750782434,4.943647749473796,2.617357244873624,38.933463478530214,18.862285596619245,17.717400501412207,11.579218838725529,5.634531244205746,2.645401254317737
many_moving,62,1402,135.6774193548387,42.846593765905396,486,47.03225806451613,43.05376225959854,38.90963472698387,18.6575171146549,17.4432823663766,11.52778630492564,5.085903461310662,2.6007525936073663,39.00102985548399,18.867496347331098,17.766774170475124,11.586447546193014,5.644887367313403,2.6709590618625496
many_moving,63,1412,134.47619047619045,42.872020453766936,495,47.14285714285714,43.10063135432809,38.903907297069914,18.71766931163474,17.53456580601496,11.527562745384659,5.349594448088014,2.626936933158319,39.04929743169729,18.89545864657192,17.826089913392526,11.589490149020799,5.7305124659186735,2.6714603225159155
many_moving,64,1446,135.5625,42.946785723940835,501,46.96875,43.12009654507127,38.96329962215674,18.78377646351956,17.62718610372665,11.536240000570041,5.497172857016177,2.625442961161648,39.05884123400649,18.940706534149527,17.884169684614495,11.590345427244435,5.638301869221597,2.669046340819148
many_moving,65,1459,134.6769230769231,42.97479313121122,507,46.800000000000004,43.08599672789084,38.963623112050485,18.800769431282053,17.68294573267684,11.569497774366495,5.583365537151425,2.6524903524008,39.01274521577675,19.035434745855206,17.99568571729829,11.646298825848495,5.748679834498129,2.663278151015053
many_moving,66,1492,135.63636363636363,43.00765168346212,509,46.272727272727266,43.12195158351747,38.98551656519014,18.900449805459086,17.821801829583848,11.647845259766548,5.646134825266272,2.65205525197755,39.01212577384966,19.1064091107304,18.083780732087924,11.70420708054149,5.721106623920756,2.6672573653492253
many_moving,67,1506,134.86567164179104,43.0782954426816,512,45.85074626865672,43.1293387612363,39.05863502044049,18.878906956857872,17.838901747641394,11.646795431651796,5.549308705032609,2.671132962776079,39.032169095324534,19.17793873018064,18.20078322423717,11.738960331978912,5.529111114888875,2.6773574079252653
many_moving,68,1540,135.88235294117646,43.13156941555111,512,45.1764705882353,43.148494285940174,39.08683348763589,18.97662543823352,17.97404369284788,11.729292017649325,5.602872452490535,2.658902808733551,39.05550030666991,19.22780472797802,18.28974601831083,11.783813525532862,5.582943891784495,2.6872755733085905
many_moving,69,1554,135.13043478260872,42.98135935896932,512,44.52173913043479,43.15612451022557,38.93470296921339,18.9793019712451,18.016551704893956,11.771377977096158,5.672931072850727,2.652300854299565,39.05774035962992,19.289622463166637,18.38024547159865,11.83076615025812,5.611349857251641,2.6944885795222504
many_moving,70,1586,135.94285714285712,43.00978749655098,512,43.885714285714286,43.16133401885273,38.96978080245154,19.035942545364883,18.070539046475723,11.797156239154406,5.735051449927154,2.6868012973627358,39.05759387312283,19.35188073537738,18.46669527854181,11.875862801905033,5.650648345382528,2.7016718857710003
many_moving,71,1600,135.2112676056338,43.103647589053395,515,43.52112676056338,43.14945204591639,39.06265536478246,19.080248022148886,18.12246842073586,11.830475707743128,5.8363282425431935,2.6947773824733647,39.03770072862914,19.444607804695213,18.57482039551652,11.919569553981821,5.695640233640509,2.6902752931649756
many_moving,72,1634,136.16666666666669,43.138993519856754,522,43.50000000000001,43.1594376542375,39.075529562308425,19.152210501390062,18.240319751657985,11.917947023986434,5.991950943595752,2.6874320759760146,39.063538448529926,19.477479032592473,18.634203749397685,11.970474924361634,5.724176077772941,2.717625341155139
many_moving,73,1645,135.20547945205482,43.17889071417117,531,43.64383561643836,43.18432442762003,39.14154954080227,19.256545587824185,18.368428718392558,11.962446307113753,5.958187696145191,2.707420123489723,39.10422927337753,19.57894791317098,18.75516784884055,12.052505553784103,5.82542601815629,2.700152714288446
many_moving,74,1678,136.05405405405406,43.234031540349335,542,43.945945945945944,43.223206251012606,39.20698980865184,19.422600337165086,18.54549245711888,12.025916012216943,6.084226007451022,2.7229683685316677,39.12254935189137,19.593202481174732,18.756750706960165,12.060709758350686,5.826685769230855,2.7141115955623634
many_moving,75,1690,135.2,43.253495326878394,553,44.239999999999995,43.22701733296538,39.20724121577314,19.503390451395152,18.647621926419593,12.108032449599717,6.218916973610493,2.720218257093845,39.121045449584585,19.638332722306757,18.788449561812975,12.092661999894055,5.982255886489134,2.7261753831803075
many_moving,76,1722,135.94736842105263,43.226410420661274,563,44.44736842105263,43.26406515161651,39.18761369555641,19.523974682977066,18.703067512682985,12.147312070680023,6.268949926642569,2.7211995116619394,39.12954769445865,19.662955665143503,18.833234884447148,12.143629954452884,6.117788252505255,2.7355155649604144
many_moving,77,1734,135.11688311688312,43.20620522479136,572,44.57142857142857,43.313031887089025,39.192447853584824,19.598828789257563,18.77374903457576,12.13061812978626,6.2387365569488935,2.7357633797474996,39.1680356269559,19.675281242297622,18.841672185664983,12.178799597360861,6.207466448499084,2.7343176712481494
many_moving,78,1766,135.84615384615384,43.25896614744795,581,44.69230769230769,43.24941916919465,39.24341375186607,19.65385674185589,18.80387175242984,12.124553439499788,6.134645393978767,2.739959037188121,39.103291320751964,19.740905068045674,18.893428155614764,12.188151406511015,6.089815198693171,2.726293048891585
many_moving,79,1779,135.1139240506329,43.261765317751674,585,44.43037974683544,43.26164304893134,39.19821658517593,19.70676221024435,18.858557676522796,12.226462959460676,6.365783041390238,2.7105750968576356,39.12738032099589,19.825275558661595,18.99791428984802,12.224751629386853,6.10098716167956,2.7310083570923323
many_moving,80,1811,135.82500000000002,43.37483576524414,589,44.175000000000004,43.27653029354552,39.28743375723509,19.690466593981405,18.83341586623053,12.255182861041499,6.451887830729362,2.7238980583974133,39.185310363124906,19.84695634358276,19.02297773610368,12.20264866448969,6.145451781061076,2.759466437268929
many_moving,81,1825,135.1851851851852,43.34221421462277,591,43.77777777777778,43.30965011652674,39.277696205912115,19.64907882541219,18.789258129835915,12.19861233179745,6.303925240433348,2.736347309093787,39.244991466007406,19.8713078216464,19.040884632593766,12.205519793175624,6.193290028292526,2.7626287856268266
many_moving,82,1857,135.8780487804878,43.367395889570496,594,43.46341463414634,43.3491588345571,39.282361670557,19.77748271991903,18.91930763191176,12.274911204141773,6.434216617963328,2.7367003309577496,39.27758781907939,19.926494688998847,19.08993420731263,12.25628486420898,6.303632964829768,2.7558161286846805
many_moving,83,1871,135.25301204819277,43.345824296134985,594,42.93975903614458,43.345791682959195,39.24425868426367,19.910551539419743,19.083024692604898,12.328409387831597,6.47527786164956,2.745923699711089,39.26289945137902,20.010883178691458,19.160542951821277,12.29660719335283,6.340463694755982,2.752140136420872
many_moving,84,1905,136.07142857142858,43.36856977432156,596,42.57142857142858,43.31074276051701,39.22179809075369,19.97851203171969,19.12648343713429,12.369977037477726,6.455515455529839,2.7387258379447674,39.231140402414304,20.099708479959677,19.248381373573416,12.330390163494078,6.425845695146533,2.744700628421657
many_moving,85,1919,135.45882352941177,43.300933533590104,602,42.49411764705882,43.30390744688675,39.16719977043747,19.888748497330972,19.066945410985042,12.318746407031313,6.497387114272881,2.746456339705177,39.21631169404415,20.11992786920019,19.257510573681618,12.32619100946188,6.373149667634427,2.751007345761157
many_moving,86,1953,136.25581395348837,43.382893632133786,609,42.48837209302325,43.36744866539414,39.248767918731915,19.878493681761114,19.069607607968706,12.361323303281504,6.599621223808005,2.763582929093019,39.278628497105906,20.126344974642944,19.26108463889542,12.370944968616229,6.4289266426826925,2.7557587636976195
many_moving,87,1964,135.44827586206898,43.42815437254148,614,42.3448275862069,43.30006212890618,39.33249909978845,19.983291053129555,19.171563071815577,12.431934174194703,6.630453354397891,2.762582845944842,39.229257392731746,20.154325082889553,17.653521407436493,12.427625071849219,6.592154294053257,2.7517806386761885
many_moving,88,1996,136.0909090909091,43.340349473054935,620,42.27272727272727,43.30609012953361,39.27163640795884,20.061066359550114,19.247078573860176,12.478917690696676,6.783896684432128,2.757935842847734,39.21148155469782,20.213343937733374,17.72148326998347,12.469271095042975,6.654282420599,2.751778501953855
many_moving,89,2007,135.30337078651684,43.36802354568173,627,42.26966292134831,43.29939640196784,39.31657680232254,20.090162741051483,17.592075261946167,12.525004468002116,6.857725705498817,2.76859423669955,39.22414940410312,20.17729401677846,17.72359355380897,12.479903364129589,6.643425220972908,2.759209017980367
many_moving,90,2038,135.86666666666667,43.425141223863264,633,42.199999999999996,43.321220339703565,39.38444272522723,20.06143164042817,17.589283656354276,12.544319245651325,6.834515653332574,2.7588881047351514,39.24315331037801,20.16224411316252,17.775028568876035,12.501435147878391,6.6631980934603146,2.762420365559263
many_moving,91,2050,135.16483516483518,43.37818572432617,638,42.065934065934066,43.31768530183034,39.29411462005866,20.092986485013185,17.656693114756223,12.558503611937267,6.854730199795768,2.7580667440441493,39.23136795870503,20.145148975075937,17.770488057413527,12.534288175317478,6.745436276444865,2.7576752058293494
many_moving,92,2081,135.7173913043478,43.32490747529541,639,41.67391304347826,43.32306921305692,39.218887440325474,20.11422332075646,17.66500111500193,12.609215200597497,6.9163888520760315,2.7777302017750745,39.232559257557476,20.15691142592882,17.801022326437767,12.553118189098177,6.749684730765304,2.7614816761254795
many_moving,93,2094,135.09677419354838,43.220995512961,640,41.29032258064516,43.32318966524895,39.12295138471039,20.095376721768897,17.69157495414497,12.566226881343786,6.8402132214061515,2.7728045451814807,39.228653716180716,20.170323352321205,17.819192069772406,12.580537056885273,6.800532950127042,2.765726588092933
many_moving,94,2128,135.82978723404256,43.17309275102565,641,40.91489361702127,43.31788609336183,39.11557491544139,19.98225124997058,17.61691156357953,12.583654365081046,6.905014934022747,2.7671203323685196,39.22386520160377,20.170007522948175,17.826862012804007,12.592705813888491,6.8036739144828156,2.76745994100747
many_moving,95,2141,135.22105263157894,43.26050903347306,643,40.61052631578947,43.328908374285795,39.19229089767363,19.95593258852044,17.59579036779535,12.61286446840412,6.862377503260147,2.76433836614559,39.230815492153525,20.169473945630596,17.825066396816023,12.639715445365855,6.8103369594756105,2.761554274409877
many_moving,96,2173,135.8125,43.29558689138179,644,40.25,43.34127981328658,39.25819328321087,19.948470109558,17.59220564437414,12.580810214888933,6.82855422653344,2.7782272401107133,39.242438064052195,20.17460130336282,17.835000030786645,12.666979812887012,6.826271211146071,2.763304049700177
many_moving,97,2187,135.2783505154639,43.23710610837749,647,40.02061855670103,43.30544748834224,39.22248656993601,19.9732906180474,17.56284689439861,12.578667347717523,6.868418020649041,2.7650581290214347,39.1918919302546,20.117537675035017,17.758197746083614,12.673685526283172,6.737990382221461,2.7623425628316505
many_moving,98,2219,135.85714285714286,43.27660620668023,647,39.61224489795919,43.30949086390112,39.27360520235733,19.949768079737062,17.57021768736916,12.571236415041868,6.740870229365101,2.7638842574103086,39.19520774152449,20.07038868789441,17.703195271971897,12.686824144704927,6.696455400698519,2.767005619268555
many_moving,99,2231,135.21212121212122,43.26121712191564,652,39.515151515151516,43.32692826975128,39.220253317258354,19.934952944027824,17.52474275571235,12.588851276084482,6.733843357225281,2.7360564523178135,39.22167959782426,20.02160500816587,17.663270747835703,12.679131809254164,6.710965206089056,2.782162205376785
many_moving,100,2264,135.84,43.31819776412717,656,39.35999999999999,43.31107420905853,39.303084692128,19.950473660615764,17.593141772351082,12.575010643545834,6.662000256000675,2.7677499334910727,39.203910561492506,20.01586935871149,17.657018621920315,12.69283722557707,6.747940813385534,2.755761148498496
many_moving,101,2277,135.26732673267327,43.261824211458425,661,39.26732673267326,43.32217036268712,39.259666866957275,19.947586429475827,17.691531958189803,12.588608726433659,6.790338398030292,2.7557147004821823,39.222277224410405,19.998090238086547,17.644833627426888,12.69285975305871,6.7944225273639365,2.7744231185642114
many_moving,102,2308,135.76470588235296,43.139503753692296,665,39.11764705882353,43.31784358419159,39.129831845723245,19.935861422401537,17.626530175472922,12.594269624990279,6.835474316698641,2.7583537245996843,39.2211412471423,19.977974525288346,17.627191618869944,12.701970290507843,6.793898419287236,2.77035484865901
many_moving,103,2320,135.14563106796118,43.18304723468965,670,39.029126213592235,43.33273176128684,39.17392033289425,20.023720216949023,17.724716319677263,12.658788090364308,6.948297837084644,2.759216671572132,39.24408992134296,19.99545722530073,17.635605314533173,12.690197679384628,6.722211089763621,2.769023847393138
many_moving,104,2352,135.69230769230768,43.14640259385709,675,38.94230769230769,43.312986418342994,39.13583344358755,19.989843971441154,17.63379490319934,12.647654721668866,6.910663648260443,2.746794898027511,39.22539085200619,19.994297841012212,17.63519242342903,12.702895482635679,6.75279172850445,2.7724277030047233
many_moving,105,2364,135.0857142857143,43.21781219257012,681,38.91428571428571,43.32024605304757,39.19845077039155,20.0028977517482,17.644693328922255,12.683099310757399,6.7749723467161775,2.7549026312447285,39.242811988169805,19.977635964200793,17.63105091288879,12.713477956280508,6.799467448591303,2.7633016198432583
many_moving,106,2397,135.67924528301887,43.22816925919329,681,38.54716981132075,43.27652500010242,39.234142755755876,19.960448469449894,17.700001868896194,12.682701084456323,6.77586085827483,2.7523964051746796,39.23979064851217,19.932306464959535,17.558760834522822,12.722739383299695,6.782160396840484,2.7678705309380485
many_moving,107,2410,135.14018691588785,43.085340536935945,682,38.242990654205606,43.251616417414674,39.123985619611126,19.900811507369195,17.621495146844556,12.651620331484114,6.865319883979309,2.7513182048497034,39.23339437053733,19.895331956489567,17.518257332633155,12.704655030323153,6.749638534524146,2.7631059560827778
many_moving,108,2443,135.72222222222223,43.13590048600472,683,37.94444444444444,43.23530949180088,39.17843104049189,19.802014154796943,17.491364857959713,12.646024584200232,6.733139136608405,2.772648338146065,39.21941704005926,19.895901083124414,17.508864851817897,12.699102838382393,6.758152388664691,2.7507056785935946
many_moving,109,2457,135.24770642201835,43.11515731264321,684,37.651376146789,43.24132935646675,39.12538339044679,19.923208089129165,17.618806019902173,12.7831543434855,6.942106899774322,2.7605669981033167,39.23547302897071,19.88386250154283,17.501793083357747,12.691435583316613,6.737354041890227,2.7492472062642426
many_moving,110,2490,135.8181818181818,43.17503156080994,685,37.36363636363637,43.20776785589986,39.16175723282203,19.947879737537455,17.591298831233576,12.804532385173394,6.923235770156042,2.7493458110858806,39.21654517003854,19.86384985931996,17.492486225897363,12.664762157789664,6.781369203468846,2.7574191080401063
many_moving,111,2504,135.35135135135135,43.15505444494639,686,37.081081081081074,43.17186394192189,39.172376694879766,19.907225164857586,17.636786524581975,12.758479695620276,6.861345456259117,2.73088503180342,39.19208948978465,19.838829817201205,17.475401335859466,12.65518324101657,6.774117471340567,2.7540046444443225
many_moving,112,2537,135.91071428571428,43.15192291738612,689,36.910714285714285,43.210018166439184,39.1917427985981,19.942542043408004,17.700256535584913,12.752102243071464,6.931081642164169,2.7486538271197487,39.249276199275215,19.874231141992208,17.537803425794355,12.664327086796257,6.824501836570856,2.759042553898339
many_moving,113,2547,135.23893805309734,43.18640841272925,689,36.58407079646018,43.222834767382786,39.24337199515744,19.888917458579822,17.67625655604726,12.71268461469251,6.935609292002839,2.757691317459791,39.27944481474082,19.89165125718542,17.569524423513233,12.689282838435913,6.8869417953144545,2.7560647300088865
many_moving,114,2580,135.78947368421052,43.15410211576556,689,36.26315789473685,43.22231756695537,39.204655571281236,19.85807941677581,17.624215028604333,12.755926715059791,7.066274137711335,2.756396706255164,39.292655744726694,19.89089903989321,17.58379515562291,12.691170117257354,6.908303482354178,2.7544901055994164
many_moving,115,2593,135.28695652173914,43.12304161523618,689,35.947826086956525,43.215905710659676,39.18933544014051,19.88696830276518,17.68983297821232,12.720806913215206,6.9923719484422815,2.7648052073283162,39.29808494882481,19.88469439086684,17.587917499058992,12.694314185476856,6.926947891771548,2.7528364569877124
many_moving,116,2626,135.82758620689657,43.01854923450121,692,35.793103448275865,43.164652461473004,39.10873757010904,19.784005195286035,17.625920315326635,12.744205011195545,6.995392703726345,2.756799172133379,39.25786020289373,19.848914734767682,17.54885693637909,12.665064289769333,6.8548335347378435,2.7498901409191663
many_moving,117,2640,135.3846153846154,43.06908208657081,699,35.84615384615385,43.167763186053946,39.1567770722885,19.853368373604837,17.654859067109005,12.833290014037948,7.127786991869091,2.751595739308498,39.289185543359835,19.83564573717825,17.52667848830541,12.683441320315577,6.887339875870844,2.7475019580254036
many_moving,118,2672,135.864406779661,43.06773074187382,710,36.10169491525424,43.18967468367048,39.164595085044866,19.830317090228988,17.63354657238971,12.843156997269633,7.153158897490753,2.742403444952743,39.273666922305324,20.021522916436993,17.72572137505394,12.70552228034226,7.034015246056441,2.761429007242354
many_moving,119,2685,135.3781512605042,43.10130200575632,720,36.30252100840336,43.16597943663086,39.17864730686237,19.76934961455766,17.555197013795087,12.79764912704362,7.094288929732841,2.742068315239876,39.25455302326136,20.026521698928008,17.701089582335545,12.732911410052075,6.957112143215153,2.7698354858201713
many_moving,120,2717,135.85,43.15537837102452,731,36.55,43.00899712202566,39.23911116930048,19.832396196601184,17.64499998289353,12.769629942013502,7.067362377689465,2.7441266926786088,39.113772463400636,19.991216976492442,17.635465254823266,12.697285103691959,6.878008203118796,2.7357993442944424
many_moving,121,2730,135.37190082644628,43.09303828087529,759,37.63636363636364,43.058972013000115,39.21028005025144,20.014153756877846,17.63105400943508,12.932835183716666,7.1253729918407505,2.7230350557952505,39.185859253813945,20.249135184444484,17.798759465386986,12.814126924825622,6.7884115036294785,2.741841144623642
many_moving,122,2764,135.9344262295082,43.18772681630476,792,38.95081967213115,43.038903280724725,39.35991367523549,20.219785240381878,17.803129901936906,13.074281641583525,7.055265812265633,2.7386382530328452,39.22481210814094,20.486939086524607,17.88368790871325,12.889589813567,6.910536054536471,2.7141560780527305
many_moving,123,2777,135.46341463414635,43.173776603575256,826,40.29268292682927,43.08471221880785,39.41403172062017,20.336674335996403,17.88097616688476,13.169345168886643,7.2550261200716095,2.6973772118631367,39.32056542672005,20.775864040454117,18.063535810117408,13.02830769942241,6.909037212662698,2.6986838389950685
many_moving,124,2808,135.8709677419355,43.111129494582016,861,41.66129032258064,43.044560311883274,39.42559428117245,20.390758054602667,17.902825461988225,13.275905185301813,7.049178348246429,2.680228401260092,39.33668109624934,20.993219901265803,18.175850723731305,13.164272152132357,7.027178486202375,2.674173934474361
many_moving,125,2817,135.21599999999998,43.08737776480268,892,42.815999999999995,42.915644345690566,39.460798059263944,20.561454724354004,18.011047972761315,13.33665854681525,7.199671391520206,2.65057239243238,39.27828318019561,21.117544522854384,18.239367641704312,13.342461011356658,6.974849856811894,2.619583904840706
many_moving,126,2848,135.61904761904762,43.022662375608185,925,44.047619047619044,42.8799471225601,39.42691040089829,20.7121006053512,18.12894969787172,13.470547262883926,7.325024176035691,2.6203594331355085,39.32194779050472,21.36412200077653,18.445567089355684,13.42606949362949,7.349112106342599,2.6166356605053718
many_moving,127,2860,135.11811023622047,42.958066344595025,957,45.21259842519685,42.821309982454146,39.43070984314425,20.871455955059872,18.29279910954387,13.635037817064669,7.271224799603105,2.59392697527085,39.32219103463741,21.61363785084877,18.590738797114845,13.570314823769051,7.282903865923483,2.582167827388941
many_moving,128,2891,135.515625,42.91567952983612,987,46.265625,42.81134506289036,39.45171843412025,21.02478873746187,18.459886121942205,13.780331287356846,6.94477011994803,2.5845638761779486,39.37914219390497,21.720338250016443,20.35276598633531,13.758414864633762,7.396409363347277,2.5415286201500984
many_moving,129,2902,134.97674418604652,42.99075631818446,1018,47.348837209302324,42.77108805075063,39.59101991786082,21.16753471128527,18.600856724931855,13.955958789822196,7.558470288979167,2.514279826025672,39.40714264050307,21.844760365441246,20.407403945586573,13.926051992856264,7.332915734329138,2.5146655428245244
many_moving,130,2931,135.27692307692308,43.071811723712514,1049,48.415384615384625,42.80667822282963,39.76516381293418,21.285878334876887,18.724978901398867,14.078545308248511,7.295848767894471,2.511570548615655,39.50299432640886,21.884842885704558,20.366901620546926,14.051834199730825,7.374800899311767,2.495011883912011
many_moving,131,2941,134.7022900763359,43.07381706379981,1082,49.55725190839695,42.762239325863156,39.798652997427574,21.399971034396497,18.763277265115086,14.220375373673303,8.25095479500605,2.4910819126653982,39.537597315596045,21.972119393797225,20.354791578141743,14.19221926866027,7.445480304104519,2.4414309660203903
many_moving,132,2970,135,43.13894098011778,1110,50.45454545454545,42.90317910538211,39.869513469985954,21.584756214508683,18.869793798355577,14.41554734740877,7.9261509200098255,2.502136425019976,39.70782458511778,22.00970654626688,20.29832038762326,14.333094790161232,7.707807572780752,2.443950325473007
many_moving,133,2979,134.39097744360902,43.213606945459375,1142,51.5187969924812,42.90295075033848,39.97651774938841,21.698953109388967,18.925416763343996,14.605408806621206,8.701676843963627,2.502490043298895,39.736406358108084,22.071583010169597,20.268288958159037,14.538550546593523,7.854549782817145,2.4127314174632124
many_moving,134,3008,134.6865671641791,43.267614324331056,1174,52.56716417910448,42.938216701124574,40.038241437190635,21.775630042740794,19.003968772327536,14.845817550228334,8.4319018771484,2.4904025465295643,39.7870676173037,22.017945607795856,20.14864458580716,14.729873603241572,7.976020931411395,2.405442985643776
many_moving,135,3015,134,43.268089397997606,1204,53.51111111111111,42.91426258331244,40.057169341051626,21.83253255758182,19.076323220790528,15.01403189900297,8.839499579656337,2.5070878589090797,39.78547825654986,21.954037213854523,20.02262177301713,14.8784848094724,8.172412744444422,2.372562714015154
many_moving,136,3044,134.2941176470588,43.20876903808103,1234,54.44117647058824,42.849032854474395,40.01336804844034,21.831888424538924,19.136622149113435,15.173973691045148,8.652990984592456,2.5198955165203727,39.70586483035387,21.948142512831744,19.994019321507153,15.016258223276358,8.151396425700053,2.350258170131471
many_moving,137,3053,133.7080291970803,43.17583706432348,1265,55.401459854014604,42.85228387461224,40.05599840585368,21.853412341948534,19.244980495014524,15.283198435152308,9.535554457069901,2.524481209279813,39.7471762329981,21.906332684444486,19.91554647432279,15.061156525171727,8.105456268368961,2.3517226951984957
many_moving,138,3082,134,43.14183420826175,1296,56.34782608695652,42.838537864663614,40.053715950359106,21.888088463179372,19.331412225271357,15.399946094175,9.274859214628094,2.6127677626704346,39.75737916012595,21.860739931891395,19.870447966704454,15.111307020570479,8.126271373118911,2.36395149482166
many_moving,139,3091,133.42446043165467,43.10737686160291,1322,57.06474820143884,42.81048086747566,40.01972771691837,21.963506966086356,19.443687928265927,15.525883755929451,9.289689671256781,2.5519505049165394,39.762152886092935,21.79843666310819,19.81875153983167,15.163483080221228,7.992719750184262,2.3562392039950306
many_moving,140,3121,133.75714285714287,43.09463769223566,1349,57.81428571428571,42.85068522663476,40.038473201601775,22.062781542880554,19.599214798575314,15.606968234441513,8.984210712863439,2.397610392484821,39.814971046923134,21.718779285035207,19.760697724002608,15.198398851776291,7.889457114249741,2.2566945159379066
many_moving,141,3130,133.1914893617021,43.03658660503984,1377,58.595744680851055,42.82801314835727,39.994502681603365,22.174172552553177,19.74047162782415,15.677958546251347,9.172649341680563,2.226384066531801,39.816500457281684,21.707312893432125,19.77322458339318,15.252262791040476,7.770728173673924,2.1374880327796686
many_moving,142,3159,133.4788732394366,43.03818372597829,1404,59.32394366197183,42.79328692676376,39.992346654558844,22.32120665890999,19.89587711406118,15.775344249280124,9.00075393814728,2.211933461220189,39.81106556452833,21.696563992811292,19.81606115084424,15.330517703223816,7.617395885481135,2.1532175840261183
many_moving,143,3168,132.92307692307693,43.041007396816276,1432,60.08391608391608,42.860094164196845,39.97827167187404,22.498695217502526,20.018467117395325,15.912681165016236,8.984193021647744,2.213108839029659,39.894893598294516,21.67638015235362,19.833992184429494,15.409369080723627,7.640457022647009,2.1226978253405395
many_moving,144,3195,133.125,43.02665784669987,1459,60.79166666666667,42.88498479953885,39.962978358913546,22.508642807299147,20.888504976601446,16.049379316538634,8.85444644137937,2.2303993005538088,39.93336347034817,21.66508813640744,19.889499597289436,15.572869334688743,7.492009884790357,2.0972459824246417
many_moving,145,3203,132.53793103448277,43.05996519903667,1485,61.44827586206897,42.9425068323878,40.01155621354562,22.47618091819437,20.910882087246602,16.181513901709767,8.779238592450431,2.1970373716410054,40.00522321481184,21.67136482107047,19.956521447020528,15.753056051310285,7.697294733961741,2.083445908204431
many_moving,146,3230,132.73972602739727,43.05838473457484,1515,62.26027397260275,43.02850765218761,40.024092876526346,22.43497440234856,20.92476274976389,16.29994972630838,8.576857088087399,2.193783196558034,40.10020118681898,21.66887160554927,20.02320488364445,15.900202893716104,7.5156918424295265,2.093784842376584
many_moving,147,3238,132.16326530612244,43.048594312151,1544,63.0204081632653,43.17060585970428,40.03966934108695,22.402289358517194,20.947735512320413,16.478900387151704,8.228954840961944,2.165431335925666,40.2395346445147,21.664135519549312,20.09490151428562,16.066440528958008,7.042080396753367,2.0726324850010047
many_moving,148,3266,132.40540540540542,43.060554680610316,1576,63.89189189189189,43.284649779969826,40.04603110821287,22.426530765816405,21.049072860362436,16.622147621121538,7.854397816343241,1.9865458097861923,40.33169771990159,21.694922446424354,20.203665224956268,16.19784462723108,6.8044922196299735,1.972413028213403
many_moving,149,3272,131.75838926174495,43.12746998155292,1608,64.75167785234899,43.41446834309233,40.129397757408746,22.511265115740677,21.188072365926878,16.800170673863636,8.238838212747583,1.7319248754913354,40.448258335390264,21.726563954943334,20.304418647562727,16.335138307286297,6.8789442939661996,1.8455684510069346
many_moving,150,3299,131.95999999999998,43.22886085222366,1638,65.52000000000001,43.54098695543529,40.243083995938576,22.59020979091236,21.31334231449588,16.96178950911932,7.969461318761091,1.7017369126365527,40.566836030371284,21.76518022037609,20.398053613854508,16.458324475513685,6.510669405865937,1.7949451609269362
many_moving,151,3306,131.36423841059604,43.312487486368774,1665,66.15894039735099,43.65490962582229,40.34593671460709,22.612783660883455,21.378294647833894,17.090537403897304,7.418929123095657,1.553312353667621,40.716837929438626,21.744731840868823,20.406409060212763,16.472834281623754,6.097108125927653,1.7113896855904736
many_moving,152,3331,131.48684210526318,43.38968844924571,1689,66.67105263157896,43.74272788518452,40.41714289939205,22.633013876866,21.450026627905192,17.185732540022176,7.11584389503718,1.5832804488618717,40.82842569152716,21.716768003489694,20.430313698627735,16.479045859356162,6.001842803842191,1.6374143925002227
many_moving,153,3335,130.7843137254902,43.494513834142595,1715,67.25490196078432,43.77726430973863,40.50879873351285,22.65306247642691,21.51732425076309,17.24686180317503,6.40303903061709,1.5680986049851584,40.87282899149285,21.735139209032813,20.496771322560072,16.538612278075327,5.577436746736393,1.6639801718327558
many_moving,154,3361,130.94805194805195,43.60592869835089,1738,67.71428571428571,43.82705692362245,40.63345207220385,22.683298556117833,21.569087864508106,17.302286328448947,6.207637127111193,1.584899965986494,40.92914437421291,21.7580223037381,20.56246319488374,16.567489339720307,5.109798282521192,1.686134088036995
many_moving,155,3366,130.2967741935484,43.67330135881866,1761,68.16774193548386,43.90399425197992,40.664735706269845,22.782185452067647,21.697949032615252,17.459375137287193,6.715846964040977,1.5868876492691744,41.00280892082525,21.790219087446193,20.635389175215373,16.610301902314877,4.798089274536089,1.712890678390793
many_moving,156,3391,130.42307692307693,43.7168424012939,1782,68.53846153846153,43.93027835317804,40.68418794780705,22.853320657914136,21.797073909199305,17.633596383367124,6.592332495407898,1.5523685236709062,41.02947303331754,21.813449486637534,20.69045248755035,16.67488391670128,4.528658793066042,1.744594639819193
many_moving,157,3397,129.8216560509554,43.81080983167022,1800,68.78980891719745,43.96595212666086,40.750682478641714,22.993756521049985,21.95402748540139,17.71514869034379,7.053651956676631,1.5120552025469756,41.05792739350398,21.803124053184476,20.711407941863605,16.799957982398794,4.555402385379243,1.7846674439269634
many_moving,158,3424,130.02531645569618,43.919635111008546,1817,69,44.015702220215914,40.83594847189615,23.110135326750846,22.08392299298578,17.83626072608105,6.301824422213002,1.635660429130989,41.094836115609894,21.84199865508914,20.778285404491598,16.90496627433264,4.563422710127273,1.8190573725722654
many_moving,159,3431,129.47169811320757,44.03122529655782,1839,69.39622641509435,44.094774699851165,40.90982399350114,23.189731175963626,22.1808282669459,17.9378936488402,6.354040290372347,1.7577599350337194,41.15418869264872,21.867694902032486,20.827481336784295,17.021904274537178,4.312589615751703,1.8844502054114665
many_moving,160,3458,129.675,44.18137826229458,1862,69.825,44.17554637248036,41.047184460400175,23.26652881175676,22.25771903081449,18.041966643348434,6.537162614139997,1.8304915172673815,41.20438928321333,21.916133251830416,20.896627626148398,17.128426971353985,4.445689951080646,1.9292922940602137
many_moving,161,3465,129.13043478260872,44.2546273361686,1885,70.24844720496895,44.23497100343101,41.08444797767008,23.387785553952593,22.384080804193324,18.19424193349412,6.9473380216011975,1.8928326375666222,41.24236390315922,21.925810774840233,20.92572540478603,17.252950217647903,4.485948377338403,1.9271080159912928
many_moving,162,3490,129.25925925925924,44.408845558487286,1907,70.62962962962962,44.32912503382244,41.16330724711521,23.522980327319328,22.530902130720083,18.34037171554325,7.147158015927973,1.9807026714169642,41.29810293617095,21.903988706330548,20.923804372416807,17.349328097338102,4.854746150240693,1.931587835014381
many_moving,163,3495,128.65030674846625,44.54141551639142,1928,70.96932515337423,44.425902465068226,41.255925814087014,23.624895161318594,22.638005941675726,18.415580885878605,7.275686199558846,2.0255390553292414,41.359676891757445,21.931937642074615,20.96458140922868,17.460751404933305,5.044220120290395,1.9709724512496407
many_moving,164,3521,128.8170731707317,44.66999597140694,1954,71.48780487804878,44.51170323607378,41.29924404301737,23.765600385890213,22.796984439477985,18.50694247573996,7.360692581946634,2.080050045281026,41.4049397216842,22.01613197991684,21.04930481559507,17.536626459020066,5.341502768551523,1.9914094483440907
many_moving,165,3526,128.21818181818182,44.79227927513287,1980,72,44.56689357455423,41.38943739828212,23.89520298366585,22.917048828062143,18.592535293692045,7.5107347600933725,2.133847638717635,41.41185528625132,22.084288672690608,21.13127030113498,17.59663735808222,5.677534758512825,2.0354165021398396
many_moving,166,3554,128.45783132530119,44.78628901942054,2006,72.50602409638554,44.68068480810065,41.353816467309564,24.055110300297617,23.077567497026145,18.712868597916035,7.160247058930061,2.158180939711923,41.46777162284336,22.143424688131997,21.200095613951625,17.688123243330683,6.154243919514865,2.038934061632755
many_moving,167,3563,128.0119760479042,44.794248430422655,2035,73.11377245508983,44.6915723812083,41.363488559217465,24.24053972843496,23.247989541342143,18.70034523322845,7.610622940577415,2.203563674842633,41.441367653230465,22.174182886368015,21.230980407856457,17.72656601601903,6.535248622489097,2.0529212999116884
many_moving,168,3591,128.25000000000003,44.82115208719318,2061,73.60714285714286,44.68928926117025,41.33771982395639,24.431783527956377,23.441548698618778,18.718989001017295,7.7363038069109065,2.221703160957651,41.40619808614411,22.306778886377902,21.356774793994372,17.745921279228632,6.871070203807044,2.094927261990948
many_moving,169,3599,127.77514792899406,44.829203978028474,2089,74.16568047337277,44.77688550327285,41.30675206906366,24.593817764328097,22.157807955093507,18.7570713675071,8.134213747153314,2.2008000351629184,41.456329903638185,22.425503148748312,21.475762147165547,17.753767936441648,7.1943835743782705,2.0982552154954526
many_moving,170,3626,127.9764705882353,44.828885641900364,2110,74.47058823529412,44.75975136256624,41.30519350381288,24.58918459507418,22.188417066049986,18.749558578122034,8.24774805048832,2.2131586566188792,41.408723106684825,22.545459614135247,21.59835995045368,17.786465609686672,7.50265065835991,2.1352640020230655
many_moving,171,3633,127.47368421052632,44.83400085696097,2131,74.7719298245614,44.76190494999495,41.2892535455555,24.58224091906614,22.22654829469747,18.702216086240917,8.676724389854385,2.22332119928011,41.39022630976813,22.751011067160665,21.780672300285556,17.787603663433906,8.001687428304624,2.144915163438608
many_moving,172,3661,127.7093023255814,44.83416587678749,2152,75.06976744186046,44.76517892041374,41.297679246115806,24.569980130461975,22.24879637712127,18.648934041871744,8.894654477308574,2.2137427132588154,41.36618549390405,22.881243916758013,21.910000334195484,17.823961408263294,8.18662928518074,2.1059927067682795
many_moving,173,3666,127.14450867052024,44.800596653422396,2173,75.36416184971098,44.811618807330376,41.24113471294156,24.492903489296644,22.175175071034776,18.640788301794597,9.16772490352786,2.1888209201987303,41.38483029438593,22.95960291937151,21.980151680223152,17.839106291374907,8.530091076119723,2.1045568290885464
many_moving,174,3692,127.3103448275862,44.74761681295318,2195,75.6896551724138,44.84079608216041,41.24709350337477,24.431731572509733,22.137147638620075,18.646315554445053,8.96386382003124,2.19654411650505,41.39042226153164,23.051294160777825,22.058937641091227,17.835370852197155,8.551936510208009,2.077631062745054
many_moving,175,3699,126.82285714285715,44.70232853570692,2220,76.11428571428571,44.86403243078578,41.20627843660682,24.43934128500241,22.229195173743328,18.649554986703656,10.133032477936037,2.255282867508699,41.372312897110234,23.0909550277917,22.111404920183595,17.83344219445996,8.677881181735565,2.027375020169901
many_moving,176,3727,127.05681818181819,44.669122539071786,2248,76.63636363636364,44.95020731171407,41.15862680511107,24.295172216801195,22.174910073026453,18.65613607911844,10.025491972157065,2.1947400105927737,41.43344007494866,23.13026690969686,22.127252526275193,17.873411593398345,8.64796591956245,2.0240584088651854
many_moving,177,3735,126.61016949152541,44.68521914180892,2270,76.94915254237287,44.98644691936538,41.17378606772172,24.19995198770739,22.102517358069,18.621513726310077,10.048472039835392,2.1162881529997497,41.45546867245813,23.202151229436158,22.153129914530986,17.88118201859122,8.510990837092285,2.0022230150935454
many_moving,178,3761,126.7752808988764,44.6702853979856,2291,77.2247191011236,45.00323401192283,41.158894525704014,24.081918347259354,22.006216878238455,18.609609207065244,9.80995242504816,2.1164572716812122,41.46824880646697,23.216511962614582,22.12594582509228,17.897785547507382,8.426234713435596,2.019879874739838
many_moving,179,3769,126.33519553072625,44.701756636302406,2310,77.43016759776536,45.02915621243235,41.167419803378564,24.015743123348646,21.92165353176377,18.591794842777443,9.620906666938845,2.112057363961962,41.49337850075439,23.20368614600797,22.07391774106159,17.93609555720993,8.361742468432082,2.0456700927995235
many_moving,180,3796,126.53333333333335,44.697411374279426,2333,77.76666666666667,45.05943686156398,41.16765108818959,23.903727827250428,21.80205546290592,18.6158088722837,9.288366635034915,2.10395470539085,41.50822226557331,23.261788393937547,22.1276632284286,17.973532028865534,8.30149325400902,2.0636936763153875
many_moving,181,3803,126.06629834254144,44.65644798434251,2341,77.60220994475138,45.060237771637794,41.10956094287583,23.83465336341224,21.742023088060268,18.589575673343465,9.473856503624258,2.1151585604966385,41.5172678580189,23.25339290347273,22.07627262302531,17.95438698151797,8.1329386643735,2.0655374032065
many_moving,182,3831,126.29670329670331,44.63069462299779,2344,77.27472527472528,45.05736774588715,41.0742779828951,23.759689384264735,21.660246098877195,18.55020145991838,9.24862924311799,2.115804349146882,41.51332101208335,23.257266915149803,22.05137906079282,17.93072402484287,7.944629787536589,2.0616384552541396
many_moving,183,3838,125.8360655737705,44.707025815460774,2344,76.85245901639345,45.073022008432844,41.163654519121025,23.679712286145435,21.55113857444271,18.52733469774074,9.154817732017282,2.1001502172292534,41.52456906760963,23.263143167354606,22.038213203919273,17.898778649583964,7.818058098398378,2.070930577521553
many_moving,184,3866,126.06521739130434,44.74848881686891,2344,76.43478260869566,45.101282065807,41.229937009267715,23.578134918281428,21.422471412725017,18.485679210867442,9.078094778209602,2.1079632784381976,41.546070822940166,23.272246537900834,22.03752185550021,17.859845366400044,7.731442014347964,2.0796693840782474
many_moving,185,3873,125.6108108108108,44.635735199885886,2345,76.05405405405405,45.13746856620681,41.154997648605544,23.385267747101448,21.235202466836878,18.510469219479795,8.701927924806721,2.0827364051124415,41.57576738156292,23.286212489029218,22.046703546198565,17.815606656438295,7.674453293840113,2.085883361939318
many_moving,186,3901,125.83870967741936,44.602552705040935,2345,75.64516129032258,45.17908336532989,41.12619308476099,23.28118008427932,21.13331628352867,18.480482199087266,8.484888651802093,2.115334313532942,41.61246825627224,23.300850944358768,22.060138633477933,17.769368784867694,7.622913436138244,2.0934522215482656
many_moving,187,3909,125.42245989304811,44.605185783038124,2346,75.27272727272727,45.22358408671438,41.13669820351076,23.174464413555494,21.03047652568068,18.45412382650984,8.336910979627616,2.1165924977643495,41.65405406086809,23.317419779647118,22.078233587143682,17.721842080323526,7.5752092471933326,2.1006525876550635
many_moving,188,3937,125.64893617021276,44.70269598977002,2346,74.87234042553192,45.26961374457241,41.20970987466571,23.12874226220294,20.969721147073418,18.361468741348546,8.276914212696298,2.1461872292055326,41.6991456763284,23.336271343494108,22.100738045827352,17.67356583120564,7.52955914580776,2.1074898486158964
many_moving,189,3943,125.17460317460318,44.66859636444391,2346,74.47619047619048,45.31628900661212,41.20857984051832,22.961583027725702,20.81426856364768,18.2932075277705,8.170393485564107,2.1621169766264483,41.74657558933959,23.3576112616506,22.127633567013973,17.625080081916852,7.4843526183719105,2.1139999790361297
many_moving,190,3971,125.40000000000002,44.68334376371066,2348,74.14736842105263,45.28434158616808,41.23460466667244,22.824152009223383,20.679496849150087,18.232556934173978,8.064387562164658,2.151938993192288,41.74648189474169,23.37920567143063,22.163102105626184,17.603113145627628,7.328985914566797,2.116835465703039
many_moving,191,3977,124.93193717277488,44.73561809489493,2356,74.01047120418849,45.349972229622175,41.30104154371247,22.697659307081324,20.562808800777205,18.18453787348905,7.911752967446683,2.160692391407269,41.832354028336724,23.34841592292414,22.14154013979415,17.54662836935802,7.914780098175399,2.1205799873546964
many_moving,192,4005,125.15625,44.83392340951877,2364,73.875,45.38668373986058,41.38394169349504,22.66069730634006,20.509985605221416,18.115956816264948,7.843479244817859,2.1799919406329185,41.889802761532266,23.290000580506447,22.10098738952587,17.52986493138149,7.636570171134726,2.1040152710228743
many_moving,193,4013,124.75647668393782,44.83472760755429,2372,73.74093264248704,45.326224288532245,41.41013296455448,22.552018741195162,20.395563905947377,18.04546306544794,7.748400974371933,2.1705035206716254,41.84489163041627,23.337481021207502,22.146852731422804,17.522802024419395,7.560061397042531,2.115415455971404
many_moving,194,4041,124.97938144329898,44.88839854077031,2379,73.57731958762886,45.296734566126204,41.47180841568819,22.49733981196522,20.331436493312516,17.96811656082508,7.637180949606865,2.1924777231971575,41.840415608765596,23.37497819792668,22.168828874387806,17.45923666011385,7.67774910435541,2.1322264606660184
many_moving,195,4046,124.4923076923077,44.94554281735501,2390,73.53846153846153,45.31106898278066,41.54357536412223,22.407316736171285,20.229924808367638,17.90768600566512,7.459327079744046,2.165195316161766,41.869777090077754,23.312124845469526,20.703118196389454,17.41066603144998,7.659026935952236,2.1316002291156337
many_moving,196,4074,124.71428571428571,44.93819529818543,2396,73.34693877551021,45.33377265451274,41.55419672896768,22.295635523041867,20.1131659431629,17.867125137015098,7.249162153926299,2.1514615706906035,41.90813989293842,23.288168962234796,20.707041485859605,17.386692017359113,7.7078898455950196,2.143639185570751
many_moving,197,4082,124.32487309644671,45.07432694007438,2400,73.09644670050761,45.34893665898888,41.690075073536875,22.26221810273269,20.079419105057884,17.786721225675223,7.187691938877212,2.1676169204369127,41.9321360241002,23.288207205823472,20.722354750687938,17.355543315130312,7.781370072197236,2.156849096178233
many_moving,198,4109,124.51515151515152,45.14252864458414,2400,72.72727272727273,45.38959508012346,41.77762810956254,22.16529737045111,19.989969932600733,17.732216414179344,7.218958915472696,2.2008189573397416,41.97756899317681,23.29571820866388,20.729741789158616,17.323666860613052,7.855912011246511,2.1587309236392183
many_moving,199,4116,124.10050251256281,45.09641944812142,2400,72.36180904522612,45.433974632933925,41.79058366140876,22.01228570678149,19.868521266592,17.746458863182262,7.087201138712338,2.191916429555013,42.024193414253304,23.29770830218361,20.72577442031914,17.291370788420352,7.916168999244764,2.1596220186539536
many_moving,200,4144,124.32,45.14537789458159,2401,72.03,45.467312853614104,41.82688465860678,22.040053082387242,19.875714113687952,17.7258251244302,7.157457883093086,2.1952736496223904,42.05921344538168,23.297051718729357,20.712920398523494,17.25879559522711,7.992676008081354,2.1629762983470964
many_moving,201,4152,123.94029850746269,45.19163348767181,2401,71.67164179104478,45.5040776098939,41.883056060470835,22.03394342099178,19.840871648536172,17.637348574668962,7.3662772821065206,2.217593366199839,42.09650627819429,23.29262229683016,20.697849618039747,17.227115719739682,8.048158469673545,2.162037331319612
many_moving,202,4180,124.15841584158416,45.22072887056553,2402,71.34653465346534,45.54134386887006,41.90633239064537,21.942613913813982,19.721452279689114,17.587263699136503,7.408820402991874,2.212949024957272,42.13366225934613,23.28513788770383,20.680521740907473,17.195940473260592,8.094107974330518,2.162297810812836
many_moving,203,4188,123.7832512315271,45.282826978639775,2404,71.05418719211823,45.58831777836997,41.928711510082316,21.910874130485286,19.653105513162267,17.54029971041844,7.31265472547458,2.217480340811778,42.210065596026254,23.255863601188125,20.651773313753257,17.162654407109912,8.10229625610853,2.1270967665769818
many_moving,204,4216,124.00000000000001,45.230228856798625,2408,70.82352941176471,45.63364807646378,41.880463038243164,21.853636909616476,19.57891776143662,17.52595880703571,7.2468342791919405,2.215691014940529,42.24584120730583,23.225750696174277,20.624668253232194,17.14289428061124,8.018239662425426,2.178275684414385
many_moving,205,4224,123.62926829268292,45.30737940989619,2412,70.59512195121951,45.669058612680416,41.98297360768671,21.833282459607133,19.546783341436896,17.477555559830567,7.46565115119555,2.2366263784163345,42.279741881546045,23.268935441289244,20.643635664782998,17.11086185806461,8.239370732021758,2.175670007157003
many_moving,206,4250,123.7864077669903,45.283101891024344,2418,70.42718446601943,45.742516793372,41.9639508022055,21.731495329099666,19.451910754840803,17.481924206691993,7.313165526912904,2.228980109555887,42.34442794404755,23.24465741472425,20.603551598158873,17.09152610030446,8.19790381044546,2.1777560334165926
many_moving,207,4258,123.42028985507245,45.253491008331515,2423,70.23188405797102,45.791997468476794,41.89866296718938,21.697031069655722,19.39350740247261,17.525374493198125,7.363280406597294,2.2039787975465965,42.414080103869495,23.2599773731737,20.590718576531543,17.05399309849091,8.243015938093837,2.1897209167527905
many_moving,208,4286,123.63461538461539,45.2614735199815,2426,69.98076923076923,45.8597622122398,41.92313784339497,21.73650372109465,19.414598643049437,17.50997563719669,7.558362017776119,2.244761706610453,42.49581040343289,23.272102765768217,20.60204647695199,17.01207700711831,8.344970242927523,2.1977940298841805
many_moving,209,4293,123.24401913875599,45.31141591487345,2430,69.76076555023923,45.87945686659784,41.97321486480494,21.817064544954317,19.484722928961467,17.498328284408576,7.551262143386942,2.2355817554286466,42.5148288952379,23.245470524821496,20.556281341720002,16.995261629970912,8.370910745871955,2.195514063681851
many_moving,210,4319,123.39999999999999,45.41489485905186,2435,69.57142857142857,45.93657491268653,42.080002433122914,21.81785278950535,19.49643927893535,17.448816942064326,7.602969207365449,2.2275535542748197,42.59894361560039,23.226618718778795,20.54744086255936,16.957481788586826,8.407421861195072,2.199012418780751
many_moving,211,4327,123.04265402843602,45.46778618815326,2437,69.29857819905213,45.983440953958144,42.126214772472025,21.74378932419737,19.407681944254897,17.41946097131986,7.439419839579504,2.2341479699446456,42.65336425687232,23.280447378584263,20.566642980424078,16.88705926468954,8.322842909324269,2.1820284300389807
many_moving,212,4354,123.22641509433961,45.48499847596656,2439,69.02830188679246,45.97409621385407,42.140359090846786,21.703984051265486,19.33863490995541,17.39041884691836,7.48324168458973,2.2389027383181888,42.62695289352644,23.288743766589228,20.565114838448572,16.861557588967166,8.316300305646203,2.1855985850979747
many_moving,213,4361,122.84507042253523,45.45873896164419,2439,68.70422535211269,45.97082179101109,42.11948567606352,21.616210388420583,19.271408924638,17.413983281084487,7.40282288818296,2.224134231082348,42.61304950140099,23.284256360455235,20.557513193238407,16.834762616264666,8.319504533289376,2.1933930554571246
many_moving,214,4389,123.05607476635512,45.49199737395372,2439,68.38317757009345,45.97120598907099,42.1624881992748,21.64233828157353,19.289178605946617,17.404967280864476,7.473560936692032,2.2342415682340167,42.60571168466052,23.273218873786536,20.546961406413022,16.80841791439031,8.316604790667027,2.2014195501708933
many_moving,215,4397,122.70697674418604,45.56313255782671,2440,68.09302325581395,45.985048670540465,42.221756746479045,21.65890025802158,19.262069269788554,17.331557136500585,7.504412805796757,2.2551238541514658,42.61235142586666,23.26148307649629,20.543968413087427,16.7753256218369,8.286144578208436,2.204621926341849
many_moving,216,4422,122.83333333333333,45.555960465934724,2440,67.77777777777777,45.99686271420246,42.221304992715105,21.64860143005786,19.23621824841897,17.305966575033416,7.547976342965571,2.2461735748321594,42.61792587309971,23.246030299834892,20.535033583858194,16.745864995189454,8.274209378064459,2.213034021029749
many_moving,217,4430,122.48847926267281,45.57910736036193,2441,67.49308755760369,46.007263222365324,42.25968593777675,21.664689045773137,19.263554776887652,17.29318551138867,7.645389932745866,2.2484766600283947,42.622715874581665,23.228888136041252,20.52382052785416,16.72902361411285,8.269649360734103,2.220471753062591
many_moving,218,4457,122.6697247706422,45.57472146983392,2444,67.26605504587157,45.99351673342884,42.25072864927498,21.702457525363766,19.28387915289218,17.299249785581523,7.652994250117976,2.2592072305838586,42.60025999284465,23.2373602051428,20.540841468481023,16.73037037019697,8.307298092960353,2.216102829183312
many_moving,219,4461,122.21917808219179,45.5987200987463,2447,67.04109589041096,45.99789665856323,42.28022186106638,21.765337966921326,19.34494140580628,17.319403929464865,7.762864770149901,2.251020494869437,42.60558348213991,23.20345207675565,20.514619796861208,16.719313149767952,8.284484648657914,2.235505737445723
many_moving,220,4488,122.4,45.65662475970406,2450,66.81818181818183,45.98896158950554,42.37131272497551,21.68825680652134,19.292744638666704,17.296357062362823,7.7544058498945425,2.231453271394884,42.58942416730055,23.1655133809113,20.48928452152942,16.715614945541326,8.187295720658918,2.2336338580066433
many_moving,221,4494,122.00904977375566,45.67296382391526,2455,66.65158371040724,45.922590388000664,42.430160489152655,21.541228425701863,19.153590066972054,17.261569861652838,7.766180663580044,2.226224643141156,42.55634611877885,23.04501119914106,20.41147083043085,16.699330934996112,8.192115856278582,2.2360815801170886
many_moving,222,4523,122.24324324324324,45.73300316829967,2459,66.45945945945945,45.880107810035746,42.510320987949584,21.590186560790166,19.16075809950086,17.239114988408698,7.985741644394729,2.2454235618738396,42.50868019402985,23.00625457005027,20.40126234529038,16.691752193028975,8.115375895977424,2.2312964247369744
many_moving,223,4530,121.88340807174887,45.662517624814264,2462,66.24215246636771,45.86117477063368,42.42031370664592,21.572941901691852,19.140010930885275,17.24531437279104,7.907304975698645,2.246452377313952,42.50228226729039,22.938691388647083,20.354159675096106,16.67738956337903,8.06623136402086,2.2406022506777967
many_moving,224,4557,122.0625,45.55858303865504,2466,66.05357142857143,45.848870363374665,42.293164427384035,21.566483603175413,19.125687252761956,17.267840679897166,7.788304015340381,2.2471634664686198,42.485122636401194,22.907865077806917,20.33913066080484,16.66763041873533,8.045453867084529,2.2412304886036543
many_moving,225,4563,121.68,45.605728374237934,2468,65.81333333333333,45.83628682429164,42.30341471038456,21.511945203533827,19.020240517576806,17.222476875741503,7.70486630823729,2.256792777938234,42.46752945838354,22.885968744845425,20.3155887268982,16.659073856778225,8.13586535303385,2.2539174941845417
many_moving,226,4591,121.88495575221239,45.6244418532974,2470,65.57522123893806,45.84727337321064,42.3240209307977,21.49830558819714,18.98540301400835,17.172528339236983,7.696418411632151,2.261767658379974,42.47564603514587,22.825806667869045,20.272530332033632,16.659558901358213,8.196058699226619,2.2686862868962336
many_moving,227,4599,121.55947136563877,45.69796482822602,2472,65.33920704845815,45.918262834170115,42.40275774882185,21.52366910958669,18.979583043366652,17.10278018201946,7.788906385414936,2.260453827766469,42.56254225699073,22.796282934593997,20.226743043795338,16.617880595946055,8.17013218731542,2.2671942482853398
many_moving,228,4627,121.76315789473685,45.714163186899434,2472,65.05263157894737,45.96853814967816,42.44452465716065,21.506930767146414,18.936786113059263,17.05527397835052,7.867410210186981,2.264520159890821,42.62285932526895,22.76968021227142,20.18785253736035,16.591896966956487,8.187890934754222,2.2650967957151664
many_moving,229,4635,121.4410480349345,45.68958384427394,2472,64.76855895196506,46.00766982268498,42.41947548859814,21.405086845466638,18.865076559802198,17.101034285917432,7.795125818043678,2.2593880414295904,42.669281282839364,22.74453192199305,20.15258458674659,16.57478627698035,8.214157222885227,2.2626316678842002
many_moving,230,4663,121.64347826086956,45.65201951864045,2473,64.51304347826087,46.04751467064556,42.37090336192818,21.313711389482858,18.782558232397705,17.130239159984818,7.8208195597660675,2.274216754567625,42.714568498258174,22.71731442066919,20.115707207187207,16.560148045054188,8.229962676005332,2.2597968644151822
many_moving,231,4669,121.27272727272727,45.67442535948216,2473,64.23376623376623,46.07747590299874,42.36550808166656,21.37819926951595,18.779765252662514,17.077222339019237,7.9126823440249465,2.288156387490833,42.749422193905005,22.691658395721486,20.082773370615307,16.553256474329036,8.255321586231549,2.2590886923846965
many_moving,232,4698,121.5,45.72424834781008,2474,63.98275862068966,46.10275152145487,42.42404130685646,21.389469246386053,18.796124728177787,17.00900126204016,7.9114117588195505,2.2845371742878116,42.77907694845641,22.66746520827598,20.052844361732713,16.547108383906316,8.282051767802967,2.2577525961130824
many_moving,233,4705,121.1587982832618,45.714708693572135,2474,63.70815450643777,46.12504570309069,42.453956467768194,21.362517839010728,18.80103498798642,16.99219833131959,7.997829100376614,2.2886644070967948,42.80531093005124,22.644168121305146,20.02503746219731,16.54120379937256,8.30794850579693,2.2563672096578165
many_moving,234,4733,121.35897435897436,45.69322683337339,2474,63.43589743589744,46.145085010912055,42.40342566897529,21.408786926061474,18.841602609876155,17.025495788637407,7.883945281185739,2.2676956939260675,42.82890998807602,22.62140281969495,19.99879215707221,16.53533906805895,8.332366959068326,2.2551469923490957
many_moving,235,4740,121.02127659574468,45.69155636374994,2474,63.16595744680851,46.163267519154374,42.40517939742828,21.314985950204882,18.764748861734667,17.015168830737764,7.818197865799813,2.295201174847172,42.850318303114015,22.598979095984262,19.9737612383568,16.52943197112004,8.355128749061581,2.254162441409681
many_moving,236,4767,121.19491525423729,45.72308973688453,2478,63.00000000000001,46.148924896377665,42.41569930777955,21.41088861616288,18.852941204992067,17.00628292711547,7.957240976478255,2.306818357737327,42.84176330278361,22.569812841956455,19.944605673784075,16.540859889325024,8.33807168576495,2.2226325788926933
many_moving,237,4775,120.88607594936708,45.709906120007204,2483,62.860759493670884,46.16750431213909,42.40060584335507,21.47279096617607,18.905996633184465,16.980474106084838,8.07188708021714,2.302712869928761,42.86237272778234,22.534507695150953,19.874191559235822,16.518468808841003,8.346196468499594,2.2616223974247327
many_moving,238,4802,121.05882352941175,45.744060738555184,2487,62.69747899159663,46.16681653846266,42.44854718162658,21.41915723287891,18.840194489874158,16.937278080050415,8.027493340262911,2.2938057948440633,42.862495030195966,22.523630744439043,19.895887330192927,16.515877742423157,8.244971348051514,2.2598413497603507
many_moving,239,4808,120.7029288702929,45.73655363028826,2493,62.58577405857741,46.18187239755594,42.455081829127074,21.400442381674218,18.851441484289367,16.970273818342967,8.283732790055112,2.277673275876692,42.898746232979114,22.47375690696778,19.828311356064084,16.523734431233617,8.41926672264156,2.2689516030812014
many_moving,240,4836,120.9,45.67451462637362,2498,62.45,46.17486706859667,42.36763073652399,21.4396511457731,18.88319557492714,17.025044334596657,8.191201339291489,2.273828866806217,42.90645520832823,22.41120251152671,19.748303985928516,16.501086662546957,8.478181377807735,2.272002423105434
many_moving,241,4843,120.57261410788382,45.70404113976567,2503,62.31535269709544,46.174654030869604,42.41313228189838,21.38138699867333,18.829886539769582,17.065881272037903,8.012535316876113,2.2749839534390763,42.91369511443402,22.379782340122553,19.718716775423434,16.524853603360825,8.53296220775033,2.2620524004331326
many_moving,242,4870,120.74380165289257,45.73533716840579,2511,62.256198347107436,46.16232634981924,42.46819735945654,21.4167778032625,18.862001995363862,17.0824268674977,8.100570407296352,2.27534492640511,42.866239724676646,22.34570868123947,19.721646282342796,16.56318423345565,8.50512377709412,2.225684040048914
many_moving,243,4878,120.44444444444446,45.76534045988025,2516,62.123456790123456,46.1711098104214,42.466081754769405,21.459439206850252,18.9012480815779,17.052269865114006,8.086896095896027,2.287196370461529,42.85393914790102,22.31433950271179,19.674025094262795,16.510298108774524,8.34772439677998,2.2467757138600453
many_moving,244,4905,120.61475409836066,45.785309548296894,2519,61.942622950819676,46.22932182468004,42.51243975547227,21.423103255571508,18.877894674411806,17.00032152354695,8.09053341654472,2.2957506312563853,42.875102019794994,22.35505587466362,19.688740919420006,16.48224907734204,8.354532572523638,2.2622962024112767
many_moving,245,4913,120.31836734693879,45.809490866447696,2522,61.76326530612245,46.27118865789306,42.514629769746804,21.41281976995771,18.80160911219055,16.930416613438197,7.963955583392366,2.309180302631919,42.89078163929336,22.38070313335872,19.717754919328158,16.457215781877874,8.24644019688592,2.266446765701668
many_moving,246,4940,120.48780487804879,45.846074778281135,2525,61.585365853658544,46.29540912636432,42.5672392858144,21.384375979855292,18.757773700219474,16.8554720704918,8.02898208287124,2.309323481036787,42.8978265153071,22.38567524611043,19.7288276084836,16.44166983256212,8.238207054765752,2.2796828069525277
many_moving,247,4949,120.21862348178138,45.84429935863115,2531,61.48178137651822,46.231243729738324,42.581268241137934,21.383424185143017,18.827017273305746,16.890667919258718,8.00867936683455,2.317038276261354,42.82009046067412,22.3304186959529,19.69408103300569,16.464851171770793,8.24070643978978,2.304436311695726
many_moving,248,4975,120.36290322580643,45.793461364395895,2537,61.379032258064505,46.19821867263121,42.51388738622945,21.417138262932518,18.854134522758404,16.943132411295032,8.052020105239084,2.3047146135406904,42.815424290216804,22.307120785557494,19.699506596479374,16.443506065054116,8.148710291977288,2.279881075679896
many_moving,249,4983,120.0722891566265,45.912907070731556,2541,61.22891566265059,46.181557720031556,42.611633796350254,21.45148544290187,18.859651319154118,16.90890976386991,8.058361985058712,2.2987091532754587,42.82953847545741,22.25080268238938,19.677698292391796,16.426690015651392,8.226358872512005,2.2889884441289516
many_moving,250,5010,120.24,45.966374201804896,2545,61.08,46.1674242218476,42.64554274971789,21.517236985135046,18.903517875571886,16.89498239097254,8.048662598220089,2.2965912673496987,42.7956642295336,22.267589735811814,19.692951549846672,16.432216291945622,8.293367079568203,2.290735141062832
many_moving,251,5015,119.8804780876494,45.925482182241616,2553,61.02788844621514,46.16521685839737,42.60133810500996,21.489565486054374,18.86755990720885,16.894013329676714,8.052678205844927,2.296008430563946,42.79152951698413,22.311843040854516,19.736089229657278,16.412952353501844,8.396254116071184,2.3140578988583664
many_moving,252,5044,120.09523809523809,45.97853207215098,2563,61.023809523809526,46.184053537413206,42.68062899464739,21.518191448636056,18.896249563380735,16.85829469490223,8.23128423769385,2.321184024613955,42.788170404274915,22.30818983609998,19.72332376811394,16.42408966943298,8.391020123852964,2.2957242495205366
many_moving,253,5051,119.78656126482214,45.93600017560844,2572,60.99604743083003,46.2351356567926,42.65627135559421,21.5183781215407,18.892038027230395,16.863542795724634,8.213845787928259,2.3294254713674527,42.83383525097647,22.259300199249587,19.685954802923682,16.405064935191458,8.40065546900508,2.299013036260473
many_moving,254,5078,119.95275590551181,45.9126072990106,2579,60.92125984251968,46.27354196234613,42.60099933432112,21.462718370037916,18.815032324307207,16.889645185675175,8.133090580015292,2.3050323549032625,42.851064845117214,22.30226509504988,19.727226458456435,16.379360120011537,8.523939824693421,2.310853829361823
many_moving,255,5085,119.6470588235294,45.91903019937784,2584,60.8,46.302619157312854,42.643013267449284,21.39156041088528,18.764823108277486,16.85279212834283,8.187263605355305,2.3215086053362803,42.873893018821164,22.320096648199325,19.736039711026624,16.355962968689624,8.360542180142161,2.3191916838691276
many_moving,256,5112,119.8125,45.95230498801906,2590,60.703125,46.24511173130913,42.640712604760594,21.406661215035843,18.775709422212422,16.844159656889794,8.222376718300062,2.31191123527728,42.824407893488726,22.275105569166602,19.70420606433139,16.350657066920842,8.368715156815473,2.311950055462998
many_moving,257,5121,119.55642023346304,45.999056314791744,2597,60.63035019455253,46.200054355576,42.66660367870509,21.480500245598222,18.854012507752632,16.841106476758878,8.378603337250844,2.314751218912667,42.76473431129533,22.25419929327149,19.727155323158705,16.38284332765116,8.483522777765886,2.3111150483180825
many_moving,258,5149,119.74418604651163,45.963448248024946,2599,60.44186046511628,46.22832773187194,42.63135426915441,21.433159581451758,18.817270073349714,16.84986816683117,8.327815969087904,2.3142647142511152,42.7918749889763,22.243010801005784,19.717188228738273,16.392857036606927,8.492001521174213,2.32602799877315
many_moving,259,5157,119.46718146718149,46.013464428992755,2599,60.20849420849421,46.24676149924399,42.6953533149467,21.42978864021304,18.784083171922003,16.82058309530058,8.332503463392452,2.308147657541267,42.81347617739938,22.222123713825553,19.690358870258645,16.391761546749898,8.499550207642475,2.3277897993680665
many_moving,260,5185,119.65384615384616,45.9923011031244,2600,60.00000000000001,46.26370442512394,42.682395879567494,21.429616388356877,18.745234534645103,16.827005478173295,8.31540058299769,2.2986357400617954,42.83468865580898,22.20078760004388,19.660844518956416,16.387098366097305,8.507925069860544,2.32612935445676
many_moving,261,5192,119.35632183908048,45.95692521039716,2600,59.77011494252874,46.27946536639135,42.64982126798207,21.40739469654971,18.73212513935081,16.779925955106172,8.379588947994407,2.319568607654003,42.85491534742253,22.180338908729915,19.632053316093973,16.381329144093304,8.518468844880745,2.3242829973104326
many_moving,262,5220,119.54198473282445,45.933126501749825,2601,59.564885496183216,46.2944558463328,42.62235859461413,21.366224267865256,18.71552455796054,16.747824976541526,8.228845777712273,2.325398798476874,42.87423908186883,22.16090269623018,19.604695459887186,16.37517450433137,8.530121177948915,2.322275864473379
many_moving,263,5226,119.22433460076046,46.01498884808044,2602,59.36121673003802,46.30869003030452,42.69105733816023,21.32787737002012,18.637596686925615,16.717231370326395,8.428284880179358,2.327040611145935,42.89256139226489,22.142303682343773,19.57881214114522,16.36892298170492,8.542283956179206,2.3203120851320485
many_moving,264,5252,119.36363636363636,46.076776630497214,2602,59.136363636363626,46.31900483014056,42.7426837329023,21.435653716996715,18.744002098318244,16.694421997637313,8.594136209103151,2.3412523855248066,42.90675744851201,22.124559288308486,19.556018730409964,16.357415515493596,8.545829224027878,2.322144039475614
many_moving,265,5258,119.04905660377356,46.04420388138222,2602,58.913207547169804,46.32924724542809,42.69687579607621,21.449013334230028,18.799034560915647,16.777093153220907,8.58889082490958,2.3185989356074197,42.92057071135564,22.106719890242626,19.53297222282543,16.348452319828297,8.55421380188302,2.3211872588880724
many_moving,266,5285,119.21052631578947,45.95063906632143,2606,58.78195488721805,46.269131919212676,42.6362960212178,21.44840961222957,18.82503219192001,16.818296839476815,8.535680477612482,2.3377699909384524,42.879055760790735,22.047444029566233,19.4819840927154,16.36259033448032,8.50003712360121,2.2676645881624884
many_moving,267,5294,118.96629213483145,45.963793903259244,2611,58.67415730337079,46.25079734907294,42.663375071836654,21.517435094723684,18.884465025212734,16.797383315410343,8.358401648395384,2.3327123750823673,42.87244131270239,21.995170716919144,19.416890315099646,16.372787662379093,8.564096567436536,2.3152664583852953
many_moving,268,5320,119.1044776119403,45.90650369854869,2616,58.56716417910448,46.24217615839106,42.62867036515513,21.410010448310345,18.812801079702663,16.79369748898888,8.143949994941362,2.336243949900088,42.873465303387,21.963373435917322,19.36505327211817,16.363707657562816,8.554265682577757,2.2946330080438337
many_moving,269,5328,118.84014869888475,45.96304404318736,2621,58.46096654275093,46.246160996762136,42.66637164702483,21.450790201292065,18.7991326029427,16.763014934003433,8.195878002388993,2.348143756469517,42.88226454303813,21.935624236366724,19.327699279810908,16.376297084716075,8.59445609779781,2.30611398609512
many_moving,270,5356,119.02222222222223,46.03991952621562,2624,58.3111111111111,46.25449995464324,42.74854908630495,21.52383944212564,18.876696612596334,16.723605990557562,8.221397679602816,2.317464024556515,42.89506221953497,21.916586634170557,19.29366068169056,16.366724452685226,8.552237667501057,2.2986853793119746
many_moving,271,5362,118.7158671586716,45.985373169810906,2629,58.20664206642066,46.23792966282806,42.71371730980611,21.52941900255516,18.922939061898557,16.752514444686334,8.201478085378376,2.3272802695080204,42.880942516666124,21.892030369492538,19.270978779449088,16.367600865925464,8.543017430714873,2.3056122927453377
many_moving,272,5390,118.89705882352942,45.920671298012195,2636,58.14705882352942,46.259878160251574,42.65337779976976,21.52573956296716,18.895285031918178,16.79203644167524,8.199102490396339,2.306476312747479,42.864812162172626,21.878820071707544,19.24985648987995,16.37031204156189,8.493114117743932,2.296663285246085
many_moving,273,5397,118.61538461538463,45.888349830171215,2638,57.978021978021985,46.299516314866246,42.61677893848286,21.519177137033456,18.85014390442692,16.80645642135334,8.32950239591095,2.3050482597631805,42.88715348192177,21.85642866983288,19.18884815451164,16.373566277012507,8.604250101884546,2.2973927890439922
many_moving,274,5425,118.79562043795622,45.93316769579069,2638,57.76642335766424,46.32204449567967,42.67960555695208,21.479953235823384,18.823022388710207,16.774011719767888,8.344879123813335,2.3337430022873566,42.90267929032943,21.833454486604836,19.146213221286935,16.375917409917875,8.635034761948031,2.293099240968462
many_moving,275,5432,118.51636363636365,45.96413582703919,2639,57.57818181818182,46.328569395276,42.6849614337997,21.49195049595219,18.865855534277166,16.812095218329656,8.331144764529851,2.324273385146898,42.908103444310726,21.811838310498988,19.113669879555527,16.380139511568803,8.663840279065106,2.295617241007546
many_moving,276,5457,118.63043478260872,45.929922815912036,2639,57.369565217391305,46.33459238854732,42.65333387765294,21.486765211733687,18.862803764118883,16.86068935248999,8.321497790337446,2.3258371604822248,42.915447076771315,21.79248514608623,19.088017634613667,16.383624043995518,8.682363305621433,2.2918021934316273
many_moving,277,5465,118.37545126353791,45.884939027784505,2640,57.18411552346571,46.339764465558034,42.59466627513899,21.50228763427711,18.85886638373846,16.878937002990032,8.086065334030913,2.3034944700794755,42.92305439463362,21.774506617684526,19.06640950808804,16.389820380081765,8.697919587668808,2.2889498507497326
many_moving,278,5492,118.53237410071942,45.88495252426856,2641,57,46.34425580880271,42.64677480873993,21.44801522260919,18.80955187813994,16.84811562154737,8.189603848302676,2.321152116830284,42.93040657209456,21.757619452878085,19.047503184035342,16.394225205022888,8.712316233686181,2.286724711863122
many_moving,279,5499,118.25806451612902,45.840670637484585,2641,56.795698924731184,46.345315477822794,42.559744795905615,21.39031735862455,18.72412441049372,16.847640473277735,8.018264456815215,2.301650303784499,42.93448602155051,21.741435053601652,19.0315767855103,16.39270455378819,8.68965401909043,2.2872939107981933
many_moving,280,5527,118.43571428571428,45.770814854409416,2641,56.59285714285714,46.34662739545376,42.48852196871482,21.420128986878623,18.736073247395602,16.85601799903541,7.9867088392242715,2.313369509303471,42.93870837699076,21.725548558709256,19.016013369385753,16.392116950567647,8.698857616889512,2.2864899605592846
many_moving,281,5533,118.14234875444838,45.85839451629895,2643,56.43416370106762,46.347194388883466,42.57077666136092,21.351023443638216,18.663471254352153,16.806011550577942,8.199648975479683,2.318834586212922,42.942056090437745,21.71193527975554,19.003276929733904,16.39229939779742,8.709760757496301,2.282840062701556
many_moving,282,5561,118.31914893617021,45.93218985218458,2644,56.25531914893617,46.348544630428705,42.65789278258322,21.339029450141442,18.665444208802928,16.75203389070293,8.223824209445858,2.322954970285378,42.94595242973571,21.697975341974956,18.990195241728266,16.39205669751959,8.719377294227883,2.2817222437052473
many_moving,283,5568,118.0494699646643,45.91948855597526,2645,56.07773851590106,46.350036178929166,42.59439676123532,21.427409203860865,18.74700123020129,16.816147431565863,8.33095530982418,2.3332914666968825,42.94978576868299,21.684022514035725,18.9772631280383,16.39145872553898,8.728099580008386,2.2810250051543477
many_moving,284,5596,118.22535211267606,45.96665908127745,2646,55.90140845070423,46.35352159524203,42.674053957551095,21.40841311219114,18.755340906699445,16.797445804917164,8.367760078492223,2.3344870684424883,42.96025936678308,21.660485500400977,18.95530632697882,16.387217995976762,8.675445587404695,2.2825747234507623
many_moving,285,5604,117.97894736842105,46.002789292715775,2646,55.70526315789474,46.35594670682393,42.71702797328441,21.360150063583177,18.723343486144284,16.749450336625454,8.273402548659694,2.3337406992839096,42.96743853404617,21.641097674295573,18.937666612507833,16.38389544260664,8.686872277837406,2.2820206307277613
many_moving,286,5631,118.13286713286713,46.07409295643421,2647,55.531468531468526,46.35766277447046,42.774514608975316,21.41235989834603,18.76160055132336,16.718248527657146,8.35835431556357,2.34528439168652,42.972613205482425,21.62424216064367,18.922582663938933,16.38111091206407,8.695923689956956,2.2817148383858368
many_moving,287,5640,117.90940766550523,46.07994619286917,2653,55.463414634146346,46.39571500273922,42.816328033475536,21.492151298362533,18.852412744455062,16.724689698996926,8.44953129730878,2.319266864034277,43.047715024125296,21.62617778709573,18.931336870218875,16.349889183144985,8.788649049611092,2.2676779820297552
many_moving,288,5667,118.06250000000001,46.05977911183935,2656,55.33333333333334,46.46890195795266,42.808528778497035,21.415913834105872,18.796520009919135,16.75297020940231,8.190819642301383,2.3109491920399505,43.13140469567962,21.672417330516332,18.967377907350443,16.337817429383236,8.904060681036214,2.292518855884785
many_moving,289,5675,117.82006920415226,46.02108379277907,2659,55.20415224913494,46.51135043893515,42.75362952811919,21.363970578698456,18.715417637022036,16.76228496156495,8.300472814652657,2.345878500233278,43.179263577200985,21.702087149437258,18.99317055577812,16.317843549930316,8.965187906470902,2.2954955318351615
many_moving,290,5701,117.95172413793105,45.9226628568397,2666,55.15862068965518,46.51675800122887,42.68187470960509,21.33532503260729,18.692166568192167,16.781578099769693,8.278693567215672,2.339300586917969,43.16380459003804,21.68975319467152,18.986597842863777,16.322566675897065,8.94626463558883,2.2374212269190883
many_moving,291,5709,117.71134020618557,45.90665417816524,2672,55.09278350515464,46.535191424259004,42.66720308966526,21.284149186006797,18.624103066011305,16.735534806792113,8.255759835980154,2.3400968872389214,43.18624291910969,21.686847892755697,18.98011303857195,16.328436662598765,8.99980538820887,2.263925740151693
many_moving,292,5737,117.88356164383563,45.89368907438093,2681,55.08904109589042,46.51558406055033,42.68843630893962,21.297006981563474,18.638888424797813,16.691170667349077,8.305424767294644,2.329498798070224,43.18073239740623,21.693106907688186,18.993531072661664,16.336144075700037,8.964728062461642,2.299321628525263
many_moving,293,5744,117.62457337883957,45.94544341866668,2694,55.167235494880536,46.512185996533,42.71918695557189,21.358112662197108,18.75235812185469,16.716738947359936,8.34864978701864,2.3432291871334967,43.18118210584807,21.667322259227134,19.00483593920676,16.324354559977312,8.954982294140041,2.24319700563525
many_moving,294,5770,117.75510204081631,45.91287060747791,2706,55.224489795918366,46.46199413354613,42.66912633191176,21.418251232181447,18.800634235555425,16.750221670106583,8.42929580314424,2.342668630059028,43.18078394986838,21.61014289776774,18.981626232617646,16.326128083242327,8.799500426514815,2.2906326201324387
many_moving,295,5778,117.5186440677966,45.9847943837384,2721,55.342372881355935,46.33908359532265,42.69916285300555,21.459654934847396,18.81721563410536,16.704211567870086,8.486650609984714,2.3445583158406613,43.05039686657997,21.59497024557876,19.021868453335408,16.37594575306116,8.661101504187519,2.266313955629505
many_moving,296,5805,117.66891891891892,46.010051321176356,2736,55.45945945945946,46.277619740912264,42.71896384688002,21.50332040445932,18.846831776572458,16.6778283344971,8.654982206654456,2.362520168149054,42.97698208324577,21.515627975423705,18.95532569585392,16.402540384406123,8.544372887366633,2.2710810168255855
many_moving,297,5814,117.45454545454544,46.074117859091714,2749,55.53535353535353,46.25919415675372,42.7486665800194,21.5893571001249,18.965999889444802,16.6835038935513,8.688512857496814,2.3347915299781206,43.000257516287505,21.444442574101508,18.885368395504138,16.369550921240737,8.638046572995309,2.280714349228489
many_moving,298,5842,117.6241610738255,46.07073000314382,2761,55.59060402684564,46.32739895189849,42.750229107947305,21.48997229448873,18.895388633874454,16.68952020220084,8.46108773593173,2.3331105202449707,43.05335977623754,21.48363130215663,18.89782749010651,16.336523513231654,8.772782546105361,2.2762004366638005
many_moving,299,5850,117.39130434782608,45.98353417858492,2770,55.585284280936456,46.346831144805215,42.67636170921863,21.41418583411026,18.776448187114898,16.695001135257346,8.467418407663793,2.3523349138000915,43.04873429947038,21.49163594034347,18.90836600532523,16.335242464197606,8.636911026448868,2.266872524349552
many_moving,300,5875,117.5,45.972441424962945,2775,55.5,46.30880486850907,42.66725135140259,21.370512991618263,18.703824940285347,16.69319561798417,8.420949649892165,2.360382345468407,43.003903170153265,21.457603422896714,18.881121917352363,16.348184069477334,8.75313952106249,2.2873577895657715
many_moving,301,5882,117.24916943521596,45.977708782865975,2778,55.37541528239203,46.29338053996825,42.67086457105271,21.41329746183894,18.79063078426104,16.71053907869277,8.44594623884958,2.3422187833103374,42.98326905682803,21.388252944851835,18.863922929851892,16.37087677781548,8.560227946425062,2.279656967358575
many_moving,302,5908,117.3774834437086,45.937986418646275,2780,55.2317880794702,46.29327417381094,42.65901612074363,21.36948117247465,18.767587731373748,16.717991349785812,8.337161175909145,2.3617801750791587,42.97824615144916,21.330324634716433,18.833883994941253,16.374585424342044,8.43345896195917,2.2820253168218922
many_moving,303,5914,117.10891089108911,46.011706884592805,2780,55.04950495049505,46.298486279573275,42.71350258520231,21.433414524326203,18.8452633709356,16.723524977820677,8.34122322285864,2.3694321431808,42.9783717264394,21.29639045685398,18.805084861265406,16.355053749466666,8.363798981299311,2.2811479511161696
many_moving,304,5941,117.25657894736842,46.01463758685191,2780,54.86842105263158,46.293411593608496,42.72784546189006,21.43269820805703,18.856104529995584,16.72680002846492,8.387239379583946,2.3567526935173113,42.96738427518859,21.272090764160538,18.78917261624491,16.34356702217337,8.30262538759162,2.286581991538026
many_moving,305,5948,117.00983606557377,46.019697515100695,2781,54.70819672131148,46.29284561265552,42.7233058966572,21.427164161083944,18.82567711260536,16.709389866329897,8.404613354257496,2.35622193019959,42.9609390393418,21.252085815401678,18.775070317590934,16.333041707520174,8.252424212235605,2.291579986671542
many_moving,306,5974,117.13725490196079,45.96628982862773,2781,54.52941176470589,46.286895130347695,42.655780056897605,21.47553923868143,18.87642592940777,16.717420078251305,8.358650312666532,2.3472121083217603,42.95007134684368,21.23601870740282,18.76594918791069,16.32412971748901,8.221815861558706,2.2974195959295196
many_moving,307,5982,116.91205211726387,45.97237113502517,2782,54.371335504886,46.28001019469229,42.69361035750164,21.450176971879078,18.866071783266783,16.67333202239704,8.177303426511152,2.3529514741128352,42.939038531649736,21.222942171649894,18.759614345756177,16.315970674217333,8.2000640659402,2.3018827836861524
many_moving,308,6008,117.03896103896102,46.00555158950015,2783,54.214285714285715,46.27329255380325,42.73269231845542,21.44422767804487,18.83842877903615,16.649063680332834,8.221804517344447,2.3540327316011354,42.9287940165591,21.21169392657791,18.75469658688409,16.308283735513655,8.18331980462952,2.305596981817436
many_moving,309,6014,116.7766990291262,46.01916575337302,2783,54.03883495145631,46.267019569790286,42.729561657738266,21.469433654655163,18.848451044856212,16.660682190513988,8.31958294730142,2.343116137926273,42.919490571484516,21.20154361506766,18.750464699704263,16.30098128624502,8.169832166246495,2.3088373242666065
many_moving,310,6041,116.92258064516129,46.05144805102993,2783,53.86451612903226,46.26124478821292,42.767252880912295,21.478056028518665,18.841184296875042,16.657351938486055,8.42534543923729,2.3582034068350866,42.91108225124882,21.192080179753326,18.746539163379328,16.294032221684386,8.158645502543507,2.31173737815729
many_moving,311,6049,116.70096463022507,46.04285054789356,2788,53.78778135048231,46.27338271630792,42.75162851680043,21.57865660335398,18.96668880666219,16.721945330194117,8.676339434721093,2.3385024495254747,42.90220360889477,21.220234872867902,18.760212743389868,16.292750822856544,8.152632018379865,2.2865116419674405
many_moving,312,6078,116.88461538461537,45.97885952224399,2793,53.71153846153846,46.29846337060385,42.691578198407605,21.46646960098075,18.88039030063452,16.763069400280393,8.539444644320362,2.3213976959131357,42.91349272967854,21.23779913453849,18.75765134884142,16.297873053445368,8.318269083977494,2.3267466766612017
many_moving,313,6086,116.66453674121406,45.970109309840616,2798,53.635782747603834,46.269521729777,42.72007954208736,21.377070999543516,18.80572348823032,16.703390448568026,8.317660806606025,2.348948724034937,42.88052005782226,21.245847427147993,18.78954722996728,16.327987405509372,8.183483056618611,2.334378866710318
many_moving,314,6114,116.828025477707,45.975453729204595,2803,53.560509554140125,46.26526297442863,42.71711474746261,21.38019370817499,18.81575968954085,16.6812396734784,8.302909561958831,2.3649616886120883,42.877027917017074,21.225601838799562,18.750110354472362,16.30337580768943,8.06881565837594,2.326081230895453
many_moving,315,6121,116.5904761904762,45.99972759091064,2812,53.561904761904756,46.30464234444609,42.73764966357656,21.38333134096791,18.808437291448637,16.655079600968918,8.3494684850565,2.3754746388025474,42.91171690304036,21.23829272743094,18.778702198346675,16.261403277212704,8.053801055875406,2.293809766159635
many_moving,316,6147,116.71518987341773,46.030478102012125,2820,53.54430379746835,46.25081967312233,42.72461473552819,21.43415442276868,18.81294548690229,16.66449764808102,8.511579409199335,2.375802440287952,42.84993540904473,21.254430163243473,18.769002104175986,16.295087645454036,8.223952158098067,2.3400390905937796
many_moving,317,6156,116.51735015772871,45.99767366418289,2829,53.54574132492113,46.205645269537925,42.709265446827885,21.332519347024,18.715476668738656,16.6559933339908,8.37259870949859,2.3790947210466715,42.80156684169283,21.31463592519421,18.83519238802777,16.316537377517328,8.289284089212032,2.3187684471536496
many_moving,318,6183,116.66037735849056,45.98608210350495,2835,53.49056603773585,46.19267189707176,42.68493148045009,21.440955718053903,18.808805546936274,16.65983988550441,8.508553429027536,2.3804760040458555,42.787549946258366,21.326888004863168,18.823752590547496,16.30809518568586,8.344493078858234,2.3194437191815744
many_moving,319,6191,116.44514106583073,45.94533091233271,2838,53.37931034482759,46.22156213406063,42.64791316410082,21.4496118325414,18.85858547787739,16.73162476847424,8.41292532601376,2.3698376500204166,42.80602591389798,21.36083309525836,18.842280250601704,16.300350010644827,8.421366469271735,2.3384353090520205
many_moving,320,6219,116.60625,45.92530241741872,2843,53.306250000000006,46.1906632161225,42.61327199543554,21.483186961648684,18.891651157747205,16.793603811875933,8.527395156275036,2.3561296313925517,42.77775771487311,21.36828135017258,18.869255748420702,16.28736689849082,8.446240180350838,2.333024540318089
many_moving,321,6227,116.392523364486,46.012373149276144,2847,53.21495327102804,46.16115553535515,42.72640132396844,21.505207624582745,18.8697414630744,16.74234230158169,8.416441611186428,2.3363679688624384,42.751546748892856,21.352768360655606,18.865684385948263,16.280632919780153,8.483300797986985,2.335928876207593
many_moving,322,6256,116.57142857142858,46.0599799463949,2848,53.068322981366464,46.147921068025546,42.76983614250159,21.49586858462956,18.835314115730352,16.727872164883525,8.420090585677086,2.351261245875361,42.73862262760211,21.34607045335948,18.870265670354353,16.274195729245612,8.432560062489902,2.337837364277017
many_moving,323,6262,116.3219814241486,46.01889837218578,2849,52.92260061919504,46.13855626528,42.741739650321804,21.47891279929576,18.794518485067123,16.71266742720535,8.362102504009226,2.336652997433701,42.72795707833926,21.340319320462704,18.874036282252582,16.26895360994674,8.423973004228607,2.340793804861585
many_moving,324,6289,116.46296296296295,46.039715660814764,2849,52.75925925925925,46.13098537207829,42.771725771311615,21.48018438745781,18.772946324714347,16.687679733737248,8.33289815019458,2.322772222029248,42.7181688005518,21.334941687021466,18.877026118905285,16.26451667518972,8.39808137548195,2.3431125713632386
many_moving,325,6296,116.23384615384616,45.963833069708684,2849,52.59692307692307,46.12493986318743,42.69584009807674,21.480187192653553,18.812094254400723,16.736878904098635,8.333615141208385,2.342823150745419,42.70938940699644,21.330227765405805,18.880043180703105,16.260560661491322,8.392198129767007,2.345750491315301
many_moving,326,6322,116.3558282208589,46.00843946744367,2851,52.47239263803681,46.119310168766866,42.74667484646772,21.4715199511868,18.833185778477578,16.71940274449274,8.382059529375585,2.3622100920524347,42.699213222354345,21.328374711551458,18.883929484422005,16.25801458769215,8.389722419155099,2.346362453010143
many_moving,327,6329,116.12844036697247,45.94485303192573,2852,52.330275229357795,46.11457118139091,42.658410478466955,21.521190805071573,18.883638613468673,16.76411591080056,8.52465213842061,2.3268966288845636,42.69066042330249,21.325513833632478,18.88723809074221,16.25514098062745,8.386234127788413,2.348694660915898
many_moving,328,6355,116.25,45.921587008354265,2853,52.1890243902439,46.11038212071254,42.6263138420397,21.468926774749317,18.84196994557619,16.78100316608461,8.451563809887684,2.3153975650904215,42.68302596948596,21.32223387963408,18.890186154858203,16.252168786885893,8.38243570755309,2.3509368410532443
many_moving,329,6362,116.0243161094225,46.00882205535991,2854,52.04863221884498,46.12221907294666,42.73942458032185,21.4714518381384,18.878368308489044,16.741696102239587,8.375269245249065,2.369682611221843,42.690691337676164,21.333644388642742,18.911776186627826,16.24790883986379,8.351391087550104,2.3472992097179923
many_moving,330,6389,116.16363636363636,46.04245018659172,2855,51.90909090909091,46.14636726374631,42.76696348492617,21.552757664864505,18.937240722772895,16.739125548137515,8.651894955587577,2.3711544318370614,42.70939097277524,21.338744603453474,18.92148981104917,16.236722406557163,8.39952533457721,2.3509831984636156
many_moving,331,6392,115.86706948640484,46.10186824447362,2856,51.77039274924472,46.19538585594036,42.80648233771127,21.592753368959677,18.910976971079847,16.69679936006218,8.769021417556171,2.334820770548957,42.77041813401312,21.30507050045381,18.8526498532369,16.198349462769446,8.32347046289427,2.353298567972412
many_moving,332,6417,115.9698795180723,46.095126746375584,2858,51.65060240963856,46.267991296546604,42.82199113313443,21.563116451469316,18.861391794609307,16.673479659294934,8.694870733966763,2.329696511762485,42.84605928076551,21.2868593325867,18.79533991161107,16.15654936669935,8.294286678102218,2.35163449417057
many_moving,333,6424,115.74774774774775,46.05727412957139,2858,51.4954954954955,46.325075925246544,42.776784205654145,21.56930408851198,18.85931634181613,16.684076615762702,8.796767036970028,2.3344706078869737,42.90419103251546,21.28644196447851,18.76651470959839,16.128064329333757,8.29599591127575,2.341165572713541
many_moving,334,6452,115.90419161676648,45.97810190049169,2858,51.34131736526947,46.35567428138082,42.70608228938114,21.534525327105623,18.842383305983436,16.706465517782597,8.659811986872306,2.3301515115181743,42.93527052967788,21.28195057987527,18.747550200835448,16.113687369182454,8.302059713035451,2.338716251421816
many_moving,335,6459,115.68358208955225,45.97007240379412,2859,51.20597014925373,46.37062916913481,42.6982661642096,21.484848839550896,18.81236232729342,16.67765549629694,8.4684438587329,2.342085736208249,42.95139437548538,21.2761855357607,18.73118426334296,16.10688678215113,8.314658406916124,2.3404129119181887
many_moving,336,6487,115.83928571428574,45.99557728594165,2860,51.07142857142858,46.37842640283872,42.735545396505394,21.483997096626577,18.841394709542318,16.64733195008099,8.479285290234273,2.3548443138505837,42.960779949614775,21.27569886528793,18.723850171147518,16.10380706653871,8.329743135577592,2.331374021568701
many_moving,337,6496,115.65578635014838,45.94766838344976,2861,50.93768545994066,46.3865646133952,42.707941632712085,21.42643489060555,18.825446358060077,16.70913834715066,8.669905211070752,2.350709102951692,42.9705474615821,21.2734968673621,18.715243368255205,16.10080233046243,8.339225914704606,2.328191056067597
many_moving,338,6524,115.81065088757396,45.91496726333172,2862,50.80473372781064,46.394042457137324,42.65299234769275,21.512917380910544,18.89016743298415,16.758240495848256,8.74872991803705,2.3509333923139084,42.97968634708245,21.270348200692258,18.70634079117504,16.097966333365893,8.346777499602561,2.3259817923902215
many_moving,339,6531,115.5929203539823,45.9488471549764,2862,50.65486725663716,46.39786418725035,42.73772666017838,21.528693407056043,18.912985675516495,16.71368482974363,8.548240551416685,2.3561820975629746,42.98521376988159,21.26644829596841,18.69880468922903,16.08988236024773,8.343567561613813,2.327716221449972
many_moving,340,6558,115.72941176470587,46.02310792203475,2862,50.50588235294117,46.401763625577274,42.7842213117428,21.515518921281945,18.873502728706505,16.694059965642733,8.572478405246562,2.3538634977383808,42.99074120137384,21.262110820663818,18.69052495874858,16.08439783085008,8.345904593161336,2.3269472193086975
many_moving,341,6566,115.5307917888563,46.00527073326473,2864,50.392961876832835,46.410209886378205,42.75110888269594,21.490661386547888,18.846887677610006,16.710253729329676,8.589520044525255,2.319032131188438,43.01368711925545,21.260298484360995,18.691449518516897,16.07220090651078,8.359226425458905,2.329827995645083
many_moving,342,6595,115.7017543859649,46.0478236002991,2867,50.29824561403508,46.41657572489178,42.75570662889795,21.429262037101182,18.74602068285539,16.721051012776357,8.598275819026082,2.3150580006863217,43.028358798798145,21.259552918957315,18.6901920988538,16.064602370433352,8.37160471853786,2.297428877641891
many_moving,343,6601,115.46938775510205,46.02060853430299,2875,50.29154518950437,46.39250742975795,42.74726663029349,21.460793504549375,18.784131179438237,16.734816244656795,8.62282583624355,2.364463082292581,43.016143581773136,21.21333939176168,18.63254592267394,16.08165810837127,8.464796561502526,2.407113554488854
many_moving,344,6627,115.58720930232559,46.03067407895838,2882,50.26744186046511,46.372904309921275,42.765338446983364,21.441140009221815,18.81291824001908,16.729638824091342,8.5502071342747,2.340958294595617,42.99685588839937,21.19618781151455,18.608575994766525,16.063549359553704,8.277827501497988,2.3455569712184245
many_moving,345,6634,115.37391304347825,46.04715779523796,2890,50.26086956521739,46.38351520409294,42.780246148351274,21.524350080997007,18.884387236077224,16.731281085049297,8.767639428521871,2.3256409738255632,43.007136152174546,21.215592432482833,18.62431800489038,16.093837137693782,8.248905924652608,2.3265625229957383
many_moving,346,6662,115.52601156069365,46.0534810947609,2897,50.23699421965318,46.33642981652543,42.7824547671962,21.569480286632214,18.92750974964619,16.745203910073755,8.700703858213224,2.3374969274016437,42.94278860026664,21.24708726661292,18.700301651808036,16.112425789911804,8.227328468070905,2.329192859090512
many_moving,347,6670,115.3314121037464,46.03293780789044,2906,50.2478386167147,46.305219881251475,42.7622656604001,21.568916694799615,18.92284587387281,16.72852192157372,8.77324011408848,2.350214505874827,42.90692171738117,21.238695167005627,18.709651034180037,16.135340428232563,8.291310469939905,2.333576695214169
many_moving,348,6697,115.46551724137932,45.953866335954885,2912,50.206896551724135,46.274372176009685,42.696194617662556,21.46605636976022,18.838595157209056,16.752662333284963,8.686545729959247,2.330774014167784,42.86991559687684,21.225060655780062,18.71936423006578,16.1519037416798,8.375582281421234,2.3652532780495306
many_moving,349,6704,115.25501432664757,45.96323822042716,2916,50.13180515759313,46.25281590997994,42.71484969314214,21.40036873259631,18.758925463785157,16.72964042552066,8.4665351230293,2.353907695242368,42.84748181045575,21.223161698045836,18.728096289350866,16.159522458678815,8.378767351117599,2.35586541666916
many_moving,350,6732,115.4057142857143,45.99279868473642,2917,50.005714285714284,46.261882985554564,42.74009565496092,21.48551443638029,18.82962951185081,16.699586303788173,8.56631129381622,2.355475403911881,42.85524186589382,21.228620521601812,18.738038564332008,16.17765358518208,8.400616359894556,2.339321538180188
many_moving,351,6740,115.21367521367522,46.0099995933887,2917,49.863247863247864,46.26971414045691,42.75499308848003,21.40376961049993,18.76477553026687,16.696253431785994,8.475065622865435,2.344507943080329,42.8620795164682,21.23158914115092,18.74380943949605,16.185468808265437,8.406625009732018,2.3371350716629626
many_moving,352,6768,115.36363636363636,45.97509623807859,2918,49.73863636363637,46.275292093067826,42.72710320308531,21.39587250802088,18.762151145667584,16.703091676690644,8.414080666233282,2.338208331094944,42.86687527340598,21.232644699413168,18.747020599974434,16.188536264935717,8.409823275329877,2.336333929731059
many_moving,353,6776,115.1728045325779,46.00331286295534,2918,49.59773371104816,46.27888195179103,42.77877684801341,21.476639591153855,18.864058132664344,16.687058064733787,8.63731424698782,2.33561651836889,42.86983870552801,21.23237848218236,18.748583547181383,16.18934598368506,8.411365460780225,2.336204258573734
many_moving,354,6804,115.32203389830508,46.0255921340671,2918,49.45762711864407,46.28099162655071,42.77561753363325,21.4510278223063,18.831509681074987,16.69761573710672,8.618623121432686,2.333810116277848,42.87143863516083,21.231242030706863,18.74906836065728,16.18905793700339,8.411842189520117,2.336391288601488
many_moving,355,6812,115.13239436619719,46.066721742185265,2918,49.31830985915493,46.28207851087729,42.82810900511374,21.470805237218347,18.851711366838693,16.691043266037685,8.512664555013107,2.336951524830331,42.8721031715023,21.229551011848255,18.748846996959706,16.18823061602303,8.411622582147922,2.3367230226239215
many_moving,356,6838,115.24719101123594,46.076698591481076,2920,49.21348314606741,46.27603783629221,42.839765467062705,21.383713972863212,18.796803157059678,16.6869157620521,8.30427442612498,2.320965432310717,42.84686386637209,21.220101434175838,18.73209269852909,16.199538195761658,8.390342173460024,2.3332974185554276
many_moving,357,6843,115.00840336134452,46.028101704383445,2921,49.09243697478992,46.272598415802406,42.77875795706522,21.311631938038698,18.782675639761184,16.721336079384166,8.143887994389353,2.3478838338627672,42.832918337307106,21.211293273872823,18.72055576014303,16.2049502945183,8.374658339424865,2.333440058134639
many_moving,358,6870,115.13966480446928,46.01140170767605,2922,48.97206703910614,46.270461687606144,42.756325452927484,21.385854421820127,18.846345025024725,16.740662485355475,8.312110626995397,2.376710472419327,42.82494447940628,21.20386936789567,18.712530391958705,16.20727306690967,8.36335929060957,2.333742589587497
many_moving,359,6877,114.93593314763231,45.995198281302876,2923,48.852367688022284,46.30007035342946,42.73217150124851,21.40780005676855,18.838888521212233,16.713855672131,8.611437796375032,2.3604702266942215,42.85828673183248,21.205696920403827,18.723370332816735,16.199172208435677,8.361087704687055,2.33763091309011
many_moving,360,6905,115.08333333333333,45.95213635233849,2924,48.73333333333333,46.3346205500277,42.70332883555293,21.435797303944664,18.85274278995924,16.703451641802108,8.57792324055922,2.355470073067511,42.89293530207114,21.206022704665198,18.726163015727266,16.186986570619123,8.41631517305886,2.3399840406406693
many_moving,361,6913,114.89750692520775,45.97598074292973,2925,48.61495844875346,46.376347103271854,42.72639156570213,21.53073606969475,18.945041116434453,16.73257283391483,8.511348470827034,2.35492240829856,42.93568844215348,21.253174533916017,18.741993086444,16.16974757400046,8.45904478211593,2.341104880152987
many_moving,362,6942,115.06077348066299,45.93954679900248,2927,48.51381215469613,46.37433558676612,42.68190490187898,21.492999448726653,18.91737194244566,16.769593353939722,8.433104423642245,2.338478299083864,42.94112363495231,21.28199423305922,18.765207009394167,16.176497237302744,8.52135114133922,2.341356229830558
many_moving,363,6950,114.87603305785125,45.95956518198411,2928,48.396694214876035,46.39347932317635,42.70194197519253,21.432927423740413,18.839469680923898,16.73126372702503,8.3344397291928,2.3428902105476452,42.965165571728946,21.317882731285604,18.791383931772607,16.176362411523144,8.466355031141685,2.3300212878253617
many_moving,364,6977,115.00549450549451,45.99158529841236,2929,48.28021978021978,46.39891645030697,42.73188558890059,21.431246916710485,18.84481674831619,16.69864501234504,8.305585248775122,2.336848641731078,42.97210767604243,21.337847446402307,18.810679719246373,16.169852946613265,8.490127367060857,2.334874700377661
many_moving,365,6984,114.8054794520548,45.99309307499103,2930,48.16438356164384,46.390315611768365,42.71638415718905,21.482335696765865,18.822588151248564,16.70841237258524,8.46202893419133,2.354280609810183,42.965790329809366,21.333528956671472,18.785063132520726,16.172583234791183,8.554114213166407,2.3417611232975526
many_moving,366,7012,114.95081967213116,46.02199286847071,2930,48.032786885245905,46.3754117585152,42.75778828129102,21.519743368187907,18.831523990228522,16.686073759280525,8.602755171496476,2.350389644701815,42.95336030594262,21.328343480932563,18.765747326809866,16.177975961670423,8.589952988838812,2.340760393050843
many_moving,367,7019,114.75204359673025,46.06343295870943,2931,47.9182561307902,46.36098826915509,42.80486530256279,21.577244857613632,18.92057147427335,16.652316227708127,8.59938945667681,2.3468392549476738,42.94116555297545,21.32479095489116,18.754617216745494,16.183357499688487,8.600137575776781,2.3400022186733453
many_moving,368,7047,114.89673913043478,46.04322699868645,2931,47.78804347826087,46.34911890781986,42.80328199592942,21.53746461471295,18.90205402497221,16.63972659591637,8.53172363818112,2.345360417759471,42.93117150236087,21.322013486387558,18.74736811713145,16.18790250116632,8.600743565745661,2.339390624806204
many_moving,369,7055,114.71544715447153,45.96537097303118,2931,47.65853658536585,46.339982603633466,42.70761394644962,21.51511604864652,18.875506610428335,16.701557983249835,8.363665741440453,2.3356293071836634,42.92358440604319,21.31964450730341,18.742092813693397,16.191468842421624,8.598520132372593,2.3388765492429138
many_moving,370,7081,114.82702702702703,45.9679569908366,2934,47.578378378378375,46.36440617356507,42.721371915399224,21.507305155788416,18.858432003132787,16.718237817692437,8.365694259248416,2.3551867858846522,42.94763303474627,21.36795503425722,18.782788457700736,16.198435961541023,8.519309835610526,2.42603963543825
many_moving,371,7088,114.63072776280322,46.012657015158254,2941,47.5633423180593,46.30501984860127,42.76102426720665,21.522231218790193,18.87277706995084,16.736578242959656,8.44503927000861,2.3374942473575375,42.9205905532147,21.335513013915303,18.79672338676854,16.19860678789568,8.64320151772896,2.3543188828664365
many_moving,372,7117,114.79032258064517,46.04381378159098,2947,47.53225806451613,46.314221092712046,42.79154735220682,21.55321166758275,18.91287553013042,16.738895620824533,8.473729323879159,2.3506695713591883,42.958700500174054,21.323959159644367,18.760391399109388,16.16537177951799,8.686594413837346,2.3578853689510417
many_moving,373,7125,114.6112600536193,45.96715578388345,2953,47.501340482573724,46.33422214609467,42.69450625394092,21.616823077259458,18.99660148410651,16.796630363072218,8.760162143176114,2.3371466268891523,42.98584641407349,21.34593607459138,18.788906511493746,16.16304096204278,8.808614950875631,2.343049109025433
many_moving,374,7151,114.72192513368984,45.84669539354996,2959,47.470588235294116,46.32321084244158,42.593984771589206,21.524085768072883,18.951980574403247,16.847854865527363,8.506785208301531,2.3439548352275454,42.97892795607917,21.32244096172063,18.771926360772113,16.15605020860789,8.830117663382037,2.3517956606416415
many_moving,375,7159,114.544,45.94379541536691,2964,47.424,46.28065424835237,42.68687956734877,21.580272066022957,18.979822677787173,16.79929668323213,8.541609992393237,2.3580313832951925,42.94184311898978,21.304121017706528,18.7611787866597,16.157598265153922,8.795927451479557,2.3555114566608935
many_moving,376,7187,114.68617021276597,45.956813472501416,2970,47.3936170212766,46.22078498786502,42.7328542743426,21.520535615159204,18.94640883967905,16.780097674836913,8.457281293293377,2.3468987151053393,42.886497507622686,21.205899691323474,18.705019283042013,16.16342023694856,8.681173343827451,2.3434427085819767
many_moving,377,7196,114.52519893899205,45.99955213985865,2973,47.315649867374006,46.31493208778426,42.738501313333266,21.542291841537214,18.905376203231775,16.765632925494906,8.464891775056273,2.336431920075269,42.9888102614832,21.12354136434383,18.573526412305217,16.095336310741263,8.56089595224044,2.3588153642519587
many_moving,378,7223,114.65079365079364,46.01993523502559,2974,47.2063492063492,46.38138506232351,42.7547827887982,21.522796067682584,18.861025603758733,16.750048605450015,8.468970707452097,2.336205426479003,43.05698079663769,21.09617190936179,18.5205225163996,16.06916017968734,8.535511680000033,2.353654960428501
many_moving,379,7230,114.45910290237468,46.01608326604316,2975,47.09762532981531,46.43391428495938,42.747736298257756,21.586726081071735,18.921808953386922,16.767813762210498,8.652304234915732,2.3381830648036517,43.103232551404986,21.10500284624718,18.51190540358969,16.049265553475387,8.576548104363479,2.343099926777782
many_moving,380,7258,114.6,45.98704440868128,2976,46.98947368421053,46.47222888911542,42.749048908430055,21.53340194897943,18.906734047237936,16.7642915225711,8.601458406140843,2.3340954274414036,43.138641628683715,21.10846357650446,18.50433785742374,16.0365812188856,8.600990157479991,2.3364392576472
many_moving,381,7265,114.40944881889764,46.002292437209164,2976,46.866141732283474,46.497134773638955,42.764012614860604,21.555640973082458,18.937742122564817,16.743344918393817,8.525942052466526,2.351159697773412,43.163128296370914,21.108299208254437,18.496195319148086,16.029354426745993,8.627024518390463,2.333640348273072
many_moving,382,7294,114.56544502617801,46.00217891667214,2977,46.75916230366492,46.51408720197438,42.79218871353633,21.540360276032605,18.949226950752024,16.72276989591483,8.408903762557593,2.376923436559621,43.181136800874704,21.106536534806732,18.488763418995394,16.025215747131792,8.650849752437406,2.3309227430299866
many_moving,383,7302,114.39164490861619,46.01404488140329,2977,46.63707571801566,46.52600136425863,42.80037620608497,21.53871879061076,18.977002121031536,16.715810785420782,8.37057710763618,2.3678394534599514,43.19492261303668,21.104010273300677,18.482308956648403,16.02285610481357,8.671821194527189,2.3284032819892766
many_moving,384,7329,114.51562499999999,46.02554288904253,2977,46.51562499999999,46.53457510792578,42.79774308038057,21.544214305279,18.98186150863957,16.714552346338873,8.414315665992746,2.3554234259137847,43.20576681709422,21.101113646028022,18.47677895928997,16.021531110576458,8.690108732616165,2.326122216595886
many_moving,385,7334,114.29610389610389,45.96844782160447,2977,46.394805194805194,46.540845490192964,42.74961323527434,21.55531775286929,18.99556888215239,16.716067439178577,8.528139977852037,2.359735174677122,43.2144526240186,21.09804496251701,18.472032138321637,16.020808477854597,8.706040810169508,2.324086798503481
many_moving,386,7362,114.43523316062176,45.95024414668701,2979,46.30569948186528,46.546562121667584,42.7103340816696,21.6165840073101,19.02757195142862,16.732417223853552,8.567884527224685,2.368689493479225,43.22557456523519,21.095140302013654,18.469907423394403,16.018570663871515,8.722018890338648,2.3231823255840425
many_moving,387,7371,114.27906976744185,46.00239833697952,2980,46.201550387596896,46.550544318985295,42.76332890116923,21.576490929572135,18.97841101261492,16.74100026540723,8.486556363407328,2.3576812756744894,43.23347162201479,21.092620693689902,18.467760611990265,16.017413647155553,8.735983377504672,2.3216534973038887
many_moving,388,7398,114.4020618556701,46.05895512148674,2981,46.0979381443299,46.55332572349489,42.8025904837838,21.67178872683722,19.05473601369541,16.744808107716754,8.631459081011638,2.344127819910803,43.23931623350244,21.09009903242636,18.465563724104825,16.016815031786912,8.747950670404888,2.3203000706904113
many_moving,389,7406,114.23136246786633,46.06416997557135,2982,45.994858611825194,46.55342737199252,42.82163533671629,21.556475593050717,18.908576528145996,16.711218148729905,8.547049979832117,2.359628066507503,43.24140499425188,21.094482296498406,18.463898785865116,16.0231777029836,8.730738376775124,2.3198979178096124
many_moving,390,7433,114.35384615384615,46.001634542099914,2982,45.87692307692308,46.553419060612896,42.772517434831926,21.480647276085953,18.85617033587936,16.71186049853546,8.305899022948342,2.33192091194672,43.242750298950774,21.096646337445822,18.46293114408754,16.02723255431776,8.73305141863207,2.31950321043157
many_moving,391,7440,114.1687979539642,46.05050048385337,2984,45.79028132992327,46.5964837617127,42.777240545173484,21.616621267200717,18.988694892174685,16.739051624311326,8.318531693970186,2.3255957300925485,43.28299670942532,21.10117825419348,18.451164663441737,16.013013741696003,8.863836586594115,2.3219756873891737
many_moving,392,7468,114.3061224489796,46.117234978909046,2986,45.704081632653065,46.54908225182122,42.824574108248896,21.62161988057051,18.99551681460632,16.739319363476955,8.379412853082968,2.3390861586826865,43.231779054728335,21.119473647406476,18.51866631705551,16.058561148173425,8.940939352106735,2.3227680896592124
many_moving,393,7476,114.13740458015268,46.09878358303051,2987,45.603053435114504,46.51296537584681,42.83656257137705,21.57375002074143,18.932627136305012,16.722344931123867,8.535722355090158,2.3469416979451134,43.194088812852186,21.118674859942644,18.54672997378371,16.077269071883332,8.934863368296247,2.3324632542979664
many_moving,394,7504,114.2741116751269,46.05454734944767,2988,45.50253807106599,46.47625664583401,42.76953967702824,21.653208104837656,18.99274738141134,16.745769286007242,8.531062150009863,2.326393813691273,43.161051763069125,21.10302441826137,18.55094846225408,16.089732386419236,8.862693320528486,2.3331941933162996
many_moving,395,7512,114.10632911392406,46.05338826005522,2992,45.448101265822785,46.46569940482855,42.76112984400301,21.681338334937507,19.00048971255417,16.750187161800408,8.625469603622765,2.3534169329998407,43.171912944842134,21.141328019187362,18.556378354220826,16.101760434393192,8.906911684501578,2.3045702566866972
many_moving,396,7538,114.21212121212122,46.05633772194876,2996,45.3939393939394,46.49660537685168,42.77467232432425,21.6147315919352,18.91772762969346,16.74651732317731,8.616558326252735,2.3421886520127484,43.18754113522917,21.114883118616557,18.545940138790254,16.067592150968984,8.842185700023458,2.3429545964878766
many_moving,397,7545,114.0302267002519,46.0792257499299,3001,45.355163727959706,46.50169352274828,42.790830588003296,21.60212625241607,18.940118373872025,16.75960505820269,8.458044474697086,2.3371989019230988,43.18949020057958,21.076861801824844,18.525393627153026,16.05544059004089,8.79427881534233,2.341728908439465
many_moving,398,7573,114.16582914572862,46.06205784921176,3004,45.28643216080401,46.461765763330106,42.771053396289645,21.593142120198642,18.93576085539041,16.77957593666374,8.457905447488617,2.3466019956121618,43.142918306808625,21.150634843790844,18.592106555691526,16.078337907351145,8.899387571620279,2.346663419071842
many_moving,399,7581,114,46.09651989736973,3007,45.21804511278195,46.44043776924231,42.82360594358041,21.640740987101868,18.987134231612814,16.76093137438163,8.607960791984539,2.3308873689499037,43.109855075774114,21.20132816056717,18.65093685432194,16.082423890298926,8.961266771782794,2.345883981385704
many_moving,400,7608,114.11999999999999,46.09153085798047,3011,45.165,46.45059607902393,42.81101053285007,21.64830260882214,18.981616142056417,16.766707730809866,8.707389571969044,2.335554052217687,43.139436691816215,21.130068779750992,18.593933046163848,16.060880853333416,8.917911358939934,2.3565445084105137
many_moving,401,7615,113.94014962593516,46.103614873805924,3019,45.1720698254364,46.43616466537589,42.81849973603535,21.70076346397987,19.01954560286892,16.768818440038913,8.675356995995106,2.3300791966453995,43.114685349832556,21.123076733518793,18.59351919488758,16.0545133386198,8.830959394871646,2.311229851683938
many_moving,402,7644,114.08955223880596,46.0921731977402,3025,45.14925373134328,46.43556734382822,42.81953700559026,21.61367442258381,18.96812996847709,16.773705891613428,8.511901131421983,2.312848706772134,43.127253666443956,21.098490938833137,18.57778734405962,16.03508641615303,8.781532481422559,2.3453447660705056
many_moving,403,7652,113.92555831265508,46.05602031767316,3030,45.111662531017366,46.397333862473886,42.811359525416975,21.58199616989119,18.947869201620932,16.787994566450987,8.574149335221044,2.334410131999321,43.09559539895164,21.094386366404002,18.598059662727742,16.04747926809667,8.672823252197208,2.338486191891765
many_moving,404,7680,114.05940594059406,46.02251195622035,3034,45.059405940594054,46.376445860608165,42.77190362041496,21.629819480595668,18.98425583488198,16.815501984443152,8.602126499943699,2.3311507194617556,43.07988853986761,21.099310069310793,18.6387117537221,16.062429214998915,8.687477999797848,2.3515631215701327
many_moving,405,7688,113.89629629629628,46.021116992024716,3038,45.007407407407406,46.379528446477416,42.772984372691646,21.664788621600227,19.03366969936114,16.811495781250088,8.612387063661838,2.3378504422735236,43.086496148215254,21.10521214982438,18.674379402120092,16.049342070239483,8.512597349033763,2.350834797490694
many_moving,406,7715,114.01477832512316,46.009879466766535,3043,44.970443349753694,46.371940842583584,42.737843202515606,21.65221538652898,19.005256781899952,16.824229811252014,8.624871932566013,2.331040913843328,43.08148408188497,21.089238951743443,18.66713305385796,16.048068004195134,8.566869131248374,2.355232699747552
many_moving,407,7724,113.86732186732186,46.026297193657406,3048,44.93366093366094,46.4377147216656,42.75190335436752,21.62335994989688,18.990446769168788,16.810663788214793,8.69058718245713,2.342686038474375,43.1550290199885,21.099806908953713,18.649187122299782,16.018672559827568,8.650688371260618,2.3452001713896533
many_moving,408,7752,114.00000000000001,46.04214763807052,3051,44.867647058823536,46.47864297556209,42.77842984799152,21.67009177507416,19.054255345169256,16.787072251921572,8.737228128266455,2.3456711037434377,43.198340215905404,21.1158559666439,18.663174003191244,16.012497916336024,8.630776068784531,2.3430201501270775
many_moving,409,7760,113.83863080684597,46.072690485442834,3052,44.77261613691932,46.47770033156136,42.81705270306046,21.724672583279432,19.09139510383439,16.759788277713078,8.596438853493666,2.3366059832500565,43.20831313533991,21.089693374574047,18.639694766746505,16.008626262949978,8.646425964414192,2.350936317022479
many_moving,410,7788,113.97073170731707,46.06118837495115,3053,44.678048780487806,46.47869373203396,42.76597349830999,21.672963755953536,19.012231920836157,16.78124206091652,8.541622330254004,2.327379149567672,43.21622320747437,21.071992961776534,18.624277252210522,16.004766580848408,8.636837563466594,2.3493250764112763
many_moving,411,7795,113.79562043795622,46.15586830336582,3053,44.56934306569344,46.48119507937546,42.83348843178718,21.698489873655888,18.980267967820414,16.76515943280918,8.744762534188283,2.3125270066041073,43.22327882076446,21.05966710092941,18.612341487345503,16.00142675873724,8.635296541026115,2.3486106031712852
many_moving,412,7824,113.94174757281554,46.240739288471524,3054,44.47572815533981,46.48451115940172,42.95827240945733,21.679988097023617,18.951985785805487,16.73553045617738,8.84941820683241,2.3387429789717284,43.22970954131722,21.05066242374725,18.60268655640066,15.998390567925842,8.637156338059278,2.3478116342478303
many_moving,413,7832,113.7820823244552,46.156944082850806,3054,44.36803874092009,46.48810562661388,42.88366458417747,21.656429300439747,18.94222289264515,16.72485832466584,8.906208669034177,2.3379829087389217,43.23552588660706,21.0436744255221,18.594526960529535,15.995565015551758,8.6404007200654,2.3470541201231017
many_moving,414,7860,113.91304347826086,46.06118396161733,3054,44.260869565217384,46.491665908755664,42.779876877614576,21.58134286236562,18.889331088921917,16.744205554118984,8.726597834082623,2.3254220359691167,43.240741292941905,21.037914623985174,18.587370900110834,15.992900909579228,8.644095786713173,2.346376056013417
many_moving,415,7867,113.73975903614458,46.06801914868919,3054,44.15421686746988,46.49503426202176,42.76834706610268,21.57987472301726,18.91942544023918,16.763070859346072,8.584658467032519,2.3185283284302964,43.24539413274779,21.032912839218323,18.5809127556278,15.990365903928472,8.647798430265187,2.34578377639888
many_moving,416,7894,113.85576923076923,46.07173517543012,3057,44.09134615384615,46.49313020449206,42.80453504861383,21.561276037039004,18.93585652117858,16.75226044634263,8.48898783743396,2.3427969632605454,43.23088300582377,21.03907004479205,18.57474044107876,15.99687749624697,8.658520913471502,2.343824214495712
many_moving,417,7903,113.71223021582733,46.03082697005417,3058,44,46.51475190737838,42.771335827725906,21.517118557013035,18.94934325993836,16.78203959117796,8.425975407756415,2.3469795744207533,43.24281661256834,21.04192172775603,18.563845036966296,15.989199857846325,8.67080288320513,2.3536617146118095
many_moving,418,7929,113.8133971291866,46.014810340747594,3059,43.90909090909091,46.52853395424022,42.77811162946503,21.552780146191857,19.007757898740856,16.795213053917482,8.452143567294735,2.3609660791442737,43.25160140825417,21.042824804668296,18.556819110959065,15.984433473673539,8.687744385755604,2.35292625234952
many_moving,419,7936,113.64200477326969,46.080971182579525,3060,43.81861575178998,46.486327786587374,42.848757218459326,21.573743539976455,18.956235509668733,16.78631052493633,8.574030440402083,2.3395744443039,43.19639534714358,21.050795733341545,18.531704700849208,16.013634076624687,8.67911885689594,2.340632462389794
many_moving,420,7963,113.75714285714285,46.13424557513074,3060,43.714285714285715,46.45097109264504,42.93525734281151,21.615131128241657,18.981820931377673,16.754514005992153,8.624911671024844,2.3373965472566733,43.152384368239055,21.051400270477004,18.508581181722825,16.03404623021737,8.619393287699515,2.341514566484327
many_moving,421,7971,113.60095011876486,46.101515686682035,3061,43.62470308788599,46.40993538561926,42.86751673357049,21.705388472777827,19.066907563440665,16.763668738855433,8.7346256180915,2.326759786443698,43.10753520348094,21.05263080709947,18.499636873498627,16.05400564926037,8.538616393171488,2.3380836584942033
many_moving,422,8000,113.74407582938389,46.098213440449,3063,43.54976303317536,46.355429530277306,42.834916357171835,21.661120426270767,19.016972725353114,16.75518328548266,8.714284017487957,2.3359409931935566,43.04969227181891,21.035549290604873,18.47679097785746,16.06718150834945,8.43043218586171,2.342543981130584
many_moving,423,8007,113.57446808510639,46.114860218859754,3064,43.46099290780142,46.30816093061681,42.852030780954806,21.58092719521599,18.9376457853381,16.767095214781015,8.651334350558331,2.3317447809876963,43.001859132510916,21.01048547829427,18.45880237357327,16.081443818700038,8.502216051782861,2.3529108974479103
many_moving,424,8035,113.70283018867924,46.03613773692216,3065,43.37264150943396,46.28059471614205,42.79149912442767,21.589338904589415,18.985314542977097,16.794115714090818,8.560952237375943,2.3236824658037554,42.97555386846177,21.003120779807375,18.45349809471989,16.078135194373193,8.44971090822952,2.3501666681580904
many_moving,425,8043,113.54823529411765,45.96250527403915,3066,43.284705882352945,46.26229607135655,42.74042163760221,21.587517395485158,19.02356934407711,16.82148287659404,8.521619450902314,2.359052441497156,42.95899151534436,21.005863455703878,18.46509116147309,16.075733924873187,8.443187952303639,2.347300914592809
many_moving,426,8068,113.63380281690141,45.94116134811356,3066,43.1830985915493,46.25832192502591,42.69294074049845,21.62402447239094,19.058279583322907,16.84564751838777,8.481534237291733,2.3709061222883268,42.95642043336127,21.008356386035196,18.46960079881969,16.074720017405888,8.440057808635771,2.343439406747577
many_moving,427,8075,113.46604215456675,46.012141414793476,3067,43.096018735362996,46.25916464559123,42.74280005966325,21.694836103746997,19.075928128916697,16.78476056556895,8.473717121683762,2.3626706366133483,42.95855633840055,21.009739819393012,18.470800050124346,16.07410248222925,8.440969025481136,2.3411228758211857
many_moving,428,8102,113.57943925233644,45.979027487362906,3067,42.995327102803735,46.261609973150165,42.712288285403154,21.680263149466022,19.053045541218083,16.780112952620726,8.516264848015853,2.359501853822238,42.96221886384274,21.010531634007698,18.470775943718323,16.074018461946693,8.444165457048907,2.3394910636924844
many_moving,429,8109,113.4125874125874,46.03155509690689,3067,42.89510489510489,46.26447724250618,42.75863565117435,21.67485414726089,19.054228640251946,16.754897237448212,8.575278858902212,2.360622324906058,42.96622308091718,21.01111003503373,18.47044880339005,16.07434989926901,8.448284523449871,2.338199509611452
many_moving,430,8137,113.53953488372093,46.03766155193919,3069,42.82325581395348,46.26756649928088,42.76691287466162,21.60492535526126,19.0031210093862,16.749063783234284,8.50793444068804,2.3538665450168716,42.970277221722604,21.011926275094815,18.470318263197914,16.074942096165973,8.452669269549215,2.307220591681126
many_moving,431,8145,113.38747099767981,46.09774319648127,3075,42.80742459396752,46.293629972865226,42.828478580830485,21.69279399849844,19.090959572009837,16.74164063960751,8.6938889176933,2.357892960025012,43.001479053951826,21.02490861708142,18.485099356991864,16.068138829123463,8.488416686100424,2.335128145241088
many_moving,432,8173,113.51388888888889,46.04046526282869,3079,42.763888888888886,46.28125089732254,42.742734019485155,21.66669635157162,19.066889985869487,16.785089525723034,8.509793958440627,2.3481851018060667,42.99702359457386,21.028691533153996,18.499300404975948,16.077341067938114,8.484010028177698,2.3230489393310654
many_moving,433,8179,113.33487297921478,46.11587884948973,3083,42.72055427251732,46.269355468064695,42.81424902984804,21.645621643113373,19.017594876650538,16.768316758531505,8.654146072281783,2.3586600557410353,42.99192966038073,21.025465002985072,18.501969493287156,16.08908840184505,8.502717497216915,2.32753358730858
many_moving,434,8207,113.46082949308756,46.12319964543776,3087,42.677419354838705,46.279608728075594,42.82053651656029,21.661968783936285,19.015787902062144,16.7650116777485,8.718643029293673,2.3436445844375235,42.9962363777391,21.045781038656692,18.511644398456173,16.088613472943223,8.52416197424675,2.340824906627152
many_moving,435,8214,113.29655172413793,46.07859553575847,3090,42.62068965517241,46.252610830925995,42.79808709365694,21.59709807193289,18.968798540238044,16.73259812098438,8.55724590069324,2.36714556917657,42.97580300696879,21.02700781288144,18.49223249315967,16.089788065832913,8.49366815875052,2.3408227663969776
many_moving,436,8241,113.40825688073394,46.02106380178895,3094,42.57798165137614,46.27638151060117,42.73810871125123,21.56437280824572,18.92816541760937,16.736761624341856,8.473256208651831,2.3495625299691896,43.00097453843829,21.0187915951806,18.470784325247195,16.107334902966038,8.559041246373548,2.327205361877969
many_moving,437,8248,113.24485125858124,46.00691081050393,3097,42.52173913043478,46.30161808124762,42.70527857342515,21.590741449132253,18.939045756058903,16.789455474327255,8.633316087696283,2.3379792468437177,43.017707660833466,21.034978634279664,18.4833027936959,16.109649238455788,8.678762026295459,2.3274363862736442
many_moving,438,8275,113.35616438356165,46.04400300955493,3097,42.42465753424658,46.34147837456762,42.7504387171383,21.65429757133799,19.005362204239894,16.794141306574264,8.812320233985986,2.3556633648951357,43.05107644235576,21.067611829760814,18.503939309076085,16.110136790686926,8.631721242563458,2.319232918839077
many_moving,439,8283,113.20728929384966,46.054671928363476,3098,42.34168564920274,46.362217872831316,42.73768615072386,21.65908548688977,19.01867302517182,16.79764752702225,8.51860214516087,2.326325868252942,43.06734567887024,21.07589691452054,18.506102768143396,16.108244087480866,8.628642202005476,2.328922682919595
many_moving,440,8309,113.30454545454546,46.103129960973334,3099,42.25909090909091,46.37340318428727,42.81249246226152,21.690448574175793,19.081786832522933,16.756589593839074,8.46897256092894,2.342361687358731,43.07536240042956,21.076847607106647,18.500108494154368,16.107870710671843,8.641968995635246,2.3302411621944477
many_moving,441,8317,113.15646258503402,46.06817217098053,3099,42.16326530612245,46.377136233524304,42.80797818922565,21.740005621676445,19.177762419235467,16.74630794472943,8.747679280452434,2.37237580054037,43.0768535155086,21.07740332355418,18.49775094769917,16.108116259551018,8.650050883662814,2.331871187599478
many_moving,442,8346,113.29411764705883,46.048784297251586,3100,42.081447963800905,46.37874649904081,42.775087649734154,21.6899699636213,19.135325707215312,16.75978630378664,8.743751830717024,2.3615282739226036,43.076688515825566,21.0783319803782,18.497152593472922,16.10849759732922,8.653707297723372,2.332805575110345
many_moving,443,8354,113.14672686230247,46.02140995031104,3100,41.986455981941305,46.37968279366356,42.74887416987421,21.610839629754366,19.037333584018466,16.74536437729104,8.410887982799707,2.387729254392985,43.07612991233335,21.07942290099065,18.497243085975178,16.108858552946874,8.655090458942887,2.33345017283348
many_moving,444,8382,113.27027027027027,46.007638956288375,3100,41.89189189189189,46.38041800221066,42.72118194418324,21.611902680773998,19.027687104495648,16.743851169913704,8.43360340467974,2.378319426610623,43.07555770064485,21.080517749738657,18.49754017894911,16.10916055813674,8.65550461319594,2.3339463124958724
many_moving,445,8389,113.11011235955056,46.070711665881866,3100,41.79775280898876,46.381128016202354,42.79290707414823,21.594419048436666,19.041048402062625,16.72199393546022,8.518711108639547,2.353560881646377,43.07509534392932,21.08155783681734,18.497851734397308,16.109404424683106,8.655591858776347,2.3343508410808593
many_moving,446,8417,113.23318385650225,46.06861798267385,3103,41.74439461883408,46.39229865806362,42.75301205419151,21.662190554631344,19.07959258253053,16.75266988007687,8.541988777562846,2.3488532699129085,43.11292038296155,21.07846382511519,18.513018077610916,16.091531744388867,8.668716104716184,2.336322817223844
many_moving,447,8423,113.06040268456375,46.07389061099804,3104,41.66442953020134,46.41018296743141,42.77474531923483,21.66882652375459,19.054826026925014,16.73087008712678,8.428977230868034,2.3514976573841526,43.142372182143,21.081733773176264,18.520128906424286,16.075960916604792,8.680118893257028,2.3376735306898166
many_moving,448,8451,113.18303571428572,45.98398909398196,3105,41.58482142857143,46.4210044569019,42.70366244640432,21.637728118067773,19.00692420592271,16.75129787595038,8.359700190589155,2.351879917956292,43.15891639786804,21.086409957360726,18.52570333062905,16.067238776202178,8.698357593621505,2.3381110235250184
many_moving,449,8459,113.03786191536749,45.93300746509698,3106,41.505567928730514,46.45632142073783,42.65202102525447,21.544576022485945,18.96267688206723,16.78191310425996,8.431809953171323,2.36640966399186,43.1998145462754,21.093744823699744,18.55014996661567,16.04588787217083,8.7541476759789,2.336269440033302
many_moving,450,8485,113.13333333333334,45.8902814968943,3106,41.413333333333334,46.4782575419784,42.62508422469205,21.596968827867407,19.081396429926496,16.80005195130493,8.432412342951562,2.3535790023926784,43.22532055204262,21.098185283113043,18.563877825306655,16.032746647711296,8.787914460695296,2.336132966361256
many_moving,451,8493,112.98891352549889,45.92032617922609,3108,41.348115299334815,46.46169752189777,42.70481526858467,21.515172377852,18.964787408846245,16.77970752299835,8.491837961353916,2.3537578067201776,43.21328357701647,21.101600785046486,18.578953379595475,16.035547736631937,8.731682962215054,2.3346360278806215
many_moving,452,8521,113.11061946902656,46.0318877204232,3110,41.283185840707965,46.44406206906927,42.81100455790814,21.549024828475545,18.947092147541984,16.759718266567827,8.584924196486384,2.3573682116318904,43.198333928062794,21.10121700308493,18.589284528658336,16.018485058389825,8.724711752505444,2.3476055364529222
many_moving,453,8529,112.96688741721854,46.06120687179905,3110,41.19205298013245,46.41575392421796,42.813407063253834,21.593974331170266,18.982686461081304,16.760645221698137,8.573513560683388,2.334747522107266,43.17212601318428,21.082666344870297,18.580790907254492,16.009485908710158,8.762984985971254,2.3579481377335076
many_moving,454,8554,113.04845814977973,46.04915043186781,3111,41.11453744493392,46.364426736883594,42.78044990095117,21.544957290689805,18.924567826593176,16.781258690016287,8.408067910662272,2.3306478794448653,43.135098941257155,21.035723945627286,18.543693965973794,16.00577342309382,8.707484379536016,2.359095354182183
many_moving,455,8561,112.8923076923077,45.972494180525665,3115,41.07692307692308,46.327971390168045,42.704500340742115,21.506614857391195,18.87701223121438,16.806499604488742,8.420178474923294,2.350310500863665,43.13261631207393,21.010948121031962,18.47240870231379,16.018443671183153,8.756552410065002,2.33017050550774
many_moving,456,8589,113.01315789473685,45.88409957783984,3119,41.03947368421053,46.26947612289582,42.605625546248724,21.495825569251945,18.878791452882176,16.826608925157128,8.399384881854363,2.3283021769104164,43.06299067660816,21.00407074586092,18.48784988885297,16.033808749217712,8.730299173921157,2.365307095873896
many_moving,457,8597,112.87089715536106,45.886450807660026,3124,41.01531728665208,46.235010200463094,42.63701605331221,21.54297379570645,18.9729162400673,16.83011230604008,8.309999694888578,2.3594632161217386,43.01364079174743,21.004357111744664,18.497949737088398,16.053239411352177,8.742572256529032,2.3610506116345986
many_moving,458,8624,112.97816593886462,45.858687950989356,3132,41.03056768558952,46.23916458981004,42.59174769202705,21.62677242118918,19.05043353739076,16.858538902495148,8.288460028060808,2.352778113153884,43.011377936177645,20.99471617176262,18.54999513371186,16.076641252870523,8.72579935035094,2.3814188585161937
many_moving,459,8632,112.83660130718954,45.9370636219493,3140,41.045751633986924,46.246241932719194,42.66277922403949,21.61608123880648,19.007429597306142,16.82276874167733,8.499645989141847,2.349555184391765,43.021989770104156,21.0279756564259,18.51871516885525,16.04995695211912,8.772910757482009,2.3661158553740527
many_moving,460,8659,112.94347826086955,45.96095860570362,3148,41.06086956521739,46.279415734729206,42.681972605762226,21.593728469352353,18.97939906016979,16.81219238240526,8.502965839324728,2.327407747509515,43.07231184431619,21.038672786526273,18.48420246761568,16.041387498916162,8.6966932649174,2.3669562817807037
many_moving,461,8666,112.78958785249458,45.92017982336931,3158,41.10195227765727,46.263719022995744,42.63194591760668,21.66421731642135,19.06470747998923,16.85580659083747,8.495211564124585,2.3398725548547263,43.015903009893336,21.04156100589991,18.49372382030544,16.081979661437234,8.679353092074127,2.3358342679663724
many_moving,462,8695,112.92207792207792,45.87805063309577,3164,41.090909090909086,46.230684737164175,42.57769069628542,21.71988279793602,19.121726976620952,16.887984363388735,8.46596751632859,2.3441944216515833,42.93839146958407,21.027111696118254,18.47026297858605,16.0913055430859,8.537098806475218,2.3317440177723823
many_moving,463,8703,112.78185745140388,45.91235397019641,3169,41.066954643628506,46.19154702847464,42.61637189076899,21.670179777117028,19.010610104951063,16.8673082265774,8.710781228872758,2.3450259864071983,42.868514767594284,21.012274301894706,18.459873121312853,16.136912572821917,8.581625148577267,2.346379359837433
many_moving,464,8731,112.90086206896552,45.886754576796136,3173,41.0301724137931,46.192811919231055,42.595103301453385,21.6785208292185,18.997115128886144,16.866491580954573,8.690889588281566,2.3393243779839947,42.85637306732709,21.01596977607448,18.454705667840983,16.11858054464365,8.49006777757857,2.3356318926623585
many_moving,465,8737,112.73548387096774,45.890140795158615,3173,40.94193548387097,46.19480361493822,42.61972953914,21.710111865148757,19.05060767553566,16.854719874078555,8.585916238742922,2.3370988927812704,42.8483933367303,21.02138203796783,18.46525399473932,16.125450161706024,8.453825238979391,2.3403865730620392
many_moving,466,8764,112.8412017167382,45.879392069415935,3175,40.87982832618026,46.24246812401247,42.633152607358994,21.69491403659051,19.069249540025783,16.847621298038177,8.46812642605708,2.3394251683746914,42.8870851685409,21.020522861833108,18.453179675731977,16.110451163164416,8.54970113467958,2.346968164761046
many_moving,467,8772,112.70235546038545,45.915430567637294,3177,40.81798715203426,46.31085670242362,42.682229343071285,21.635479509185306,19.012094094244976,16.798170846644293,8.424576316895626,2.3444635265907348,42.95925706934021,21.007314913482904,18.398132843512347,16.09101929026789,8.673058025765695,2.3353394710480613
many_moving,468,8799,112.8076923076923,45.93140286232019,3177,40.73076923076923,46.35009750048484,42.66612918173507,21.6265135858485,18.984842837013872,16.793802052410197,8.460607394245232,2.3469977195364677,43.00040719083423,20.998569155288713,18.374195110938913,16.083753961297887,8.658566342907204,2.32837327274813
many_moving,469,8806,112.65671641791046,45.94108451357351,3178,40.65671641791045,46.38725121142572,42.643130406752455,21.612425917882724,18.962559414861182,16.880895305733723,8.617295237093916,2.3553272852520135,43.035193516853084,21.014003603184815,18.38390508980364,16.07693904351316,8.720713611828593,2.31288107543957
many_moving,470,8834,112.77446808510638,46.019306822047746,3178,40.57021276595745,46.4149266920452,42.7345775870001,21.59181931845028,18.967988391911295,16.872965793896583,8.686831610563832,2.3408544401118645,43.06198517675294,21.023826204456192,18.391091008242245,16.073436447134405,8.760508428324567,2.3079870418610224
many_moving,471,8841,112.62420382165605,46.04141203003399,3178,40.484076433121025,46.435016340628444,42.762236214917806,21.642984580977274,18.987693881083594,16.834774076785653,8.403056224454332,2.3308794948604428,43.0821645565205,21.029390450977672,18.395590024964953,16.071723927881663,8.788481018305903,2.30483323359361
many_moving,472,8869,112.74152542372882,46.0301226180248,3179,40.41101694915254,46.44958354750557,42.73837673955306,21.649073500696026,18.95411143186881,16.8401521180022,8.409917198090389,2.339464897468729,43.097378841199195,21.032189719473916,18.398153247818104,16.070995401077276,8.809200679177327,2.3025557327081128
many_moving,473,8876,112.59196617336151,46.098599214993804,3179,40.325581395348834,46.460204823570436,42.79971043579394,21.678868113802636,18.988653134630795,16.851552545759862,8.66411959242107,2.310201520607994,43.10892767998877,21.033255296412868,18.399443347061947,16.070789964719722,8.825020457556576,2.300791636824145
many_moving,474,8904,112.70886075949366,46.111992581270904,3179,40.24050632911392,46.46799592343571,42.83400340822443,21.734005524666426,19.081293341980942,16.865235972150657,8.67589873027761,2.29321560361472,43.11775772900483,21.03323388842946,18.39991562888163,16.07083291967149,8.837317358146255,2.2993761914865325
many_moving,475,8910,112.54736842105262,46.12275510596115,3179,40.15578947368421,46.47373541979481,42.86966232975984,21.748986039838172,19.10070589502451,16.819790447403115,8.701376781114146,2.303950011501365,43.12455013740901,21.03252361853264,18.39986271345126,16.070959500767227,8.846973150837506,2.2982246150094188
many_moving,476,8937,112.65126050420169,46.17323218531119,3182,40.10924369747899,46.48949876975985,42.9144326484652,21.836992047915793,19.173948558942946,16.77642851468159,8.807220673372544,2.3195670192125615,43.17478735813468,21.013604100069607,18.408362545274304,16.0511750076222,8.848868745829748,2.3049303894887485
many_moving,477,8945,112.51572327044025,46.158734498460156,3183,40.0377358490566,46.50741063750597,42.8994220737906,21.768453139419616,19.139490664516835,16.780895138366287,8.750931211791695,2.3429838567572,43.21886769856123,21.000598264131508,18.413944701831785,16.031437763885762,8.847319208824095,2.3017164992705315
many_moving,478,8972,112.6192468619247,46.0561122669153,3184,39.96652719665271,46.518040949367965,42.79085597729572,21.721935555737527,19.114720988641086,16.824713575608758,8.646008843275066,2.3374559547190863,43.24315931845685,20.995798213160242,18.41804837884991,16.02031875803033,8.861425988317528,2.3017779485889185
many_moving,479,8979,112.47181628392484,46.03917211437952,3186,39.908141962421716,46.53510430257601,42.770937931172774,21.705233593032396,19.08181475415642,16.787210692595906,8.62704463970637,2.3245087545884404,43.266146770148616,20.996125314651383,18.421143909924858,16.011698020213295,8.868351251088678,2.2939316455084358
many_moving,480,9007,112.5875,46.01219909236663,3186,39.825,46.543087784910796,42.75519067298474,21.621333441715194,19.01091191601268,16.771568103876394,8.487362604093585,2.3275009413497214,43.2777674588288,20.99532685184986,18.423108781514316,16.006191733090244,8.884413069861207,2.2948447460855665
many_moving,481,9015,112.45322245322244,46.02567388466267,3188,39.767151767151766,46.52793627864599,42.7526430466935,21.67896030417762,19.038340476962855,16.80343227025749,8.589023162453614,2.3399133450388034,43.26672207934396,20.993060623119828,18.4259494325253,16.009863923525348,8.852982876338757,2.2914748134108613
many_moving,482,9044,112.58091286307054,46.00345431844343,3190,39.70954356846473,46.51303628231815,42.730064616826496,21.71439819306848,19.03784985658406,16.823796244740752,8.680714247417551,2.355974708374953,43.254510329189806,20.988095956752304,18.42659629703366,16.002537048542226,8.795418044594829,2.295889433551065
many_moving,483,9052,112.44720496894409,46.0638762808535,3190,39.62732919254658,46.512403638781564,42.80539752902227,21.728485377257506,19.07731483139164,16.81118464017169,8.5130240910866,2.3163974563318934,43.255424358939486,20.98845644871829,18.418640474795282,15.98242902954624,8.773350494216935,2.2902073016499993
many_moving,484,9080,112.56198347107438,46.09729380068709,3191,39.557851239669425,46.50347099799243,42.872854934955484,21.682448896520906,19.040359377816298,16.792320112689083,8.50708233773967,2.32999183980537,43.24671518260131,20.985289031765294,18.414734591535712,15.971374362381441,8.742043973774733,2.289593976052868
many_moving,485,9087,112.41649484536082,46.082599488328796,3191,39.476288659793816,46.49521393508937,42.82770331196473,21.728088258710578,19.068590376208036,16.80533678223395,8.6623044082043,2.314341601923354,43.23814101527266,20.98074448961639,18.411140430436127,15.963708591356616,8.722108501712967,2.2910237155513746
many_moving,486,9114,112.51851851851852,46.047042035347545,3191,39.39506172839506,46.48852349419445,42.778280343789575,21.66795098275725,19.004159524570294,16.821115191742834,8.569799504349298,2.3036863050497294,43.23096939522232,20.976062135302023,18.407894645161168,15.95758238981606,8.707393333916395,2.2925447830420547
many_moving,487,9121,112.37371663244353,46.03533051817683,3192,39.3264887063655,46.483245086526594,42.78778228811421,21.66220648832361,18.999184961093018,16.874712831036387,8.655245410504694,2.2969359526783184,43.22519361333721,20.971545959982393,18.4049480838731,15.95226884270154,8.695608841397778,2.2939916523851647
many_moving,488,9148,112.47540983606558,46.066055546845796,3200,39.34426229508197,46.437259959251335,42.80522080262904,21.65827954658296,18.991295105110794,16.904459406351325,8.611403729641278,2.3093036651894314,43.170829494491834,20.96511073730711,18.423112939105387,16.021000746644273,8.815497891706691,2.400489133934606
many_moving,489,9156,112.34355828220859,46.05704714032086,3207,39.349693251533736,46.44648804275541,42.80677511885496,21.589064982128594,18.960569597374448,16.868453801157926,8.510240292929515,2.329340125489312,43.18511893363234,20.96403910710319,18.42777737921538,16.029257935910696,8.798098677466772,2.3091958536914214
many_moving,490,9184,112.45714285714286,46.03762022093017,3215,39.36734693877551,46.475214394488376,42.77363616732917,21.54581827556356,18.928939154063777,16.86345588258535,8.483231274780525,2.3051174705766466,43.21065306678343,20.99238453129714,18.457811378130376,15.991129258469378,8.743374216493839,2.3002516213994095
many_moving,491,9192,112.32586558044807,46.12823735692493,3226,39.42158859470469,46.488922002829916,42.86417889295431,21.611394479252766,18.991320672150326,16.75860903236573,8.581776494729757,2.330119153797438,43.19404112189532,20.974497423126778,18.39434546876468,15.990865477758653,8.672683541316328,2.296925914717672
many_moving,492,9220,112.43902439024392,46.09707339814202,3233,39.426829268292686,46.490133471113325,42.8262299918991,21.66117369549355,19.024503409418863,16.736267194119403,8.602451477801221,2.354386408953756,43.177316390433205,20.986528014020816,18.404571218503783,16.02574767294621,8.719476078789643,2.2997444316985254
many_moving,493,9228,112.30831643002028,46.06633562161785,3241,39.44421906693712,46.4479889322345,42.793751936447514,21.690139694293272,19.088586938926298,16.787108713901418,8.71582567106946,2.343012540141612,43.11650932303256,20.997589961157807,18.45417578602492,16.067304096415455,8.707409003249616,2.2904339770188815
many_moving,494,9255,112.40890688259111,46.0479261830052,3249,39.46153846153846,46.431724697407255,42.77528081196152,21.663427844081603,19.096585657152023,16.81774482546354,8.598684887876543,2.349322223503811,43.101282706652164,20.960667628389686,18.435030736853477,16.07684029788553,8.65982958920134,2.3383758636385052
many_moving,495,9263,112.27878787878787,46.07355833076225,3249,39.381818181818176,46.41916864090093,42.8194216218876,21.72375950133763,19.116093941493098,16.814024500761736,8.604182193504954,2.338807335410307,43.08805561452458,20.936329460854626,18.416619503281943,16.061865250789563,8.586947229210107,2.3426759401142583
many_moving,496,9291,112.39112903225805,46.113996278299894,3251,39.32661290322581,46.400428125997045,42.85273148172953,21.74305345721834,19.073633407296985,16.816742062170995,8.697438399410352,2.3338222540388136,43.06710763769048,20.923831752679707,18.412447662156662,16.054332555377826,8.544533261346157,2.3449086897250724
many_moving,497,9299,112.26156941649899,46.08528055063742,3253,39.271629778672036,46.398728771136696,42.8347538862203,21.669795766624084,19.03900140743909,16.79782132536616,8.512690267381853,2.332814513221871,43.061736393188234,20.927672515163646,18.426599987856534,16.05062032669576,8.46736419119912,2.3482652948928804
many_moving,498,9327,112.37349397590361,46.06833913009706,3253,39.192771084337345,46.39524873395227,42.823835153088524,21.667697408795974,19.070587311857885,16.78126562588987,8.494202681429005,2.3557273822206337,43.054399587339155,20.928640069191562,18.429068591891873,16.031964271627107,8.475599240504016,2.348668646254018
many_moving,499,9335,112.24448897795591,46.036716146779575,3253,39.11422845691383,46.386041153350654,42.7750121645702,21.58576292891855,18.9792724576894,16.817479106574048,8.389022587228837,2.3354467824565384,43.039802988147535,20.931684589005517,18.440081814743277,16.02867595810931,8.445850460201592,2.353339955484731
many_moving,500,9361,112.332,46.024002139441144,3256,39.072,46.3610789484175,42.750214272039486,21.641066683692692,19.01619637741205,16.832200930649172,8.415853322886619,2.346070507528671,42.97337298797298,21.03337922030931,18.549649436174462,16.032985739834757,8.519096744573478,2.4023000202359492
many_moving,501,9365,112.1556886227545,46.08832142282147,3260,39.041916167664674,46.36560836304415,42.80345294589327,21.66427829581175,19.039537742187985,16.822058048290966,8.492889777901418,2.3355421366957905,42.990816053402284,21.031763922798397,18.542312698833342,16.026315599591054,8.523489529923847,2.365806135809847
many_moving,502,9393,112.26693227091633,46.1342973359468,3265,39.023904382470114,46.355915184893654,42.87178104251959,21.63037262367016,19.028573852448396,16.796168351561263,8.53574751111358,2.3194427739144095,42.995630676889675,20.94483556836378,18.487374957909893,16.02180926916932,8.41727686654496,2.3601921569779343
many_moving,503,9399,112.11530815109344,46.07157093848725,3269,38.99403578528827,46.32639510477926,42.80041237107538,21.6600187755424,19.043493382326112,16.820392819083835,8.720210064297175,2.317597667088052,42.95768850045173,21.00413345287072,18.543146110969374,16.04055336278612,8.484698156948863,2.36867431065504
many_moving,504,9426,112.21428571428571,46.04795333055385,3273,38.964285714285715,46.302656105112135,42.77272211917866,21.645244819763388,19.028122536637177,16.823755425884446,8.679973014318556,2.3247005612095277,42.9248239345099,21.047570524345435,18.59215615646307,16.051515991755426,8.555706514351467,2.3709274554846114
many_moving,505,9432,112.06336633663368,46.02750429359185,3277,38.934653465346535,46.320325267618514,42.75497747250398,21.567984857796528,18.93615420735777,16.822753107526,8.447976348730656,2.338970510893384,42.937047459250394,20.989553479986686,18.554266283941843,16.036777973122916,8.342486956145159,2.3632327972245584
many_moving,506,9459,112.16205533596838,46.047682419100404,3283,38.92885375494071,46.303213703681244,42.8046797429075,21.56693566562912,18.96132241505401,16.79268773879755,8.399124110440713,2.3385608993082814,42.91138693877828,21.008029101754232,18.576608089414954,16.04942002798666,8.371458649386756,2.3735004836642113
many_moving,507,9467,112.0355029585799,46.02006787442062,3285,38.875739644970416,46.260578521072624,42.76536585636404,21.661855158370855,19.032977070705805,16.875838177323317,8.640447159725245,2.3217780063073636,42.866937970680226,21.026586942961796,18.607049078391583,16.076744187787167,8.362938110246542,2.373616936686251
many_moving,508,9495,112.14566929133858,45.997706752206454,3286,38.811023622047244,46.23233972139214,42.72388820300386,21.684923339549698,19.074107886672753,16.926599786061534,8.524349580966625,2.3073759475333784,42.83578455699571,21.039048425279333,18.630285932970857,16.092994913428935,8.329202207650308,2.376849346051603
many_moving,509,9502,112.00785854616898,46.01940724726645,3289,38.77013752455796,46.24983314546242,42.7373775226382,21.662697573849304,19.022436550876144,16.901238121381656,8.540974814032271,2.3172183815604424,42.85356110946429,21.05146329680064,18.652220205868378,16.089517265943183,8.318443382610381,2.3797132982154467
many_moving,510,9528,112.09411764705882,46.09096689520185,3289,38.69411764705882,46.25509125204903,42.812254864982336,21.72853538006522,19.060055245197187,16.850720383302605,8.765655224886137,2.353903299392798,42.85771532611392,21.058320911467085,18.66860663844333,16.087539248106737,8.343339482126488,2.3805842671059847
many_moving,511,9535,111.9569471624266,46.10735238858888,3291,38.641878669275926,46.241466355568235,42.84904566335405,21.71776816902732,19.073960290100665,16.81612828208838,8.719283282234738,2.340923192003586,42.84329026386896,21.063344628080316,18.686412937226105,16.091290412692963,8.316337651596811,2.385202470378498
many_moving,512,9564,112.078125,46.09185643169074,3293,38.58984375,46.26666030001749,42.82337151269937,21.774612297431563,19.113028472847585,16.816178962085786,8.725032064134664,2.338521220591314,42.88182732030505,21.056563281352865,18.647974213773153,16.054397804164974,8.23096346864008,2.3907256460413007
many_moving,513,9570,111.92982456140349,46.055320408721265,3293,38.514619883040936,46.27859790538341,42.82949700166486,21.721319171040985,19.072323101871014,16.798892502669243,8.673102492885214,2.3388397157447014,42.901438049726536,21.053784397217672,18.631154612156358,16.04758593687306,8.24345536664578,2.390312668135599
many_moving,514,9598,112.03891050583657,46.05240837098899,3293,38.43968871595331,46.28851918783168,42.82762480847266,21.624494028825175,18.974235887220498,16.802089292351535,8.605124424044888,2.31012929366839,42.917851475725435,21.05022932254236,18.614818660480605,16.044922082052846,8.2482194329665,2.3872008622230743
many_moving,515,9606,111.91456310679611,46.04823856559517,3293,38.36504854368932,46.29773756328007,42.79391878452684,21.691585308947904,19.028462107831015,16.844441989730633,8.696324524537257,2.3523501169487546,42.932803907245955,21.046688965283884,18.59962237368871,16.043904599667393,8.257648614270458,2.38378705656055
many_moving,516,9633,112.01162790697674,46.04240695994314,3293,38.29069767441861,46.306591848643194,42.78573486397998,21.71714996834158,19.04703268142275,16.85657251193608,8.774001959180882,2.347214168167759,42.94680187137968,21.04346995274556,18.585907640186168,16.043560838858557,8.269007645080602,2.3803642291811764
many_moving,517,9641,111.88781431334623,46.02885572299983,3294,38.228239845261115,46.31510417091245,42.780855483903814,21.67011025342752,19.013057426728434,16.861845606083566,8.57794837507021,2.3232744681444224,42.95995264370944,21.040649315240316,18.573751923640508,16.043494794113787,8.281113191446927,2.3770672287193757
many_moving,518,9668,111.98455598455598,46.058257403655354,3294,38.15444015444015,46.32321296620115,42.78954462934199,21.73049658139635,19.05987710045484,16.85151930668141,8.591234449168232,2.3181897893774304,42.97225028151043,21.038210334093645,18.563089212425268,16.04353926290069,8.293377299907423,2.373956767852645
many_moving,519,9675,111.84971098265895,46.0680614687106,3297,38.115606936416185,46.376552068701315,42.77752586076654,21.661293576294973,18.979715833356533,16.822457399301825,8.5336073625869,2.321647368995378,43.026602389265584,21.024483502332224,18.527891921089044,16.027412546619516,8.261543643170747,2.3898519211981175
many_moving,520,9702,111.94615384615386,46.0173903812605,3302,38.1,46.40359477695826,42.755980184057336,21.716116049612,19.04242390072812,16.809201829554144,8.58172701724192,2.3245909830360714,43.060079417486335,21.00907314542268,18.48749448956683,16.004577239508713,8.342401729443845,2.388082610548546
many_moving,521,9708,111.8003838771593,46.018109494766954,3310,38.119001919385795,46.38546135400745,42.77050748016815,21.71587154834175,19.007186300240896,16.789523340657322,8.569279884472015,2.340144398115727,43.033043081917114,21.020095759601922,18.526473510779518,16.032241234123344,8.375417027433187,2.370770436555284
many_moving,522,9737,111.91954022988507,46.059559779252574,3316,38.11494252873564,46.401474597086086,42.81160802382378,21.713686259571897,19.006225473956675,16.769468014902433,8.520738382001653,2.3312360503930205,43.047384694229976,20.995221571056515,18.470507582849653,16.00837846271703,8.318314407704651,2.36434417815202
many_moving,523,9745,111.79732313575526,46.09081936349153,3321,38.09942638623327,46.39045223706876,42.87105801229454,21.7687122501076,19.101814051271557,16.809961037523394,8.661344574498164,2.337469117119687,43.03723886150949,20.981768965877652,18.443451612538542,16.002022609831368,8.339048958302277,2.3542210440730678
many_moving,524,9771,111.88167938931299,46.06678701271743,3329,38.11832061068702,46.36779707486961,42.83341363870734,21.82424954341797,19.19171572299006,16.855948989723213,8.676516563061886,2.3260743149327365,43.02150020854916,20.913718378719565,18.360861535955262,15.992690726577383,8.335367786815421,2.361105243176474
many_moving,525,9778,111.74857142857142,46.06793060758975,3334,38.10285714285714,46.36210083920424,42.83783870585039,21.749018465372597,19.126676491069382,16.797016795047472,8.618275488415671,2.326905217023518,43.0216045489841,20.90786074806904,18.340106535992636,15.993564897686992,8.46598821634582,2.329780471234886
many_moving,526,9805,111.84410646387832,46.06057425420545,3337,38.064638783269956,46.321533471837206,42.81952884421924,21.725718109162315,19.096308939142794,16.78224305721674,8.548635369511656,2.331963172559261,42.979095579032524,20.879309482868194,18.32910359943304,16.00496181458862,8.396833700633335,2.341243319049131
many_moving,527,9812,111.71157495256168,46.058031073304676,3339,38.01518026565465,46.308220909101,42.811531873778755,21.729950679450248,19.10652456199606,16.789247658749897,8.635387778268255,2.333699382851039,42.964984624295084,20.86596569980458,18.319243171808655,16.01518767354304,8.406695384380544,2.337574601220242
many_moving,528,9839,111.80681818181817,46.03479199382495,3339,37.94318181818181,46.30065919637129,42.7900753482374,21.771010238024914,19.17312114547544,16.795245273799896,8.598493148560143,2.3426791183528652,42.956479636835255,20.858228644788113,18.312818676308513,16.017039019747397,8.349824762061534,2.3378903477838264
many_moving,529,9846,111.67485822306239,46.07165696793456,3339,37.87145557655955,46.294712305279624,42.807509024590516,21.78511053940367,19.125581979492825,16.810746796240434,8.63359728244193,2.313324838816208,42.94928773241629,20.85396351015992,18.311449032695677,16.01782920979627,8.340422989997869,2.3389732191172974
many_moving,530,9873,111.7698113207547,46.06199906006059,3339,37.8,46.28961522727643,42.815232844226145,21.716713685426623,19.080004290377804,16.808566558506698,8.474156742321682,2.315013813969037,42.94286728597127,20.851425573616893,18.312393044696893,16.01797948906757,8.332217865529667,2.34027054065513
many_moving,531,9880,111.63841807909606,45.97729312272138,3339,37.728813559322035,46.28502568381312,42.72224764332923,21.67920736375461,19.062482593769484,16.84413320813257,8.557134105399253,2.316672313599656,42.936966677050194,20.849805187732354,18.314421697036835,16.0177824941394,8.32493549047825,2.3416074510626994
many_moving,532,9908,111.74436090225562,45.92721581890625,3340,37.669172932330824,46.2807779972218,42.662835292345115,21.70927801373358,19.086503018071372,16.864580758226033,8.615114001040341,2.326686917148618,42.93145934157729,20.848690802348553,18.316941160963164,16.017409433598385,8.318376407187941,2.342912441928528
many_moving,533,9916,111.62476547842402,45.93981206792401,3340,37.5984990619137,46.276789739007704,42.64066966542043,21.810196148308542,19.165835048289058,16.875479579970065,8.565143208964582,2.3346529228983557,42.92627935317507,20.847861817140426,18.31965015263205,16.016953562931253,8.312398675622852,2.344157286474974
many_moving,534,9941,111.69662921348315,45.9373071699129,3340,37.52808988764045,46.273018902228706,42.66164341382116,21.818308824171677,19.196435686759095,16.86431420302504,8.498595078251148,2.332230349086265,42.921390351130064,20.847196242345177,18.32239182181643,16.016463649649825,8.306901282597215,2.345332535230197
many_moving,535,9948,111.56635514018691,45.93396435146523,3340,37.45794392523365,46.26944283865889,42.65167825837614,21.769133768251443,19.12378386297619,16.86798832881661,8.606205205668369,2.345221980236498,42.91676988258109,20.84662533403586,18.32508421416376,16.01596431588722,8.30181154944573,2.3464370074784626
many_moving,536,9976,111.67164179104478,45.90960828681835,3343,37.42164179104478,46.27306774858727,42.64928408155009,21.674797961476195,19.044552123934874,16.867854267407175,8.48550774988467,2.3483851658280113,42.939873954432414,20.849606365621216,18.34227947077549,16.00205830594817,8.314117501390914,2.352961200381411
many_moving,537,9985,111.56424581005588,45.97038257868958,3344,37.36312849162011,46.271080389017044,42.699516440412204,21.65613303699274,19.024723843858062,16.858724320813966,8.451542629972103,2.320206801736484,42.948225784141144,20.855032022008768,18.356498819908445,15.996106017268588,8.324429327884197,2.3551609428393734
many_moving,538,10013,111.66914498141263,45.989112005548904,3345,37.30483271375465,46.268581269718204,42.718395588765375,21.71534862724874,19.065615030112873,16.84943849978464,8.593041320674374,2.34060727742388,42.951027758273916,20.85979633138314,18.366820639600242,15.992828644070444,8.329185031389713,2.3561376849058218
many_moving,539,10021,111.55102040816328,46.08811846210363,3348,37.26901669758813,46.331812850700075,42.84527705005186,21.711842009610347,19.0558746592094,16.79563832358711,8.388983157131367,2.321052416292081,43.00037011791967,20.90298713738753,18.426558683402142,15.97270656910735,8.376812068458943,2.3704258707710606
many_moving,540,10048,111.64444444444445,46.131311036455564,3349,37.21111111111111,46.36558896958454,42.90053633098931,21.797796377957578,19.155732720883517,16.772617269867233,8.460779962772918,2.327280175543153,43.027850757936875,20.926307464212446,18.459729037820342,15.961257642982076,8.428600070711507,2.3724346257043365
many_moving,541,10054,111.50462107208871,46.08225755801237,3350,37.15341959334565,46.40341619771472,42.82428116312825,21.76771685819001,19.128378148600227,16.787900188253083,8.530328606766988,2.3146716760605304,43.069954876458375,20.934728711103126,18.451571575077516,15.942085975874162,8.47916881169221,2.3710528677989915
many_moving,542,10082,111.6088560885609,46.05066903058142,3352,37.1070110701107,46.42210900547164,42.77069197607015,21.77703235856957,19.10612318781093,16.803111846742254,8.621224655933052,2.325082360424448,43.091581572368526,20.940239836626734,18.451859171016512,15.927718547117246,8.53326826041375,2.3739453011869354
many_moving,543,10088,111.46961325966849,46.03246735230465,3352,37.038674033149164,46.43408724591377,42.7294394155483,21.773427096280653,19.145614714350952,16.829423141220733,8.544290029420463,2.307698698611457,43.10640176993403,20.94400486202705,18.45426520418085,15.925432806687208,8.581729591761032,2.373742554843135
many_moving,544,10115,111.5625,45.98133818643906,3352,36.970588235294116,46.44412484247341,42.69755068772264,21.701966450398114,19.095665495328713,16.825032519642257,8.49213081676908,2.3358610056772533,43.11972675741296,20.945345531067435,18.45175425031628,15.923708758095533,8.602693281696954,2.3714367054747507
many_moving,545,10122,111.4348623853211,45.99559309508296,3352,36.902752293577976,46.452483790718574,42.689666385897866,21.66322047287837,19.029587886819385,16.81307435571781,8.442076029057947,2.339538320283499,43.13128805202005,20.945685346201373,18.447876444983503,15.922773892746621,8.619483209243924,2.369016488297684
many_moving,546,10150,111.53846153846155,46.04012008320083,3354,36.857142857142854,46.48917954686782,42.756869523512464,21.684534431937404,19.053022895602084,16.77859733283437,8.549127110246637,2.350203089747161,43.16842011000184,20.95134605016707,18.45342398719338,15.910236892514982,8.66601397902131,2.3598433833398813
many_moving,547,10159,111.43327239488116,46.03812096191203,3359,36.84460694698354,46.47481117817266,42.7614205303703,21.73835796800124,19.14370471415849,16.775591106915886,8.477854506833182,2.3435799895816403,43.158764287852165,20.944897574967438,18.440988031151488,15.917017329466615,8.743545291911797,2.3576364897054023
many_moving,548,10187,111.53649635036497,45.98176088698754,3363,36.82116788321168,46.48439238168327,42.70965995092339,21.677138463883615,19.09160651935267,16.791480628068047,8.338496779796031,2.3377017232984985,43.17039442617384,20.941772877076197,18.429029980870204,15.919728194531586,8.770313046862277,2.361168402128465
many_moving,549,10194,111.40983606557377,45.995679166037334,3367,36.79781420765027,46.44285219685576,42.73178827885313,21.698269906868024,19.09732815814571,16.78198570832694,8.519219895047142,2.3564219739760897,43.13475646823917,20.924140070484373,18.415073576381324,15.923888791011933,8.66000337412785,2.3524608955272837
many_moving,550,10222,111.51272727272729,45.95257029993915,3371,36.77454545454546,46.437405889128115,42.69032735196542,21.678342735400612,19.085181734550282,16.795854677489164,8.461368415586271,2.3565666504819416,43.131575775318716,20.941130824808397,18.439802742661172,15.93842339604062,8.620147097624335,2.352667865330228
many_moving,551,10229,111.38656987295825,45.92592915874645,3378,36.78402903811252,46.44225506150104,42.699294137958404,21.708343846127402,19.13165835552434,16.82023262376435,8.605340901219328,2.359305824324491,43.12214480231664,20.882418409575024,18.37162724816741,15.934428851659774,8.545223665922116,2.3465285508908194
many_moving,552,10258,111.5,45.98900224239408,3383,36.77173913043479,46.447508932951884,42.737756785336245,21.811924190865287,19.21217790292971,16.822839376339065,8.752868123365378,2.3630243694558275,43.116489304642,20.866567520524857,18.36383897148458,15.941436411064153,8.435812443377168,2.3396952265767577
many_moving,553,10266,111.38517179023508,46.02442032862996,3386,36.7377938517179,46.49796079104842,42.77707848176284,21.72912981993903,19.171036760573145,16.79606131490463,8.643034076149656,2.345541934821609,43.157905898413524,20.84543707838837,18.33405471958772,15.930037046654846,8.607316688195244,2.3464158843448764
many_moving,554,10294,111.48736462093865,46.03278878058863,3389,36.70397111913358,46.51580533991864,42.79533070136485,21.751289006574098,19.1648336105521,16.79515137268921,8.859139193158557,2.3540156483383936,43.16013833833785,20.862785658924267,18.31658971947827,15.948906385934215,8.680442756587738,2.338096109254231
many_moving,555,10300,111.35135135135135,46.00486759772081,3390,36.648648648648646,46.464815179902544,42.78364639776649,21.703201138792046,19.111278666658016,16.815882248305197,8.847414253374954,2.329353931580704,43.10608775195937,20.873871126092467,18.31873492679123,15.984062261661789,8.554827324146455,2.333612871922401
many_moving,556,10327,111.44244604316546,46.02936424792071,3391,36.593525179856115,46.4097649683209,42.77451867781217,21.664411922061564,19.061805302415433,16.82762772529994,8.701251192438843,2.330372760127886,43.04232484527576,20.88326694980972,18.34281998147871,16.022227615321285,8.462576912303406,2.335904760288585
many_moving,557,10334,111.31777378815082,46.006286651313836,3392,36.53859964093357,46.37143360593597,42.72285059477274,21.722983843284204,19.102984328678346,16.81475103129532,8.580089379315327,2.3179098674803926,42.999438372267996,20.88446846947072,18.348769729779942,16.03574180036306,8.345912680022565,2.3406892884304003
many_moving,558,10362,111.41935483870968,46.004841597882695,3392,36.47311827956989,46.34527519363011,42.736880319344394,21.751877638687713,19.14403419050164,16.788660545139056,8.539352427230382,2.3417826891624354,42.97048543500209,20.883542775929683,18.349262690512575,16.043528753339768,8.312851984985242,2.343206241992527
many_moving,559,10369,111.29516994633275,46.09777578083759,3392,36.40787119856887,46.326638151076914,42.86744946033705,21.76471017178562,19.166125819675653,16.744130559352598,8.583357282649542,2.365013343335165,42.94994013647881,20.882074738628408,18.348561830044893,16.048481902894583,8.289355603254892,2.3448945208260232
many_moving,560,10397,111.39642857142857,46.183937407854664,3394,36.36428571428571,46.31351373326183,42.951577415348254,21.79278087620312,19.18292060383467,16.719158922209655,8.74915513026742,2.345618651938261,42.93523117935991,20.881189762058245,18.348199540679484,16.05183881198416,8.27250233100077,2.3167687530546788
many_moving,561,10405,111.28342245989305,46.13307859031737,3397,36.331550802139034,46.29691263194061,42.925872418909094,21.68556883734379,19.1061394884741,16.73604304378485,8.584661455743145,2.333098581392252,42.921148381358606,20.870853825445923,18.33831211136341,16.063731347924076,8.286152021433585,2.345698345773006
many_moving,562,10434,111.3950177935943,46.114533600182995,3405,36.35231316725979,46.24521264809784,42.88542718499128,21.626340513654974,19.041489696104314,16.75217025409209,8.542570894205651,2.335251488354325,42.87874250879833,20.827162239045,18.29088825075441,16.092055045360276,8.305092829129158,2.4066447529834103
many_moving,563,10440,111.26110124333925,46.07178768609089,3412,36.36234458259325,46.24691607705618,42.79412600185324,21.65089834767036,19.049356339849133,16.78838324012995,8.50740855829289,2.3325281063283096,42.87995552265924,20.83601306508321,18.30820265722671,16.081016985605082,8.337786389432187,2.337110680519087
many_moving,564,10468,111.36170212765957,46.096214492239895,3419,36.37234042553191,46.238204876465915,42.814109145389466,21.67659205737569,19.071709497923695,16.773712727462144,8.469574327658844,2.341635641090624,42.87792143644711,20.824806146138762,18.30300597108074,16.094511049897797,8.199341391965156,2.337824465420749
many_moving,565,10475,111.23893805309736,45.99546242075905,3425,36.3716814159292,46.210978345431094,42.73610620902959,21.638551344840106,19.073356141835355,16.81100287127391,8.388419921233616,2.342722044969219,42.85108760340239,20.800664347304185,18.273516153140843,16.094084076163824,8.201248461746008,2.343105150904189
many_moving,566,10503,111.33922261484098,45.97146032198867,3434,36.40282685512367,46.217883942130385,42.7254195498703,21.649000172310156,19.075909650230663,16.8168266100602,8.535074169154756,2.3520209802862664,42.873698473814926,20.831378065062992,18.315393806312866,16.07131139050333,8.25783493379335,2.3433637050378024
many_moving,567,10512,111.23809523809526,46.019839266661414,3439,36.39153439153439,46.1936248293038,42.772794741905365,21.711142666598768,19.109263803310903,16.80425704612393,8.637992323270389,2.349408667945221,42.86314241298756,20.863173601785842,18.364090843757886,16.094227429677897,8.281651911757663,2.3431715709314784
many_moving,568,10538,111.3169014084507,46.06166035410761,3443,36.36971830985915,46.17682826329541,42.80835467012666,21.701270192457443,19.061272601174,16.80330087500262,8.63855628035304,2.3538459563432848,42.8565358996118,20.87922480536907,18.387074334561362,16.104703257431396,8.185596420876784,2.340260222656048
many_moving,569,10545,111.195079086116,46.09767797352268,3445,36.326889279437616,46.1719834074574,42.84321163337178,21.730703352016064,19.062946582160937,16.777547867224385,8.43445580480821,2.3568847137329634,42.86218292074219,20.87932831441647,18.3980736797877,16.113753835991787,8.165066704972544,2.3365153397814336
many_moving,570,10572,111.28421052631579,46.142439284376366,3446,36.27368421052632,46.169577883926664,42.892886289165816,21.726148710505708,19.04989764255648,16.753578047800886,8.53872272713862,2.3490836589105593,42.8649004078079,20.8795655162889,18.405531000352873,16.117363815635688,8.146827560921388,2.3372602267462756
many_moving,571,10579,111.16287215411559,46.158053918112294,3446,36.21015761821366,46.19239421453789,42.91785125917038,21.735108158816434,19.087928412493575,16.78104952866885,8.855319611045424,2.331202447040893,42.89051397625095,20.89484195034926,18.42669856153299,16.118488842210514,8.25113632673206,2.3331985535693742
many_moving,572,10608,111.27272727272727,46.14100378074157,3447,36.15734265734265,46.2051972626455,42.86927897307625,21.758380357432227,19.10549428711129,16.818123562735632,8.849692868513177,2.3227148395430186,42.9044067844856,20.90350211114927,18.439067079495665,16.11967157361864,8.249199944252574,2.334543931175233
many_moving,573,10616,111.16230366492145,46.083470377899715,3447,36.09424083769633,46.21269809011939,42.828178609463876,21.736855337393262,19.079861287770008,16.810608899043565,8.775780424567804,2.334858850424405,42.91216485930233,20.908549382556455,18.44645068943877,16.120394648849388,8.249388718831343,2.3352966757576477
many_moving,574,10644,111.26132404181186,46.04268488934554,3447,36.03135888501742,46.21725855853569,42.783568962398945,21.705803641210498,19.026386625500677,16.814940707750623,8.777097534684447,2.3313020662863324,42.916560685093955,20.91160675888169,18.45103595235899,16.120642463071185,8.249749632607616,2.3357886712540976
many_moving,575,10652,111.15130434782608,46.054933057702556,3447,35.968695652173906,46.22012437150557,42.795556245092236,21.70951792791217,19.08854291134719,16.81487109655648,8.567597287576282,2.329073490733535,42.919048020170585,20.913544619828475,18.454025884381355,16.120536466804293,8.249768356480242,2.3361706990621496
many_moving,576,10680,111.25,46.05042625676056,3449,35.927083333333336,46.253864442445085,42.78057858785364,21.69441792400122,19.0656872863489,16.819727265372777,8.565223090224114,2.343702026296899,42.9500425515589,20.919915576312665,18.46344688476813,16.106814991309374,8.281690545790493,2.3323135602732545
many_moving,577,10689,111.15077989601387,46.095359805461776,3454,35.91681109185441,46.27400357362024,42.82563316174792,21.70679119499856,19.06402789728628,16.817436843773567,8.70454325377523,2.333639990642873,42.96804881791179,20.915785268362924,18.451083357275728,16.08975807376468,8.336190023587054,2.336498415466775
many_moving,578,10717,111.2491349480969,46.13630106341556,3458,35.8961937716263,46.3203186798108,42.84817345050614,21.67434765578759,19.00633125873175,16.82073974018565,8.697602282210001,2.335464796114509,43.00954317477833,20.919171518700168,18.45555241187204,16.08331786354719,8.540355429962222,2.351609948856927
many_moving,579,10723,111.11917098445595,46.14349080164049,3461,35.865284974093264,46.358473531456,42.87578351228423,21.776426858829712,19.097228798433843,16.771425232733193,8.64714624495413,2.335512943969254,43.04536851399823,20.928018379795482,18.46196776249317,16.0741334688932,8.539104600159833,2.343156560349885
many_moving,580,10750,111.20689655172414,46.10326102967427,3464,35.83448275862069,46.37954835138559,42.87105496195461,21.704468284842623,19.03884549236169,16.74825652950278,8.537539454654596,2.345624410894827,43.06524818420605,20.92203310323473,18.44037310044631,16.042442316227262,8.49369423300912,2.3354708808653255
many_moving,581,10758,111.09810671256453,46.02107734520567,3472,35.855421686746986,46.37566630162641,42.74666250745219,21.67201372747528,19.042568203290994,16.831449247310783,8.468932699552148,2.3424765138347645,43.094720470060324,20.93708933446424,18.503191823912047,16.03507194391498,8.518327144473252,2.3372029474259657
many_moving,582,10786,111.19587628865979,45.9259480728492,3477,35.84536082474227,46.39055900254491,42.655976444310056,21.67054797662358,19.078787393116784,16.875900670654893,8.411596089515953,2.3235540876486724,43.122194800121676,20.924518008674102,18.504630685503646,15.991590922776739,8.463850850963702,2.3687111606311446
many_moving,583,10789,111.0360205831904,45.91248073037471,3481,35.82504288164666,46.43368351049939,42.6155994300761,21.66497225248509,19.066356254494334,16.86124270999603,8.381616210314755,2.3392014865193946,43.17195532773378,20.938856988707943,18.510398069362626,15.959837000938332,8.543435870227515,2.372653955487259
many_moving,584,10817,111.13356164383563,45.91418294759087,3483,35.78424657534247,46.429382378659895,42.628830366575116,21.668912526848708,19.059982742341766,16.837370039753285,8.471534428025691,2.3491166472259715,43.17719470258656,20.92500348274706,18.481983451248148,15.946482303749033,8.645127816452728,2.376219840400768
many_moving,585,10824,111.01538461538462,45.97533999535646,3484,35.733333333333334,46.40086532136134,42.70281134757421,21.628755300118478,19.039064529142017,16.817839044308325,8.341291100105344,2.3409395926560426,43.157255737168875,20.917276822138966,18.464696073922223,15.951457436990578,8.628640618213634,2.3617817867491793
many_moving,586,10851,111.10238907849828,45.995327700436896,3484,35.672354948805456,46.41077783732833,42.72001275206673,21.597789502714132,18.999077652046378,16.81499476858545,8.424437258295422,2.335158072222493,43.182274705932926,20.906422675770433,18.419213735133603,15.94287498676895,8.586507987324893,2.3554924234098134
many_moving,587,10860,111.00511073253833,46.017479510160705,3485,35.62180579216354,46.41707513783919,42.724090686863114,21.591495236261476,18.999999473513874,16.822282353150307,8.447764103539162,2.344847181935072,43.197631547878274,20.901850041480394,18.39767736298333,15.947109453173185,8.592463911754445,2.347330831112114
many_moving,588,10888,111.10204081632652,46.02199082944765,3485,35.56122448979592,46.42304101942961,42.71144762840426,21.663812510410864,19.059872130005395,16.83204979160978,8.446206093717148,2.352500339538145,43.209657742467584,20.90009359578847,18.386686087118065,15.954798519495284,8.609610370947443,2.3413490289190286
many_moving,589,10895,110.98471986417657,45.96783629455967,3485,35.50084889643463,46.429376835350475,42.668826563501256,21.671195972901497,19.025412563628663,16.818453665564874,8.566949357546854,2.3593537049147493,43.220327263640584,20.89976136090059,18.380813606441627,15.96260722605842,8.629486942214362,2.3366476072954603
many_moving,590,10922,111.07118644067796,45.944712493278494,3485,35.440677966101696,46.43598569774304,42.65165960117664,21.643066030255355,18.98955386395012,16.805929359886324,8.551534539547998,2.352021671285566,43.230140583924914,20.900190666682605,18.377658350598715,15.96948269550788,8.648879401947665,2.3328234938312886
many_moving,591,10930,110.96446700507614,46.03096916859198,3485,35.380710659898476,46.44261738844605,42.756413110705324,21.71051785525296,19.098387403989328,16.762741695785163,8.423426836993576,2.356798334968852,43.23917095766212,20.901022548626557,18.376030187981943,15.975187809254274,8.666605885971208,2.3296673040807514
many_moving,592,10958,111.0608108108108,46.01197212529066,3489,35.361486486486484,46.41445104613556,42.72420746201988,21.704702626224908,19.099277407509412,16.778868972016088,8.46423574641107,2.351354829812795,43.21708687485961,20.871861887095758,18.336160796058657,16.002761932905116,8.638933945845519,2.395909446656918
many_moving,593,10966,110.95446880269814,45.97125959060247,3493,35.34232715008432,46.42024943034936,42.67725299495631,21.735660111013022,19.123734901363402,16.827769671086507,8.647256342250625,2.3600172265734964,43.21742418595651,20.86983620253799,18.31589783144441,16.00772285993529,8.695564340902532,2.395301055306873
many_moving,594,10993,111.04040404040403,45.96464388406557,3497,35.32323232323232,46.427900388204776,42.672716173410436,21.742658266281975,19.14110247135637,16.845070107705524,8.64751909713146,2.3597967598385203,43.23067587203168,20.877117271022463,18.338333630693576,16.003676038525885,8.704310636047477,2.3048673375181554
many_moving,595,11000,110.92436974789916,45.989775107559346,3501,35.30420168067227,46.435641937558024,42.684006422931255,21.688887377648335,19.064114093356928,16.840929459701698,8.421036378876728,2.342201376530673,43.24031812968561,20.875935757368914,18.33801275666112,16.00506550992637,8.760317817681436,2.3128594783346887
many_moving,596,11028,111.02013422818791,46.08002787354182,3509,35.3255033557047,46.4404262263091,42.804469639743346,21.764068107102204,19.12731010455655,16.78957342917718,8.53460600609473,2.365583077756072,43.22185993939629,20.910888586505187,18.34330097243639,16.04801891808744,8.720581281292748,2.3024868733207082
many_moving,597,11035,110.90452261306534,46.03740498782634,3515,35.32663316582915,46.40457120565213,42.799828977823196,21.743763514299403,19.09854826294935,16.774848460202268,8.74844741667771,2.364458721272737,43.16260819456481,20.97733245860926,18.40209000144386,16.094097519844482,8.83907515825111,2.291270714200691
many_moving,598,11063,111,45.975389908173376,3520,35.31772575250836,46.38454919641255,42.708943416449735,21.714089844184496,19.064918526337635,16.815246947138686,8.557483124769046,2.3350209232348416,43.113945025510006,21.022622568324216,18.410471460760565,16.092099791193245,8.781469867028939,2.3011826759469627
many_moving,599,11071,110.89482470784641,45.90953597819477,3526,35.31886477462438,46.31973637465218,42.63707292002217,21.81433861967713,19.15822656521104,16.844104302257897,8.605502614329271,2.341338596625688,43.03778962852371,21.0254861234699,18.412037348239597,16.1021630203792,8.651512594418147,2.2909417203366216
many_moving,600,11098,110.97999999999999,45.868252213223926,3527,35.269999999999996,46.28725607198977,42.62021104806158,21.71309479449705,19.05012912440113,16.85701025275225,8.540146887459919,2.3436503922734784,42.984838847957256,21.027596327906302,18.39223779210052,16.110762994857595,8.6340293265712,2.2957484704506474