Scenario,Time,Baseline_Tx,Baseline_TxPerNodePerMin,Baseline_RMSE,ETM_Tx,ETM_TxPerNodePerMin,ETM_RMSE,Baseline_MAE,Baseline_RMSE_Aligned,Baseline_MAE_Aligned,Baseline_PairwiseDist_MAE,Baseline_RangeResidual_MAE,Baseline_AngleResidual_MAE,ETM_MAE,ETM_RMSE_Aligned,ETM_MAE_Aligned,ETM_PairwiseDist_MAE,ETM_RangeResidual_MAE,ETM_AngleResidual_MAE
few_moving,0,0,,36.82155104595928,0,,36.82155104595928,33.64586534768495,18.187917130173428,17.241615522676813,24.44493498974518,NaN,NaN,33.64586534768495,18.187917130173428,17.241615522676813,24.44493498974518,NaN,NaN
few_moving,1,0,0,36.82155104595928,33,198,36.76250126111907,33.64586534768495,18.187917130173428,17.241615522676813,24.44493498974518,NaN,NaN,33.57085794014965,18.126956967267176,17.18397422814493,24.044115689926393,10.189498755609018,1.8356781330998289
few_moving,2,33,99,36.758926296372714,78,234,36.71674073163438,33.5683133837787,18.126733729935978,17.182518948629507,24.045449697400418,10.192668386094274,1.8294885358314528,33.48627312438294,18.073163878746023,17.187284810911372,23.696143802718804,9.92883786970526,2.1761055443720605
few_moving,3,44,88,36.71220441489194,123,246,36.696265389359034,33.47925081124693,18.072217869367073,17.18535462276418,23.700010700711577,9.933814154161372,2.1719770834877936,33.43849151258915,18.03608694876199,17.20593190043987,23.26256626573641,9.525349213717224,2.234126673080575
few_moving,4,77,115.5,36.70386603062306,169,253.49999999999997,36.70554553623297,33.445798131153225,17.998324231069883,17.168597721011782,23.245997137602373,9.523236361988141,2.2468733508263923,33.41700411708652,17.955860198240956,17.179078939093714,22.7825270128991,9.083351553161673,2.265801629553254
few_moving,5,90,108,36.71373952207706,213,255.60000000000002,36.72567448545768,33.42227686226826,17.922238951724346,17.147153637060093,22.764614420649323,9.083911061168825,2.285494472111119,33.43147548433858,17.874938024562972,17.156455727909833,22.286669056292055,8.633210639264393,2.336294378528413
few_moving,6,122,121.99999999999999,36.72665474368159,260,260,36.75447375070987,33.40751486945197,17.868862232964016,17.145609514993026,22.283230947648818,8.632986811508035,2.312731365560359,33.43549924598667,17.84821605862477,17.181242512370016,21.82454181013458,8.199670836401504,2.352562529523231
few_moving,7,135,115.71428571428571,36.74265457419026,298,255.42857142857144,36.83626368689191,33.41002744212684,17.843442830699928,17.181871225343347,21.824805932177387,8.193108966263884,2.338882839274634,33.4808753779106,17.769593018288333,17.148312590725887,21.32587842222681,7.767049290590861,2.3199176813492537
few_moving,8,168,126,36.83099945469196,304,228,36.902549499011016,33.47391308489141,17.805441332886648,17.188622191318156,21.346432939431853,7.76253204319062,2.31344888482008,33.52211903321519,17.734472418926842,17.16040759401391,20.821249144833395,7.311840889808294,2.2829998501146576
few_moving,9,181,120.66666666666669,36.90515221845132,304,202.66666666666666,36.96791864346718,33.521181867288824,17.757535821891015,17.177935726926783,20.85197646294421,7.33067547643888,2.2727351920236223,33.567065677204766,17.710289688852196,17.172449521171174,20.333297052282987,6.889846530656015,2.273956227297335
few_moving,10,215,129,36.90208262733384,304,182.4,37.03271641275953,33.504668677021535,17.74071290293615,17.207168734154145,20.370888374507537,6.894703722084465,2.2643063848541156,33.61461747514817,17.702710459630985,17.192712161647044,19.854020030768194,6.483461995518446,2.2729945325757717
few_moving,11,227,123.81818181818183,37.06217142417173,304,165.8181818181818,37.101099830300925,33.64465690332647,17.741920468356152,17.21510239277035,19.89670043481626,6.517676988375354,2.2747161026745424,33.66741690635576,17.705681849253157,17.21502286901484,19.371992725532568,6.074865278332434,2.2732685619585014
few_moving,12,259,129.49999999999997,37.05339462965867,304,151.99999999999997,37.175111764670596,33.64006016179848,17.80640369351193,17.30975894995586,19.43334627458896,6.093213481090358,2.2694264052967332,33.72687369996908,17.716332130717767,17.23650404940651,18.895385445537045,5.6974123119745865,2.274247291298304
few_moving,13,273,126,37.17912767178187,304,140.3076923076923,37.25591274783133,33.73560888609465,17.813501083233472,17.30439503281231,18.977314736513495,5.722022868846979,2.2719479780124106,33.79379353465207,17.73324792962725,17.25578966712277,18.4164002649674,5.340921003316561,2.2784014070050795
few_moving,14,306,131.14285714285714,37.236180446688394,304,130.28571428571428,37.34394545393291,33.78872434799943,17.84169049678621,17.344236107117037,18.517146113077583,5.38433932581521,2.2708699482277876,33.86845044046108,17.755878490217818,17.272397695243157,17.92591834896082,4.977107931391905,2.285126551892511
few_moving,15,317,126.8,37.35538886978644,304,121.6,37.45882260612161,33.90688331945376,17.86123458821094,17.32835571301061,18.04901019461252,5.026460947810594,2.272086129426639,33.97284864517086,17.76517382558412,17.26598730983728,17.458866247823174,4.628534783880522,2.2909233560481437
few_moving,16,349,130.875,37.429663379544166,304,114,37.597476672190574,33.97607831971648,17.873482110717667,17.3337661608919,17.565727073045277,4.663531440107554,2.286729479247743,34.10401695946847,17.759685758882043,17.240325543356327,17.017857480458904,4.298501539913273,2.297252283599345
few_moving,17,362,127.76470588235296,37.56393341510444,304,107.29411764705883,37.75275672789983,34.069393273865096,17.845873285010054,17.29482753684836,17.13021511952032,4.333992115825699,2.3047955419045905,34.25426031770388,17.744400125578725,17.2024730815291,16.598436317839404,3.991401356002779,2.3041233543406188
few_moving,18,396,132,37.6704822425361,304,101.33333333333333,37.9191298447495,34.18044691119382,17.878478445809115,17.293748927392112,16.697917140276825,4.022725255954344,2.2898346400793477,34.41733693926815,17.722562394551765,17.156315724490728,16.208384473783433,3.742307847249417,2.311605845558042
few_moving,19,410,129.47368421052633,37.813573062562334,304,96,38.09309657668329,34.30631336947931,17.90930762676023,17.289014648300586,16.248385686849733,3.7018201759195173,2.301914971767434,34.589315378321956,17.696724509834493,17.104427611679125,15.828095542561037,3.4967732427152645,2.319668569660999
few_moving,20,442,132.60000000000002,38.00575610443679,304,91.2,38.27237002287728,34.47155135027712,17.89356568969008,17.182222318250236,15.894575822910456,3.3787817540554483,2.3122784059591805,34.767601076534085,17.668768579939922,17.048504323008686,15.478320330359118,3.254924619757053,2.328224589429662
few_moving,21,455,130,38.14277623508926,307,87.71428571428572,38.455344400094596,34.609657043051556,17.835897271668454,17.08937729773541,15.530589310573681,3.090322613909184,2.3031372412673834,34.950346352375846,17.639986775593965,16.98954062845096,15.139585410230266,3.0166477334526816,2.33716927352264
few_moving,22,486,132.54545454545456,38.30905240620888,314,85.63636363636364,38.6250727922213,34.77535887121519,17.851662665218594,17.035118088259022,15.166061443960878,2.8737655850671446,2.316684224640654,35.122496701788535,17.677015358914577,16.982245574728132,14.862369708958097,2.8355270670308452,2.3503319718508338
few_moving,23,500,130.43478260869566,38.39317040835819,314,81.91304347826086,38.80198692895997,34.88743954804064,17.909411773786843,17.10442304740716,14.831092203397853,2.631659956389538,2.3490047319216045,35.29775290220975,17.711291247280407,16.974493724977783,14.592301342168394,2.688532600742693,2.350982055086163
few_moving,24,532,133,38.571904365913774,314,78.49999999999999,38.99609453098089,35.06732156714726,17.879894982120973,17.076192461580884,14.524283609941671,2.3931180670982357,2.351135912731819,35.494419150078045,17.710522977597233,16.923937556401714,14.334789136628697,2.5672930594500243,2.360889171376985
few_moving,25,545,130.79999999999998,38.74739620773515,314,75.36,39.18723624689353,35.252568723112795,17.88567083405861,17.032773026613047,14.208446156111227,2.20371678120833,2.3520053029715497,35.688491210606,17.7015951950188,16.867172845989177,14.094784386925499,2.500522322348611,2.3694137179712995
few_moving,26,578,133.3846153846154,38.91572125189648,314,72.46153846153845,39.37810171390612,35.42455513775225,17.84956732716705,16.980697271434412,13.942255859911006,2.114024603941819,2.343674457213002,35.88210488300611,17.688702376118954,16.80513962144658,13.89780204382804,2.4517664999987714,2.377914757088525
few_moving,27,591,131.33333333333334,39.05849723548513,314,69.77777777777777,39.568161153221155,35.563591902970174,17.90669956923229,16.894774794519023,13.701051558094562,2.049890274219446,2.35334156509964,36.07463355726978,17.674742754303555,16.73960603735208,13.71841722722069,2.4482320329756595,2.386297899414108
few_moving,28,623,133.5,39.25342628170859,319,68.35714285714285,39.704388640561305,35.76523193016676,17.868219083703867,16.796065357346386,13.509087456318165,1.9946321176656834,2.363589749338086,36.1954336454562,17.6478462476471,16.645845273453453,13.566750915736048,2.568887493248964,2.3976153685488173
few_moving,29,637,131.79310344827587,39.445182779720895,334,69.10344827586206,39.901074247385466,35.94147358435605,17.84259127847788,16.715327795250133,13.321961096348193,1.8974069771499613,2.385519403864996,36.37210198135655,17.62273362324819,16.58782311228327,13.329125340869789,2.4312442825538016,2.412105764914907
few_moving,30,669,133.8,39.630999120510914,350,70,40.031368489517945,36.08298280425362,17.81059973745275,16.640218716054612,13.17701517723452,1.8859555645508794,2.3877800564294955,36.47848269955351,17.62723244295783,16.547051232824426,13.145523078291085,2.4492802558391444,2.4204371699178497
few_moving,31,680,131.61290322580643,39.82875812957891,366,70.83870967741935,40.1930688736899,36.291074578048516,17.828292418239723,16.621113483094934,13.029607438848076,1.9827296407811548,2.3919733942575476,36.60801384447902,17.5919749871081,16.493616687871143,12.960327256349428,2.3475827664592765,2.4328021505718236
few_moving,32,712,133.5,40.01199486308946,383,71.8125,40.34509733494785,36.45894034009825,17.8647933983625,16.628744569575055,12.890705926376594,1.9306025351177531,2.4034588722382497,36.72960502877179,17.617626475129292,16.433116494261135,12.824199007251124,2.5125164410960914,2.4299989947689977
few_moving,33,726,131.99999999999997,40.14110422836753,399,72.54545454545453,40.41689768618022,36.57113184320595,17.86560263961709,16.632745384097117,12.915726061510364,2.1633583216712675,2.3994304091333567,36.77333769490953,17.52127680932795,16.3041529331606,12.742328679071258,2.695950837876088,2.427127202090213
few_moving,34,760,134.11764705882354,40.3511241854054,414,73.05882352941177,40.60705972887127,36.76175656955582,17.8279682114507,16.566130823348246,12.863554867577232,2.2471985157332037,2.402545038389836,36.9311257333368,17.498094143159136,16.193883195913553,12.62393445302444,2.828804764801866,2.45244283800329
few_moving,35,773,132.5142857142857,40.4660310897903,423,72.5142857142857,40.766511856676544,36.88304255357045,17.849883650588232,16.5095176789742,12.767152371356087,2.423777651464114,2.423216672410194,37.05711393343742,17.464418765440712,16.105591440986917,12.475198282379422,2.8117047056944435,2.469560970048635
few_moving,36,807,134.5,40.578819640542214,431,71.83333333333334,40.92764229783809,36.96674998068884,17.84414392194726,16.502691712758324,12.69631410256216,2.510309732634577,2.4282452451210346,37.19790907248425,17.42835477361558,16.00172379044402,12.354362097260958,2.901546935639736,2.4741061330923557
few_moving,37,819,132.8108108108108,40.72878489027705,442,71.67567567567568,41.00487630020794,37.08824853565927,17.834434907883235,16.524034485204886,12.667069986679065,2.740633958310435,2.433339100017599,37.260107870969975,17.485655906162165,15.993119300955337,12.220616427620717,3.04804951846738,2.4809975253912464
few_moving,38,852,134.5263157894737,40.94754586765562,444,70.10526315789474,41.18094574512157,37.308742052234464,17.844112300107223,16.428986117885966,12.592070150250342,2.972202557203798,2.4606942400665828,37.41368333387125,17.47422635066154,15.924248314163728,12.098359333635926,3.158081768241122,2.4925691755740895
few_moving,39,863,132.76923076923077,41.125240780106324,444,68.3076923076923,41.33101149849128,37.448198942325234,17.83756329944645,16.39006838808246,12.474246333814156,2.904541317123369,2.447537230147238,37.54167946901143,17.470884683773814,15.849920324208123,12.008552178675364,3.284394510490681,2.499778018701078
few_moving,40,896,134.4,41.17249901904506,444,66.60000000000001,41.460799426903925,37.51438153939054,17.938115540060974,16.443429870646657,12.332276883108811,2.9549349115241905,2.4652054516584494,37.65500761676511,17.47153517094295,15.770860494040988,11.9145889815467,3.3889812769001852,2.5096810907546847
few_moving,41,908,132.8780487804878,41.21639153933957,444,64.97560975609755,41.579488714903974,37.561769822957665,17.94016208501714,16.406229988751043,12.273558324461725,3.0833499059337663,2.462620107237409,37.7599651272575,17.47606745298793,15.693450079975474,11.830746828418658,3.497812506632347,2.519744888975893
few_moving,42,941,134.42857142857142,41.37229690897336,444,63.42857142857143,41.693084754324396,37.68114597026177,17.939397880421232,16.364716704286174,12.198372137783435,3.1226217022500657,2.4861299364542058,37.86165060261861,17.48234199415599,15.61628420226317,11.756743255549624,3.61566594823763,2.530026110093551
few_moving,43,952,132.8372093023256,41.56091916940501,447,62.372093023255815,41.76497164625924,37.848846040773005,17.970721298216233,16.362945957518043,12.142159415874728,3.245006369513671,2.4993041517811085,37.88820711800786,17.44711566085216,15.520546983629057,11.70551223886912,3.6852164858796326,2.516049372743109
few_moving,44,985,134.31818181818184,41.625814789962156,450,61.36363636363637,41.86371218896642,37.85874390481574,18.107155718766567,16.4756326428111,12.10192155022688,3.4373351878317138,2.4915827341629635,37.94631181467178,17.434640909253464,15.441813706226162,11.634082703114055,3.8028827764572943,2.543914677629838
few_moving,45,997,132.93333333333334,41.81140689943805,453,60.4,41.942961885114315,38.01122917792328,18.08753050499114,16.38223935144656,12.026636782829378,3.4405483030984536,2.493524124516995,37.98166222049883,17.444732742805595,15.467414529192748,11.624562398372762,3.9970530858331963,2.553655792769736
few_moving,46,1029,134.2173913043478,41.909991886354724,456,59.47826086956522,42.04381296906291,38.087660971920315,18.144156619329536,16.379371960485003,11.957187065026053,3.5630971051745775,2.5222818979306263,38.108418987846036,17.47023359964506,15.498900154086481,11.548083919729685,4.11479555560816,2.5699269671365315
few_moving,47,1043,133.14893617021275,41.93039321607327,458,58.46808510638298,42.15961612904017,38.12552909368621,18.15733785011917,16.408767015099034,11.913037516878084,3.8083360219519835,2.513361362179745,38.24468471072294,17.487112702160204,15.51759125875584,11.453698646455594,4.289577464227257,2.579864172510494
few_moving,48,1077,134.625,42.01131322436975,461,57.625,42.26490021425392,38.19160800259653,18.104616316064828,16.40769947718089,11.87126495037362,3.965126495373812,2.519826310546517,38.36515261882348,17.50693931662503,15.540719714546603,11.369275025568848,4.458370594052622,2.5905991993456037
few_moving,49,1089,133.3469387755102,42.10827795816295,466,57.06122448979592,42.3209154509945,38.26528266691586,18.143168920553514,16.50486503999976,11.815265521531202,4.068582576973716,2.536188197355067,38.388633514898714,17.45376944748792,15.528993508489497,11.33806827132433,4.553679302266511,2.595795754563324
few_moving,50,1120,134.4,42.205364095028486,466,55.92,42.350164412850624,38.37199883693518,18.216839960356655,16.6231256038544,11.726337629770278,4.137975395746778,2.5465940398939155,38.40157385817007,17.4720741705137,15.593633924014506,11.384045071339235,4.787217172002224,2.6032495758833556
few_moving,51,1131,133.05882352941177,42.31335899505484,468,55.05882352941176,42.41603130337443,38.471068075645306,18.2367197898672,16.657250931015756,11.640305546953341,4.284456328830765,2.565396910720185,38.450412730748354,17.488000550383884,15.649047837860845,11.397966314345496,4.959134360208239,2.6148377232333524
few_moving,52,1164,134.30769230769232,42.364154214787064,473,54.57692307692307,42.51761945978545,38.492181001794926,18.305172212528678,16.79070548193121,11.613749278397565,4.3347338057366676,2.569121701059547,38.52131197058604,17.499408101393435,15.697588190117107,11.41330616848257,5.082867294994897,2.629953387887272
few_moving,53,1177,133.24528301886792,42.36015761687299,473,53.54716981132076,42.56137601480517,38.46666562395842,18.469362060801384,16.9928137067336,11.65902933889349,4.494528412563535,2.566558692308534,38.57523334812564,17.51685066788232,15.774130799719979,11.39440418293243,5.16058962953913,2.640171030657545
few_moving,54,1209,134.33333333333334,42.46696686126519,473,52.55555555555555,42.62236551787235,38.566300916817205,18.41807105971529,16.96767766449326,11.617564545440977,4.572942238658707,2.563919107451143,38.626150312616005,17.551210168353364,15.850003743868083,11.394234964413318,5.273428326496734,2.6479463108129146
few_moving,55,1221,133.2,42.578177279625905,473,51.6,42.6861555605541,38.629316572604424,18.461098034877338,17.015385555470836,11.57649348482754,4.737931084249618,2.6032322446176246,38.67936041092563,17.588215259857275,15.925795977376472,11.399845341726266,5.404005028087176,2.655611418478604
few_moving,56,1254,134.35714285714286,42.707648980982306,473,50.67857142857142,42.74763612321974,38.72036280680913,18.469133539207153,17.076393531288446,11.575091891147776,4.777950090619064,2.607942087732753,38.73050793597224,17.628537947929704,16.003319131348462,11.405317026575416,5.527751574924061,2.6633936907098397
few_moving,57,1266,133.26315789473685,42.68352432447485,473,49.78947368421053,42.80442401959634,38.689394352304156,18.521598351390015,17.207699211889476,11.588577934425153,4.745984214903563,2.5929600608435774,38.77757291295768,17.672501034565727,16.083291208307035,11.410833372723348,5.645137615256547,2.6710842891460858
few_moving,58,1299,134.3793103448276,42.75990832851705,482,49.862068965517246,42.890337808416305,38.7921834651382,18.536138454043616,17.244841513570073,11.561663631183453,4.851847599275083,2.593885193090539,38.815519270743735,17.783160038320432,16.192199694311917,11.42965720680879,5.78489328097205,2.66526276251786
few_moving,59,1313,133.52542372881356,42.866258230114525,500,50.847457627118644,43.12335495499696,38.940010777368016,18.600927736139003,17.307803743301374,11.492635209613374,4.784313077171428,2.6117069460144777,39.030363210286374,17.743380084806688,16.176518112883493,11.363809850033435,5.7866081924092105,2.7133894515641686
few_moving,60,1347,134.7,42.866780629665,516,51.6,43.048165916684006,38.952993244917636,18.673847530880806,17.391647367319337,11.500574993192439,4.951522532925948,2.608470219683848,39.002582948832476,17.92190519019682,16.40995440254371,11.409760997500262,5.891889505581654,2.7046026372235485
few_moving,61,1359,133.672131147541,42.91507102582361,533,52.42622950819672,43.10575214013327,38.952677929871065,18.829431347995573,17.564217514509544,11.544409564080395,5.123241375727629,2.6164324886823445,39.05102590024562,17.9330351142849,16.445961091482943,11.421838180278801,5.972863687227323,2.7085766039453034
few_moving,62,1392,134.70967741935482,42.92980407996999,550,53.2258064516129,43.1711705708565,38.979377327264004,18.930862913115586,17.687269694670338,11.53361096662865,5.265856729130003,2.6130461929718605,39.092706009645845,17.913632634441033,16.437429628218744,11.436773328254567,6.107676388732394,2.681619917651569
few_moving,63,1405,133.8095238095238,43.08337311316586,567,54,43.157240596068064,39.118187788759215,18.961095198545877,17.749244129648865,11.536222184869095,5.417133127436682,2.6297224894587647,39.0664614231183,17.959315044831733,16.530213087108365,11.56853410280018,6.457542861936342,2.692181939520148
few_moving,64,1439,134.90625,43.173286115374204,585,54.84375,43.16062932710548,39.15444788524741,19.003779261639238,17.83243774187061,11.538915230949796,5.379726302912126,2.6629389169747406,39.100388616588724,18.04187030715104,16.62365095387654,11.582083914649386,6.389742638143426,2.708348000312437
few_moving,65,1451,133.93846153846155,43.085136414265705,596,55.01538461538462,43.22819092238301,39.06299481101913,19.0726103058112,17.944734067654764,11.61775160535661,5.5295112468832786,2.652765235404403,39.16137454892512,18.126316320067286,16.739690960068785,11.631586457519555,6.430478511694241,2.727271798681143
few_moving,66,1485,135,43.120788217792345,602,54.72727272727273,43.3088829512097,39.12368242927539,19.149986558556517,18.048240827595613,11.66804400904633,5.651924166325245,2.6790755272271087,39.23558754578325,18.190449769445223,16.825642220927815,11.670716282930119,6.404518536672268,2.7407701939497575
few_moving,67,1497,134.0597014925373,43.15630342433661,606,54.26865671641791,43.27619358486153,39.1658815686591,19.153192536520116,18.075427959756375,11.722202760020963,5.707182265303617,2.676917200002334,39.18239179665817,18.275219762493847,16.91904167771883,11.784477308047588,6.570166203008337,2.746657156349435
few_moving,68,1529,134.91176470588235,43.17817430654344,606,53.47058823529412,43.235588190200176,39.15680211852302,19.250461538700876,18.20505126555831,11.799284852613956,5.749432318366158,2.68688548512266,39.1253079194159,18.388135457029854,17.039047927378544,11.879068218686312,6.6428225210433975,2.748581388289348
few_moving,69,1542,134.08695652173913,43.17003158225065,606,52.69565217391305,43.225523780113726,39.135413204232975,19.319140320526504,18.30406336722459,11.873675521893418,5.893177268403979,2.6882247807926727,39.10685210654232,18.47639569137364,17.136827027901585,11.946453254127379,6.673954545295465,2.7557644591678594
few_moving,70,1572,134.74285714285713,43.128520121691835,608,52.11428571428571,43.22614775450728,39.071364886199596,19.362177873490715,18.406081847239285,11.940790083213766,5.941124470023042,2.69515641077543,39.12808575939583,18.591000096703816,17.267425010974502,11.994306558052644,6.647120207765548,2.756598567544811
few_moving,71,1585,133.94366197183098,43.210514067696074,612,51.71830985915493,43.24450097337475,39.15498216561086,19.36834821159598,18.408636882924004,11.978260310027968,6.0295784735173426,2.687178955144133,39.162787636295064,18.692034755950743,17.353202133640025,12.037476664850068,6.718978650016709,2.7699888043171055
few_moving,72,1618,134.83333333333334,43.22871767412474,615,51.25,43.26735808917194,39.13750143941878,19.45784749163075,18.532232319148854,12.03906633668266,6.067785492214417,2.707166583747614,39.19420316908051,18.793857502216582,17.437965218707994,12.079405494146924,6.789863220959536,2.7747314264202703
few_moving,73,1631,134.05479452054794,43.27966907908081,619,50.87671232876713,43.246660199893455,39.13996333296289,19.376923998056963,18.464171570074633,12.048672341714743,6.005680938101059,2.7214677684878708,39.1879786868112,18.85393747587917,17.537132662518587,12.13958973440178,6.819117182337519,2.787775675985396
few_moving,74,1662,134.75675675675674,43.29616929688405,623,50.51351351351351,43.2622415962352,39.18168412949913,19.53486237142842,18.621085776738227,12.09651011864736,6.135371400228992,2.747314408844201,39.216648778547004,18.937241795399036,17.63062248312323,12.17892815480811,6.8689178357259815,2.7870892205565574
few_moving,75,1676,134.07999999999998,43.247328322391425,627,50.160000000000004,43.24404705083149,39.18139445759649,19.627670922424457,18.740387168812298,12.131768834251504,6.200993306397926,2.7420755889107107,39.171136438577406,18.98343488079917,17.678079779359738,12.226501174732721,6.885825046069835,2.78784460853605
few_moving,76,1710,135,43.25672735488063,631,49.81578947368421,43.24277774498537,39.19345604235965,19.683808503219186,18.817329122908042,12.196998899285887,6.303355550818389,2.726204278226129,39.160496680071525,19.050036258352577,17.752325655083816,12.268070703767016,6.905018056945697,2.7900657958054915
few_moving,77,1721,134.1038961038961,43.22238044258833,633,49.32467532467532,43.256935954791196,39.14731688312607,19.794409448964302,18.92376209712305,12.265179655299706,6.431638160522403,2.728166687759317,39.17290822065751,19.149220802094458,17.850508721237127,12.313052548391836,6.919475169208672,2.7890382565183396
few_moving,78,1751,134.69230769230768,43.223558716465746,633,48.692307692307686,43.264484915988255,39.136014535140085,19.916615464459383,19.062012683847108,12.306233362697458,6.458971677416637,2.7190091953244875,39.181956933205925,19.226648176038157,17.927003177306744,12.347533496889127,6.938528014971588,2.793246947439687
few_moving,79,1765,134.0506329113924,43.241012794971034,636,48.30379746835443,43.23937271267746,39.13578375772863,19.892785768000202,19.02356231858755,12.318465378683861,6.522964714196212,2.7231092721977292,39.13256824984556,19.220205513173028,17.92639021704899,12.35538750170601,6.920840860796842,2.792950402159914
few_moving,80,1798,134.85000000000002,43.2436001293734,637,47.775000000000006,43.19004900834458,39.169574689209966,19.92854240020469,19.08000636876786,12.325374547821333,6.513065153133219,2.754436857772727,39.077606786916625,19.212210334359686,17.92449263131328,12.3444619614581,6.849258951346341,2.8005416348413212
few_moving,81,1812,134.2222222222222,43.198218635566235,638,47.25925925925925,43.11943353166332,39.09757754127292,20.044195801868213,19.20230164760344,12.432396653793027,6.719656633169324,2.7683408398283866,39.0026360723266,19.26006757306243,17.978861051496246,12.377880352113364,6.884071966093616,2.7991063618526835
few_moving,82,1845,135,43.170755463602724,642,46.97560975609756,43.09612803812353,39.0658399827177,19.997000984928654,19.1653260974368,12.439177071570588,6.765017026846654,2.7556974060535646,38.97755228796403,19.291170510848705,18.028006386112374,12.38868622907032,6.883082641872149,2.801255176138821
few_moving,83,1856,134.16867469879517,43.20712691039408,642,46.40963855421687,43.12317608516201,39.09798697178643,19.971054975452887,19.160418606451135,12.419008239576144,6.63859425637618,2.76441938926357,39.00474765328617,19.299423717851273,18.050652657035762,12.401022207412122,6.895807130105025,2.8080316289850704
few_moving,84,1887,134.78571428571428,43.246473338316655,642,45.85714285714286,43.11782700718543,39.15545491902036,20.021339050629713,17.528973192547358,12.397844988212892,6.4958157103186736,2.763542412765964,39.000671645425186,19.325898530635733,18.086928543470993,12.417970453341876,6.921542553061677,2.8108722331983977
few_moving,85,1899,134.0470588235294,43.25007026875163,642,45.31764705882353,43.11844849175756,39.174903247472,20.006551563166187,17.612146876376098,12.387900492432417,6.451046782444267,2.7649215291324007,39.003701951134005,19.351202793325946,18.11927737941535,12.435378499070046,6.951177744912072,2.8142212924934293
few_moving,86,1928,134.51162790697674,43.21823585366469,642,44.79069767441861,43.11697066585137,39.15906502433195,20.00866676380799,17.599193886372955,12.371812769477533,6.417108845451139,2.791686978914187,39.00574313774867,19.37832462454516,18.151937940981604,12.458879876615253,7.001636216472235,2.8166444472436374
few_moving,87,1939,133.72413793103448,43.23617194384162,642,44.27586206896552,43.11592272167954,39.14191442827444,20.06129573524209,17.647403628392244,12.462317930792612,6.600464375391845,2.7669940080689654,39.00874910980149,19.40511902292851,18.18284477915831,12.48042254485299,7.046572633121486,2.818831224754823
few_moving,88,1972,134.45454545454547,43.284931966929456,644,43.909090909090914,43.147345409121016,39.204032850640424,20.102023274669264,17.75709908378872,12.45427140573758,6.580749215605558,2.7718575105087075,39.04059895994989,19.415119316526805,18.186206209887963,12.506713516433239,7.100669231824659,2.82288595103633
few_moving,89,1984,133.75280898876403,43.23031412338637,649,43.752808988764045,43.19289392411883,39.14919817728484,20.057344089932684,17.67270595813208,12.537815958268425,6.656558831633872,2.763673417495596,39.095133267869386,19.418241610643133,18.18452956774049,12.497038069753593,7.058994374295911,2.835373435837062
few_moving,90,2017,134.46666666666667,43.258597403486625,655,43.666666666666664,43.15431339384801,39.19045231330728,20.011681185696407,17.62736189152855,12.51325711855789,6.592306456216497,2.7652076344383296,39.063649385697154,19.45751671043013,18.227760617375964,12.516599221028903,7.130263096631414,2.8274007516701554
few_moving,91,2029,133.7802197802198,43.23157133143212,663,43.714285714285715,43.141743043663375,39.11798869724578,20.064643127934023,17.621072876237573,12.497861272267151,6.542517293111514,2.7598318779694635,39.07126350467405,19.49479455288957,18.271848497894013,12.535339581432266,7.170955082915859,2.8214405323957723
few_moving,92,2062,134.4782608695652,43.26308535520133,669,43.630434782608695,43.115433710566585,39.14990101329102,20.097075875991084,17.670959885865127,12.533936941257885,6.614649950148636,2.7574991355745992,39.04555976453648,19.552868420632667,18.336759124867676,12.55772165286529,7.172563056971344,2.8119296421227973
few_moving,93,2075,133.8709677419355,43.31696765278919,676,43.61290322580645,43.119976576704055,39.22631243785826,20.01895187266228,17.584895633771787,12.570576723668278,6.654257690085195,2.7734847112171614,39.05136150375351,19.56760743345203,18.339911628262556,12.557466247763205,7.087883094643743,2.8143910429783356
few_moving,94,2108,134.55319148936172,43.32255557077269,686,43.78723404255319,43.16544691482849,39.22175975437139,20.052963403639694,17.61086678477607,12.644070348962474,6.787189001455028,2.7678124319616595,39.0825939427436,19.589106662700253,18.37700088804673,12.58276039192227,7.069818729012164,2.825528076984839
few_moving,95,2121,133.95789473684212,43.34145104846842,693,43.76842105263158,43.04345872081296,39.27628253814135,20.016468648147868,17.65186322973996,12.589436731592105,6.716330831891109,2.7798305393204905,38.9945863001269,19.615014252564055,18.41405903797815,12.562075062233088,7.07825940483115,2.7974160742681944
few_moving,96,2155,134.6875,43.314750168213,701,43.81249999999999,43.1174708684711,39.27722020807777,20.04872815544606,17.71877398089943,12.560291051133056,6.760416602281476,2.771066024994334,39.084665449669856,19.622443044671254,18.424599046998654,12.586056240641094,7.141075171448949,2.810253180747423
few_moving,97,2169,134.16494845360825,43.34748355151369,710,43.91752577319588,43.08764388056434,39.32329961299052,20.110382994611097,17.833153782589694,12.613112423713554,6.944590030804198,2.7796925236792545,39.07241735094986,19.629817433910546,18.43160793782154,12.583521090097333,7.216098958124107,2.779160673478046
few_moving,98,2201,134.75510204081633,43.31491655986201,713,43.6530612244898,43.137056570552204,39.282594766129684,20.020621599436453,17.70111758229487,12.652935800285892,6.942082021899867,2.7769967652826337,39.15182504093112,19.57436437018715,18.378968733570026,12.542832729020498,7.226543130655936,2.7837059500566803
few_moving,99,2214,134.1818181818182,43.302367200927584,716,43.39393939393939,43.13706353223746,39.26832444801171,20.06671885132464,17.76414778035793,12.611365436737819,6.912893667307228,2.745556067541749,39.16952169410695,19.54364103683884,18.35991133320981,12.534653365705049,7.286968749222701,2.789713267406282
few_moving,100,2244,134.64,43.32754347468569,719,43.14,43.16391731149887,39.301405574125546,20.090544161153517,17.78526493212043,12.609139822685032,6.921268828186738,2.7614914745553496,39.21068290923421,19.534434629900396,18.350523591254277,12.5330815957299,7.335107597411053,2.788822080832311
few_moving,101,2257,134.07920792079207,43.319939042646034,726,43.12871287128713,43.216244917466085,39.29159573798641,20.078891463734454,17.743319485575597,12.644089688411254,6.929652065341892,2.7778310181583707,39.2915483474278,19.465322126911637,18.291744158758938,12.504832623388861,7.443571340049249,2.828776537095174
few_moving,102,2291,134.76470588235293,43.29287124205723,734,43.1764705882353,43.25006917534455,39.281147570033106,20.07438359206372,17.75627011430897,12.633335293284786,6.9507378835280615,2.7540589171079053,39.341492310604224,19.491388839205058,18.302601518348546,12.509350653268454,7.452307397277591,2.7833678429752973
few_moving,103,2304,134.2135922330097,43.35553435395932,746,43.45631067961165,43.21507180122988,39.36714543555668,20.01901288544152,17.686537052551255,12.620092001583817,6.844806466869723,2.7750862729623735,39.28329860217412,19.501794196525978,18.318743623749178,12.506957115294922,7.272752714035625,2.7743957655006084
few_moving,104,2335,134.71153846153845,43.29299325715681,760,43.84615384615385,43.196318669972904,39.28541307757395,20.049003914674895,17.67957733130543,12.628347864679931,6.785640138006956,2.7795735796823178,39.285036009641786,19.53350206112404,18.34647158646962,12.497746119851463,7.209944860532715,2.8221459248610365
few_moving,105,2347,134.1142857142857,43.26323375205381,770,44,43.210032158207774,39.28087311678583,19.99605161627263,17.65047843558919,12.627515977578593,6.871380679654456,2.739908050896566,39.32226738087988,19.615200502095124,18.41810488366126,12.552878042819646,7.274699249072097,2.8008665654719804
few_moving,106,2380,134.7169811320755,43.243607445594826,780,44.15094339622642,43.18470674521991,39.25807277187065,19.92314643976259,17.596785224272427,12.642570750927481,6.8133223476835285,2.7586532253963476,39.314187828509546,19.645128264811376,18.442741031623434,12.567066466731653,7.3549714865937315,2.8013442050531125
few_moving,107,2392,134.1308411214953,43.29149684259934,790,44.299065420560744,43.17882433454947,39.333446479735684,19.932534103372273,17.643668965824446,12.663682302967247,6.899454509702342,2.7618619973110277,39.30981280240289,19.669396003273047,18.455085672358518,12.58669550182201,7.414873198278316,2.7942312326109557
few_moving,108,2424,134.66666666666666,43.28228250584002,796,44.22222222222222,43.250971235408606,39.302410520787554,19.902513047996834,17.61703135816401,12.723980752305017,6.928808533317995,2.7598542104491273,39.394136066260124,19.59568386966692,18.363588418804575,12.49687786291615,7.213288742979564,2.8091712455653224
few_moving,109,2438,134.20183486238534,43.24272783638815,803,44.20183486238532,43.305323083207796,39.28638841853832,19.827728164202266,17.558335127277104,12.682045416711844,6.807615005101959,2.7561840617919926,39.45710923264643,19.638061325926337,18.38296137505098,12.51228256098288,7.26648503413004,2.8048486662184287
few_moving,110,2472,134.83636363636364,43.1803220674556,805,43.909090909090914,43.33284009277767,39.20247187409557,19.857466809341226,17.540702392802288,12.675865459283271,6.800132969989968,2.7530473187410327,39.49214351422438,19.684012036563956,18.40525967560411,12.530605938342504,7.287564367612629,2.8011394442961515
few_moving,111,2484,134.27027027027026,43.13850841125327,807,43.62162162162162,43.35205110879763,39.17195228767714,19.915218910000885,17.623419286053867,12.722640043386882,6.9311442019520575,2.7682016191257546,39.51739776470656,19.706918052257862,18.412003329526822,12.529825186789314,7.271293894026485,2.799808731194323
few_moving,112,2516,134.78571428571428,43.07926451086094,809,43.339285714285715,43.30565447627985,39.151751163397094,19.830614561152803,17.563997861377377,12.741712630640162,7.01157017771137,2.7424849422537045,39.44722877183883,19.819822283482942,18.530057538373903,12.610981067178782,7.265303962258002,2.7987790411779048
few_moving,113,2529,134.28318584070797,43.231761300526586,809,42.955752212389385,43.283227984842725,39.320037075897744,19.871467460808365,17.668438306803218,12.732551476213093,7.023328057660786,2.7718131563643005,39.41679128313729,19.86239186981047,18.571551796286002,12.64732243831075,7.269141845134849,2.8018483562141085
few_moving,114,2558,134.63157894736844,43.19748073365524,809,42.578947368421055,43.26680520686409,39.26527551403059,19.807793352159607,17.583133233822412,12.728900463058961,6.946218751694547,2.7633902997030693,39.39839867095949,19.8976630492853,18.605181843564885,12.6717191638792,7.275732019419533,2.8027490221633906
few_moving,115,2571,134.13913043478263,43.23486163551531,809,42.208695652173915,43.255185574277206,39.31171902864373,19.84725154783845,17.606406519408804,12.684121946473464,6.944772317697731,2.775701080381854,39.38862033605055,19.923230614147634,18.62849929143855,12.686213231856014,7.280241533941084,2.802347305606734
few_moving,116,2604,134.68965517241378,43.23140804806235,809,41.8448275862069,43.24612084411489,39.345139055118636,19.879090953669696,17.657999032581976,12.67416295874996,7.004614795262022,2.783113637666994,39.383291827422894,19.94342630197701,18.646224455746,12.69529220378654,7.283105953655091,2.8016034946892674
few_moving,117,2617,134.2051282051282,43.196573749742456,809,41.48717948717949,43.2382726990629,39.29562871995352,19.989205100264368,17.72988625012751,12.735917189008498,7.183331001541291,2.7586273429477264,39.380132105072065,19.960338449178472,18.66061968004511,12.70132836789117,7.2850412255382535,2.800681223211896
few_moving,118,2650,134.74576271186442,43.209255794909936,809,41.13559322033899,43.2310523481962,39.3119236832013,19.929751422561328,17.70782554587688,12.732616394548995,7.082368380347746,2.7555254173815102,39.37802411503035,19.97516343188905,18.672967627127164,12.705624298113362,7.2863845769972935,2.7997036626731497
few_moving,119,2662,134.21848739495798,43.20177036451922,810,40.84033613445378,43.20937694359106,39.29917235160583,19.971886097359125,17.738098351626075,12.773852179267092,7.1464695100800615,2.771388293459946,39.32657936381485,19.97698190783533,18.67798658750688,12.71931612021885,7.251430633761062,2.793198457557062
few_moving,120,2694,134.7,43.17638804127005,810,40.5,43.18844213660029,39.257627174195875,19.92380393958021,17.66056540570697,12.83329385596686,7.273127159147956,2.7641599316209535,39.27532506450275,19.97846356336115,18.682508115972336,12.731844781138793,7.216772884168681,2.7936096502494037
few_moving,121,2706,134.1818181818182,43.27085826975558,822,40.7603305785124,43.24584892700741,39.38698841077827,20.00874875372851,17.749604269678294,12.80826538927665,7.173029769726786,2.7588070378153247,39.323434894409935,20.091551096529084,18.783909581671306,12.804367587250994,7.197343440185237,2.7964281803980215
few_moving,122,2739,134.70491803278688,43.28835775222232,836,41.114754098360656,43.25575975612387,39.430152359755944,20.09049971061866,17.79880269471253,12.908240245956,7.352648100358231,2.7428525895317803,39.37553252514991,20.15506673063346,18.842183452281063,12.781543203387425,7.207066347214914,2.783043884613259
few_moving,123,2751,134.19512195121953,43.31042207641062,849,41.41463414634147,43.3033710276943,39.51258224107702,20.094913171018522,17.693740121547805,12.934575977538488,7.489282010741432,2.7076726817265713,39.44514196740967,20.27146891587297,18.929469848931326,12.810994957410394,7.29658511618622,2.7668888581405264
few_moving,124,2784,134.70967741935482,43.36227706328535,865,41.854838709677416,43.33492540634422,39.6071361119646,20.16149152766698,17.655054229212574,12.951184412715316,7.289758101128636,2.7122416509662957,39.491435225603574,20.390206584745933,19.012428333426538,12.889273411393136,7.3836496362909,2.7548835032358263
few_moving,125,2798,134.304,43.38413324066409,878,42.144,43.44571371958708,39.66933966341087,20.184104481546157,17.604150939700844,12.986378772705915,7.393820510162668,2.691270204872254,39.649811663963575,20.39145331838726,18.98864060914132,12.901782133541278,7.442914327938725,2.743629641905387
few_moving,126,2831,134.80952380952382,43.46723589220247,895,42.61904761904762,43.48290640726322,39.74058883393853,20.291720916071856,17.71076741829487,13.06388420130976,7.647175105470435,2.6610101945774565,39.690750114165766,20.56765020374462,19.13683878732881,13.0140881927612,7.9845350028420325,2.720569944999151
few_moving,127,2843,134.31496062992127,43.49249310975691,911,43.039370078740156,43.52312840448798,39.79200293825398,20.375501954553794,17.75710267635403,13.104001333140051,7.671781690777546,2.6756319427018243,39.780168792063066,20.571712724868963,19.10399766958853,12.971342493321394,7.885300795290375,2.7015128434213507
few_moving,128,2876,134.8125,43.523238120642034,932,43.6875,43.528063710027276,39.85023008706165,20.42781486800916,17.767024844888606,13.132327498514794,7.399710528866141,2.653956094339922,39.83623006327821,20.645227971735736,19.126296006980347,12.978828741353457,7.931634347533765,2.676049700020862
few_moving,129,2889,134.37209302325581,43.54598876590206,951,44.23255813953488,43.558435866775895,39.94637553221666,20.513525466729984,17.84796005803006,13.170594425882744,7.66417632869507,2.650643072146798,39.891136629216966,20.729810670382218,19.187741014601578,13.006349961924647,7.998930872031137,2.6897301400137863
few_moving,130,2922,134.86153846153846,43.588853544404955,973,44.90769230769231,43.569813796227415,40.04317916589378,20.583445302468473,17.92310210516302,13.164607101031295,7.310189538860535,2.6265234405554136,39.98530101894633,20.81894040339199,19.222226530828447,12.990308954670613,8.056334857059204,2.6495282165497183
few_moving,131,2933,134.33587786259542,43.71540959521707,994,45.526717557251914,43.55764934195909,40.20651831637778,20.608870299741078,17.909731139542664,13.147808135011903,8.01243877690858,2.525262709999473,40.006235218709364,20.943984772597258,19.33330612665778,12.966794539454368,7.945968778067272,2.576393427208858
few_moving,132,2964,134.72727272727272,43.843830832563874,1013,46.04545454545454,43.50776887105088,40.38454349772782,20.647169479241764,17.940233786479958,13.161520003519819,7.8399044860242,2.5241340140720494,40.004331764431306,21.09768593389641,19.502702203609097,12.960064332214204,7.771459333908131,2.499872019343856
few_moving,133,2976,134.25563909774436,43.99417937662697,1032,46.556390977443606,43.43587915053256,40.58348948280038,20.708846185546854,17.983152141659403,13.169559468915706,7.8250921168426135,2.465435226768899,39.96793784418298,21.200253485658635,19.59309414126397,12.955911631395876,7.59799623290419,2.5277182289597584
few_moving,134,3008,134.6865671641791,44.01528237261896,1052,47.1044776119403,43.470042005875534,40.65386071814857,20.643452642371514,17.913397392495437,13.197115834078804,7.537232102019151,2.4825914248726577,40.069909859025174,21.308958291738186,19.652441741050957,12.973496890587004,7.517003362323561,2.54633230532322
few_moving,135,3015,134,43.97903450619221,1065,47.333333333333336,43.457752448980315,40.66736006314444,20.57847174674669,17.823260177339666,13.252405099279086,7.5576049959214044,2.484678112751947,40.1376786598483,21.428335981654644,19.749994509891856,13.025887654394324,7.451810820273966,2.57502811498292
few_moving,136,3046,134.3823529411765,43.989358479850324,1078,47.55882352941177,43.42827819243137,40.70697067818905,20.60358185432295,17.80390055792719,13.296217374180388,7.332272134087235,2.5798298973652893,40.16640673980493,21.557315499480996,19.85113832782995,13.065392559623206,7.520356922259713,2.5936580264974443
few_moving,137,3056,133.83941605839416,43.96510820257097,1090,47.737226277372265,43.40175019634965,40.6813514675617,20.60035346258592,17.71033410092313,13.38746304989093,8.527178280719868,2.6369440554671297,40.19172903066286,21.670090713760665,19.946829737782345,13.101072729986406,7.55729572618256,2.591441223663477
few_moving,138,3087,134.21739130434784,43.9429205824005,1103,47.95652173913044,43.422265314850804,40.67996078554783,20.62050500389519,17.6823704126191,13.460988244158031,8.377976797421743,2.6672463971155165,40.25149088828714,21.754730286697647,20.007030114838475,13.133487494637034,7.643068784424718,2.5558383104641487
few_moving,139,3099,133.76978417266184,43.91331274147483,1117,48.21582733812949,43.399695086386245,40.69946543550087,20.580417781486336,17.628479153052005,13.5063577017096,8.474574523113032,2.5718746907054677,40.27276818946096,21.868228430744367,20.112330599460854,13.179161121854259,7.772326854642793,2.496028191881645
few_moving,140,3130,134.14285714285714,43.851258652457666,1129,48.385714285714286,43.38458288064754,40.65304557081333,20.527237747358523,17.5366514788677,13.602691942334834,8.331722948352613,2.687817388982102,40.292871832300854,21.820810334678725,18.014470042279775,13.205980180105328,7.844464154407422,2.4753650856662714
few_moving,141,3141,133.6595744680851,43.84483481262811,1142,48.59574468085106,43.29939318423263,40.66749388800275,20.507489210591036,17.478848122817034,13.686435133335575,8.421471999819252,2.753521333670619,40.23986967534786,21.71935507962449,17.85775528499224,13.226854196456244,7.828550213343552,2.512495910712969
few_moving,142,3171,133.98591549295776,43.79991548192257,1156,48.84507042253521,43.314180789424455,40.64119001230598,20.490537431955488,17.425711997718064,13.760141497628657,8.26839131360336,2.7708515546321077,40.28727248964125,21.668868512448988,17.746066733133656,13.25022107993241,7.852289658867897,2.5446097812321486
few_moving,143,3180,133.42657342657344,43.76364352312325,1168,49.00699300699301,43.285240475045555,40.624995163206634,20.465879772727302,17.345775294142708,13.781476640512688,8.190259781122375,2.778946630848644,40.282071167346274,21.588864365037068,17.607766698554958,13.29816512582284,7.9077789583554114,2.563078547334228
few_moving,144,3210,133.75,43.74936998262898,1181,49.208333333333336,43.27453587938302,40.63743801413511,20.442860379379784,17.315186163872696,13.840280832660047,7.994487239666348,2.7680034742372874,40.28894519629087,21.51976483080006,17.50485987380128,13.330388729200534,7.974452471360032,2.5984489003881484
few_moving,145,3219,133.2,43.674342839238676,1194,49.406896551724145,43.35393822412925,40.594851853963846,20.393822200051336,17.25597784533975,13.93517389711787,8.16324546309456,2.7244046291159223,40.38115714575845,21.496580205544344,17.470614273412814,13.333640273094552,8.053132936232817,2.596464756542129
few_moving,146,3248,133.47945205479454,43.694068685920904,1216,49.97260273972603,43.4428904471048,40.663095298466274,20.461004306525773,17.359070273217927,14.077092782599477,8.162509583275002,2.7118354513329574,40.481210367923275,21.485018943155904,17.485133934442675,13.42544637228066,8.367251200453767,2.480391075750904
few_moving,147,3257,132.93877551020407,43.62967470069819,1237,50.48979591836734,43.47303242454098,40.61630472880632,20.51596594541812,17.42699561171249,14.247904860742263,8.509100320930736,2.704256231747193,40.52540167106662,21.397606334250952,17.398560042224958,13.428042229427415,8.254487920270966,2.5747914297364827
few_moving,148,3288,133.2972972972973,43.587972397784554,1257,50.95945945945946,43.50942559312238,40.593277888279275,20.3782934416819,17.334345661494886,14.40679905194361,8.360237923849196,2.663966423844754,40.5813058421651,21.338276945690517,17.383632918912117,13.456420479088148,8.294631692293006,2.520657607742669
few_moving,149,3297,132.76510067114094,43.506912701705836,1281,51.58389261744966,43.5876871790459,40.51004741456556,20.261826701020837,17.222181038965342,14.555558069381894,8.491253870785014,2.5889633354553463,40.635160256587156,21.312986009430862,17.415862910614564,13.490015284832596,8.339269326929642,2.5221893709010295
few_moving,150,3327,133.07999999999998,43.453339798297755,1303,52.120000000000005,43.641013220940536,40.44237715031296,20.25760416493767,17.206308851710965,14.712514207895222,8.350507536117545,2.5074633992559328,40.66391608943732,21.276513003886016,17.422589010358063,13.557504740290579,8.291318967201883,2.4805341431680086
few_moving,151,3334,132.47682119205297,43.47668532826089,1326,52.688741721854306,43.75234169083304,40.499462341433436,20.304034112745164,17.31213140123973,14.871154855317222,8.61057657906068,2.4815912467459893,40.76107533223144,21.259839255083815,17.454256683174332,13.557781709864015,8.328265170072061,2.4832166545782193
few_moving,152,3364,132.78947368421052,43.44999430410668,1345,53.0921052631579,43.84006570089946,40.47941341652103,20.1936949322916,17.267816763650632,14.974489201030696,8.480699103513489,2.389597721071173,40.836404999581475,21.301086220165345,17.563042590813716,13.507283673899163,8.637726645785968,2.4674286121655373
few_moving,153,3374,132.31372549019608,43.47871262034693,1363,53.45098039215687,43.86233384480069,40.519518813186316,20.211349995312972,17.273345259186687,15.004332439156283,8.235444960434565,2.4622576907089666,40.85471078012956,21.31405776759744,17.64900228186793,13.543725990033439,8.469150223334472,2.5120678669230267
few_moving,154,3404,132.6233766233766,43.461901349851146,1381,53.8051948051948,43.873906076536755,40.48645632621263,20.149992717822958,17.220587938963344,15.059677621716087,7.910444975705378,2.489567741588033,40.87161598063828,21.276252263239673,17.680810922602053,13.533190789920177,8.246247211441736,2.540175147245255
few_moving,155,3413,132.11612903225807,43.47310182802244,1399,54.15483870967742,43.85632355927689,40.52309023767895,20.16868684186998,17.258186917985718,15.113532591404756,7.725739845494396,2.472805845935312,40.864871537623436,21.22942309847687,17.71592905479765,13.590105609020753,8.116629139362567,2.539815019950603
few_moving,156,3443,132.42307692307693,43.46478418012969,1418,54.53846153846154,43.84422580950036,40.53643101985327,20.11396323651847,17.223847438998575,15.154517422058301,7.583633769206893,2.4838366490092127,40.856836498001314,21.18347306476599,17.741822419744288,13.639697871578953,7.9156019091684096,2.5372368698049526
few_moving,157,3454,132,43.46031407676998,1428,54.57324840764331,43.7860369853653,40.53449794114147,20.0833658045028,17.191291507919054,15.20287770038476,7.361355841219647,2.466160653279727,40.80999081328202,21.111226619705242,17.735954600239772,13.718408988314176,7.7672857226181184,2.5384515129047185
few_moving,158,3486,132.37974683544306,43.41180094795904,1435,54.49367088607595,43.786346823502505,40.49002313553804,20.009183246337464,17.15404848896447,15.26860854137658,8.040892922724618,2.4634692475466364,40.813497335391475,21.065533504712352,17.755176726218355,13.761248527455127,7.576063976284355,2.536923636725725
few_moving,159,3497,131.96226415094338,43.34770850520155,1446,54.56603773584906,43.748346285471314,40.435138632009135,19.979133908741794,17.1447186726225,15.30211774392279,7.6551060753780105,2.49289578214699,40.77694623359056,21.02800387179931,17.794278465045153,13.832078834863081,8.172268847689496,2.5697056705534687
few_moving,160,3527,132.26250000000002,43.303700625248304,1459,54.712500000000006,43.67876112038007,40.41628022051553,19.9025188118865,17.148687766696575,15.359475800780997,7.435217038864373,2.4937857433835293,40.70866114641417,20.970261648255594,17.796623565419388,13.884310078068355,7.897881147610965,2.558971800905968
few_moving,161,3538,131.85093167701865,43.19865714952801,1471,54.81987577639752,43.61008742616166,40.306857494129666,19.947058831891013,17.234775098380393,15.446610131589301,7.2053691712097026,2.4627296373894545,40.639083896343465,20.929040375258577,17.812748372557657,13.94694292631922,7.645725380647615,2.5566924789586687
few_moving,162,3569,132.18518518518516,43.125258994626826,1483,54.925925925925924,43.54162327496525,40.24993405821636,19.93368989658389,17.28559286912801,15.522600420070956,7.048495780768071,2.4735086238922297,40.56372367224162,20.904521941496967,17.855233996156095,14.061200718976544,7.527240601391399,2.565622375389041
few_moving,163,3581,131.8159509202454,43.12350086255502,1502,55.2883435582822,43.47043361952898,40.2283340755739,19.972473012094675,17.314411849527264,15.622962745062594,6.945590467863551,2.4632866871809,40.53708031956671,20.73910837592903,17.788891743203322,14.129187957617091,7.341098792255132,2.5296669716333993
few_moving,164,3613,132.1829268292683,43.07267140932375,1522,55.68292682926829,43.43859281261414,40.19051488770704,19.939354481655705,17.339646959092526,15.742576029948221,6.963758166953908,2.4651538339311494,40.55166579525586,20.718991506355845,17.85965793654259,14.263824978711632,7.522341214749688,2.5058107922975865
few_moving,165,3625,131.8181818181818,42.99352988988755,1542,56.07272727272727,43.40802904910647,40.124322673489296,19.91856170300954,17.355157951973077,15.85763915422233,6.926005277703696,2.416815973726767,40.51280057264738,20.723688808975485,17.90265791115211,14.386563368636445,7.432844478106419,2.513505915449704
few_moving,166,3657,132.18072289156626,42.93020184063759,1563,56.49397590361446,43.34539863608128,40.08115953539109,19.931175741138517,17.41800896670384,15.974627314703183,6.899511553275143,2.4096830765635033,40.41722611832003,20.70808416653074,17.91107528674857,14.517578674239727,7.37056277849496,2.4996861398909394
few_moving,167,3669,131.82035928143713,42.86992032822151,1583,56.87425149700599,43.25629460438634,40.03633672706161,19.870721248946705,17.403693107886028,16.013420894674418,6.915418606172724,2.416890184745139,40.304591638010265,20.655032557734522,17.875135525783058,14.576397252250302,7.376353474075898,2.466006400846447
few_moving,168,3698,132.07142857142858,42.75949281242069,1601,57.17857142857143,43.13321258697178,39.941448124699306,19.80986066598336,17.382509803428214,16.06115458021779,6.927547495581634,2.374370655422188,40.161417192739684,20.658188837915123,17.890087710458246,14.649627358344878,7.54027363950162,2.4471392406462584
few_moving,169,3709,131.68047337278105,42.686358348855165,1616,57.37278106508875,43.002384824489376,39.88490408555116,19.879045014145824,17.48036938864204,16.152639148399654,7.318197320516739,2.3801105313093323,40.04040140286246,20.66660839747998,17.93100981616484,14.728397440833684,7.6528628966338745,2.426379691659395
few_moving,170,3741,132.03529411764706,42.577665681755,1631,57.56470588235294,42.9362590799004,39.76586835172359,19.924973473826885,17.530828685706382,16.18453870247508,7.263987783651625,2.3743024697026978,39.976977116276274,20.551917908332037,17.87102385590759,14.807885323858702,7.766287813124257,2.424566509481619
few_moving,171,3752,131.64912280701753,42.59346545804759,1639,57.50877192982456,42.933126466284406,39.7362715786938,19.996566422652588,17.59125274052325,16.251918930688387,7.500204835481509,2.3684624286002913,39.95196843862996,20.572011825604765,17.89350237876676,14.824028216760128,7.792914623810408,2.3972919207137133
few_moving,172,3785,132.03488372093022,42.53325801111757,1646,57.41860465116279,42.90359642379152,39.64976106588009,19.972050763358308,17.59944447224152,16.32300268120665,7.502953282136193,2.3529683743637544,39.92731419932329,20.539425177876723,17.90413125332936,14.872822077445838,7.932616610372723,2.3881854085623115
few_moving,173,3795,131.6184971098266,42.44698698036535,1652,57.29479768786127,42.86762267065298,39.57953243394765,19.985259128400443,17.62078786756724,16.311104990256812,7.55470311070146,2.3610380674665383,39.88513570749644,20.581074783674268,17.963209521091954,14.906882887313845,7.973205316397394,2.3873285679053033
few_moving,174,3826,131.93103448275863,42.39481298321625,1656,57.10344827586207,42.84399990496528,39.53089844828809,20.044344636240993,17.688993535341766,16.355338722743504,7.594137784578485,2.3565139713724874,39.848389744760794,20.581253543350297,17.9937075117279,14.945150116511147,8.054065379781193,2.3993350615873337
few_moving,175,3838,131.58857142857144,42.44098625893996,1662,56.98285714285714,42.8323235137537,39.56089355688994,20.121597789002184,17.75488964604327,16.368835775503115,7.6959820484776005,2.322959600515762,39.823525123139305,20.631793433720993,18.03958589109107,14.951168626073306,8.03354810286667,2.3788364661500316
few_moving,176,3868,131.86363636363637,42.40173211706675,1669,56.89772727272728,42.82575088396257,39.47890579642812,20.107942099906783,17.704854491432357,16.35808532678635,7.48389172700763,2.3088928537591804,39.800387428357396,20.649296902072635,18.06870411268802,14.963277122688023,8.037751547372869,2.367293047750271
few_moving,177,3881,131.5593220338983,42.322849502169085,1675,56.77966101694915,42.80166865404295,39.39124496331326,20.059078032811907,17.665888170503244,16.389537601249092,7.576143928151271,2.3569246521119798,39.759937730078995,20.702157213593527,18.12941955700564,15.000485431009912,8.05686668669257,2.373978900119291
few_moving,178,3912,131.86516853932582,42.28455424158933,1681,56.662921348314605,42.781588174036315,39.33615327634285,20.049757782466607,17.659497766426448,16.41147111190304,7.505411025605661,2.3244700286189603,39.725091618059835,20.703321761541236,18.14584925575876,15.019935930626373,8.120171336685374,2.367259725145317
few_moving,179,3921,131.43016759776538,42.310571432479904,1688,56.581005586592184,42.79551302632185,39.34595589258729,20.196234767360245,17.770800987700085,16.443028472383777,7.764839695201194,2.3395874265046626,39.747493544524794,20.74141294379923,18.17189558811395,15.006576929085966,8.121928151496375,2.3505986347685104
few_moving,180,3952,131.73333333333332,42.299903411576175,1694,56.46666666666667,42.77522875947321,39.316036816701526,20.32131334562209,17.876755733499905,16.479128024537708,7.816675726333415,2.33675503538115,39.725105818600255,20.782996669625412,18.211313624948712,15.031196274600282,8.180296525866753,2.3642746157674397
few_moving,181,3962,131.33701657458565,42.266951061664294,1697,56.254143646408835,42.77797011312666,39.26493023085442,20.32111479194673,17.864770000652904,16.450126176725053,7.790897282037097,2.3299388745120995,39.7143041896825,20.805761775793325,18.233578311405044,15.024905949567279,8.204486422230035,2.3637665191355226
few_moving,182,3993,131.63736263736266,42.21411141470658,1698,55.978021978021985,42.7601194042281,39.20738974093715,20.315146120864945,17.866149081994912,16.460206987638312,7.781151786537589,2.332412163330544,39.68734734134148,20.8049752490072,18.2404012160569,15.02416767142512,8.169106165024965,2.358617926123079
few_moving,183,4002,131.21311475409837,42.22682480694803,1699,55.70491803278689,42.72080957223262,39.188278616439206,20.38756339375063,17.938465324600948,16.45944322033406,7.752530618218848,2.3543106076779563,39.63347846389355,20.801444800440482,18.240171089798373,15.025677117118127,8.095780465505612,2.3551862828981096
few_moving,184,4032,131.47826086956522,42.19347280042346,1699,55.40217391304348,42.68417078517816,39.13171539567004,20.325647878077156,17.94252732868938,16.53896272643896,7.909012998444033,2.3775808925081523,39.58038864026973,20.80855653128228,18.24946306930218,15.027674422767243,8.03546413966153,2.3511044547642808
few_moving,185,4042,131.0918918918919,42.11814264848485,1701,55.167567567567566,42.62914995583017,39.0783938564533,20.247365211279142,17.91678279929726,16.55750537156616,8.104013618625054,2.3751718207343004,39.50739790871474,20.84877089731271,18.28131592014129,15.026619137298434,7.9545670099653245,2.3465685794640594
few_moving,186,4071,131.32258064516128,42.065467439762685,1703,54.935483870967744,42.591983349408316,38.98931800519241,20.217010372761976,17.904751792218597,16.61442172357421,8.134835861441703,2.341991002281614,39.452052242677595,20.883223685314814,18.3110087116929,15.036242015244571,7.919711750320819,2.343065748485478
few_moving,187,4080,130.9090909090909,42.053860907507676,1704,54.67379679144385,42.57491264433609,38.974807793772484,20.290330932094317,18.0304176016607,16.66629104281777,8.317727630815988,2.345504971481337,39.43587289336897,20.91754581119124,18.356306835420998,15.034086584099077,7.898536141750444,2.3437777243742524
few_moving,188,4110,131.17021276595744,42.0360423161029,1704,54.38297872340426,42.55202568216234,38.96042380196074,20.304468404294198,18.095207241949105,16.682717872408812,8.398357642070296,2.340825556339267,39.40511734923964,20.944931216872558,18.390140098767667,15.03331148706901,7.871549701369638,2.3407983170383346
few_moving,189,4121,130.82539682539684,42.05526406100868,1704,54.0952380952381,42.530125569738765,38.95949685265897,20.283263545371938,18.067463303530783,16.641646349356925,8.143547019189695,2.3234797504239593,39.37107880820894,20.968379895226974,18.41752312832142,15.032624399056312,7.840461076617086,2.3379901192437513
few_moving,190,4151,131.08421052631581,42.041862389551454,1704,53.81052631578948,42.50984288670992,38.894494394915895,20.30459002750965,18.040094367470044,16.628796786961086,8.029612922180679,2.3097403895341375,39.33688260121052,20.98838230240995,18.440180665540275,15.031449103481606,7.8065247642255455,2.335256476376928
few_moving,191,4161,130.71204188481676,42.009982905105275,1705,53.56020942408377,42.495724386138875,38.880856465157926,20.278113665909395,18.000146124594057,16.598900197494867,7.95536558718189,2.3059372816404857,39.31207778533228,21.002187846898874,18.455189384126218,15.029631015887245,7.777799386448755,2.3332033824473735
few_moving,192,4192,131,42.01939812465356,1706,53.31249999999999,42.48614922304134,38.89978286576673,20.251583658865503,17.969885729850805,16.560541906607266,7.845843561257403,2.3086388828787907,39.294642750931516,21.01158621938499,18.464996682370334,15.027972350468563,7.755517336836184,2.331717575112896
few_moving,193,4203,130.66321243523316,41.99908872838645,1706,53.03626943005181,42.47968792079226,38.89235809585184,20.290280438306237,18.050696809261105,16.590657353829865,8.05209278742832,2.318637815438068,39.28245406306633,21.017927753997636,18.471289210046827,15.026644765434154,7.738589725509615,2.330657069935862
few_moving,194,4234,130.9484536082474,41.97805328929611,1707,52.793814432989684,42.4753120745742,38.83681587663498,20.281782123952663,18.067515002610815,16.603471476772047,8.045042039699878,2.3039548824377825,39.27379753742453,21.02205974499728,18.47520121097724,15.025740494876041,7.725695408495912,2.3299003093410726
few_moving,195,4242,130.52307692307693,42.00256694597422,1709,52.58461538461539,42.4740664194421,38.83609884688275,20.24868004736106,17.981228406452892,16.573129804969895,7.83443006533523,2.290265989168658,39.269303722485894,21.026249546612245,18.478759096344348,15.02636000266134,7.719946705453346,2.32737812944059
few_moving,196,4272,130.77551020408163,42.026883607737204,1710,52.3469387755102,42.431502652242884,38.85800520037204,20.309083607598495,18.03308340690585,16.616776124556523,8.026524666034373,2.3167727447522477,39.21870283498342,21.024625037905224,18.488752736194915,15.047311256772494,7.782719525910732,2.32770903892068
few_moving,197,4284,130.4771573604061,42.03409572788698,1711,52.111675126903556,42.42290269497279,38.8622173331775,20.34900413334998,18.080714288771677,16.630310067385327,8.094529834944787,2.2931973318850116,39.203540311017846,21.050623415688918,18.507936955195692,15.049959811913938,7.781269730521469,2.327011865526083
few_moving,198,4313,130.69696969696972,42.040639812477586,1712,51.878787878787875,42.41473746816998,38.87139473167517,20.35146899457568,18.09508963092248,16.629930231800543,8.098313774945948,2.2928733280253537,39.19427939308402,21.058365496440995,18.514956640308824,15.052460300670985,7.7889949518042485,2.326653359933523
few_moving,199,4316,130.13065326633165,42.00457215156503,1712,51.6180904522613,42.41102998291815,38.82260161207532,20.341377472823538,18.14122604429458,16.659811994383578,8.183668670149405,2.3020276339643257,39.19021288986067,21.065759772370917,18.521339161391985,15.053343846931984,7.790995666255661,2.32600217665546
few_moving,200,4346,130.38,41.97883180549929,1717,51.50999999999999,42.44865902371295,38.78577784594858,20.424079665560047,18.205897408606425,16.686974974334234,8.283983852023797,2.301733691197662,39.23284073936729,21.073774748355486,18.550516771578334,15.055198859127652,7.896075156639262,2.354746532154222
few_moving,201,4357,130.0597014925373,41.98575358282054,1726,51.52238805970149,42.43967229634768,38.80551985799693,20.36843715328254,18.135221123751258,16.650204089376658,8.11214674419972,2.296519230490666,39.240641099764936,21.026839364885987,18.52755045844078,15.081720773191053,8.129215052602307,2.3868948776098082
few_moving,202,4386,130.2772277227723,42.02395659602259,1737,51.59405940594059,42.41580099342328,38.86266239214977,20.408232491306183,18.159223534833817,16.616265518857425,8.06362769612951,2.278117056299165,39.183905043723215,21.039530010111566,18.54229943086986,15.126207374625999,8.247514377207919,2.349909258026767
few_moving,203,4396,129.93103448275863,41.991248941853165,1749,51.69458128078818,42.45734672701634,38.798821589289865,20.415998954689858,18.192153488649602,16.66077578543673,8.172480546259628,2.288394487335059,39.186328144955226,21.07515513540775,18.577755221998483,15.144013786904303,8.30844583206018,2.321888597487316
few_moving,204,4427,130.2058823529412,41.98829270392226,1762,51.8235294117647,42.403771763177595,38.82083515844336,20.443566889186524,18.250481146208724,16.644635562379655,8.242098775430462,2.325142262177019,39.11852163918837,21.038166386851543,18.54711480035761,15.166852739592551,8.330356354135358,2.346624429526859
few_moving,205,4435,129.8048780487805,42.05787421257439,1774,51.9219512195122,42.4102698007928,38.90825467537524,20.504562169854154,18.270528397355548,16.58698740520996,8.13908816844226,2.3179244191130604,39.1135966087986,21.028978994732427,18.54297437925377,15.188874939879767,8.382597133122415,2.3412157545461008
few_moving,206,4465,130.04854368932038,42.03601577139449,1786,52.019417475728154,42.35680835338406,38.85668472697982,20.477622351520477,18.214163198427475,16.578593901479774,8.006300426383076,2.3028527821739875,39.07772289267602,20.936061710280082,18.442073886851613,15.177437323851612,8.256823889571628,2.3721400665829733
few_moving,207,4477,129.76811594202897,42.028921127544905,1797,52.086956521739125,42.40531810093897,38.89442080895747,20.406376033944547,18.158495244229194,16.558078949131964,7.971434046105943,2.3106234165954493,39.12071680810675,20.870873118983372,18.39524695073512,15.182050033916461,8.235787928882523,2.3650607167858473
few_moving,208,4508,130.03846153846155,42.03930071877011,1806,52.09615384615384,42.376658384140086,38.88287567446832,20.42783322892733,18.1472992410621,16.585361901211794,8.015202217797615,2.2991742993039535,39.073906429965554,20.867394676644118,18.40682946454593,15.217984897134958,8.282323816667647,2.3666002250183134
few_moving,209,4518,129.70334928229664,42.04047498430986,1815,52.10526315789473,42.439887279140365,38.90126923572189,20.488626640331596,18.168391616932233,16.56247870550396,8.011717220336521,2.3133918031140612,39.18999598179117,20.853271529531373,18.352808303958845,15.14613529027276,8.168883357667836,2.380091638016627
few_moving,210,4547,129.9142857142857,42.0178259465832,1820,52,42.458743814283046,38.85208558697285,20.40705704562449,18.087663221899795,16.58746495966988,7.943773077095722,2.2940294057957047,39.24084451350163,20.881121831606794,18.362548347110224,15.146261486278652,8.287336487819795,2.3664792819325786
few_moving,211,4558,129.61137440758296,41.98363624830167,1827,51.952606635071085,42.419098693147575,38.7752356630096,20.486595313547305,18.15875718280037,16.615522100592916,7.999980800773423,2.314779321417649,39.21473706680573,20.90944870879178,18.3873422128506,15.164091755783328,8.389948564013125,2.3612497457795563
few_moving,212,4590,129.9056603773585,42.01013589363889,1832,51.84905660377358,42.47467431046475,38.80922388537566,20.610697054614747,18.30948009868258,16.611921176416836,8.140414891765099,2.300171156242155,39.283414846376104,20.94683661689706,18.401656550640613,15.136710203921199,8.390020206752805,2.3580178107490237
few_moving,213,4600,129.5774647887324,42.00964240870617,1835,51.690140845070424,42.47700624877007,38.82317251722442,20.620975405166302,18.33322104585798,16.610444279283023,8.199295791404758,2.3009162406838404,39.2766938648701,21.00943058391274,18.46542431326038,15.155796629406993,8.487548367763265,2.3487731275893724
few_moving,214,4630,129.81308411214954,42.01920441043895,1835,51.44859813084112,42.4807344965994,38.833630061210656,20.577769018549414,18.308398418234873,16.582897100128832,8.119826469994575,2.286217999000679,39.282507674020046,21.026052477026365,18.478351821003756,15.151930721203563,8.496303204217332,2.347634763814077
few_moving,215,4640,129.48837209302326,41.958223590341106,1837,51.265116279069765,42.50439842892525,38.75377348376025,20.49785205224309,18.244434725388594,16.58364281233267,8.012158247915968,2.3128491410647167,39.30536923397776,21.035113156263463,18.48554713383469,15.150593533433549,8.502772481087261,2.33633924540027
few_moving,216,4671,129.75,41.978146584362435,1838,51.05555555555556,42.51486331993738,38.77077078440659,20.52163616653492,18.2623729881557,16.58575923440761,8.023007500267193,2.2986997200118835,39.31591866327228,21.034656584478693,18.485974023562072,15.149555063479998,8.508093874366917,2.3385782212606396
few_moving,217,4683,129.48387096774195,41.9706354084796,1839,50.84792626728111,42.52791685768006,38.758179460936034,20.525243056128218,18.30065943712239,16.631045622744413,8.180589706024648,2.316635343290808,39.34590025518284,21.03946815543792,18.49962312303963,15.146038484032385,8.52938677823284,2.3418038855990826
few_moving,218,4712,129.6880733944954,41.92701137508655,1839,50.61467889908257,42.53490008159673,38.70956098611841,20.502927262728655,18.283053879962253,16.648284658126705,8.137364756558869,2.302163831859773,39.361231096187616,21.045741130967176,18.51020225393308,15.144251551923182,8.543048778664364,2.342275196218166
few_moving,219,4722,129.36986301369862,41.9388423645718,1839,50.38356164383562,42.538789016256914,38.70559962143068,20.475450205035084,18.24046456752405,16.64001687570318,8.064182948658436,2.30833862538339,39.36944167383235,21.05122442612646,18.51786056047493,15.14331411461408,8.55181951025637,2.342536379771894
few_moving,220,4751,129.5727272727273,41.97933780049757,1840,50.18181818181819,42.53825923397605,38.75299196763705,20.51773983550629,18.291540565879828,16.679858832384117,8.240447909666015,2.3071003339440135,39.371525598535655,21.05345478207661,18.521369958942763,15.142399322875727,8.554491399483814,2.343231668898439
few_moving,221,4760,129.23076923076923,42.00054574247136,1844,50.0633484162896,42.51462275469224,38.787001312670235,20.479967255405505,18.245112504935115,16.652189572681255,8.127253726729007,2.2886267017488326,39.33368423632308,21.081080403827755,18.5610381787438,15.1675052193375,8.626834052881158,2.3350397502460223
few_moving,222,4791,129.48648648648648,41.998612340385684,1848,49.945945945945944,42.4996060414859,38.80672721897007,20.44664968096222,18.243881090934583,16.620928409007185,8.05590404815807,2.273489435393438,39.291190080710926,21.074307798111732,18.540962971774285,15.173280470415857,8.590867395084157,2.346881092885709
few_moving,223,4799,129.12107623318386,42.0389460822083,1851,49.80269058295964,42.48506668336104,38.85686390926903,20.447537572833806,18.218814885769127,16.576395772971697,7.969261766261585,2.31513845584128,39.27704344254738,21.071900062769153,18.534117322915655,15.176744654327399,8.572227889659901,2.344710824537786
few_moving,224,4828,129.32142857142858,42.05097262947405,1855,49.6875,42.473686728486804,38.87449437940946,20.45195302192025,18.22068832591612,16.572599811719783,7.961309172798436,2.3124106643482185,39.23459820252592,21.049576469613434,18.53905436065057,15.197376838324555,8.524019885625995,2.3430751649496546
few_moving,225,4839,129.04,42.00040406967227,1858,49.54666666666667,42.45888213497931,38.84082723608947,20.462730246031352,18.238320495061245,16.601815424803014,8.123910912117811,2.3304818157651326,39.17258291808598,21.023946157116832,18.532399063015912,15.219345065930348,8.465356028165575,2.344101983515166
few_moving,226,4870,129.2920353982301,42.002607780457645,1862,49.43362831858407,42.45300628256652,38.84341970320046,20.481558537018312,18.244872823154445,16.626385835885877,8.195733331758374,2.324717264120517,39.14334517355447,21.008243916847167,18.529434203445646,15.230184990377685,8.435082036681445,2.346105856352006
few_moving,227,4881,129.01321585903085,42.01742933738748,1870,49.4273127753304,42.42674591525583,38.85958632155136,20.438000577774293,18.168065067979892,16.61683539711451,8.094916597593917,2.2851618507308755,39.10132023024009,21.03296905799348,18.54904958666152,15.253999043779134,8.431934519503823,2.3326270803130464
few_moving,228,4909,129.18421052631578,42.030017448419294,1875,49.3421052631579,42.44989845828031,38.90775276731789,20.420718341724683,18.163328814454594,16.556563693756743,7.996164094968938,2.3150814124874803,39.139125473626116,21.056917593812127,18.583971268333148,15.237047684321361,8.447822520747529,2.363083432390704
few_moving,229,4919,128.882096069869,41.987423014786835,1880,49.25764192139738,42.45574387682079,38.84721357596085,20.43763354452603,18.189471062572302,16.569895724898615,8.012451958700781,2.288921650939035,39.14624535505277,21.083460301392407,18.615574880932275,15.226139765349817,8.440532751098225,2.3563667474150467
few_moving,230,4950,129.1304347826087,41.97518433197418,1887,49.22608695652173,42.44154713651147,38.79920246009722,20.429602634248166,18.162043005411324,16.605675021203222,8.028065897050608,2.2851654607191985,39.14512043801274,21.03920299652882,18.56221925141411,15.17777322218775,8.278869709620903,2.35612109429835
few_moving,231,4960,128.83116883116884,41.93269664485124,1892,49.14285714285714,42.43601999747965,38.745074778640706,20.439947330339436,18.223330869602705,16.630820333205236,8.103897319683382,2.288879727077289,39.13847137704549,21.04373058669645,18.573639594084607,15.190399430754367,8.315437959595757,2.360357671363091
few_moving,232,4991,129.07758620689657,41.90909742533036,1898,49.08620689655173,42.42688765423535,38.71854330922038,20.461864903322155,18.288696213584153,16.65744054398409,8.25016074350002,2.3026914738849773,39.125593360260815,21.049441855657797,18.582959678871056,15.195329608013248,8.328572702935453,2.3657014019750253
few_moving,233,5002,128.8068669527897,41.95487215128136,1903,49.00429184549357,42.40515529345523,38.755092274654956,20.414118801186888,18.194496810981768,16.60401296575146,8.004978997337817,2.3087179863078693,39.105575527574125,21.039344477356885,18.57528540627001,15.199133432047406,8.339364403670366,2.3700474937037295
few_moving,234,5031,129,41.958106179420575,1906,48.87179487179487,42.46823501775936,38.74034498956699,20.42354303021133,18.15520241389025,16.57188054404219,7.874655643476046,2.3061768739613595,39.165382973385384,21.0724074440543,18.59827344387218,15.18922525579633,8.316671690768557,2.329482205435827
few_moving,235,5039,128.65531914893617,41.94770409365089,1912,48.817021276595746,42.43705981879104,38.70310762668244,20.504364710136212,18.23274102144727,16.620557495722426,8.103895427919777,2.306216097949431,39.14122252843774,21.034302643129642,18.55847070882517,15.164432819556314,8.226080114042457,2.362357945442449
few_moving,236,5067,128.82203389830508,41.92516018071682,1920,48.8135593220339,42.424649801825865,38.70181661140189,20.49957899517194,18.26431168655221,16.649702905614145,8.231658593288246,2.2960039206787495,39.13692390534596,21.011490877411312,18.530290199020758,15.154381896533042,8.171237094349637,2.361460042197041
few_moving,237,5078,128.55696202531647,41.941252493807056,1926,48.75949367088607,42.41166472616394,38.719772414575196,20.57149903471295,18.356912220582423,16.655186497777432,8.273430529136972,2.29758458579563,39.137280626719544,20.988237493763567,18.504405515775808,15.160333348154566,8.199929627257404,2.3746166326474776
few_moving,238,5107,128.74789915966386,41.962035630346065,1931,48.68067226890756,42.393473717799715,38.75188436943065,20.649901471804846,18.435220746233664,16.674438693569645,8.350187959157465,2.282292882713886,39.10044589785237,21.045179373338357,18.567692306644126,15.208419215216148,8.326212145685234,2.3799056516009838
few_moving,239,5118,128.48535564853557,42.01858018003795,1938,48.65271966527197,42.38622909296029,38.798356881964814,20.630176645096533,18.339297884538905,16.646592053240564,8.241252971629871,2.2795301899628027,39.1068123252786,21.04596554466635,18.563725307215563,15.21474553545786,8.39280784073723,2.3775859649392332
few_moving,240,5147,128.675,42.01118933039286,1943,48.575,42.41219999711557,38.81549104221112,20.488102350515906,18.210642423785394,16.60299115997438,8.057365227141327,2.3011911601657546,39.152340014823906,21.01742694419713,18.519012812048665,15.185943351077286,8.308734846084462,2.3772223731065627
few_moving,241,5157,128.39004149377595,42.00155109328334,1948,48.497925311203325,42.40070813354702,38.79661781148572,20.425695048937285,18.150866372734644,16.624675067677188,8.040486646392308,2.2728143513857395,39.124149259557356,21.06784621476722,18.578751782058607,15.221678497104634,8.438696766413106,2.38101119932665
few_moving,242,5188,128.62809917355372,42.022511248394345,1950,48.34710743801653,42.40679807169818,38.81834224932176,20.42308960511857,18.149737201771284,16.614743566655633,8.02551317479067,2.296089905359456,39.14295771397702,20.995063805067037,18.52339786405973,15.22328180536262,8.418687032199122,2.379104961525079
few_moving,243,5198,128.34567901234567,42.03812934797895,1951,48.17283950617284,42.389344252155624,38.83336219146323,20.462631582993993,18.150809304661955,16.582010575520684,7.930990089084179,2.301886089296208,39.12932623873531,20.924295210075613,18.465130346624964,15.239925834690379,8.429672555388581,2.3732818503719897
few_moving,244,5227,128.5327868852459,42.03541012159294,1951,47.97540983606557,42.382895922055404,38.854454350583005,20.437023055047526,18.163343705505685,16.572107899334796,7.9159791561492145,2.2776029488082425,39.123483576719416,20.890621479773994,18.43625874082584,15.247546434333229,8.431928326852347,2.3710172203021354
few_moving,245,5238,128.27755102040817,42.04566547968048,1953,47.828571428571436,42.384418678330306,38.87072133455533,20.429568028143343,18.210232801409358,16.59430589960688,8.052542309811876,2.2954300685721596,39.125981541580714,20.872538653024662,18.423493331502918,15.260413491879815,8.462358942531795,2.367796628705397
few_moving,246,5269,128.51219512195124,41.97891555490945,1953,47.63414634146342,42.38769909728238,38.78124458570468,20.333839834174842,18.123573854742737,16.626204431470416,7.981502622623881,2.320647196261469,39.129290083942344,20.86405836664636,18.417826907689538,15.265815955069183,8.481128793284496,2.366532547363779
few_moving,247,5278,128.21052631578948,42.03974078922327,1954,47.465587044534416,42.39153647935603,38.85688915932156,20.38955993851809,18.158993170016043,16.5813622440405,7.955815390841026,2.2972290609228643,39.13279773566679,20.86054580337574,18.415604338081096,15.269019093704626,8.493837649607167,2.3653838907007216
few_moving,248,5307,128.3951612903226,42.0586105007934,1955,47.29838709677419,42.412233165526395,38.86420693086632,20.478396407373697,18.213635234579645,16.586054642091867,8.008025473012315,2.2894215385340324,39.151359541940046,20.870893344630154,18.42626773011789,15.274898196148216,8.523210828981185,2.362657415983053
few_moving,249,5317,128.12048192771084,42.03470802672194,1955,47.10843373493975,42.37608992566082,38.82926923396959,20.567090479418074,18.302102074508376,16.579996950294547,8.085105916942775,2.3009251258988743,39.121979948757634,20.84844369001523,18.408845157549997,15.298115642481584,8.593511627303881,2.3597449509767485
few_moving,250,5348,128.35199999999998,42.010496626697886,1955,46.919999999999995,42.36900554075063,38.80610479204758,20.580389871999657,18.325390583254975,16.58759030150847,8.120215083296252,2.2895172144364007,39.116367183254326,20.844842305068656,18.404745625847756,15.308466752343197,8.620260512957195,2.3611746220002643
few_moving,251,5358,128.07968127490037,42.018321543293425,1961,46.87649402390438,42.36067042045073,38.84532598742031,20.47614355102251,18.21624577646121,16.551769088546163,7.98285047582178,2.30347070759156,39.08295625715663,20.88041806334341,18.449819839810644,15.327708027838382,8.630646768475726,2.304461021359832
few_moving,252,5389,128.3095238095238,42.00923586000656,1969,46.88095238095238,42.3592873441899,38.83590474397725,20.47014231383223,18.179000505940678,16.565382253460367,7.973099410706882,2.312783691867637,39.06569000267851,20.9682522500239,18.505755997192484,15.316548526770935,8.63084856861518,2.3447005501039215
few_moving,253,5399,128.0395256916996,42.02752116431338,1976,46.86166007905138,42.35749476516519,38.87267513839926,20.444917459614715,18.129824907386073,16.544858814743186,7.900537568284469,2.3164651049791822,39.05715232478964,20.934863179718274,18.462146884256928,15.31347384806244,8.595475595990662,2.331980095193925
few_moving,254,5430,128.26771653543307,42.05342393180758,1984,46.86614173228347,42.36459331340318,38.89511190521928,20.38951813888156,18.096962418917037,16.541600534156796,7.832357530172857,2.29275365050827,39.06089592643322,20.97517365582708,18.52044825252214,15.31710147983702,8.618319542365375,2.3441904550888784
few_moving,255,5441,128.0235294117647,41.9736098507498,1992,46.870588235294115,42.36364183911523,38.78012499247302,20.35589552867626,18.11167226429776,16.602178001939954,7.914962806460219,2.3180431270664674,39.049740996311996,20.963494592416794,18.51214300569072,15.323595551895032,8.619996466363117,2.346601606176231
few_moving,256,5472,128.25,41.90284770602067,1999,46.8515625,42.38647677170513,38.67321257325529,20.43003582504167,18.17506070611349,16.62378197367624,7.982305650624681,2.2960532558267244,39.09410194547486,21.02124331794335,18.528187782488256,15.277382484498364,8.572743858366259,2.3365006389655667
few_moving,257,5482,127.98443579766538,41.916643785749734,2007,46.856031128404666,42.387073560855946,38.67348716502821,20.39045233900463,18.14419497820439,16.63045666639516,7.923289556481522,2.3066070607833873,39.095096484782715,21.079466990788315,18.592681370201113,15.281547015781898,8.61194075394492,2.3326609438150854
few_moving,258,5512,128.18604651162792,41.926231567645594,2010,46.74418604651163,42.41544075510504,38.710814195914516,20.442826105036275,18.201821937970795,16.611340432013623,8.009845142024956,2.3155705535279987,39.12462162992124,21.003063918956403,18.533447227761616,15.264924590916978,8.5207182399334,2.3349536242659474
few_moving,259,5522,127.92277992277994,41.95561125225923,2010,46.56370656370657,42.42863013751801,38.714030657459176,20.473567410098923,18.207677480691366,16.647358347503115,8.050454601084976,2.284371981961385,39.137196668685725,20.9396400523462,18.482074122778123,15.259668743588195,8.466086859493016,2.338023647724483
few_moving,260,5552,128.12307692307695,41.973500505516284,2012,46.43076923076923,42.433672148673445,38.71772906761521,20.514580906093126,18.224977506994204,16.652914892057744,8.066638413557328,2.2912705453263866,39.13378865792918,20.98574548099376,18.520542952563446,15.245968910631136,8.458827638817688,2.3369858269655066
few_moving,261,5562,127.86206896551727,41.97480692861514,2012,46.252873563218394,42.434085648063004,38.76852306686921,20.492262005972318,18.24414310117084,16.662779541070854,8.195003706006643,2.3063596995848923,39.13052564578139,21.00720400411913,18.53668787719814,15.240651398717397,8.448575246124753,2.3374720004662226
few_moving,262,5594,128.10687022900765,41.9823175958469,2016,46.16793893129771,42.45811101779247,38.80954596280873,20.44840890752225,18.24560114672291,16.649827405686477,8.17545456175728,2.303378329190245,39.154198106240884,21.032339157614626,18.56494996727408,15.258497427280423,8.494523342714006,2.3183762384239013
few_moving,263,5605,127.87072243346006,42.05114859082218,2020,46.083650190114064,42.45538700598822,38.88145579473151,20.520771251444476,18.304902065343125,16.583797260380305,8.075929811050656,2.2941044899950196,39.1530483033085,21.018814988300477,18.53918587758106,15.218775687113746,8.373352561431828,2.3444617455773162
few_moving,264,5634,128.04545454545453,42.039870203255155,2025,46.022727272727266,42.447248315561396,38.84230231003529,20.556869634422107,18.300547125276736,16.59356401088566,8.070147869602412,2.3018452073669198,39.14567668725677,21.01464892763705,18.532520744191224,15.213561142693552,8.337241876692117,2.354043845767059
few_moving,265,5645,127.81132075471697,41.99641536835208,2030,45.96226415094339,42.474540307554506,38.789673250247596,20.548535198874145,18.324600345400007,16.607756725398463,8.099591941238504,2.2906797461603143,39.16123726662191,21.051899522320916,18.57539871290132,15.21826717129502,8.393306314862242,2.346094789077841
few_moving,266,5676,128.0300751879699,41.961087611415266,2039,45.992481203007515,42.454155225690045,38.74397691194967,20.532799118801755,18.2850287022098,16.58056158541681,8.010553867087422,2.3062720124208274,39.16289009372257,20.983186774855,18.492082154886425,15.169360011098098,8.183431422191704,2.3633230158737333
few_moving,267,5685,127.75280898876404,42.04360054766074,2050,46.067415730337075,42.4507205328224,38.83321842341302,20.55208816254137,18.29219517332252,16.58106294333841,8.011580202551373,2.292757192279339,39.143991674297865,21.04009948002052,18.569153499136426,15.203916331092044,8.36270176211175,2.3524853227328406
few_moving,268,5715,127.94776119402985,42.02696366100841,2060,46.11940298507463,42.47458358861544,38.837180718762006,20.538597672381687,18.293132840594446,16.592362379703125,8.073704282585625,2.31253422860126,39.151209357277416,21.08859103595157,18.623706800919745,15.205375083594292,8.411906685679021,2.350759679221977
few_moving,269,5725,127.69516728624535,41.942495327827785,2068,46.12639405204461,42.49812977711415,38.76890844192014,20.62051865674195,18.416524929170556,16.620366890081705,8.31774710509432,2.3170695861366233,39.210067069236196,21.0888074987291,18.595731820217758,15.153409163962973,8.317853996001151,2.347556117076232
few_moving,270,5756,127.91111111111111,41.943438720797616,2073,46.06666666666667,42.478282232932315,38.74708356680013,20.66930894582992,18.469380390725185,16.661214055716655,8.414262439048448,2.300920859837895,39.20678589865073,21.08035916853668,18.579661690009672,15.14865395987715,8.33107941173209,2.3577108564105895
few_moving,271,5766,127.66051660516605,41.95952540404547,2079,46.02952029520296,42.51012601553865,38.747125180127156,20.593360814904,18.39883174550152,16.65243457696064,8.292456252773455,2.30244883812157,39.24431453062,21.10683856621533,18.59548735456794,15.136975002642801,8.333893040535754,2.3442073577698403
few_moving,272,5795,127.83088235294117,41.938663223530426,2087,46.036764705882355,42.526887804446815,38.69442533957671,20.570207351617327,18.34927857689754,16.64038802355575,8.179853523039338,2.29133240181666,39.26745887580682,21.10422992439637,18.585834995236958,15.114568469408567,8.294881781238972,2.3619915277257815
few_moving,273,5806,127.60439560439562,41.88978954787077,2091,45.956043956043956,42.542110293284814,38.677856846636274,20.46535768851495,18.261797095597068,16.649533950823695,8.17265981634941,2.3378437486956285,39.33525853325354,21.05107010150894,18.556837971852282,15.099242002792657,8.30171536201175,2.337780575576549
few_moving,274,5836,127.79562043795622,41.95025780324936,2091,45.78832116788321,42.556734946204976,38.74992287657277,20.516846266216696,18.313360543579336,16.683450033318344,8.321559398365862,2.332340128562944,39.3806379217283,21.03714974350702,18.56377094057039,15.095129727035015,8.339225338472097,2.3374722390238536
few_moving,275,5846,127.54909090909092,41.95228475834044,2093,45.66545454545455,42.56416658682925,38.74021767808557,20.561033425170102,18.35314066388869,16.68525441090352,8.32203447967965,2.3213154573845713,39.403573516802865,21.035620122626135,18.57374732046501,15.097511789212316,8.369447398880146,2.344460391128096
few_moving,276,5876,127.73913043478262,41.967535247939914,2093,45.50000000000001,42.570081039089516,38.72107260691817,20.558290084625973,18.324702335777985,16.655092068946857,8.181355217163947,2.311218588378884,39.41726141950495,21.039446459762203,18.58322839472336,15.099113271368994,8.388243975721368,2.3439249185747464
few_moving,277,5887,127.51624548736464,41.95343576590835,2094,45.357400722021666,42.57419780610883,38.70611755761523,20.486119007488192,18.252744374230776,16.660010287418718,8.121556650397487,2.2953213197992515,39.425431443109176,21.04349914112884,18.59033120133433,15.09984598861854,8.399655778655154,2.3436724981019927
few_moving,278,5918,127.72661870503595,41.9187939339392,2094,45.194244604316545,42.57715389918377,38.67357871847445,20.45993754719733,18.229353192580135,16.661882205393933,8.12203331530623,2.320757120017189,39.430552163702565,21.046837604947036,18.59545369892644,15.100112063724271,8.406770448333914,2.3435308744277723
few_moving,279,5929,127.505376344086,41.95100391637142,2094,45.03225806451613,42.57929365023043,38.723483594100436,20.43955857035473,18.1896185433431,16.635481089256714,8.02566361786805,2.290938859380581,39.43387178265774,21.049343346943655,18.59910353422444,15.100111430827448,8.411290845706326,2.3434523202580073
few_moving,280,5960,127.71428571428571,41.950095545077126,2094,44.87142857142857,42.58086182198465,38.70055003168796,20.437760757698662,18.171023711015902,16.634283763790087,7.962614216897402,2.270331325673911,39.43609144437592,21.05116768911187,18.601732032402516,15.09996328710731,8.414228257433008,2.343404683016221
few_moving,281,5969,127.45195729537366,42.011928299008034,2098,44.79715302491103,42.573354221543376,38.76415120083219,20.466988703433444,18.183753226629644,16.61649887395819,7.939142933151638,2.295196545391995,39.40505557155998,21.0820256021116,18.64691289358276,15.110332181479615,8.407143017275489,2.3076919313530206
few_moving,282,5999,127.63829787234042,42.01067103078537,2102,44.723404255319146,42.55018612246247,38.78584022569597,20.470133069245563,18.191769735910437,16.586699888302114,7.915023266206926,2.3087158322117287,39.37002420844841,21.18340972677378,18.73049502213285,15.131941524294742,8.490006808228436,2.3063028993985557
few_moving,283,6010,127.42049469964664,41.979601630686425,2106,44.65017667844523,42.53011425863195,38.78975008331893,20.436268511044148,18.1727695072177,16.602351628127966,8.074559571706704,2.3117641349906015,39.3278291655626,21.213477595789293,18.775931623623155,15.158036416229308,8.524455370475891,2.307901637746564
few_moving,284,6041,127.62676056338029,41.96849930353129,2111,44.598591549295776,42.507101041923676,38.79650034417477,20.480734308946968,18.221357855444364,16.62556193757631,8.161325188395953,2.3159464127516483,39.32665981503568,21.169295822539645,18.728496855257223,15.180178521967598,8.611455691038111,2.3457190526658516
few_moving,285,6050,127.36842105263158,41.9726749823756,2115,44.526315789473685,42.50586045242429,38.81421233334877,20.541160665678984,18.285671035490385,16.612928631460832,8.180330056499997,2.313829810144139,39.350571835097455,21.16026251344534,18.700073254052498,15.180458005698227,8.662725863205067,2.354035583400115
few_moving,286,6081,127.57342657342657,41.99116736003217,2119,44.45454545454545,42.49312614721853,38.83508267039699,20.524902519391095,18.26950093298734,16.58085573603205,8.116443975645279,2.309700256990185,39.3223993463135,21.093704267105654,18.657993342067506,15.199262960022043,8.635851810930514,2.3550577382045286
few_moving,287,6092,127.35888501742161,41.98735882721409,2126,44.44599303135889,42.4835678047211,38.80093241160399,20.567857961282616,18.29736622424228,16.580691686601675,8.075836899418194,2.288919033430837,39.295965315526836,20.995515341121383,18.59069589140832,15.217176508686622,8.587172679963977,2.355186546714424
few_moving,288,6122,127.54166666666669,41.97853524902325,2131,44.395833333333336,42.4525042975529,38.78737756950968,20.557226781654833,18.293350773175217,16.581805279128243,8.065154182355448,2.3094625803138076,39.24397416032199,20.97592518660781,18.532219408579316,15.213381887628644,8.514449277606362,2.365035703209785
few_moving,289,6132,127.30795847750866,41.99616468971773,2134,44.3044982698962,42.42950629774555,38.820875190051474,20.52561646512923,18.240218319685493,16.557705808018756,7.994905960084818,2.3182102899931123,39.204374227847794,20.992590436563994,18.520489907348622,15.21192106831051,8.482619981325598,2.3647449000610807
few_moving,290,6161,127.46896551724139,41.96230678438717,2137,44.213793103448275,42.449852585980324,38.7927241817514,20.54961747302439,18.254591649359806,16.572911813090723,8.030731161164148,2.3218789220291542,39.228051618217954,20.932617885739845,18.462774521710905,15.20597446989797,8.448566918793192,2.366255070226506
few_moving,291,6172,127.2577319587629,41.905530046535404,2137,44.06185567010309,42.459887358657696,38.742547596631454,20.46516625815418,18.217885041236627,16.585934840176698,8.035160877812901,2.3180678059309416,39.238290665652805,20.894810252844643,18.426955133271456,15.20271939580934,8.431890450636184,2.36891900831713
few_moving,292,6203,127.45890410958904,41.90340639155003,2138,43.93150684931508,42.46519274130837,38.70895482338534,20.448639402498337,18.181469380466513,16.62550291343852,8.070415473607964,2.318178823204736,39.24264233774798,20.87265930917595,18.405907630240115,15.201879887028657,8.423708686047735,2.370061999839633
few_moving,293,6212,127.20819112627986,41.91783294803301,2138,43.781569965870304,42.46772940334877,38.68224942756554,20.46325360607353,18.16900110783998,16.635887769975106,8.015109931083845,2.303393758916917,39.24406266361524,20.859488700173078,18.39340060154083,15.201950139156043,8.419461806155168,2.3706679289425003
few_moving,294,6242,127.38775510204081,41.945088787718845,2141,43.69387755102041,42.40322289435471,38.7326442584569,20.508706630630016,18.22106326829992,16.61830134327416,8.075829490095815,2.312905070965188,39.19178369219497,20.82131891223598,18.36245552117882,15.228550594270562,8.424297689020529,2.4143026707820674
few_moving,295,6252,127.1593220338983,41.98010478134257,2146,43.64745762711864,42.43837890110257,38.78503316184502,20.485694358638828,18.20824344523232,16.59300607774282,8.03310425997101,2.2907637167335477,39.219189572693296,20.82373804349116,18.36344739315294,15.213441736473406,8.40959666861558,2.35800884649168
few_moving,296,6282,127.33783783783784,41.96442228946838,2151,43.60135135135135,42.45980655513464,38.7592833154327,20.452751181916266,18.183240807498986,16.595137671097934,7.988443306843467,2.300085994647049,39.2333855811345,20.824349373820976,18.361965852010137,15.185574836030506,8.338518260718056,2.359500335103526
few_moving,297,6291,127.0909090909091,42.00299430294618,2157,43.57575757575757,42.43346601064546,38.79833808515985,20.453154123396164,18.22907194579681,16.614321271290244,8.056918869028065,2.31425376609337,39.207031533714215,20.81521351216787,18.355438196521256,15.188210618028325,8.320054735640353,2.374106308786051
few_moving,298,6321,127.26845637583892,41.99657485247305,2163,43.5503355704698,42.441375410212956,38.781937086310094,20.47773490868289,18.237453894789752,16.61352212074427,8.040822293722881,2.2998258603983794,39.211727861171596,20.84304075927125,18.38152930059281,15.20370439949529,8.370593322028936,2.3707744119701744
few_moving,299,6330,127.02341137123746,41.958916000731946,2168,43.50501672240803,42.468462780665256,38.745344129501696,20.51172994153614,18.31063705314054,16.642503816436452,8.20547164801738,2.298260587249524,39.225407251514156,20.884530675694453,18.431108075663435,15.223968169802681,8.462325590980125,2.3559387415290938
few_moving,300,6361,127.22,41.939489148463885,2173,43.46,42.47666230231161,38.72745596520664,20.565062300737946,18.344243922111104,16.62762330979277,8.22858167803004,2.284163532836075,39.23738643662511,20.900793955390096,18.442890752038284,15.220541429182344,8.473169319062546,2.364049439290062
few_moving,301,6372,127.01661129568107,41.988461588310955,2175,43.35548172757475,42.47875615437882,38.78777656311979,20.578338207903936,18.325840650977046,16.60958098176036,8.189619721248864,2.2835331332884548,39.242725890531844,20.870697518295593,18.40983995146447,15.196183232588949,8.38723467169883,2.3524679538797324
few_moving,302,6403,127.21192052980132,42.01053877225645,2178,43.27152317880795,42.47236939889701,38.80511568379808,20.521675350853073,18.27775372967914,16.61323661472779,8.163612433843971,2.306747649474504,39.23119305240797,20.871798553959067,18.41252382896597,15.193379560795936,8.370035627284025,2.3510012895919115
few_moving,303,6413,126.99009900990099,41.98190559205207,2179,43.14851485148515,42.4380999475927,38.77786970780182,20.597688019609727,18.319394165763956,16.608833415787256,8.195453695837534,2.3050643482643767,39.180075113328755,20.815255094056216,18.335219816564457,15.186460136761557,8.285313932533128,2.3366570220293346
few_moving,304,6442,127.14473684210527,41.97700256665379,2180,43.026315789473685,42.425018975161194,38.77912168893579,20.5358858253043,18.29836829316607,16.610038297691993,8.163107038154042,2.293113343823289,39.15080521941125,20.802897753482856,18.313696202736462,15.193341856479915,8.266936107277564,2.335251081029433
few_moving,305,6451,126.9049180327869,42.01520727704895,2182,42.924590163934425,42.40686998142975,38.800631775495596,20.474396777771336,18.220876385665413,16.630607210532403,8.066659132129017,2.2743011581922525,39.10925054458903,20.86276135658216,18.351948111862406,15.195506186289297,8.271258225688843,2.3369064182640185
few_moving,306,6482,127.0980392156863,42.01527040218186,2182,42.78431372549019,42.39854898550693,38.818750067560806,20.521913773942106,18.260077467445086,16.624871809711507,8.112355393773798,2.3032893537112855,39.09206551765875,20.895396320114017,18.374362792997925,15.196179771892323,8.275282829252973,2.3377108709801067
few_moving,307,6492,126.87947882736158,42.01776047933366,2183,42.66449511400652,42.393677579471,38.808160312118474,20.53210195173828,18.239072698365838,16.600242798504667,8.040751578293365,2.3063555512265164,39.08414374675524,20.912987702401015,18.3871032340585,15.198486133534086,8.287427506092445,2.3384977441695454
few_moving,308,6523,127.07142857142856,42.06684073233877,2183,42.52597402597402,42.390825610633065,38.86560474432989,20.581820069678518,18.284826671229556,16.585040890419585,8.044169397261648,2.2798214022918457,39.080416638386886,20.922885567608827,18.394623792458084,15.199362887908292,8.293310881846399,2.33904128420857
few_moving,309,6534,126.87378640776697,42.065164291467035,2183,42.3883495145631,42.38907919344116,38.91090923128203,20.555063020738256,18.28945879222868,16.569029247141756,8.114812499502934,2.294952371699247,39.07856114409572,20.928594634248935,18.399153116811412,15.199629565059299,8.29604042234382,2.3394249365410804
few_moving,310,6565,127.06451612903226,42.02401436499721,2183,42.251612903225805,42.387977548003605,38.865316000046974,20.51677594174144,18.244856153212996,16.56438123032093,8.066832263156094,2.3079899418237932,39.077579015502856,20.931964255314252,18.40194386866613,15.199704260844388,8.297442592325853,2.3396916584354965
few_moving,311,6573,126.8102893890675,42.03505876321154,2189,42.23151125401929,42.3774870455851,38.86131429151165,20.561594598622975,18.293662359461145,16.583011064824248,8.133330495896805,2.3100440196191743,39.04312945059886,20.91806230216519,18.404124059689412,15.228845062180055,8.325842768926513,2.2909464267842305
few_moving,312,6604,126.99999999999999,42.01222385953925,2196,42.230769230769226,42.391044902069886,38.83095750757163,20.512355210263316,18.259520248756,16.630508828187914,8.191311320678652,2.2996029525974317,39.1009433305066,20.93208995912235,18.42779834382454,15.198151788433895,8.290261125302612,2.3212705226368837
few_moving,313,6614,126.78594249201278,41.93648495367254,2203,42.23003194888179,42.383927649852154,38.752828365831895,20.47923401330507,18.227644245231254,16.61277114158063,8.134240014107801,2.318780455031564,39.09931925018641,20.940579107564833,18.433220737711355,15.195282292600046,8.294142426032728,2.345422059106482
few_moving,314,6643,126.93630573248407,41.99557845735746,2209,42.210191082802545,42.40472091135322,38.84008075489219,20.47939301669067,18.279371682621445,16.632567884207713,8.245149380847904,2.290754234895187,39.169086016896856,20.936223607660455,18.40875769959603,15.160912502289307,8.29406973279304,2.3404870098358885
few_moving,315,6654,126.74285714285713,42.00640574765719,2215,42.19047619047619,42.40084102852342,38.81807012437146,20.495933330676333,18.277144807570245,16.598391601755317,8.038755505780093,2.2975444804279386,39.170066642275486,20.93581802571731,18.418318398613753,15.164991972834512,8.294243888135437,2.3426588143218696
few_moving,316,6684,126.91139240506328,42.04955672217338,2220,42.151898734177216,42.40084547002748,38.855029072288445,20.610927191692127,18.350004701207144,16.584927986236156,8.11036424981969,2.3104328952325424,39.134442728634376,20.928018409611063,18.43887685168138,15.18790838269178,8.286534187287812,2.340689767887103
few_moving,317,6695,126.71924290220821,42.0455358900542,2228,42.170347003154575,42.393612631475925,38.84441231465738,20.57683508340732,18.363898135299202,16.642623735657885,8.288617537024434,2.3039369113027814,39.082633802425946,20.8975878268877,18.429348083611636,15.224527231531331,8.304170096455623,2.3316387100286886
few_moving,318,6726,126.9056603773585,42.01992576332947,2233,42.132075471698116,42.41451222324984,38.82367537305759,20.575553725310915,18.3666414299673,16.65792137517125,8.341815410583514,2.312781367713293,39.122174333977505,20.971453964855634,18.49550595116055,15.21985543930903,8.41770691662077,2.3436546039552226
few_moving,319,6735,126.67711598746082,42.01096121431004,2236,42.0564263322884,42.40394976662026,38.81496648151867,20.48032382833811,18.274509359528714,16.626249246221597,8.083135644045987,2.2767093773707576,39.133393042614934,20.99458966999561,18.50538415945355,15.217299833142432,8.45080765361776,2.3215807055933846
few_moving,320,6764,126.825,41.97362500820376,2244,42.075,42.4823158821307,38.774418712952645,20.542127746796453,18.306290610820326,16.62223065252102,8.098080748527458,2.3134959708478466,39.214057325144594,21.107918990289164,18.600036412149272,15.187438788927189,8.488081223939751,2.3335800807561617
few_moving,321,6775,126.6355140186916,41.98163340159692,2250,42.056074766355145,42.48408738281597,38.79145179262791,20.49741540936697,18.26042300082373,16.616314873339036,8.106101754155162,2.294069841474481,39.225431575538735,21.106708765688435,18.594673279517274,15.164324690750217,8.464092953196376,2.3655465797978446
few_moving,322,6806,126.81987577639752,41.95591714266849,2256,42.037267080745345,42.522344617267706,38.758069021399336,20.480872028633755,18.227090455064207,16.62353917642633,8.093188045130331,2.3016135857783917,39.2898169453487,21.094872102425384,18.563031572681826,15.120749170446269,8.367967679587066,2.3416089038508567
few_moving,323,6816,126.61300309597523,41.98685298986885,2261,41.99999999999999,42.506676795921486,38.77983839730456,20.463593099491657,18.173382070753284,16.59542258816007,7.958316721569242,2.29414229094195,39.26405294444889,21.13513841030377,18.611771193240887,15.150549889665939,8.476744374072636,2.3346797936500394
few_moving,324,6846,126.77777777777777,42.006186302057145,2266,41.96296296296296,42.5364988407929,38.795048811503655,20.406194655307072,18.12460165190263,16.57157380182357,7.878487551764451,2.298134086582116,39.2925573088397,21.150110298197323,18.619366347691944,15.139180470440852,8.448950779461928,2.34010248757473
few_moving,325,6856,126.57230769230769,41.973160019935804,2271,41.926153846153845,42.532482757335245,38.76643360341001,20.437756080226944,18.206463577454482,16.615641919305006,8.054938037803645,2.309794192609528,39.270114541688514,21.191233722243624,18.676757135604397,15.17689808093693,8.594459307993311,2.3505747642393677
few_moving,326,6887,126.75460122699387,41.96947695174087,2275,41.871165644171775,42.51975360146077,38.743909903327186,20.503767388774357,18.27104628035001,16.633391162773037,8.122942864029655,2.2883259138189747,39.27457071668186,21.16352677987165,18.635778344576025,15.14565250461026,8.474875158988182,2.3371191939829177
few_moving,327,6897,126.55045871559633,41.9817492500123,2276,41.76146788990825,42.51783136659261,38.77494362708541,20.45444755378798,18.183874233060113,16.576182871582848,7.923693788639142,2.2835231387968093,39.272928711044614,21.16821510792758,18.6379949669004,15.14345224313789,8.465946439031685,2.3372630882021372
few_moving,328,6926,126.69512195121952,41.99681671542327,2277,41.65243902439024,42.504502555789756,38.804856575561466,20.452921588991995,18.142770376752793,16.563108459785227,7.8834231112344275,2.2851980660521645,39.260826603289026,21.161291284854936,18.630096471525334,15.141217654969283,8.44929860335928,2.3382188740642094
few_moving,329,6935,126.4741641337386,42.0430174387428,2277,41.525835866261396,42.50785017289273,38.824434682367055,20.473529339565776,18.209610422329607,16.617585679174095,8.035182055946873,2.276840108395515,39.27232788514863,21.144438151956113,18.608583733214626,15.129762644109059,8.41502754278218,2.3373295208777773
few_moving,330,6963,126.6,42.02341372482487,2278,41.41818181818182,42.50943733188121,38.79090353754518,20.457151228268692,18.216839849480117,16.614059160067328,8.052508793064554,2.2859693838319624,39.275213828173875,21.144017487854374,18.60742358392854,15.131158650098936,8.420781593827707,2.335996452749726
few_moving,331,6974,126.41691842900302,42.03679761181466,2278,41.29305135951662,42.51220485218271,38.85197903946879,20.367708179527583,18.14713604777601,16.558047608388986,7.88021757500843,2.303517190802694,39.277478067312835,21.13685425997321,18.597149502365195,15.113384174544338,8.35899386756727,2.333217474282814
few_moving,332,7005,126.59638554216868,42.076826308722566,2280,41.204819277108435,42.51100488017044,38.905451881866426,20.43013234981531,18.176121690579112,16.55130928074722,7.911139900500748,2.3020683707027554,39.2720299113428,21.140751917627412,18.601442799690894,15.108728100328648,8.339402806685827,2.332124617458581
few_moving,333,7016,126.41441441441442,42.01175242072275,2282,41.11711711711712,42.497294628386875,38.845375297529536,20.423975975589226,18.22592440023172,16.582797403717716,8.011665801840818,2.292897364283827,39.237012319928986,21.126719140863557,18.600678084915025,15.112793638686872,8.283610392208232,2.332115095371037
few_moving,334,7043,126.52095808383233,41.98152534618315,2283,41.0119760479042,42.48983258227391,38.8132611017167,20.37429061033948,18.195057770849008,16.613097344617966,8.03525445057277,2.3035366391296623,39.21717354610668,21.11920114041583,18.60067451843658,15.115229966743236,8.250300732232569,2.3323388383391626
few_moving,335,7054,126.34029850746269,41.971684771856104,2285,40.92537313432836,42.47085637065451,38.76682921821252,20.375606124022262,18.182605743397552,16.630557199759117,8.027955635622593,2.2888687819894926,39.19859888541472,21.093845077642268,18.582535034509924,15.120486120379294,8.213100671075372,2.3214239091872515
few_moving,336,7084,126.5,41.94274559196405,2285,40.80357142857143,42.45734874649691,38.76203573638365,20.357270798220625,18.18773246554792,16.61658243758759,8.035211471637654,2.298608609043802,39.18373654249608,21.078917662924276,18.569647520505043,15.12160240314576,8.182839649923444,2.320905322776097
few_moving,337,7096,126.33827893175075,41.95633646903492,2286,40.70029673590505,42.44929513240819,38.7827453112339,20.325373847475937,18.153201751157727,16.61863624915958,8.004612257476168,2.311990720610248,39.17392049500962,21.070909188723913,18.561370327681647,15.12191110355723,8.161098552463386,2.320772889180678
few_moving,338,7126,126.49704142011834,41.9637218263739,2286,40.57988165680473,42.444329395085504,38.78279749466903,20.330573768103726,18.151782300548444,16.633681521019373,8.02678340626554,2.310718781249627,39.167409305416335,21.066157491571865,18.55557545065876,15.12183115084604,8.14543573530264,2.3208871620355382
few_moving,339,7134,126.2654867256637,42.056898087535096,2293,40.584070796460175,42.43010428539586,38.872780424240254,20.33695393955937,18.10383658186179,16.6241715552795,7.950202679603004,2.2818811106867036,39.18817705827529,20.994177957196836,18.505947047755928,15.109516109352908,8.05625153860482,2.4134852939476414
few_moving,340,7164,126.42352941176469,42.072529752931274,2302,40.6235294117647,42.44498898605555,38.899482973777765,20.393215213670928,18.125100287384186,16.557621629200707,7.88063206980202,2.296302327039582,39.23658422541879,20.944045499966496,18.487589197832477,15.131478736501132,8.187993659563041,2.302443396050369
few_moving,341,7175,126.24633431085043,41.98674337990298,2312,40.68035190615836,42.45524780270696,38.817681646910145,20.341035295195212,18.062715702350054,16.596322878320457,7.9430901230646755,2.3071796473882973,39.266737025101676,20.862438428938034,18.447521237153175,15.132400883109163,8.259121328697965,2.3124786468526017
few_moving,342,7206,126.42105263157895,41.97282562877583,2322,40.73684210526316,42.42827573091649,38.81993448143847,20.30886389475623,18.057895726182164,16.59440476479752,7.948544721706292,2.3181222425738954,39.20551493242746,20.92982584382266,18.493614335369777,15.176305230846573,8.377836398865188,2.343406630360943
few_moving,343,7217,126.24489795918367,42.02377805335,2332,40.79300291545189,42.416737972966274,38.85478441267557,20.386848638072777,18.15237075163045,16.60702426745862,8.016529593403275,2.3133343581175465,39.16483257349807,20.92163415814194,18.462174305044904,15.200222967190173,8.383258541330923,2.343681450743803
few_moving,344,7247,126.40116279069768,42.00374751698905,2341,40.831395348837205,42.359652895031964,38.811394660059136,20.409681907908038,18.15215281350126,16.639658532964763,8.05318407332284,2.3040057056253613,39.086469011413094,20.911750850679386,18.44197821965046,15.229537023916842,8.421792195632472,2.3581648085018845
few_moving,345,7257,126.20869565217392,41.98075143953029,2349,40.85217391304348,42.36043609699032,38.80900433861432,20.47090057013671,18.243460140535564,16.620026448547687,8.135055073926878,2.354193905050192,39.10042534242433,20.88321569698018,18.42085975894483,15.233547740643528,8.416378658929638,2.359915011754349
few_moving,346,7287,126.364161849711,41.96929281129607,2355,40.83815028901734,42.375920598972336,38.7857520672154,20.415066770027906,18.230285258733264,16.63712803754024,8.125648866803749,2.307306789241816,39.10395083658821,20.97896404516542,18.499140733266866,15.2261871364736,8.444706087132477,2.3624522064650466
few_moving,347,7297,126.17291066282422,41.99627845493013,2362,40.841498559077806,42.42543231273215,38.81189500302163,20.329281383793248,18.121855639557545,16.613898685854494,7.98581321401145,2.2877018906245836,39.11798612686483,21.098002379197137,18.58794146540683,15.232687732108495,8.503721148055847,2.3323050459960384
few_moving,348,7327,126.32758620689657,42.01445478376562,2370,40.862068965517246,42.43855456525164,38.84325926663871,20.394023313352193,18.162729415023158,16.59778486363752,8.021624681140317,2.3013409077702023,39.18637977653998,21.012014028566202,18.505170302253582,15.17964360422247,8.364443171581453,2.3615757599305334
few_moving,349,7336,126.12034383954156,41.967617042189815,2377,40.865329512893986,42.41786649173635,38.79545659475416,20.41766273239348,18.198633567602805,16.636940657739068,8.124310430042502,2.2971850548512798,39.16975026387088,21.037827004703317,18.54016383736535,15.208919630767324,8.442329472332863,2.358694666268135
few_moving,350,7367,126.29142857142858,41.96555426553107,2383,40.85142857142858,42.427872364872,38.800929616034395,20.499424553674476,18.260377951760773,16.654694352974264,8.244408985433175,2.2988871273809584,39.16353600634052,21.124414051851204,18.60799651361328,15.200207460392473,8.463139027931932,2.348632077715994
few_moving,351,7374,126.05128205128206,41.98558208891596,2389,40.83760683760684,42.40026492983599,38.787451780371526,20.544865454784876,18.297431407292194,16.66747174147081,8.278974867616935,2.3059845516706905,39.13631685425207,21.167159281271083,18.638530490545307,15.198651777500972,8.446808214793466,2.3500650755307584
few_moving,352,7405,126.22159090909092,42.00399591383068,2396,40.84090909090909,42.41498351323519,38.814561507432245,20.56853296229719,18.319454454942246,16.64488041165848,8.249948424803408,2.3203765422926423,39.175200788875934,21.139540840333733,18.594866997934623,15.151226193488109,8.328103379498641,2.350106404427588
few_moving,353,7414,126.0169971671388,42.00154447389064,2402,40.827195467422094,42.40824100263535,38.83389378991407,20.53073897485126,18.284261352534735,16.62822218448632,8.2503911195961,2.321903872677463,39.1518686043362,21.20043371130683,18.661807266175636,15.180361385174228,8.42716685827986,2.350192385451695
few_moving,354,7445,126.18644067796609,41.98732862503989,2403,40.728813559322035,42.40229870404562,38.80659959797194,20.491903544234948,18.239667484056998,16.627429961801667,8.196811948624799,2.3226453883994798,39.15707520707447,21.190662989108123,18.645858754444294,15.16053161404924,8.376595538660986,2.3568070691844527
few_moving,355,7454,125.98309859154928,41.9864939147964,2403,40.61408450704225,42.402010674612626,38.77920508869675,20.533177485529546,18.312484722257363,16.659379238655543,8.252138829700144,2.288104807343148,39.15799269489505,21.198034220612143,18.651207872391534,15.158163000481808,8.372089334306251,2.355596097338027
few_moving,356,7485,126.15168539325842,41.98411086295201,2407,40.567415730337075,42.396808891662815,38.77354695317662,20.56372345086578,18.334236371410462,16.620214767765574,8.18932877435163,2.302726967445181,39.14175809158797,21.192509102756684,18.65424173803654,15.163413563594878,8.35253943077506,2.3361692979291666
few_moving,357,7497,126,41.98816575465095,2411,40.52100840336134,42.396408613294035,38.78024717203046,20.470261768341256,18.20947201411649,16.591258770637605,7.994664829582883,2.293210190875187,39.14206475044529,21.194600275583852,18.655477630371315,15.162437698031859,8.350589916590836,2.355709035287163
few_moving,358,7527,126.15083798882682,42.02931645993564,2414,40.45810055865922,42.39356748338669,38.85134672826379,20.50264759003937,18.247440614735904,16.561199271456182,8.000905082688696,2.298279174847758,39.13693686110229,21.192944758610192,18.654986236377173,15.163272610973632,8.343479774651993,2.353906941343932
few_moving,359,7538,125.98328690807799,42.00054176635671,2417,40.39554317548746,42.435103802537746,38.775225636065564,20.50461336649767,18.243952616443437,16.57813303313245,7.982026674888994,2.327408106877519,39.21403373865306,21.19344532419017,18.625278353624346,15.117568574772294,8.285306025722118,2.359584996084082
few_moving,360,7569,126.14999999999999,42.016216690449006,2421,40.35,42.43350875238841,38.7904722922393,20.545978912578978,18.340464207140624,16.61221598683466,8.145757865287797,2.3042008910904244,39.19677124058218,21.17791551821165,18.624471954196316,15.123346147524062,8.253383813410396,2.360178678042847
few_moving,361,7579,125.96675900277008,41.9743840740326,2424,40.28808864265928,42.422121545898854,38.77939256652654,20.540612064042225,18.319131975485895,16.5966057709089,8.16566912097273,2.2956663682582503,39.150715183033064,21.146254441530324,18.622237822588414,15.139750528131549,8.1956560998331,2.355541782982067
few_moving,362,7610,126.13259668508287,41.92797740741516,2430,40.27624309392265,42.42876599682202,38.710685008275924,20.511570673651025,18.262217603281613,16.607980603450795,8.1294438079038,2.3134908823250275,39.17899266877517,21.198865454209276,18.65237839130883,15.127329614999738,8.236084172536936,2.357239137467205
few_moving,363,7618,125.91735537190083,41.97659669187943,2431,40.18181818181818,42.457813247845934,38.75032260238703,20.470839452750518,18.213279439769856,16.613079971089327,8.040421761851258,2.286496758346813,39.20598179853363,21.236465445367813,18.677318184648154,15.133150796035675,8.347297340656082,2.3453957980600775
few_moving,364,7648,126.06593406593406,41.94028249960752,2432,40.08791208791209,42.4775471892544,38.72762439271487,20.40234322292298,18.16477771675074,16.60880856241121,8.000077534019503,2.306768086873497,39.22554804154285,21.257282829332347,18.69199945714635,15.136792835291653,8.415104439458544,2.3413899955985524
few_moving,365,7658,125.88493150684931,41.95751767347976,2433,39.99452054794521,42.49494829401535,38.74422967250764,20.460631778977206,18.23164046883446,16.61306741280871,8.025156916738966,2.30540888672995,39.25792861085822,21.202644265135817,18.657740171193907,15.166434403080029,8.510511125570883,2.344944371100085
few_moving,366,7689,126.04918032786885,41.934247549859336,2433,39.88524590163935,42.50727190821598,38.713109221904126,20.451663139344937,18.2150682732713,16.60522106330158,7.968537636375216,2.321320597690244,39.27660189756476,21.176865484435652,18.640530398388385,15.188930675425606,8.56364091141095,2.3388453255907256
few_moving,367,7701,125.90190735694824,41.93077693020449,2438,39.858310626703,42.449323205303315,38.707638782575145,20.498276379304283,18.29785606174294,16.635899509539815,8.135833265811971,2.3111117835469703,39.22787749838065,21.115292501209694,18.586379094062032,15.156729025184218,8.442068326060475,2.4278798474112797
few_moving,368,7732,126.06521739130434,41.91480445568277,2444,39.84782608695652,42.5091248780672,38.70551773921028,20.441537448749568,18.2534011026977,16.618871950070034,8.096851701577004,2.3250626546781574,39.273697391996635,21.161477273543802,18.616407948634663,15.145998079733683,8.407435225322006,2.345431495048477
few_moving,369,7742,125.88617886178862,41.94513487186039,2448,39.80487804878049,42.48188401954589,38.739446095794065,20.490352553982508,18.26614365459077,16.618655871504473,8.101779267330464,2.3316430062737705,39.25090264428527,21.13015491424705,18.58489505214908,15.14721943938191,8.380344920635848,2.338779706620035
few_moving,370,7772,126.03243243243243,41.9397800611553,2453,39.77837837837838,42.49678350075001,38.72383284547521,20.492610604258605,18.26069924959044,16.632841720386672,8.09500804006925,2.311515966316439,39.26466705118058,21.150833497250563,18.600145918484113,15.142734659860967,8.391304063078094,2.33990327851074
few_moving,371,7783,125.87061994609164,41.949764933979345,2459,39.76819407008086,42.53318369739503,38.7366886107093,20.518713411973277,18.288957679589732,16.61943947078416,8.08925440101059,2.3103625889046677,39.29074629271053,21.171969730451448,18.613560745129814,15.132471264646341,8.332916060797972,2.3442886512484544
few_moving,372,7814,126.03225806451613,41.94652168101909,2463,39.725806451612904,42.50407402214581,38.72166380353421,20.50908155444216,18.27060865605044,16.61164829723935,8.056889677666927,2.2999660553591785,39.273973416819466,21.14388260644438,18.596492599170524,15.171421959534785,8.464740176863954,2.3403202425565994
few_moving,373,7824,125.85522788203752,41.98301537985311,2469,39.715817694369974,42.5036968430016,38.78155263466301,20.41523127071847,18.162129936584826,16.58720687033483,7.971839540849101,2.317535203522735,39.27431764509765,21.153793254992593,18.600756409536288,15.178305360020067,8.490424157064803,2.351410983234686
few_moving,374,7853,125.98395721925132,41.99672119644883,2471,39.64171122994652,42.53226787053038,38.79468764140988,20.38963620603581,18.143762151830458,16.60164279504082,8.006297489211782,2.325686654514,39.292331163602476,21.192912909641016,18.624666829039615,15.179259803564431,8.432258587735852,2.327536923275013
few_moving,375,7864,125.824,41.963794658843426,2478,39.648,42.53569477486975,38.764051021138094,20.435691540752178,18.237892475069664,16.61541324651037,8.077982238695288,2.32528372626803,39.289425872427735,21.174262039263024,18.626205105318565,15.192312185638905,8.540894809574938,2.360954213456545
few_moving,376,7894,125.96808510638297,41.96108152266105,2483,39.62234042553192,42.570510931078715,38.7590802811511,20.470121910326416,18.262201063540648,16.627281206674436,8.126005576366579,2.331912994620439,39.345378721727336,21.13933078592028,18.579670057821733,15.159229806197903,8.456394121768191,2.3509169816241187
few_moving,377,7905,125.80901856763926,41.946917826390106,2492,39.6604774535809,42.570229250553304,38.76524094114579,20.463746353261502,18.23213405432584,16.615598145910756,8.130332767808945,2.3291490843949387,39.34148080637147,21.22179405574106,18.659045934159558,15.192034290549296,8.606279829377486,2.3497880711889603
few_moving,378,7936,125.96825396825398,41.96560609193944,2498,39.65079365079365,42.55342352412743,38.79347761876897,20.487248280895866,18.270487206196897,16.61412725665593,8.136765978477765,2.3122648519994446,39.34029860364626,21.205661231975615,18.64404768745333,15.195886466161818,8.663033369401058,2.350523962955913
few_moving,379,7945,125.77836411609499,41.97701394413603,2504,39.64116094986807,42.55865359524664,38.806096375768924,20.470030305236705,18.260354497124826,16.5994298317259,8.098985451258994,2.3247766406673125,39.355235003236984,21.21689013108721,18.644596147280584,15.183454868064713,8.641731151746301,2.36178430852968
few_moving,380,7975,125.92105263157896,41.97478487381721,2511,39.64736842105263,42.58933704069368,38.80375238019885,20.526080122581625,18.287005552827353,16.595064202283886,8.125131974493948,2.324095907554225,39.370083921092274,21.27475707497751,18.695558011825202,15.1860016667263,8.666946202641048,2.370150285362735
few_moving,381,7984,125.73228346456693,41.91440198999583,2515,39.60629921259843,42.60846032826317,38.72597027555276,20.53090574498394,18.348622643743283,16.64595992979399,8.256189709821994,2.312411589122568,39.4031222743442,21.265403514198503,18.68004166559319,15.166984132184174,8.648892250162461,2.3603691770559747
few_moving,382,8015,125.89005235602095,41.8954047409752,2516,39.518324607329845,42.61265134070009,38.66601951351284,20.570613695826957,18.35805659499793,16.67227299802901,8.301845437764683,2.318519421112225,39.40960077692175,21.27345239980826,18.68686194577301,15.164548364816515,8.6556376256972,2.3589239723710604
few_moving,383,8026,125.73368146214099,41.96815617145286,2516,39.41514360313315,42.615458923364145,38.73485940794925,20.501490488649672,18.262339904418287,16.654494303825363,8.130797489393093,2.3105828853146657,39.413998134365464,21.278364579902966,18.690845904908365,15.16274349038506,8.657361948190294,2.3584933441051157
few_moving,384,8055,125.859375,41.96810746581106,2520,39.375,42.63041851499779,38.75560453269405,20.538547707483865,18.296762173230043,16.641415576627217,8.159396575305815,2.3178419629212605,39.45880473599451,21.161367882797983,18.610304802684546,15.158905652387762,8.626543659981724,2.33592424121944
few_moving,385,8066,125.7038961038961,41.95618974902288,2524,39.335064935064935,42.646295389815364,38.74945695704082,20.46347496430094,18.229848471571465,16.617355327517828,8.048052456980802,2.30740695456065,39.5111520205071,21.142557679827828,18.61596530929527,15.147856880526707,8.64601192393818,2.3358442762105844
few_moving,386,8096,125.84455958549222,41.97394834101328,2531,39.3419689119171,42.63641342931556,38.78583520922638,20.523935331545765,18.279719063964425,16.592441390433915,8.105488710868022,2.319633432864963,39.47401576301717,21.15500028078868,18.61072683207052,15.133303294487433,8.622001305311208,2.3404086933535533
few_moving,387,8107,125.68992248062015,42.031063500057755,2541,39.3953488372093,42.61257591878426,38.821418115713925,20.625109404035594,18.366522768027057,16.60667939574265,8.208665162592332,2.30468321000964,39.42889242201164,21.087513134710868,18.55356560470367,15.163404084332198,8.580758295920715,2.365638725859444
few_moving,388,8136,125.81443298969073,42.03737926308066,2551,39.44845360824742,42.56017918797477,38.83249487928312,20.645063076693063,18.39184780048557,16.60835086270829,8.215136382215782,2.2927064579637766,39.36353492422989,21.06125714223216,18.514310293159845,15.16114435138509,8.504613926610881,2.350933558294681
few_moving,389,8146,125.6452442159383,42.00504349088568,2559,39.47043701799486,42.49122759968473,38.8345753966858,20.584725238096922,18.32775116395025,16.587852705392176,8.125261308765834,2.3226329915250843,39.2853781820939,21.067501228893217,18.524147940242514,15.185812706066574,8.525050670557215,2.360522620427487
few_moving,390,8177,125.80000000000001,42.00369403204417,2568,39.50769230769231,42.5348509789469,38.8692912018617,20.561277089480996,18.33545116222463,16.567497816034262,8.120577837375386,2.3152539755782513,39.36726701661325,20.99317388680035,18.452669611598306,15.15499033813923,8.4586143964588,2.352404071795472
few_moving,391,8185,125.60102301790282,42.01180623570414,2576,39.529411764705884,42.48464539838235,38.87987418055587,20.560867118297182,18.363370352447113,16.5597806131162,8.187310867804003,2.322396256514186,39.30867784960734,20.983458717570077,18.459692993182053,15.182725760706793,8.511094603134502,2.350075835776944
few_moving,392,8216,125.75510204081633,42.01125343156444,2584,39.55102040816326,42.47256127104779,38.86303525807183,20.542581344571104,18.34724980149514,16.564137187037236,8.142086522708501,2.3052505465723967,39.25679075653059,20.93529509825611,18.40294626745656,15.15928234478321,8.27984123457205,2.3389269144442135
few_moving,393,8225,125.57251908396947,42.024210280818934,2586,39.48091603053435,42.40924018936789,38.8781856950436,20.502747718939318,18.28399625952406,16.531838151151888,7.987560654055255,2.3133942320228615,39.15307185843435,20.946578735536697,18.43481396552043,15.211532155651962,8.354674329852076,2.3429288445063294
few_moving,394,8255,125.71065989847716,42.04621337201291,2587,39.39593908629442,42.390302506566485,38.88408159622729,20.470052254134206,18.248087270090977,16.534875690369322,7.958559963404076,2.3039685364576017,39.117470128498475,20.940500902749562,18.432726867187327,15.221950017324525,8.335359732396945,2.344212574575924
few_moving,395,8265,125.54430379746836,42.037618483009304,2589,39.32658227848101,42.37731787175964,38.87273396528293,20.447826756051757,18.186209843721503,16.547616014334576,7.9394762860900805,2.305490414068908,39.097949665788136,20.92716836235776,18.42577305558456,15.238434681596296,8.354410951464551,2.343273183105804
few_moving,396,8296,125.6969696969697,42.03161635165276,2589,39.22727272727273,42.34484466953323,38.86340547135455,20.50590892253476,18.21320176469916,16.552246948304436,7.9972533477962795,2.307833761896806,39.04184505188893,20.96231558672371,18.472873732522537,15.285688136220308,8.453563949834518,2.34554585714081
few_moving,397,8307,125.54659949622167,42.02248007087395,2595,39.2191435768262,42.28762953722461,38.90516648616765,20.517535383201878,18.22106728653937,16.514054498223146,7.9654217695552525,2.3102809642958455,38.985181629348936,20.92660824247368,18.442841837091276,15.252050113318981,8.313967381731796,2.438076115285101
few_moving,398,8337,125.68341708542714,42.0362451835542,2600,39.19597989949749,42.352432066631785,38.93455031154748,20.501262537736228,18.213731978868566,16.501954206020873,7.975982185448841,2.31153227855267,39.032837962852895,20.978316167723545,18.48358690920555,15.251693992293704,8.31065854935597,2.3385436614982664
few_moving,399,8347,125.5187969924812,42.00468163343844,2605,39.17293233082707,42.38714062219106,38.84720948293213,20.50531183490932,18.247783442644792,16.579138418011752,8.108306149553389,2.318988713180634,39.062304330021725,21.002176707470547,18.50788444323722,15.26941415256565,8.373722323346309,2.3404408910828822
few_moving,400,8376,125.64,41.968393024395176,2610,39.15,42.315710925245945,38.759686663922096,20.476307259795274,18.235280496508864,16.612425122931345,8.05437167574646,2.290231103356802,39.0005117342822,20.95274707489386,18.462920833619798,15.269284701495675,8.352315717611944,2.344577022810812
few_moving,401,8386,125.47630922693267,41.992129345368916,2615,39.12718204488778,42.3000653112697,38.76701967305651,20.445093957768886,18.155722809932307,16.60266523774993,7.91854363395275,2.2875636338358962,38.98703061755698,20.953326060905063,18.458835493841402,15.283447031907917,8.393114761331976,2.3556581085851964
few_moving,402,8417,125.6268656716418,42.0012932797366,2621,39.11940298507463,42.29654521442735,38.7804141646443,20.522876147371417,18.20250225729864,16.60856640865554,8.011397398152498,2.3259926905903554,38.981542655434126,20.957400604933405,18.457050062455302,15.286831748464182,8.381099881270723,2.361092202913944
few_moving,403,8427,125.46401985111663,42.00930310131346,2626,39.09677419354839,42.325728787972125,38.76940729196098,20.52376757146889,18.223443412068242,16.612147013549993,8.028342703738547,2.2817610885617388,39.00066768052986,20.98534466786853,18.473251095226615,15.278372412234692,8.31773030881226,2.369033670796667
few_moving,404,8458,125.61386138613861,41.96026400226491,2626,39,42.28485095160939,38.726998962943064,20.440169675789612,18.164811391821296,16.597270876311615,7.939352478270132,2.278630510426351,38.96646991481888,20.959343775920647,18.447994950298387,15.289630668629634,8.334136336608028,2.375957728383094
few_moving,405,8468,125.45185185185184,41.93624288983987,2627,38.91851851851852,42.27017194838983,38.701321437621985,20.471791363160104,18.239535054531807,16.642054539284356,8.091744656810864,2.294184478974623,38.95304074027304,20.95123202534615,18.437968220592488,15.292469397727668,8.329099839206402,2.386082501810934
few_moving,406,8497,125.57142857142858,41.96969715737926,2628,38.837438423645324,42.26780384880906,38.75407663401932,20.460718688934353,18.286856910837894,16.659449965438228,8.196791855152451,2.299254817163129,38.947255652821646,20.96314379175646,18.457770614099633,15.320199858291138,8.423914644955646,2.3940838983503445
few_moving,407,8508,125.42506142506141,41.99359382855288,2632,38.8009828009828,42.28468754618122,38.8074427370403,20.4663602243122,18.256577719001747,16.652988608157923,8.213908109851086,2.32452737318725,38.96194525200174,20.962066372048906,18.466179174719144,15.341081249576376,8.49013074567208,2.3919887714877546
few_moving,408,8539,125.57352941176471,41.966772660839275,2632,38.705882352941174,42.32634170877476,38.80146592299122,20.435314992510108,18.241766058935035,16.622538674675692,8.154882149346687,2.320341815854689,39.007509891745016,20.948304064075597,18.446353182256775,15.326718183964234,8.446337455872339,2.389951652033355
few_moving,409,8549,125.41320293398533,41.9369121907594,2633,38.62591687041565,42.34142524639603,38.77014746521788,20.43163687278771,18.27827488988157,16.65298895863786,8.26183127025188,2.293021276612709,39.02747504380158,20.93582630093445,18.43426167576835,15.327131919598646,8.45680271637808,2.3897902509940154
few_moving,410,8579,125.54634146341463,41.92720912914403,2635,38.5609756097561,42.341451509333915,38.75013762199069,20.527906497607127,18.34453471917411,16.6521015949521,8.305378705363891,2.316580765056807,39.01593809394228,20.99461294013621,18.474192980742213,15.337215375452145,8.523359985332918,2.387184602306599
few_moving,411,8589,125.38686131386862,41.982529415420046,2635,38.46715328467153,42.358701608244836,38.827381791319446,20.483932515774733,18.274617142574407,16.613565581052097,8.159417797053514,2.3067743008906807,39.031254955597554,21.02684150612188,18.49941445226338,15.332991770352352,8.597493407374118,2.3868361308306127
few_moving,412,8620,125.53398058252428,41.99061157542232,2638,38.417475728155345,42.364788974224965,38.82932489557534,20.52748607561482,18.28635670320101,16.603590146452454,8.152509634524428,2.3075429475640465,39.040700939792295,21.047405837501486,18.516200245447497,15.33132149212771,8.62420539288508,2.3726937223843922
few_moving,413,8630,125.37530266343825,41.97610138685769,2641,38.3680387409201,42.36349839416546,38.78639751049205,20.523654208648967,18.25961767144987,16.63763441385771,8.199804541597617,2.300169193276147,39.026973154055746,21.05327671160551,18.511801625106205,15.341985998770767,8.657964860071973,2.3879390638192217
few_moving,414,8659,125.49275362318839,41.97494946155577,2644,38.31884057971014,42.361914224946986,38.778963168320786,20.494238224642455,18.230505185993774,16.65739831916589,8.210996711672104,2.3189007785265203,39.01551062219279,21.05108821820615,18.50306601130062,15.350209472561554,8.679789028371232,2.3919564457369513
few_moving,415,8669,125.33493975903613,42.01553637995048,2647,38.26987951807229,42.37634740232149,38.8186946707765,20.51111029215407,18.293948004335554,16.663257062048796,8.229120287499159,2.3083202551430566,39.06207489864015,21.05784317372237,18.522903643170686,15.325578676828162,8.638151252961755,2.396445417051931
few_moving,416,8699,125.46634615384615,42.03757815452465,2653,38.26442307692308,42.43265701008663,38.86228359366044,20.55746445779887,18.337386634624863,16.64387950742789,8.253100528807623,2.318506504237084,39.10432044491865,21.058923731856233,18.522971877088516,15.31162210891404,8.669939626894378,2.402832963620776
few_moving,417,8710,125.32374100719424,42.010297673113094,2660,38.273381294964025,42.500123060215984,38.863531854058685,20.54157411035995,18.322886257581864,16.61053028011671,8.235061856906784,2.3131424331294013,39.1897932790381,21.062272174058304,18.537975693800426,15.223216724590204,8.481670006239597,2.422568800486741
few_moving,418,8739,125.4401913875598,42.00420634671766,2669,38.31100478468899,42.57912125829979,38.86002695233937,20.605167759020112,18.356440340596755,16.603026411166354,8.248654276356044,2.286819241516199,39.243844367503335,21.09696078733524,18.571626227358102,15.18827872040359,8.484798592394673,2.4253086850143153
few_moving,419,8750,125.29832935560859,41.98989433426327,2675,38.3054892601432,42.53726386791033,38.8017966722383,20.5644506862138,18.324092015652987,16.614285347499518,8.207687533840511,2.3076056073906464,39.200746215490184,21.064709403631195,18.560790424289216,15.222627629610136,8.571770007554317,2.4509336899290464
few_moving,420,8779,125.41428571428571,41.953781766016284,2680,38.285714285714285,42.50363329129527,38.741866999974306,20.5740694112251,18.31142044516192,16.615466273179422,8.144112161782427,2.3186322420171663,39.167477989118424,21.021870414619567,18.53804803369606,15.24488689014349,8.631314252882955,2.459152426925818
few_moving,421,8789,125.25890736342042,41.995692757002594,2686,38.280285035629454,42.45345766930175,38.80633335675872,20.533522858912725,18.23690930460203,16.57227284341854,8.013773827138836,2.302249045176056,39.12306900704816,21.016585321305723,18.541663837111507,15.271031291434465,8.660433732320117,2.444240689241703
few_moving,422,8819,125.38862559241706,42.00286513360954,2694,38.30331753554502,42.442839850676805,38.825161780296995,20.476207637576298,18.207013875300124,16.59188074796254,8.075412048619832,2.304088430291362,39.13724426876892,21.014456664145136,18.526168708989797,15.257461403345875,8.65195065868115,2.450481203195968
few_moving,423,8829,125.23404255319149,41.974214112529005,2699,38.28368794326241,42.45905914868029,38.778091821951264,20.47337224572863,18.2612246361747,16.637394985365162,8.196554064586321,2.308517677418946,39.17102640926731,20.981116368849513,18.48224646166464,15.20364227484283,8.54495951651476,2.4643528617682056
few_moving,424,8858,125.34905660377358,41.963379124276884,2705,38.278301886792455,42.43247087934394,38.7525232295897,20.569523668628097,18.34300448141679,16.67519181802627,8.361851105461188,2.3187715047649156,39.15407602191313,21.035025348144263,18.532544588607344,15.255113959122827,8.695226987593195,2.4448755638220914
few_moving,425,8866,125.16705882352942,41.97179129002234,2708,38.23058823529412,42.431527375607004,38.76524172431589,20.52674116486882,18.28213460674619,16.668096439893706,8.286837460538747,2.315907798058187,39.17951189201504,20.973953417836945,18.479647609849376,15.267374713107632,8.695312066863524,2.4406937992746554
few_moving,426,8897,125.30985915492958,41.96696890068928,2708,38.140845070422536,42.41299043368192,38.78479045626704,20.53716518107934,18.318791295463456,16.654462601315437,8.28814046934474,2.297004213038628,39.167247379199075,20.95814343667379,18.472554833989545,15.297914687570064,8.751834352263904,2.432252247789848
few_moving,427,8907,125.1569086651054,42.00936254463298,2709,38.0655737704918,42.40592485268986,38.857031368296205,20.570482600852085,18.32332423875433,16.608234540017975,8.243907536581771,2.3092836711385236,39.167574564358276,20.937318357469117,18.45417829140603,15.30747274124763,8.762383455858995,2.425837809253947
few_moving,428,8936,125.27102803738318,41.9995220234312,2709,37.97663551401869,42.40227967808428,38.8302721785144,20.483004499609375,18.254341807696203,16.62719813747266,8.170911588065504,2.295863286352397,39.167867638872984,20.92449487182027,18.442951858992778,15.313398226702038,8.77174208506305,2.422445408054142
few_moving,429,8947,125.13286713286713,41.98964066432428,2709,37.88811188811189,42.4007620555549,38.825949214803366,20.40965520335521,18.16202969024812,16.611347738091318,8.045393864818633,2.297360434799575,39.1685000888807,20.916660283266175,18.43636222585986,15.316963853263132,8.779593081853363,2.4207018426756126
few_moving,430,8977,125.26046511627906,42.02542368571239,2709,37.8,42.400466655761896,38.86062964955978,20.47144552554663,18.192558612778207,16.588669965566954,8.064464439540737,2.314045630549673,39.16945255719846,20.911853151492863,18.43267851535233,15.318994777365914,8.786107036315615,2.419808865442763
few_moving,431,8987,125.10904872389791,42.02404098946117,2710,37.72621809744779,42.40083137844344,38.838144454044375,20.574555328198898,18.294006412526535,16.591525224714225,8.11580423681555,2.3129171975148903,39.17059499830147,20.90890691177298,18.430827559903445,15.32004499592236,8.791572085524322,2.419340608455275
few_moving,432,9019,125.26388888888889,41.977800879202604,2711,37.65277777777778,42.40152588477537,38.78199063895737,20.530450223647247,18.25379076186893,16.591387283552997,8.056843999920709,2.3175707704248008,39.1718069250777,20.907122167394316,18.430141515722475,15.320474204025016,8.796241521952716,2.419077816285617
few_moving,433,9029,125.11316397228637,41.96423629080191,2713,37.593533487297925,42.38829888718115,38.77747169492916,20.61568375645767,18.373412880342745,16.61426083871162,8.218920132120006,2.3122166965990845,39.15800896141509,20.898764848481346,18.4189302716266,15.309144743734436,8.757235313721663,2.4255173524262763
few_moving,434,9059,125.23963133640552,41.9658887795932,2713,37.50691244239631,42.37658789344617,38.75042814490466,20.599215102325076,18.336858214915523,16.61458473088448,8.161425802461254,2.2793963537591257,39.136882368304086,20.891581925863672,18.405555070233397,15.304649222984137,8.727442748588038,2.4245915580434216
few_moving,435,9069,125.08965517241379,41.955932987791876,2713,37.42068965517242,42.36874071315966,38.73673166296148,20.53934314239714,18.328786901365298,16.633283743148343,8.182709619549316,2.294490527675139,39.12436332945171,20.884966202625698,18.39618820212224,15.303040547018684,8.70748735290077,2.42495770900312
few_moving,436,9100,125.22935779816514,41.95192439958979,2714,37.34862385321101,42.363682785688965,38.72899273963971,20.56533120212881,18.360357231514474,16.643026498809622,8.185342486565187,2.281164251158982,39.11733816899191,20.841292400604704,18.355836051026287,15.30382209958192,8.673467737217754,2.4178338247895694
few_moving,437,9111,125.09382151029749,41.993498972837834,2717,37.30434782608695,42.366545456782674,38.788407453553404,20.559834845244612,18.33214022525847,16.593834638048502,8.105291546957407,2.280091827858105,39.1090942365225,20.81670493289994,18.33847082147352,15.310352552204373,8.650898054316459,2.4164305973456854
few_moving,438,9141,125.21917808219179,41.98725122299843,2717,37.21917808219178,42.377845263256326,38.7712470144579,20.48052127960701,18.260128878390777,16.606928032236066,8.076923938922198,2.298173687769885,39.111528156179,20.808984940284798,18.333018437484142,15.30833136803398,8.61845424544483,2.4142516524783577
few_moving,439,9151,125.07061503416857,41.99740476407735,2719,37.16173120728929,42.37565639894538,38.76809222890748,20.489760999304444,18.27260383100819,16.64056500821181,8.127323079705256,2.299973079580074,39.10576756872497,20.79699084803938,18.323906150247893,15.306343054124047,8.597321525845077,2.4176189971647783
few_moving,440,9180,125.18181818181819,42.02165122811055,2721,37.10454545454546,42.39229376627139,38.77781295135418,20.48149032168158,18.251140839900298,16.671962538699233,8.194743779030818,2.3056485989392037,39.13014214409626,20.715896328707714,18.259533220358577,15.28257227380916,8.500311643569189,2.407822683469607
few_moving,441,9190,125.03401360544218,41.99252176939456,2721,37.02040816326531,42.417132045011506,38.764731832472684,20.53522810336912,18.29321203975115,16.65354385395266,8.194630551335306,2.2998691439671832,39.17343100936559,20.63171316660934,18.17144693815265,15.232202546780137,8.319430283308536,2.3955491900670385
few_moving,442,9220,125.15837104072399,41.98599098260025,2722,36.950226244343895,42.42447374024516,38.76644721609816,20.54975663075441,18.305056068707046,16.616628981645746,8.126906885791035,2.2921090043614107,39.17965254241177,20.607744425642853,18.15092616757918,15.2212502652096,8.276107443928517,2.3905183788943374
few_moving,443,9230,125.01128668171557,41.97355819893537,2722,36.8668171557562,42.42907372411726,38.77657899284042,20.49407975131822,18.24519518241879,16.61652191811964,8.08310183798938,2.287544342825211,39.181438871638065,20.596832930573758,18.142279859154847,15.215423899365042,8.25314979956046,2.3868899517550974
few_moving,444,9261,125.14864864864865,41.95058162812421,2727,36.85135135135135,42.40290397859203,38.741968865882406,20.517465574128124,18.23860631329984,16.62495567819055,8.098772345524152,2.3068124656204447,39.12971332032397,20.62954386263875,18.185995988962432,15.242298525599882,8.31741847945021,2.388173058712565
few_moving,445,9271,125.00224719101124,41.97099400820959,2732,36.83595505617977,42.40270885350368,38.75870839637331,20.541020450909517,18.242196659607647,16.647768102173803,8.173046124130936,2.304546521891786,39.13707855109735,20.622704158125526,18.177173779399755,15.24163332088827,8.307370330583659,2.3836713432111636
few_moving,446,9300,125.11210762331838,41.9708571453243,2737,36.82062780269058,42.4037799588153,38.75884984384809,20.532668198058147,18.24006209132154,16.676008029869074,8.22814605436818,2.301034485364639,39.13906077346411,20.608945402751132,18.162324043176884,15.234575916842868,8.285860773043252,2.3882044480471736
few_moving,447,9312,124.99328859060402,42.02760159048578,2746,36.85906040268456,42.400317027101615,38.85401421141867,20.519732103992027,18.218877103379672,16.61045189498381,8.053751018456689,2.311246574259675,39.161706538344774,20.508349023545925,18.06488582786377,15.215919629407606,8.223717856103843,2.4371605071781466
few_moving,448,9343,125.12946428571428,42.0467977939842,2758,36.9375,42.38524614208273,38.878680128460324,20.56797200773042,18.235493538743455,16.544932706463218,7.949995363098625,2.30329499286831,39.12191031268423,20.56905452122246,18.128180115982747,15.25628526921346,8.356837268876326,2.399853224910966
few_moving,449,9354,124.99777282850779,42.01035168282378,2767,36.97550111358574,42.45179137260666,38.80290269520488,20.590626956435084,18.273551868049292,16.60900483900253,8.102252776116003,2.307366879635208,39.22786386123099,20.519796143739004,18.08747510389465,15.195155323221696,8.275991293632108,2.420242118882933
few_moving,450,9385,125.13333333333334,41.993846819027446,2775,37,42.480471050127214,38.77789879855386,20.565569180627413,18.296969434578433,16.616241841587772,8.138660963388201,2.302243884865298,39.25399241077143,20.53416404613499,18.118588190323372,15.186075011072981,8.341788324613477,2.4533113695871234
few_moving,451,9396,125.00221729490022,41.948097478607366,2781,36.99778270509978,42.51085944065713,38.7287998157425,20.523344857622803,18.259372608193758,16.637474547102652,8.195926713743084,2.31072041094651,39.283991724005105,20.543740305925038,18.12590010295343,15.156936876021412,8.281381481422475,2.4650056130319595
few_moving,452,9428,125.1504424778761,41.93810547574109,2788,37.008849557522126,42.49614204283157,38.722160946195885,20.493002096503528,18.24433898168298,16.65048388554378,8.196119484485283,2.3069507235592557,39.29413058119836,20.598056016093118,18.17068446443826,15.188665476292025,8.421937695354906,2.438142636619181
few_moving,453,9438,125.00662251655629,41.99780744268075,2793,36.99337748344371,42.46337148456034,38.782750447383094,20.545698610707998,18.29686454965701,16.62450493392286,8.157944385584386,2.294528485738299,39.27526593564025,20.618504873700747,18.187838808256938,15.220119502111427,8.541129583397574,2.450226392812876
few_moving,454,9468,125.12775330396475,41.96586670964295,2795,36.93832599118943,42.46821209746192,38.72017302882655,20.589199225218053,18.291607131623195,16.620105778960646,8.075228450512869,2.2989584942158845,39.286242556623634,20.6113695335673,18.169708177269495,15.188615432385175,8.449713552483114,2.4384012051247654
few_moving,455,9477,124.97142857142859,41.96745679396566,2796,36.870329670329674,42.46485893776242,38.72718479964642,20.467072955854384,18.194943402084185,16.65315271849443,8.079245270856042,2.279963109612696,39.27891027396307,20.62425360545714,18.180558041985883,15.18409936300249,8.436913446449296,2.431996897996426
few_moving,456,9508,125.10526315789474,41.97970415376148,2796,36.789473684210535,42.45604009224896,38.75645321147962,20.400692094626855,18.169683439767194,16.66791511115997,8.087708867941068,2.276550359033529,39.28897729430271,20.607971628600165,18.150607293475606,15.160625764771858,8.331718469049674,2.4180611306097517
few_moving,457,9520,124.9890590809628,41.990941731645286,2797,36.72210065645514,42.441638689130784,38.76035881782418,20.482854302554493,18.2287644722608,16.661540990391863,8.138406567694469,2.307524489653203,39.27728942787172,20.61525620203946,18.1549503499453,15.163924670762949,8.319528864248698,2.408109425163165
few_moving,458,9551,125.12227074235807,42.00863149449362,2799,36.66812227074235,42.402534617639986,38.78858514784884,20.46687166758063,18.221019361601687,16.6264142649756,8.063566347996824,2.308269772448428,39.24234351066992,20.609711238953224,18.143671867203153,15.170081549569694,8.260276922387803,2.3850986222659776
few_moving,459,9562,124.99346405228758,41.956143709337596,2805,36.666666666666664,42.4160071742318,38.71825551658171,20.471415865733444,18.247609685700713,16.63337953282484,8.085481317376335,2.298498256479633,39.239601950949705,20.63202804909538,18.174867658417416,15.178224292740405,8.333344786697113,2.4234539626276006
few_moving,460,9593,125.12608695652173,41.96463344009159,2811,36.66521739130435,42.46219740163221,38.72840063115356,20.434194125108327,18.223099204849042,16.606108526521933,8.014170540074018,2.3050915275913146,39.30029552755863,20.59624156656853,18.132009340529397,15.14180292738611,8.263536982258909,2.4053125794359578
few_moving,461,9604,124.99783080260303,42.05840376626866,2821,36.71583514099783,42.426481244033134,38.83971432606147,20.512859336694284,18.245593212096836,16.582524657422617,8.04803463044693,2.3127154337863995,39.22975137116579,20.675940730067673,18.192755528069817,15.161229186516753,8.318205637853138,2.391700973510914
few_moving,462,9636,125.14285714285714,42.10452717584958,2832,36.77922077922078,42.41134157419421,38.92795221173651,20.510844681432957,18.246171005047657,16.58555313315737,8.100387369476627,2.2947520360902867,39.15350775941601,20.75835156147306,18.261985913120753,15.210200736685909,8.41617066135367,2.382378264171782
few_moving,463,9646,125.00215982721383,42.00726381781386,2844,36.855291576673864,42.414809828378694,38.82356902858782,20.498646210033165,18.272448948301975,16.60018108838175,8.110593852842525,2.290005406115615,39.16124812311989,20.78890926729722,18.27538098961518,15.185589200581257,8.353642993705376,2.4179779201803733
few_moving,464,9675,125.10775862068965,41.97706863605492,2853,36.89224137931035,42.424256634557025,38.800226806339545,20.465665838368658,18.25708584111132,16.593593039796705,8.096094739932669,2.3000863319772473,39.190300478438985,20.80976206405535,18.308514350013674,15.183971976114739,8.394897966170534,2.4174480310641338
few_moving,465,9685,124.96774193548387,41.98592488679068,2860,36.903225806451616,42.42621937437089,38.77778190376089,20.45248031643282,18.216575511532493,16.612367472131396,8.032608250486183,2.3005625328729455,39.162713887670556,20.829973575141388,18.320795691318178,15.188628480541883,8.40737604439267,2.421439940989119
few_moving,466,9715,125.08583690987125,41.991500861179084,2864,36.87553648068669,42.44793302676252,38.76182781640382,20.508459006763385,18.25099478620359,16.662305993840814,8.151701326964142,2.3007390445367095,39.162140157794035,20.8189362043397,18.303977291133393,15.174111484759944,8.377738664381893,2.4441526557082436
few_moving,467,9726,124.9593147751606,42.026500940408106,2871,36.886509635974306,42.46344707235446,38.82849979888649,20.54077727350992,18.230022773103332,16.59770623378537,8.05345701176234,2.3013729754698904,39.16565079460161,20.75973870772687,18.247557198051094,15.160199287488002,8.32716976752107,2.4594230260686682
few_moving,468,9756,125.07692307692308,42.0060279804518,2876,36.871794871794876,42.50629259578176,38.81469241932636,20.526161937410315,18.220556322676735,16.61493985309988,8.08086861778423,2.3149817850490457,39.24650067868369,20.693589040043307,18.180654281470883,15.105033228614449,8.221772409447325,2.4755886613093727
few_moving,469,9767,124.95095948827293,41.98057489219755,2880,36.84434968017057,42.53252273814138,38.77486611033082,20.533300536307728,18.274487329606956,16.653434550689454,8.1898248355229,2.305257517932816,39.29466858548187,20.763526886456486,18.255645646484414,15.096438063424246,8.255725901269154,2.4739153977377506
few_moving,470,9798,125.08085106382978,41.9362491195619,2885,36.829787234042556,42.57384105267377,38.72247294468044,20.496281257308762,18.278731417260683,16.659784065902173,8.20409217456085,2.334594624001766,39.34785571041555,20.796207361831744,18.305857209970675,15.085849762113472,8.371763728900113,2.503594641038193
few_moving,471,9807,124.9299363057325,42.007139668885756,2890,36.81528662420382,42.60183480089397,38.81554564494887,20.423841699418034,18.18576405361576,16.623235480381496,8.091623722844925,2.3156273710672433,39.38040873188871,20.82005078787495,18.34040525692198,15.079772320897117,8.438841229569213,2.512690798963175
few_moving,472,9838,125.05932203389831,42.039685656015074,2895,36.80084745762712,42.61900135880821,38.86156260653332,20.492284913244504,18.225523230617988,16.614154321984472,8.154863268156168,2.322822022989418,39.396762474841935,20.832511451453016,18.35313427118016,15.06507537247843,8.402857529138794,2.5225385711501076
few_moving,473,9849,124.93446088794926,42.01916568231412,2900,36.786469344608875,42.6552628004643,38.85374557716044,20.572576213536472,18.339660448148692,16.622796069404362,8.29612464238416,2.3017886427907843,39.457109004444284,20.78723851756186,18.30029576531384,15.015156822521236,8.29745644922292,2.5270888270794907
few_moving,474,9879,125.0506329113924,42.0027011002202,2905,36.77215189873417,42.64284179008637,38.81330166843191,20.49940029758218,18.272208474561825,16.614176462019064,8.177807468498287,2.2803348361034517,39.43314506005815,20.805515624572546,18.325867063028802,15.027048322680153,8.338908909302225,2.5333919960297426
few_moving,475,9890,124.92631578947368,42.02136593267354,2910,36.757894736842104,42.659844256890636,38.828190609672944,20.442046058335887,18.195309981474935,16.633957180787732,8.119050851760518,2.286843187709812,39.44675002666769,20.81647466583151,18.347022870968527,15.032654870679666,8.43459025635867,2.539284251785676
few_moving,476,9921,125.0546218487395,42.00603943064558,2913,36.71848739495798,42.68904657418952,38.81634957265628,20.473891466085515,18.193084472619713,16.613930889196663,8.103946119287166,2.3125956808274584,39.46602066256353,20.836354745471752,18.3721447138676,15.029565227032906,8.469483692128113,2.550139844499772
few_moving,477,9932,124.9308176100629,42.004554463378135,2914,36.65408805031446,42.71416680126609,38.82454205840698,20.469781171989563,18.1896753992695,16.615212080598376,8.05086549942191,2.2924031783299785,39.486317272184245,20.838633395589138,18.3779962706046,15.015565462423696,8.469829862349266,2.556498760253748
few_moving,478,9963,125.05857740585773,42.01454763479502,2916,36.60251046025105,42.71740890201089,38.83818480350105,20.48890402391137,18.185229191399745,16.58423520861222,7.999017895406325,2.289621285917661,39.489243120156324,20.803702569520027,18.352892440848755,15.00162070534485,8.461410104064553,2.5712738131425836
few_moving,479,9973,124.92275574112735,41.96231203918196,2917,36.53862212943633,42.73959296607686,38.78455029196714,20.514171363702413,18.256002607175322,16.59587835607928,8.105835880150874,2.302194979258883,39.47998879137181,20.797528595089407,18.33501628717196,14.98446076768399,8.41625435229265,2.575902871966407
few_moving,480,10002,125.025,41.93617083555868,2918,36.475,42.722531782823474,38.73678055903294,20.570639450355802,18.3342935069934,16.63174411859452,8.230771154215457,2.313623945590047,39.459660613690865,20.803581816083224,18.333124898018173,15.012469726472252,8.468689404345936,2.5667497308378113
few_moving,481,10013,124.90228690228689,41.968776260648575,2918,36.399168399168396,42.69530092688693,38.76421144100349,20.52744845536226,18.245123943869928,16.610921395947777,8.089410802783863,2.313334229541232,39.43382779971759,20.80811364271967,18.3330990492532,15.044317511484142,8.515299073800335,2.554657826742532
few_moving,482,10043,125.01659751037344,42.00527337311744,2920,36.34854771784232,42.65550869547415,38.82843223137722,20.490475626567253,18.253560793385567,16.61152803300305,8.131876137458507,2.314909073177475,39.37370839047061,20.79117143393728,18.332538406287505,15.087593588013013,8.519471466581743,2.539144342641223
few_moving,483,10053,124.88198757763973,42.00273798105451,2922,36.29813664596273,42.61636496357685,38.82079890839414,20.418159679351877,18.188143641319606,16.611090886099888,8.07255756488461,2.3153152320422907,39.32698280881596,20.755074094854383,18.307673084727043,15.125268721480213,8.51873769016101,2.5257012174308637
few_moving,484,10082,124.98347107438018,41.99481604722527,2923,36.235537190082646,42.58010025114536,38.798719467031304,20.38204710897419,18.147049883092663,16.623489185839652,8.033880396418722,2.2962817481383975,39.289953968515036,20.738586438513522,18.295106965305234,15.159345823333572,8.533205294842883,2.5161397018386262
few_moving,485,10092,124.84948453608247,41.95019482017252,2923,36.16082474226804,42.547275964311055,38.74373321597264,20.4994681826,18.275606059828114,16.665457503193995,8.215347075285322,2.3076373025619996,39.25595818116768,20.746223783237106,18.300216031110967,15.186509329722659,8.551231579785677,2.506833386739046
few_moving,486,10123,124.9753086419753,41.90843567820654,2923,36.086419753086425,42.52125485137204,38.693554199869354,20.545973808012725,18.293215185236527,16.64960007799046,8.174507332460033,2.313129428742925,39.23175235581766,20.7520508279002,18.30423492835699,15.207100721399406,8.56648987575956,2.496067429576456
few_moving,487,10134,124.85420944558521,41.979655742071316,2924,36.024640657084184,42.50081896131738,38.80263275305714,20.475444785022862,18.21867801423299,16.59108322756669,8.060602818729526,2.3031691416566242,39.21395406156888,20.756602720082235,18.307344133270384,15.222524096948339,8.578234743097243,2.4864033652639317
few_moving,488,10165,124.97950819672131,41.96635938370611,2924,35.950819672131146,42.485066448389695,38.77899539801128,20.45893822555785,18.180409444442354,16.5797933828815,7.999904134776252,2.3132032133628764,39.200765515521496,20.76011803160135,18.309675943467795,15.23390261820671,8.586819698895006,2.478276585709845
few_moving,489,10176,124.85889570552148,41.98555670990321,2924,35.87730061349693,42.47316106183971,38.77939249372713,20.52459418701173,18.23552132166923,16.577401521772018,8.02031450957435,2.2959616858198038,39.191033612126304,20.762769669353553,18.311363885452113,15.242181915564036,8.59293441623307,2.4717677280000614
few_moving,490,10207,124.98367346938777,42.03539813415857,2929,35.86530612244898,42.48172596116095,38.8193436834869,20.541022208324993,18.247438307519406,16.592632259055772,8.076743845319514,2.3044105307965803,39.208583027168935,20.765603801508284,18.318291585145527,15.26266268117918,8.677972673518463,2.466006536332902
few_moving,491,10217,124.85132382892057,42.01441661711649,2934,35.853360488798366,42.47365029541226,38.817842155342674,20.466458866231537,18.201135763725418,16.57823725125683,8.001037888827499,2.307674764966544,39.177783368404086,20.79632027085394,18.358186009511375,15.275417923215052,8.73087133432203,2.4999624650469174
few_moving,492,10247,124.96341463414636,42.041442019860355,2940,35.85365853658537,42.45582713818538,38.85494603582309,20.46615805399726,18.224403871769738,16.604855527059605,8.107853333874544,2.3105442289942975,39.154236255502816,20.805431630608595,18.366108357883586,15.279278061837909,8.716333253943192,2.4842714568745823
few_moving,493,10257,124.8316430020284,42.00297634118271,2947,35.86612576064908,42.50378507995982,38.7710199537032,20.48443693350596,18.24814008906629,16.656727443944295,8.159360126701257,2.326133360698433,39.21914480374257,20.771187396543752,18.317253865241348,15.223446613992486,8.574293606858781,2.4883332088711723
few_moving,494,10287,124.9433198380567,42.00784033402517,2953,35.86639676113361,42.49762665000339,38.76886321291083,20.46813942262782,18.245368936530515,16.6532323648355,8.10515198555181,2.299394277439907,39.21382620835213,20.75523758363912,18.291367463321677,15.20683704118954,8.495356243873836,2.4731068137736534
few_moving,495,10297,124.81212121212121,42.05120589427722,2958,35.85454545454546,42.50241324442846,38.79128856236624,20.56364601838291,18.272856124827456,16.632822128466508,8.075534851926763,2.2985832023872432,39.20525389455802,20.78365958859583,18.321813738966263,15.226432638078206,8.549219313118629,2.4818496169953854
few_moving,496,10327,124.92338709677419,42.088201567488035,2965,35.86693548387096,42.48854958746632,38.83460194872406,20.570394360255598,18.287664485348408,16.625609324239836,8.090419135703378,2.294309590929506,39.2005804323769,20.770741928601172,18.301536608520856,15.227035902936622,8.476300498143802,2.450837453723472
few_moving,497,10339,124.81690140845072,42.03779012776543,2973,35.89134808853119,42.49111939726525,38.835356014260384,20.47734957236891,18.202519353128856,16.575708039916815,7.995695570015524,2.2893625150658443,39.23036420038096,20.736822248475438,18.25483057900575,15.205077742745248,8.400579192887966,2.4521441443738614
few_moving,498,10368,124.9156626506024,42.02424895498901,2981,35.91566265060241,42.45388145484914,38.81852208512219,20.515414327313856,18.19333195057733,16.553044875632207,7.941680239852107,2.292570011430836,39.18176381896039,20.714922101810593,18.256603417897946,15.260685417793004,8.53873198188764,2.4487558698939353
few_moving,499,10377,124.77354709418839,41.99897052949938,2988,35.92785571142285,42.48078298967387,38.814038823559265,20.569303234983856,18.253182158888215,16.54717377100924,8.027601068139187,2.321658761346972,39.214389538646216,20.668274052819243,18.208405427593874,15.242082149711099,8.463801793831216,2.4463118607970755
few_moving,500,10408,124.89599999999999,41.9989185120221,2994,35.928,42.479634493025074,38.807260144890485,20.551383017482653,18.249857780711586,16.585317702335367,8.070227477355967,2.289430056752338,39.21369449666162,20.671911853489082,18.203999564251614,15.236210351096757,8.417895279309185,2.431878926296854
few_moving,501,10419,124.77844311377247,41.975620377146406,3000,35.92814371257485,42.47830022559079,38.76393258842677,20.56093153208481,18.293974873331706,16.63227009844404,8.190912703253623,2.290745641716177,39.23261414868723,20.620250426478385,18.146050691486387,15.213557854671457,8.35097096546941,2.4221328408271825
few_moving,502,10450,124.90039840637449,41.978420689784436,3007,35.9402390438247,42.46311349615998,38.76674389643727,20.597885240952454,18.336018318076466,16.64629909803775,8.271132420391702,2.3076931193554158,39.20020425610485,20.64523547441005,18.17943729810265,15.23484883105878,8.414746071049223,2.4365761370543284
few_moving,503,10461,124.78330019880715,41.98698953056134,3010,35.90457256461233,42.51432277715869,38.76782341446493,20.625481231654174,18.347321610803256,16.63386865121902,8.166583208364013,2.2853613337003504,39.25185405053503,20.646820089346967,18.175696110130673,15.212482790330728,8.37878032731352,2.4386250491811063
few_moving,504,10490,124.88095238095238,41.98204954417029,3012,35.857142857142854,42.5265921533962,38.79684784317841,20.56793420572248,18.341975613486348,16.63436176655593,8.219876965024353,2.3225902386324733,39.262702905210865,20.647997049208467,18.17748305621218,15.207596586738171,8.375805159639812,2.426730887195886
few_moving,505,10498,124.72871287128713,41.97543047267107,3015,35.82178217821782,42.53396837439531,38.820959722854255,20.537141956260502,18.32157268544783,16.5930731991002,8.183143532183752,2.321995707628204,39.26895476847074,20.649179471636952,18.179302715105017,15.204904446556027,8.375540296791185,2.428073973414377
few_moving,506,10529,124.84980237154151,41.947872280489534,3019,35.798418972332016,42.52297008344315,38.80992210549332,20.495179527825087,18.295037825091036,16.58373566660746,8.192962815578548,2.324758548870314,39.2294375455313,20.6998666771904,18.23922569415723,15.237763139747257,8.469543424043996,2.446284754840512
few_moving,507,10541,124.74556213017752,41.952640265673516,3023,35.77514792899409,42.527200143293726,38.789477294819804,20.49149425468887,18.229450567556455,16.54649120440381,7.978156455586858,2.306784797613597,39.23925584655511,20.70619874900577,18.253679731142967,15.23282283106263,8.470752789829362,2.448109012650874
few_moving,508,10570,124.84251968503936,41.968902573183925,3027,35.75196850393701,42.531722281835684,38.80154550191898,20.531180816045055,18.229233210474113,16.56058601615374,7.981889702311494,2.2873990651163103,39.25430018955723,20.709150821469002,18.265977565302716,15.233268087727785,8.480943138544903,2.4477651421555433
few_moving,509,10579,124.70333988212182,42.01582911034509,3030,35.71709233791749,42.530168235077966,38.81832393190727,20.562032270381906,18.28484029620805,16.597392123771165,8.086144081927252,2.2988081162836074,39.240456268535944,20.71094699199748,18.261455396206152,15.236571078878905,8.473184819965178,2.443664929625488
few_moving,510,10609,124.81176470588237,42.00389560060577,3033,35.682352941176475,42.52103012028557,38.840254160732954,20.545549512923596,18.30981388744825,16.58253570725066,8.12847700849657,2.328707211297893,39.19701031621264,20.70210335017303,18.23310033238824,15.251928315947469,8.469468469431828,2.4397813218373066
few_moving,511,10617,124.66144814090019,41.94879847045555,3037,35.659491193737765,42.54085160394276,38.78556946251044,20.509275335616824,18.289495682470886,16.597682555890554,8.163543049597463,2.3312831292327156,39.22756973135729,20.693199573694,18.23517948653933,15.22808113229839,8.439680952858177,2.4612369706311417
few_moving,512,10648,124.78125,41.96935490294621,3040,35.625,42.5544008251083,38.80606730123582,20.55634389153899,18.328550067165196,16.628040208210596,8.28164246286113,2.3121786795938486,39.23722969176866,20.664363908972113,18.259735916028422,15.226230803976806,8.409755197916363,2.4697853159269525
few_moving,513,10658,124.65497076023391,41.97646005981639,3042,35.57894736842105,42.55747713796988,38.81958828352071,20.520681785297825,18.245863291439836,16.575984475737613,8.081050758318845,2.3277029805734304,39.23359545948317,20.701075443636928,18.323919710874602,15.22536529344357,8.423372371272885,2.48204059164889
few_moving,514,10688,124.76264591439688,41.95695504181123,3043,35.52140077821012,42.5562305402264,38.79844769553709,20.49420401300538,18.213704988971493,16.574125654968704,8.032608040682533,2.321207910153964,39.22969426601837,20.729808188630948,18.37003072514718,15.242146018434891,8.507447965567055,2.4970261959058635
few_moving,515,10699,124.64854368932039,41.898319061884465,3043,35.45242718446602,42.56166478969311,38.69213102664837,20.470614743953245,18.217624281722674,16.605925161373495,8.00020444329093,2.300576865165061,39.23347384431956,20.765742321568506,18.40750108402235,15.246391671040556,8.560723140420619,2.5061953732803492
few_moving,516,10729,124.75581395348838,41.944797994438666,3043,35.38372093023256,42.568963851978246,38.73241845969014,20.545457666426973,18.27340512610191,16.59296369637728,8.04428906337796,2.3026699934102566,39.24208654348037,20.785308624781,18.42903375349905,15.244889377921737,8.588723662627526,2.512791442858901
few_moving,517,10740,124.642166344294,41.93750972273079,3045,35.338491295938105,42.57632446425559,38.71885605066946,20.57482187475528,18.337896127260333,16.65421666148796,8.25190496047555,2.3335450515817935,39.251098534936524,20.79637410178097,18.44204297570484,15.241594327887439,8.604830271262784,2.517831752238112
few_moving,518,10769,124.73745173745175,41.95939602939427,3045,35.270270270270274,42.57126572920709,38.75942848871442,20.582991074668747,18.380563724158304,16.655016790773573,8.305472178893726,2.338083314413247,39.25636741483789,20.806115258214692,18.451361782249997,15.250726796410047,8.6344930885446,2.509859743091445
few_moving,519,10778,124.60115606936415,41.935899273380144,3045,35.202312138728324,42.55979482650111,38.757638461022324,20.455069098100147,18.273639772191853,16.653076057909367,8.245139108131164,2.3152549944196354,39.25032506069,20.8145560895725,18.45931750907192,15.260416736903199,8.654111751018183,2.5014494700403387
few_moving,520,10808,124.70769230769231,41.948684972076954,3046,35.14615384615385,42.52588344973029,38.7858237799525,20.360066342002156,18.17575432153689,16.640963628564677,8.134948997671776,2.3153516977516166,39.22274904376961,20.804180102367905,18.448143584855792,15.264585505544627,8.637547449907679,2.4961472664608704
few_moving,521,10819,124.59500959692899,42.047739287167836,3047,35.09021113243762,42.47507258276903,38.911918936864396,20.38313946899088,18.17685509546819,16.561016072754583,7.945465235886848,2.311610269907243,39.183734181345365,20.783367722047036,18.428317384364398,15.285841243213422,8.682358610740183,2.498274342898141
few_moving,522,10851,124.72413793103448,42.071636659622435,3048,35.03448275862069,42.46002030663696,38.9288290949864,20.41273664354908,18.186528699628248,16.54482442475348,7.904517008166167,2.3045334128531736,39.17271505698146,20.783312517780026,18.42726738560063,15.297067700160726,8.70592009954813,2.498647094159052
few_moving,523,10862,124.61185468451244,42.01621022953831,3049,34.978967495219884,42.43902832578958,38.82832956383715,20.433348111024923,18.207592674560125,16.595035723569598,7.991426723714204,2.304417041207609,39.15397876535756,20.777042081585595,18.417832666662655,15.297377521252388,8.688975354387141,2.5061980443558483
few_moving,524,10893,124.7290076335878,42.00113119413425,3049,34.912213740458014,42.42900661616445,38.794636289707185,20.508060319072975,18.280217310883323,16.624555177118314,8.126048455845675,2.3051464005557167,39.14526279515154,20.775592567790046,18.41509275997609,15.297952058098693,8.68520234784302,2.5062300968394724
few_moving,525,10900,124.57142857142857,41.96107671472214,3049,34.84571428571428,42.422992103125296,38.779233756874596,20.442058210488728,18.21320636645599,16.612969471088682,8.108730507842253,2.3225350053371736,39.14007014238574,20.775280265714773,18.414287172602847,15.298117755652092,8.683932539817098,2.505641682923279
few_moving,526,10929,124.66539923954373,41.95463020282999,3051,34.80228136882129,42.42027674175026,38.7733233767802,20.419963727751103,18.20203623367798,16.631328858839986,8.136940339566838,2.2913755315547975,39.14035314523456,20.78569560659557,18.425431173146684,15.314466784607056,8.712621387640652,2.487785117662696
few_moving,527,10941,124.56546489563567,41.99497372107138,3057,34.804554079696395,42.38305731211298,38.80510140797914,20.465471008038122,18.258894021070095,16.656657430804206,8.19920909121316,2.3088503598886025,39.09775433388687,20.845138896435646,18.457655172198155,15.32983549620859,8.788573780037796,2.4990890771677643
few_moving,528,10972,124.68181818181817,41.98864197597831,3064,34.81818181818181,42.39816523616635,38.76536197132257,20.48034401159007,18.23731954714974,16.665774554864377,8.176889521378067,2.2947801631032454,39.11432828874052,20.893660766896105,18.48195627318766,15.306602418476016,8.791298436333786,2.4965353199974682
few_moving,529,10980,124.53686200378073,42.026593305138945,3072,34.843100189035916,42.43124409579695,38.792698366925755,20.47392152024675,18.17660627283152,16.61530323160841,7.984283882362086,2.292400406068008,39.14872148211934,20.958402403810673,18.528645341794224,15.306173220860712,8.842066833365662,2.4530812834904703
few_moving,530,11010,124.64150943396226,41.98386528512311,3083,34.90188679245283,42.367016202285406,38.75931056145443,20.42448112004098,18.13531220170448,16.57675210524367,7.829020426638235,2.286887887760549,39.07096747967738,20.972958474215766,18.54124562954687,15.313188667374018,8.840617676591222,2.466031443227729
few_moving,531,11021,124.53107344632768,42.01334535271949,3093,34.949152542372886,42.355282931815466,38.809830145531826,20.477012340371363,18.170174734778104,16.589137939318597,7.984466241067958,2.292000394766684,39.0902842265232,20.93723251447795,18.48569812110525,15.292181828797844,8.726015835932428,2.4391636214590973
few_moving,532,11053,124.6578947368421,42.04746236605429,3104,35.00751879699248,42.372428923644456,38.87294622372101,20.470540662651413,18.187713022284804,16.586670812770027,8.04006905511239,2.2856171165234542,39.10392944916087,20.93494156899737,18.491793173109876,15.297145638418943,8.802310818629662,2.4668600967270713
few_moving,533,11063,124.53658536585365,41.963060269843716,3114,35.054409005628514,42.36851174488762,38.79046551155971,20.469008911824954,18.258702529629538,16.637641838726417,8.202417934121138,2.290467302371113,39.09893572713058,20.923333322181044,18.477422805248427,15.28070126106172,8.74345176190421,2.4955251966531056
few_moving,534,11093,124.64044943820224,41.94548192773459,3120,35.056179775280896,42.426469608403025,38.78906139686788,20.51785755300758,18.32390749903335,16.64929288485227,8.282672581217994,2.324640310330745,39.158328763535685,20.945572791941295,18.49846813462964,15.278218913371264,8.792943628107464,2.490129954853202
few_moving,535,11102,124.50841121495328,41.977857355526,3126,35.05794392523365,42.409735192152404,38.82213886065842,20.463934978247334,18.225370552245984,16.63480102989918,8.163612644492936,2.340239785064112,39.1398606240552,20.94663343936452,18.49989718795236,15.284848845434617,8.797844214431063,2.4942632326288607
few_moving,536,11131,124.6007462686567,42.005852204821544,3131,35.048507462686565,42.46209695871311,38.86435833992091,20.37367965769377,18.160529819588298,16.62785049281768,8.119581232641808,2.329101248165628,39.187965476048404,20.964519750429883,18.517789113987853,15.269176041147412,8.796242348132067,2.491761404359543
few_moving,537,11143,124.5027932960894,41.9798465934563,3132,34.99441340782123,42.47655968468033,38.82319735268372,20.356265157974537,18.193022319237222,16.665511662634724,8.247347575306257,2.3248632439329486,39.2018785827551,20.967571273677567,18.52184289618609,15.263469153221306,8.792288691161811,2.4848820294456746
few_moving,538,11171,124.58364312267656,41.95122418952311,3133,34.940520446096656,42.48518864259541,38.776699379867836,20.47912671366667,18.313169811802187,16.698068714695143,8.43349682546113,2.347482674188737,39.21124795587217,20.97733208212871,18.530803152936517,15.26484444539734,8.787784931121909,2.4802571844691927
few_moving,539,11180,124.4526901669759,42.00667908302961,3133,34.875695732838594,42.49082277695569,38.83873958182393,20.4944509675657,18.298342509502646,16.664150855721008,8.334351867123734,2.3339471272125114,39.217464159432424,20.979644364417585,18.53370724837611,15.265082749199092,8.789139839146658,2.4769618900793313
few_moving,540,11211,124.56666666666666,42.020614244112224,3133,34.81111111111111,42.495217433877386,38.84021011025862,20.517939378979605,18.313923430170565,16.68479954549821,8.36427378604924,2.323980476318599,39.22222255551041,20.980862580903267,18.535257994817027,15.26537202107335,8.79096758600691,2.474591004359247
few_moving,541,11220,124.4362292051756,41.98408604947944,3134,34.75785582255082,42.49812342955934,38.82439110797179,20.408136457579165,18.197995944675746,16.65699456480341,8.201684812198687,2.299808188593403,39.22539726054386,20.98137263990896,18.535821760278857,15.26552087878415,8.791754812688179,2.473042586943248
few_moving,542,11252,124.5608856088561,41.998009437046356,3136,34.71586715867159,42.497852058809706,38.83149843833167,20.372856186944713,18.15435358130794,16.63275897717874,8.082849291115638,2.30907982539111,39.219837844337476,20.97963312148809,18.532181630939426,15.267700061866451,8.78745776677063,2.4712457126992073
few_moving,543,11261,124.43093922651931,41.99885847012988,3138,34.67403314917127,42.50050926915346,38.81064754303802,20.375381061332767,18.141101172021287,16.622858179030235,8.008609801090806,2.290109747309543,39.22001671069749,20.954970951986468,18.51003727230944,15.269178107466137,8.775427883266472,2.4737939172919194
few_moving,544,11288,124.5,41.999794251007216,3139,34.62132352941176,42.50812251868538,38.823081687437096,20.458396021898505,18.212213115223257,16.611643048211622,8.060475876471275,2.3014630013818254,39.223505465057805,20.932551411125385,18.486576230716175,15.243492380521118,8.676879172902296,2.4592153213838013
few_moving,545,11297,124.37064220183485,41.940626229849244,3139,34.55779816513761,42.50908578429845,38.76640692722773,20.524164921681283,18.27952331274802,16.597491810423445,8.127906210228982,2.321193644865594,39.22119559282491,20.903343046253603,18.466449851390397,15.236660188176248,8.635504028791502,2.455409111768022
few_moving,546,11327,124.47252747252749,41.978427238199004,3139,34.494505494505496,42.5091680443114,38.78933931898002,20.6077912521075,18.328893786756932,16.594386283984882,8.190338444791822,2.3185340417603686,39.21717015747361,20.888468972989767,18.45629413859051,15.231803905137356,8.607154078372496,2.450871433689417
few_moving,547,11339,124.37659963436928,41.99340927394522,3140,34.44241316270566,42.50909375883097,38.77353226423418,20.628911323469385,18.346614623952657,16.607225886350015,8.180872355212742,2.3105618151088763,39.21343823890997,20.880853469618025,18.451257363768725,15.22813379946165,8.58721688102866,2.4477000973614804
few_moving,548,11369,124.47810218978104,41.995602504353755,3141,34.39051094890512,42.49042759057984,38.758355405305664,20.544055905495707,18.287256338328064,16.646655243227222,8.16434309778942,2.2836962380817947,39.19280932545497,20.879125183380005,18.44459652557353,15.222686669211754,8.530833981009229,2.41427733476803
few_moving,549,11377,124.33879781420765,41.96976089127998,3141,34.32786885245902,42.47375352698033,38.778617506415195,20.46461710739244,18.218123244684264,16.647173609955633,8.190437893739489,2.297083401448111,39.17504266426424,20.87216430348205,18.435972897486295,15.216358152934625,8.495395997779498,2.411451884106313
few_moving,550,11406,124.4290909090909,41.939913294249315,3143,34.28727272727273,42.46641587069193,38.73026841380103,20.45396831378306,18.180245753456607,16.6701283577496,8.202573319644207,2.311715144443174,39.16648406345359,20.870657365044266,18.433333017355558,15.212565729133026,8.475382676847442,2.4088301308137945
few_moving,551,11415,124.30127041742287,42.0094564561917,3144,34.23593466424682,42.45728116616483,38.795752051203586,20.572194108039422,18.323392008315285,16.69974575221084,8.353964766325749,2.3111740090202866,39.13316683276904,20.916508138394228,18.481686906516632,15.232524782289046,8.50668235396612,2.409541593879079
few_moving,552,11445,124.40217391304348,41.99589084347031,3145,34.184782608695656,42.45400512980617,38.77631059408393,20.553128746430783,18.291434626332492,16.67549107560078,8.278628313399489,2.311848415031218,39.125222530359366,20.91974243606526,18.48500268262642,15.229153913244701,8.483914926659992,2.408376137812812
few_moving,553,11454,124.27486437613021,42.001062992692155,3146,34.133815551537076,42.45032444177783,38.840367197655425,20.507540682927637,18.252052348085932,16.60657986476707,8.120006071084385,2.305253549804073,39.118485130576715,20.922707249455406,18.48667207158586,15.224386038410428,8.456485644855066,2.408098339002292
few_moving,554,11483,124.36462093862816,42.03096967948829,3146,34.07220216606499,42.44773826611953,38.86150772598181,20.499444441927366,18.23093317791877,16.591964012790758,8.073892905035983,2.306510340230173,39.11394708927431,20.923765336260214,18.487344695737274,15.221265030215854,8.43984745496049,2.4068040152819985
few_moving,555,11493,124.24864864864864,42.010923010050064,3146,34.01081081081081,42.44605713768239,38.861226330418745,20.448219946073262,18.163332518472068,16.566413259717354,7.951900532692568,2.304317501871419,39.11094322960908,20.924324303479665,18.487866803881587,15.219087212609962,8.429050704650733,2.4058862062834727
few_moving,556,11522,124.33812949640287,42.030023934283,3147,33.960431654676256,42.44503881830661,38.88457949798783,20.380199284095628,18.109625872874794,16.535243013599167,7.8558926373981475,2.3122313254709073,39.109007302773236,20.924743978734416,18.48841255616589,15.217516274814084,8.42192117484481,2.4052151181066126
few_moving,557,11534,124.24416517055657,42.019566534027355,3154,33.974865350089765,42.46679960057627,38.83172644525193,20.49469870458575,18.202522522497567,16.57486541747421,7.993992440197332,2.3195317387719636,39.09033485046717,20.9466690522751,18.49183024480127,15.257567656991245,8.450150909681158,2.3946847233802395
few_moving,558,11564,124.34408602150538,41.987801678625424,3160,33.97849462365591,42.39236184199222,38.822435495339015,20.41459736674323,18.1837532291332,16.587206721713077,7.993705724494205,2.3022951690187217,39.01537811523336,20.847839890411308,18.409021245271838,15.274876800508448,8.446688883171609,2.424643084381132
few_moving,559,11575,124.2397137745975,42.01233793305932,3166,33.98211091234347,42.37205512556363,38.82647460993327,20.479396427709286,18.264611541977224,16.65335846746448,8.210306996727619,2.294055172027904,38.98725286501251,20.82565523119951,18.395331553057492,15.292668909202657,8.481654778269004,2.419210225139146
few_moving,560,11605,124.33928571428571,42.00996544620775,3171,33.975,42.34182522123114,38.82517766515956,20.43413870546566,18.232624495167236,16.664880395203532,8.22239087699534,2.3049690532502334,38.96053582259576,20.788036911142818,18.359904902505388,15.310331083913052,8.508610435624078,2.4278210957835054
few_moving,561,11614,124.21390374331553,42.00038471383148,3176,33.967914438502675,42.395902894894164,38.819566970677165,20.464265296306984,18.24261972162023,16.64890154726674,8.168760267864242,2.3061857233820677,39.00901194238078,20.803348454524503,18.379073846917372,15.312000541797325,8.564672863811241,2.416960908912613
few_moving,562,11646,124.33451957295372,41.98142293285919,3182,33.971530249110316,42.39220966694902,38.7837520173514,20.510267007909324,18.245369513537163,16.6371724172328,8.137239992995923,2.3007904878663066,39.00664488593421,20.78831167925328,18.366676825568057,15.309215658504598,8.544491432263483,2.4231179225572372
few_moving,563,11657,124.23090586145649,41.924807978426095,3187,33.96447602131439,42.34665143435692,38.729533927259176,20.565835559314046,18.343814472478908,16.680540516677414,8.374149666476184,2.2916357465658947,38.971731799106635,20.740729104626553,18.32981026106318,15.3095792482084,8.558689606665636,2.4384754338655643
few_moving,564,11685,124.30851063829786,41.939709629494494,3189,33.92553191489361,42.41623550179071,38.755753624668905,20.643487156673302,18.43326529751802,16.70505615087861,8.542370667932643,2.3060516469350434,39.03162050386658,20.77324538655749,18.36296497844996,15.301490831629703,8.610279190997732,2.4751561186902977
few_moving,565,11695,124.19469026548673,41.96870370367802,3195,33.929203539823014,42.47895823022867,38.753928382201636,20.552309009659016,18.309825361803636,16.705027247206434,8.342342042315884,2.3116253951442864,39.09071955752539,20.79936761708818,18.39179517443934,15.287119142428825,8.668123047501313,2.4680500616504175
few_moving,566,11725,124.29328621908127,41.97957099407248,3201,33.93286219081272,42.47008288090285,38.78271053959964,20.564130640866793,18.30879542389989,16.66618366806037,8.279314657006324,2.3016615099467894,39.107240394536156,20.75593991580613,18.329370038474885,15.254901621670069,8.468259631387907,2.41255095181528
few_moving,567,11735,124.17989417989419,41.95446214567583,3207,33.93650793650794,42.45418133207779,38.75496829126827,20.603712216174667,18.35172574311693,16.666719181695626,8.329832072344862,2.300536542235584,39.08432994295397,20.751043213627476,18.332785824890667,15.262238305068738,8.495606961412792,2.4260501463886373
few_moving,568,11764,124.26760563380283,41.9661813447841,3213,33.940140845070424,42.47924995574873,38.75309473307946,20.602584973030343,18.332110956613093,16.650070169839953,8.291210048969921,2.305030686642936,39.10832644431905,20.754362226085817,18.336045325826678,15.250224195078756,8.485614484664284,2.435125483370451
few_moving,569,11772,124.13356766256592,41.95159469622796,3219,33.94376098418278,42.468986392114836,38.73544248777624,20.515154414132287,18.214201399631037,16.63692909476252,8.135525015431709,2.297840707811518,39.090999345264365,20.761392238732455,18.348920732654122,15.258699014956056,8.507217404758169,2.435844148791284
few_moving,570,11801,124.22105263157894,41.960570299887294,3224,33.93684210526315,42.50874107468355,38.758637062616614,20.46408222318914,18.194332332641252,16.62392930384989,8.091004351954044,2.296803106990551,39.14123757855775,20.7446045677918,18.323114587718766,15.228023380944704,8.421318206145317,2.4278537725397813
few_moving,571,11811,124.10858143607703,41.92057717414396,3230,33.94045534150613,42.518676521970775,38.699136687081264,20.447878404771185,18.223966461147448,16.65494826899551,8.149515371731077,2.298315254344551,39.1479442073241,20.767614263237068,18.3454956623538,15.23239062719391,8.439809193969618,2.4205145707651785
few_moving,572,11843,124.22727272727272,41.92505594627439,3235,33.93356643356643,42.5064714216648,38.70398810726512,20.46553285808222,18.25508447502475,16.655703857237786,8.159241763948215,2.3015033468364674,39.14437169860997,20.796627691643693,18.380578163723207,15.234757135111327,8.457816050241698,2.42431853545081
few_moving,573,11854,124.12565445026178,41.92797989217239,3237,33.895287958115176,42.50794553356583,38.70628653202645,20.45020758047076,18.25138106296021,16.624112255865526,8.040325670319623,2.303453435996499,39.15232327325957,20.840538885322303,18.4206323175081,15.225428361890755,8.467379568388566,2.421186322573128
few_moving,574,11885,124.23344947735193,41.950060779626945,3238,33.846689895470384,42.51426404421518,38.70352556567773,20.48641943312655,18.26235199136639,16.626756937783483,8.030646441219957,2.2981748204711105,39.16207769599497,20.86686969735805,18.44395491381191,15.210968377012064,8.448675176427372,2.4132613876432156
few_moving,575,11895,124.12173913043478,41.960812169908465,3238,33.78782608695652,42.51931524058874,38.75332300425338,20.467634129197275,18.221239601909094,16.58863225290383,7.994516803135993,2.31376229832228,39.17495946575427,20.847087427427528,18.429798899148608,15.195970954029326,8.398326947326057,2.4070980602983405
few_moving,576,11924,124.20833333333334,41.9507306111448,3238,33.72916666666667,42.522713305831445,38.76232228278674,20.371585621030224,18.141570053222832,16.598140865320993,7.974932593912502,2.319682396950868,39.180811356378754,20.83788293623678,18.422138193929484,15.187460054079498,8.36880952048075,2.4053079183571033
few_moving,577,11934,124.09705372616985,41.93805099191475,3239,33.68110918544194,42.52525291066922,38.73856154820664,20.418590749819337,18.21454894997827,16.62460211835923,8.064514534281832,2.3279367530024135,39.18361811889349,20.83363674615241,18.41793883208019,15.182335861719933,8.350150523871124,2.4042324902779235
few_moving,578,11964,124.19377162629759,41.92528796707856,3241,33.64359861591696,42.569185325896015,38.71995657921369,20.51164843037283,18.2827758951202,16.638109013389446,8.100285577335676,2.316722344360466,39.223175555137914,20.850982631399347,18.438630934962216,15.171778190919127,8.388341220740635,2.408376409200883
few_moving,579,11975,124.09326424870466,41.947241488654754,3241,33.58549222797927,42.59528175035299,38.74667669374678,20.42010778784098,18.180688339890473,16.608106864532346,7.974923679629257,2.3018808577637175,39.24637978813526,20.857496672931575,18.447730464881065,15.169140151043353,8.41085627008075,2.4107937071275694
few_moving,580,12006,124.2,41.94622940403985,3242,33.53793103448276,42.61019322304443,38.76817462980857,20.389144507133132,18.176170530384802,16.607882077697738,8.003337710330403,2.2882659552759916,39.25932509459551,20.858812500320088,18.45082857916909,15.168306069408256,8.421161424996184,2.4132331468586976
few_moving,581,12016,124.08950086058519,41.913561357180456,3243,33.49053356282272,42.60575999288593,38.723976095902536,20.46853217184662,18.29027225599276,16.649151586912698,8.196587474184335,2.308581747743924,39.23836979120173,20.8904782818934,18.490132328597724,15.192311521249975,8.500446235263505,2.4173471049701294
few_moving,582,12048,124.20618556701031,41.906067028574455,3244,33.44329896907217,42.61163422022179,38.682839715704645,20.473351801947867,18.28732846642105,16.65303947035238,8.190978773018443,2.3106516090289655,39.240311031039376,20.893882477320076,18.49426635107103,15.191137909127873,8.499645326747084,2.418705654550401
few_moving,583,12058,124.09605488850771,41.93423699807826,3244,33.38593481989708,42.61615633465944,38.69810729110348,20.460359077103927,18.24760878581123,16.63787855357397,8.117121512099189,2.3261734683760467,39.241919694211205,20.896151985137976,18.496901492140115,15.189756084432132,8.49743343590603,2.4198408137604566
few_moving,584,12087,124.18150684931508,41.93053070201301,3244,33.32876712328767,42.61963826091623,38.70065606411484,20.55070649869139,18.309158832815466,16.624905442599662,8.166793454875274,2.339707774300158,39.24318590467262,20.897783308976937,18.498694938964682,15.188488632789616,8.494984033303396,2.4207895657457073
few_moving,585,12097,124.07179487179488,41.92915493390235,3244,33.27179487179487,42.6223687945374,38.729579778721565,20.457991911178276,18.204398651634428,16.608206601126696,8.094552668455718,2.306820799588932,39.24422797943335,20.898965174308152,18.499903969818025,15.187385278541875,8.492572162518044,2.421584264078747
few_moving,586,12127,124.16723549488054,41.92888217961532,3246,33.23549488054608,42.62454521479792,38.724128491512744,20.517625341155746,18.22501968587832,16.618003220646944,8.141305435630763,2.3214201107025203,39.245114743401246,20.8998288774917,18.500704178318824,15.186459089876085,8.490327752157466,2.4222518915492977
few_moving,587,12137,124.05792163543443,41.99600657255009,3251,33.229982964224874,42.65928386896954,38.79703462980433,20.510312197167128,18.269738229517852,16.63785715573278,8.148217803967707,2.292997477630188,39.25080629784411,20.872632419214078,18.484904653313084,15.22854918757052,8.556791036962785,2.4326905644918435
few_moving,588,12168,124.16326530612244,42.01996453917112,3258,33.244897959183675,42.69070105339754,38.802598001263405,20.532485948479437,18.270973230961317,16.62284170280485,8.092167805262452,2.3027762891309775,39.26390963441433,20.826080342828455,18.443530661526093,15.25633658914186,8.566844878685073,2.4749328433007123
few_moving,589,12177,124.04414261460103,42.05590573964804,3264,33.249575551782684,42.629408801003066,38.854273176065085,20.450357880445946,18.183584577653875,16.606235276798316,7.98943174909167,2.3026013546986928,39.20798693353548,20.7049815971172,18.35101963649328,15.268547779236172,8.580424708112425,2.5208763751414467
few_moving,590,12208,124.14915254237287,42.05504367290436,3268,33.23389830508474,42.583511701072396,38.8811808615743,20.43975410631117,18.191054990392026,16.58088262288475,7.978578592437554,2.294612293102333,39.17580696113599,20.584355519611375,18.25502975653121,15.248664488153192,8.50223345448817,2.5209586829253166
few_moving,591,12219,124.0507614213198,42.00819601976954,3272,33.21827411167513,42.552039091868885,38.80985360203268,20.52942838369744,18.276319247094793,16.616639223610434,8.125808242981524,2.2882368781423144,39.153065599623815,20.509669133817393,18.194536108013228,15.256794451247915,8.512966480814775,2.523805556570907
few_moving,592,12250,124.1554054054054,41.98994052618208,3277,33.21283783783784,42.614460144356535,38.76797786307992,20.61533469305617,18.326874449807587,16.597658057327898,8.122979033198355,2.2876361011349227,39.204009966928666,20.506755137386442,18.194547458391064,15.25498323518068,8.521232701205523,2.534065907609316
few_moving,593,12260,124.04721753794267,41.96063852828022,3282,33.20741989881956,42.55524554993369,38.75692192076167,20.56012528328447,18.266311094130494,16.59387955501511,8.016450025307414,2.2660707301092007,39.154852855027954,20.47517483263457,18.165440431758416,15.270615792392928,8.49854377187319,2.522012899939859
few_moving,594,12290,124.14141414141413,41.95618307657541,3287,33.2020202020202,42.543200211324255,38.751450157011625,20.514249123089566,18.21819831178596,16.581573262069572,7.933150038859813,2.2852537450397716,39.14622166519135,20.47176751689526,18.165643333998094,15.277534546545231,8.505928437665064,2.492817419907802
few_moving,595,12299,124.02352941176473,41.964315457340575,3288,33.156302521008406,42.53223235859167,38.73157291341942,20.514894773320396,18.24571927586026,16.614134181277254,7.980525997879588,2.2944685471635062,39.13784066539318,20.473212772805798,18.1673443076453,15.287396352505834,8.509241151641136,2.479969233777878
few_moving,596,12329,124.11744966442954,41.98106622016459,3289,33.11073825503355,42.50661198680518,38.76182279782874,20.49965134423958,18.272131980986806,16.616479424732674,8.052143258570611,2.3028224879549968,39.10197453628258,20.50058726636144,18.199468997899476,15.317080700192898,8.573777959744582,2.4713386420563053
few_moving,597,12340,124.02010050251258,41.95318680136447,3290,33.06532663316583,42.494901580771,38.74398542665388,20.50457186193578,18.276963687412863,16.620833859873795,8.127788721622007,2.3018436921927456,39.09020148018163,20.50382517867484,18.202351893506528,15.323479125661882,8.570159635747716,2.4628391604441204
few_moving,598,12370,124.11371237458194,41.91120651531536,3290,33.01003344481605,42.48556490551271,38.70218127920616,20.458734330270488,18.245958118403554,16.64498045870585,8.156481267732964,2.3161505983722317,39.08104499233041,20.506270681075996,18.204346109053578,15.32818291312455,8.566470156982048,2.4562041469767126
few_moving,599,12381,124.01669449081803,41.99538355493794,3290,32.954924874791324,42.478242021937554,38.815395276358394,20.476565227654888,18.257215853877703,16.61461674999726,8.100655043401607,2.306119242935968,39.07396375831112,20.508135782931557,18.205761415583112,15.331675425596977,8.563313069928704,2.451091792506861
few_moving,600,12409,124.09,41.99955687514394,3290,32.9,42.472605566968504,38.80044421366664,20.492927684840033,18.252412619129956,16.639726517365492,8.125002462165762,2.284214597652222,39.068568367397624,20.50951804622076,18.206719249206436,15.334243777173507,8.5607080857202,2.4472036050228607