Scenario,Time,Baseline_Tx,Baseline_TxPerNodePerMin,Baseline_RMSE,ETM_Tx,ETM_TxPerNodePerMin,ETM_RMSE,Baseline_MAE,Baseline_RMSE_Aligned,Baseline_MAE_Aligned,Baseline_PairwiseDist_MAE,Baseline_RangeResidual_MAE,Baseline_AngleResidual_MAE,ETM_MAE,ETM_RMSE_Aligned,ETM_MAE_Aligned,ETM_PairwiseDist_MAE,ETM_RangeResidual_MAE,ETM_AngleResidual_MAE
many_moving,0,0,,36.82155104595928,0,,36.82155104595928,33.64586534768495,18.187917130173428,17.241615522676813,24.44493498974518,NaN,NaN,33.64586534768495,18.187917130173428,17.241615522676813,24.44493498974518,NaN,NaN
many_moving,1,0,0,36.82155104595928,31,186,36.75553919077251,33.64586534768495,18.187917130173428,17.241615522676813,24.44493498974518,NaN,NaN,33.55181456198178,18.086960261525878,17.149669159800517,24.036708162525898,10.15152656022951,1.752240993866939
many_moving,2,32,96,36.75533622654627,76,228,36.705938820488505,33.56529006127265,18.127392054976486,17.182113085755088,24.046031031707138,10.192219806528914,1.8156238064995411,33.461741506475256,18.045723612515086,17.15906411320519,23.692351713074167,9.922474558882245,2.164758932546787
many_moving,3,46,91.99999999999999,36.709124060567326,122,243.99999999999997,36.67992660763121,33.48022117759569,18.08733152553866,17.197852019114812,23.712578211150195,9.942610978088519,2.179863446183823,33.413809722189946,18.00666808845536,17.173884857765678,23.254135716031406,9.520515984377536,2.2346348444879487
many_moving,4,79,118.5,36.70561156752401,168,252,36.6798559087785,33.45412710975826,18.028656843415263,17.197780874895308,23.263924306479232,9.525546769194886,2.2634013599279927,33.39907044927615,17.93200526912752,17.157252294437917,22.779066844944712,9.082432118194,2.294892368184144
many_moving,5,92,110.39999999999999,36.703837468874205,215,258,36.71078748116754,33.412574477674525,17.970083291888532,17.19307706843149,22.798220776462713,9.082360209829357,2.3138551957028985,33.40770101507001,17.885500840100757,17.166729010689117,22.292069215749862,8.61970181950385,2.314386666527107
many_moving,6,125,125,36.719081770959285,263,263,36.768754931106244,33.40579601059066,17.896871818237646,17.174949073165056,22.30031859719524,8.616992637686513,2.3203181847163137,33.448127193255765,17.88538203915227,17.223731595115215,21.874193804530027,8.238826365011615,2.3151079308182783
many_moving,7,139,119.14285714285714,36.7683810455842,302,258.85714285714283,36.79780161971492,33.44235271671796,17.86303726898072,17.1986207540155,21.850062997689815,8.237389419912779,2.3312336501658177,33.456489079950494,17.847247210400415,17.235672862108252,21.371859337331188,7.782788026649334,2.30767903824798
many_moving,8,172,129,36.825455272884994,309,231.75,36.869533428115204,33.474968818658574,17.80716150412022,17.194223158408057,21.345392373362927,7.797019824107201,2.310343873292402,33.49231971242023,17.76539731398509,17.191007437725357,20.867459703674044,7.3215353551802815,2.2774071249388026
many_moving,9,185,123.33333333333334,36.85352529246546,309,206,36.94764081498474,33.477143236533124,17.76113092175296,17.191876673604845,20.84025001441717,7.339822535794913,2.3002293524062933,33.53677949850134,17.71487137159223,17.172937319543607,20.357147974779032,6.856164528789614,2.2665406695186268
many_moving,10,218,130.8,36.904934624493805,309,185.4,37.01672093301953,33.50614056973269,17.74321722848302,17.207877911522267,20.3537819016893,6.922022626910881,2.307667303355498,33.579500849352684,17.696293536882813,17.18029037113906,19.87106057766459,6.433574873382967,2.264149109790368
many_moving,11,231,126.00000000000001,37.01426401734,309,168.54545454545456,37.08571868158984,33.59423590417687,17.72746505618178,17.207420051535784,19.899302500809096,6.538120662236003,2.28799657517886,33.62658738657347,17.694290516523864,17.19652110811563,19.39120830330747,6.022790370381489,2.2663993780513145
many_moving,12,265,132.5,37.09572488972408,309,154.49999999999997,37.16186625659815,33.668682746220306,17.757204335760882,17.24486709890347,19.43601424394365,6.149694623453201,2.2714024624990756,33.68370866491984,17.700337661777713,17.21175508038568,18.910612979103668,5.615149131932143,2.271146158078114
many_moving,13,278,128.3076923076923,37.135027926866854,309,142.6153846153846,37.25441460780281,33.68116274119833,17.776309182862835,17.271765026113222,19.00752702842684,5.790788553917655,2.3092303252945854,33.760058818187794,17.705787953402847,17.215096960922853,18.44086952420918,5.24896889000664,2.275336179535084
many_moving,14,312,133.71428571428572,37.19556397831599,309,132.42857142857142,37.362669283814974,33.726307449259636,17.801191765103628,17.297889831060353,18.518640183036148,5.417981216125407,2.295434941977966,33.85471534887326,17.70895260229176,17.206084907064866,17.981828942227313,4.904290033233825,2.2783834826805545
many_moving,15,326,130.4,37.29669834378112,309,123.6,37.48470210172968,33.81160828241725,17.7881569873943,17.294918250019723,18.006696989537854,5.009419589734845,2.2816317080471378,33.96552376483092,17.71005162307653,17.186478748042525,17.524115403842014,4.555712914018263,2.281609249738974
many_moving,16,359,134.625,37.428744735650945,309,115.875,37.618396650392725,33.91923008571295,17.81712795087638,17.26608193490856,17.573559341039104,4.734030396963967,2.3157771827934446,34.09011390944726,17.710079014951454,17.158671206585336,17.066179227703397,4.202386643767686,2.285753427198114
many_moving,17,372,131.29411764705884,37.49974091848139,309,109.05882352941177,37.766149245951844,34.01510492832609,17.91091184165431,17.307379433782675,17.16070627712503,4.410669543657759,2.296236748345101,34.2308393051807,17.703693969845588,17.12140356063959,16.62075102575913,3.858440324365646,2.2920659105398853
many_moving,18,404,134.66666666666666,37.59079024435181,309,103,37.925219751511584,34.10127776081842,17.932190804813082,17.319418908839722,16.76281512621055,4.105616454881864,2.3069617226918977,34.38460664971687,17.690615831714258,17.076007360653996,16.191091244442923,3.5276275574852485,2.2999776386533504
many_moving,19,415,131.05263157894737,37.84825515984373,309,97.57894736842105,38.09260108091233,34.362116802252054,17.886679855406847,17.253492921002756,16.35519421399246,3.725577693501213,2.3170557559264933,34.54815529350884,17.672998832595578,17.02480592194761,15.794423466716928,3.2080317480874494,2.308835150252963
many_moving,20,448,134.4,38.048736866874705,309,92.7,38.26611890247578,34.56934153276986,17.889716463527833,17.21450391787537,16.00775991130141,3.479738652956169,2.3256214002932825,34.719079082343384,17.652510702105175,16.96932247214468,15.430546687227597,2.9273692875541255,2.3182617966856425
many_moving,21,460,131.42857142857144,38.13528526873921,311,88.85714285714286,38.44412888811449,34.63422365474777,17.933282556085807,17.1898996710027,15.596742275120361,3.2089788421921743,2.3324382693840238,34.89551972457794,17.630406866391173,16.910519966958745,15.079807674062751,2.6726167023701826,2.328028360251054
many_moving,22,494,134.72727272727272,38.330625816107904,319,87,38.59275722885925,34.79751856021196,17.811812824486555,17.06979057714836,15.234147926223208,2.9195578954256973,2.3478311349635193,35.0318407990571,17.613268949768713,16.87678170652188,14.777737831205808,2.5520392302076673,2.3430601177027164
many_moving,23,506,132,38.53075110032351,319,83.21739130434781,38.764566987208205,34.98566919021798,17.848450359710842,17.01776857832171,14.886636854469545,2.68021223797281,2.3415551923938556,35.20146704916189,17.59542293660775,16.845135241337573,14.473830017750597,2.3698770895109695,2.3562815504083683
many_moving,24,540,135,38.68929584730526,319,79.74999999999999,38.948038536512854,35.15065782068642,17.85217008951312,17.00600320612411,14.523634179899371,2.377978953149985,2.3616614005214487,35.38493033223105,17.570635004730917,16.789354714629276,14.198453717819708,2.2690468239907373,2.368669792714031
many_moving,25,550,132,38.86020183219212,319,76.55999999999999,39.13443171225278,35.338312520032886,17.773023888341477,16.891195838606073,14.238994576488155,2.2348715067742018,2.3559066498258256,35.571044725712554,17.545361428545025,16.72586365564001,13.959129430320491,2.21662719738118,2.379152698875323
many_moving,26,582,134.30769230769232,39.047762924608435,319,73.61538461538461,39.32062941063612,35.522748798645864,17.72826111315989,16.816077170228862,13.972998605320765,2.046929144412356,2.366016320511097,35.75774121422579,17.52175257140295,16.65863236219901,13.761399410431084,2.17923725779628,2.3888981681622297
many_moving,27,596,132.44444444444446,39.15553034471387,319,70.88888888888889,39.50709057520373,35.63961391346699,17.74357484586964,16.839571923899125,13.765672274672738,2.085670349769615,2.36909472008946,35.94515212110138,17.499744231904312,16.58799321376606,13.572139420157873,2.1512460569632172,2.3982981015993325
many_moving,28,628,134.57142857142856,39.34966589247235,319,68.35714285714285,39.69271532154156,35.81832022508252,17.676843341221872,16.739009597665277,13.59355384208752,2.0875930961695217,2.350682458115498,36.13215861705881,17.480196218746023,16.515246714435516,13.40098680356218,2.177150525626062,2.407357202772729
many_moving,29,642,132.82758620689657,39.47696835416257,326,67.44827586206897,39.80667944009011,35.96002940997166,17.634025679715023,16.6567207440904,13.456438964671204,2.1047843316940558,2.369416282328925,36.27688234279536,17.47735213331554,16.488523966476826,13.283495542642838,2.295039826057139,2.451731326897637
many_moving,30,676,135.2,39.632738843743105,337,67.4,39.96278570191816,36.13685942127269,17.653230898236465,16.615125676564123,13.346419093291258,2.214286477311844,2.367998536540345,36.43130452240802,17.495215465125113,16.44895946329884,13.134916907123024,2.321481350233927,2.4224241547408747
many_moving,31,690,133.54838709677418,39.782811319958086,347,67.16129032258064,40.182467285774045,36.261393683135886,17.80415642517746,16.6866042397664,13.151596076429557,2.1859600762689513,2.398307500395208,36.620350175683306,17.473170112713056,16.397985846513322,13.012405384719758,2.3386882661035044,2.4211882904002047
many_moving,32,723,135.5625,39.977677742200605,358,67.125,40.3470071962535,36.41157938482246,17.848790237606902,16.679588969507492,13.005572245058632,2.1643850431410208,2.394171077810872,36.77851554207182,17.480498890710127,16.401343834039984,12.890350515189263,2.4124045032468593,2.451511110383307
many_moving,33,737,134,40.08437890807651,367,66.72727272727273,40.431099636226634,36.49728711515381,17.89097732629584,16.681251719187475,12.922549025719276,2.2046055176808887,2.3996311275640587,36.85490771688524,17.534184191891004,16.392973073964576,12.834557571596957,2.53101848158659,2.429970675866733
many_moving,34,770,135.88235294117646,40.26095265866378,378,66.70588235294117,40.58106461963367,36.66452694122144,17.835125537041776,16.5996624732638,12.822390547036381,2.164965840407991,2.432766255608216,36.99334292053807,17.54201097455773,16.364495576177475,12.746614584403066,2.6919959440946246,2.4475259683772594
many_moving,35,783,134.22857142857143,40.50153278418074,389,66.68571428571428,40.77557067989393,36.9032903798256,17.75721730105751,16.52739834757084,12.725787212424343,2.219866092505652,2.4404567983424834,37.162538572061294,17.549486779313003,16.319945510533223,12.648305369277988,2.793071107114105,2.4648370826283155
many_moving,36,815,135.83333333333334,40.64022011936758,395,65.83333333333334,40.93479581385507,37.0382890395099,17.825567626497293,16.55390527757637,12.67931138513674,2.389226114791896,2.431174497474013,37.307003518204766,17.569308288070015,16.282313112977963,12.576196336228405,2.921823896454185,2.465219864200279
many_moving,37,828,134.27027027027026,40.805844104236,401,65.02702702702703,41.078576451138055,37.2246972369836,17.83633841580155,16.48823641915452,12.600949208113231,2.3615574564688546,2.4326460559111047,37.441514938212975,17.605609950670765,16.23592414579634,12.484697571814966,3.072431728962385,2.47995844278086
many_moving,38,861,135.94736842105263,40.85764026337189,401,63.31578947368421,41.1986622137971,37.28178777581673,17.88591671322821,16.49091727446647,12.545827379534838,2.5986637539487663,2.4504596970290984,37.54067652427345,17.66857511303943,16.235335919133867,12.395749706672735,3.1902203205451127,2.4819447896384874
many_moving,39,873,134.3076923076923,41.032214564348045,401,61.69230769230769,41.32680689153348,37.4159812977873,17.882346049694892,16.462757040724476,12.493480981644227,2.8001665389878267,2.4691790377658442,37.64861994620459,17.71326126087509,16.213725845794926,12.297745685277581,3.275012365184927,2.4883079544401716
many_moving,40,905,135.75,41.14675059324756,401,60.150000000000006,41.44632055886086,37.49241907489362,17.914303123291443,16.48503618928907,12.473355909680297,3.0519313153446634,2.453894827003007,37.74824924099172,17.756573655739867,16.19470443857248,12.201698551898522,3.354957815882499,2.4947860903491197
many_moving,41,918,134.34146341463415,41.25562514746371,401,58.6829268292683,41.56200255908252,37.59318809005553,17.872807457203688,16.428136449175092,12.374440994849419,3.0758225901986416,2.457643860358695,37.84435480127072,17.798395258000788,16.17546447955129,12.116886672313553,3.463369163497244,2.501884815540861
many_moving,42,950,135.71428571428572,41.324307014362724,401,57.28571428571429,41.67359793326,37.631306857255616,17.884803909511685,16.439376136712276,12.322855178650792,3.2316688340304762,2.4685646162808568,37.93688338009859,17.840038438808836,16.156907267181488,12.03926572142435,3.588430565760952,2.509158725589201
many_moving,43,963,134.37209302325581,41.444048073162534,403,56.23255813953488,41.771944284006,37.71027442112469,17.97317615548531,16.512447167668974,12.257355252308644,3.243329728032965,2.504836833025429,37.99301906194137,17.860783780684738,16.132799998288526,11.966022431686328,3.740008488040259,2.5288490511016817
many_moving,44,995,135.6818181818182,41.56563083972351,407,55.50000000000001,41.87859192288049,37.80764531565971,18.04422301461739,16.523292264474236,12.186400795734215,3.3354774413029915,2.512773905890074,38.100364757582454,17.928337761812898,16.15031897607465,11.909900733885538,3.8334081280176386,2.5191384486824164
many_moving,45,1009,134.53333333333333,41.661263002436705,411,54.800000000000004,41.986488383127494,37.91100496971084,17.978609402733458,16.43008952808237,12.088042310493613,3.3598147410367667,2.5058286064785045,38.19385915154102,17.994469155154363,16.272632534014896,11.829190355560453,3.896029710546685,2.5257113159629285
many_moving,46,1041,135.78260869565216,41.73702226500638,415,54.130434782608695,42.084804675265815,37.98476724191701,17.955644507297855,16.36528102001355,11.99744090687229,3.535009356251384,2.5258517762725092,38.28387129664726,18.053052604394924,16.384901062966257,11.761510521969909,3.9890723936122,2.5385863700646296
many_moving,47,1054,134.55319148936172,41.88038714470166,419,53.48936170212766,42.17766645781305,38.111451254031735,17.995505377940518,16.36843504980278,11.902815069294816,3.648534173717048,2.52711636425337,38.378991963998295,18.11062218860963,16.491785447435497,11.710361158224494,4.09915899161493,2.550633064222517
many_moving,48,1086,135.74999999999997,42.004328760845624,423,52.87499999999999,42.24581936065826,38.221278682053814,17.97716656475488,16.33613472150037,11.766876144866218,3.6933914442394595,2.5411693522827803,38.39598865714474,18.1485820801833,16.57272412189053,11.686720687025842,4.205639738966567,2.5508429052147896
many_moving,49,1100,134.69387755102042,41.98287866391126,426,52.163265306122454,42.3340843757372,38.187174839152895,18.103438024626115,16.462494812992787,11.79355880098173,3.882436562525307,2.5221405399313954,38.47293625194952,18.193928634097766,16.654951298351182,11.617626521377014,4.324961637151519,2.560836737054793
many_moving,50,1129,135.48,42.06112044693767,430,51.599999999999994,42.388330359735754,38.27125499892988,18.177434568093695,16.5802453477154,11.737174367676497,3.8915754680596835,2.5541173257726917,38.51387252422547,18.25777063694602,16.75527899602454,11.59075749945444,4.4711414659343625,2.5733115459376283
many_moving,51,1140,134.11764705882354,42.17804319333485,432,50.82352941176471,42.48261355886438,38.390912170559616,18.284533068014337,16.68478122553676,11.643462735065285,4.139093037073094,2.534505890472675,38.58199402613097,18.294900805999788,16.828034296071802,11.561118418856454,4.546695047837986,2.5887528303558263
many_moving,52,1172,135.23076923076923,42.33170990682063,437,50.42307692307693,42.57171784225551,38.5280748782279,18.35213764917865,16.790016647408287,11.559995524411239,4.173826351288657,2.5627454888367764,38.61696000446278,18.39237923371625,16.944911654465727,11.575039882800176,4.714017654770108,2.589233159317878
many_moving,53,1182,133.811320754717,42.42935216206874,437,49.47169811320755,42.658403730769045,38.62743890604012,18.36197769256842,16.83021218760233,11.51791964502595,4.354093841140923,2.5675151376839915,38.674470045431036,18.45783676133847,17.042611387099765,11.573838359344778,4.832619228358884,2.597707046598751
many_moving,54,1216,135.11111111111111,42.53109016715497,437,48.55555555555556,42.722606796405174,38.67854866721608,18.39038028426147,16.9168295898146,11.53484554396145,4.404499791530474,2.5871976829334296,38.720418479124696,18.52214724873642,17.143849297177958,11.569879648337544,4.9462677712735355,2.604842583580107
many_moving,55,1230,134.1818181818182,42.54161208847558,437,47.67272727272728,42.78241851180283,38.69533296959139,18.50574892572117,17.060601010069924,11.565266882761623,4.584811319247769,2.583773835718497,38.765977930003196,18.579581109974832,17.239327339926312,11.563268685572103,5.050019510738425,2.612416731300326
many_moving,56,1261,135.10714285714286,42.544449616404854,437,46.82142857142858,42.83656752110194,38.6821203424281,18.583959162368636,17.164097779848497,11.594260873063735,4.8057040566423685,2.5671781361845945,38.80812362419109,18.63454615087111,17.332333250674644,11.562570766037688,5.150098385131995,2.619759100065063
many_moving,57,1275,134.21052631578948,42.62882150660504,442,46.52631578947369,42.87597410841592,38.74060034540712,18.58767806201256,17.2012245481157,11.570978754665846,4.890455135196822,2.595107488879388,38.836148504236085,18.69176173876834,17.428206301220246,11.55469053192823,5.222273585521118,2.6228512297716224
many_moving,58,1307,135.20689655172413,42.6440647244199,447,46.24137931034483,42.91495596405625,38.752997222337754,18.61252248104445,17.25592538318597,11.538940508596369,5.002155906350396,2.6162039297609536,38.864906776412184,18.742030817459824,17.514779801898673,11.542771062199888,5.2746266718583765,2.6324209941502414
many_moving,59,1320,134.23728813559322,42.80317319125779,457,46.47457627118644,42.90269259829202,38.89384531230443,18.65267653866776,17.332573601383256,11.516398679445878,4.979186856043627,2.6039176995745565,38.83454465266087,18.831124782824794,17.619201451959263,11.56027098057921,5.340051387161012,2.648588508830725
many_moving,60,1354,135.4,42.845588259316074,467,46.7,42.97516737755245,38.889663787835964,18.70823765656774,17.432733378265738,11.534148151921045,5.053923201828142,2.611469695464709,38.90909906597976,18.894751328120797,17.70397676396958,11.582164710309495,5.466871473718884,2.641164387775743
many_moving,61,1368,134.55737704918036,42.80733020679484,477,46.91803278688525,42.978881075645056,38.859883521105715,18.675628134040153,17.433816172790348,11.492768342464847,4.9787918033630785,2.6189743121573024,38.9003415331323,18.950331254938554,17.808932913451677,11.614056155004214,5.588191874767413,2.6489137327427175
many_moving,62,1402,135.6774193548387,42.80978733173544,486,47.03225806451613,43.04514939029406,38.880462342143815,18.712587490729902,17.506068389044994,11.52755138819511,5.0971576808080306,2.6024312995398122,38.96078941917078,18.95842282173626,17.86261186384636,11.623812473783579,5.655592869456306,2.6731550192085156
many_moving,63,1412,134.47619047619045,42.842394926267396,495,47.14285714285714,43.1025621086678,38.890434748499416,18.797445316094855,17.61871923332601,11.526601526557382,5.282912094583181,2.62818860495087,39.022565213345345,18.98019862807371,17.91988529145296,11.641272776588051,5.7013164618955505,2.6749686087141016
many_moving,64,1446,135.5625,42.94437672652936,501,46.96875,43.122692275119974,38.97157656303942,18.833902610044063,17.680925273696655,11.525099112618461,5.422421493846159,2.6313489919273607,39.03542305840403,19.01476435811739,17.969805352261602,11.65045882573465,5.618474606592371,2.6722813274644297
many_moving,65,1459,134.6769230769231,42.944369054326046,507,46.800000000000004,43.11805509100068,38.94404687200295,18.858391420324775,17.74759886108304,11.574083405194672,5.459783670470117,2.653674805706981,39.0224148080707,19.11202462563588,18.07561597043881,11.70184705564853,5.676510797606414,2.66946510274717
many_moving,66,1492,135.63636363636363,42.965032623930945,509,46.272727272727266,43.10616084056324,38.959971618932556,18.95892474386822,17.888257043210615,11.662057100155588,5.565709351402016,2.654780956254876,38.99881476956197,19.213515761860247,18.188108908404608,11.754105950033388,5.692425804385116,2.672367035228405
many_moving,67,1506,134.86567164179104,43.10483818248766,512,45.85074626865672,43.123376172384056,39.08710886188849,18.962012004140625,17.93015376820552,11.685022483897283,5.56979805099329,2.6764633833194127,39.01787512389429,19.24070034493811,18.263934216749554,11.781756186968904,5.576174323259856,2.684694655221677
many_moving,68,1540,135.88235294117646,43.176452684188156,512,45.1764705882353,43.14410121922978,39.13519848083146,19.04701720790733,18.04764868133892,11.779890046031733,5.6875772719284186,2.6660392674456155,39.0434408410081,19.265196912994426,18.333113829187347,11.823739736402475,5.5931472980716945,2.6961833240490556
many_moving,69,1554,135.13043478260872,43.05928296593582,512,44.52173913043479,43.14865851220132,38.993971548933885,19.052773641231365,18.089181321159316,11.818899056493857,5.705005157119369,2.6527836145885124,39.04332655565346,19.31379961001535,18.41293826694767,11.869227272441613,5.6186058213999415,2.703665982490546
many_moving,70,1586,135.94285714285712,43.102089739330886,512,43.885714285714286,43.15145327102428,39.034029674091705,19.109189316101183,18.138153944045893,11.841338531814902,5.759054448395537,2.685736965002157,39.04161708195667,19.367707983563598,18.49217294306301,11.913200008573913,5.657945716442258,2.7110944720408874
many_moving,71,1600,135.2112676056338,43.12450385910908,515,43.52112676056338,43.12789065559051,39.09376973049508,19.154661131017665,18.204490490871734,11.870729708354341,5.9020206064610985,2.696557503636178,39.011961677773435,19.457049258477277,18.600851293816707,11.951049080974549,5.69888989546871,2.6983940827706934
many_moving,72,1634,136.16666666666669,43.127118871017736,522,43.50000000000001,43.17113951854353,39.096606622227036,19.22794869141487,18.32627010795238,11.955177568668772,6.037780790258489,2.693613640586754,39.061240749876745,19.46938588852176,18.632126231493714,11.998905298158476,5.763344722406223,2.7279829696367224
many_moving,73,1645,135.20547945205482,43.17407556741241,531,43.64383561643836,43.18830656839516,39.1461116071499,19.327911590060555,18.447832299384654,12.005611747241238,6.0873075203038365,2.7081277177741283,39.092432584372624,19.55984366487125,18.7418216250943,12.064326528675904,5.837923522696142,2.7061067053616217
many_moving,74,1678,136.05405405405406,43.23199883425094,542,43.945945945945944,43.19740363714926,39.21067049570634,19.471268063077318,18.58999470401597,12.054609623525385,6.175611312543696,2.7231385109544948,39.096951927183966,19.548203026099504,18.718646903595317,12.052556494028325,5.858668913331229,2.724562123768982
many_moving,75,1690,135.2,43.253580979563594,553,44.239999999999995,43.17054954705878,39.1930924320228,19.53194995174531,18.675269773154323,12.130598844235728,6.242159679424483,2.718323012188484,39.0630067240856,19.589325531486157,18.76088232065867,12.117647540861599,5.99252880406523,2.7293180227783655
many_moving,76,1722,135.94736842105263,43.23302812066828,563,44.44736842105263,43.18688364746468,39.17633593995731,19.54777315957901,18.72938622092394,12.162388726034116,6.286665258122026,2.7193898418709948,39.0638651834265,19.62097275235366,18.798390212207945,12.128821958385947,6.042353088015422,2.740992610292459
many_moving,77,1734,135.11688311688312,43.231440793104,572,44.57142857142857,43.249795525161616,39.20669148876296,19.62964013638295,18.806408900936887,12.152937713713726,6.176080689520455,2.736231685851221,39.11857252641376,19.651891598455173,18.827609617109875,12.182689260854005,6.1657214911142555,2.7422145200095103
many_moving,78,1766,135.84615384615384,43.30615610399792,581,44.69230769230769,43.186372154702795,39.281457481442345,19.682180571081624,18.84452361812517,12.178924457671908,6.175285593301078,2.7425770704919765,39.04264526566408,19.69520078359823,18.86271272615633,12.186830065560853,6.145193281643894,2.7348865210238484
many_moving,79,1779,135.1139240506329,43.24705068345329,585,44.43037974683544,43.188462426332784,39.18891427828118,19.72458734618507,18.898305394142845,12.28039762756863,6.452708160224327,2.7156052074600256,39.05556456834167,19.75977142384108,18.95203425384348,12.216577603219841,6.1393681295923495,2.738543273164413
many_moving,80,1811,135.82500000000002,43.28474071721815,589,44.175000000000004,43.222326961154806,39.21719240787234,19.711820949545587,18.869870064607422,12.272357682041347,6.446927706322136,2.73237429423275,39.133474875059804,19.80733460862792,18.992443569473174,12.196741487202774,6.171231651009413,2.7680189787595784
many_moving,81,1825,135.1851851851852,43.26282992689386,591,43.77777777777778,43.26617627299101,39.21452863817729,19.711471263761048,18.86761490950535,12.233777600686462,6.378370084592958,2.744773499382492,39.20761686092206,19.847705507287863,19.018823698991927,12.204324610072078,6.2307739376869895,2.7712742132337937
many_moving,82,1857,135.8780487804878,43.28442232522818,594,43.46341463414634,43.289612672219036,39.21042474656039,19.835593206194595,19.001009515095948,12.321163106609715,6.5004357095281575,2.7429827509004348,39.23128059897933,19.941900977648146,19.107449213174156,12.262318167266216,6.321275227086853,2.7638773466848403
many_moving,83,1871,135.25301204819277,43.25651531247343,594,42.93975903614458,43.29418059322188,39.17493752147197,19.952110859029318,19.14688947672766,12.37193182834266,6.492177696163911,2.7508300103586523,39.22285795194887,20.05780690476748,19.211166920562682,12.329583425925437,6.395896015624323,2.7601180898065962
many_moving,84,1905,136.07142857142858,43.277840477365295,596,42.57142857142858,43.26003799302789,39.154522780951105,20.052942414219995,19.225377610590968,12.422518196671755,6.449794616958937,2.74337928828763,39.190392994367656,20.16188478014797,19.31286895309174,12.37103333091483,6.48167924794921,2.7523223479839007
many_moving,85,1919,135.45882352941177,43.23697455269686,602,42.49411764705882,43.29351954145267,39.121738220531974,19.999854592972255,19.193654909104254,12.387044479162281,6.497197433587813,2.7545700515056457,39.20642083492949,20.192509731379545,19.33239739785688,12.384841837505231,6.4338599838713195,2.7577817810443834
many_moving,86,1953,136.25581395348837,43.317504587052646,609,42.48837209302325,43.33929863447538,39.20814782408709,19.99143634035181,19.186160672228333,12.421921696419362,6.606602544630874,2.7718296355756142,39.25718192337406,20.20611646527624,19.339746150949473,12.424568558295745,6.506524301441595,2.7642252410705757
many_moving,87,1964,135.44827586206898,43.35410340200098,614,42.3448275862069,43.30405566208117,39.26534948468638,20.048835028346954,19.240617338481236,12.462504765799693,6.70361247834921,2.7691479814822912,39.22514283080546,20.146240368364044,17.645958512038938,12.486029870271775,6.671028798161272,2.7582176564130516
many_moving,88,1996,136.0909090909091,43.27607510933271,620,42.27272727272727,43.31371732654781,39.20731063482032,20.14049623975816,17.691513296168843,12.517586947884453,6.827203703902012,2.762643303612034,39.20784143508279,20.212222313973765,17.720532621525656,12.531498252107912,6.718541550219491,2.757022988938614
many_moving,89,2007,135.30337078651684,43.260160896599245,627,42.26966292134831,43.29817191909891,39.22362882868903,20.056241722478642,17.63187296356287,12.520074349129903,6.825179361740389,2.7673955711776372,39.217610710271444,20.165865305428706,17.705891375891365,12.537869311573559,6.693047000564912,2.76770659538995
many_moving,90,2038,135.86666666666667,43.3150418331237,633,42.199999999999996,43.29053676299825,39.2873154420888,20.018975800531923,17.610446914044665,12.532426920809938,6.77353970215477,2.7622240990211315,39.22002454645658,20.125334763210347,17.723896816911967,12.547834871832606,6.688701531515659,2.7693725411527486
many_moving,91,2050,135.16483516483518,43.34469736960574,638,42.065934065934066,43.26141724984032,39.274644158478715,20.081799328486667,17.683840372712258,12.604667855177198,6.8257751272543805,2.760763076514322,39.19070801619584,20.091536614091627,17.69063445860848,12.578514604616304,6.789464514509104,2.7632206244254727
many_moving,92,2081,135.7173913043478,43.30618812671418,639,41.67391304347826,43.263778262063205,39.21907910974559,20.084489173167174,17.669977558980964,12.653214350882966,6.873754004630015,2.7778354765569695,39.19062019524026,20.10009201584772,17.71821975089022,12.595081698281511,6.78648117069629,2.767325375788038
many_moving,93,2094,135.09677419354838,43.2808250379114,640,41.29032258064516,43.25708857523797,39.176728540078,20.104941034615585,17.733557546784613,12.633336548203456,6.847983899146071,2.7680425227227263,39.183500270507054,20.11207637127077,17.7308377913442,12.628737331198055,6.826637176800381,2.767603503917968
many_moving,94,2128,135.82978723404256,43.249946539491496,641,40.91489361702127,43.24956913121462,39.17590034715043,20.02540673871997,17.67891892761495,12.66821375890881,6.9609089064579,2.7612974350903228,39.177168037800875,20.10965965500796,17.735611823606636,12.639092568357064,6.826336568896394,2.7691050346992125
many_moving,95,2141,135.22105263157894,43.304104835824006,643,40.61052631578947,43.22922554723177,39.232439090694456,19.979556302508332,17.64832140193038,12.689515642439812,6.927754085951981,2.765095169279562,39.15339088892087,20.101209184424484,17.73512283477145,12.664063256856009,6.856928926623654,2.760503989579648
many_moving,96,2173,135.8125,43.30746956682373,644,40.25,43.2231093052022,39.27448008908526,19.97263586793597,17.636740772229775,12.648599696942526,6.93085244747914,2.7713595346184556,39.14724746930839,20.10037211578268,17.744113017264944,12.677537292791584,6.858301175109579,2.7613705678867015
many_moving,97,2187,135.2783505154639,43.27744177126319,647,40.02061855670103,43.20504901887369,39.246059596415186,20.030500800516393,17.707166761760142,12.61838883510317,6.901472831126479,2.767857276166684,39.119545531552234,20.03676597569361,17.6688518547834,12.694000764740975,6.802801850011065,2.758542160583238
many_moving,98,2219,135.85714285714286,43.302274089889586,647,39.61224489795919,43.21161979650317,39.27061417364456,20.007916350875302,17.705544933827916,12.627212199263194,6.826345845332115,2.7673937150558605,39.129445298697135,19.983861177663357,17.616055092368914,12.687529469405982,6.762021395887676,2.76183460160348
many_moving,99,2231,135.21212121212122,43.2245079854155,652,39.515151515151516,43.236134169596085,39.180882710657016,19.970857188039847,17.623501169496443,12.618396027269329,6.846782209562617,2.735676998605914,39.16380155749641,19.94074032140839,17.583009262463616,12.687279637771272,6.7813482878350415,2.7768609485637614
many_moving,100,2264,135.84,43.26496541081045,656,39.35999999999999,43.22514094329047,39.25282843726817,19.969194304465407,17.66703948615562,12.592878195502287,6.734634173893042,2.764795700275964,39.151336868361376,19.937000117218737,17.57763185988327,12.700207774474233,6.791412041077338,2.7519655332012483
many_moving,101,2277,135.26732673267327,43.222287272743216,661,39.26732673267326,43.24108770966376,39.22289333125259,19.95792836310955,17.75031374202373,12.601552128257913,6.757766908655328,2.7532949729818212,39.17530949460661,19.923151370313214,17.565069245107427,12.697908734386015,6.795088967669163,2.7677475147799724
many_moving,102,2308,135.76470588235296,43.109155596693874,665,39.11764705882353,43.24684389017405,39.10717932979439,19.93076864200818,17.662440597051773,12.612878042807266,6.8064948981630256,2.7542154545088273,39.18706435364339,19.900808014797924,17.54062592228794,12.690137137506685,6.80117491111026,2.7657720270461543
many_moving,103,2320,135.14563106796118,43.17866738485837,670,39.029126213592235,43.259948829402816,39.16458544332336,20.01684366430722,17.76351360517981,12.690010364530833,6.912097117038935,2.758828641127579,39.20631645198918,19.92440818078354,17.554371898189984,12.682664982499162,6.747197475666701,2.762704523582715
many_moving,104,2352,135.69230769230768,43.158399019263044,675,38.94230769230769,43.243537342386404,39.142296111385775,19.982657316005763,17.66375951619605,12.692430186226574,6.89409022083488,2.74607462728951,39.19156372557785,19.918669780874392,17.548162388143048,12.700167761695951,6.786015546194789,2.7676577905820925
many_moving,105,2364,135.0857142857143,43.11952947865508,681,38.91428571428571,43.24447029497898,39.11308138648606,19.91650343812571,17.5952049036405,12.626267072213901,6.672232688015262,2.7562985716637973,39.20067249645896,19.909580389805225,17.548092335386126,12.703664623127715,6.788672593405975,2.754831298379291
many_moving,106,2397,135.67924528301887,43.1558756613471,681,38.54716981132075,43.275992288867,39.17863714465782,19.88984566153237,17.66490423493827,12.664161594135352,6.742177656893367,2.753250444282025,39.244967008874006,19.92483277581249,17.55299459093484,12.73905705944728,6.85329898787756,2.7613594847794327
many_moving,107,2410,135.14018691588785,43.11249632588389,682,38.242990654205606,43.28166356097142,39.1516531137165,19.87425162377779,17.627703601272994,12.684811282866137,6.8725624484442775,2.749454823459923,39.258800016224484,19.912839319138165,17.54310651808794,12.731073663126537,6.837736620876343,2.758107470996158
many_moving,108,2443,135.72222222222223,43.14882816846119,683,37.94444444444444,43.26071594268083,39.19031005925021,19.809470600176574,17.541370686623477,12.66563580689179,6.756221305635989,2.7665763994902903,39.24009289410206,19.919635707073788,17.53360144200846,12.736593297368563,6.836816520252474,2.746257954530744
many_moving,109,2457,135.24770642201835,43.09844139829889,684,37.651376146789,43.269082115737554,39.11543241801819,19.915682185039664,17.655389593271416,12.773109075100281,6.952826517951989,2.7530336346203383,39.255499870996374,19.91411524567954,17.527004559929992,12.72913225803077,6.818594200162113,2.7458641303146103
many_moving,110,2490,135.8181818181818,43.164791109794194,685,37.36363636363637,43.26876475737504,39.15724723660512,19.9419136678341,17.65391432253537,12.761422375368701,6.853315035741779,2.752067564326719,39.266807541087715,19.91056008699758,17.52165733758302,12.71707213026202,6.799786368232503,2.754889555348467
many_moving,111,2504,135.35135135135135,43.11911390234683,686,37.081081081081074,43.25670098706317,39.1453957926867,19.881539019508548,17.643466661350455,12.721028996733981,6.803620554872725,2.734472267631268,39.263271863062116,19.899072334844636,17.508297207629926,12.715492970199342,6.803746842149892,2.7522077414426436
many_moving,112,2537,135.91071428571428,43.11600890648824,689,36.910714285714285,43.270613201008494,39.15911858183441,19.925312221002095,17.700310000300096,12.723125476617815,6.862959359881394,2.750873483266461,39.30262684048118,19.922840805818186,17.562148955014322,12.694212265004927,6.808748028523022,2.7592869520111876
many_moving,113,2547,135.23893805309734,43.162083885041575,689,36.58407079646018,43.26428312537277,39.22836100741801,19.888874483026633,17.662017501914157,12.74126439496691,6.948378361406244,2.7567888920749586,39.315115803390874,19.928196369651218,17.580468334111792,12.687625656457522,6.834455478738327,2.7564219285757403
many_moving,114,2580,135.78947368421052,43.128577085641936,689,36.26315789473685,43.26352743572159,39.19317480349592,19.85182063994779,17.611137555218093,12.76868152034031,7.032032278671204,2.7566966197917524,39.327365832165334,19.931972291874413,17.594088848218355,12.683115404374874,6.8450022244215365,2.755077423340077
many_moving,115,2593,135.28695652173914,43.15962488021211,689,35.947826086956525,43.25961871288377,39.223710075512614,19.888317431013895,17.679855207552002,12.707842392477556,6.9171785349254105,2.7628483986658643,39.33355422143406,19.931172592076315,17.598341851652524,12.681768139520743,6.854606440559841,2.7534263467353357
many_moving,116,2626,135.82758620689657,43.09735033231012,692,35.793103448275865,43.216176340028,39.187018172765576,19.80155414572408,17.620848316963333,12.734609661505589,6.947560978225033,2.749249000691162,39.298487264199544,19.903336741731543,17.565578932650265,12.651834180167485,6.778532407891633,2.7507019337907725
many_moving,117,2640,135.3846153846154,43.08408980966837,699,35.84615384615385,43.22987945144166,39.18779800726545,19.856153156606286,17.650531865895804,12.790455453550523,7.082473121141182,2.7453080853857736,39.34015264269574,19.873213454284365,17.542359152753342,12.64108179853524,6.786454775185758,2.7515989557883103
many_moving,118,2672,135.864406779661,43.06875341319619,710,36.10169491525424,43.26189731046088,39.17184467915663,19.83214305238893,17.612201237773913,12.812029550334891,7.161516055930444,2.7360997680282346,39.32854826256773,20.06839325616455,17.733791049051483,12.691895023185182,6.935532775799836,2.7592844035413715
many_moving,119,2685,135.3781512605042,43.10084189557741,720,36.30252100840336,43.26850172844252,39.18519252437485,19.776066902223178,17.545246734629774,12.779353855994229,6.994464687767551,2.7420520926003533,39.33138306826884,20.129422045740352,17.775388630085505,12.725607705501272,6.944751638150538,2.7650287254199397
many_moving,120,2717,135.85,43.16342376321442,731,36.55,43.18352775172912,39.26302052881843,19.84564388601859,17.65523790741981,12.752852653842224,6.992611408515917,2.746233038842342,39.25346401745403,20.10425283504214,17.718496577032965,12.723519319309005,6.905994082143522,2.7398547815808607
many_moving,121,2730,135.37190082644628,43.13319634715486,759,37.63636363636364,43.17248740221299,39.25531072723572,20.039780782095143,17.671794479646127,12.937460924178302,7.0773999020593354,2.718575461215717,39.27806510385266,20.311186731730604,17.808761057743048,12.783530019865346,6.713411674794108,2.736427074506028
many_moving,122,2764,135.9344262295082,43.231211052748726,792,38.95081967213115,43.170453443828855,39.40311812852699,20.248402380579783,17.847967508881865,13.093609841668131,7.038811289780449,2.734564181028272,39.33039366891215,20.56340829284093,17.922457589379906,12.872891309497781,6.800899305697231,2.7178070774003538
many_moving,123,2777,135.46341463414635,43.21036160842269,826,40.29268292682927,43.20903546884009,39.451250253415395,20.356554367603902,17.912775994476235,13.179230813936488,7.304824249236156,2.69466177785335,39.42933986327656,20.88169263570296,18.099412795449044,13.032694119271515,6.90949011331367,2.6990117039577606
many_moving,124,2808,135.8709677419355,43.153968069070444,861,41.66129032258064,43.16595222600697,39.468727677258386,20.409107740766895,17.91714967276987,13.274491616772199,7.100311283744757,2.67615769846392,39.45261371496823,21.04883304596174,18.15199006954084,13.14778783809762,6.900528587771908,2.6781845970666778
many_moving,125,2817,135.21599999999998,43.14352977172467,892,42.815999999999995,43.04357686082342,39.51360825589984,20.60189595333396,18.048310944732556,13.334756075436616,7.205364648215303,2.647732368022164,39.40179763403141,21.162349841786853,18.214306199923733,13.32128950469657,6.930759567604148,2.619519548870446
many_moving,126,2848,135.61904761904762,43.089635757294936,925,44.047619047619044,43.04214133692173,39.49026015621111,20.768183193492458,18.18163974708124,13.48727976525854,7.372876662667301,2.617739778397095,39.46578670352058,21.44190739602328,18.487116286946303,13.417945765009641,7.357136958128829,2.616293805967568
many_moving,127,2860,135.11811023622047,43.05295423815097,957,45.21259842519685,43.000800413544695,39.52588034236948,20.928454002697602,18.346299687008134,13.64190240311593,7.278334450364301,2.591573591794136,39.47608034142455,21.6574489167782,20.346149700833458,13.56970369440892,7.374267211886054,2.581685234173342
many_moving,128,2891,135.515625,43.02813023655203,987,46.265625,42.96289289101767,39.55601160641483,21.088297601432053,18.510346906215908,13.803329018519745,6.92887695325791,2.579836856622525,39.50166865923343,21.724698862955304,20.340832112418813,13.731087285128675,7.392567148539433,2.5408667883209284
many_moving,129,2902,134.97674418604652,43.07538165231853,1018,47.348837209302324,42.915057004792345,39.67175472000607,21.21778109900217,18.650458691440406,13.986983004977938,7.733313923023337,2.511259797393411,39.52016368546414,21.840673726029618,20.384119969100894,13.890505439828434,7.368722437934691,2.5123543008839717
many_moving,130,2931,135.27692307692308,43.13550651332172,1049,48.415384615384625,42.986559672467415,39.81975756843066,21.326333156122768,18.761960948273963,14.116867860918063,7.443349443312778,2.5088839024292144,39.64762127962768,21.883908512917543,20.355194846943782,14.02759173969094,7.457291360040883,2.4949065866652393
many_moving,131,2941,134.7022900763359,43.132928273786824,1082,49.55725190839695,42.93885470025987,39.855650098105905,21.433071664771514,18.800535123562895,14.250054220388213,8.28848475799588,2.487457620539495,39.68351889283552,21.951239566475795,20.32001002383317,14.139087527546037,7.560207789584692,2.441752623273579
many_moving,132,2970,135,43.19656748164511,1110,50.45454545454545,43.031069058860055,39.92277793388198,21.609814284301773,18.90025350514543,14.431327823631465,7.95748193420665,2.499075453608956,39.81475306314813,21.936143880331038,20.204381329330225,14.267258016420728,7.681248782193976,2.4414169239887595
many_moving,133,2979,134.39097744360902,43.2659316246215,1142,51.5187969924812,43.06584110786964,40.017805887016095,21.721530182582406,18.946388736081655,14.625949260942546,8.862355583985147,2.5003494090314278,39.86959398303209,21.968414076372618,20.168528643192168,14.491892377453109,7.81864572243693,2.411705998025909
many_moving,134,3008,134.6865671641791,43.31087311357323,1174,52.56716417910448,43.13776138894675,40.06898998576936,21.794099766583972,19.02664960328776,14.870281008343724,8.591078708760808,2.4892666520990225,39.972429651640276,21.9480732035143,20.071765407805533,14.665469346369173,7.954109313821823,2.394317648029662
many_moving,135,3015,134,43.31003254102405,1204,53.51111111111111,43.12302634090959,40.085280465640075,21.84642664187272,19.102316570388076,15.03950935787266,8.86121278504909,2.507571561716516,39.9885058194113,21.90106755862408,19.946713747250772,14.803259819388593,8.110823818828662,2.3569496555153213
many_moving,136,3044,134.2941176470588,43.23271405519169,1234,54.44117647058824,43.089008928575424,40.02526569448725,21.847228058301,19.146236822307962,15.198739188497665,8.61623029850576,2.51999189402341,39.94408292503023,21.8911173410962,19.914087611466062,14.920395808186022,8.142318817901831,2.344358087892495
many_moving,137,3053,133.7080291970803,43.186149464757655,1265,55.401459854014604,43.053825381241026,40.05558689780756,21.86359802780092,19.24012812468187,15.306192882816436,9.56059368738665,2.5193772965093495,39.93703947394815,21.840567314941165,19.839580943057676,14.986667078498698,8.135400993542751,2.347208156429464
many_moving,138,3082,134,43.14137707581892,1296,56.34782608695652,43.03271774581273,40.042045967086665,21.898930866425708,19.329321467694648,15.43136418343273,9.30898067131561,2.6396090269935217,39.9369516378235,21.79471952765679,19.797631043915285,15.04367851501401,8.086322447376336,2.354439452304186
many_moving,139,3091,133.42446043165467,43.10508171261407,1322,57.06474820143884,42.99949962068993,40.00611497561011,21.978099860879553,19.44614522777605,15.562458553642843,9.344594799879514,2.5538408506913512,39.934400830990036,21.738776814257527,19.759134392837023,15.102680219956254,8.00742387993096,2.35001001406561
many_moving,140,3121,133.75714285714287,43.094243923726125,1349,57.81428571428571,43.02441098151387,40.02478996010793,22.081645612927453,19.603912063956294,15.645633442196642,9.061066374946114,2.4002606100551596,39.972622279861405,21.658534902600987,19.69938409363194,15.1456221963413,7.921665068511674,2.251997777772639
many_moving,141,3130,133.1914893617021,43.05081409441996,1377,58.595744680851055,43.01362377446542,39.9946803033738,22.19735098830416,19.748296566906934,15.709002757098773,9.184114529539226,2.2306543502233884,39.98509863022574,21.635232391261905,19.70103487050385,15.191703428381789,7.77170017756148,2.136592297882753
many_moving,142,3159,133.4788732394366,43.04435599941183,1404,59.32394366197183,42.99044543935594,39.98849080236338,22.334316389860525,19.900294507110967,15.800872509759447,9.000831486238312,2.2152193082454223,39.984825236363356,21.60914173100619,19.731192329333634,15.264299981451796,7.628590553763672,2.1566248200047076
many_moving,143,3168,132.92307692307693,43.06156088929571,1432,60.08391608391608,43.037820568470636,39.99417972714238,22.51406744078918,20.023489973322093,15.92528210206348,8.922642190307496,2.2172625466705655,40.05118120354736,21.601164478612265,19.758119384159876,15.35734456864031,7.616062103308838,2.1250645102255845
many_moving,144,3195,133.125,43.05517496668501,1459,60.79166666666667,43.06313662249276,39.99704773743963,22.48587427379034,20.869943279234608,16.057603292161875,8.81325888533284,2.2293859910207745,40.094256459763535,21.59789307411201,19.820774387716202,15.515602631019448,7.422884651329868,2.098085536988095
many_moving,145,3203,132.53793103448277,43.077209670284276,1485,61.44827586206897,43.11110182832552,40.03711766529189,22.43202089493219,20.87391555866391,16.210404246955196,8.769154131168516,2.199492954318763,40.157181693717504,21.603798509179352,19.884253408340804,15.706994090850552,7.757822965353764,2.08501558362618
many_moving,146,3230,132.73972602739727,43.05562808842266,1515,62.26027397260275,43.19087233928076,40.03552061161726,22.384293418219873,20.878400430563534,16.343604994722362,8.546417013622754,2.1937106943202083,40.24680769586626,21.608912542458032,19.95633048369171,15.859009205110006,7.522383958764331,2.094794444950433
many_moving,147,3238,132.16326530612244,43.07634484009035,1544,63.0204081632653,43.321282094686346,40.08418325180095,22.362059760301456,20.90895919253051,16.491509981691745,8.236118709748531,2.164186760081054,40.37679878174002,21.60836559767673,20.028077514827565,16.02114376835429,7.0376952048159565,2.0728645810254758
many_moving,148,3266,132.40540540540542,43.08340439155027,1576,63.89189189189189,43.41549966509548,40.081829471806024,22.392431675427574,21.01511528857051,16.641334561632142,7.813358932173055,1.9839988510505182,40.45065161884182,21.647713876415445,20.14025837368898,16.163967733542254,6.748514956703086,1.9701499931618727
many_moving,149,3272,131.75838926174495,43.15637611789069,1608,64.75167785234899,43.565730316580485,40.160537266878464,22.473708899368006,21.154643254045773,16.8132877139956,8.16204292279099,1.7342960347807552,40.58957494177985,21.683451885858425,20.246157123461806,16.29875478337656,6.878527494230317,1.8424162468272092
many_moving,150,3299,131.95999999999998,43.24706490277572,1638,65.52000000000001,43.66445207402211,40.260367518001345,22.54733753226642,21.273921921169084,16.988033286169024,7.873642781458884,1.7045650296852215,40.68762872600234,21.726489839300665,20.33832456440939,16.418598346861227,6.511361741124967,1.7897836886839753
many_moving,151,3306,131.36423841059604,43.357051645931904,1665,66.15894039735099,43.7882080198562,40.39067951742316,22.592993353109097,21.361133942788552,17.081973789754624,7.3683391519073265,1.5566739766997868,40.85057387827523,21.710472588743293,20.351087980363108,16.430174308356825,6.125548909929205,1.7067943817416686
many_moving,152,3331,131.48684210526318,43.44420525700155,1689,66.67105263157896,43.86968763727433,40.47480656968322,22.625960523702727,21.444176132641253,17.153879538840375,7.075667153629972,1.5872389781597098,40.961655653913496,21.684051545986467,20.37441098660303,16.430454616495506,6.018059104565843,1.6325073911854944
many_moving,153,3335,130.7843137254902,43.56184114105503,1715,67.25490196078432,43.90552857866607,40.57680040397274,22.65428785682688,21.519055370905065,17.20592442351143,6.3675028495233725,1.5725665046316397,41.00703130825824,21.713760269968088,20.45444233405353,16.46911304499779,5.598745015744737,1.6596247125340255
many_moving,154,3361,130.94805194805195,43.665612540171416,1738,67.71428571428571,43.94676136295446,40.69977545384056,22.684610196477443,21.567152420447393,17.26585421740441,6.200368366375111,1.5858689958903143,41.05444583452118,21.747659371910043,20.5317417952976,16.51465460079176,5.213481145019991,1.6826690541706124
many_moving,155,3366,130.2967741935484,43.730634324441944,1761,68.16774193548386,44.00607353608414,40.73882883252168,22.784744506301358,21.692955021630926,17.411335700728845,6.732440491956526,1.583682764861772,41.11088032671192,21.77004819906831,20.59554819356688,16.58981724291995,4.896591684508434,1.7101003907885368
many_moving,156,3391,130.42307692307693,43.76339824601956,1782,68.53846153846153,44.038087299588305,40.739455593947255,22.861223896128653,21.800641767577467,17.601504424007995,6.610117338183455,1.5504408515620949,41.14060753105319,21.788952220070676,20.64839453607786,16.662729742597303,4.688206526399282,1.742493355319041
many_moving,157,3397,129.8216560509554,43.851168989352146,1800,68.78980891719745,44.06052721332332,40.78295415856347,22.986081880018993,21.945146487843754,17.71018214773964,7.103823835716867,1.5108843831646037,41.15605750233959,21.780601714738015,20.671508642387952,16.786876190858344,4.65123375289439,1.7835453657253233
many_moving,158,3424,130.02531645569618,43.95039447519029,1817,69,44.11747275438401,40.85905846439404,23.084084319903827,22.053039683464842,17.844470496120156,6.369955593048354,1.6398293298548272,41.2001593876701,21.820220836631673,20.74009224748225,16.893588497952155,4.7238956304841695,1.8183235583345223
many_moving,159,3431,129.47169811320757,44.05468096100131,1839,69.39622641509435,44.16759841739274,40.91964585110445,23.187532718391918,22.177964137745704,17.943718234450262,6.35914571137107,1.762385915075713,41.23187513853699,21.852247300749635,20.796710999365636,17.006491348272128,4.381220143861251,1.883767410984201
many_moving,160,3458,129.675,44.19535291437664,1862,69.825,44.24800123540909,41.03321148305924,23.28093380255667,22.278749048414625,18.049659795818908,6.565650508376287,1.8367287167573185,41.28301225058017,21.89428863151205,20.86229646282975,17.12492634302602,4.5146129030763005,1.9282225525484373
many_moving,161,3465,129.13043478260872,44.270504940626786,1885,70.24844720496895,44.3187517111813,41.08657397554495,23.38841036467527,22.383512557293663,18.196471683438862,6.8424217981402675,1.8993861623210457,41.3287723614589,21.88537907227744,20.87547522567488,17.244749565215667,4.5792299959457266,1.9241484978682888
many_moving,162,3490,129.25925925925924,44.42337865475008,1907,70.62962962962962,44.38602280836509,41.17335229843867,23.516549675554618,22.51831480725354,18.34002415583169,7.045609156382325,1.9872205763076825,41.361389829002015,21.88375577926457,20.894058983694116,17.34850833542864,4.956376179681497,1.9261789159178513
many_moving,163,3495,128.65030674846625,44.53865037273029,1928,70.96932515337423,44.512549704071326,41.241784191409394,23.631834855664618,22.642120952585692,18.433675869653936,7.167501183377732,2.034459639332112,41.44895223046897,21.898158325015235,20.92319143669156,17.44995595228985,5.097977968807777,1.9695371334801564
many_moving,164,3521,128.8170731707317,44.67132229730283,1954,71.48780487804878,44.58976372130858,41.29724559414468,23.779011692397045,22.803045165094108,18.52247139228564,7.257153787072378,2.088638707374156,41.486062815272156,21.977135123816034,21.006190100968553,17.525755877908047,5.345478886707274,1.9908007184692407
many_moving,165,3526,128.21818181818182,44.82944496503399,1980,72,44.64692216998858,41.41036298961597,23.903919195804043,22.917864406980776,18.598747314811646,7.488068753767207,2.1473877575382443,41.494304202970845,22.066253515309942,21.110193816115416,17.59397692310798,5.772925893068166,2.0349245182399613
many_moving,166,3554,128.45783132530119,44.857170071908754,2006,72.50602409638554,44.760161611027655,41.403927369028494,24.05861907993896,23.06782575145936,18.70671844127816,7.096622289565557,2.1796434642852835,41.550129452022844,22.116055851519512,21.173098751356456,17.69970178081227,6.160769554661034,2.0397877158986755
many_moving,167,3563,128.0119760479042,44.86194964878515,2035,73.11377245508983,44.76132659255162,41.409628642349425,24.23079930276867,23.222227626258416,18.701494158776338,7.483469792933658,2.2313387356254957,41.51372437148396,22.151149382086828,21.210288121842485,17.738020280892957,6.585124024751219,2.052074630434223
many_moving,168,3591,128.25000000000003,44.89190684441703,2061,73.60714285714286,44.76015739928667,41.40828357075867,24.413961005265158,23.398892839712147,18.704115522916407,7.631082909946384,2.247861582184715,41.47796515775988,22.27565381281858,21.330964568288906,17.75845987377277,6.9733652979288125,2.0945113796184067
many_moving,169,3599,127.77514792899406,44.90415991151866,2089,74.16568047337277,44.815799543836654,41.3879377352886,24.608319738693034,23.586921518832643,18.72615003485842,8.147460998384737,2.2260675970634978,41.49706892841378,22.38955218962541,21.443156181725094,17.782085428662654,7.31639734529284,2.09059656672941
many_moving,170,3626,127.9764705882353,44.884848792569684,2110,74.47058823529412,44.79210151456041,41.3770841159794,24.616409940037773,22.20924722413136,18.71838866862321,8.257917522635568,2.2377075213720428,41.43687570698676,22.494725667394935,21.551495689507696,17.81933316484992,7.609346850423847,2.121310526034217
many_moving,171,3633,127.47368421052632,44.87282376176617,2131,74.7719298245614,44.7689537432305,41.32385346635707,24.583225399438195,22.20522206979611,18.697617920850966,8.514149796575053,2.2480383183852886,41.39584936256184,22.68676787394675,21.721164520905894,17.83200323569414,8.070878746799217,2.131687242317435
many_moving,172,3661,127.7093023255814,44.83289651651316,2152,75.06976744186046,44.751241246688245,41.288476237662884,24.550826552767212,22.211865369475127,18.672186261452353,8.658118703758346,2.2371177785457217,41.35142965723482,22.835471949328575,21.859070137278916,17.858637276722035,8.311459840517518,2.1006602727821235
many_moving,173,3666,127.14450867052024,44.81278290539136,2173,75.36416184971098,44.81699939237044,41.25087282175577,24.514732296909,22.18224981158947,18.629964238427487,8.968749286625021,2.2006130250436002,41.38646894032353,22.914881555166726,21.924385463602263,17.857443569713336,8.569025975477723,2.0977595430403393
many_moving,174,3692,127.3103448275862,44.74964215909275,2195,75.6896551724138,44.83964540045641,41.24354362915521,24.435248167713876,22.130538343032544,18.63419966324413,8.8065365655509,2.199742339231626,41.38643611073783,22.994665119025576,21.99175894226553,17.851318241340227,8.649687806400516,2.0715933387391594
many_moving,175,3699,126.82285714285715,44.712543804889954,2220,76.11428571428571,44.84418616773047,41.210886654926355,24.44222936074808,22.221862247495995,18.634185159455843,10.090116254767205,2.2568683125286357,41.35677467192601,23.034521856618607,22.042771050158724,17.84782843993046,8.588704351783036,2.022485030940982
many_moving,176,3727,127.05681818181819,44.6898957844947,2248,76.63636363636364,44.91006997132806,41.172742510945184,24.300032433289584,22.166826119983686,18.63422214539672,10.007350754773775,2.1954706687562084,41.40283081595631,23.0767905378129,22.06536544641854,17.8880032896863,8.500759740067513,2.021195074230847
many_moving,177,3735,126.61016949152541,44.65794282090296,2270,76.94915254237287,44.92250994796665,41.14667186063832,24.175751477962574,22.06909457650053,18.63068159249782,9.95538795219003,2.1190007242148736,41.40364976533506,23.129116430672177,22.07168855926919,17.908436311019354,8.422555170475238,1.9989120498283575
many_moving,178,3761,126.7752808988764,44.62919327048037,2291,77.2247191011236,44.94531763819398,41.11624551344873,24.05198266947151,21.962877762316108,18.629753370166764,9.707543240024426,2.119314640619171,41.42716515109034,23.17467948680478,22.076156970909107,17.92070053687459,8.262700126141771,2.017752304569165
many_moving,179,3769,126.33519553072625,44.660745360024215,2310,77.43016759776536,44.98416702202674,41.12758011907583,23.982721118546884,21.879157325102142,18.605734593817857,9.705018360533462,2.113609797202109,41.470303136206965,23.202473468977438,22.065970517933465,17.93994606850812,8.129249063158882,2.044396254854622
many_moving,180,3796,126.53333333333335,44.67892037275412,2333,77.76666666666667,45.002001360977545,41.14178656487079,23.89101317966244,21.773500980053832,18.616952704632464,9.401894986745319,2.1034699429348342,41.47094430419234,23.2708430455771,22.12649610428012,17.988790792724984,8.122777660183834,2.0608452331559963
many_moving,181,3803,126.06629834254144,44.62612291800082,2341,77.60220994475138,45.04713040699558,41.08239420691608,23.800261830883453,21.698771183727597,18.594315354840926,9.418148415985428,2.1158209620577875,41.52023236399003,23.278561102335225,22.09004739412928,17.958102620149123,8.051918659402025,2.0607971754214063
many_moving,182,3831,126.29670329670331,44.57911766406019,2344,77.27472527472528,45.080189973731066,41.03726801199604,23.694014032039515,21.591690166681865,18.558199598419296,9.18768465278622,2.1172078770584113,41.5467535918918,23.28421284292132,22.066748229375882,17.92213529280683,7.9175402494010285,2.056715031811245
many_moving,183,3838,125.8360655737705,44.62664675085504,2344,76.85245901639345,45.12003578432154,41.10582548878594,23.592637246563637,21.46593874224048,18.537425472149664,8.996149421647187,2.102253562228496,41.577312492421676,23.290013320311814,22.05619044688384,17.879062684956708,7.829691092022423,2.0659181286767705
many_moving,184,3866,126.06521739130434,44.670799753639116,2344,76.43478260869566,45.165494580382465,41.17374416437956,23.49604238254039,21.340191439661343,18.489378295951575,8.921469117679507,2.1102601794281304,41.61306041402044,23.297588137871628,22.05512535170502,17.832088358360348,7.767746691713906,2.074698245341055
many_moving,185,3873,125.6108108108108,44.5897360054227,2345,76.05405405405405,45.21576050396167,41.12014121520268,23.332304221252482,21.175535250210977,18.50195928381877,8.719068791420346,2.0834969814420385,41.65470621051556,23.30363794137838,22.05941987398615,17.78313111215955,7.71637221970193,2.081068140781135
many_moving,186,3901,125.83870967741936,44.575200502983776,2345,75.64516129032258,45.2693747849084,41.10409985463989,23.231860056786914,21.070617676654372,18.45884563590124,8.545935970521294,2.1144630092966485,41.701694268570954,23.312533510733996,22.068110704756634,17.731807823572346,7.673915443402276,2.0888696400153126
many_moving,187,3909,125.42245989304811,44.602515286398294,2346,75.27272727272727,45.32383648875682,41.13130737223564,23.14952516887883,20.987872262823497,18.42482269490565,8.255623173692452,2.117561068127143,41.75178232786199,23.324723684761498,22.081980947166215,17.679545446029884,7.6356653464479605,2.096245546229649
many_moving,188,3937,125.64893617021276,44.711623846586,2346,74.87234042553192,45.378109309373045,41.21581049311862,23.107903450149344,20.93473849887059,18.33104918077924,8.205947133813133,2.148312420463469,41.803782420120825,23.340123357014633,22.100841790151733,17.627110609697947,7.598747323337907,2.1032205374168265
many_moving,189,3943,125.17460317460318,44.69989888369263,2346,74.47619047619048,45.431636589846775,41.239576735071864,22.947901290924392,20.789499672023858,18.25387049756437,8.000675469386188,2.16623775503846,41.85672449159209,23.358714802206904,22.124709328422703,17.57513229150699,7.561147677957828,2.1098420088460514
many_moving,190,3971,125.40000000000002,44.73286764046393,2348,74.14736842105263,45.403736150836444,41.281939427175224,22.831466200235994,20.674997053448436,18.186578873230733,7.8877263633823365,2.15742204820501,41.859736070111204,23.378352725790613,22.15791636226053,17.551737805493012,7.409778745739875,2.1130074587483554
many_moving,191,3977,124.93193717277488,44.78054958084686,2356,74.01047120418849,45.453196352832194,41.34520083421593,22.713585623726118,20.564565941485043,18.140653373117917,7.899794957879845,2.1651268104804497,41.93041063115403,23.350915701704615,22.138014403476642,17.502230173038612,7.900319724783014,2.117749045156419
many_moving,192,4005,125.15625,44.88624097587981,2364,73.875,45.48191898870892,41.44022268223273,22.674201423868585,20.514348439220164,18.06858831293876,7.854673161915343,2.1840191786284366,41.97998727267405,23.29530503992138,22.098947628952043,17.491642758529682,7.735270183688007,2.1020433082236476
many_moving,193,4013,124.75647668393782,44.860815767751475,2372,73.74093264248704,45.41054374650101,41.44132925846679,22.552160108065575,20.38974580249311,18.020945792027597,7.7323754588926,2.175017286493479,41.9258835077932,23.35101455558013,22.152400181346668,17.48746766390815,7.685677222003806,2.1123405296095896
many_moving,194,4041,124.97938144329898,44.897303430900465,2379,73.57731958762886,45.37148149734138,41.48577175162402,22.479050005162318,20.308348558559754,17.959016183014896,7.647556995900562,2.1965049859932253,41.90989929620674,23.39556722222197,22.182257267344546,17.42713270297861,7.692918990543488,2.130600327016765
many_moving,195,4046,124.4923076923077,44.952866702484904,2390,73.53846153846153,45.37193932453141,41.560542357175116,22.37474877909332,20.19667034987248,17.893170725193855,7.459495556637222,2.1697594812008942,41.93042127852878,23.342038123862512,20.733482344792264,17.384098540212243,7.703431169513066,2.1305707800904554
many_moving,196,4074,124.71428571428571,44.939460198982815,2396,73.34693877551021,45.3744951872469,41.5653897663984,22.264166110558865,20.08440491384931,17.854192419275126,7.239098275980604,2.1566988752392033,41.95103158853343,23.293482849538155,20.705785291959227,17.364082587407843,7.636774811868516,2.14123517578226
many_moving,197,4082,124.32487309644671,45.01755433192716,2400,73.09644670050761,45.37641202234146,41.64478761492616,22.201551277328047,20.016034507261434,17.79564980444141,7.17575671912507,2.1716250304137072,41.96194248119913,23.279507610261668,20.704447702178637,17.33912405464922,7.7133985873982605,2.1546502409815718
many_moving,198,4109,124.51515151515152,45.09191039186183,2400,72.72727272727273,45.407353751016196,41.7266202907722,22.130097239697015,19.936475642902685,17.741417485996163,7.18777718608219,2.2039702858723142,41.997340851243834,23.276530674402743,20.699816799361447,17.312542625898637,7.770611082119036,2.1568462395339156
many_moving,199,4116,124.10050251256281,45.0641680771465,2400,72.36180904522612,45.44579872375597,41.751758905476606,22.001307044853558,19.837074485425354,17.753834633567692,7.142743595057743,2.19558653082302,42.03759499106401,23.272393641816347,20.688735570042535,17.2818667278615,7.8199457075643535,2.1580158058019814
many_moving,200,4144,124.32,45.10691600511888,2401,72.03,45.473966125575984,41.7748174597743,22.03431188613367,19.845197547947176,17.74320759761072,7.2080675200504025,2.1988654599078505,42.06712800889101,23.266291113266732,20.666652194627165,17.248474394557014,7.9028242166694564,2.1614893868539826
many_moving,201,4152,123.94029850746269,45.163771745843974,2401,71.67164179104478,45.50676239331371,41.84268607656723,22.029539169726128,19.81399707448856,17.649428597215202,7.35634301688124,2.2210947765221043,42.10016373956811,23.259235627974697,20.647451686853902,17.216984267081052,7.959167538063689,2.1606584294056996
many_moving,202,4180,124.15841584158416,45.18698454685819,2402,71.34653465346534,45.541191485991334,41.86101194102248,21.9333333547748,19.693589305540662,17.602445592895904,7.393083828947278,2.216588096277854,42.13419670811157,23.250562925232657,20.62841491481924,17.192449418775773,8.004047306150968,2.16102120737858
many_moving,203,4188,123.7832512315271,45.25294096406739,2404,71.05418719211823,45.58621452739498,41.89479394394,21.89989316022754,19.62722809587343,17.551727913505704,7.346293945408203,2.2197164918589243,42.20807433291984,23.2193958209438,20.598046422688274,17.161500661885487,8.00954007019326,2.12605605671487
many_moving,204,4216,124.00000000000001,45.22445850047764,2408,70.82352941176471,45.6084363060248,41.87479119264488,21.841587612713518,19.558565667057746,17.528410289928267,7.31405467029273,2.216866807074165,42.2266293349265,23.19642908512462,20.558785941288786,17.14511716652431,8.05311659710404,2.176702156781107
many_moving,205,4224,123.62926829268292,45.307379369595914,2412,70.59512195121951,45.64749084961289,41.97964060892643,21.8259455425138,19.53937444997704,17.481641706290855,7.410621688596579,2.239679193560453,42.26404866750674,23.24471249117908,20.58505957609412,17.112150112637494,8.216796420589397,2.174234792626229
many_moving,206,4250,123.7864077669903,45.32879310593112,2418,70.42718446601943,45.73214514449024,41.99003646510783,21.74961216369154,19.45988881502506,17.475980671530973,7.348493222557277,2.232395239883645,42.336944127825554,23.234069138491904,20.558217423768824,17.09011493910811,8.173954691752861,2.1763638301044796
many_moving,207,4258,123.42028985507245,45.330288236252585,2423,70.23188405797102,45.802897720468444,41.95965709147382,21.714241462688488,19.40655718819996,17.49431753201882,7.29734142983089,2.208646018339775,42.42197235882459,23.252187215409712,20.560708701216782,17.050697578559408,8.24312726011546,2.1888136901186397
many_moving,208,4286,123.63461538461539,45.34148039420586,2426,69.98076923076923,45.85900835022582,41.98947271749259,21.747311217069516,19.42178106532734,17.470985369538756,7.499208203444888,2.2499353952475887,42.49374519705609,23.2586958154724,20.557588687075025,17.010834282072352,8.333127975963246,2.1968525055334123
many_moving,209,4293,123.24401913875599,45.34617423104304,2430,69.76076555023923,45.89537076185375,41.998144577956516,21.81432880044437,19.476194186430572,17.471782655330117,7.521322407697541,2.2414543788415235,42.52357927076122,23.237402822688896,20.527235820826366,16.99222098179806,8.353642436714242,2.1948273234331506
many_moving,210,4319,123.39999999999999,45.39857451282407,2435,69.57142857142857,45.938179119888694,42.06453763902721,21.78320485416929,19.460504580940853,17.4359559876266,7.5081293596493675,2.233490846558796,42.5866046184319,23.20469359529432,20.497576580007543,16.96153983561782,8.36334713496004,2.198135631836425
many_moving,211,4327,123.04265402843602,45.43187432374373,2437,69.29857819905213,45.98467493632064,42.107379883216296,21.69227375184453,19.363998265323648,17.407762629096894,7.406773025403648,2.2397441732406187,42.63630623009102,23.253728527152294,20.50346321980375,16.894590402018288,8.361255843291763,2.180542698703791
many_moving,212,4354,123.22641509433961,45.45307590167879,2439,69.02830188679246,45.973792182230575,42.127074805069626,21.654840327571733,19.294769420526663,17.378250942659957,7.503490287457102,2.2432402198623076,42.60708630430561,23.258244169476033,20.493176288671904,16.869505990190564,8.377768641931773,2.183573787223462
many_moving,213,4361,122.84507042253523,45.42095773746118,2439,68.70422535211269,45.970001050193986,42.09821592515578,21.5796022164222,19.236461507335328,17.408238132153965,7.347028822173616,2.227474967592896,42.59191607327201,23.25161149781252,20.480408421708173,16.842718026060783,8.380414487832978,2.190979787385223
many_moving,214,4389,123.05607476635512,45.46515956211745,2439,68.38317757009345,45.97048047894484,42.15496287102249,21.61746558352969,19.265630938715862,17.39734336605695,7.471913548569681,2.236960021371328,42.58424877908406,23.239357161730887,20.46668466200044,16.8162648167707,8.376891884099974,2.1986920818433213
many_moving,215,4397,122.70697674418604,45.53441961926969,2440,68.09302325581395,45.98782354432806,42.21001369268215,21.616784919871275,19.211741327510037,17.326117517165084,7.542074917350519,2.2559433914364204,42.593947756728106,23.228745459030556,20.46858547639085,16.78006778877378,8.325859630246402,2.2026215954933805
many_moving,216,4422,122.83333333333333,45.53483392000177,2440,67.77777777777777,46.003230758690975,42.21087015061024,21.61609706521429,19.194820301838035,17.297538411385855,7.515734259897235,2.24729828983193,42.60279512733017,23.21374283319561,20.461189828355508,16.74866692336114,8.30711767847109,2.2112752333057513
many_moving,217,4430,122.48847926267281,45.53886011465926,2441,67.49308755760369,46.01669288887863,42.23258798666869,21.622362962555115,19.220658604581427,17.291625647269136,7.618517655158605,2.251019104358324,42.610457930155675,23.19681803353267,20.450314696328427,16.73232939786752,8.30080777375762,2.2187307386613924
many_moving,218,4457,122.6697247706422,45.56574615531982,2444,67.26605504587157,46.00619003536456,42.246327961744434,21.673823351241307,19.246270940400837,17.287607420488797,7.710046363876923,2.261436090919211,42.592168103662274,23.20356076021168,20.465386832004913,16.731635865439117,8.281228153684612,2.213721269244587
many_moving,219,4461,122.21917808219179,45.57037806026486,2447,67.04109589041096,46.023954094399926,42.25090974316966,21.72927087631092,19.299193820989323,17.325884634568347,7.783060470781567,2.2536470883747364,42.61091931397406,23.18120285701284,20.44669893314177,16.713887682806682,8.299850575961361,2.233002629543156
many_moving,220,4488,122.4,45.58780173916341,2450,66.81818181818183,46.007681545642605,42.30471635296957,21.64146877173548,19.24222336765191,17.322405761186513,7.697582548121392,2.2338710071406136,42.587923448303286,23.137107688272636,20.417563139360915,16.713938727078997,8.250496537281773,2.231067238319534
many_moving,221,4494,122.00904977375566,45.637356891132036,2455,66.65158371040724,45.96851912995236,42.38255721577095,21.53105723964708,19.123488018243485,17.26897982948062,7.662975648430093,2.228344473466082,42.57485149824929,23.044046086411416,20.35544002012685,16.695266454320794,8.231793691850477,2.2333927208427835
many_moving,222,4523,122.24324324324324,45.72185090179731,2459,66.45945945945945,45.936663665927455,42.475459876121775,21.592335435119494,19.130987754082938,17.2365317388502,7.910141456305167,2.246374177754413,42.53414330911947,23.014613031374616,20.34970511325664,16.68896580490438,8.183976195231136,2.2285667297985294
many_moving,223,4530,121.88340807174887,45.69387792320157,2462,66.24215246636771,45.91552293486541,42.43233992524309,21.604081151153263,19.140214787401124,17.217874071982852,7.926341847029671,2.2467702716035562,42.52366348451022,22.94397840945536,20.299741225467326,16.67961811927361,8.155812342922225,2.238065338546292
many_moving,224,4557,122.0625,45.614503312811806,2466,66.05357142857143,45.90201058622731,42.33292377956589,21.592695217048057,19.11878773682799,17.22809007147025,7.870291972288387,2.247505038031713,42.50416162478412,22.911650230193676,20.28344720573587,16.672921706574993,8.12746776896012,2.238745615983021
many_moving,225,4563,121.68,45.63138387987181,2468,65.81333333333333,45.92514665917944,42.32415683547252,21.517109323710724,18.994085574975323,17.19340496025389,7.79117449439502,2.255564049786259,42.52138550340395,22.91497471611966,20.285942803018713,16.65226956902495,8.16506501727338,2.2510469607946892
many_moving,226,4591,121.88495575221239,45.64155780685404,2470,65.57522123893806,45.96029440858448,42.345213332824144,21.47506456113609,18.94064891388679,17.145805150209032,7.767658773433017,2.260117472980019,42.55300494922168,22.879620446703157,20.264312417624975,16.642258442122348,8.238507504933992,2.2655701651157587
many_moving,227,4599,121.55947136563877,45.71405138982661,2472,65.33920704845815,46.029298705181816,42.43167585518603,21.492465910820965,18.937469346520412,17.071589751279348,7.843656448884111,2.260465097752831,42.639724400009655,22.857623857399382,20.233824138820676,16.601716767260275,8.246407247859471,2.265587625923205
many_moving,228,4627,121.76315789473685,45.76102810589858,2472,65.05263157894737,46.07770626052221,42.506054024103626,21.50053058865472,18.93425314421044,17.014635078210173,7.931019431365478,2.266270458079121,42.69889182748799,22.835830785135084,20.204732218661913,16.575520796494082,8.270280664310668,2.264705205136222
many_moving,229,4635,121.4410480349345,45.74256816997203,2472,64.76855895196506,46.1150527612279,42.482044068920096,21.40334473706159,18.859833593708824,17.058482954181677,7.89544011073254,2.2601028727467067,42.74367127528196,22.813842477982153,20.175988346597922,16.55566305150861,8.29833227137453,2.2632675192495566
many_moving,230,4663,121.64347826086956,45.73708489634638,2473,64.51304347826087,46.1532532551846,42.45395061672941,21.33932533102338,18.79569796836804,17.076701268999134,7.953849242532195,2.274081280501577,42.78718286307627,22.788698841466655,20.14337250975248,16.537078747977713,8.313598178489137,2.2613278632582277
many_moving,231,4669,121.27272727272727,45.72954562868015,2473,64.23376623376623,46.181743568420714,42.42273424367269,21.400309467898328,18.796972598868074,17.050170086849175,8.051350967045849,2.287032467818063,42.82030003593039,22.764476635501907,20.11345000644622,16.52134740858323,8.33750960845119,2.2613588260726822
many_moving,232,4698,121.5,45.733027717057446,2474,63.98275862068966,46.20576416925396,42.43916178369317,21.408709418719976,18.81572850605883,17.012877211430407,7.998327096538973,2.2831713424658373,42.84839874197746,22.741263699762843,20.08563175106519,16.507121725126737,8.362410697635664,2.2606436416360323
many_moving,233,4705,121.1587982832618,45.740595316786525,2474,63.70815450643777,46.227022034983015,42.47934875929142,21.401731912387806,18.83461594593414,16.98265573028661,7.953030190520301,2.2876846091036813,42.87331087944657,22.718636527214354,20.059303421421525,16.493831499522035,8.38640738552725,2.2597773165310575
many_moving,234,4733,121.35897435897436,45.718396572007876,2474,63.43589743589744,46.24622860719906,42.43318001637264,21.414757267838368,18.84306666423982,17.00922374211173,7.844664340187268,2.2676692450859317,42.89583149709259,22.696331960515092,20.034100284372677,16.481209435110095,8.409031828794637,2.2589854756399674
many_moving,235,4740,121.02127659574468,45.72062491774042,2474,63.16595744680851,46.26375890759637,42.44693432120717,21.303712341970133,18.741568608456667,16.974520434563047,7.776021637609416,2.2957146233741113,42.9163910061775,22.674228531475528,20.009814641918194,16.470904660868314,8.430198422983853,2.2583489247780197
many_moving,236,4767,121.19491525423729,45.763557141423185,2478,63.00000000000001,46.24905454303436,42.46704916122799,21.38037784993432,18.794914941038392,16.952918605468998,7.963767812997074,2.3065405508221,42.907314390786915,22.64492280450318,19.97960155102106,16.479198427411728,8.411758545546736,2.226141640723717
many_moving,237,4775,120.88607594936708,45.76045997659101,2483,62.860759493670884,46.270588340303284,42.460911922935374,21.45053044223785,18.863100197284517,16.932886328136625,8.109573219975406,2.3031440350705807,42.93090257757956,22.611462506853094,19.91443732872567,16.463595563098522,8.461264029686788,2.266036842527925
many_moving,238,4802,121.05882352941175,45.76624355027314,2487,62.69747899159663,46.27334046576365,42.49292232384918,21.38552602851399,18.79414929313167,16.903098647125415,8.066365875961854,2.2943196151737584,42.93494108597886,22.598202192980654,19.926417293743555,16.46084077510747,8.423526718271333,2.2630775243901375
many_moving,239,4808,120.7029288702929,45.77357490500079,2493,62.58577405857741,46.28698332853803,42.50732249667677,21.38212613300571,18.82019812871631,16.912580464776752,8.088974899929754,2.2812334802918843,42.97039370310406,22.54960446298191,19.864081870010487,16.461081014916775,8.479475599917672,2.272767073749873
many_moving,240,4836,120.9,45.69726537941825,2498,62.45,46.28474797172142,42.40855977605685,21.400020472772297,18.828410560587884,16.962499996189365,8.01941419903832,2.2784840727603615,42.98203855587321,22.48362171083622,19.774212700866705,16.44128189054181,8.552072892884,2.2759554360343355
many_moving,241,4843,120.57261410788382,45.74553354750674,2503,62.31535269709544,46.25916130639376,42.45986521116782,21.3769222854871,18.803810747864542,17.002972540312356,8.034564293083916,2.2798561535622155,42.96574409180279,22.45551997783439,19.762704299184232,16.47265071888101,8.564170804992012,2.2663440594460535
many_moving,242,4870,120.74380165289257,45.792677933088896,2511,62.256198347107436,46.25796850231614,42.516345735547745,21.43509742435519,18.848645649487064,17.026497209302242,8.142208275037655,2.2786417355395057,42.929907265371,22.424409762746706,19.764832747538353,16.505541517427258,8.511192566605686,2.2301079588638015
many_moving,243,4878,120.44444444444446,45.77959828152857,2516,62.123456790123456,46.23397578081161,42.484040607844854,21.431275308371767,18.830517835835945,17.01081239319221,8.18268417402627,2.2873819262025603,42.89542511445963,22.36283192066685,19.69353231660625,16.484140288236166,8.371171485620511,2.2497075463604768
many_moving,244,4905,120.61475409836066,45.7863026486789,2519,61.942622950819676,46.243005345806736,42.51669500476817,21.383117205117,18.800891074220196,16.960665687738995,8.093741010043288,2.2967679663310507,42.88317543285314,22.356277053342975,19.678315281708556,16.473501636965338,8.324239873958142,2.264551947485702
many_moving,245,4913,120.31836734693879,45.81016858060481,2522,61.76326530612245,46.25639753454483,42.515791015177655,21.408082738196672,18.780506935115167,16.90683105014512,7.993051689021277,2.311819434181694,42.88094603980104,22.35201173088549,19.692079278477102,16.457948453981697,8.247678800150599,2.267708552499957
many_moving,246,4940,120.48780487804879,45.83260800871214,2525,61.585365853658544,46.280083814295025,42.56692535434577,21.371419348296715,18.74947810863595,16.838964205273133,8.06989517348995,2.313141774192458,42.888043081073164,22.357050282328935,19.703838237717218,16.444343750682126,8.22425565518043,2.280558382245019
many_moving,247,4949,120.21862348178138,45.833015488622706,2531,61.48178137651822,46.26024484797616,42.585506940162766,21.350499867120583,18.788720025044235,16.85793417154129,8.063283592932985,2.319306980181775,42.83896995325119,22.35123602527719,19.69823211194904,16.458788615239808,8.238056088391364,2.30574000615086
many_moving,248,4975,120.36290322580643,45.81294752446495,2537,61.379032258064505,46.25530385222401,42.540571643408185,21.400790472888197,18.818133989893127,16.900589723729627,8.140218443791811,2.3056715557861565,42.84891730508323,22.34775775558787,19.712042369541713,16.43956006125414,8.243248971416937,2.280189897547217
many_moving,249,4983,120.0722891566265,45.8866276127622,2541,61.22891566265059,46.2604485500407,42.59576193950314,21.404052975000408,18.785414270134844,16.889216773103957,8.08883133992363,2.2988400225139345,42.88005305809999,22.30680362874869,19.704116028402485,16.416991422795917,8.238462062652028,2.2897814278536335
many_moving,250,5010,120.24,45.89998442140734,2545,61.08,46.251368301672,42.59660555076003,21.439713985252578,18.80026710583313,16.888359975505907,8.033977427872157,2.2963733527988603,42.85329584633563,22.34005257971006,19.728057311392995,16.417732053938394,8.316515510539062,2.2914561970240253
many_moving,251,5015,119.8804780876494,45.88882622167879,2553,61.02788844621514,46.21580478010381,42.57844625087104,21.42932187981697,18.785151226233626,16.878960731431228,8.090050219025597,2.2958346835542516,42.822097062405476,22.337787478740513,19.73000460683117,16.404620909179194,8.472637285260529,2.313851216555665
many_moving,252,5044,120.09523809523809,45.94532687968162,2563,61.023809523809526,46.2521362940764,42.65944181996075,21.477752285883387,18.837926737533977,16.843030376548562,8.238738870499912,2.3219821071327313,42.84139353326948,22.302378372670464,19.696297210806744,16.4035769338744,8.402789339381583,2.293924624272399
many_moving,253,5051,119.78656126482214,45.927761556329806,2572,60.99604743083003,46.29232259613302,42.65237539046928,21.496230177873706,18.854529533264735,16.850099656639813,8.312805389303614,2.3295883517417106,42.88995380123454,22.26552180382138,19.68695796136348,16.381945750820215,8.457314482627751,2.298271392061855
many_moving,254,5078,119.95275590551181,45.909017484682714,2579,60.92125984251968,46.30905260772341,42.59916573391458,21.458427117760852,18.79958306778111,16.881997592459317,8.223444750386129,2.3053590177158036,42.88255447188412,22.29440578119784,19.72454550836518,16.365517746113706,8.509485115339803,2.3109455746425396
many_moving,255,5085,119.6470588235294,45.91913446769871,2584,60.8,46.330816868614995,42.63596971527052,21.397922818949723,18.744935457336048,16.846616254166573,8.316657211430002,2.321188646915051,42.897125979399576,22.29941001924525,19.71976807701897,16.342132650829644,8.439707658146169,2.319250831249775
many_moving,256,5112,119.8125,45.896791057506405,2590,60.703125,46.28708099109312,42.59210724850634,21.37880652351395,18.724801688899948,16.847881712611787,8.283023629492753,2.3114286342332986,42.861024659129754,22.24390220948666,19.672344468557952,16.332221076280998,8.366344766935796,2.3110802747484946
many_moving,257,5121,119.55642023346304,45.911490125854726,2597,60.63035019455253,46.2573265184944,42.596514337613335,21.430357254645614,18.782629273588704,16.84152630565446,8.350111777360981,2.3145345244294293,42.814840088159244,22.224396124658412,19.696503781997514,16.36029467597189,8.452267318466646,2.3102385823789247
many_moving,258,5149,119.74418604651163,45.903919181736775,2599,60.44186046511628,46.28705985694189,42.593234609754724,21.41315370534035,18.78166782578023,16.833693464258655,8.320285410002036,2.3151151559836376,42.8412769806457,22.210759497269148,19.686219167989513,16.36803049782308,8.469385155811084,2.3268181350122394
many_moving,259,5157,119.46718146718149,45.96998505953928,2599,60.20849420849421,46.30620728386058,42.660442047168544,21.41085896605873,18.754260305258793,16.81044125095016,8.306636081192948,2.3095609234055994,42.86193005053181,22.188937104130076,19.660347033619804,16.364943951214954,8.481177660340801,2.3286422634055963
many_moving,260,5185,119.65384615384616,45.99669960591774,2600,60.00000000000001,46.32329224157008,42.69291480262249,21.43193824204596,18.742478563110154,16.80572996183626,8.353493807280623,2.3007918488571653,42.88193762229442,22.16694893438317,19.63193078473225,16.358860031702836,8.489651251299017,2.328052533024415
many_moving,261,5192,119.35632183908048,45.945922364607824,2600,59.77011494252874,46.33841413319803,42.63868321970867,21.421902749794093,18.752080673640087,16.787512308149367,8.392853663925697,2.3219006779756994,42.90044917115475,22.146192432119616,19.60451184733032,16.35229580670783,8.499232162268575,2.32706684582257
many_moving,262,5220,119.54198473282445,45.90641512058539,2601,59.564885496183216,46.35243696453543,42.609442306686745,21.380444192147177,18.745586905424943,16.764096165918794,8.274927557362258,2.3260479689930933,42.91794658319244,22.12657087778758,19.578443891829373,16.34572003501112,8.509334931942764,2.3257918968660607
many_moving,263,5226,119.22433460076046,45.92487984735569,2602,59.36121673003802,46.36560628917774,42.632003694050454,21.316042653330044,18.65487394304946,16.74993387935043,8.33949252632057,2.3280115229045064,42.93452528759649,22.107803266834196,19.553615061339926,16.339259044076094,8.519661122380107,2.3244624206202134
many_moving,264,5252,119.36363636363636,45.948948720310334,2602,59.136363636363626,46.374966689352064,42.644472473695224,21.40547273726615,18.745773746678438,16.742617214761818,8.420803812212547,2.343135887875849,42.9472329350407,22.089877761406814,19.531659172182188,16.327821593614246,8.523077933010914,2.3268205953010006
many_moving,265,5258,119.04905660377356,45.92371312102194,2602,58.913207547169804,46.384323367423484,42.60955244625506,21.417777013896476,18.79826855515327,16.81214121660569,8.335344427990893,2.3193693606155907,42.95975396775522,22.0718233764434,19.50915287961745,16.318916427278985,8.529649119040512,2.3263248227183637
many_moving,266,5285,119.21052631578947,45.882838048684256,2606,58.78195488721805,46.33335128160356,42.59435931463578,21.438960969065906,18.83625964948326,16.83741191105284,8.372433287936396,2.3378604143096178,42.92383645568311,22.02191844141706,19.462980064944166,16.331243685707065,8.482947848400716,2.2724340782835473
many_moving,267,5294,118.96629213483145,45.889952454585185,2611,58.67415730337079,46.32232166476599,42.61505357169476,21.483080122779874,18.858444171531765,16.81070283543936,8.321358564873648,2.332186253049435,42.9222584874049,21.980323979098124,19.413117864066198,16.338736567157078,8.559766206753906,2.322394646181516
many_moving,268,5320,119.1044776119403,45.89670445522536,2616,58.56716417910448,46.28704539160082,42.62276080109482,21.415075816888532,18.81418550835299,16.795396681547043,8.152430123898759,2.3371049950043203,42.89780356148246,21.955646276218687,19.382721493432314,16.33951598063629,8.418400261542981,2.303382966349853
many_moving,269,5328,118.84014869888475,45.91364424179049,2621,58.46096654275093,46.28432451660075,42.629089896456975,21.452205287347976,18.8081167940821,16.787391087527162,8.168626852222232,2.3494560826680235,42.89984210278183,21.934621979828886,19.36069177954618,16.35600847915841,8.4863950923322,2.3157869941470612
many_moving,270,5356,119.02222222222223,45.9296237507332,2624,58.3111111111111,46.29474759492753,42.66032998495458,21.482865143859044,18.849134905479055,16.769932005895537,8.1405368869623,2.3182520017619344,42.914687538387646,21.918036491679,19.331025358055356,16.346782166786443,8.457658137713446,2.3083904591157776
many_moving,271,5362,118.7158671586716,45.898945405014196,2629,58.20664206642066,46.28625469040484,42.637753315773146,21.50706281476736,18.904687897209627,16.797702504316902,8.1920264605139,2.3279767680579204,42.90872773091449,21.901707049539656,19.311913392135338,16.34586553215914,8.488541972107836,2.31447345710773
many_moving,272,5390,118.89705882352942,45.84221026363323,2636,58.14705882352942,46.31038006938669,42.577984708043545,21.52360493807266,18.894053712591848,16.83818619255922,8.183334358995463,2.3085613953333164,42.89550439718657,21.88103056116019,19.263240323312516,16.349889544694417,8.476066320665005,2.303145885351105
many_moving,273,5397,118.61538461538463,45.8534823544071,2638,57.978021978021985,46.349045208526185,42.57804662897821,21.52565097377401,18.862010217579247,16.830908414007496,8.155803116188846,2.3091665142269227,42.91520869145866,21.859176302509063,19.204488881273747,16.35176625078357,8.499073681381802,2.3040951559908915
many_moving,274,5425,118.79562043795622,45.90946815601002,2638,57.76642335766424,46.37197685040398,42.64938230699515,21.49669813522835,18.844195081362056,16.79165661977226,8.1880158823155,2.3382766870536202,42.930112578138676,21.83621745674302,19.16261553192719,16.353402189422678,8.517860954693939,2.300075328143797
many_moving,275,5432,118.51636363636365,45.96028745159748,2639,57.57818181818182,46.375928842434554,42.66881727790168,21.49594644034527,18.859649992569985,16.79975235459619,8.24165802249761,2.328190084303628,42.9327241938387,21.808507556747042,19.10883792454794,16.36010840528867,8.591790945245737,2.301249670640483
many_moving,276,5457,118.63043478260872,45.98246032371411,2639,57.369565217391305,46.376772342397985,42.6835090743632,21.502753566365833,18.852286128965495,16.814099267809205,8.32397856476932,2.329388506335113,42.93519882494576,21.786186721218236,19.073323479856377,16.365082033672667,8.62475761980305,2.2968386392078712
many_moving,277,5465,118.37545126353791,45.964615088387184,2640,57.18411552346571,46.37681500201785,42.65840332193445,21.51283404757802,18.84078629100562,16.815200145047985,8.248389549939112,2.30522232688805,42.93816598412284,21.76652914358709,19.046757860929645,16.368266504474924,8.643257765876784,2.293657446408239
many_moving,278,5492,118.53237410071942,46.003743470898925,2641,57,46.377081133176354,42.73951839544514,21.49370674211031,18.824290642712665,16.76707683615089,8.371507998892595,2.322726788247689,42.94180930637289,21.748553383957116,19.025046366374887,16.36992208991302,8.65702851807134,2.291194079348676
many_moving,279,5499,118.25806451612902,45.955591251125036,2641,56.795698924731184,46.37637691085097,42.659931714661916,21.43738035515123,18.76059791028075,16.782739902244654,8.184844789296722,2.3032901803954506,42.944573909768685,21.731912642379832,19.00723277663323,16.367656657672438,8.665323759844497,2.2911532649287993
many_moving,280,5527,118.43571428571428,45.89802688786381,2641,56.59285714285714,46.376362855606835,42.6025606970118,21.4790017422501,18.788181774787525,16.789551630533296,8.185049464868763,2.3134159099020377,42.94789065477341,21.7157718551605,18.990524945733682,16.3695816198076,8.674774842801089,2.2899670737684006
many_moving,281,5533,118.14234875444838,45.8704832256805,2643,56.43416370106762,46.375073955534624,42.59354231956834,21.35840255315674,18.686835945494998,16.784593201835147,8.193946583971396,2.321296766383449,42.949812469834825,21.702248300882104,18.97755552300401,16.371834540561846,8.68715003613554,2.2855098920094017
many_moving,282,5561,118.31914893617021,45.91683598781476,2644,56.25531914893617,46.37547270256864,42.641119581850475,21.360274537149543,18.698132916202617,16.761521315841758,8.192410665315165,2.3262180904118317,42.95312246399833,21.688308878930098,18.9641418669118,16.373067490226827,8.697374010417702,2.283948834544178
many_moving,283,5568,118.0494699646643,45.9328752541208,2645,56.07773851590106,46.37640113655943,42.61761409220641,21.46307114842622,18.797011583790656,16.803047463510417,8.326545079215208,2.335724410841046,42.95671748622637,21.6742583769064,18.950816112508797,16.37357855295772,8.706621205865353,2.2829623994194748
many_moving,284,5596,118.22535211267606,45.98726538703069,2646,55.90140845070423,46.37942447388333,42.70394441721428,21.444204955917925,18.7988026302284,16.779634303033355,8.38783634317771,2.335620752353017,42.96674312713078,21.651591727547157,18.929040721404398,16.37077719187454,8.720054305330168,2.28442568064912
many_moving,285,5604,117.97894736842105,45.98892510272889,2646,55.70526315789474,46.38155513623873,42.71868034548622,21.39206508600825,18.76368459382066,16.748695679673798,8.321662282105272,2.3344884397371275,42.97366645255115,21.63272316913008,18.91148163895124,16.368524298994725,8.731157712624402,2.2837698231956884
many_moving,286,5631,118.13286713286713,46.036177349788225,2647,55.531468531468526,46.38310393255176,42.760716395212214,21.42695745879552,18.794266552994134,16.723168332701118,8.38208106175783,2.345908135439982,42.978748472952034,21.616141580495373,18.896388637159767,16.366555001387646,8.740324282342494,2.2833540631578417
many_moving,287,5640,117.90940766550523,46.046735132914776,2653,55.463414634146346,46.404815554938246,42.8069931543081,21.489120848769126,18.8490913771491,16.704944221003846,8.487366161239613,2.3185072975447802,43.03898706041684,21.620301682332062,18.91471845594133,16.34285234602836,8.790180657554993,2.269318186476457
many_moving,288,5667,118.06250000000001,46.053303138501974,2656,55.33333333333334,46.44154526225149,42.80888174859343,21.41326585768207,18.775495099857096,16.72112173254125,8.227433179339833,2.3097713241685285,43.10039949552815,21.63923558536682,18.93538827271719,16.34584153393391,8.894015359521461,2.2932574875732032
many_moving,289,5675,117.82006920415226,46.0270555750938,2659,55.20415224913494,46.463164836685095,42.75805857246242,21.37645831972037,18.71166306097495,16.735548385898216,8.33187322859946,2.3452973263154515,43.13603644391314,21.653007585304614,18.950447992192842,16.336790874740064,8.951317431968274,2.295278520812748
many_moving,290,5701,117.95172413793105,45.98199267456609,2666,55.15862068965518,46.471049496787785,42.734897178915965,21.382415462505893,18.725171453814042,16.733558838132723,8.374952952422543,2.3391868210609705,43.12528677590149,21.64890264045615,18.95907846269141,16.338726628461828,8.885558080923554,2.2376071422941064
many_moving,291,5709,117.71134020618557,45.96780202898284,2672,55.09278350515464,46.50351280529576,42.71756598351646,21.32663617016824,18.660717722908693,16.700171063819205,8.263925674244385,2.3413624060651563,43.16403764962612,21.64846276631865,18.969829922357206,16.339022333850032,8.892010394820492,2.264721154953874
many_moving,292,5737,117.88356164383563,45.96678598374921,2681,55.08904109589042,46.52080111025676,42.75260140318313,21.35909089467337,18.698232285205098,16.653315551352662,8.347734080745314,2.331380864894726,43.169751348159934,21.69553181633213,19.00165008313396,16.33385509165035,8.967518904000649,2.2999076891217007
many_moving,293,5744,117.62457337883957,45.97371260948338,2694,55.167235494880536,46.523348804665,42.75647177430401,21.39516656581572,18.796685078170256,16.691993226337065,8.400456444159074,2.3447023143500134,43.172224580539094,21.692923962536806,19.01987081804906,16.310969360301954,8.928193232822366,2.243625712179636
many_moving,294,5770,117.75510204081631,45.94154356093822,2706,55.224489795918366,46.51841188037161,42.69775537784651,21.46274192223922,18.848397939574994,16.737979511601587,8.495586970179325,2.34402333228826,43.211301226677826,21.65743225549936,19.015496007269967,16.29588057633067,8.821896506374426,2.290256341632586
many_moving,295,5778,117.5186440677966,45.94568632206827,2721,55.342372881355935,46.424213989805835,42.67355242521411,21.454153952276613,18.819313687804513,16.714119775224926,8.4781361881063,2.3464024106375994,43.109415810421375,21.654248130060573,19.060525480678983,16.331743518897525,8.783330925182108,2.267470444190783
many_moving,296,5805,117.66891891891892,45.933519031391405,2736,55.45945945945946,46.400515079044844,42.658749178291444,21.488918833031892,18.839644920959536,16.70191435113596,8.597848722267441,2.3639490604648015,43.06804098909021,21.585569322362904,18.994469085992115,16.34470889508191,8.674661075157662,2.271574698644359
many_moving,297,5814,117.45454545454544,45.953385947733345,2749,55.53535353535353,46.39845149838573,42.64083565547487,21.56786465234441,18.945983460299885,16.737155537715164,8.650227942632684,2.336023220379278,43.10497145348267,21.508950267527762,18.931662888832214,16.308222142486354,8.65084604022214,2.281324014865543
many_moving,298,5842,117.6241610738255,45.948395088291846,2761,55.59060402684564,46.436567699328535,42.64065996315568,21.484512721429148,18.892925353433675,16.753309306017776,8.413605160872665,2.334470989486809,43.13584673530036,21.54701072804132,18.96752740666103,16.289935290295258,8.728910441633827,2.276825970173359
many_moving,299,5850,117.39130434782608,45.94838021301337,2770,55.585284280936456,46.431642751132394,42.650858320315436,21.437790426641357,18.799807793569794,16.715174046854603,8.376701326091197,2.352465642635134,43.10998009379789,21.545801661710748,18.957616765868043,16.29769543627065,8.693754628506834,2.266791989883629
many_moving,300,5875,117.5,45.981058624652405,2775,55.5,46.453595971853346,42.679692259368906,21.387072036182264,18.718302415916714,16.692242067333353,8.349427389973119,2.360549538199504,43.116507594338096,21.517976476270352,18.906037197209066,16.280147775994095,8.745990638075678,2.2867638570584097
many_moving,301,5882,117.24916943521596,45.93530765400243,2778,55.37541528239203,46.47047113197068,42.650473969135746,21.401936240191166,18.792331227748715,16.712834963128834,8.355582891536667,2.34389064444336,43.12290558698989,21.45001673256675,18.872950970759756,16.28404757745599,8.700958365258643,2.2793390132080678
many_moving,302,5908,117.3774834437086,45.92130774262112,2780,55.2317880794702,46.46133020026467,42.630531685052,21.401303827429878,18.79543988732779,16.733289683020725,8.270247140154202,2.3657784649542766,43.109425639600325,21.399934900344647,18.848546469468896,16.29032299795092,8.620947724240013,2.2814885821767814
many_moving,303,5914,117.10891089108911,45.96488967695691,2780,55.04950495049505,46.45997645380493,42.657123502635756,21.418586825218654,18.81046114680991,16.718759056031068,8.272879789679338,2.372396079268182,43.10342382034437,21.368871616648953,18.82207810675596,16.27216160178101,8.516465342536717,2.28040730773083
many_moving,304,5941,117.25657894736842,45.97041519886939,2780,54.86842105263158,46.45163578951427,42.67513246904946,21.402628136255103,18.802692260619114,16.7022174011343,8.289737927011984,2.359855530039871,43.089478531339026,21.34629158091448,18.80788696140628,16.26140852165984,8.457532527608455,2.285811791536017
many_moving,305,5948,117.00983606557377,45.951519114603876,2781,54.70819672131148,46.44917485792797,42.65777117869915,21.413687398770605,18.814142753169506,16.712184134118576,8.345233757669705,2.360598879664942,43.081404044784804,21.327364523790358,18.795011548224934,16.251310990230753,8.408619106044469,2.290706110221372
many_moving,306,5974,117.13725490196079,45.92169713863522,2781,54.52941176470589,46.44225766440156,42.61210478633306,21.487285906516284,18.888041099270357,16.73127946085422,8.395421574568626,2.3505960929522067,43.06974982655131,21.31178531081347,18.786745419612856,16.245079640885102,8.378698014702588,2.2965320490744947
many_moving,307,5982,116.91205211726387,45.94001301257292,2782,54.371335504886,46.43483960245792,42.647097274114955,21.46036391721615,18.855074618314244,16.700963300165906,8.311796617094137,2.353198957225274,43.0583097324839,21.298847276385185,18.781009065681282,16.242283932091258,8.357429447154104,2.3010069311607904
many_moving,308,6008,117.03896103896102,45.93557365558083,2783,54.214285714285715,46.42780621993864,42.66259446284114,21.43945286126167,18.81764715289186,16.68734285308764,8.291455620967485,2.3545669066648673,43.04783887488814,21.287539076098337,18.776518921487572,16.239330123056934,8.341070494588458,2.3047385468813735
many_moving,309,6014,116.7766990291262,45.94791811143039,2783,54.03883495145631,46.421326366620136,42.65894541719723,21.460597975048724,18.837056626461568,16.696625855748017,8.249334213592793,2.3442057686892523,43.03839461779455,21.2772145598933,18.772598688732902,16.236245204945476,8.32790504608949,2.3079956713827725
many_moving,310,6041,116.92258064516129,45.96617327515634,2783,53.86451612903226,46.41539678542121,42.69197344933741,21.452283057613396,18.81767834623069,16.689787390014274,8.356449430530594,2.358789126886855,43.029883659191185,21.267509379918703,18.768903684139058,16.233077401355047,8.316992723277673,2.310910085037206
many_moving,311,6049,116.70096463022507,45.955099332764064,2788,53.78778135048231,46.38535565660945,42.675305023433985,21.52811177769764,18.905536713599595,16.735783596170904,8.493799639891233,2.3386292750347026,42.99407391310963,21.250888273432597,18.74825228905877,16.244042418532054,8.268509598411358,2.284208048092287
many_moving,312,6078,116.88461538461537,45.92335400699349,2793,53.71153846153846,46.381957123276734,42.63866175964641,21.430591849582743,18.82762413906638,16.76118053148989,8.371318541665094,2.322262233417886,42.98556152982515,21.24528327766524,18.74021017262695,16.24825402211471,8.26312550878621,2.3260990793012892
many_moving,313,6086,116.66453674121406,45.923678728879686,2798,53.635782747603834,46.33649001287129,42.67915054899696,21.341883034794588,18.754630193221395,16.700002322796518,8.309075572024787,2.348885382444795,42.94199031761378,21.234855959043184,18.75174981768468,16.28257056315075,8.263631990627843,2.332710256803292
many_moving,314,6114,116.828025477707,45.9508441310399,2803,53.560509554140125,46.3505391425401,42.6974129010008,21.375127650070592,18.79509929997332,16.674723187064153,8.319109543618808,2.3644449792512687,42.96120397223983,21.20659785082034,18.70138703018244,16.249196648335857,8.211013129558133,2.3234294510766924
many_moving,315,6121,116.5904761904762,45.98569629065686,2812,53.561904761904756,46.36352107242985,42.73146366174,21.39154895078203,18.809270873801236,16.65697817852742,8.395580354697417,2.374485202110321,42.976232133959066,21.210078285745794,18.730703708809592,16.214275636650868,8.171302538796281,2.291586233120737
many_moving,316,6147,116.71518987341773,45.98229504857337,2820,53.54430379746835,46.3391392517349,42.69070119674635,21.418532777091524,18.79478462342431,16.68239758743351,8.530101395077093,2.373770078138226,42.939100742343335,21.249773882326007,18.744917693670327,16.246366056182065,8.380902499095688,2.3378228257687743
many_moving,317,6156,116.51735015772871,45.99373981322515,2829,53.54574132492113,46.30978177184832,42.710273452379326,21.332357229617376,18.704976756721603,16.65877263703142,8.399244510230778,2.3772048789885027,42.905370899572056,21.317521628485842,18.821579936998415,16.263290935619068,8.383422221145288,2.317144129843572
many_moving,318,6183,116.66037735849056,45.97508085000371,2835,53.49056603773585,46.288619905672995,42.68199350475079,21.440528490239306,18.79823624084232,16.66165866329866,8.519038056780387,2.378810579291937,42.887083721713466,21.318694758394017,18.813264948987147,16.255497596945865,8.446737687296743,2.3190538607403552
many_moving,319,6191,116.44514106583073,45.96286631499337,2838,53.37931034482759,46.29459290628132,42.66126747720808,21.465966162307506,18.857480332896028,16.725315718981946,8.50632026980825,2.3674920701143387,42.89110354261017,21.32584486289877,18.816350117812952,16.24841491038366,8.47539310706838,2.338127724291234
many_moving,320,6219,116.60625,45.947789902044235,2843,53.306250000000006,46.27341100662366,42.631467313897936,21.507401753072337,18.90779933120639,16.77690285781576,8.559395963336526,2.3542798578988324,42.86877551362617,21.34113351674871,18.847313636528124,16.233038535653808,8.4887873340458,2.332910008309012
many_moving,321,6227,116.392523364486,46.02130902867091,2847,53.21495327102804,46.26283669816293,42.74183165127763,21.51808283052441,18.88339467403686,16.731378976131495,8.497578928004584,2.3338502515899204,42.85582706319044,21.342950704888523,18.857268816886698,16.225432015384804,8.495488442068512,2.3362488891560727
many_moving,322,6256,116.57142857142858,46.07903708055135,2848,53.068322981366464,46.26004229635775,42.806275904463114,21.497887811622327,18.844102913998277,16.704197070291293,8.522905869947547,2.3477354198339255,42.85004606915746,21.34570830997698,18.86872986468996,16.219517479175806,8.496990124420314,2.337950200553773
many_moving,323,6262,116.3219814241486,46.08982643520732,2849,52.92260061919504,46.25688821403516,42.82650094839356,21.508024441508525,18.832326708224958,16.67003441410457,8.481400601108499,2.3338745611495635,42.84368237727999,21.34555107366392,18.876639388126886,16.214618706450366,8.495985223403798,2.3407785879490826
many_moving,324,6289,116.46296296296295,46.10953722632158,2849,52.75925925925925,46.25410525543606,42.86096082571659,21.514973736364134,18.818941043997874,16.64505716120358,8.477641322193707,2.3196305837880753,42.837575062982516,21.34388140038905,18.882274213031785,16.211498593117742,8.49512302283706,2.3427328675361467
many_moving,325,6296,116.23384615384616,46.06827034916427,2849,52.59692307692307,46.251015482515044,42.81079754163021,21.526298797182385,18.850626999529744,16.663080857001855,8.428684327535478,2.3411958649063953,42.83115113539587,21.341349333185345,18.886861659048204,16.208287074018003,8.492677413848336,2.3451516470876803
many_moving,326,6322,116.3558282208589,46.072400781657976,2851,52.47239263803681,46.24462212533991,42.81131904460186,21.484261789807487,18.82597396642107,16.657833832854713,8.38848536620555,2.3607403856097258,42.81227472134354,21.33485756324562,18.883162767797728,16.211151745365775,8.480070803401489,2.3454284802847267
many_moving,327,6329,116.12844036697247,45.99233841706843,2852,52.330275229357795,46.2396137019899,42.707011139076876,21.540730325469298,18.887921418354985,16.715971747078697,8.514811768387371,2.3272198249520577,42.799105534457304,21.32825035809538,18.881379792652318,16.211263669201678,8.469463479503041,2.3475653345684453
many_moving,328,6355,116.25,45.951454044088855,2853,52.1890243902439,46.235373180961545,42.65354718056989,21.478936383394785,18.846606312766863,16.741542036591504,8.35742342921544,2.317594509149732,42.789038327521055,21.32216274819615,18.880900085477514,16.209958267544682,8.460854277608414,2.3496773721716435
many_moving,329,6362,116.0243161094225,46.00556129403257,2854,52.04863221884498,46.22933151679628,42.73977256180776,21.435418152008612,18.820710544849838,16.725274353545043,8.422509698519066,2.3683622592648326,42.77620832870215,21.323971335400916,18.885178819868695,16.21221361576592,8.441207065032172,2.345765717830771
many_moving,330,6389,116.16363636363636,46.03140342765502,2855,51.90909090909091,46.233319158331305,42.768567140591465,21.510207875338576,18.86873654339429,16.729030894393212,8.712149216460366,2.3685935778442273,42.77409662238315,21.323639712808237,18.88749537007461,16.208625879180584,8.448304931876553,2.349679195713647
many_moving,331,6392,115.86706948640484,46.050587677182016,2856,51.77039274924472,46.27028423822966,42.78134971352717,21.561059059234186,18.881165942265447,16.71167429515423,8.73951866459969,2.332535097700825,42.82283537147122,21.297243699383806,18.820692047569327,16.175240720885725,8.368855230212427,2.3517732357261596
many_moving,332,6417,115.9698795180723,46.05439097663809,2858,51.65060240963856,46.31251436650199,42.81035975628335,21.572783022430972,18.889751462043883,16.691429752081888,8.68184961011422,2.3289584283808704,42.87216910006409,21.281723723584072,18.769766782777623,16.148094868490634,8.34348457580127,2.349808072146849
many_moving,333,6424,115.74774774774775,46.031960289038906,2858,51.4954954954955,46.35034186713465,42.77693683455745,21.602018170656024,18.908718762624048,16.694828325268755,8.752231773836103,2.334023385163527,42.913700476050266,21.281953682918697,18.743957650272954,16.128053611961317,8.29928299158234,2.339194993755606
many_moving,334,6452,115.90419161676648,46.00782688349828,2858,51.34131736526947,46.36924838459112,42.74363085568645,21.579563580884955,18.890428608493586,16.696147679715732,8.713436226120034,2.3300546593499742,42.934737766875806,21.27789786225802,18.727095668015803,16.118907108707713,8.294900423898113,2.336713643810619
many_moving,335,6459,115.68358208955225,45.99705380994602,2859,51.20597014925373,46.37442822506992,42.73289370232443,21.49109243711754,18.80888850908111,16.66722739021317,8.621929897394017,2.33977139791171,42.9423218889592,21.267673546825623,18.69955853832303,16.116802254343625,8.329510895016632,2.3372008607048897
many_moving,336,6487,115.83928571428574,46.016020607054756,2860,51.07142857142858,46.37391328069492,42.76232809446855,21.48172591020194,18.828768759462246,16.636088342457917,8.598271768180592,2.3517288426736105,42.94434774411843,21.26479163456084,18.68690597145661,16.117497121548922,8.349898844531658,2.3276603672716445
many_moving,337,6496,115.65578635014838,45.99817803461208,2861,50.93768545994066,46.375436598578844,42.75445382460208,21.438112330639576,18.82962270042976,16.686944762794614,8.573986464070314,2.3502377383818,42.94819454964067,21.261214862437615,18.6756747804334,16.117376804274812,8.359075146618821,2.3242376839305927
many_moving,338,6524,115.81065088757396,45.95951479807657,2862,50.80473372781064,46.37792698690693,42.69361494897805,21.517483695124255,18.890759635066626,16.73401007016015,8.624194195412537,2.351510178738445,42.95283048595834,21.257208784492732,18.665417159254623,16.116667199743866,8.364748381252017,2.321915356543206
many_moving,339,6531,115.5929203539823,45.99262320035683,2862,50.65486725663716,46.378218497209545,42.77533323639336,21.531900400672697,18.91566619375258,16.697427261843153,8.613121005800744,2.3567178583498376,42.955159277966104,21.252685180011582,18.657097249255983,16.110378360057346,8.362564930464472,2.32357976374732
many_moving,340,6558,115.72941176470587,46.012820485896704,2862,50.50588235294117,46.37953696337089,42.773856443814644,21.49084269540774,18.850641429410974,16.705698782667234,8.587233190549608,2.353682156032896,42.958329852950364,21.247934779592835,18.648434775867695,16.10615945245789,8.363417366934396,2.3227908713528738
many_moving,341,6566,115.5307917888563,46.01016975859598,2864,50.392961876832835,46.38753860885009,42.74338627772492,21.48310578037352,18.832917026364754,16.72224718338774,8.60038734817602,2.319889326364689,42.98536132496766,21.248679158810514,18.653873663896963,16.09230382803084,8.382136862261977,2.3257799226353795
many_moving,342,6595,115.7017543859649,46.00910673715224,2867,50.29824561403508,46.39342219150525,42.71199810256936,21.411809924512955,18.73922242394746,16.744510424448162,8.487917379548858,2.317008205946974,43.00198245082997,21.250352879030178,18.65591587460367,16.083946312459894,8.398702969419316,2.2929805838503894
many_moving,343,6601,115.46938775510205,45.993206187111554,2875,50.29154518950437,46.38692566239744,42.72215402816775,21.436193742546724,18.770724122816297,16.75146031358264,8.608771190095455,2.3649292112488647,43.00261355200145,21.224482698789732,18.614332073763205,16.098741688859587,8.436635288884244,2.4040164788045693
many_moving,344,6627,115.58720930232559,45.99696490491017,2882,50.26744186046511,46.3850456261268,42.731274403786635,21.406628855859218,18.785585712486466,16.752878647191714,8.497889927102968,2.3400958713591353,43.002765874254166,21.217433376870723,18.609303929623046,16.074314953831752,8.409481132351871,2.342713198417561
many_moving,345,6634,115.37391304347825,46.000572706195186,2890,50.26086956521739,46.39800137282939,42.73408320437614,21.502163413374063,18.86741595557576,16.75053690467775,8.55807181539287,2.3250351622934,43.018067682981446,21.237063019395816,18.632490221301943,16.098909004318692,8.38500709258302,2.323859917658432
many_moving,346,6662,115.52601156069365,46.04243979702285,2897,50.23699421965318,46.34504156748931,42.76528275323274,21.584197676064953,18.930950846768166,16.74378070386609,8.615253079819437,2.336787340595415,42.95625787516296,21.254932371151902,18.698073025425284,16.118043585667955,8.402125306895762,2.324875644931939
many_moving,347,6670,115.3314121037464,46.03450578931642,2906,50.2478386167147,46.32415131138721,42.76764822413034,21.586129194360137,18.941312832751276,16.724871276367537,8.70403848829934,2.352183318897783,42.932449165262284,21.24335348510388,18.70243759186221,16.13104118320527,8.385164440554172,2.329517201136734
many_moving,348,6697,115.46551724137932,46.00669170396426,2912,50.206896551724135,46.29507944861404,42.745454797949215,21.52308461565857,18.90584041753788,16.721207222570538,8.662392458260111,2.335452508620841,42.89982379162766,21.223467301329816,18.705678568760124,16.14204512718242,8.453551135389988,2.360815943278888
many_moving,349,6704,115.25501432664757,46.026103598715565,2916,50.13180515759313,46.28024416566154,42.766917362870885,21.46283024439834,18.822366137010235,16.699518378075688,8.616855614756549,2.3571391438754277,42.88437711649186,21.222510878103854,18.71366895748411,16.147175789798958,8.477259558980075,2.350904286450765
many_moving,350,6732,115.4057142857143,46.03401177377244,2917,50.005714285714284,46.295946310991724,42.78890336084544,21.522402757028175,18.881195645951784,16.677677422169587,8.681021137711248,2.3583315920570334,42.89899651711754,21.231167103743363,18.73074341327789,16.161525596515865,8.47468766024039,2.3348110760740175
many_moving,351,6740,115.21367521367522,46.00258904199528,2917,49.863247863247864,46.309474189912535,42.75470288321742,21.454721149302724,18.832251420802265,16.6973283693973,8.552832004509913,2.346224897325622,42.91177854924236,21.23568152872882,18.73924388526992,16.166587187558857,8.47785529080257,2.3326557677405217
many_moving,352,6768,115.36363636363636,45.92139471744193,2918,49.73863636363637,46.31951830168027,42.67294286523242,21.436238712969843,18.815084436111817,16.73278133277254,8.426411907308381,2.3388432879748837,42.92133175793834,21.237463967443677,18.743228142178054,16.167741792058962,8.481975542245225,2.331701644339444
many_moving,353,6776,115.1728045325779,45.95883206182632,2918,49.59773371104816,46.326519854770886,42.73351989922511,21.498776239995674,18.890533226165694,16.71556287852167,8.477537200681695,2.3352198556591324,42.928032464807316,21.237501626939203,18.74466656143023,16.167245928805084,8.48546660980863,2.331341495661294
many_moving,354,6804,115.32203389830508,45.99533706149717,2918,49.45762711864407,46.33123474812418,42.74525797817846,21.463843485539922,18.84970617698398,16.715076217650086,8.430057811416379,2.3349846778227827,42.93258380204042,21.236441911552994,18.744608183794817,16.16607231291891,8.487970405103942,2.3312694010198456
many_moving,355,6812,115.13239436619719,46.07805060510755,2918,49.31830985915493,46.33433668393501,42.82852959275085,21.481002308420624,18.84638297128888,16.689382990948236,8.482574719971945,2.337807070696431,42.935618379652595,21.234701734492425,18.74365046940882,16.164644569923748,8.48956583869324,2.331335965999642
many_moving,356,6838,115.24719101123594,46.106365226820515,2920,49.21348314606741,46.33063077545377,42.8549632988432,21.39476607497891,18.78195863342494,16.67517860573524,8.301246679066217,2.32236950976392,42.915429114134,21.226925860956054,18.728676816437137,16.173947312020967,8.473692315734338,2.327707433663474
many_moving,357,6843,115.00840336134452,46.03975115235192,2921,49.09243697478992,46.32887063883716,42.78474668070388,21.312003228034285,18.75959494758217,16.714110371324566,8.262571834493944,2.348741042073937,42.904813495342374,21.21908381290016,18.71782828048967,16.17823128625713,8.461652039606346,2.3276285553900924
many_moving,358,6870,115.13966480446928,46.00736418336426,2922,48.97206703910614,46.32800885029898,42.74645768846822,21.389881376351365,18.82552394684365,16.74370776476357,8.423473053716926,2.376710208234243,42.89916445272326,21.212199013650654,18.70987681664472,16.179912395241132,8.452916452686036,2.3277052359125596
many_moving,359,6877,114.93593314763231,45.97994613484933,2923,48.852367688022284,46.32976148490266,42.71866176363345,21.42689564235649,18.870543330357627,16.723232923115955,8.392220232526915,2.363708542254917,42.9036137010471,21.201232184599004,18.69463743717218,16.180835562832595,8.442686018009159,2.330864677752108
many_moving,360,6905,115.08333333333333,45.9569068636573,2924,48.73333333333333,46.3411373987586,42.70564206456705,21.469261059008133,18.911891740441778,16.70992338371379,8.393512776379712,2.3604808088478695,42.91523453798125,21.193852702567376,18.683148939490042,16.176679754741333,8.461476241388914,2.332946132479255
many_moving,361,6913,114.89750692520775,45.955714133079304,2925,48.61495844875346,46.37296087469058,42.70085590358122,21.55492457970964,18.984084348895173,16.744580545995067,8.563469671696257,2.359436128022776,42.950297418077895,21.22508172075113,18.67832804703777,16.161791874243967,8.493661048018993,2.332862969772596
many_moving,362,6942,115.06077348066299,45.93191703197002,2927,48.51381215469613,46.39520402590679,42.66100820815092,21.544168179385295,18.975903975119554,16.770334955838624,8.496357351891536,2.343790751974276,42.975778088084105,21.24372898972601,18.678454746975063,16.154374283003303,8.530124360898983,2.33232640500558
many_moving,363,6950,114.87603305785125,45.96500243498144,2928,48.396694214876035,46.42966920381326,42.6869881665974,21.503428232825684,18.909647660984582,16.738787079502654,8.417437483822882,2.3469448357068243,43.012607237401724,21.27379671765117,18.69001882021932,16.14654165375438,8.502929544138352,2.3204549213252217
many_moving,364,6977,115.00549450549451,45.96779907061763,2929,48.28021978021978,46.43619263349206,42.70527045118849,21.470015346344518,18.887065207101518,16.722908722382996,8.369233938301925,2.339723041360648,43.02162312955748,21.282201333136346,18.693834853334106,16.13414880518235,8.495435068712004,2.32505151102653
many_moving,365,6984,114.8054794520548,45.95440732034113,2930,48.16438356164384,46.426886957394295,42.697843981433245,21.496734972384974,18.856689879513254,16.725971916007854,8.37626721270373,2.3552196997512773,43.01540703717182,21.27098095328171,18.65911560782133,16.134690438015895,8.5592093763835,2.3314636264619306
many_moving,366,7012,114.95081967213116,45.98572327721642,2930,48.032786885245905,46.41281312755001,42.741897031654005,21.522246180432223,18.864014834437878,16.700283323806143,8.472634078131914,2.3513790776656016,43.0043201581279,21.262742500172457,18.637335326792517,16.138378298639207,8.58917393065879,2.330206685197977
many_moving,367,7019,114.75204359673025,46.00947196684296,2931,47.9182561307902,46.39994128572915,42.78167994909565,21.56386690168639,18.933531024875254,16.666468134126973,8.601126489652968,2.3471257645697836,42.99404245504709,21.257278246897815,18.62445396818362,16.142520648946498,8.598538755438408,2.3291014708566036
many_moving,368,7047,114.89673913043478,45.98754206695098,2931,47.78804347826087,46.38972409368071,42.76212829964469,21.532084488618004,18.905923970532935,16.666284506002448,8.533481256665347,2.3445041410042937,42.986001342699524,21.25333838325256,18.616040197503366,16.146213149250865,8.600393001502445,2.328132409361987
many_moving,369,7055,114.71544715447153,45.921065581205085,2931,47.65853658536585,46.38209769657112,42.67396478410249,21.524710741440153,18.89229120691934,16.72634380905879,8.414705467637237,2.3364926096844294,42.98019163942797,21.25027388418025,18.610010352617387,16.14921682422888,8.60010570350566,2.3272818165705678
many_moving,370,7081,114.82702702702703,45.958029399441166,2934,47.578378378378375,46.426656803975774,42.72317444321435,21.535170017391007,18.89578078682543,16.72862390507096,8.471254829692187,2.3563565732355434,43.02332845014189,21.296676189698886,18.641123314924354,16.148613485974007,8.579173295579297,2.4125165114779983
many_moving,371,7088,114.63072776280322,45.94077882680112,2941,47.5633423180593,46.35671751167634,42.69603386496532,21.536771105431786,18.89492293350188,16.774696066005003,8.478308515138945,2.337804578555269,42.979946416506024,21.259680581170773,18.657574489879142,16.153648152786626,8.637239098500437,2.3436201227023323
many_moving,372,7117,114.79032258064517,45.97596238762174,2947,47.53225806451613,46.36972615895277,42.73586263393277,21.58932691894499,18.96069946778805,16.774326542087834,8.515778835006664,2.3504886604570703,43.01514537431096,21.24759217710782,18.626457981483505,16.120420621182703,8.698748355662998,2.349598165976913
many_moving,373,7125,114.6112600536193,45.970398881062145,2953,47.501340482573724,46.377585296847045,42.718033072101456,21.635139451847632,19.02622528069317,16.790357436853466,8.670061740161339,2.337464984009523,43.02838883964443,21.267012769757933,18.65875822675602,16.120790097597265,8.710701894408986,2.335488584610924
many_moving,374,7151,114.72192513368984,45.940386733001034,2959,47.470588235294116,46.367606554231735,42.68932486271612,21.57415439450983,18.99703456582997,16.802187780114817,8.552645736549442,2.3445368465177467,43.023496083043625,21.2513783323287,18.662106521534877,16.112759248604846,8.739440885042091,2.3455273871157862
many_moving,375,7159,114.544,45.97421490875779,2964,47.424,46.35458285497138,42.72751519358313,21.620205384509685,19.02834879685709,16.78694361257961,8.6302047418651,2.358997197887896,43.016142401374196,21.234141983660628,18.64748159226511,16.101851632490195,8.752430566886849,2.348407424003325
many_moving,376,7187,114.68617021276597,45.96394783817112,2970,47.3936170212766,46.315675596803956,42.749692684465785,21.551035919375614,18.982564960043565,16.784926657210853,8.552861605518494,2.346442792715353,42.98017652939554,21.1375524407094,18.591535723119556,16.100941267283794,8.697015196351817,2.336652878113147
many_moving,377,7196,114.52519893899205,45.972766558284476,2973,47.315649867374006,46.35910632909846,42.72476578656524,21.556999192745785,18.927441954932384,16.790556696243716,8.53275831595152,2.33573942716583,43.04002958992576,21.049278643851522,18.48067087742455,16.06271282304847,8.55278254907405,2.352374776631803
many_moving,378,7223,114.65079365079364,45.984198639115284,2974,47.2063492063492,46.39381503185859,42.73226448386954,21.55145648368597,18.900446577543583,16.78008427018087,8.506249704166772,2.3372754987829505,43.081737480194064,21.018610219154162,18.441642889360487,16.055275546864877,8.495511981910479,2.34758035500264
many_moving,379,7230,114.45910290237468,45.99198796346022,2975,47.09762532981531,46.397023704452934,42.74097967902749,21.565372322049644,18.896792862056145,16.768293593178704,8.605624935489981,2.3383171469855766,43.09175079272518,20.99572249672738,18.41996145520982,16.04677772802618,8.47740390208074,2.336794637330132
many_moving,380,7258,114.6,46.0186490824896,2976,46.98947368421053,46.40795463473764,42.778580942792495,21.546193679345603,18.90729425499433,16.747018989045465,8.58102797659887,2.3362058565468304,43.107271025810675,20.98350768822778,18.41407209261265,16.039371724753014,8.446810481433602,2.33069517570254
many_moving,381,7265,114.40944881889764,46.02166177445269,2976,46.866141732283474,46.418490625882995,42.78875764262663,21.5787838598568,18.960490135552206,16.729890651580302,8.48684671110297,2.3518459355800836,43.121524857056095,20.97390598473036,18.406374121962596,16.0342996013226,8.445605376913688,2.3283178131797135
many_moving,382,7294,114.56544502617801,46.03189263990865,2977,46.75916230366492,46.427825212833405,42.83331665817197,21.55108298469355,18.961077638502925,16.70368972025568,8.42538959869473,2.3752259848366752,43.134122454287336,20.966580055534955,18.399348974030747,16.030852657858322,8.455079983802028,2.3259668256763875
many_moving,383,7302,114.39164490861619,46.010542107492924,2977,46.63707571801566,46.43568585708609,42.80667412931214,21.570396245549542,19.006608326336316,16.72711024720484,8.600754629060173,2.3650938908531725,43.14495624448992,20.96084663035149,18.39346096424106,16.028508255164432,8.467939748741303,2.3237864912875663
many_moving,384,7329,114.51562499999999,45.99768948030805,2977,46.51562499999999,46.44208721898155,42.78206003232482,21.56829318626121,19.000936844316932,16.742263780530685,8.624952057402057,2.351204119460309,43.154102598684474,20.95614876636278,18.38860201481608,16.02690804189312,8.48123646265824,2.3218238107053986
many_moving,385,7334,114.29610389610389,45.97814567664598,2977,46.394805194805194,46.447165876148965,42.76614422018853,21.56260595211387,18.9919597707918,16.719090521367054,8.508956718403503,2.356249864274334,43.16172182052469,20.95210369811716,18.384546344939622,16.025809645442163,8.493787099305996,2.320086549636629
many_moving,386,7362,114.43523316062176,45.958490581272414,2979,46.30569948186528,46.45253977499183,42.72186922456557,21.620633562852717,19.015572306306332,16.734835226313425,8.550970390139781,2.3658279116310394,43.17337885722455,20.94919351612814,18.384023745566886,16.0256184832755,8.508502329451616,2.3194846588372107
many_moving,387,7371,114.27906976744185,45.99433585766483,2980,46.201550387596896,46.45626855407681,42.76220559320151,21.5785270762291,18.9648842098515,16.74432636596772,8.55153495086487,2.3541714513212324,43.1813782423506,20.946888713928214,18.38311572304664,16.0265932416954,8.521365685083977,2.318221554422419
many_moving,388,7398,114.4020618556701,46.055123543885315,2981,46.0979381443299,46.45882826246753,42.804382751239146,21.66530803313806,19.02393167852366,16.75386663170414,8.722308043708288,2.340187470914995,43.18708666566819,20.944626316118974,18.381859242441447,16.027960636475882,8.532238486255856,2.3171061984242183
many_moving,389,7406,114.23136246786633,46.08366760958376,2982,45.994858611825194,46.458662449814774,42.848435460326094,21.565767852277457,18.90437410745512,16.713220603162586,8.627309518196839,2.3562655507879016,43.18876149063216,20.949600787295825,18.381038743943673,16.036317387847745,8.528818117209841,2.3169767408686055
many_moving,390,7433,114.35384615384615,46.04831579080831,2982,45.87692307692308,46.45839525849669,42.81671450477574,21.50664452092681,18.867418453096246,16.70830933722198,8.40568847472246,2.3287147909206634,43.18965068964709,20.95222866774176,18.380744560534417,16.042100912470815,8.529776556559085,2.3168108488236556
many_moving,391,7440,114.1687979539642,46.004957586751516,2984,45.79028132992327,46.47001267828448,42.741470859944364,21.612700422835886,18.970885793346298,16.777887496303713,8.428807040680365,2.3215501187965115,43.20027316472225,20.965214126250082,18.386252630589336,16.041953416574717,8.578985520436378,2.319641669261936
many_moving,392,7468,114.3061224489796,46.009071853244656,2986,45.704081632653065,46.45394360775233,42.73289649858828,21.600848057658304,18.95958881836271,16.800754023771432,8.425719100706923,2.3339241321064086,43.17340372128069,20.98523923922675,18.436245740492655,16.06643944220588,8.63117285343045,2.320603282126717
many_moving,393,7476,114.13740458015268,46.06237355059026,2987,45.603053435114504,46.435974024764185,42.812488204271546,21.565460822962237,18.921560871849174,16.74011423069126,8.437746991425328,2.3429211600006776,43.15005313305401,20.984464910698645,18.451695718283876,16.068865946672588,8.652884458055906,2.3303772992637315
many_moving,394,7504,114.2741116751269,46.04509285339498,2988,45.50253807106599,46.4283616562952,42.77855257414839,21.625608036743117,18.966543714479975,16.740543354079445,8.503233962976624,2.3225452485252784,43.13879861351131,20.985075434670666,18.459830437055082,16.07168728194804,8.656019160743103,2.3311789588658436
many_moving,395,7512,114.10632911392406,46.06185986034102,2992,45.448101265822785,46.43476867845457,42.77548628344443,21.659598448921752,18.976740661220447,16.735577590521387,8.594395177264351,2.351935075867035,43.16260301737333,21.031761848799917,18.466101986023784,16.075639718101538,8.71898896973934,2.3026082616850485
many_moving,396,7538,114.21212121212122,46.05749246610562,2996,45.3939393939394,46.42326818402649,42.77723712065009,21.60176502244456,18.89680910016317,16.7346942774869,8.563299405908644,2.342042181621446,43.14129419800346,21.027269482531747,18.487153161417453,16.067507131300165,8.725020201488244,2.340858022935311
many_moving,397,7545,114.0302267002519,46.059293895421206,3001,45.355163727959706,46.41621927541001,42.782177483033976,21.563163415664704,18.887753769655042,16.747226472023925,8.440620292263336,2.3347564224619988,43.13214146048415,20.98742673763424,18.46892682830834,16.06507622694194,8.659914487469292,2.3398203897871506
many_moving,398,7573,114.16582914572862,46.06476150586788,3004,45.28643216080401,46.401725212493105,42.77732969055033,21.553949633750666,18.87848431664049,16.763154261203585,8.441573413010586,2.34363155586229,43.106578989730785,21.064816258045386,18.528394781935738,16.0753222263115,8.739879197863972,2.3448265660371037
many_moving,399,7581,114,46.069884930838306,3007,45.21804511278195,46.387381241341515,42.80645756911959,21.609060279341232,18.964178512548436,16.766109598836348,8.460508911811669,2.3298228930415634,43.08031396213049,21.102354705395303,18.573950010770353,16.075492474883344,8.779039649502185,2.3442330122096373
many_moving,400,7608,114.11999999999999,46.05405921654138,3011,45.165,46.39078997600626,42.784368692922435,21.648505615754573,19.00804066193213,16.784077570650474,8.525588794733146,2.337224391344564,43.10412337663472,21.039681973822006,18.52462510751706,16.058388590157513,8.755874451670186,2.3545356505244
many_moving,401,7615,113.94014962593516,46.05512481404109,3019,45.1720698254364,46.34996664025313,42.779198127088144,21.711029935539667,19.049959685947197,16.79145004856822,8.58958716168688,2.33041575889422,43.051442605743176,21.042978832507515,18.53798016990681,16.069913495684673,8.72983304644131,2.3087952931651112
many_moving,402,7644,114.08955223880596,46.075663062707186,3025,45.14925373134328,46.34425023484501,42.807083913651226,21.633595590929776,18.99220137121311,16.787343385952152,8.508303505798839,2.311456239102845,43.05769307677643,21.017228898492757,18.511966373165855,16.05438530975836,8.652683421574716,2.341974388613818
many_moving,403,7652,113.92555831265508,46.09804300331256,3030,45.111662531017366,46.31084406167761,42.8471869087787,21.62097056581447,18.98179760041384,16.771560872639196,8.54031782265404,2.334000447575316,43.029453862021356,21.016382020397987,18.537982532799926,16.064160948197777,8.517406692437152,2.335425796595219
many_moving,404,7680,114.05940594059406,46.10731447474106,3034,45.059405940594054,46.27440117578669,42.849657091068195,21.689475962654008,19.031193681771605,16.775657411895775,8.659149889137026,2.330477945967876,42.99353046823446,21.003870124971964,18.544691923759746,16.083699809360382,8.54564925180926,2.3470422599772096
many_moving,405,7688,113.89629629629628,46.07753374841259,3038,45.007407407407406,46.27661162197409,42.827583477405334,21.707510300473405,19.066638803584603,16.788874972264576,8.740014308674866,2.3362879732874986,42.99634430743289,20.994770770725435,18.540992886414507,16.07266523607091,8.528008437103242,2.3440293253358306
many_moving,406,7715,114.01477832512316,46.06667247404333,3043,44.970443349753694,46.26142543940876,42.79947673836932,21.697685613035862,19.045798141335702,16.80066176932183,8.760205667914033,2.3292791907811075,42.98227401517074,20.97843804823744,18.534878181883734,16.071711487209896,8.53624783078097,2.3493382733641908
many_moving,407,7724,113.86732186732186,46.06081853600548,3048,44.93366093366094,46.31664904925595,42.797056443469714,21.654013028367363,19.03115733411317,16.80215112641611,8.674833873142074,2.3420577179132454,43.04158395564838,20.98726896285039,18.517669151343874,16.046908492087507,8.50577803184611,2.341288490310962
many_moving,408,7752,114.00000000000001,46.064860827103026,3051,44.867647058823536,46.349611667342096,42.81226254687671,21.684990393494775,19.087609074386595,16.78794571274837,8.69168846474447,2.345469877775463,43.074677597965994,21.002019372380293,18.53226114244055,16.04466846008505,8.503565378564213,2.340300690691774
many_moving,409,7760,113.83863080684597,46.0485976223858,3052,44.77261613691932,46.37065948506594,42.81029786903256,21.718084711251183,19.094502084888724,16.788045678513367,8.664645990985477,2.333755105444227,43.09552766047711,21.0036688485619,18.532566242814944,16.038826279582278,8.503737781669312,2.3501350659748157
many_moving,410,7788,113.97073170731707,46.04189177417166,3053,44.678048780487806,46.38499359296282,42.75758188823135,21.693263108046626,19.04033673245643,16.80637728996765,8.60072357363343,2.324628814451605,43.10984634503935,21.005165698941756,18.53790560124541,16.03306419046367,8.495809286703025,2.350037959160727
many_moving,411,7795,113.79562043795622,46.05658754577305,3053,44.56934306569344,46.395923961736976,42.74969728875378,21.68916313945588,18.98038797480739,16.821387684657456,8.621029411925042,2.310798591814442,43.12085607590918,21.004231634027743,18.53834415946605,16.02817211545538,8.496987305463728,2.3504493243076054
many_moving,412,7824,113.94174757281554,46.1098145471941,3054,44.47572815533981,46.404232388004665,42.84831680665903,21.661495587909798,18.94361062216477,16.799117590377,8.67529046560376,2.337179259904142,43.12932599645157,21.002051610315082,18.536409465886397,16.0239741002177,8.500716302706426,2.350527046035597
many_moving,413,7832,113.7820823244552,46.0650248170468,3054,44.36803874092009,46.41058550258608,42.80339813713865,21.652342511191744,18.940797042464183,16.76923369717162,8.684880962841708,2.337024987559748,43.135899787447514,20.999196340333945,18.53327670270109,16.020304770071863,8.50471356037874,2.350479196404526
many_moving,414,7860,113.91304347826086,46.029154848925,3054,44.260869565217384,46.41550689554498,42.752232474483236,21.616608341673867,18.927934664358435,16.754947912547696,8.579859734184456,2.3269150405166386,43.141078567620916,20.99596659379158,18.529528507753632,16.017033133421926,8.508265674628104,2.350392102662141
many_moving,415,7867,113.73975903614458,46.04690716656419,3054,44.15421686746988,46.41938719142071,42.75555237103005,21.594936663452568,18.933540110973475,16.76773433542433,8.507923813192766,2.319454303174503,43.145234741819294,20.992531238404133,18.525470552428082,16.01406006943798,8.51122762187764,2.350301548030646
many_moving,416,7894,113.85576923076923,46.05074126549589,3057,44.09134615384615,46.41883511242938,42.78981102334043,21.55828091917227,18.922019522137987,16.760732103345894,8.432524887140001,2.3418928625222617,43.13492987017211,20.999472448129616,18.52293829847108,16.017910885543692,8.52237884034283,2.3489361360545042
many_moving,417,7903,113.71223021582733,46.020087304310906,3058,44,46.42832744380903,42.751396062309446,21.524584104366713,18.931122907210412,16.785546050921987,8.381258540117095,2.3467073807932417,43.13822841658251,21.004178215072542,18.51964300981445,16.015987552274865,8.538062955890057,2.359127395254853
many_moving,418,7929,113.8133971291866,46.02508291918974,3059,43.90909090909091,46.43451836302226,42.77173927518984,21.55572838988388,18.968338165755814,16.789754758890112,8.470760616169114,2.3595703289024432,43.14132174901744,21.00644492746208,18.51745491722538,16.014711988111785,8.547211844029182,2.3586951424171674
many_moving,419,7936,113.64200477326969,46.06954503205313,3060,43.81861575178998,46.433732907424556,42.82988305903607,21.596951916718776,18.962324944641313,16.791670144799532,8.582917219134591,2.33948224037821,43.13084410432687,21.037493617644074,18.534087442847902,16.031248868114293,8.519186914681816,2.3472998414063646
many_moving,420,7963,113.75714285714285,46.09988207582382,3060,43.714285714285715,46.43346192022214,42.90313818023052,21.63046912115301,18.98458036525705,16.776395113136612,8.666491880648026,2.336480925774668,43.12470747496905,21.056354398709104,18.54503454533087,16.040604748216555,8.50387959073536,2.3489310044122056
many_moving,421,7971,113.60095011876486,46.08158144827384,3061,43.62470308788599,46.41072541590039,42.85421086806855,21.728486592349388,19.09015692370017,16.785884525694623,8.712795047593449,2.3256608915378565,43.10020401409759,21.06780092686332,18.555704471661663,16.054693227524577,8.444087105008284,2.3461327950253494
many_moving,422,8000,113.74407582938389,46.073177975734254,3063,43.54976303317536,46.37117638875496,42.8227186459196,21.681242799303615,19.04801152335963,16.783772716164805,8.694577361967225,2.334901318879412,43.06028506365044,21.05514647390079,18.537648880318386,16.06124534100094,8.413917836561879,2.349382893980032
many_moving,423,8007,113.57446808510639,46.059128859711194,3064,43.46099290780142,46.33233991346289,42.81458593189935,21.612048490075242,18.987513320265162,16.801474661932367,8.57829090877831,2.331482046904338,43.022475364057115,21.03253171732778,18.52230132186888,16.071342789943234,8.461612852899908,2.359298339675531
many_moving,424,8035,113.70283018867924,46.02191763080608,3065,43.37264150943396,46.31277326562564,42.78369270940557,21.645401838791834,19.046688142755947,16.80897721056153,8.571510762081704,2.323390927729845,43.005035890190065,21.02773159482616,18.519268456302882,16.06904050652185,8.46966016053627,2.35581605860528
many_moving,425,8043,113.54823529411765,45.961096135747255,3066,43.284705882352945,46.29891470278131,42.74093408994574,21.636124747258602,19.080356925833527,16.834446657548497,8.598342493132824,2.357604009864398,42.99353776033469,21.031954754344095,18.53167551052799,16.06660516280202,8.471698033572991,2.3524794302951473
many_moving,426,8068,113.63380281690141,45.9658566107106,3066,43.1830985915493,46.297866917462436,42.722269780662906,21.675673128280913,19.113513692642037,16.848989549038404,8.610379650623798,2.368580266067812,42.99436167022904,21.03551870696235,18.536900038618235,16.063622172734235,8.473209021316615,2.3482749237291225
many_moving,427,8075,113.46604215456675,45.98460619526847,3067,43.096018735362996,46.30069845709164,42.729438352002916,21.710325686380028,19.099189758775232,16.80723917765135,8.54223218394372,2.3607053899018733,42.99885911025962,21.037614292709385,18.538506013044614,16.06109801609756,8.476883277282328,2.3456876226441365
many_moving,428,8102,113.57943925233644,45.95516125256079,3067,42.995327102803735,46.30455189380344,42.69309935430705,21.70524551679097,19.081106120915774,16.797392005276095,8.556996595062763,2.3586316172995243,43.004237970851285,21.038860214150898,18.53862791272352,16.059198593362485,8.481876035453627,2.343827655844655
many_moving,429,8109,113.4125874125874,45.98789775074811,3067,42.89510489510489,46.30846394591134,42.72037456106371,21.711124942019758,19.101030234020165,16.79269856900879,8.609820442110042,2.358556763974114,43.00954881502496,21.03972195768093,18.538273823423186,16.057835210544507,8.487268559662331,2.3423357416967736
many_moving,430,8137,113.53953488372093,45.99362155334242,3069,42.82325581395348,46.312346649347006,42.728971658208934,21.64702169241253,19.056964459844274,16.795788898605448,8.56574920257054,2.350990231613741,43.014629175428986,21.04069232425766,18.53800605860272,16.056886432945312,8.4926217362714,2.3111481072652476
many_moving,431,8145,113.38747099767981,46.01186836350817,3075,42.80742459396752,46.32297166370421,42.75586633485277,21.699655396212417,19.108072546453563,16.792184417888524,8.610931058890937,2.35507733307759,43.037373198377956,21.043334186346694,18.54445649239309,16.05620568061394,8.51466105985108,2.3385445552383577
many_moving,432,8173,113.51388888888889,45.96891938644773,3079,42.763888888888886,46.32583984446843,42.6796365071484,21.66882903801515,19.06161635111045,16.830651652232714,8.494663409128622,2.344109810969982,43.04866258063794,21.040573269892363,18.544895837178306,16.058843853683406,8.52797317040942,2.3258056484942937
many_moving,433,8179,113.33487297921478,46.022964195122356,3083,42.72055427251732,46.332756596812864,42.744014937412274,21.64039536833389,19.0276714977987,16.81228147571257,8.591539241034548,2.3560851689327706,43.05922715174646,21.0436348395534,18.547752250126962,16.059390603900038,8.53943819109029,2.3305041391435477
many_moving,434,8207,113.46082949308756,46.037540083611745,3087,42.677419354838705,46.33577856598851,42.759206814281825,21.677710158581213,19.05778840418288,16.807291594824967,8.658164935453957,2.3422341654256518,43.06597786576059,21.04275487212053,18.543248770108768,16.059113561794984,8.54233991160782,2.3432720385353796
many_moving,435,8214,113.29655172413793,46.011347645388604,3090,42.62068965517241,46.33654934707165,42.75156980981605,21.608837439543166,18.984428220372305,16.761899059964392,8.56623691584695,2.364057405605215,43.06866508227396,21.042465930806344,18.541741185294676,16.052733484901278,8.54015553735635,2.3438418477522585
many_moving,436,8241,113.40825688073394,45.97034179752021,3094,42.57798165137614,46.36465473064482,42.69594276714331,21.570381946120172,18.92346164621251,16.763088255015177,8.49070843396243,2.3458802366304714,43.09651183250689,21.045968592847483,18.53512386869233,16.067705437668742,8.604586432277529,2.330532635353048
many_moving,437,8248,113.24485125858124,45.950477838981065,3097,42.52173913043478,46.368484589767746,42.653712880253735,21.59925339183009,18.942378744196006,16.82374349572864,8.607216907723224,2.3352329717631624,43.09692242469541,21.048287832030255,18.540862859077485,16.07900991066074,8.645057193355889,2.3313504918370014
many_moving,438,8275,113.35616438356165,45.97244625989038,3097,42.42465753424658,46.39617122768006,42.68365801369899,21.643844083601945,18.99236723996876,16.83025624600592,8.775485599062625,2.3535413384169432,43.121202843250146,21.072629895940945,18.556798227258707,16.078328146117222,8.60857896599058,2.3235611587909015
many_moving,439,8283,113.20728929384966,45.97155115809375,3098,42.34168564920274,46.40845653052377,42.67471610436671,21.661750781602628,19.0259967291373,16.836614172201106,8.589938864442669,2.3222060803965454,43.13083101556372,21.07558475011069,18.55603021974386,16.07501431313416,8.595309582092401,2.333261190386299
many_moving,440,8309,113.30454545454546,46.00531248800645,3099,42.25909090909091,46.41629367885389,42.73908105889168,21.683898886436317,19.08482938142628,16.805115554679347,8.51349857238068,2.337340812453561,43.13632141172583,21.076004854936873,18.55458267412753,16.071481247116285,8.58506644109661,2.3353478704006934
many_moving,441,8317,113.15646258503402,45.99910303749579,3099,42.16326530612245,46.41855148323081,42.76380413651146,21.708445936531348,19.142603385044225,16.77304638117045,8.638573450222848,2.3665247621166943,43.136648837912816,21.076006289658665,18.554485047892353,16.069775406959327,8.58236461698843,2.337475471587051
many_moving,442,8346,113.29411764705883,45.99229899341327,3100,42.081447963800905,46.41946012870383,42.74016491123326,21.655203485662927,19.091200933458925,16.775154691355073,8.628943294592057,2.3565788368021314,43.13582578530863,21.076530768600485,18.55519110076628,16.06941308707495,8.58093421327136,2.3387804634434737
many_moving,443,8354,113.14672686230247,45.96924418977813,3100,41.986455981941305,46.41996161106694,42.70552612103641,21.62123432586492,19.03458239824176,16.776497784821178,8.483152505302746,2.3829587080090433,43.13473977508174,21.077362959171374,18.55617508481018,16.06922483918828,8.579749491280085,2.339727697974449
many_moving,444,8382,113.27027027027027,45.94808192262966,3100,41.89189189189189,46.420322703643926,42.66608543221359,21.62334679776013,19.013920048148496,16.78490152367464,8.536554445272337,2.3722448309429893,43.133635522082685,21.078304139321755,18.55717507750121,16.069132125273395,8.578703374463684,2.340485216084069
many_moving,445,8389,113.11011235955056,45.9966209596465,3100,41.79775280898876,46.42064787050193,42.73276886541934,21.595531265222633,19.02936618309154,16.762020133443194,8.488682231866317,2.3487532460135028,43.132602956827995,21.079257606918496,18.558087395042335,16.069095492151924,8.577816985588829,2.3411228229459047
many_moving,446,8417,113.23318385650225,46.00650621838076,3103,41.74439461883408,46.42689287971749,42.70590088125811,21.64282951759544,19.047436567318734,16.78513522622953,8.557296156893319,2.343687288714382,43.15330950304436,21.05750039660014,18.55206521527156,16.05885686532899,8.555861917302082,2.3433295669412493
many_moving,447,8423,113.06040268456375,46.01581052847718,3104,41.66442953020134,46.430815257140736,42.73684188154294,21.652685803666206,19.034790546802945,16.762212029823573,8.466783534231146,2.345542243874058,43.16369381899137,21.047828866220733,18.549614357463952,16.053540686223414,8.546243750471982,2.344917172635408
many_moving,448,8451,113.18303571428572,45.96701793327462,3105,41.58482142857143,46.43306289235832,42.707357787349274,21.647069801826934,19.0227075439507,16.768434164556197,8.405347119062693,2.346221839096527,43.16861684218584,21.043887506000125,18.548958686558976,16.05093578699859,8.541975647347874,2.3455806609480905
many_moving,449,8459,113.03786191536749,45.96276205423721,3106,41.505567928730514,46.43646240647567,42.69650340078558,21.59588853086666,19.01476021441951,16.785815753878076,8.511798739237907,2.362180482268385,43.17357720622115,21.033837548816162,18.547539092181495,16.041989543036557,8.55162241119812,2.3434032274881984
many_moving,450,8485,113.13333333333334,45.90752716678454,3106,41.413333333333334,46.43898940620139,42.645166288030616,21.631896210700017,19.11328723968287,16.810760813453545,8.481328564061169,2.3496637691660642,43.17730567974989,21.027437403290154,18.545662166848963,16.036301434331264,8.55688629837129,2.343123368564285
many_moving,451,8493,112.98891352549889,45.92674759517844,3108,41.348115299334815,46.428862742715175,42.71119053163818,21.56498189251914,19.00670967142064,16.79558391844961,8.42196293649719,2.3504324488299995,43.16882802883079,21.023322386545104,18.545950743889755,16.037112467598018,8.532923032657974,2.3411985350149997
many_moving,452,8521,113.11061946902656,45.9820296872458,3110,41.283185840707965,46.41350088342393,42.766340502247935,21.569345731676012,18.949271006850456,16.791811498163668,8.514338467906265,2.352382731366967,43.154495686657846,21.018795107504666,18.549273810613425,16.016561649293763,8.491421435452855,2.3546469438921718
many_moving,453,8529,112.96688741721854,45.997989319860885,3110,41.19205298013245,46.38530573404418,42.75675670183358,21.59208655045428,18.976050330760987,16.79285233241702,8.47646255031758,2.330863779005245,43.12773028159556,20.996348664370764,18.536230583542725,16.00618202384017,8.509275219356836,2.3650114241009965
many_moving,454,8554,113.04845814977973,45.98532041749769,3111,41.11453744493392,46.3754919606679,42.731019126682824,21.537478990453774,18.919992443795742,16.805744424098943,8.315856374949016,2.327496903215866,43.11868935633321,20.986876870844135,18.528701157262976,15.999283875983632,8.506198639425273,2.3667312463951475
many_moving,455,8561,112.8923076923077,45.952426147757116,3115,41.07692307692308,46.36751727510432,42.69799899049913,21.5271559953385,18.915892882197266,16.81772543357091,8.350590900766733,2.3493353606153144,43.13634718185159,20.985331790661437,18.474842571669114,16.00834906363232,8.593731806466405,2.338611436090078
many_moving,456,8589,113.01315789473685,45.90065970343592,3119,41.03947368421053,46.33365949889411,42.633283537905015,21.53802172113893,18.934823070067896,16.82970123889969,8.423271077775613,2.3272645044220783,43.085266352982714,20.978401320399144,18.478930482235228,16.012538120006962,8.645873325122482,2.372908509973968
many_moving,457,8597,112.87089715536106,45.936803191466545,3124,41.01531728665208,46.310072023496645,42.69862845647538,21.596060465721894,19.03017030037035,16.80980067762008,8.472199942868448,2.3588164001653458,43.04477877955399,20.99076561004914,18.49272442963976,16.025376983248105,8.643204057149596,2.3679961208225486
many_moving,458,8624,112.97816593886462,45.93369314088375,3132,41.03056768558952,46.29109779083276,42.66608427658226,21.654326742130028,19.06434289918376,16.83473652447139,8.487329412489194,2.3507252327115093,43.02245423920683,20.97590390458077,18.549777961685656,16.051853452362703,8.63125826513411,2.387127472400397
many_moving,459,8632,112.83660130718954,45.95900419023345,3140,41.045751633986924,46.307409949980254,42.68250723953478,21.608340447712184,18.98421555154538,16.81217267476891,8.527794200468835,2.347618404210176,43.03939162724663,21.017674150952626,18.522811795235956,16.02449559784022,8.652536739448548,2.373458293865266
many_moving,460,8659,112.94347826086955,45.95937363974164,3148,41.06086956521739,46.3280581093639,42.676076199323354,21.59895420668035,18.98097258537586,16.813787641229005,8.419194548263643,2.327336515165636,43.07840029389074,21.025300127298152,18.48218258200999,16.0186167428264,8.666109292570992,2.37441201111374
many_moving,461,8666,112.78958785249458,45.947678606673385,3158,41.10195227765727,46.32536249752842,42.65561449374619,21.679637760848465,19.056838985897425,16.841328689236647,8.570499545294622,2.3391710816565032,43.03417651521035,21.03083617110244,18.485437101936736,16.04946480217321,8.599906286622222,2.3416780290273604
many_moving,462,8695,112.92207792207792,45.95002201353582,3164,41.090909090909086,46.30061225605959,42.643669003558145,21.722323339061326,19.080254499263297,16.852087978844704,8.657135956128583,2.341662101542485,42.97212553047882,21.022494102011194,18.471831159587577,16.059383636564245,8.533867574038105,2.337007612982584
many_moving,463,8703,112.78185745140388,45.94285398697142,3169,41.066954643628506,46.271631792883035,42.66682896447303,21.67284511933504,19.02322618505829,16.84284245347294,8.690066898536736,2.3429236758971475,42.91729527926051,21.012278905698704,18.467449288473755,16.09531309476135,8.590407321275599,2.3503955304409807
many_moving,464,8731,112.90086206896552,45.94362991473088,3173,41.0301724137931,46.274911656528886,42.66565980675409,21.70227869002196,19.051184824482682,16.844402467380124,8.692939253315698,2.3383845429150427,42.909769486467596,21.01727343924931,18.461063572317926,16.08563161585048,8.471651123903904,2.338721616610445
many_moving,465,8737,112.73548387096774,45.9574977594246,3173,40.94193548387097,46.27798492103499,42.69687255184218,21.73205430763135,19.085637586528737,16.82334095846761,8.697379592428073,2.3355548873014795,42.90460606873679,21.023836454861495,18.471716881894064,16.091167231499053,8.45053364225179,2.3427054794909092
many_moving,466,8764,112.8412017167382,45.96224702294981,3175,40.87982832618026,46.31784097417388,42.72448305461369,21.701169006713407,19.078231029794104,16.804921166140055,8.597548372880732,2.337024090904186,42.937206759840215,21.026179505458057,18.467868236192043,16.078673717443696,8.522145460106296,2.349059833320513
many_moving,467,8772,112.70235546038545,45.98496898501505,3177,40.81798715203426,46.36502434132999,42.74367499724647,21.668008124358682,19.032170433199024,16.775994314275536,8.533978549009053,2.342868516928913,42.98927866813698,21.014866396904594,18.4207353729001,16.065887103790114,8.561434549036692,2.338371773756407
many_moving,468,8799,112.8076923076923,45.97500242903553,3177,40.73076923076923,46.39395031799343,42.708799426142306,21.656538738798403,19.003840048566907,16.782243786238908,8.542715476700895,2.346090185799145,43.02089932933661,21.00833491543211,18.400151131097854,16.060653740532725,8.602907864188861,2.3319911086042464
many_moving,469,8806,112.65671641791046,45.9699277942145,3178,40.65671641791045,46.4104397148688,42.67528895709129,21.643493930232285,18.99335735492196,16.872842943361437,8.680373222895659,2.3545560374231744,43.04015120989082,21.0095546818942,18.3979036515442,16.063182213509446,8.6378931186094,2.316714303572952
many_moving,470,8834,112.77446808510638,45.99114714784288,3178,40.57021276595745,46.42509399074746,42.72648477044449,21.579107978790123,18.968669788401495,16.89373748281475,8.66565057787,2.338844500585119,43.05711636358576,21.010346129000386,18.39700129977368,16.065407535856462,8.662425670997377,2.311817681314341
many_moving,471,8841,112.62420382165605,46.02387391834346,3178,40.484076433121025,46.43697893754733,42.765214425736445,21.657349642925503,19.020189783009876,16.856181141814425,8.561488817561717,2.3283741402139304,43.07109167784192,21.010250969010986,18.396160697759406,16.067274009988147,8.68152542728639,2.308593816301066
many_moving,472,8869,112.74152542372882,46.034617545531454,3179,40.41101694915254,46.446366327241634,42.75516049988812,21.6880290589548,19.006413057179053,16.857006640383876,8.619318462371153,2.3360757108590877,43.08239406501818,21.009510840711105,18.39521545724036,16.0688250801453,8.696994620357696,2.3062310542295177
many_moving,473,8876,112.59196617336151,46.06661349035476,3179,40.325581395348834,46.4537166300433,42.78562763880513,21.700502063901673,19.023760130061806,16.87293912082447,8.671440367244632,2.3064548718499545,43.09148959975371,21.008356705504966,18.394191111357344,16.070101580656527,8.709700190232152,2.3043816664605856
many_moving,474,8904,112.70886075949366,46.08018088310955,3179,40.24050632911392,46.45944981192882,42.81392533365405,21.76442451053693,19.11624893679267,16.8812830987546,8.69394422526089,2.2890441205591783,43.09880119307952,21.006936255730256,18.393123451500372,16.07113006251641,8.720177850908353,2.302884314247782
many_moving,475,8910,112.54736842105262,46.07531608899746,3179,40.15578947368421,46.46390737451627,42.82811685731103,21.778156148769497,19.120730273486167,16.84209425719397,8.645301231928405,2.30036001817388,43.104677667160814,21.005338719870366,18.392034090466115,16.07192906945476,8.728813713336404,2.301654579901666
many_moving,476,8937,112.65126050420169,46.08177023130964,3182,40.10924369747899,46.47929348080132,42.83144847828911,21.805409844617564,19.131960155958275,16.82256650751064,8.675391141307989,2.316751280908732,43.15629852709144,20.993123652536685,18.405880849751057,16.051595889503265,8.741311510937821,2.308186568797157
many_moving,477,8945,112.51572327044025,46.066262896783556,3183,40.0377358490566,46.485236865551386,42.8160320934163,21.737113089645387,19.099439571084087,16.831111553172867,8.731719658911295,2.3404702084608013,43.18962354196314,20.987244495075753,18.420205288254888,16.038505150916777,8.752650574025779,2.3046865403898202
many_moving,478,8972,112.6192468619247,46.01135720848991,3184,39.96652719665271,46.48881265920339,42.74920139506814,21.731514502064922,19.101274085727265,16.853918896335262,8.754442387994752,2.3341776659138818,43.207915934523314,20.986493684716553,18.429609404263733,16.03126264862432,8.76560319954539,2.304567140846661
many_moving,479,8979,112.47181628392484,45.9941664605613,3186,39.908141962421716,46.493809468350044,42.73034008661778,21.722440565631732,19.076882528349426,16.8073343035384,8.598367760027184,2.3217823237127235,43.21867932888304,20.988317729174206,18.436149417972146,16.02582313625266,8.747819970924741,2.2976690121363412
many_moving,480,9007,112.5875,45.99728987145017,3186,39.825,46.496417170689675,42.74186016905882,21.63943557387417,19.006151553786104,16.77342128587728,8.478418749653516,2.3265307472059185,43.2247460512134,20.988148093323414,18.439375922097696,16.02150540108549,8.744786759249566,2.2989478830756545
many_moving,481,9015,112.45322245322244,45.985041849457076,3188,39.767151767151766,46.47790891924642,42.723142103704966,21.66589976840135,19.020115182896923,16.80424304154385,8.523702842092991,2.3390250564242576,43.21024041853302,20.98645526267278,18.44358859577717,16.02593204776497,8.70071318563876,2.295757667953935
many_moving,482,9044,112.58091286307054,45.95787717742272,3190,39.70954356846473,46.46358331965135,42.702304977829996,21.685545554655956,19.01914337203339,16.81828594036667,8.585198020461103,2.3562871364964657,43.19850343931869,20.982530825720946,18.444957250002,16.021132921959012,8.672300982587274,2.299780259297381
many_moving,483,9052,112.44720496894409,45.989630634342504,3190,39.62732919254658,46.462640272095,42.74803420459098,21.680655205467346,19.03448782442653,16.8166484745322,8.443503714789268,2.3168934785190816,43.19902477613764,20.98267976133921,18.436703581297888,16.001745934621827,8.606554195120871,2.2938058726509682
many_moving,484,9080,112.56198347107438,46.04454752537726,3191,39.557851239669425,46.45344273645426,42.82764678426299,21.676001473508535,19.038038009066263,16.798471813461774,8.430922854672602,2.3325199102118668,43.18993036024038,20.979960534077065,18.433452130574338,15.991344691060155,8.57551951802644,2.292882322938384
many_moving,485,9087,112.41649484536082,46.030341417218075,3191,39.476288659793816,46.44529098744145,42.782135243011396,21.728106079703235,19.082902675658616,16.81671413116887,8.500118285965891,2.316474769624009,43.18132090598406,20.975843668082973,18.430374890456896,15.984031178206457,8.555494016487465,2.2942767854941772
many_moving,486,9114,112.51851851851852,46.017363922957195,3191,39.39506172839506,46.43868618154462,42.74323258928541,21.69025337516378,19.03831517084614,16.838883184227182,8.42785399593169,2.305857020397357,43.174100668592686,20.971443256236192,18.42747332756486,15.978056579555616,8.540621058210597,2.295854139685335
many_moving,487,9121,112.37371663244353,46.05008550902642,3192,39.3264887063655,46.433408779423864,42.79233829249959,21.691963705526803,19.0408320006206,16.859631547535813,8.47491562509149,2.3006724396598406,43.168201938654775,20.967097027182856,18.424749756234814,15.972775818626442,8.528638937760864,2.297389028767529
many_moving,488,9148,112.47540983606558,46.10755860068529,3200,39.34426229508197,46.38759749004993,42.83349026459403,21.667287635071435,18.998450751475815,16.87580442798453,8.494626784352874,2.3126495187645872,43.11447740225714,20.960375234936603,18.444429809319292,16.04165397427433,8.655428477635326,2.4034106808792344
many_moving,489,9156,112.34355828220859,46.0734256248156,3207,39.349693251533736,46.398464141783904,42.82443368577201,21.58820787585424,18.957989394100057,16.854730494169658,8.581638808396729,2.330297632004055,43.129092288910826,20.957970820359268,18.44097082782566,16.044676311676128,8.713854557113468,2.3119676483623848
many_moving,490,9184,112.45714285714286,46.03986199133571,3215,39.36734693877551,46.411073074373746,42.77397101436757,21.563905624848818,18.94637288084054,16.860561769421228,8.535000708957144,2.304496295262636,43.14382095224771,20.97218930087254,18.4587423283213,16.01450687419817,8.635810988449293,2.3016413307298933
many_moving,491,9192,112.32586558044807,46.03110107285693,3226,39.42158859470469,46.42185188728662,42.78499296242103,21.599958477024913,19.00118821591043,16.808045602157687,8.527775556620552,2.328978661628993,43.126022636101865,20.942965593041503,18.380727292842813,16.01400328725371,8.565892351967499,2.297763748587278
many_moving,492,9220,112.43902439024392,45.99253208727944,3233,39.426829268292686,46.42993100588971,42.73444478968666,21.66473161351225,19.049360138342013,16.79533478952303,8.553276573325872,2.3540450422678947,43.11599066163128,20.947216133970787,18.37900872698266,16.042459597219985,8.573430309269803,2.3006328692966305
many_moving,493,9228,112.30831643002028,45.968846330537716,3241,39.44421906693712,46.39885424986484,42.70199160375382,21.69495821210078,19.111333985705976,16.83089047518932,8.56491636777355,2.3444816190644353,43.06403096182436,20.960140609283073,18.427406988236196,16.076853109168,8.570200105532628,2.2917550972931937
many_moving,494,9255,112.40890688259111,45.99591858372767,3249,39.46153846153846,46.38995018176405,42.7221214264181,21.677641166542653,19.10767066696028,16.836254214932563,8.574177705038855,2.350067917902265,43.05182563350395,20.93091425711247,18.412555790749273,16.08082153706587,8.543770616778943,2.33943433581272
many_moving,495,9263,112.27878787878787,46.015832670697094,3249,39.381818181818176,46.3856336773766,42.7579041568635,21.74754628515162,19.1510937273917,16.839079761902042,8.494702777004644,2.3407499797929128,43.044510309355154,20.912827043080284,18.398303456244143,16.065706119620092,8.505568179800445,2.3434656266607954
many_moving,496,9291,112.39112903225805,46.044732923858646,3251,39.32661290322581,46.36410241084451,42.78956909331801,21.74519480913992,19.09737367509033,16.84912608820769,8.59632244284266,2.3357472550356873,43.02052057499891,20.90413425841795,18.39763880003034,16.061408792817716,8.44485882581571,2.3453229325580836
many_moving,497,9299,112.26156941649899,46.054896146433975,3253,39.271629778672036,46.35869599262213,42.79428318334328,21.681272531872324,19.048058827609957,16.80621494357336,8.531898771017246,2.3344362523716433,43.01170968253915,20.907343786238172,18.40896002047687,16.058806337858293,8.409780954422795,2.3478967056159377
many_moving,498,9327,112.37349397590361,46.045990798762425,3253,39.192771084337345,46.35254609234568,42.79274503063796,21.684091170612525,19.077612986209353,16.787133149257617,8.49717680765961,2.357351795956144,43.00201276320264,20.906649974782017,18.406946648414007,16.045343464413424,8.35041605185082,2.3477399800042114
many_moving,499,9335,112.24448897795591,46.04352917855064,3253,39.11422845691383,46.34229880024403,42.769224564798414,21.626752356217494,19.007900968090883,16.81164814737985,8.399295118837312,2.3372307337600757,42.986658189251145,20.908859391647837,18.41492662205694,16.044735682130547,8.317950668981965,2.3521362346661543
many_moving,500,9361,112.332,46.04045437017039,3256,39.072,46.31701853982782,42.755045952061764,21.658755401824774,19.008955445131537,16.827135089048877,8.514072990802276,2.3457255720795986,42.92004540517392,21.009264724992136,18.52167706045366,16.048905818171374,8.422593844875696,2.4011141752738476
many_moving,501,9365,112.1556886227545,46.053816879947604,3260,39.041916167664674,46.31353293220997,42.76408017461629,21.654758906915575,19.007682395958703,16.834390277499477,8.58010768806891,2.3345800314696796,42.9303727676259,21.017279456616546,18.5224034892176,16.047579795192853,8.434097843358881,2.3640640418275343
many_moving,502,9393,112.26693227091633,46.042349423755994,3265,39.023904382470114,46.31203523745854,42.78343129112751,21.613300826758525,19.00263981060555,16.83231563483242,8.518445976382852,2.319272227933013,42.9409594193191,20.929085387321678,18.460847364811467,16.0400987702479,8.316748144867283,2.35830724273636
many_moving,503,9399,112.11530815109344,45.98440743158263,3269,38.99403578528827,46.30188745214775,42.72193888380606,21.64278984013915,19.031248640784753,16.85022373654309,8.531400336029222,2.319564331375645,42.92030771172746,20.985370012346294,18.50717667139205,16.047915772474425,8.362090295342343,2.3668115611706098
many_moving,504,9426,112.21428571428571,45.976187786244886,3273,38.964285714285715,46.292045414102226,42.70000427144156,21.635973694861505,19.015995663951806,16.849629437275844,8.537825386770589,2.3270489358322943,42.90047076522467,21.025609839019978,18.548153772332018,16.050655826811404,8.395938089477683,2.3688209855390565
many_moving,505,9432,112.06336633663368,45.993112887030655,3277,38.934653465346535,46.28364283807384,42.710669610179664,21.609513354956405,18.970042021379765,16.83446060254654,8.530157152432036,2.343016209798197,42.89211236193079,20.971152583364656,18.52035263280911,16.051149232776385,8.288287027862399,2.3608749699704936
many_moving,506,9459,112.16205533596838,45.99945899822032,3283,38.92885375494071,46.27799198636707,42.74743860686273,21.590135501475853,18.969031669600273,16.815956949228248,8.483405203216325,2.341721398062809,42.8835643436865,20.993740562355935,18.545066507639934,16.055024009587417,8.286096265341365,2.3711289328169385
many_moving,507,9467,112.0355029585799,46.01470752676441,3285,38.875739644970416,46.27209195587277,42.74377501862502,21.677720766709488,19.02955279379745,16.86869181079907,8.602910155121004,2.3242233384854574,42.874519826086186,21.01364403871037,18.565263406503583,16.06092681426596,8.276203815977446,2.371183354139657
many_moving,508,9495,112.14566929133858,46.02564838241131,3286,38.811023622047244,46.2662529944703,42.737410047051625,21.693510059641838,19.049725805657204,16.903421791528817,8.58193954824947,2.3088975434695036,42.865121138266275,21.02703678363761,18.581633185852457,16.06445630468298,8.269200500864804,2.3742595085020226
many_moving,509,9502,112.00785854616898,46.01129815327364,3289,38.77013752455796,46.25030154823242,42.719829337945825,21.697145700323514,19.040567025921554,16.890636525966368,8.564116722815895,2.320125752086175,42.857980220261666,21.000480567472852,18.549541812457566,16.062339228338928,8.321152769131306,2.3748715675072236
many_moving,510,9528,112.09411764705882,46.04294108102043,3289,38.69411764705882,46.233780136520366,42.75997981978459,21.75055261354212,19.079715371743468,16.858784454880226,8.700436351701699,2.3575216276990085,42.845870154131156,20.98456282606582,18.534428965304024,16.061920407690025,8.3375210497218,2.3744823826044423
many_moving,511,9535,111.9569471624266,46.05419636306219,3291,38.641878669275926,46.23184534272731,42.79533316337128,21.73405808458703,19.094376685422905,16.82632873512522,8.56315793783717,2.343939225371308,42.84474494580228,20.974997327978095,18.526457401979165,16.057173742409983,8.369788764196464,2.377245389862042
many_moving,512,9564,112.078125,46.0368436981154,3293,38.58984375,46.26582799885539,42.77647983498951,21.779286517155505,19.12760404319695,16.827151571726965,8.578603944973365,2.3414062807620555,42.89129054013923,20.966297376985604,18.48540748296322,16.02170438678526,8.309381445087892,2.38162583391075
many_moving,513,9570,111.92982456140349,46.04132037047557,3293,38.514619883040936,46.28239720196593,42.81013265520771,21.721917789810007,19.061412356552445,16.797954491009712,8.593328766289012,2.3415345984481024,42.914790535954666,20.962904086080055,18.469333651534303,16.01418151453006,8.315693357784033,2.381216476205872
many_moving,514,9598,112.03891050583657,46.02343984333408,3293,38.43968871595331,46.29446974549337,42.79708607115158,21.624567835943854,18.96254959671554,16.80238418022057,8.485871365069004,2.312600452083053,42.93249114803227,20.9596139302684,18.455614369329787,16.01118011643401,8.32669871571503,2.3784965145442456
many_moving,515,9606,111.91456310679611,46.018892167088964,3293,38.36504854368932,46.30446635892416,42.76669056241534,21.705992038808304,19.04498757137012,16.84990125352184,8.602312368295218,2.354076518464596,42.94733396215639,20.95662551249474,18.44345366669439,16.009956339610362,8.338909354153582,2.3756171770759718
many_moving,516,9633,112.01162790697674,46.05209465650173,3293,38.29069767441861,46.313307550416496,42.80242489830634,21.75322823739764,19.08654992005915,16.84626676021244,8.784802793438297,2.3483367518613694,42.960459111474826,20.954007010516516,18.432649669779977,16.009466076076293,8.35124280892771,2.3727728941639192
many_moving,517,9641,111.88781431334623,46.07419777632614,3294,38.228239845261115,46.32134627082176,42.824643406500336,21.72633502374867,19.073361284530883,16.849490625760055,8.74093888932292,2.3235734008139426,42.97233201526789,20.951742174283055,18.423089134122215,16.009292730476943,8.363319577341498,2.370054505280301
many_moving,518,9668,111.98455598455598,46.08369380619228,3294,38.15444015444015,46.328721913832844,42.82473246591573,21.780950966096547,19.131560579286628,16.853478753275102,8.702609906526204,2.318666928392173,42.983160686162684,20.949782816341774,18.414657677382717,16.0092615138404,8.374973251256025,2.3675010315468605
many_moving,519,9675,111.84971098265895,46.07163869555321,3297,38.115606936416185,46.379599522082295,42.79582725405571,21.691047998598858,19.026872833943596,16.830926402915157,8.536122418491479,2.320241616979913,43.03454405098618,20.936739894066623,18.3812689540832,15.994052345772555,8.353079122696695,2.382822213342777
many_moving,520,9702,111.94615384615386,46.035267702599256,3302,38.1,46.40553455359573,42.778436795903936,21.750740296303693,19.081864797868988,16.81393147790697,8.62217113053872,2.321643056412381,43.0681229664033,20.919987870086764,18.337596605384732,15.969709863178153,8.504853000975835,2.3814638544625573
many_moving,521,9708,111.8003838771593,46.045991149724394,3310,38.119001919385795,46.40332533193055,42.794944066560355,21.77110941103251,19.067780052839403,16.790409935831843,8.61243625204876,2.33959018240036,43.05876642582605,20.918528770763356,18.366379644901492,15.990916579031573,8.474248170540964,2.3652467694455512
many_moving,522,9737,111.91954022988507,46.06472962692132,3316,38.11494252873564,46.36268679369931,42.81449704093799,21.738254654569115,19.039454366130716,16.778351528957355,8.521391855665016,2.331074153307017,43.023069565905296,20.889644631448352,18.32983053528648,15.993466316916775,8.420613455297778,2.360479979423058
many_moving,523,9745,111.79732313575526,46.08122811490366,3321,38.09942638623327,46.328502877280506,42.85049516032182,21.811342087207162,19.140800316420535,16.82016026980482,8.776689551853675,2.3376525079416948,42.993830360705935,20.876502897450184,18.313478654568833,16.00095949527983,8.351912161809834,2.350755748760307
many_moving,524,9771,111.88167938931299,46.07706776985839,3329,38.11832061068702,46.38148551114635,42.827469727301114,21.847349197490438,19.198925233243763,16.858259748507578,8.838711118396331,2.326062609900651,43.04837046395092,20.862493368692387,18.303587684751232,15.973871339389612,8.426444337464172,2.358985588065014
many_moving,525,9778,111.74857142857142,46.04566811225693,3334,38.10285714285714,46.415674263306435,42.81241735150935,21.7638136180167,19.12664766351131,16.811107561794344,8.713836451474638,2.325762751884903,43.082402804132045,20.891977808274643,18.339416238420473,15.969786190029978,8.422290016020714,2.3301185965562947
many_moving,526,9805,111.84410646387832,46.025379017646635,3337,38.064638783269956,46.40773161243689,42.78023133519635,21.715757769150766,19.074727871301985,16.803330560571165,8.572781623878177,2.33145829911666,43.070376549082,20.884196005277662,18.355101866311298,15.97276536836188,8.475436624854336,2.3416376714389804
many_moving,527,9812,111.71157495256168,46.034571059898596,3339,38.01518026565465,46.415490359234894,42.77800118820083,21.698710267521882,19.05039435479689,16.79456420803709,8.570603424544847,2.333674050247686,43.07589036698107,20.883517392717845,18.36202167739205,15.977837101238809,8.50202671424006,2.3379809430579317
many_moving,528,9839,111.80681818181817,46.04141869570059,3339,37.94318181818181,46.42288223759072,42.77618772089126,21.732002800585718,19.09064570220233,16.78767434022048,8.595261375630525,2.3419484048447843,43.081831969527336,20.883979628729467,18.366786771813715,15.978054473376899,8.511648239784254,2.3378650052154146
many_moving,529,9846,111.67485822306239,46.02555038608227,3339,37.87145557655955,46.42802239616596,42.75149400307497,21.73000757192707,19.047088226187604,16.821150790254748,8.602105281511706,2.3123581078874365,43.08586535793929,20.884504600784584,18.370746454533865,15.97702486453064,8.515669840061346,2.3382778119674152
many_moving,530,9873,111.7698113207547,46.026598626596,3339,37.8,46.431170460292186,42.772184946854125,21.68533253455227,19.026680931780724,16.81802266711001,8.497629721129432,2.314235067411797,43.08813034028981,20.884808876253782,18.374007578607813,15.975687951573462,8.51701449452656,2.338849249887177
many_moving,531,9880,111.63841807909606,46.00395856626234,3339,37.728813559322035,46.43283935416534,42.7424211160252,21.68163104381767,19.045169190622524,16.8320643504598,8.519792969638983,2.316988431274855,43.089080152512295,20.884871542250742,18.376683895687314,15.974372253975828,8.516914473767338,2.339463358929772
many_moving,532,9908,111.74436090225562,45.96650096341925,3340,37.669172932330824,46.43347770482108,42.698713710776644,21.70747331342123,19.074024494250363,16.84704652170363,8.568674235687364,2.3279399574239705,43.08912708537076,20.884733032642472,18.378885405939595,15.973178115082263,8.515983852827352,2.3400686211187125
many_moving,533,9916,111.62476547842402,45.93776732522038,3340,37.5984990619137,46.43342246743579,42.63578541035574,21.764989427873005,19.110591706964332,16.866296303778128,8.523867298149133,2.335145082886678,43.08858266820152,20.884441767031483,18.380709114411907,15.972121465369362,8.514567889739826,2.3406437084721152
many_moving,534,9941,111.69662921348315,45.918281493713216,3340,37.52808988764045,46.43291333045222,42.64507143135375,21.77127369456088,19.150905792404394,16.85397250712198,8.404115514142703,2.333869416635016,43.08766751067332,20.88403976906246,18.382234847617905,15.971189128600173,8.512875538130585,2.3411812137412302
many_moving,535,9948,111.56635514018691,45.929827692323286,3340,37.45794392523365,46.432116622794666,42.66237677608283,21.73641447678208,19.10110725107761,16.847183781902068,8.501110215032934,2.345695839259571,43.086533186029996,20.88355992865448,18.383525476485843,15.970360222708557,8.5110383449632,2.3416799811103375
many_moving,536,9976,111.67164179104478,45.94888302395744,3343,37.42164179104478,46.43854149738103,42.70231714017184,21.67190709212503,19.044510145416076,16.836043794118876,8.465401776131293,2.3477466034179164,43.11380960274311,20.894027809769955,18.40525484350703,15.955640050345663,8.537373354152699,2.347480910006719
many_moving,537,9985,111.56424581005588,45.9667131537038,3344,37.36312849162011,46.441394395682686,42.71244026232072,21.636946211597376,19.01018235428752,16.841509277294147,8.366991458837925,2.3200635374287533,43.12798712549187,20.904057062243055,18.421082190854094,15.94762388438127,8.556814739173007,2.349063398993006
many_moving,538,10013,111.66914498141263,45.96226187383971,3345,37.30483271375465,46.44251332169487,42.70492641971498,21.690734763199238,19.04451522671761,16.84306726310493,8.47810121393534,2.3403968996643476,43.13540736039536,20.911636899498138,18.43195981350787,15.942953087111917,8.569879870897456,2.349482847890141
many_moving,539,10021,111.55102040816328,46.04762404077185,3348,37.26901669758813,46.4428555512916,42.80330215357763,21.71693293319925,19.05555709647246,16.811805889263262,8.447492564587922,2.321013784132247,43.13304388796905,20.901942385611857,18.423337655099516,15.935226093143582,8.625422492884436,2.360947063571859
many_moving,540,10048,111.64444444444445,46.061259243880436,3349,37.21111111111111,46.43551351939756,42.83793067888176,21.785020240301684,19.12859387778794,16.79999190011363,8.546421613031407,2.3253282344221224,43.12685529712819,20.893588624657944,18.416302609473032,15.932469529564306,8.65054585122434,2.36124573209715
many_moving,541,10054,111.50462107208871,46.0397505390636,3350,37.15341959334565,46.44216876583752,42.79021795592742,21.76166623299566,19.11399233539807,16.799625101971323,8.473824827194615,2.313608660021508,43.140594446572095,20.884650042743846,18.39223163260287,15.922326615842225,8.643580550605668,2.360030847440796
many_moving,542,10082,111.6088560885609,45.99157467084609,3352,37.1070110701107,46.438545141524365,42.73160867585548,21.745013712418334,19.08407966808445,16.807966606289078,8.514185810936972,2.3258155510464804,43.14184486710055,20.87830396926838,18.381851273837533,15.910041375756588,8.63380342491843,2.3636836195206836
many_moving,543,10088,111.46961325966849,45.95996952415738,3352,37.038674033149164,46.43519090080589,42.68070911996611,21.738681825825985,19.137838591285977,16.842035189176197,8.386374330722239,2.309084557359716,43.14223708345283,20.87455997155667,18.37769842798946,15.908299920912278,8.64634244606929,2.3641701591107105
many_moving,544,10115,111.5625,45.98639889145789,3352,36.970588235294116,46.43442919223967,42.7082961979569,21.72744714227305,19.149527243168922,16.82830350132505,8.438230996454191,2.339536268434461,43.14497329988185,20.871398086573883,18.37210215960626,15.907320167882144,8.65576815789286,2.3625203817390585
many_moving,545,10122,111.4348623853211,45.955485706192555,3352,36.902752293577976,46.43508350999224,42.66154299999933,21.66060635211082,19.05078031133908,16.827370922590283,8.423529481496006,2.3425213895520183,43.14867675057364,20.869038140158803,18.366991281103964,15.907041775675332,8.664285049358394,2.3607264773276433
many_moving,546,10150,111.53846153846155,45.9777056812167,3354,36.857142857142854,46.467236831609725,42.710673597720465,21.66273747136822,19.0567060331734,16.795883824187946,8.480151471906025,2.353165515178319,43.18071121325683,20.873411059326013,18.372521169310268,15.894564301044774,8.705411510764778,2.351972228636206
many_moving,547,10159,111.43327239488116,45.97196655255781,3359,36.84460694698354,46.41487410141326,42.713020574201536,21.693846211522217,19.10308087878711,16.790807497279232,8.49938908601779,2.343959430031033,43.135145795502396,20.86449402332216,18.36433315205204,15.911958171757224,8.604763603989076,2.3513172574062216
many_moving,548,10187,111.53649635036497,45.95735162804984,3363,36.82116788321168,46.4099635699004,42.68070398900166,21.666578381809217,19.071121992265432,16.806686268781068,8.363892430470672,2.339024590399814,43.13245981772039,20.86163618821929,18.35744066791928,15.919562983020711,8.636230771300282,2.3558742923963982
many_moving,549,10194,111.40983606557377,45.97916184600658,3367,36.79781420765027,46.379099781210165,42.718812918134276,21.69976387808008,19.104628043404816,16.79987686898644,8.537308947927924,2.3565463957002564,43.105694007860095,20.850123350524175,18.356220664043043,15.91729044413852,8.534618685753165,2.3485626319336697
many_moving,550,10222,111.51272727272729,45.95385159672087,3371,36.77454545454546,46.38104844337664,42.68972004842332,21.683596524334465,19.101931512316376,16.815075901921958,8.49368891342136,2.3560304001696815,43.10848705772972,20.86310581747201,18.371475849570807,15.928869334663862,8.528846339071771,2.3486208517398324
many_moving,551,10229,111.38656987295825,45.98395372419642,3378,36.78402903811252,46.38199413018549,42.737155029956384,21.754702119999468,19.181158426546162,16.802566506183336,8.563478734071202,2.3629042319880242,43.082174498908486,20.800145566146686,18.29004514048159,15.93345274627656,8.480467415355852,2.3421421416599135
many_moving,552,10258,111.5,46.00252371365607,3383,36.77173913043479,46.37149885642654,42.74802048390375,21.80812007105798,19.2210078988795,16.807300475142675,8.646255421709498,2.3674559489092775,43.05628494684607,20.78108647214605,18.27822809140527,15.952496472634971,8.385989515742995,2.334895016620868
many_moving,553,10266,111.38517179023508,45.995174088623514,3386,36.7377938517179,46.388392908434795,42.7437993755567,21.706957703404363,19.14118512759854,16.805950931923253,8.63303283958197,2.3481201403417327,43.06322575807059,20.760889724558233,18.25759169989406,15.955060653882224,8.430917043379553,2.342947209356865
many_moving,554,10294,111.48736462093865,45.97238689323696,3389,36.70397111913358,46.39372709301623,42.72527399876418,21.740957161482836,19.15209107864691,16.81646225106636,8.757896574860212,2.3574822974575738,43.052881277393666,20.78124464715124,18.25138430486679,15.98077599439651,8.445622077741037,2.3365121946006493
many_moving,555,10300,111.35135135135135,45.97842049260494,3390,36.648648648648646,46.36458327538716,42.7417355072078,21.724259072891364,19.141488842000776,16.817886124424184,8.715456090687468,2.3347071795129692,43.01795710208087,20.792672551501344,18.253132755397026,16.010280381562968,8.377727029786573,2.3326421785746225
many_moving,556,10327,111.44244604316546,46.00665696644751,3391,36.593525179856115,46.32744530353636,42.74311584068648,21.66518029647613,19.0771201700254,16.828598018138113,8.58959725701518,2.3357958721011562,42.9714820767022,20.802316167632288,18.27477470725298,16.04244077404411,8.359254947578139,2.33455536075192
many_moving,557,10334,111.31777378815082,45.97708137252169,3392,36.53859964093357,46.30397855989919,42.69090653186099,21.706823878231006,19.084145274711155,16.814102547035386,8.57902869235723,2.321423846102126,42.94290814961478,20.805959777154506,18.282058293778174,16.05523312399459,8.334375499176026,2.3383778939631257
many_moving,558,10362,111.41935483870968,45.96869115573636,3392,36.47311827956989,46.28775293052009,42.69218825898862,21.71729770040392,19.098996167224954,16.787351988608105,8.525159191734952,2.3443447950490293,42.923508348953696,20.807081652647835,18.28459619644257,16.06113584423798,8.31362580965471,2.3405314475393277
many_moving,559,10369,111.29516994633275,46.05873687724635,3392,36.40787119856887,46.27584015395749,42.815392285826064,21.737147812081556,19.111492723122115,16.74440652263448,8.604989859050855,2.366562592445174,42.90943512398439,20.8071144655338,18.28565238488705,16.063936958827792,8.297492767214939,2.342084329157661
many_moving,560,10397,111.39642857142857,46.11530957176683,3394,36.36428571428571,46.267282155883784,42.873960571934404,21.758101071601672,19.12336268708934,16.731522014689496,8.678454634356335,2.3466777503459677,42.899138017208145,20.807242584506895,18.286573672251926,16.06519494329642,8.285230865519186,2.313958997546485
many_moving,561,10405,111.28342245989305,46.097088222467626,3397,36.331550802139034,46.265260360605595,42.86787573161648,21.683397723196467,19.054855708066704,16.733422645895413,8.651577090726773,2.3331197161394717,42.89527816313426,20.809468600169634,18.287326432314376,16.0737782828534,8.285215126300383,2.343474311957374
many_moving,562,10434,111.3950177935943,46.055665745456416,3405,36.35231316725979,46.24327853724255,42.81191880868191,21.630518265666066,18.987497980669414,16.760867224401895,8.612849947023562,2.3338680543151793,42.87309795816252,20.793894449964487,18.26203021853582,16.099588545640756,8.317894194163403,2.405037656966669
many_moving,563,10440,111.26110124333925,46.02106303047381,3412,36.36234458259325,46.245622800486856,42.73690431630821,21.662852081113222,19.020949682751557,16.80175587953959,8.555526989459672,2.330586003957902,42.87445937870227,20.804339319291884,18.282209716756704,16.08428671151606,8.287321214327939,2.3359711604933064
many_moving,564,10468,111.36170212765957,46.05815343692556,3419,36.37234042553191,46.26136869912313,42.77332586785946,21.685286792571624,19.054944051962174,16.789660332374492,8.522276472986764,2.3393926301975396,42.88840659321504,20.816205708603466,18.294736726395463,16.09207865553589,8.288473678216977,2.337042617027933
many_moving,565,10475,111.23893805309736,46.008766982308735,3425,36.3716814159292,46.230306034131786,42.735733899981824,21.662446210012885,19.06947618000654,16.806715929250178,8.444281021587969,2.3411477254890314,42.85769256217097,20.789133987290498,18.261390435658747,16.089560884232945,8.283271663167714,2.3423011760221724
many_moving,566,10503,111.33922261484098,45.99950884302142,3434,36.40282685512367,46.23660499867373,42.74675670911235,21.655218885828948,19.063128122823365,16.800428143803778,8.59576582295244,2.3507607654681615,42.89682887370093,20.81652130207114,18.31011847938809,16.06393185341723,8.325762276313036,2.342551281344452
many_moving,567,10512,111.23809523809526,46.02487497038556,3439,36.39153439153439,46.24660753577901,42.78090279095737,21.716943073694456,19.110261439430253,16.803418841760575,8.657881537739971,2.3479971749937407,42.9238403400512,20.84245253890359,18.342729282886594,16.057979955319126,8.370463543940616,2.342279817251696
many_moving,568,10538,111.3169014084507,46.043791432191014,3443,36.36971830985915,46.26294031107648,42.79372076796295,21.705326118004272,19.07481503153326,16.817322570431017,8.594573706001581,2.3532869179803977,42.94900003392521,20.867522634366193,18.36589143905241,16.0514848738239,8.372282663971278,2.3398097516660115
many_moving,569,10545,111.195079086116,46.04972734782292,3445,36.326889279437616,46.2817210650456,42.791038808192575,21.7317587312683,19.05775835216601,16.81432809144002,8.592116645043578,2.3559450582409913,42.97803403303218,20.87342864447178,18.373447135797264,16.051026789902192,8.38127491559191,2.335112358711429
many_moving,570,10572,111.28421052631579,46.024756250575656,3446,36.27368421052632,46.29243484336724,42.789800536905794,21.706568230229948,19.043450999890258,16.806353033387968,8.55702409857131,2.348985896205569,42.9940423746908,20.877638265214124,18.379901499155647,16.04937665662778,8.392217398148167,2.335180581954262
many_moving,571,10579,111.16287215411559,46.04057404029747,3446,36.21015761821366,46.32500964276746,42.82093557292157,21.705286410694164,19.073763786441845,16.823398460017142,8.585155261601214,2.332248570578516,43.02853011190569,20.899825687089464,18.408783429843332,16.05119347277234,8.401748262812994,2.331778366423408
many_moving,572,10608,111.27272727272727,46.06634421439362,3447,36.15734265734265,46.34299061702904,42.810381945086434,21.740393248311012,19.089984624124593,16.84697554726556,8.68627644819158,2.32324053582032,43.04714758969483,20.91233341950533,18.42502367189026,16.052184535697975,8.408774077606196,2.3334613684864793
many_moving,573,10616,111.16230366492145,46.03704662172623,3447,36.09424083769633,46.35305929921093,42.80290488456423,21.72391463646464,19.079331996362093,16.82371938651085,8.62978454319187,2.336163019383171,43.057185784529125,20.91957099166944,18.43454879860895,16.05265793531529,8.41309720167267,2.33442182080862
many_moving,574,10644,111.26132404181186,46.02210722855071,3447,36.03135888501742,46.35875211468851,42.784356029320364,21.70716304448723,19.0387917430876,16.819440775334904,8.699605970449829,2.332445902902653,43.06249513690488,20.923898071462144,18.440431081580336,16.052738479559704,8.415250043451147,2.3350700139688088
many_moving,575,10652,111.15130434782608,45.97158729633295,3447,35.968695652173906,46.36198570221243,42.737907633937745,21.700044567427565,19.090236450727097,16.84129747818094,8.566747242120323,2.329737366987513,43.0651638416015,20.92658540540353,18.44427700291377,16.052537174909606,8.415877477634748,2.335587002743352
many_moving,576,10680,111.25,45.94806316816255,3449,35.927083333333336,46.395822322030554,42.70406012439575,21.6900229589747,19.067847922511096,16.852711884340067,8.54378619807586,2.343574696521215,43.096041574154086,20.933827770138176,18.455559049428828,16.038710088685352,8.44681129778779,2.3320551660057878
many_moving,577,10689,111.15077989601387,45.96437378082234,3454,35.91681109185441,46.39854070675815,42.71740959362438,21.71166465873555,19.08713821553302,16.869823051874707,8.601374704171842,2.334694796310432,43.09771740047446,20.929952931853766,18.447824560878107,16.02779232826782,8.428045170672544,2.3364570736262626
many_moving,578,10717,111.2491349480969,46.011459448326654,3458,35.8961937716263,46.446813442233136,42.746420202464115,21.671652729675873,19.02539220635169,16.874017213380274,8.627751481605914,2.3370668227925204,43.1403295417795,20.93553524252159,18.45882072018426,16.018572341247047,8.575375405530249,2.3524352281550676
many_moving,579,10723,111.11917098445595,46.02674596721414,3461,35.865284974093264,46.471948531371005,42.77331889722543,21.77691040699763,19.106744964559798,16.816321101095866,8.544028910398096,2.3368534582357654,43.16405475501025,20.947683121030124,18.475178273370478,16.015134354212705,8.58849827521854,2.3448761560101667
many_moving,580,10750,111.20689655172414,46.040494390451144,3464,35.83448275862069,46.486102529821,42.806845769434105,21.719708076219913,19.040249705567796,16.779522333301678,8.522922342680596,2.3473539536777284,43.177733807897496,20.942443717579902,18.45708564717143,15.986985913578042,8.522163458054496,2.33734675337921
many_moving,581,10758,111.09810671256453,46.0153449840296,3472,35.855421686746986,46.47121988181859,42.73992681847843,21.68135334076111,19.040398619469983,16.83318696265977,8.531468986139767,2.3443202633397195,43.18211527255823,20.941962251324533,18.49984128416928,15.988667810865783,8.427088779941299,2.3390844254794034
many_moving,582,10786,111.19587628865979,45.94974542046429,3477,35.84536082474227,46.43150773965457,42.66811529496984,21.67194387085228,19.07081960038435,16.866696186029525,8.456587215486696,2.3258136476961897,43.15575737587251,20.915468493068346,18.498199192587798,15.980534098495811,8.472279502080356,2.369929427633235
many_moving,583,10789,111.0360205831904,45.91499400311227,3481,35.82504288164666,46.45804568137695,42.61455150156384,21.66413904599025,19.06712337728241,16.86191883757506,8.337763199607164,2.342310999829434,43.18825765815156,20.91771870656825,18.494440624267362,15.96063333143201,8.509742308412402,2.3729416885582713
many_moving,584,10817,111.13356164383563,45.88514618473858,3483,35.78424657534247,46.45057053258678,42.600007951251705,21.680191634994888,19.081917059491893,16.849268467282368,8.395951496376032,2.3529711257556163,43.19102510615603,20.900309707042233,18.47194435826712,15.950982176135144,8.59843771167849,2.376933721542178
many_moving,585,10824,111.01538461538462,45.920220205765474,3484,35.733333333333334,46.40356524322106,42.65219555119147,21.621400839113658,19.045777937697967,16.838647868150787,8.32630442535137,2.343873483629087,43.154248715780014,20.890599723436154,18.461923817574263,15.963212654678793,8.527826036469058,2.3633075668686554
many_moving,586,10851,111.10238907849828,45.928710493037386,3484,35.672354948805456,46.40433071355237,42.65356123957183,21.60155307847013,19.014578259870866,16.844537409984316,8.368717442485375,2.3376241244913643,43.17144812540412,20.877674243565387,18.418045460999064,15.955775703291398,8.474160743474833,2.356968322525427
many_moving,587,10860,111.00511073253833,45.94786693172168,3485,35.62180579216354,46.405105412823126,42.66542800379964,21.62499979670984,19.055910210002715,16.855328396090904,8.406576218091084,2.3473069012188774,43.181970121031426,20.871652533747213,18.39737593745265,15.963100228114316,8.467063111938556,2.348714500135997
many_moving,588,10888,111.10204081632652,45.957656555177756,3485,35.56122448979592,46.40766469677158,42.66275002587716,21.687588218877192,19.1097138895104,16.86157758710486,8.452757597742995,2.3547184547841904,43.190970109179084,20.86893462078483,18.386884869320646,15.972914489951414,8.477574324903705,2.342636265552133
many_moving,589,10895,110.98471986417657,45.94330164782689,3485,35.50084889643463,46.41187411266153,42.65332123861681,21.69627657879066,19.07638787327034,16.82925415460738,8.454593507909676,2.3623887427442716,43.19973466833317,20.86799236014035,18.38134161676847,15.982192561039406,8.493990403382675,2.337847196341743
many_moving,590,10922,111.07118644067796,45.92966292512762,3485,35.440677966101696,46.417146610735685,42.649562623341296,21.65056154320091,19.022280653966444,16.808824921185597,8.437718912998905,2.3545695915490548,43.20834589830874,20.86805218981377,18.378438489741484,15.990096907374065,8.511560826532165,2.333947411342843
many_moving,591,10930,110.96446700507614,45.984962490752956,3485,35.380710659898476,46.42293664922637,42.73376537181685,21.694822210047,19.10595095881467,16.776721097318255,8.524269893143828,2.35685850172746,43.21661885788066,20.86867412310282,18.377026267694816,15.996535027995428,8.52834120572437,2.3307272010645215
many_moving,592,10958,111.0608108108108,45.95537432908141,3489,35.361486486486484,46.40290237191465,42.69159441660682,21.69607202851016,19.119987116193755,16.79892163662539,8.509664752151066,2.35143074217747,43.19975317754852,20.848424992833113,18.345276430514847,16.020058895557458,8.576355292193956,2.3970826346615106
many_moving,593,10966,110.95446880269814,45.931802035622894,3493,35.34232715008432,46.38470601465927,42.65420607210562,21.742110115180562,19.15259553807972,16.83692828379987,8.547471949191085,2.3616788758605676,43.18374726825662,20.824172364319267,18.307155335431926,16.036178243621958,8.610505045940279,2.395793951570108
many_moving,594,10993,111.04040404040403,45.91244760257794,3497,35.32323232323232,46.40199402910983,42.630203435267724,21.741511009000845,19.15861743885703,16.855669720814458,8.516233704098124,2.3626080679445156,43.20238702465271,20.841500655849675,18.336977878397104,16.023995116270743,8.59966889915737,2.305632728399136
many_moving,595,11000,110.92436974789916,45.94930319798113,3501,35.30420168067227,46.407750119083374,42.65472196779381,21.680164378067737,19.061600756343648,16.85172522277719,8.429563779491012,2.3419879535624384,43.209048396880796,20.84075029896736,18.33737545842522,16.01887333220784,8.597649424738826,2.3145029398884454
many_moving,596,11028,111.02013422818791,46.02593670731582,3509,35.3255033557047,46.42325247577893,42.766589057034174,21.74262582297294,19.11100004143721,16.80626686571588,8.534036636315689,2.364322019998331,43.20045289832171,20.89287229198791,18.358287347417225,16.056521895290516,8.675821264948572,2.3036346743495897
many_moving,597,11035,110.90452261306534,46.03048420873774,3515,35.32663316582915,46.41663054659648,42.79666924319495,21.740459883509153,19.092797243893568,16.77850272354365,8.718908862937377,2.364838420566116,43.171855179490514,20.942061207224413,18.38429479676956,16.080446614338985,8.742701457368298,2.2923117623162375
many_moving,598,11063,111,45.98024481386236,3520,35.31772575250836,46.4083433509079,42.72217166615529,21.7214621625555,19.06291120848465,16.809648118025564,8.583772414246074,2.3344570986166104,43.13949205274392,20.975585366766524,18.371737018413167,16.06936928755749,8.744109189300433,2.301422978062334
many_moving,599,11071,110.89482470784641,45.94871874792234,3526,35.31886477462438,46.418815303203544,42.689154997014164,21.82786118586157,19.18224612092229,16.82085606285416,8.63460279553776,2.343021428695764,43.128369125749416,21.03078986932178,18.417784826758954,16.04569393503408,8.688606412902384,2.291706287668918
many_moving,600,11098,110.97999999999999,45.93602499942221,3527,35.269999999999996,46.441323866918715,42.69371808824949,21.744937199709504,19.111092811831924,16.823752283888503,8.543112239221822,2.3476877454381593,43.134263733733405,21.051634941702307,18.417355514642814,16.02594682116117,8.738251270133158,2.297254908044158